{
"type": "FeatureCollection",
"name": "zup_susjedi_zup_Voronoi_clip_zup_Voronoi_clip_5",
"crs": { "type": "name", "properties": { "name": "urn:ogc:def:crs:OGC:1.3:CRS84" } },
"xy_coordinate_resolution": 1e-15,
"features": [
{ "type": "Feature", "properties": { "fid": 180, "Rbr IJ": 3, "Naziv izborne jedinice": "III. IZBORNA JEDINICA", "Rbr.županije": 5, "Županija": "VARAŽDINSKA ŽUPANIJA", "Oznaka Gr/Op/Dr": "općina", "Grad/općina/država": "BEDNJA", "Rbr BM": 13, "Naziv BM": "JEŽOVEC GORNJI", "Lokacija BM": "DRUŠTVENI DOM", "Adresa BM": "JEŽOVEC BB", "Ukupno birača": 130, "Glasovalo birača": 52, "Glasovalo birača (po listićima)": 52, "Važeći listići": 52, "Nevažeći listići": 0, "Latitude": 46.2418338, "Longitude": 15.8956856, "ID_u_zupaniji": 180, "ID_global": 1544, "neighbours list": [ 1541, 1539 ] }, "geometry": { "type": "MultiPolygon", "coordinates": [ [ [ [ 15.909213507772131, 46.228101583580248 ], [ 15.908900764943926, 46.228154580639014 ], [ 15.908473236962006, 46.228115930278982 ], [ 15.90848439129336, 46.228211989217414 ], [ 15.908259523053898, 46.228387532553846 ], [ 15.907820531625818, 46.228486479153219 ], [ 15.907173628969726, 46.22840152094183 ], [ 15.906730689355527, 46.228457615721894 ], [ 15.906454049532538, 46.228384111406676 ], [ 15.906072918963801, 46.228106364680428 ], [ 15.905506712657495, 46.227968462215557 ], [ 15.905329665737163, 46.22783258186432 ], [ 15.904582779995669, 46.227907420816223 ], [ 15.904180460974775, 46.227624159014908 ], [ 15.903888651667085, 46.22761139119617 ], [ 15.903870126646444, 46.227813733945766 ], [ 15.903559067147608, 46.228082030653056 ], [ 15.903432774398233, 46.228431186856199 ], [ 15.903130024024708, 46.228590208498929 ], [ 15.902709811359651, 46.228893112390111 ], [ 15.902546026308865, 46.22905276844633 ], [ 15.90256609468476, 46.229341956633768 ], [ 15.901984873869353, 46.229547655219427 ], [ 15.901454195591723, 46.229802380843672 ], [ 15.900698828937772, 46.229903062232204 ], [ 15.90022995581646, 46.230612469798501 ], [ 15.899893658401714, 46.230695279636073 ], [ 15.89945320867789, 46.230996175797699 ], [ 15.89864878435502, 46.231360836590909 ], [ 15.898303079048359, 46.23161580055087 ], [ 15.897024255970527, 46.232074673062669 ], [ 15.895914169712503, 46.232573291285711 ], [ 15.894177587476022, 46.233354424628594 ], [ 15.893685631612437, 46.233665372392132 ], [ 15.892985240216618, 46.234006702047203 ], [ 15.892893363838521, 46.234131636480285 ], [ 15.892485043689634, 46.234287819814213 ], [ 15.891564084071506, 46.233773495338262 ], [ 15.889969784008251, 46.233628420423685 ], [ 15.889025218523798, 46.233772281626827 ], [ 15.888564017186509, 46.233751011597079 ], [ 15.888030543816164, 46.233723054757242 ], [ 15.887589027906523, 46.233563957617044 ], [ 15.887273124294442, 46.233325456118735 ], [ 15.886944317792777, 46.232790513576631 ], [ 15.886676327064958, 46.232488026605708 ], [ 15.886127084558593, 46.232259246550555 ], [ 15.88546160197316, 46.23189811861436 ], [ 15.885337532507114, 46.231665411281099 ], [ 15.885168850489682, 46.231375960845568 ], [ 15.885109998820704, 46.23098048290916 ], [ 15.885066296039431, 46.230842229256901 ], [ 15.884695819055406, 46.23080262719791 ], [ 15.884629622276364, 46.231053115639583 ], [ 15.884635682544333, 46.231322887316935 ], [ 15.884539444296076, 46.231836744875082 ], [ 15.884419124588771, 46.232080733633545 ], [ 15.884182130761159, 46.232242488344284 ], [ 15.884216118091501, 46.232391486729625 ], [ 15.884052094215765, 46.23249722111715 ], [ 15.883852531565074, 46.232546260707124 ], [ 15.883742907879688, 46.232633483470622 ], [ 15.883506540320125, 46.232738917059251 ], [ 15.883297970799958, 46.232781698974492 ], [ 15.883332666090386, 46.232913606563145 ], [ 15.883241672400853, 46.232969528761885 ], [ 15.883348428050454, 46.233126927528822 ], [ 15.883219235704118, 46.233352062764752 ], [ 15.883108333783831, 46.233564700327072 ], [ 15.883025440443824, 46.233695973427281 ], [ 15.88281700812478, 46.233726158985291 ], [ 15.882504856227742, 46.23412593275178 ], [ 15.882558122775837, 46.234220332156191 ], [ 15.882701191677366, 46.234365331393356 ], [ 15.882742781989183, 46.234691707897532 ], [ 15.882569602396602, 46.234803688792681 ], [ 15.882513932086468, 46.234935108514165 ], [ 15.882398246357081, 46.235018878241007 ], [ 15.882281722398695, 46.235177320861567 ], [ 15.881083455858478, 46.235648056597967 ], [ 15.881033854189548, 46.235965842373417 ], [ 15.88087209362388, 46.236076352958676 ], [ 15.880436026927757, 46.236089915816635 ], [ 15.880250829296541, 46.236232058948637 ], [ 15.880158987327507, 46.236247396277548 ], [ 15.880111478842139, 46.236390285611414 ], [ 15.880245994916915, 46.236661473498138 ], [ 15.880516903141039, 46.237060532075127 ], [ 15.880514397330668, 46.237283201450431 ], [ 15.880624178923478, 46.237713326911738 ], [ 15.880845816945753, 46.237870810382859 ], [ 15.880712851047207, 46.23796843057864 ], [ 15.8808419247601, 46.238193792003166 ], [ 15.881008450392912, 46.238225104580152 ], [ 15.881003808752288, 46.238637875070033 ], [ 15.881275447037114, 46.238973324831605 ], [ 15.881317770381626, 46.239291697976284 ], [ 15.881453729919953, 46.23943558049514 ], [ 15.881615271129283, 46.239356918359078 ], [ 15.881889238307229, 46.239485621554877 ], [ 15.881863609217167, 46.239724091041602 ], [ 15.881699923777482, 46.239993574378317 ], [ 15.881699030394, 46.240073105559262 ], [ 15.881422688027746, 46.240167071910712 ], [ 15.88102998499601, 46.240403554487621 ], [ 15.879903939408456, 46.241312566332795 ], [ 15.880013085024494, 46.241465572277157 ], [ 15.879743363846845, 46.241776584948816 ], [ 15.879533484609537, 46.24175970084687 ], [ 15.87931269911372, 46.242112005671899 ], [ 15.879309171557763, 46.242470798171631 ], [ 15.879544867722565, 46.24252138265966 ], [ 15.87952562977264, 46.242721017926378 ], [ 15.879369504069595, 46.242824269048583 ], [ 15.879352538027133, 46.24323634243288 ], [ 15.879051238860244, 46.243333766435072 ], [ 15.879067240824083, 46.243421126976465 ], [ 15.878962359668776, 46.243487677014322 ], [ 15.878839617069083, 46.24364311302196 ], [ 15.878784844521542, 46.24377381582871 ], [ 15.878857821879796, 46.243856987324861 ], [ 15.879171298137095, 46.244542663264603 ], [ 15.879765047740293, 46.24480032902278 ], [ 15.879944590188211, 46.245151297067267 ], [ 15.879910348243415, 46.2461531381824 ], [ 15.879905330094905, 46.246598476161651 ], [ 15.879993556490513, 46.246917098338365 ], [ 15.880354940556371, 46.247428033455527 ], [ 15.880398469053629, 46.247650951920861 ], [ 15.880462900892748, 46.248033055445283 ], [ 15.880688316411479, 46.248400105895037 ], [ 15.880707511293188, 46.248734188654126 ], [ 15.880840807596609, 46.24911666489804 ], [ 15.880951281541227, 46.249499017386654 ], [ 15.880983948615906, 46.250676217233725 ], [ 15.881483451712556, 46.251156045848838 ], [ 15.881617207061437, 46.251948708962175 ], [ 15.881601129032656, 46.252329116443462 ], [ 15.88172983674902, 46.252451815491064 ], [ 15.88173581929847, 46.252600392721213 ], [ 15.881993287358128, 46.252829775503137 ], [ 15.882396735349388, 46.253007042448779 ], [ 15.882662703288917, 46.253172858951473 ], [ 15.882674674581716, 46.253469923331281 ], [ 15.882610544100299, 46.253729418055549 ], [ 15.882507973678676, 46.254004720254592 ], [ 15.882572612847284, 46.25439339128117 ], [ 15.882391854357774, 46.254816725913741 ], [ 15.882297421135391, 46.255060131546976 ], [ 15.882080292425361, 46.255314570459888 ], [ 15.882073917900637, 46.255882083302708 ], [ 15.882296597593649, 46.256253973796511 ], [ 15.882771696316528, 46.256868173475134 ], [ 15.88324874250309, 46.256858421661612 ], [ 15.883254564579552, 46.256952294490731 ], [ 15.883274312081001, 46.257238693820497 ], [ 15.883500722584508, 46.257510372535343 ], [ 15.883680281862379, 46.257877169175252 ], [ 15.883655186418192, 46.258067865738354 ], [ 15.883400336948171, 46.258273248560748 ], [ 15.883282290823049, 46.258574829739146 ], [ 15.883107028436246, 46.258900574609122 ], [ 15.882581536874781, 46.259145432460699 ], [ 15.882385764984363, 46.259160030284569 ], [ 15.882283614312621, 46.25936227657489 ], [ 15.881825724802905, 46.259708445376447 ], [ 15.881562155666598, 46.259730502805731 ], [ 15.881425422218493, 46.259847087311762 ], [ 15.880707706441553, 46.2603311230462 ], [ 15.879982380252844, 46.260660630112525 ], [ 15.879398628075743, 46.261237695806216 ], [ 15.879317194871616, 46.261637361594907 ], [ 15.878497940289288, 46.262619909596737 ], [ 15.878656248724022, 46.26310941076008 ], [ 15.878194411689599, 46.26396055899081 ], [ 15.87812324673178, 46.264288481545513 ], [ 15.87844604428496, 46.264663712666568 ], [ 15.878019832038193, 46.264921415253049 ], [ 15.87778674345987, 46.265113587795227 ], [ 15.877853011470442, 46.265207339850761 ], [ 15.877726377539192, 46.265346647851821 ], [ 15.87755849816774, 46.265725867685575 ], [ 15.877571908634145, 46.266168605212066 ], [ 15.87802626764322, 46.272998680039443 ], [ 15.913937444763613, 46.255057151215361 ], [ 15.9093551814934, 46.228197073768037 ], [ 15.909213507772131, 46.228101583580248 ] ] ] ] } },
{ "type": "Feature", "properties": { "fid": 170, "Rbr IJ": 3, "Naziv izborne jedinice": "III. IZBORNA JEDINICA", "Rbr.županije": 5, "Županija": "VARAŽDINSKA ŽUPANIJA", "Oznaka Gr/Op/Dr": "općina", "Grad/općina/država": "BEDNJA", "Rbr BM": 3, "Naziv BM": "ŠAŠA", "Lokacija BM": "KUĆA MARICE KREŠ", "Adresa BM": "ŠAŠA 49", "Ukupno birača": 145, "Glasovalo birača": 81, "Glasovalo birača (po listićima)": 81, "Važeći listići": 78, "Nevažeći listići": 3, "Latitude": 46.2159633, "Longitude": 15.9591375, "ID_u_zupaniji": 170, "ID_global": 1534, "neighbours list": [ 1539, 1535, 1532, 1537 ] }, "geometry": { "type": "MultiPolygon", "coordinates": [ [ [ [ 15.976949507273723, 46.199421848533319 ], [ 15.976893510986669, 46.199437697563809 ], [ 15.976090494078107, 46.199811458850611 ], [ 15.975374148193497, 46.200199198238892 ], [ 15.975243900540802, 46.200201839488052 ], [ 15.975033971297405, 46.200326208653109 ], [ 15.974938866757505, 46.200339447846773 ], [ 15.974481746308593, 46.200337347419257 ], [ 15.974076915986119, 46.20036850598143 ], [ 15.973874713727417, 46.200293887344394 ], [ 15.973540547203179, 46.200225318743968 ], [ 15.973241476954284, 46.200185882330572 ], [ 15.972746643986659, 46.200089758899594 ], [ 15.971996581657729, 46.200017557381464 ], [ 15.970587821463779, 46.200115051416212 ], [ 15.969838039381321, 46.200121743733057 ], [ 15.969487323058013, 46.200077019461716 ], [ 15.968995949699863, 46.200052964566261 ], [ 15.968363717282619, 46.199882405649959 ], [ 15.967986285472056, 46.199880649805522 ], [ 15.967609741884207, 46.19980035003978 ], [ 15.966666487863574, 46.199795953386534 ], [ 15.966024844990685, 46.19980870349351 ], [ 15.965585083508101, 46.20002132519221 ], [ 15.964979565941496, 46.200196640354278 ], [ 15.964736755266266, 46.200342160430111 ], [ 15.964251788266859, 46.200538819964898 ], [ 15.96384344839349, 46.200610323910098 ], [ 15.96343381300818, 46.200814801039932 ], [ 15.962771059116699, 46.201024655543677 ], [ 15.96239081102058, 46.201111581787096 ], [ 15.961199538267827, 46.201742085471864 ], [ 15.960561670604507, 46.202002159616654 ], [ 15.960138373613043, 46.202011588057516 ], [ 15.959473877018246, 46.201920724051746 ], [ 15.959003013524493, 46.201720105377923 ], [ 15.958448791525402, 46.201603035102288 ], [ 15.957444919618348, 46.201369292847367 ], [ 15.956600892954404, 46.201220606770114 ], [ 15.956152206578238, 46.201164129190168 ], [ 15.956015163325391, 46.20114602231483 ], [ 15.955806612569699, 46.201086636993736 ], [ 15.955534507447659, 46.201125379549751 ], [ 15.954825539696232, 46.201065227552256 ], [ 15.953506226369432, 46.200695615613043 ], [ 15.953352588286329, 46.200652503571185 ], [ 15.952944303715171, 46.200756089367488 ], [ 15.951802360221921, 46.200637882392044 ], [ 15.950813055255999, 46.200715369812094 ], [ 15.950275678182171, 46.201055765735603 ], [ 15.949998779239586, 46.20106810984953 ], [ 15.949879271052016, 46.201149860511251 ], [ 15.949721339225928, 46.201121658518879 ], [ 15.947563442653438, 46.201385580086459 ], [ 15.947244966377683, 46.201589809866384 ], [ 15.947027407061819, 46.201602523657826 ], [ 15.945838850709981, 46.201802537567048 ], [ 15.944900835655544, 46.202201067637027 ], [ 15.943533929964216, 46.202455075205656 ], [ 15.943234842131902, 46.202700506004916 ], [ 15.943056945419384, 46.202685963509268 ], [ 15.942895676594297, 46.203000624488936 ], [ 15.942993848454751, 46.203069752564581 ], [ 15.942864727368084, 46.203434415372406 ], [ 15.9425978088939, 46.203483589317344 ], [ 15.942597811322376, 46.203726787414141 ], [ 15.942115699825973, 46.203861015325984 ], [ 15.942153832020738, 46.203998410824489 ], [ 15.941834739777393, 46.204106440896325 ], [ 15.94167605876248, 46.204202927260845 ], [ 15.941637651747422, 46.204527633566052 ], [ 15.941306230021702, 46.204828864748826 ], [ 15.941102652216594, 46.20491820293303 ], [ 15.941022761065753, 46.205141935999691 ], [ 15.940717918657752, 46.205198477869459 ], [ 15.940736491742115, 46.205322012194927 ], [ 15.940319793592099, 46.205457182303981 ], [ 15.940116023434408, 46.205628843409983 ], [ 15.940085566744632, 46.205769502557658 ], [ 15.940115409570215, 46.205995391877686 ], [ 15.939945301486738, 46.206131588070249 ], [ 15.940013264671872, 46.206176817705476 ], [ 15.940149137736316, 46.206706256570804 ], [ 15.940514449113078, 46.207191561736543 ], [ 15.94062264048986, 46.207423052731585 ], [ 15.940918044697558, 46.207761537883215 ], [ 15.940930307129983, 46.208111234202484 ], [ 15.941353488635999, 46.208309894637729 ], [ 15.941770032348479, 46.209010572179139 ], [ 15.942224991858261, 46.209489201498279 ], [ 15.942250687049089, 46.209780210542078 ], [ 15.942304862322457, 46.209818263624058 ], [ 15.942302805270176, 46.210021503263974 ], [ 15.942218538400772, 46.210126720797319 ], [ 15.942303559149215, 46.210228715434106 ], [ 15.942322634228216, 46.210328768812182 ], [ 15.942432747291967, 46.210512581495145 ], [ 15.942394060765189, 46.210762428564173 ], [ 15.942848252244248, 46.211177980237309 ], [ 15.944026654231953, 46.212519190330859 ], [ 15.946148484574751, 46.214676250998146 ], [ 15.945717597919305, 46.214785999398465 ], [ 15.945520227027307, 46.214822291202047 ], [ 15.945181396193863, 46.214683978000721 ], [ 15.944466836592573, 46.21450667966343 ], [ 15.944036450056572, 46.21456666896988 ], [ 15.943353148787976, 46.214836592612379 ], [ 15.942815568882489, 46.214871222725947 ], [ 15.942382659555481, 46.215167193252022 ], [ 15.942164004559091, 46.215538705597695 ], [ 15.941534089676926, 46.215846217695599 ], [ 15.940710067999841, 46.215867021973317 ], [ 15.939992731129147, 46.215962840768398 ], [ 15.939648475120688, 46.216358565536147 ], [ 15.939468095122015, 46.216481934243753 ], [ 15.939679950974403, 46.216781053979496 ], [ 15.939658654440574, 46.217116279667223 ], [ 15.939370447637106, 46.217276368549008 ], [ 15.939190320917561, 46.217387231769962 ], [ 15.938598799536567, 46.217433993725031 ], [ 15.938044442430295, 46.2173443560186 ], [ 15.937525101235517, 46.217341802002828 ], [ 15.937295495944971, 46.217030174636434 ], [ 15.937010837475469, 46.216842438695082 ], [ 15.936979297396292, 46.216843157852672 ], [ 15.939263669025081, 46.220437879639135 ], [ 15.965583173078205, 46.228493749469919 ], [ 15.976357883001167, 46.209077570565732 ], [ 15.97700508689635, 46.199416127727467 ], [ 15.976949507273723, 46.199421848533319 ] ] ] ] } },
{ "type": "Feature", "properties": { "fid": 177, "Rbr IJ": 3, "Naziv izborne jedinice": "III. IZBORNA JEDINICA", "Rbr.županije": 5, "Županija": "VARAŽDINSKA ŽUPANIJA", "Oznaka Gr/Op/Dr": "općina", "Grad/općina/država": "BEDNJA", "Rbr BM": 10, "Naziv BM": "BREZOVA GORA", "Lokacija BM": "KUĆA ZDENKE GRABROVEC", "Adresa BM": "BREZOVA GORA 11", "Ukupno birača": 68, "Glasovalo birača": 26, "Glasovalo birača (po listićima)": 26, "Važeći listići": 22, "Nevažeći listići": 4, "Latitude": 46.2775924, "Longitude": 15.9135509, "ID_u_zupaniji": 177, "ID_global": 1541, "neighbours list": [ 1544, 1542, 1539 ] }, "geometry": { "type": "MultiPolygon", "coordinates": [ [ [ [ 15.878154586999592, 46.274927619024517 ], [ 15.878662843086916, 46.275247084824038 ], [ 15.879264291613849, 46.27541500113459 ], [ 15.879681076272028, 46.275746561844549 ], [ 15.879712376476315, 46.276215397396321 ], [ 15.879542569391287, 46.276683141715957 ], [ 15.879374761376068, 46.276973561218469 ], [ 15.879026568210831, 46.277047697199734 ], [ 15.878641121196271, 46.277122979248887 ], [ 15.877961051116102, 46.277227877836516 ], [ 15.878114383962258, 46.277518062820981 ], [ 15.878531153197333, 46.277610751115574 ], [ 15.878605712386745, 46.277936676065259 ], [ 15.878420775256108, 46.278134599488567 ], [ 15.87789661333492, 46.278312592911483 ], [ 15.877472596982175, 46.278870902175939 ], [ 15.876790378581545, 46.279174620772473 ], [ 15.875902534710622, 46.279187862274959 ], [ 15.875222975846192, 46.279256488522307 ], [ 15.874277083418926, 46.279284965380086 ], [ 15.87427785271939, 46.279285779340618 ], [ 15.874386125661493, 46.27941800125506 ], [ 15.874491329059646, 46.279546337463607 ], [ 15.874585143517495, 46.279660665575314 ], [ 15.874592437122921, 46.279669702696928 ], [ 15.875195766159186, 46.279766662448957 ], [ 15.875238861797554, 46.279776794895476 ], [ 15.875291064784243, 46.279784817753978 ], [ 15.875324421830232, 46.279784100287038 ], [ 15.875598222512732, 46.279795312908519 ], [ 15.875930952396253, 46.279896458902236 ], [ 15.876356946681891, 46.279817808302809 ], [ 15.876594504462037, 46.279901158527679 ], [ 15.876643126013402, 46.279927515578649 ], [ 15.876841608565178, 46.280035304634204 ], [ 15.877329177261281, 46.28037454717078 ], [ 15.877390848169734, 46.280417439887884 ], [ 15.877547664973179, 46.280526530334448 ], [ 15.877622322657476, 46.280557077458624 ], [ 15.877624001336395, 46.280557806374425 ], [ 15.877646088771952, 46.280566833856739 ], [ 15.877799278798497, 46.280629568513135 ], [ 15.877805995569592, 46.280632304232462 ], [ 15.877903773003588, 46.280672424070048 ], [ 15.877906744161809, 46.280673609875286 ], [ 15.877935455504666, 46.280659190589489 ], [ 15.878287172814309, 46.280482148893917 ], [ 15.879035625330744, 46.280105363830678 ], [ 15.879332001640009, 46.279956179639186 ], [ 15.879332262165253, 46.279956091081218 ], [ 15.879722983612252, 46.280093529725384 ], [ 15.88014770078377, 46.280242847731778 ], [ 15.8802199366108, 46.280292634089427 ], [ 15.88032359052214, 46.280364094052509 ], [ 15.880325264159991, 46.280365272762495 ], [ 15.880576868550788, 46.280342883482426 ], [ 15.881346226304336, 46.280274621381785 ], [ 15.881683558543322, 46.280244685974587 ], [ 15.882096853875094, 46.280129326617029 ], [ 15.882149183320104, 46.280114674022336 ], [ 15.882713378625185, 46.280219929965583 ], [ 15.882821244293476, 46.280205486917758 ], [ 15.883251406838658, 46.280147886639895 ], [ 15.883401119001437, 46.28012782057408 ], [ 15.883657637692403, 46.280106710627983 ], [ 15.883950004897669, 46.280082554269747 ], [ 15.884004166515513, 46.280066471142362 ], [ 15.884038799317469, 46.280056130976767 ], [ 15.884305901678889, 46.280051631485911 ], [ 15.884307069474067, 46.280051637774555 ], [ 15.884334693953088, 46.280064562588414 ], [ 15.884509993624395, 46.280146571396038 ], [ 15.884519287646418, 46.280150940095346 ], [ 15.88454833248216, 46.28016450230902 ], [ 15.884827035836818, 46.280248146865446 ], [ 15.884855488407398, 46.280256667368995 ], [ 15.884856135171249, 46.280256850793236 ], [ 15.884856264926768, 46.280256851491352 ], [ 15.884858850975355, 46.280257675155035 ], [ 15.884930109681989, 46.280279201996066 ], [ 15.884966578944363, 46.280290284820836 ], [ 15.885288210578006, 46.280387744973119 ], [ 15.885303021823857, 46.280397721549924 ], [ 15.885598356672185, 46.280595718367998 ], [ 15.885615122420889, 46.280604985629139 ], [ 15.885738673931879, 46.2806732186232 ], [ 15.885740609219933, 46.280674218715063 ], [ 15.885874926324254, 46.280673230784465 ], [ 15.885890369361173, 46.28067313378876 ], [ 15.886279663745453, 46.280719490441051 ], [ 15.886594184531825, 46.280756897266251 ], [ 15.886595091824971, 46.280756992106141 ], [ 15.886631926919355, 46.280770235694561 ], [ 15.886771253663754, 46.280820377809384 ], [ 15.886850998531189, 46.280849056771245 ], [ 15.886934362630381, 46.280879014695039 ], [ 15.886986190508356, 46.280897646921481 ], [ 15.886988645858926, 46.280898559808335 ], [ 15.886993958875648, 46.280899218100018 ], [ 15.887098396618377, 46.280912913944896 ], [ 15.887221105097591, 46.280928956924491 ], [ 15.887229139008548, 46.280929989676899 ], [ 15.887275083453307, 46.280940942600942 ], [ 15.887356617891434, 46.280960453633213 ], [ 15.887433752672289, 46.280978861368638 ], [ 15.887439316192902, 46.280980330731715 ], [ 15.887510344414791, 46.280999425476132 ], [ 15.887513579325276, 46.2810002525556 ], [ 15.887544124298078, 46.28101904043065 ], [ 15.887598384273476, 46.281052350878859 ], [ 15.887739007423557, 46.281230889109764 ], [ 15.88782794565136, 46.28129641525431 ], [ 15.887954081657012, 46.281389312068782 ], [ 15.887955240464901, 46.281390128021982 ], [ 15.888242569505511, 46.281411009798532 ], [ 15.888455519312293, 46.281399013071251 ], [ 15.888476294654295, 46.281397864580704 ], [ 15.889073960156555, 46.28136615046089 ], [ 15.889454658179314, 46.281345960893695 ], [ 15.889455177212115, 46.281345963665338 ], [ 15.88953879502362, 46.28137664081904 ], [ 15.88956372646018, 46.281386850820233 ], [ 15.889604676000546, 46.28140362433242 ], [ 15.889860802019998, 46.281558484020302 ], [ 15.889941106453989, 46.281607137638488 ], [ 15.88994226629473, 46.281607863604791 ], [ 15.890038671079003, 46.28162061417683 ], [ 15.890068317968581, 46.281626890446709 ], [ 15.890069742321094, 46.281627167961751 ], [ 15.890134625720346, 46.281650546958275 ], [ 15.890144189947698, 46.281654016918068 ], [ 15.890302264382354, 46.281710822689156 ], [ 15.890427734793672, 46.281805692604671 ], [ 15.890717157931824, 46.282024248255389 ], [ 15.890718187034473, 46.282025063489264 ], [ 15.890834326207388, 46.282037018829165 ], [ 15.891239515123493, 46.282078944649477 ], [ 15.891330896272793, 46.282088428383119 ], [ 15.891348135422803, 46.282090229628032 ], [ 15.891349432026527, 46.28209032650264 ], [ 15.891367128448803, 46.282097708455382 ], [ 15.891811473025644, 46.282283526278832 ], [ 15.891820641219823, 46.28228762379662 ], [ 15.892368910768047, 46.282534183606074 ], [ 15.892487593845964, 46.282597884794988 ], [ 15.892823648953623, 46.282778264721465 ], [ 15.892848043710483, 46.282790180624943 ], [ 15.893010295681936, 46.282868778091242 ], [ 15.893193200785356, 46.282957381880813 ], [ 15.893195394821225, 46.282958473191435 ], [ 15.893206557341481, 46.282958262517056 ], [ 15.893548299385158, 46.282952967893465 ], [ 15.893671039438939, 46.28295496844823 ], [ 15.894124633222146, 46.282962321483986 ], [ 15.894195305982523, 46.282967014633236 ], [ 15.894617786651784, 46.282995074400716 ], [ 15.894765745280296, 46.283004944913657 ], [ 15.894893619537333, 46.283012099748284 ], [ 15.894896084029831, 46.283012202763608 ], [ 15.894971538416122, 46.283077651962763 ], [ 15.895275542939068, 46.283341349236096 ], [ 15.895471443364466, 46.28351135295118 ], [ 15.895472343791836, 46.283512077489469 ], [ 15.895514596213406, 46.283516889466625 ], [ 15.895757487106065, 46.283544175330476 ], [ 15.895973900302744, 46.283560074278235 ], [ 15.896130407317399, 46.283571607683044 ], [ 15.8961323527831, 46.283571707930413 ], [ 15.896299970269279, 46.283670482819247 ], [ 15.896455468586481, 46.283762085685275 ], [ 15.896457144651425, 46.283763084226692 ], [ 15.896750652238282, 46.283766342674319 ], [ 15.896752339171448, 46.283766351574876 ], [ 15.897051824832932, 46.283768831040916 ], [ 15.897104378308004, 46.283769198144292 ], [ 15.897160191176248, 46.283780019180782 ], [ 15.897282305185509, 46.283803785821554 ], [ 15.897367772966991, 46.283820341354087 ], [ 15.897370880403013, 46.283820987537858 ], [ 15.897533508858915, 46.284031839636341 ], [ 15.897806689273372, 46.284386239583647 ], [ 15.897855567740173, 46.284449657469231 ], [ 15.897917582918145, 46.284486692696881 ], [ 15.89813437041639, 46.284611005971087 ], [ 15.898151392848542, 46.284632688894618 ], [ 15.898143626004996, 46.284654601216332 ], [ 15.898093143339697, 46.284796851357925 ], [ 15.898035719381818, 46.284956699470229 ], [ 15.898073308710739, 46.285103012140787 ], [ 15.898120477490313, 46.285287073552837 ], [ 15.898185974012746, 46.285361825284156 ], [ 15.898515295256445, 46.285484840679047 ], [ 15.898926820109367, 46.285638517945827 ], [ 15.898939923570019, 46.285757529999266 ], [ 15.898957983430472, 46.285921734116037 ], [ 15.89896623680802, 46.285997713984287 ], [ 15.898967887289349, 46.286012927951155 ], [ 15.898968007219121, 46.286013828302927 ], [ 15.89897475326258, 46.286014043709386 ], [ 15.898975012801481, 46.286014045073713 ], [ 15.898993376108248, 46.286019989791448 ], [ 15.898996091427788, 46.286020903785946 ], [ 15.89902626868132, 46.286026460737375 ], [ 15.89902976557023, 46.286027108922809 ], [ 15.898982466489212, 46.286139415436452 ], [ 15.898964212772581, 46.286182776021342 ], [ 15.898981168657834, 46.28625808185501 ], [ 15.899023145743927, 46.286323892188591 ], [ 15.899048586017532, 46.286394743999985 ], [ 15.89911242136969, 46.286514832405473 ], [ 15.89920816785852, 46.286636258096991 ], [ 15.899218793275724, 46.286649629803811 ], [ 15.89931885128266, 46.286744716222913 ], [ 15.899423825199186, 46.286853144248816 ], [ 15.89947473487846, 46.286944823328092 ], [ 15.899473183452924, 46.287051162223158 ], [ 15.899472881617719, 46.287078782077771 ], [ 15.899471814883292, 46.287152643582402 ], [ 15.899464621239151, 46.287324002676577 ], [ 15.89940571716985, 46.287381905229836 ], [ 15.899200836836838, 46.287508589222981 ], [ 15.898825696605739, 46.287740814750734 ], [ 15.898836191444481, 46.287908487964977 ], [ 15.898852194766491, 46.288165802348423 ], [ 15.898847509912232, 46.288261867918834 ], [ 15.898839702814978, 46.288417928459793 ], [ 15.899013098343231, 46.288500444709925 ], [ 15.899188412282697, 46.288621208916254 ], [ 15.89925526518018, 46.288667355991549 ], [ 15.899506838341805, 46.288781232624402 ], [ 15.899508646357175, 46.288782051868949 ], [ 15.899826793444976, 46.28882519947264 ], [ 15.900154661489742, 46.288869566827692 ], [ 15.900155957287714, 46.28886975357009 ], [ 15.900175729572227, 46.288877504928251 ], [ 15.900267224267894, 46.288913433891778 ], [ 15.900593275987747, 46.289041104612274 ], [ 15.900921573915024, 46.289212872489365 ], [ 15.901175801275715, 46.289345743452351 ], [ 15.901178510913091, 46.289347197197124 ], [ 15.901394359407774, 46.28923847156819 ], [ 15.901948199419817, 46.288959667271534 ], [ 15.90206462411099, 46.288863466226935 ], [ 15.902211114163446, 46.288747448455645 ], [ 15.902336003702713, 46.288648502253849 ], [ 15.902607928323912, 46.288442897574932 ], [ 15.902675003765346, 46.28839718230634 ], [ 15.90271976434409, 46.288362686912876 ], [ 15.90287959110807, 46.288249257164125 ], [ 15.90306544465666, 46.288117338852146 ], [ 15.903098542121635, 46.287997578838244 ], [ 15.903098798443422, 46.287842558246119 ], [ 15.903115522296032, 46.287748624706062 ], [ 15.903125933116504, 46.287710170994444 ], [ 15.903144185437183, 46.287642787198394 ], [ 15.903318915803002, 46.287435413769082 ], [ 15.903436359488028, 46.28732850994129 ], [ 15.903515684672609, 46.287230134428803 ], [ 15.903518315277335, 46.287226909156566 ], [ 15.903592151935248, 46.287096114995059 ], [ 15.903653317385727, 46.286972902323363 ], [ 15.904154623112605, 46.286999718422301 ], [ 15.904349438116999, 46.28701018058576 ], [ 15.904351772061355, 46.287010372689096 ], [ 15.904527574271262, 46.287146606483432 ], [ 15.904933493419847, 46.287461103006144 ], [ 15.90498668365551, 46.287510864484993 ], [ 15.905028567911188, 46.287550040369439 ], [ 15.905112700362167, 46.287618766969828 ], [ 15.905167406069392, 46.287660438758785 ], [ 15.905301231460252, 46.287730413430168 ], [ 15.905387517521357, 46.287780076942028 ], [ 15.905471798413235, 46.28782316199834 ], [ 15.905547043921988, 46.287861701410641 ], [ 15.905781405318393, 46.287995898425962 ], [ 15.905782694305399, 46.287996714873913 ], [ 15.906186293284231, 46.288046766851039 ], [ 15.906820726250567, 46.288125366733922 ], [ 15.907427164631146, 46.288200579013221 ], [ 15.907492228160477, 46.288208653803245 ], [ 15.907781583234906, 46.288226167962129 ], [ 15.907931383075296, 46.288235311180429 ], [ 15.907931902174923, 46.288235313868512 ], [ 15.908021117326358, 46.28826636633174 ], [ 15.908195410632048, 46.288327010082064 ], [ 15.908197737863961, 46.2883278318767 ], [ 15.908252395428017, 46.288338101674178 ], [ 15.908253948854526, 46.288338469602351 ], [ 15.908286262826179, 46.288350693099709 ], [ 15.908477688975246, 46.28842330139971 ], [ 15.908502118706565, 46.288432514966971 ], [ 15.908632353428434, 46.288535216991235 ], [ 15.908634026956451, 46.288536485256309 ], [ 15.908796123366335, 46.288512581212053 ], [ 15.909083919619334, 46.288470072630084 ], [ 15.90921589548978, 46.288471294472544 ], [ 15.909444939575545, 46.288473377459823 ], [ 15.909463237921747, 46.288473471971251 ], [ 15.909469595954651, 46.288473594782069 ], [ 15.909469855505664, 46.288473596122621 ], [ 15.909521846406344, 46.288490509474236 ], [ 15.909581856358763, 46.288509983430487 ], [ 15.909639408349424, 46.288528724887058 ], [ 15.909656349998464, 46.288534300659698 ], [ 15.909659325172996, 46.288535215742108 ], [ 15.90965958375776, 46.28853530704933 ], [ 15.909664380624323, 46.288535781676977 ], [ 15.909689401230724, 46.288538340106641 ], [ 15.909754092606278, 46.288544882161759 ], [ 15.909793114500483, 46.288548862429401 ], [ 15.909928336576405, 46.288574122753445 ], [ 15.909977037589142, 46.288583191347435 ], [ 15.91001006665778, 46.288589299945222 ], [ 15.910012787119541, 46.288589763843625 ], [ 15.910026179479292, 46.288599549934524 ], [ 15.910162303737556, 46.288697961941537 ], [ 15.910220256836906, 46.288739827999621 ], [ 15.910366025789703, 46.288834510683991 ], [ 15.91047113631217, 46.288872121193002 ], [ 15.910668170747723, 46.288942595403725 ], [ 15.910847318677359, 46.289010907751184 ], [ 15.910857788156164, 46.289014920469647 ], [ 15.910946734692569, 46.289059195155772 ], [ 15.911028413858977, 46.289103432336489 ], [ 15.911216607277483, 46.289187625783484 ], [ 15.911279769530008, 46.289215842369913 ], [ 15.911298189847873, 46.289228803222315 ], [ 15.911318928817547, 46.289243395507128 ], [ 15.91145952208918, 46.289312678014745 ], [ 15.911461458152308, 46.289313677673377 ], [ 15.911565120538111, 46.289317000358686 ], [ 15.911814351947902, 46.289324940703288 ], [ 15.912096261331778, 46.289408265188627 ], [ 15.91209975474327, 46.289409272844154 ], [ 15.912106218605219, 46.289411645354214 ], [ 15.912274930027003, 46.289473153889269 ], [ 15.912372665948325, 46.289508835323105 ], [ 15.912598850401771, 46.289584584417014 ], [ 15.912627301586953, 46.289594087676818 ], [ 15.912770739127239, 46.289640350329172 ], [ 15.91280307410779, 46.289650773212927 ], [ 15.91280643680803, 46.28965187014758 ], [ 15.912854489431274, 46.289600293010075 ], [ 15.91313478883141, 46.289299965757309 ], [ 15.91336034004499, 46.289058198649194 ], [ 15.91342841676162, 46.289015181379774 ], [ 15.913521076299974, 46.288918486865981 ], [ 15.913657547927727, 46.288814729225166 ], [ 15.91370183491248, 46.288787514847215 ], [ 15.913762841679391, 46.288750219336059 ], [ 15.913855501055234, 46.288702109470506 ], [ 15.913925626000832, 46.288686004055442 ], [ 15.914374194509959, 46.288609396982572 ], [ 15.914650111474968, 46.288487728083631 ], [ 15.914668917207084, 46.28845237535824 ], [ 15.914725466907157, 46.288346047924236 ], [ 15.914765805158465, 46.28821426535329 ], [ 15.914853522037228, 46.288069499352112 ], [ 15.914887694154762, 46.287992658123123 ], [ 15.914913797582686, 46.28795446359333 ], [ 15.914998428245529, 46.287892276063893 ], [ 15.915023544114957, 46.287873690371946 ], [ 15.915093129355281, 46.287810616044645 ], [ 15.915192628428034, 46.287717104170198 ], [ 15.915276870663778, 46.287581587186303 ], [ 15.915291442813539, 46.287517151714304 ], [ 15.915232345576971, 46.287375233391757 ], [ 15.915227911613499, 46.287340661427244 ], [ 15.915211975918441, 46.287216148504498 ], [ 15.915237731124217, 46.287186229548368 ], [ 15.915204811885246, 46.287157629994908 ], [ 15.915189721735796, 46.287112206870887 ], [ 15.915197220450708, 46.287017324653725 ], [ 15.91519018622915, 46.286958806805153 ], [ 15.915204378398528, 46.286844704789551 ], [ 15.915216189801354, 46.2867835841665 ], [ 15.91531772143704, 46.286254887441913 ], [ 15.915388329313378, 46.285888072264115 ], [ 15.915437927487677, 46.285629655992828 ], [ 15.915482244720073, 46.285623674488598 ], [ 15.915725018453648, 46.285590546015584 ], [ 15.916061197723742, 46.285462793570375 ], [ 15.916146545956757, 46.28543029963437 ], [ 15.916484359697318, 46.285380650099214 ], [ 15.91661401656183, 46.285367366056917 ], [ 15.916690926316685, 46.285359570993421 ], [ 15.916975323164966, 46.285354003736039 ], [ 15.916976232497623, 46.285353918400844 ], [ 15.917092385584549, 46.285402465782262 ], [ 15.917177272284942, 46.285437897682371 ], [ 15.917270971965239, 46.285498926521186 ], [ 15.917308849256575, 46.285537267745887 ], [ 15.917339879375882, 46.285572694956166 ], [ 15.917352443151222, 46.285587244493989 ], [ 15.917488647738057, 46.285703102828805 ], [ 15.917490061847815, 46.285704369643121 ], [ 15.91770073986206, 46.285675032224553 ], [ 15.917897002479643, 46.285622138301882 ], [ 15.918028020549055, 46.285627393844706 ], [ 15.918071088608821, 46.285629052609458 ], [ 15.918088430973269, 46.285633549509413 ], [ 15.918157933086325, 46.285651267841544 ], [ 15.918180452892104, 46.28565705068474 ], [ 15.918206855297722, 46.285663842973527 ], [ 15.918207891545395, 46.285664028190716 ], [ 15.918241911285628, 46.285674548088949 ], [ 15.918276577979899, 46.285685251212925 ], [ 15.918294557797026, 46.285690830990333 ], [ 15.918321592890322, 46.285699155997641 ], [ 15.918331941094104, 46.285702357667894 ], [ 15.918335046031601, 46.285703273185156 ], [ 15.918366402560714, 46.285707931309368 ], [ 15.918409940261045, 46.285714270886025 ], [ 15.918536404615081, 46.285732908529077 ], [ 15.918749875738101, 46.285758466378056 ], [ 15.918774372640076, 46.28576138004717 ], [ 15.918990268297328, 46.285778582364749 ], [ 15.919004792003205, 46.285779645861403 ], [ 15.919136324820405, 46.28580991499971 ], [ 15.919159756985657, 46.28581534239639 ], [ 15.919161958311848, 46.285815803440066 ], [ 15.919522694276024, 46.285967259096502 ], [ 15.919914957507974, 46.286132009498452 ], [ 15.92009946241274, 46.286209421742967 ], [ 15.920113028495763, 46.28621515879172 ], [ 15.920115225099345, 46.286216069653626 ], [ 15.920126119169389, 46.286216754710409 ], [ 15.920258279303264, 46.286224622679704 ], [ 15.920289795489154, 46.286226491949748 ], [ 15.920496504436189, 46.286241305566151 ], [ 15.92054305883932, 46.286244690539796 ], [ 15.920550954918264, 46.286246619971692 ], [ 15.920696704733649, 46.286282627605331 ], [ 15.920698645602117, 46.286283177271805 ], [ 15.920728680305054, 46.286290167325113 ], [ 15.9208098511453, 46.286309112798023 ], [ 15.92081179296407, 46.286309572495277 ], [ 15.920884701082695, 46.286336753492627 ], [ 15.921045901503254, 46.286396771519549 ], [ 15.921053399778941, 46.286399508651336 ], [ 15.921306233049206, 46.286495619220439 ], [ 15.921392990228236, 46.286538705078371 ], [ 15.921435587441168, 46.286683775733707 ], [ 15.921481856289143, 46.286751308992002 ], [ 15.921500774583599, 46.286778756234234 ], [ 15.921598861541682, 46.286879841293533 ], [ 15.921712340764561, 46.287010514968721 ], [ 15.921731077350067, 46.287030583540123 ], [ 15.921746474894373, 46.28704730625337 ], [ 15.921880324500979, 46.287190858817631 ], [ 15.921934248683922, 46.28722163200591 ], [ 15.921936441572473, 46.287222902702233 ], [ 15.921985980036411, 46.287251134473522 ], [ 15.92198843152684, 46.287252496448289 ], [ 15.922027367050026, 46.287240007210471 ], [ 15.922079192645992, 46.287223534369886 ], [ 15.922186621345501, 46.287189258127022 ], [ 15.922209399688752, 46.287182895247788 ], [ 15.922396695889836, 46.287131207911635 ], [ 15.922679316984491, 46.28704842143032 ], [ 15.922879533450557, 46.286989780716738 ], [ 15.923039691814651, 46.286939304923116 ], [ 15.923068338458316, 46.286931507354474 ], [ 15.929233094651154, 46.259982326639062 ], [ 15.913937444763613, 46.255057151215361 ], [ 15.87802626764322, 46.272998680039443 ], [ 15.878154586999592, 46.274927619024517 ] ] ] ] } },
{ "type": "Feature", "properties": { "fid": 178, "Rbr IJ": 3, "Naziv izborne jedinice": "III. IZBORNA JEDINICA", "Rbr.županije": 5, "Županija": "VARAŽDINSKA ŽUPANIJA", "Oznaka Gr/Op/Dr": "općina", "Grad/općina/država": "BEDNJA", "Rbr BM": 11, "Naziv BM": "JAMNO", "Lokacija BM": "ETNO KUĆA JAMNO", "Adresa BM": "JAMNO BB", "Ukupno birača": 107, "Glasovalo birača": 59, "Glasovalo birača (po listićima)": 59, "Važeći listići": 57, "Nevažeći listići": 2, "Latitude": 46.282659, "Longitude": 15.9356995, "ID_u_zupaniji": 178, "ID_global": 1542, "neighbours list": [ 1541, 1539, 1533, 1540 ] }, "geometry": { "type": "MultiPolygon", "coordinates": [ [ [ [ 15.92331196739581, 46.286865191963905 ], [ 15.923461900854495, 46.286824380992165 ], [ 15.923651984486364, 46.286754171399359 ], [ 15.923847909788828, 46.286696137161314 ], [ 15.92390404509038, 46.286676986046366 ], [ 15.924034289108638, 46.286632566200993 ], [ 15.924155596603635, 46.286586391728939 ], [ 15.92425414648584, 46.28655701728843 ], [ 15.924368315653728, 46.286535638946141 ], [ 15.924368445425001, 46.286535639599485 ], [ 15.924390179148567, 46.286542227009576 ], [ 15.924447437915489, 46.286564468453015 ], [ 15.924806374054434, 46.286703752115777 ], [ 15.924982665281536, 46.286773197601832 ], [ 15.924994039076289, 46.286777663435629 ], [ 15.92530515625239, 46.286873338476077 ], [ 15.925425482094717, 46.286920998626911 ], [ 15.925502230066547, 46.286953594297977 ], [ 15.925537889213409, 46.286968888780713 ], [ 15.925731780485131, 46.287030863878933 ], [ 15.925696147645272, 46.287062714968968 ], [ 15.92576312646513, 46.287136018753721 ], [ 15.925913970779636, 46.287219100721146 ], [ 15.926000050045417, 46.287265418667232 ], [ 15.926264999357013, 46.287408004676244 ], [ 15.926351544775965, 46.287459453104326 ], [ 15.926431597919757, 46.287511228786165 ], [ 15.926487184812723, 46.287544617355749 ], [ 15.926520588702676, 46.287564668738433 ], [ 15.926543029443119, 46.287578187134969 ], [ 15.926637282742554, 46.287624815511244 ], [ 15.926711025092059, 46.287659554623843 ], [ 15.926754030534848, 46.287679834024679 ], [ 15.926891318822241, 46.28774395258835 ], [ 15.927006264354791, 46.287797612227692 ], [ 15.927037244150945, 46.287813692538222 ], [ 15.927091976763126, 46.28784194812183 ], [ 15.92714888242657, 46.287860947441864 ], [ 15.927150304318348, 46.287861494398406 ], [ 15.927235723843179, 46.287884145444352 ], [ 15.927354276663042, 46.28791550972602 ], [ 15.927401774568962, 46.287928163755197 ], [ 15.927404233724598, 46.287928805875339 ], [ 15.927421170454844, 46.287935008795358 ], [ 15.927487620604509, 46.287959723984862 ], [ 15.927488655052805, 46.28796008905298 ], [ 15.927509493479755, 46.287965501747969 ], [ 15.927530462622855, 46.287970825121555 ], [ 15.927532015233314, 46.287971282755755 ], [ 15.927545984979652, 46.287975761332198 ], [ 15.927532035273096, 46.288006731856811 ], [ 15.927562508426234, 46.28802163985052 ], [ 15.927831736855072, 46.288190245561772 ], [ 15.928114378400293, 46.288367105182992 ], [ 15.928324622654575, 46.28850464422991 ], [ 15.928625489848807, 46.288701387558469 ], [ 15.92862948672591, 46.288703926750138 ], [ 15.928622337375723, 46.288680048423572 ], [ 15.928770243908492, 46.288647047943748 ], [ 15.928941826583069, 46.288608677230656 ], [ 15.929194061842736, 46.288552264660439 ], [ 15.929274279497116, 46.288538629464618 ], [ 15.929340353483093, 46.288512237558741 ], [ 15.929409535490182, 46.288486490929692 ], [ 15.929552799972784, 46.288437991073799 ], [ 15.929658294762556, 46.288402258616443 ], [ 15.930048115631992, 46.288319088913717 ], [ 15.930077512104967, 46.288312757458797 ], [ 15.930091411157395, 46.288311567130648 ], [ 15.93013180962223, 46.288308079635229 ], [ 15.930330157896334, 46.288291613480673 ], [ 15.930456823502686, 46.288291794652515 ], [ 15.930495831865136, 46.288297207339461 ], [ 15.930647591186943, 46.288318026921822 ], [ 15.930831267543965, 46.28836482717707 ], [ 15.930879806721469, 46.288377304999166 ], [ 15.930967565506441, 46.288399874925751 ], [ 15.931213625859606, 46.288463269970023 ], [ 15.931270448528959, 46.288477948163319 ], [ 15.931448873253595, 46.288493051132363 ], [ 15.931467027007971, 46.288494580956204 ], [ 15.931546209426411, 46.288505681338663 ], [ 15.931602372693005, 46.288508839663194 ], [ 15.931641284119362, 46.288511102454585 ], [ 15.931759123593627, 46.28853652046088 ], [ 15.931788389745435, 46.288542784008669 ], [ 15.931892445170657, 46.288570832536465 ], [ 15.931924287349462, 46.288578998262544 ], [ 15.932068484311813, 46.288615883384111 ], [ 15.932115471328723, 46.288627903110566 ], [ 15.932158073859643, 46.288637201880384 ], [ 15.932159368834618, 46.288637478227997 ], [ 15.932203728753459, 46.288652543921152 ], [ 15.932286499393641, 46.288680666330698 ], [ 15.932367287224459, 46.288712287746954 ], [ 15.932490343009992, 46.288760493828335 ], [ 15.932526418777686, 46.288773448919414 ], [ 15.932639039088109, 46.288814225336672 ], [ 15.932640590836604, 46.288814772869202 ], [ 15.932655608722929, 46.288818356300816 ], [ 15.932819639467636, 46.288857588189821 ], [ 15.932858478765764, 46.28886686803002 ], [ 15.932860162152078, 46.288867236268381 ], [ 15.932864171309658, 46.2888686057359 ], [ 15.932912541698808, 46.288884950655088 ], [ 15.932980957931902, 46.288908142872508 ], [ 15.933295760802283, 46.289114570009232 ], [ 15.933461436320931, 46.289170633902479 ], [ 15.933464669632318, 46.28917172958834 ], [ 15.933527777412744, 46.289231513801951 ], [ 15.933584764492869, 46.28928074092768 ], [ 15.933653113640961, 46.289360884721255 ], [ 15.933663605149773, 46.289400704338185 ], [ 15.933683462859676, 46.28947619928001 ], [ 15.93367827371282, 46.289740421498848 ], [ 15.933820622728815, 46.289894078968963 ], [ 15.933877099058822, 46.289955179724089 ], [ 15.934028033193337, 46.290107079996794 ], [ 15.934029060312318, 46.290108164745646 ], [ 15.934211729229895, 46.290102410890562 ], [ 15.934263920210352, 46.290100779730821 ], [ 15.934523073891041, 46.290091085141626 ], [ 15.935092398641801, 46.290083192782738 ], [ 15.935124589604925, 46.290082811993742 ], [ 15.935229436039508, 46.290084859461999 ], [ 15.935712209411243, 46.290100648966053 ], [ 15.935956256236, 46.290108601062592 ], [ 15.936039217292922, 46.290042700899413 ], [ 15.936100606620645, 46.289992079506739 ], [ 15.936326526095801, 46.289806051647162 ], [ 15.936422992837901, 46.289726632004694 ], [ 15.936869704438211, 46.289677009128404 ], [ 15.936917000224456, 46.28967175376561 ], [ 15.937317573621888, 46.289577635659136 ], [ 15.937718407057043, 46.289483337482906 ], [ 15.937793961163731, 46.289494145775727 ], [ 15.93781340309501, 46.289496670618107 ], [ 15.93809478344779, 46.289534132602071 ], [ 15.938255389743869, 46.289553456032095 ], [ 15.938331740201393, 46.289562558412889 ], [ 15.938444061197096, 46.289544305968136 ], [ 15.938722591180062, 46.289606764636922 ], [ 15.939210247530616, 46.289716044301841 ], [ 15.939219830066969, 46.289718160658452 ], [ 15.939440362059329, 46.289766477405529 ], [ 15.939666678632204, 46.289794848281304 ], [ 15.939691046868438, 46.289797936778925 ], [ 15.940154902598728, 46.289899718063445 ], [ 15.940386311995439, 46.289950605461421 ], [ 15.940533570733388, 46.289955374860078 ], [ 15.940616001001809, 46.28995379879062 ], [ 15.940625463014038, 46.289955014719197 ], [ 15.940721501579565, 46.289968080620639 ], [ 15.940730314697921, 46.289969293366461 ], [ 15.940991563511247, 46.290008629126952 ], [ 15.941096771958829, 46.290013372145708 ], [ 15.941566902192337, 46.290034563418303 ], [ 15.942001227236002, 46.290054228441271 ], [ 15.942340073764608, 46.290069557372462 ], [ 15.942341889771827, 46.290069656201837 ], [ 15.942346279465522, 46.290071926912837 ], [ 15.942408503853216, 46.290104710290201 ], [ 15.942473932653384, 46.290141468028594 ], [ 15.942512777417209, 46.290163250726046 ], [ 15.942512776504396, 46.290163340693624 ], [ 15.942553024068141, 46.290174783432697 ], [ 15.942641802372389, 46.290199958547731 ], [ 15.942688908273936, 46.290213414056041 ], [ 15.942719192932671, 46.290221839096475 ], [ 15.942798528436958, 46.290243909015217 ], [ 15.942847579297686, 46.290257553880529 ], [ 15.942923809294493, 46.290278708858835 ], [ 15.942950340422893, 46.290286125857264 ], [ 15.94296017638195, 46.290288872939009 ], [ 15.942963282906526, 46.290289697822111 ], [ 15.942971038729608, 46.290292794656793 ], [ 15.943006069724936, 46.290306731038626 ], [ 15.943110903256546, 46.290348538855781 ], [ 15.943154337247041, 46.290365755112809 ], [ 15.943154853634692, 46.290366027543847 ], [ 15.943192775457279, 46.290376469037859 ], [ 15.943277808971654, 46.290399825980366 ], [ 15.943357664083758, 46.290421898040279 ], [ 15.943371901700811, 46.290425746180148 ], [ 15.943440890830747, 46.29044425637268 ], [ 15.94352605980492, 46.290467073957373 ], [ 15.94361045198613, 46.290489707754368 ], [ 15.943636080308801, 46.290496580367837 ], [ 15.943694835128467, 46.290513241165286 ], [ 15.943777919621244, 46.290536858168188 ], [ 15.943850780610251, 46.290557546277391 ], [ 15.943888570186118, 46.290568256812996 ], [ 15.943897369814396, 46.29057081882933 ], [ 15.943908241390744, 46.290573840782386 ], [ 15.94391160568729, 46.290574846837451 ], [ 15.943973395396366, 46.290625081819513 ], [ 15.944046899750575, 46.290684820793096 ], [ 15.944101482010517, 46.290729082505003 ], [ 15.944243891176331, 46.290841430090062 ], [ 15.944399702744626, 46.290963289685635 ], [ 15.944475651725918, 46.290999557560568 ], [ 15.944969134139123, 46.291176859781039 ], [ 15.944973784504576, 46.291179041684025 ], [ 15.945349677555463, 46.291356671098413 ], [ 15.945659209259663, 46.291474056185898 ], [ 15.94573447637743, 46.291513738851464 ], [ 15.945799544079955, 46.291548044469579 ], [ 15.940682739643155, 46.261049194574944 ], [ 15.937020578015773, 46.258475310866828 ], [ 15.929233094651154, 46.259982326639062 ], [ 15.923068338458316, 46.286931507354474 ], [ 15.92331196739581, 46.286865191963905 ] ] ] ] } },
{ "type": "Feature", "properties": { "fid": 175, "Rbr IJ": 3, "Naziv izborne jedinice": "III. IZBORNA JEDINICA", "Rbr.županije": 5, "Županija": "VARAŽDINSKA ŽUPANIJA", "Oznaka Gr/Op/Dr": "općina", "Grad/općina/država": "BEDNJA", "Rbr BM": 8, "Naziv BM": "VRBNO", "Lokacija BM": "OSNOVNA ŠKOLA VRBNO", "Adresa BM": "VRBNO 22A", "Ukupno birača": 419, "Glasovalo birača": 216, "Glasovalo birača (po listićima)": 216, "Važeći listići": 209, "Nevažeći listići": 7, "Latitude": 46.2365304, "Longitude": 15.9267728, "ID_u_zupaniji": 175, "ID_global": 1539, "neighbours list": [ 1544, 1534, 1541, 1542, 1533, 1535 ] }, "geometry": { "type": "MultiPolygon", "coordinates": [ [ [ [ 15.936563046938835, 46.216852648941 ], [ 15.936277247513551, 46.21677674222142 ], [ 15.935719595797746, 46.217022407064519 ], [ 15.935697763900517, 46.217394878264933 ], [ 15.93548109071935, 46.217567726708666 ], [ 15.934898090974272, 46.21797098532155 ], [ 15.934587642801125, 46.218540869942878 ], [ 15.933268373012064, 46.219701829231091 ], [ 15.932598493092787, 46.220393998877078 ], [ 15.931984051909582, 46.220925028189711 ], [ 15.930904010968405, 46.22145373736759 ], [ 15.930126651649768, 46.222004999203698 ], [ 15.929749934788386, 46.222633292401071 ], [ 15.929632406920703, 46.222829297336745 ], [ 15.929094662529138, 46.222983976180501 ], [ 15.929309234047611, 46.223368242917836 ], [ 15.928275599975299, 46.224451842762299 ], [ 15.927437865169123, 46.224245120841459 ], [ 15.926188238532907, 46.224206015386237 ], [ 15.925691556228493, 46.225331063925879 ], [ 15.925256714873493, 46.225981723187502 ], [ 15.924996436555791, 46.226326540721303 ], [ 15.924481010620884, 46.226511900873838 ], [ 15.924209851323374, 46.226520432543523 ], [ 15.924142484658409, 46.226144275802127 ], [ 15.923821740852887, 46.225440420018806 ], [ 15.923784786739247, 46.225441223472281 ], [ 15.923580151306052, 46.225299563983427 ], [ 15.923038662580771, 46.22528801515768 ], [ 15.922689256794271, 46.2255394354735 ], [ 15.9221077567121, 46.225659220802243 ], [ 15.920260226406302, 46.225016816336186 ], [ 15.919980916183867, 46.22501216057168 ], [ 15.919995579719526, 46.225158441208727 ], [ 15.919701764890176, 46.225336896345581 ], [ 15.919633278389417, 46.225685104351058 ], [ 15.919645807881013, 46.226033813566431 ], [ 15.919400005244935, 46.226268744781265 ], [ 15.919349378516879, 46.226459680397014 ], [ 15.919201755154162, 46.226616383361602 ], [ 15.918728134175094, 46.226928881915875 ], [ 15.918678087170255, 46.227052340379622 ], [ 15.917441274761584, 46.227450833378235 ], [ 15.917345896212185, 46.22744746818298 ], [ 15.917068313478239, 46.227437685649932 ], [ 15.916986579230862, 46.227504748640598 ], [ 15.916499355651002, 46.227569742707963 ], [ 15.916027609025255, 46.227691046903203 ], [ 15.915669190137868, 46.227846668331281 ], [ 15.91558319002255, 46.227912358915582 ], [ 15.915436962184739, 46.227960646617866 ], [ 15.915330884541868, 46.227865992381055 ], [ 15.915274032563811, 46.227762682495566 ], [ 15.915078920306531, 46.227348168323019 ], [ 15.914865018560928, 46.227201587319897 ], [ 15.91488313435352, 46.22702173395065 ], [ 15.914608246620269, 46.226941600313118 ], [ 15.914529738386058, 46.22670501903422 ], [ 15.914353041924034, 46.22654666116695 ], [ 15.913787429049634, 46.226352569560575 ], [ 15.913789943026989, 46.226116403172476 ], [ 15.913500893974108, 46.225845001482483 ], [ 15.913632953527653, 46.225592944548168 ], [ 15.913418275601645, 46.225471549267773 ], [ 15.913084606820211, 46.225336856564063 ], [ 15.912918008895282, 46.225752036637047 ], [ 15.912705065766609, 46.225942135684576 ], [ 15.912523698172466, 46.226222369651836 ], [ 15.912566790667602, 46.226739936152832 ], [ 15.912418436990306, 46.226975353023107 ], [ 15.912027595405137, 46.22711954977963 ], [ 15.911397114244544, 46.227706528607371 ], [ 15.910744103079178, 46.228107953365701 ], [ 15.90975898265129, 46.228469241732945 ], [ 15.9093551814934, 46.228197073768037 ], [ 15.913937444763613, 46.255057151215361 ], [ 15.929233094651154, 46.259982326639062 ], [ 15.937020578015773, 46.258475310866828 ], [ 15.940628860731874, 46.249086005823003 ], [ 15.939263669025081, 46.220437879639135 ], [ 15.936979297396292, 46.216843157852672 ], [ 15.936563046938835, 46.216852648941 ] ] ] ] } },
{ "type": "Feature", "properties": { "fid": 205, "Rbr IJ": 3, "Naziv izborne jedinice": "III. IZBORNA JEDINICA", "Rbr.županije": 5, "Županija": "VARAŽDINSKA ŽUPANIJA", "Oznaka Gr/Op/Dr": "općina", "Grad/općina/država": "CESTICA", "Rbr BM": 9, "Naziv BM": "DUBRAVA KRIŽOVLJANSKA", "Lokacija BM": "PROSTORIJE ZGRADE \"MIHALIĆ\"", "Adresa BM": "CARINSKA ULICA 1", "Ukupno birača": 178, "Glasovalo birača": 100, "Glasovalo birača (po listićima)": 100, "Važeći listići": 99, "Nevažeći listići": 1, "Latitude": 46.3832731, "Longitude": 16.0530763, "ID_u_zupaniji": 205, "ID_global": 1587, "neighbours list": [ 1586 ] }, "geometry": { "type": "MultiPolygon", "coordinates": [ [ [ [ 16.066007109573398, 46.37103166265512 ], [ 16.065820872740595, 46.371160153618419 ], [ 16.065760020890316, 46.371195730895373 ], [ 16.065653393839867, 46.37125056795184 ], [ 16.065329727860444, 46.371416863549342 ], [ 16.065030054669311, 46.371573262744597 ], [ 16.064746006880867, 46.371840474537059 ], [ 16.06466127620337, 46.37192022591109 ], [ 16.064357074254719, 46.372498478590067 ], [ 16.064251230175337, 46.372699519650894 ], [ 16.064219887713147, 46.372783342849729 ], [ 16.064076271227389, 46.372928637918434 ], [ 16.063994279011251, 46.373072278394879 ], [ 16.063926786015767, 46.373190602374002 ], [ 16.063905517422182, 46.373249811933405 ], [ 16.063850942500913, 46.373345512520849 ], [ 16.063809682347998, 46.373385122177986 ], [ 16.063783857487909, 46.373428839380168 ], [ 16.063761359132762, 46.373446567746015 ], [ 16.063711773376376, 46.373470670653226 ], [ 16.063495216937291, 46.373568991899162 ], [ 16.063410600342255, 46.373601238253187 ], [ 16.063286913566017, 46.373642872233653 ], [ 16.063233997425975, 46.373660754239168 ], [ 16.063160073358631, 46.373688722654627 ], [ 16.0630541576393, 46.373734922800587 ], [ 16.062949122897294, 46.373784725041268 ], [ 16.062702047095431, 46.373911898684433 ], [ 16.062576768351921, 46.37398996392065 ], [ 16.062470743852771, 46.37403337401792 ], [ 16.06237192986287, 46.374085358822725 ], [ 16.06217364638076, 46.374189955459769 ], [ 16.062017995014834, 46.374213561518822 ], [ 16.061628156235816, 46.374231321474582 ], [ 16.061420363533152, 46.374240781376777 ], [ 16.061268773263944, 46.374244158595687 ], [ 16.061101216629947, 46.374277254619074 ], [ 16.061066862051373, 46.374298265861022 ], [ 16.061045190878414, 46.374326163548211 ], [ 16.061023770168305, 46.374452580048612 ], [ 16.061018175611355, 46.374485667769356 ], [ 16.061088882090637, 46.374616216664421 ], [ 16.061127924700298, 46.374675297279417 ], [ 16.061269575161916, 46.374858211305785 ], [ 16.061250160848562, 46.374945138425318 ], [ 16.061230125534024, 46.374995984932887 ], [ 16.06118275940112, 46.375115913979705 ], [ 16.061173739169227, 46.375154746679179 ], [ 16.06111660261627, 46.375342206145262 ], [ 16.061061198719766, 46.375524273989789 ], [ 16.061018078938833, 46.3756657222361 ], [ 16.061026692533204, 46.37587232785247 ], [ 16.060989176799477, 46.375947039391498 ], [ 16.060964763893615, 46.375992560771543 ], [ 16.060934941486803, 46.376048048115102 ], [ 16.06082719760423, 46.376191767311646 ], [ 16.060645967952706, 46.376308122937715 ], [ 16.060423844353849, 46.376401558521607 ], [ 16.060339129156237, 46.37644531844844 ], [ 16.060293704538633, 46.376468716095644 ], [ 16.060242581401262, 46.376489482663182 ], [ 16.060054315249349, 46.37655911553972 ], [ 16.060004878879838, 46.37658024837247 ], [ 16.059868624388031, 46.376647921757467 ], [ 16.059686460667201, 46.376734491988273 ], [ 16.05958794015822, 46.376797541880173 ], [ 16.059535879545756, 46.376837828142108 ], [ 16.059501870037238, 46.376864148500161 ], [ 16.059356826763377, 46.376989998399218 ], [ 16.059234227908473, 46.377056643995175 ], [ 16.058839038725075, 46.377203481633529 ], [ 16.058810587448157, 46.377217497254598 ], [ 16.058658937584195, 46.377291767618715 ], [ 16.058450012385638, 46.377375713408483 ], [ 16.058230241115027, 46.37740212570354 ], [ 16.05813043145686, 46.377431250437525 ], [ 16.058012506010048, 46.377466153156263 ], [ 16.057983839417059, 46.3774745895618 ], [ 16.0579065409013, 46.377517026787991 ], [ 16.057831021452309, 46.377548404457215 ], [ 16.057752112047108, 46.377564923817964 ], [ 16.057665760401019, 46.377617672487638 ], [ 16.0576347712401, 46.377640045263959 ], [ 16.057561415430545, 46.377693204008303 ], [ 16.057503066552801, 46.377723118391472 ], [ 16.057423226394199, 46.377758257836334 ], [ 16.057363416949006, 46.377791945260199 ], [ 16.057312822182919, 46.377827467736374 ], [ 16.057283315566238, 46.37785938303869 ], [ 16.057254202521545, 46.37789085000405 ], [ 16.057099938046338, 46.378014681965766 ], [ 16.056864755569354, 46.378129922887801 ], [ 16.056640665719431, 46.378175479126021 ], [ 16.056583791250183, 46.37818371584266 ], [ 16.056509997550581, 46.378194406092888 ], [ 16.056258756777741, 46.378253711753381 ], [ 16.056162364391437, 46.378277899644118 ], [ 16.05609058909943, 46.378296154986721 ], [ 16.055943218303206, 46.378338858672713 ], [ 16.055901145790202, 46.378349221850208 ], [ 16.055727909340828, 46.378391464923794 ], [ 16.055728576080401, 46.378389398190635 ], [ 16.055735239095327, 46.378369270665246 ], [ 16.055731075724765, 46.378369704343584 ], [ 16.055678511797545, 46.378375348209168 ], [ 16.055671312010638, 46.378397542969068 ], [ 16.055633912033791, 46.378456868201226 ], [ 16.055622489719454, 46.378486784019806 ], [ 16.05555178366377, 46.378661591991609 ], [ 16.055526389470224, 46.378747235255801 ], [ 16.055504644433451, 46.378815708316836 ], [ 16.055503941176955, 46.378822273435517 ], [ 16.055493953931688, 46.378931638837237 ], [ 16.055498397395723, 46.37907290991285 ], [ 16.055498726778154, 46.379080378750849 ], [ 16.055527001386434, 46.379216524158046 ], [ 16.055530649277866, 46.379231563422053 ], [ 16.055568905144497, 46.379387271222953 ], [ 16.055578879870659, 46.379455687620734 ], [ 16.055580895661354, 46.379495642386942 ], [ 16.055582900505495, 46.379536946668821 ], [ 16.055515180157688, 46.379535873733509 ], [ 16.055521723158172, 46.379610664705993 ], [ 16.055521845121838, 46.379611654856255 ], [ 16.055546929634453, 46.3796122921757 ], [ 16.055550178761049, 46.379612394774242 ], [ 16.055571820093284, 46.379668890427205 ], [ 16.055573537208026, 46.379713612471207 ], [ 16.05557610668016, 46.379781460262208 ], [ 16.055511028595486, 46.379903297381539 ], [ 16.05543288935764, 46.380032641212686 ], [ 16.05536713657586, 46.380141429891182 ], [ 16.055361164815736, 46.380140416995737 ], [ 16.055345197278232, 46.380137655792673 ], [ 16.055324556477856, 46.380134066680334 ], [ 16.055324820120809, 46.380133617852735 ], [ 16.055331051152425, 46.380118706969505 ], [ 16.05532728712711, 46.380117972568634 ], [ 16.055279791331312, 46.380107621197823 ], [ 16.055163905608548, 46.380082518535112 ], [ 16.055162870029498, 46.380081974683421 ], [ 16.055123243435716, 46.380063106654895 ], [ 16.055026768204659, 46.380017026252872 ], [ 16.055025468252502, 46.380017021194568 ], [ 16.055001151107131, 46.38001791624648 ], [ 16.054923258385934, 46.380020762080719 ], [ 16.054806483921691, 46.380025075969442 ], [ 16.054541378535085, 46.380061561313077 ], [ 16.054479026364831, 46.380087679784367 ], [ 16.054469757908205, 46.380092412114386 ], [ 16.054401353419511, 46.380127414048467 ], [ 16.0542752763015, 46.380188552538286 ], [ 16.054176415613082, 46.380243948910845 ], [ 16.054144064622864, 46.380257588278738 ], [ 16.054108191279216, 46.380272743402728 ], [ 16.054019699297797, 46.380268079736496 ], [ 16.053955247027123, 46.380264679388638 ], [ 16.053953825132602, 46.38026368416638 ], [ 16.053871754119228, 46.380204883155166 ], [ 16.053868128896998, 46.380203069601102 ], [ 16.05376391265602, 46.380149850260324 ], [ 16.053762352709917, 46.380149844173118 ], [ 16.05372270334697, 46.380149779417259 ], [ 16.05353225333203, 46.380149845754552 ], [ 16.05350430356528, 46.380149826600011 ], [ 16.053323090435704, 46.380133104159022 ], [ 16.053089389233993, 46.380080637944125 ], [ 16.052727335194444, 46.380144990913749 ], [ 16.052695651515659, 46.380156473188826 ], [ 16.052551312874368, 46.380208991143427 ], [ 16.052426271050365, 46.380206792372647 ], [ 16.052354428764861, 46.380232782571092 ], [ 16.052235149186725, 46.380304921828127 ], [ 16.05212475061813, 46.380451501392137 ], [ 16.051894358147294, 46.380757308438191 ], [ 16.05180211148673, 46.380846017773948 ], [ 16.051670305878282, 46.380891745969897 ], [ 16.051469011075095, 46.380961673469976 ], [ 16.051258491163239, 46.381078529040195 ], [ 16.051169423820916, 46.381191542383853 ], [ 16.05116426493548, 46.381218243387231 ], [ 16.05115095669262, 46.381287558441272 ], [ 16.051070601416239, 46.381384411201459 ], [ 16.050984420804845, 46.381462347217457 ], [ 16.050928057783143, 46.381550386993993 ], [ 16.050938717823165, 46.381629692898727 ], [ 16.050926118937031, 46.381691723093915 ], [ 16.050908376448177, 46.381778564955098 ], [ 16.050783075591532, 46.38187092240328 ], [ 16.050701093434689, 46.381912346655852 ], [ 16.05069418131264, 46.381915018614222 ], [ 16.050458747010783, 46.382009732022738 ], [ 16.050280235698423, 46.382090813354999 ], [ 16.050326655315001, 46.382121495906453 ], [ 16.050713366013309, 46.382365576428427 ], [ 16.050739879633376, 46.382382325140391 ], [ 16.05096616611511, 46.382531395360893 ], [ 16.051153402043649, 46.382654850205526 ], [ 16.051177454020866, 46.382670599477414 ], [ 16.051399927144743, 46.382825232036673 ], [ 16.051538138097495, 46.382918713676112 ], [ 16.051595672273102, 46.382957626611045 ], [ 16.051811831054756, 46.383121590534245 ], [ 16.051878242330218, 46.383171964371613 ], [ 16.051911244771404, 46.383206102545344 ], [ 16.051938568072782, 46.383251104889766 ], [ 16.051938825870359, 46.383251375811376 ], [ 16.052064063748652, 46.38327813782891 ], [ 16.052180346993804, 46.38330297526236 ], [ 16.05222085422216, 46.383309701729011 ], [ 16.052298882316908, 46.383322693075201 ], [ 16.052393528044963, 46.383338538498904 ], [ 16.052395086611021, 46.383338724540359 ], [ 16.052502520992864, 46.383380531436032 ], [ 16.05254710168602, 46.383397890247124 ], [ 16.052546370420981, 46.38347148326109 ], [ 16.052546362335537, 46.383472472905027 ], [ 16.052555982585154, 46.383472510546795 ], [ 16.05255962267961, 46.383472524789411 ], [ 16.052566894751113, 46.383855467707697 ], [ 16.05257015706675, 46.384029033565696 ], [ 16.052567867776737, 46.384134200120158 ], [ 16.052567257989963, 46.384161098912728 ], [ 16.052565188365865, 46.384255289923836 ], [ 16.052565183220658, 46.384255919697168 ], [ 16.052601414257481, 46.384261009827462 ], [ 16.05260517999983, 46.384261564383166 ], [ 16.05259758267383, 46.384348086275182 ], [ 16.052649526255376, 46.384641953167311 ], [ 16.052702470022446, 46.384940772309349 ], [ 16.052713946258219, 46.385047882072094 ], [ 16.052743428449894, 46.385322227405986 ], [ 16.052745719315926, 46.385344189162261 ], [ 16.052746812236588, 46.385353640336852 ], [ 16.052756481058935, 46.385443288746359 ], [ 16.052759382299392, 46.385470111294715 ], [ 16.052761919233884, 46.38549378345148 ], [ 16.05279757817787, 46.385505349155039 ], [ 16.052800301003384, 46.385506259507615 ], [ 16.052824831414707, 46.385511393779481 ], [ 16.053066892182418, 46.385561913798377 ], [ 16.053073507923319, 46.385563739063556 ], [ 16.053241104394196, 46.385610278879518 ], [ 16.053280149607978, 46.385621137897637 ], [ 16.053290916094596, 46.385624148980654 ], [ 16.053293251110407, 46.385624787895161 ], [ 16.053306476752322, 46.385629158139878 ], [ 16.053312700282376, 46.385631251770576 ], [ 16.053412279762917, 46.38566438994544 ], [ 16.053585118449334, 46.385721836155071 ], [ 16.053591212725305, 46.385723839295522 ], [ 16.053604438415114, 46.385728209505878 ], [ 16.053606382679458, 46.385728936859124 ], [ 16.053632072346353, 46.385735425039805 ], [ 16.053634796663925, 46.385736155437343 ], [ 16.053650992763416, 46.385742966439267 ], [ 16.053721477795541, 46.385772661873609 ], [ 16.054133117612441, 46.385946021187024 ], [ 16.054322155768631, 46.386042036797832 ], [ 16.054556901415147, 46.38616117261175 ], [ 16.054848521059903, 46.386337300706828 ], [ 16.05503465700226, 46.386438792032983 ], [ 16.055349975979226, 46.386610782440457 ], [ 16.055425206262775, 46.386648772552029 ], [ 16.055469733578775, 46.38667314770057 ], [ 16.0553206428159, 46.386812742022535 ], [ 16.055211857290665, 46.386904178787809 ], [ 16.055191288356326, 46.386923442430742 ], [ 16.054861133829629, 46.387232825728816 ], [ 16.054594422185371, 46.387382577699867 ], [ 16.054504430366595, 46.387448985227671 ], [ 16.054307182553778, 46.38759423867635 ], [ 16.054131217820846, 46.387744253227218 ], [ 16.053986226094946, 46.387922549054956 ], [ 16.053901396691561, 46.388041339029847 ], [ 16.053697674307674, 46.388326470177049 ], [ 16.053744612370782, 46.388358232973609 ], [ 16.053928480247926, 46.38845143993278 ], [ 16.054114810986906, 46.388545645872121 ], [ 16.054230685565649, 46.388606197859119 ], [ 16.054375827542831, 46.388681169077522 ], [ 16.054588816526312, 46.388791043001191 ], [ 16.0546401526375, 46.388825701610678 ], [ 16.054999175420416, 46.389093141776378 ], [ 16.055080724750717, 46.389153919201625 ], [ 16.055604526070393, 46.389544987970382 ], [ 16.055632504842098, 46.389574067164915 ], [ 16.055670382598162, 46.389617040257775 ], [ 16.056229152126939, 46.390250802191673 ], [ 16.056310836525835, 46.390343428771082 ], [ 16.056586544072744, 46.390657505140922 ], [ 16.056742460317505, 46.39086423175182 ], [ 16.057158240765364, 46.391415741572125 ], [ 16.05746763804116, 46.391826034570158 ], [ 16.057539064478725, 46.392013989142391 ], [ 16.057770918104048, 46.392623985340215 ], [ 16.0578979872692, 46.392958356649814 ], [ 16.057953243960508, 46.393104052317561 ], [ 16.058004297947711, 46.393238845298988 ], [ 16.058088439507173, 46.393446822040865 ], [ 16.058134845048496, 46.393561533605784 ], [ 16.058140836530036, 46.393576401862866 ], [ 16.058141219351363, 46.393577303045461 ], [ 16.058141857144903, 46.393578835005641 ], [ 16.058174276821472, 46.393573652013906 ], [ 16.058201488860146, 46.393569258627643 ], [ 16.058222060783599, 46.393565919227797 ], [ 16.058225315825361, 46.393565391980239 ], [ 16.058330648827166, 46.393548344593768 ], [ 16.058432986781021, 46.393531825367724 ], [ 16.058779971570292, 46.393475853528365 ], [ 16.058826323613928, 46.393468294905709 ], [ 16.058900276929265, 46.393456434183427 ], [ 16.058929572911534, 46.393451598810231 ], [ 16.059645302756113, 46.39333370684399 ], [ 16.060124060122099, 46.393254845969601 ], [ 16.060224055794095, 46.393238406101005 ], [ 16.060589665388939, 46.3931781818141 ], [ 16.06211771742089, 46.392926457876335 ], [ 16.062187635623374, 46.392914939458223 ], [ 16.062352991539257, 46.392887681582295 ], [ 16.062418482292472, 46.392876955812305 ], [ 16.062457411797006, 46.392870626900432 ], [ 16.063038630655733, 46.392774691550279 ], [ 16.063103731065308, 46.392763963896257 ], [ 16.063737027380423, 46.392659496816655 ], [ 16.06394925393943, 46.392624498036731 ], [ 16.065243830989083, 46.3924108889642 ], [ 16.065367259498149, 46.392390574983359 ], [ 16.065925422532196, 46.392298496023152 ], [ 16.066285943048758, 46.392238953964601 ], [ 16.06702546866137, 46.392116967401151 ], [ 16.067581542946897, 46.392025232328074 ], [ 16.068124975408502, 46.391936955653044 ], [ 16.068129532626315, 46.391936163130055 ], [ 16.068644190569273, 46.391852543746403 ], [ 16.069165877420595, 46.391767778912048 ], [ 16.06985264762686, 46.391656191799512 ], [ 16.07014844578277, 46.39160818021287 ], [ 16.070342042731141, 46.391576698353006 ], [ 16.070978163811347, 46.3914732814169 ], [ 16.071672477857987, 46.391360452087611 ], [ 16.07201111981928, 46.391303689077738 ], [ 16.072050439294681, 46.391297088447487 ], [ 16.073604851629391, 46.391036312571018 ], [ 16.073622388284864, 46.391033348352849 ], [ 16.066034404758259, 46.371011744690037 ], [ 16.066007109573398, 46.37103166265512 ] ] ] ] } },
{ "type": "Feature", "properties": { "fid": 169, "Rbr IJ": 3, "Naziv izborne jedinice": "III. IZBORNA JEDINICA", "Rbr.županije": 5, "Županija": "VARAŽDINSKA ŽUPANIJA", "Oznaka Gr/Op/Dr": "općina", "Grad/općina/država": "BEDNJA", "Rbr BM": 2, "Naziv BM": "PLEŠ", "Lokacija BM": "ŠPORTSKO REKREATIVNI CENTAR", "Adresa BM": "PLEŠ BB", "Ukupno birača": 308, "Glasovalo birača": 161, "Glasovalo birača (po listićima)": 161, "Važeći listići": 152, "Nevažeći listići": 9, "Latitude": 46.249041, "Longitude": 15.9593273, "ID_u_zupaniji": 169, "ID_global": 1533, "neighbours list": [ 1542, 1539, 1540, 1543, 1535, 1532, 1538 ] }, "geometry": { "type": "MultiPolygon", "coordinates": [ [ [ [ 15.940682739643155, 46.261049194574944 ], [ 15.957959256447309, 46.264908253136419 ], [ 15.972226842047561, 46.254277779976654 ], [ 15.976796196559281, 46.245031548427356 ], [ 15.968114377191332, 46.236913087257726 ], [ 15.940628860731874, 46.249086005823003 ], [ 15.937020578015773, 46.258475310866828 ], [ 15.940682739643155, 46.261049194574944 ] ] ] ] } },
{ "type": "Feature", "properties": { "fid": 49, "Rbr IJ": 3, "Naziv izborne jedinice": "III. IZBORNA JEDINICA", "Rbr.županije": 5, "Županija": "VARAŽDINSKA ŽUPANIJA", "Oznaka Gr/Op/Dr": "grad", "Grad/općina/država": "LEPOGLAVA", "Rbr BM": 15, "Naziv BM": "BEDNJICA", "Lokacija BM": "DRUŠTVENI DOM BEDNJICA", "Adresa BM": "BEDNJICA", "Ukupno birača": 193, "Glasovalo birača": 93, "Glasovalo birača (po listićima)": 93, "Važeći listići": 90, "Nevažeći listići": 3, "Latitude": 46.2877715, "Longitude": 15.9797156, "ID_u_zupaniji": 49, "ID_global": 1338, "neighbours list": [ 1540, 1543, 1538, 1339 ] }, "geometry": { "type": "MultiPolygon", "coordinates": [ [ [ [ 15.962341481999129, 46.296964184079719 ], [ 15.962353228343028, 46.296970897236754 ], [ 15.962487933702695, 46.297066810839176 ], [ 15.962607405312754, 46.297154285294695 ], [ 15.962659130115838, 46.29721417977175 ], [ 15.962674404395731, 46.297231796076979 ], [ 15.962736012003946, 46.297303163394787 ], [ 15.962783296648485, 46.297339284364945 ], [ 15.962827644803584, 46.297357127221069 ], [ 15.962828292032452, 46.297357310205655 ], [ 15.96289211867235, 46.297374344827901 ], [ 15.963019046414754, 46.297389696400131 ], [ 15.963183392688084, 46.297374902983073 ], [ 15.96332903892965, 46.29737423712065 ], [ 15.963480137552899, 46.297373506685673 ], [ 15.963822314084792, 46.297385368602114 ], [ 15.963953631678955, 46.297389853121096 ], [ 15.96418125455188, 46.297448502073358 ], [ 15.964252208327851, 46.297466828942063 ], [ 15.964318113188906, 46.29748378253359 ], [ 15.964349317309123, 46.297491846251006 ], [ 15.964352165847604, 46.297492579371074 ], [ 15.964500822295395, 46.297555986117317 ], [ 15.964509446857996, 46.297563404206421 ], [ 15.964593505330999, 46.297635595437534 ], [ 15.964694230267158, 46.297795767187544 ], [ 15.964748008602365, 46.297898317008205 ], [ 15.964823479609608, 46.298039296369446 ], [ 15.964848125945849, 46.29808097874573 ], [ 15.964901380294034, 46.298170750026827 ], [ 15.964998336647637, 46.298318217818959 ], [ 15.965019023521188, 46.29836662952161 ], [ 15.965055962131862, 46.298452365621209 ], [ 15.965070921850852, 46.298475738331533 ], [ 15.965096879714286, 46.298516077208426 ], [ 15.965144343336688, 46.298560745360582 ], [ 15.965354574726963, 46.298739782968177 ], [ 15.965382764726556, 46.298764207191255 ], [ 15.96541803514932, 46.298794692628135 ], [ 15.96553898915071, 46.298864086572088 ], [ 15.96559909230935, 46.298903865160064 ], [ 15.965700506821102, 46.298993681195093 ], [ 15.965732393680929, 46.299011734602175 ], [ 15.96579733042944, 46.299048386654611 ], [ 15.965919046986262, 46.299092861544025 ], [ 15.965920598485132, 46.299093498594331 ], [ 15.966088716630312, 46.299131802033486 ], [ 15.966171566042002, 46.299155221676926 ], [ 15.966180731820153, 46.299120355379628 ], [ 15.966295496806113, 46.299145543429191 ], [ 15.966744712057427, 46.299244269178935 ], [ 15.966871006392275, 46.299271939661246 ], [ 15.966955455015905, 46.299291137514189 ], [ 15.966975142192625, 46.299295637916067 ], [ 15.966978638998787, 46.29929646396441 ], [ 15.966978622411164, 46.299298173352803 ], [ 15.966975726102584, 46.299409365093219 ], [ 15.966970976207921, 46.299591176112813 ], [ 15.966967442503099, 46.299727916887925 ], [ 15.966967441630036, 46.299728006855737 ], [ 15.966967012648647, 46.299745459399226 ], [ 15.966937198609491, 46.299754497536668 ], [ 15.966958581269544, 46.29979832355378 ], [ 15.966979709064782, 46.299908547619083 ], [ 15.966993230526525, 46.299946488809546 ], [ 15.96702596279038, 46.300038052810294 ], [ 15.967088673705257, 46.300183919592705 ], [ 15.967130748222187, 46.30030269860471 ], [ 15.967207031420978, 46.30046797251763 ], [ 15.967224956952267, 46.300506923889287 ], [ 15.967300794319961, 46.300637916378079 ], [ 15.967379466467536, 46.300797892956403 ], [ 15.967425710874771, 46.3009017559433 ], [ 15.967457436661714, 46.300976760295761 ], [ 15.967478376705047, 46.301026162399296 ], [ 15.967529445268298, 46.301127888483492 ], [ 15.96759469450334, 46.301213035782411 ], [ 15.967645551290305, 46.301269684929217 ], [ 15.967707905217887, 46.301332145775355 ], [ 15.967801732727711, 46.30140195083488 ], [ 15.967809853055925, 46.301407926773116 ], [ 15.967885916989093, 46.301529202947592 ], [ 15.967954834754877, 46.301677977199901 ], [ 15.968014792660886, 46.301813663802697 ], [ 15.96803162397682, 46.301912081332645 ], [ 15.968040957018246, 46.301967097547674 ], [ 15.968074497942947, 46.302149716474332 ], [ 15.96813203728483, 46.302374373894004 ], [ 15.968163302253219, 46.302416716112774 ], [ 15.968182395626636, 46.302442446893714 ], [ 15.968267440385645, 46.302521297860295 ], [ 15.96836473139844, 46.302676141925446 ], [ 15.968446729012902, 46.30286870297239 ], [ 15.96846348441245, 46.302908008580367 ], [ 15.968551451814061, 46.303033748234085 ], [ 15.96863317026855, 46.303147942384001 ], [ 15.968749299182829, 46.303301524070477 ], [ 15.968801230955473, 46.303381570347938 ], [ 15.968830137766009, 46.30342624068809 ], [ 15.968939656265411, 46.30359229754584 ], [ 15.96901406267877, 46.303724451811867 ], [ 15.969082962698911, 46.303821941312485 ], [ 15.969113875665716, 46.30387399858072 ], [ 15.969174423639725, 46.303976037806116 ], [ 15.969251274986892, 46.304110542526075 ], [ 15.969327195123627, 46.304233976337628 ], [ 15.969340541621467, 46.304276864857847 ], [ 15.969355898232793, 46.304326690533607 ], [ 15.969361111383728, 46.304391764338185 ], [ 15.969364660729603, 46.304548421709406 ], [ 15.969364781851576, 46.304549321989477 ], [ 15.969384897063495, 46.304550045142491 ], [ 15.969484759972362, 46.304533413891555 ], [ 15.969487100983851, 46.304532974894435 ], [ 15.969512230956745, 46.304565571308252 ], [ 15.969516461835875, 46.304571079217247 ], [ 15.969748314455718, 46.304867622042657 ], [ 15.969755497262689, 46.304876652531917 ], [ 15.969852466255617, 46.304998474124588 ], [ 15.96982071201065, 46.305060317450277 ], [ 15.969707220301792, 46.30523793528301 ], [ 15.969706692348538, 46.305238832552284 ], [ 15.969547064438313, 46.305488663521679 ], [ 15.969528007733974, 46.305499281752731 ], [ 15.969547556699119, 46.305558663850739 ], [ 15.969550443427671, 46.305568934025949 ], [ 15.969566613713626, 46.305628660332516 ], [ 15.969614834720026, 46.30574377798515 ], [ 15.969645375801486, 46.30580761966926 ], [ 15.969683409171809, 46.305848463320068 ], [ 15.969690481390403, 46.305855513919852 ], [ 15.969706038192648, 46.305871241160403 ], [ 15.969768069653856, 46.30594098704811 ], [ 15.96989380814515, 46.306041438739101 ], [ 15.970006276480234, 46.306104490495144 ], [ 15.970077790963261, 46.306160244571373 ], [ 15.970112710514361, 46.306187487907977 ], [ 15.970262023440171, 46.30629362668796 ], [ 15.970373875056456, 46.306380337796675 ], [ 15.970440104668489, 46.306445694142397 ], [ 15.970465697538085, 46.306470824822611 ], [ 15.970505170399891, 46.306510595200358 ], [ 15.970675025703843, 46.306627265286409 ], [ 15.970753715696528, 46.306666047489344 ], [ 15.970900888775887, 46.306738526081986 ], [ 15.970990076317248, 46.306779246104448 ], [ 15.970998090497799, 46.306782882053341 ], [ 15.971034542050724, 46.306799425553642 ], [ 15.971034929778003, 46.306799607290863 ], [ 15.97104140432107, 46.306801346706983 ], [ 15.971089314739443, 46.306814344329737 ], [ 15.971133081330473, 46.306826243104503 ], [ 15.971155482181315, 46.30683237482291 ], [ 15.971158331295523, 46.306833107774672 ], [ 15.9711609207693, 46.306833839525474 ], [ 15.971193786819544, 46.306845238001017 ], [ 15.971338189890803, 46.306895390221193 ], [ 15.971428890752781, 46.30695429119195 ], [ 15.971451611009943, 46.306967712041022 ], [ 15.971537342364945, 46.307084351819682 ], [ 15.971572366210488, 46.307114384311994 ], [ 15.971690182940927, 46.307215697111012 ], [ 15.971994853162393, 46.307367717150875 ], [ 15.972102999271135, 46.307435245455814 ], [ 15.97220157022211, 46.307634538067845 ], [ 15.972219781129919, 46.307671420572639 ], [ 15.972244790130997, 46.307770954786143 ], [ 15.972248680237247, 46.307838991379334 ], [ 15.972331676249633, 46.307956877522493 ], [ 15.972516816400104, 46.30811860124593 ], [ 15.97251964658645, 46.308121313454492 ], [ 15.972570327749086, 46.308170401901933 ], [ 15.972668755190359, 46.308303834112813 ], [ 15.972698412961046, 46.308352015795435 ], [ 15.972717325002916, 46.308410584637336 ], [ 15.97271338630577, 46.308469228043734 ], [ 15.972706598217211, 46.308567715786076 ], [ 15.972706677773921, 46.308613511763816 ], [ 15.972727817664577, 46.308669931553723 ], [ 15.972743005905322, 46.308697173054405 ], [ 15.972751810041956, 46.308713228620284 ], [ 15.972809027508871, 46.308771254297753 ], [ 15.972849014971223, 46.30879834020822 ], [ 15.972940324518477, 46.308848425535658 ], [ 15.973017687058165, 46.308877213182996 ], [ 15.97306488674457, 46.308896864604321 ], [ 15.973120233512942, 46.308919882501918 ], [ 15.973173421635977, 46.30893785201004 ], [ 15.973235991240625, 46.308965851575444 ], [ 15.973236378127417, 46.308966123272988 ], [ 15.973306827068821, 46.308984802039888 ], [ 15.973443228240415, 46.309003694531839 ], [ 15.973818592682123, 46.30905553678258 ], [ 15.973888350048506, 46.309065124864226 ], [ 15.974040745169663, 46.309081481054442 ], [ 15.97405474220894, 46.309084064647401 ], [ 15.974078207042696, 46.309087681476186 ], [ 15.974080410631863, 46.309088051498712 ], [ 15.974188682443632, 46.309143072317276 ], [ 15.974190232599303, 46.309143889191382 ], [ 15.974454559220851, 46.309172095943872 ], [ 15.974456043473184, 46.30915266887434 ], [ 15.97459690722, 46.309139460596143 ], [ 15.974912032417858, 46.309109777971649 ], [ 15.975447753269783, 46.309038010249722 ], [ 15.975544081183092, 46.309025136311909 ], [ 15.975951601128616, 46.309040860441442 ], [ 15.975954715225107, 46.309041054657456 ], [ 15.976023038002735, 46.309173806146617 ], [ 15.97603601211422, 46.309242783937691 ], [ 15.97608986764453, 46.309531120151888 ], [ 15.976099874578551, 46.309584519229361 ], [ 15.976125197251552, 46.309720042679444 ], [ 15.976125320211821, 46.309720763016486 ], [ 15.976164108499349, 46.309724089736342 ], [ 15.97616748143146, 46.309724375104054 ], [ 15.976189116517956, 46.309797351304731 ], [ 15.976262556892353, 46.309856529220006 ], [ 15.976326428790729, 46.309911614537867 ], [ 15.976336476408379, 46.30991993795206 ], [ 15.97640345917395, 46.30997557730376 ], [ 15.976524488623088, 46.310081938192198 ], [ 15.976629771583934, 46.310192185630136 ], [ 15.976635867851147, 46.310206429063413 ], [ 15.976662523144487, 46.310243169550795 ], [ 15.976688440155092, 46.310289263709713 ], [ 15.976706297186896, 46.310322814908787 ], [ 15.976713206257807, 46.310347138887948 ], [ 15.976737483939313, 46.310497142844639 ], [ 15.976739567569997, 46.310510108304548 ], [ 15.976728506337027, 46.310608126834069 ], [ 15.976713910155537, 46.310695602494768 ], [ 15.976718323361325, 46.310722974087149 ], [ 15.976726587820982, 46.310823060432753 ], [ 15.976740413072461, 46.310939097213428 ], [ 15.976769631120503, 46.311074818257737 ], [ 15.976784969268895, 46.311141107607739 ], [ 15.976798548498021, 46.311214856556461 ], [ 15.976803846497011, 46.311272012819792 ], [ 15.976807973075957, 46.311315847912844 ], [ 15.97682506715819, 46.311415884670758 ], [ 15.976830819375927, 46.311479880857036 ], [ 15.976847323150757, 46.31156012113788 ], [ 15.976877512386173, 46.311662107203432 ], [ 15.976885799089994, 46.31177353005419 ], [ 15.976890397375751, 46.311890514271653 ], [ 15.976894127769116, 46.311907805899928 ], [ 15.976913053149893, 46.311992825742735 ], [ 15.976943454372691, 46.312127112583326 ], [ 15.976929745470732, 46.312244103015345 ], [ 15.976926347479857, 46.312273688150228 ], [ 15.97692620736108, 46.312274767169271 ], [ 15.97694711651228, 46.312274233018378 ], [ 15.976948544677899, 46.312274239551506 ], [ 15.976951775081304, 46.312275873818969 ], [ 15.977077754109308, 46.312340329920673 ], [ 15.977147009814271, 46.312375825553119 ], [ 15.977148818915362, 46.312376733542344 ], [ 15.977149594489209, 46.31237709697551 ], [ 15.977214194070182, 46.312356159039737 ], [ 15.977236857044581, 46.312348705036122 ], [ 15.977560674218749, 46.312239699847979 ], [ 15.977697297065287, 46.312154401068575 ], [ 15.977799960168472, 46.312090270320759 ], [ 15.977796567011563, 46.312064792840644 ], [ 15.977942831612845, 46.312044137461399 ], [ 15.978118500013633, 46.312003462450392 ], [ 15.978273313734931, 46.311971239322375 ], [ 15.978421096665077, 46.31194105326162 ], [ 15.978534261933376, 46.311933022112306 ], [ 15.978558937791632, 46.311932324901775 ], [ 15.978833870838397, 46.311925390954599 ], [ 15.979047720179551, 46.311911070295146 ], [ 15.979217382634975, 46.311873785154937 ], [ 15.979308885136978, 46.311849909527503 ], [ 15.979378000965271, 46.311831780055947 ], [ 15.97949173836928, 46.311777055264209 ], [ 15.979616115138169, 46.311681981497678 ], [ 15.979717813067175, 46.311554954427315 ], [ 15.979743529446706, 46.311526640390085 ], [ 15.979796422076561, 46.311480365683003 ], [ 15.979806110578272, 46.311471862451562 ], [ 15.979828796430413, 46.311448213134796 ], [ 15.979827129383398, 46.311418604867676 ], [ 15.979926412587544, 46.311217429953146 ], [ 15.979972478191005, 46.311124248861368 ], [ 15.979990085635633, 46.311088430236573 ], [ 15.979990613478339, 46.31108753292029 ], [ 15.980044059997228, 46.311119805897007 ], [ 15.980093892618413, 46.311149813124118 ], [ 15.980129804946463, 46.311169050408637 ], [ 15.980181566870794, 46.311187280078407 ], [ 15.980293503427568, 46.311226566707703 ], [ 15.980314078405931, 46.311233857958797 ], [ 15.980317831578954, 46.311235134620681 ], [ 15.980309006944273, 46.311220968957713 ], [ 15.980424196683087, 46.31119090207612 ], [ 15.980441990306334, 46.311190263157187 ], [ 15.980531605016862, 46.311187341373611 ], [ 15.980568256046345, 46.311197134849358 ], [ 15.980640521200305, 46.311216537112358 ], [ 15.980709289481419, 46.311235023731399 ], [ 15.980724571233456, 46.311239141859787 ], [ 15.980758760650341, 46.3112483842649 ], [ 15.980773006315028, 46.311252227766708 ], [ 15.980778056107573, 46.311253690244861 ], [ 15.980945340913845, 46.311302764556714 ], [ 15.980948966826924, 46.311303770705138 ], [ 15.980949354618989, 46.311303952408885 ], [ 15.980951295280354, 46.311304680991967 ], [ 15.980969665799917, 46.311311692202757 ], [ 15.981126719548467, 46.311371786322908 ], [ 15.981137973202253, 46.31137624600327 ], [ 15.981211188187345, 46.311405099241519 ], [ 15.981268421244954, 46.311435229503658 ], [ 15.981320872700582, 46.311462998782844 ], [ 15.981327079111486, 46.311465726086908 ], [ 15.981396891504328, 46.311497442864578 ], [ 15.981408269089133, 46.311502532882059 ], [ 15.981408398070876, 46.311502623438741 ], [ 15.981425750456856, 46.311507470637906 ], [ 15.981454627263371, 46.31151560907967 ], [ 15.981472497284472, 46.311520638562612 ], [ 15.981474568641696, 46.311521277757805 ], [ 15.981478193729362, 46.311522373857329 ], [ 15.981488162721208, 46.31152538813042 ], [ 15.981541243292343, 46.311541553814365 ], [ 15.981549140932167, 46.311543928888177 ], [ 15.98157270317463, 46.311551143485545 ], [ 15.981595618813484, 46.311558085231418 ], [ 15.981598466615072, 46.311558997859663 ], [ 15.981669335890706, 46.311575064190102 ], [ 15.981720771214013, 46.311586723748363 ], [ 15.98183628832496, 46.311590756195919 ], [ 15.981942317550587, 46.311595825199404 ], [ 15.982012781415262, 46.311586067608523 ], [ 15.982167160645121, 46.311558245850968 ], [ 15.982240876973984, 46.311534017409137 ], [ 15.982331370297908, 46.311493040173374 ], [ 15.982414884960379, 46.311476143685844 ], [ 15.982466702895699, 46.311460993080289 ], [ 15.982503417114668, 46.311450362649829 ], [ 15.982625054360676, 46.31141114562169 ], [ 15.982741281748604, 46.311367315435099 ], [ 15.982831208318631, 46.311317518014114 ], [ 15.982897567149145, 46.311247280340041 ], [ 15.982979161966032, 46.311130866075473 ], [ 15.983019037278094, 46.311046472990917 ], [ 15.983014150050337, 46.310972584139385 ], [ 15.982983124838796, 46.31091684135373 ], [ 15.982932829372588, 46.310839328240618 ], [ 15.982823630631007, 46.310716023017896 ], [ 15.982803669402738, 46.310671126827046 ], [ 15.982726492742811, 46.310497762143129 ], [ 15.98269607314479, 46.310364016554239 ], [ 15.982698898559077, 46.310257052988973 ], [ 15.982725802379365, 46.310143810363563 ], [ 15.982736886481623, 46.310097345138182 ], [ 15.982795962896706, 46.309986857212891 ], [ 15.982840082077891, 46.309837793715367 ], [ 15.982858470808221, 46.309829059658618 ], [ 15.982933546966896, 46.309784233393664 ], [ 15.982978358408641, 46.309768421065783 ], [ 15.982975041980593, 46.309748342379237 ], [ 15.982983723669648, 46.309708794085005 ], [ 15.983050608377852, 46.309403192689203 ], [ 15.983176950904525, 46.309318740563725 ], [ 15.983205323062151, 46.309297635479133 ], [ 15.983453214718701, 46.309113683811674 ], [ 15.983485917462851, 46.309087649776259 ], [ 15.983614374346946, 46.308985302342798 ], [ 15.983615943253035, 46.308984139795967 ], [ 15.983770950428179, 46.308861038649354 ], [ 15.983772520173206, 46.308859786132423 ], [ 15.984006801318477, 46.309129049320219 ], [ 15.984237489327745, 46.309394067136317 ], [ 15.984293748369844, 46.30945874063783 ], [ 15.984290541815685, 46.309482208791543 ], [ 15.984332306886193, 46.309500391498432 ], [ 15.984333211449465, 46.309500845436496 ], [ 15.984404717885457, 46.309517992611958 ], [ 15.984493206353097, 46.309537915458954 ], [ 15.984494760897595, 46.309538282354474 ], [ 15.984613825888976, 46.309578856507741 ], [ 15.984687336291637, 46.309603840077436 ], [ 15.984800709933321, 46.309669850378341 ], [ 15.984810653450614, 46.309675563399189 ], [ 15.984842030969419, 46.309693879058443 ], [ 15.98484215995264, 46.309693969611288 ], [ 15.984845527021672, 46.309694884498512 ], [ 15.984890720277985, 46.309707504200297 ], [ 15.984914805708666, 46.309714270609838 ], [ 15.984916748055145, 46.309714819189999 ], [ 15.984960766146902, 46.309728153343777 ], [ 15.985066799474696, 46.309760121010854 ], [ 15.985120134848504, 46.309776736044512 ], [ 15.985158712936919, 46.309788696049715 ], [ 15.985201738777597, 46.309824788483681 ], [ 15.985196379574639, 46.309828633137961 ], [ 15.985325321703064, 46.30993753953971 ], [ 15.985358684877133, 46.309965670909534 ], [ 15.98546064530046, 46.310072116445269 ], [ 15.985545894447206, 46.310133050992533 ], [ 15.985582429365047, 46.310155258434591 ], [ 15.98568080578598, 46.310214722420127 ], [ 15.985789524060472, 46.310279001329825 ], [ 15.985830206198766, 46.310315892729101 ], [ 15.985859432186249, 46.310342205912619 ], [ 15.98593635713509, 46.310404812197156 ], [ 15.985938547382021, 46.310406621478123 ], [ 15.985953429590113, 46.310397961131358 ], [ 15.985954212775436, 46.310397514793884 ], [ 15.986014811175593, 46.310428917418157 ], [ 15.98603421816283, 46.310436202390335 ], [ 15.986070278794497, 46.310453639043516 ], [ 15.986098955185703, 46.310469333035101 ], [ 15.986100246740946, 46.310470058613497 ], [ 15.986130070400154, 46.310474151405231 ], [ 15.986153410182444, 46.310477405305654 ], [ 15.986347391404681, 46.310504278710205 ], [ 15.986571388334589, 46.310556388671849 ], [ 15.986598756254478, 46.310559300682137 ], [ 15.986713026605575, 46.31057151002971 ], [ 15.986830517682606, 46.310558631616253 ], [ 15.986902420589489, 46.310533582282027 ], [ 15.986982150259973, 46.310476808012247 ], [ 15.987014957610326, 46.310453382622356 ], [ 15.987015088280005, 46.310453293236918 ], [ 15.987018582739775, 46.310454478546603 ], [ 15.987095470977996, 46.310479475717713 ], [ 15.987139740632173, 46.310493799847471 ], [ 15.987142976279092, 46.310494894020771 ], [ 15.987170558058065, 46.310488809684294 ], [ 15.987707365003292, 46.310369934213476 ], [ 15.988290356087095, 46.310240826201536 ], [ 15.988389233766613, 46.310218955686061 ], [ 15.988460199640812, 46.310238617110919 ], [ 15.988550201781086, 46.310263582001312 ], [ 15.988555382359747, 46.310264954749513 ], [ 15.988564965383461, 46.310267606792955 ], [ 15.98856833171256, 46.310268611538817 ], [ 15.988577216991095, 46.310276478818572 ], [ 15.98881751917386, 46.310487907204973 ], [ 15.988847524828699, 46.310514313080652 ], [ 15.988903210866324, 46.310599405310789 ], [ 15.988930694622949, 46.310645683634434 ], [ 15.989137291654703, 46.310851832291178 ], [ 15.989140636266269, 46.31085517618682 ], [ 15.989199116397286, 46.310919137405435 ], [ 15.989262540836009, 46.311051769072122 ], [ 15.989364404733506, 46.31118358268531 ], [ 15.989372229871853, 46.311193784431111 ], [ 15.98950161032913, 46.311340566126354 ], [ 15.989546888549897, 46.31138620396775 ], [ 15.989548431471102, 46.311387830345986 ], [ 15.989522591379473, 46.311430001672989 ], [ 15.989507826072895, 46.311454048161046 ], [ 15.989481721236059, 46.311496758126417 ], [ 15.989470454324691, 46.311493648783589 ], [ 15.989468253042538, 46.311493009153182 ], [ 15.989459965567882, 46.311490632885835 ], [ 15.989452324742388, 46.311488529420288 ], [ 15.989448439832335, 46.3114874324135 ], [ 15.989444814585701, 46.311486336566013 ], [ 15.989430311927395, 46.311482133110843 ], [ 15.989397200139624, 46.311510416300344 ], [ 15.989312393064436, 46.311582734665699 ], [ 15.989170130804622, 46.311704100771244 ], [ 15.989131567549897, 46.311746125193373 ], [ 15.98901981835591, 46.311839376330909 ], [ 15.988885926841535, 46.311912194785016 ], [ 15.98877369864336, 46.311959198101434 ], [ 15.988735751418055, 46.311990788429291 ], [ 15.988707094336005, 46.312014682723671 ], [ 15.988646545826445, 46.312116979655485 ], [ 15.988608013397567, 46.312239258760378 ], [ 15.988540976531214, 46.312424750399586 ], [ 15.98853478261978, 46.312504257640782 ], [ 15.988531690685686, 46.31254347145336 ], [ 15.988537269940085, 46.312752950427651 ], [ 15.988539788687794, 46.31276132905824 ], [ 15.988547974832612, 46.31278853711521 ], [ 15.988561324137377, 46.312832952851906 ], [ 15.98861347974486, 46.312906962883382 ], [ 15.988614505016736, 46.312908407015307 ], [ 15.988628546467606, 46.312906400466083 ], [ 15.988630886848982, 46.312906051046404 ], [ 15.988647978094994, 46.312925111501109 ], [ 15.988682673259872, 46.312963954468465 ], [ 15.988720068202571, 46.313005688590003 ], [ 15.988844622931802, 46.313155058580733 ], [ 15.98899385980487, 46.313331080377566 ], [ 15.989002233828874, 46.313338135590222 ], [ 15.989244056996894, 46.313541202396223 ], [ 15.989165606803537, 46.31373932937737 ], [ 15.989138981019499, 46.313740200108363 ], [ 15.989151841541869, 46.313879083804615 ], [ 15.989152920664303, 46.313916606798479 ], [ 15.989155616761147, 46.314003621415914 ], [ 15.989091434427268, 46.314217197223371 ], [ 15.989076646282394, 46.314215691598918 ], [ 15.988982927112657, 46.31439404641641 ], [ 15.988964025221412, 46.314429950589862 ], [ 15.988928506557249, 46.314521292983713 ], [ 15.988956863514437, 46.31459951509899 ], [ 15.989151031033314, 46.314677848323775 ], [ 15.989152971923588, 46.314678576768166 ], [ 15.989358865321313, 46.314710806583101 ], [ 15.989497366997618, 46.314715383788631 ], [ 15.989763855113205, 46.314724310830513 ], [ 15.989888436752171, 46.314724516600194 ], [ 15.997272633025503, 46.277167427366905 ], [ 15.985526121877138, 46.275164257342894 ], [ 15.966894062159826, 46.28101030900045 ], [ 15.962271069432346, 46.296924094872502 ], [ 15.962341481999129, 46.296964184079719 ] ] ] ] } },
{ "type": "Feature", "properties": { "fid": 176, "Rbr IJ": 3, "Naziv izborne jedinice": "III. IZBORNA JEDINICA", "Rbr.županije": 5, "Županija": "VARAŽDINSKA ŽUPANIJA", "Oznaka Gr/Op/Dr": "općina", "Grad/općina/država": "BEDNJA", "Rbr BM": 9, "Naziv BM": "CVETLIN", "Lokacija BM": "OSNOVNA ŠKOLA", "Adresa BM": "CVETLIN BB", "Ukupno birača": 570, "Glasovalo birača": 262, "Glasovalo birača (po listićima)": 262, "Važeći listići": 248, "Nevažeći listići": 14, "Latitude": 46.2798495, "Longitude": 15.9524456, "ID_u_zupaniji": 176, "ID_global": 1540, "neighbours list": [ 1542, 1533, 1338, 1543 ] }, "geometry": { "type": "MultiPolygon", "coordinates": [ [ [ [ 15.945966475346969, 46.291636055573015 ], [ 15.945971164274756, 46.291724520782402 ], [ 15.945982903919429, 46.291950407413474 ], [ 15.94600985734759, 46.292134890655554 ], [ 15.946222026546115, 46.292216083528238 ], [ 15.946378988339589, 46.292276135198946 ], [ 15.946562106091275, 46.292381029347148 ], [ 15.946599027508761, 46.292478107901111 ], [ 15.946708786860187, 46.29276609962664 ], [ 15.94670904009099, 46.292766730656012 ], [ 15.947140800328627, 46.292824331905734 ], [ 15.947308656813235, 46.292846736706572 ], [ 15.947310342230136, 46.292846924797665 ], [ 15.947762570469932, 46.293037691211246 ], [ 15.947847458579398, 46.293063203367247 ], [ 15.948034317252368, 46.293119258416567 ], [ 15.948172242164294, 46.293408104444055 ], [ 15.948202428958567, 46.293504070293956 ], [ 15.948227207532659, 46.293582825386679 ], [ 15.948270081155378, 46.293798425199931 ], [ 15.948290718730235, 46.293901812614067 ], [ 15.948315308177639, 46.294025282841083 ], [ 15.948315431643099, 46.294025913240638 ], [ 15.948372736271482, 46.294032397791348 ], [ 15.948818073163904, 46.294083400264256 ], [ 15.949081516132187, 46.294113550936522 ], [ 15.949102487938402, 46.294119050302839 ], [ 15.949265730718423, 46.294161943603228 ], [ 15.949317642978931, 46.294175509492 ], [ 15.949352336491227, 46.294184673778361 ], [ 15.949355443333117, 46.294185498488602 ], [ 15.949362415016926, 46.29418922091466 ], [ 15.949364351946599, 46.294190219934393 ], [ 15.949715376338686, 46.294379051588677 ], [ 15.949774504054897, 46.294410916305296 ], [ 15.949776698778686, 46.294412096502541 ], [ 15.949780725886606, 46.29441175599419 ], [ 15.950340734092347, 46.294366314519856 ], [ 15.950474507649934, 46.294383962240168 ], [ 15.950963843326546, 46.294448663602523 ], [ 15.951042670918824, 46.294470545397601 ], [ 15.951183296376492, 46.294503970279237 ], [ 15.951426026876456, 46.294567935554895 ], [ 15.95153036884448, 46.294595427714412 ], [ 15.9516017165977, 46.294612504728626 ], [ 15.951716743616405, 46.294583815489226 ], [ 15.952034842421568, 46.294509134177375 ], [ 15.952173057569192, 46.294484964232367 ], [ 15.952269404673698, 46.294468151204811 ], [ 15.952904890226909, 46.294259579656568 ], [ 15.952981529324328, 46.294227556434777 ], [ 15.953154228338793, 46.294155325301936 ], [ 15.953389131097927, 46.294079882394549 ], [ 15.953526633828439, 46.294035823600645 ], [ 15.953583016176738, 46.294017648811504 ], [ 15.95374938513439, 46.294046694966035 ], [ 15.95387768641424, 46.294066471888421 ], [ 15.954053420212812, 46.294093582946829 ], [ 15.954190608202692, 46.294107283856526 ], [ 15.954449294109844, 46.294133170767545 ], [ 15.954489813824946, 46.294143890817253 ], [ 15.95467105086426, 46.294191990650468 ], [ 15.954767365535202, 46.294217552159616 ], [ 15.954848405231679, 46.29423899202002 ], [ 15.95485436218731, 46.294240370001702 ], [ 15.954899951019677, 46.294250394298849 ], [ 15.954910311917407, 46.294252692992877 ], [ 15.954931279014154, 46.294258731098985 ], [ 15.954996122723252, 46.294277304512846 ], [ 15.954999617242208, 46.294278310861515 ], [ 15.954997055730074, 46.294287925652156 ], [ 15.9549953086589, 46.294293945446242 ], [ 15.954949182233804, 46.294298853970844 ], [ 15.954972754678447, 46.294356278481359 ], [ 15.954991331010055, 46.294393975311479 ], [ 15.955055592656917, 46.294458161702224 ], [ 15.95517126226974, 46.294547695209204 ], [ 15.955304563339723, 46.294665563789579 ], [ 15.955322448214737, 46.294681394083511 ], [ 15.955404199890834, 46.294762038488521 ], [ 15.95559982954256, 46.294942914030962 ], [ 15.955767183247335, 46.29503017378628 ], [ 15.955818725194685, 46.295055161395666 ], [ 15.955957720402822, 46.295122582038687 ], [ 15.956084000749744, 46.295189492166749 ], [ 15.956199527065666, 46.295320051148025 ], [ 15.956279432758274, 46.295456288801141 ], [ 15.956357550227445, 46.295589638790318 ], [ 15.956459053021984, 46.295733986500117 ], [ 15.956483595279623, 46.295759205339031 ], [ 15.956569112644692, 46.295826910835714 ], [ 15.95658065971535, 46.295840551479856 ], [ 15.956685608959816, 46.295925263966403 ], [ 15.956686382386108, 46.295925807473253 ], [ 15.956885897824387, 46.296357810908653 ], [ 15.956905342899226, 46.296399740221254 ], [ 15.957055443032788, 46.296460374392311 ], [ 15.957223123708246, 46.296541515452127 ], [ 15.957332968337827, 46.296603937533966 ], [ 15.957334517888537, 46.296604754635759 ], [ 15.957405979384115, 46.296610762012811 ], [ 15.957520643274218, 46.296605817809535 ], [ 15.957680756985663, 46.29659892974864 ], [ 15.957774530092259, 46.296527486917675 ], [ 15.957952897816037, 46.296472819973971 ], [ 15.958103273098304, 46.296426747363782 ], [ 15.958134776761066, 46.296417449616463 ], [ 15.958222649360765, 46.296430911955376 ], [ 15.958261279591481, 46.296436043450363 ], [ 15.95839233421974, 46.296453758986438 ], [ 15.958512542546982, 46.296452528900922 ], [ 15.958571607458678, 46.296451998861478 ], [ 15.958604190550668, 46.296451703289343 ], [ 15.958685137700833, 46.296456675118641 ], [ 15.958726142430725, 46.296457948905221 ], [ 15.958752484706245, 46.296458703409826 ], [ 15.958769707616518, 46.296462833674511 ], [ 15.958848053972847, 46.296481468810541 ], [ 15.95891759466519, 46.29649799286755 ], [ 15.958919407372422, 46.296498451305474 ], [ 15.9589410096854, 46.296506021202198 ], [ 15.959037639188157, 46.296539768036581 ], [ 15.959069331933232, 46.296550804582324 ], [ 15.959071400691284, 46.296551624116944 ], [ 15.959084486138162, 46.296554115265131 ], [ 15.959090833725556, 46.296555404901468 ], [ 15.959135659776097, 46.296564074317047 ], [ 15.959139287856001, 46.296564721282799 ], [ 15.959236350760124, 46.296580835501203 ], [ 15.959269914730481, 46.296586392553671 ], [ 15.959403870180218, 46.296586396178526 ], [ 15.95948491641923, 46.2965945169273 ], [ 15.959560670833316, 46.296612779433609 ], [ 15.959746753044687, 46.296657835051235 ], [ 15.959787931725979, 46.296667836555628 ], [ 15.959788450025204, 46.296667928976369 ], [ 15.959794791449577, 46.296669848347946 ], [ 15.959843454970509, 46.296684293819617 ], [ 15.959864550685522, 46.296690601541286 ], [ 15.959876458307351, 46.296694076725807 ], [ 15.959889142053369, 46.296697825491165 ], [ 15.959899236956096, 46.296700842250736 ], [ 15.95990260192392, 46.296701847837063 ], [ 15.959983753442648, 46.296712487943168 ], [ 15.960001528433077, 46.296713291668297 ], [ 15.960076779222987, 46.29671679605795 ], [ 15.960249260429505, 46.296732635726009 ], [ 15.960339389211205, 46.29674115863174 ], [ 15.960367316599367, 46.296739131116055 ], [ 15.960449149158553, 46.296733309243834 ], [ 15.960497653249494, 46.296724360984179 ], [ 15.960598138557787, 46.296696044063658 ], [ 15.960681887144323, 46.296666928335355 ], [ 15.960709917782266, 46.296667600380758 ], [ 15.960759883063522, 46.296668465841528 ], [ 15.960778571039777, 46.296668823892055 ], [ 15.96096662611755, 46.296711367613554 ], [ 15.961096618337836, 46.296731684225527 ], [ 15.961116706736938, 46.29673483795095 ], [ 15.961287409783724, 46.296720257161823 ], [ 15.961382630506755, 46.296699292445076 ], [ 15.961450013944788, 46.296684404596895 ], [ 15.961587367988407, 46.296668766556429 ], [ 15.961715113258201, 46.296693210592963 ], [ 15.961716668166561, 46.296693487828989 ], [ 15.961770079144246, 46.296713623061692 ], [ 15.961815318289897, 46.296733179973536 ], [ 15.961857713408172, 46.296751553846732 ], [ 15.961878136607007, 46.296760287273329 ], [ 15.962170188623443, 46.296866658652846 ], [ 15.962271069432346, 46.296924094872502 ], [ 15.966894062159826, 46.28101030900045 ], [ 15.957959256447309, 46.264908253136419 ], [ 15.940682739643155, 46.261049194574944 ], [ 15.945799544079955, 46.291548044469579 ], [ 15.945966475346969, 46.291636055573015 ] ] ] ] } },
{ "type": "Feature", "properties": { "fid": 179, "Rbr IJ": 3, "Naziv izborne jedinice": "III. IZBORNA JEDINICA", "Rbr.županije": 5, "Županija": "VARAŽDINSKA ŽUPANIJA", "Oznaka Gr/Op/Dr": "općina", "Grad/općina/država": "BEDNJA", "Rbr BM": 12, "Naziv BM": "MELJAN", "Lokacija BM": "KUĆA GABRIJELA ŠTEFANCA", "Adresa BM": "MELJAN 24", "Ukupno birača": 132, "Glasovalo birača": 53, "Glasovalo birača (po listićima)": 53, "Važeći listići": 52, "Nevažeći listići": 1, "Latitude": 46.2681363, "Longitude": 15.9735548, "ID_u_zupaniji": 179, "ID_global": 1543, "neighbours list": [ 1533, 1338, 1540, 1538 ] }, "geometry": { "type": "MultiPolygon", "coordinates": [ [ [ [ 15.957959256447309, 46.264908253136419 ], [ 15.966894062159826, 46.28101030900045 ], [ 15.985526121877138, 46.275164257342894 ], [ 15.972226842047561, 46.254277779976654 ], [ 15.957959256447309, 46.264908253136419 ] ] ] ] } },
{ "type": "Feature", "properties": { "fid": 171, "Rbr IJ": 3, "Naziv izborne jedinice": "III. IZBORNA JEDINICA", "Rbr.županije": 5, "Županija": "VARAŽDINSKA ŽUPANIJA", "Oznaka Gr/Op/Dr": "općina", "Grad/općina/država": "BEDNJA", "Rbr BM": 4, "Naziv BM": "ŠINKOVICA BEDNJANSKA", "Lokacija BM": "DRUŠTVENI DOM", "Adresa BM": "ŠINKOVICA BEDNJANSKA BB", "Ukupno birača": 101, "Glasovalo birača": 60, "Glasovalo birača (po listićima)": 60, "Važeći listići": 59, "Nevažeći listići": 1, "Latitude": 46.2352697, "Longitude": 15.9532282, "ID_u_zupaniji": 171, "ID_global": 1535, "neighbours list": [ 1534, 1539, 1533, 1532 ] }, "geometry": { "type": "MultiPolygon", "coordinates": [ [ [ [ 15.968114377191332, 46.236913087257726 ], [ 15.965583173078205, 46.228493749469919 ], [ 15.939263669025081, 46.220437879639135 ], [ 15.940628860731874, 46.249086005823003 ], [ 15.968114377191332, 46.236913087257726 ] ] ] ] } },
{ "type": "Feature", "properties": { "fid": 187, "Rbr IJ": 3, "Naziv izborne jedinice": "III. IZBORNA JEDINICA", "Rbr.županije": 5, "Županija": "VARAŽDINSKA ŽUPANIJA", "Oznaka Gr/Op/Dr": "općina", "Grad/općina/država": "BREZNICA", "Rbr BM": 1, "Naziv BM": "BREZNICA", "Lokacija BM": "AMBULANTA", "Adresa BM": "BREZNICA", "Ukupno birača": 316, "Glasovalo birača": 181, "Glasovalo birača (po listićima)": 181, "Važeći listići": 177, "Nevažeći listići": 4, "Latitude": 46.0705412, "Longitude": 16.2704704, "ID_u_zupaniji": 187, "ID_global": 1560, "neighbours list": [ 1569, 1567, 2008, 1562 ] }, "geometry": { "type": "MultiPolygon", "coordinates": [ [ [ [ 16.26038375877808, 46.047943987026819 ], [ 16.260316265689156, 46.048162666435978 ], [ 16.260229120112857, 46.048324080023747 ], [ 16.260217920814959, 46.048463518870172 ], [ 16.260231652067091, 46.048575117546243 ], [ 16.260319341987202, 46.048795831904641 ], [ 16.260527784232981, 46.049212046501111 ], [ 16.260555393272988, 46.049371811192529 ], [ 16.260528786361739, 46.049458581988105 ], [ 16.260542692528887, 46.049499999938853 ], [ 16.260706768104455, 46.049687852894259 ], [ 16.260781894044609, 46.049946150383398 ], [ 16.260939119879552, 46.050134708459261 ], [ 16.260981558148451, 46.050272190070068 ], [ 16.260986178654921, 46.050399335358243 ], [ 16.261167330196194, 46.050733793692416 ], [ 16.261450990253078, 46.051091139577331 ], [ 16.26145237867172, 46.051429001071682 ], [ 16.261355520542974, 46.051564752093562 ], [ 16.261285234875455, 46.051741587427912 ], [ 16.261366072580081, 46.051905152011756 ], [ 16.261494487578446, 46.052904419581679 ], [ 16.261444609919351, 46.05329346008677 ], [ 16.261244112049667, 46.053697571843436 ], [ 16.261250298791957, 46.053791339361787 ], [ 16.261301827933337, 46.053859288602354 ], [ 16.261286153424642, 46.053867983501583 ], [ 16.260943138918169, 46.054055405602845 ], [ 16.260719578420819, 46.054202407830225 ], [ 16.260654386890316, 46.054245819530024 ], [ 16.2606349990524, 46.054246498734017 ], [ 16.260599086220179, 46.054303108153576 ], [ 16.260501540357531, 46.054387030993247 ], [ 16.260393273342391, 46.0544397997134 ], [ 16.260265083379611, 46.054467513325712 ], [ 16.260078466354379, 46.054498343286937 ], [ 16.259907858488827, 46.054562587523186 ], [ 16.259873199051576, 46.054598145052779 ], [ 16.259816647373754, 46.054824494825432 ], [ 16.2593839329102, 46.055220287123895 ], [ 16.259194289651671, 46.055589867374962 ], [ 16.258899088953012, 46.055892822690772 ], [ 16.258875767093283, 46.056025217553625 ], [ 16.258965910937281, 46.056247737349416 ], [ 16.258966761112955, 46.056438487368816 ], [ 16.258939381468892, 46.056523276595442 ], [ 16.258908234635538, 46.056553082791844 ], [ 16.258877525219901, 46.056601154944047 ], [ 16.259041546132277, 46.056715949773874 ], [ 16.259238578246038, 46.056907383116915 ], [ 16.259352596784712, 46.057079026690296 ], [ 16.259622608887881, 46.057280330351212 ], [ 16.259914144046132, 46.057525766603 ], [ 16.260067739248132, 46.05763181041182 ], [ 16.260255672924615, 46.057866591087468 ], [ 16.260323775766857, 46.058017622917667 ], [ 16.260422486088398, 46.058413092449797 ], [ 16.260421503307203, 46.058729984252395 ], [ 16.26040865274642, 46.058772695697449 ], [ 16.260369445780537, 46.058902898085563 ], [ 16.260172198249936, 46.059146767958765 ], [ 16.26002244187481, 46.059287265341638 ], [ 16.259794326543012, 46.059465837475202 ], [ 16.259427069821569, 46.059839543210714 ], [ 16.259330294909507, 46.059921847034197 ], [ 16.259154825336456, 46.060030077880377 ], [ 16.258906972268942, 46.06016910737592 ], [ 16.258341250566332, 46.060615720820188 ], [ 16.258183424783301, 46.060826289618447 ], [ 16.25782237976734, 46.061755332025399 ], [ 16.257679480795829, 46.062423007183952 ], [ 16.257574102299856, 46.062608942997628 ], [ 16.257355121760263, 46.062762696304681 ], [ 16.257143619785385, 46.063126647784756 ], [ 16.256814531369727, 46.063599758897112 ], [ 16.256750432075233, 46.063656127091306 ], [ 16.256749396537653, 46.063715328742255 ], [ 16.25665985612379, 46.063943135965751 ], [ 16.25665407520377, 46.064052713766337 ], [ 16.256674979994504, 46.064207696006825 ], [ 16.256560459643119, 46.064501671883669 ], [ 16.25645209879794, 46.064629206178566 ], [ 16.256344687797657, 46.064805149182682 ], [ 16.256141111707922, 46.065332600946931 ], [ 16.256021077066553, 46.06549807954179 ], [ 16.255834131223775, 46.065653157890736 ], [ 16.25550291895803, 46.06584013862534 ], [ 16.255357551243783, 46.065975240597524 ], [ 16.25527202936928, 46.066081318496252 ], [ 16.254813426079782, 46.066428900443768 ], [ 16.254463136612753, 46.066543676931225 ], [ 16.254031664623735, 46.066543109135281 ], [ 16.253718468045832, 46.066484130646842 ], [ 16.253565416187943, 46.066485600271321 ], [ 16.253402905613601, 46.066550212028716 ], [ 16.253298705285339, 46.066756840656737 ], [ 16.253107230659133, 46.066910285180732 ], [ 16.253043339865645, 46.067208055740736 ], [ 16.252981470295339, 46.067400289468168 ], [ 16.252754675884713, 46.067791552008707 ], [ 16.252744184437148, 46.067998922605497 ], [ 16.252815084030601, 46.068737863884117 ], [ 16.25269477205115, 46.069251003154292 ], [ 16.252299340911403, 46.069800346295153 ], [ 16.252262274238078, 46.069879534260025 ], [ 16.252142589373015, 46.070135344675691 ], [ 16.252175503804128, 46.070521860213944 ], [ 16.252233734113304, 46.070739906762462 ], [ 16.252077257868542, 46.071012732629811 ], [ 16.25194314647613, 46.071169628588933 ], [ 16.251507742120772, 46.071518776897335 ], [ 16.251275345176456, 46.071654674038228 ], [ 16.251269618405011, 46.07166329920878 ], [ 16.251204247981249, 46.071769057909187 ], [ 16.251187141474148, 46.071807260190496 ], [ 16.251186885947874, 46.071864124046535 ], [ 16.251243547351006, 46.071999210376603 ], [ 16.251266000679536, 46.07206575101138 ], [ 16.251290510602495, 46.072192489612206 ], [ 16.251292411146174, 46.072287417720233 ], [ 16.251294240161624, 46.072398271303889 ], [ 16.25128698368281, 46.072488410791223 ], [ 16.251268201093655, 46.072611906040201 ], [ 16.251222291062991, 46.072702051374002 ], [ 16.251119242932802, 46.072820504489599 ], [ 16.25104133867017, 46.072953318354294 ], [ 16.250933385720515, 46.073213561710844 ], [ 16.250912471441229, 46.073293414214113 ], [ 16.250872840541195, 46.073395629772193 ], [ 16.250845089036833, 46.073472228246963 ], [ 16.250828541480065, 46.073529686397933 ], [ 16.250816597023494, 46.07365589571625 ], [ 16.250811245331622, 46.073810911501305 ], [ 16.250826830270313, 46.073909918311642 ], [ 16.250849460629595, 46.07399463440283 ], [ 16.250842098448658, 46.074136779329855 ], [ 16.250794869633943, 46.07431842647096 ], [ 16.25071861280518, 46.074515396057819 ], [ 16.250631721711812, 46.074719630385509 ], [ 16.250479363690086, 46.074963670770678 ], [ 16.250320597934174, 46.075338251079543 ], [ 16.250175478068023, 46.075696575445086 ], [ 16.250137895521902, 46.075802574144205 ], [ 16.25011469047789, 46.075931188055279 ], [ 16.250109922608448, 46.076128223472821 ], [ 16.250168720267883, 46.076506518044233 ], [ 16.250209472215445, 46.076701043648434 ], [ 16.250272554316382, 46.076932327925384 ], [ 16.250294870062671, 46.077029549954375 ], [ 16.250366389303085, 46.077167548262274 ], [ 16.250556581442961, 46.077279622769829 ], [ 16.250770843457246, 46.077444294989242 ], [ 16.25102742129129, 46.077600601309769 ], [ 16.251445794732092, 46.077802156643187 ], [ 16.251739695460667, 46.077939647708718 ], [ 16.251926932741078, 46.078048744319261 ], [ 16.252211505155604, 46.078248926657984 ], [ 16.252434752235235, 46.078401198624945 ], [ 16.252565414348261, 46.078470042677438 ], [ 16.252959644722363, 46.078579765437915 ], [ 16.253212735736966, 46.078679734791855 ], [ 16.253251728319619, 46.07869160572853 ], [ 16.253265017520462, 46.078726814729514 ], [ 16.253230061607997, 46.078766508317187 ], [ 16.253143132051278, 46.07883497170554 ], [ 16.252991741305536, 46.078978065153514 ], [ 16.252953165323998, 46.079075604899217 ], [ 16.25294736854956, 46.079157739746485 ], [ 16.252942929680867, 46.079283245582523 ], [ 16.252961862996852, 46.079444342142125 ], [ 16.252988889107154, 46.079530326880025 ], [ 16.253020107198527, 46.079604084039296 ], [ 16.253043187716152, 46.079705086096602 ], [ 16.253070250201318, 46.079782973120984 ], [ 16.253083632774473, 46.07985525212419 ], [ 16.253049740171953, 46.079975205831126 ], [ 16.253005008557682, 46.080032333410479 ], [ 16.252978270889056, 46.080055489232926 ], [ 16.252960502915595, 46.080067777435666 ], [ 16.252951388635651, 46.080111035810354 ], [ 16.252939965943678, 46.080179032375533 ], [ 16.252937630236062, 46.080209888821749 ], [ 16.252959640789499, 46.080260952335315 ], [ 16.252946123712487, 46.080305730770696 ], [ 16.252912559467092, 46.080351995448098 ], [ 16.252890134804566, 46.080393695463364 ], [ 16.252865293261081, 46.080455454717871 ], [ 16.252886927614725, 46.080503908149083 ], [ 16.252942835052536, 46.08055009630521 ], [ 16.253054141783803, 46.080582547955331 ], [ 16.253459790701335, 46.080628681152987 ], [ 16.253764985944503, 46.080702218937034 ], [ 16.25392970049252, 46.080761867308567 ], [ 16.254261927056415, 46.080921118337123 ], [ 16.254382833333207, 46.080975903176068 ], [ 16.25455696830527, 46.081069131628965 ], [ 16.254688374444282, 46.081147152287905 ], [ 16.254801753866406, 46.081208398740714 ], [ 16.254837765411544, 46.081251574100747 ], [ 16.254832226021161, 46.081305367380573 ], [ 16.254796009729596, 46.081337590785502 ], [ 16.254444560298769, 46.081430230546346 ], [ 16.25379867593573, 46.081586837585114 ], [ 16.253079687279026, 46.081725198059537 ], [ 16.252549531655838, 46.081820594930356 ], [ 16.251975303533349, 46.082777226016496 ], [ 16.25217552767873, 46.082935116841355 ], [ 16.252531533384264, 46.083156687200763 ], [ 16.252969761935415, 46.083381673277586 ], [ 16.25319485176129, 46.083473754225771 ], [ 16.253484297217167, 46.083574161281661 ], [ 16.253697887408091, 46.083635714858602 ], [ 16.253908005054054, 46.083722273650444 ], [ 16.254015895735744, 46.08376848318759 ], [ 16.253972963219677, 46.083973084242089 ], [ 16.253881150077209, 46.084353031553682 ], [ 16.253759114479713, 46.084783029810509 ], [ 16.253745584461022, 46.085092155203469 ], [ 16.253787273072607, 46.085196616155407 ], [ 16.253891922863129, 46.08530346204914 ], [ 16.254306779413024, 46.085730116799652 ], [ 16.253324563378193, 46.086688845492034 ], [ 16.253284318907387, 46.086724478748792 ], [ 16.252381861053102, 46.086322947849254 ], [ 16.252275873314719, 46.086255236864375 ], [ 16.251937166284641, 46.086064654813669 ], [ 16.251679531097729, 46.085961793693905 ], [ 16.251538372776352, 46.08623986993512 ], [ 16.251285162592982, 46.08627449951485 ], [ 16.250819168320284, 46.086325310255333 ], [ 16.250647165381942, 46.086330603589843 ], [ 16.250631197932883, 46.086258408719061 ], [ 16.25050680466023, 46.08597147656581 ], [ 16.250457181622728, 46.086108040435683 ], [ 16.250421502421666, 46.086134595168865 ], [ 16.250295757443709, 46.086147546878273 ], [ 16.250079954033311, 46.086145275730786 ], [ 16.249873529389742, 46.08612781890595 ], [ 16.249705399238785, 46.086134648874946 ], [ 16.249414609267109, 46.08615839500176 ], [ 16.249253523939288, 46.086179995668232 ], [ 16.249148505476839, 46.08618462389628 ], [ 16.248983954479016, 46.086172026035122 ], [ 16.248910434508989, 46.086159717916992 ], [ 16.24871805243513, 46.08612528455599 ], [ 16.248570980070348, 46.086107865867675 ], [ 16.248301495768771, 46.08610970209935 ], [ 16.248224558825711, 46.086109532655556 ], [ 16.248060176894242, 46.086088296225959 ], [ 16.247951300010321, 46.086059983958528 ], [ 16.247680972231798, 46.086019978439879 ], [ 16.247442791372531, 46.086019452415869 ], [ 16.247101658008177, 46.085995934452434 ], [ 16.246841238292514, 46.085966745882374 ], [ 16.246388669269127, 46.085965742631288 ], [ 16.24628348724562, 46.085949673587962 ], [ 16.246210037977015, 46.086006734702103 ], [ 16.245807595384747, 46.086015377798802 ], [ 16.24491594580142, 46.086032466146015 ], [ 16.244915857883019, 46.086051540673807 ], [ 16.24492026364895, 46.086105625548576 ], [ 16.244942757731771, 46.086162899915628 ], [ 16.244942596425961, 46.086197899873895 ], [ 16.244886135146899, 46.086244021077782 ], [ 16.24475863936587, 46.08624373644686 ], [ 16.244676530015006, 46.086243553064634 ], [ 16.244618558728821, 46.086280583276974 ], [ 16.244606010981887, 46.086337689435673 ], [ 16.244659057878916, 46.086415096567336 ], [ 16.244712287771687, 46.086480897293292 ], [ 16.24472434737066, 46.086529600759327 ], [ 16.244732266918419, 46.086606817086086 ], [ 16.244715555240088, 46.086669582385838 ], [ 16.244637163156163, 46.086732389849587 ], [ 16.244538079364272, 46.086823673122751 ], [ 16.24453336364904, 46.086920835691473 ], [ 16.244541216946047, 46.087012357918738 ], [ 16.244578169667413, 46.08704681098687 ], [ 16.244684991724448, 46.087044080464075 ], [ 16.244680629297882, 46.08709274724729 ], [ 16.244536218228276, 46.087226847376478 ], [ 16.244543731273453, 46.087364076185331 ], [ 16.244482008767449, 46.087401097937651 ], [ 16.244399438015034, 46.087472443522863 ], [ 16.244410642270996, 46.087678331580932 ], [ 16.244423158846317, 46.087740082477914 ], [ 16.244389749248842, 46.087778337157204 ], [ 16.244262482345192, 46.087923632172604 ], [ 16.24424402716868, 46.087971727549693 ], [ 16.244219634528257, 46.087989488034282 ], [ 16.24410927673291, 46.088029369915589 ], [ 16.244073180354238, 46.088061320229826 ], [ 16.244055911630447, 46.088216308626926 ], [ 16.243944029514886, 46.088306033127246 ], [ 16.243694825584043, 46.088449794624104 ], [ 16.243557679096, 46.088521826974315 ], [ 16.243457054000221, 46.088581884474124 ], [ 16.24337926552781, 46.088653060091239 ], [ 16.243349425310274, 46.088702119482662 ], [ 16.243333295081154, 46.088722687554856 ], [ 16.243330876014642, 46.088770278935378 ], [ 16.243287321098197, 46.088820927063487 ], [ 16.243225555210561, 46.088866765587589 ], [ 16.243154762565631, 46.088879293019318 ], [ 16.24310675540228, 46.088914005486089 ], [ 16.243038297394655, 46.088925008516433 ], [ 16.242905937328345, 46.088940546496666 ], [ 16.242841975912846, 46.088957857777928 ], [ 16.242798516586195, 46.08898781166782 ], [ 16.242747937624006, 46.08907497365994 ], [ 16.242718229228057, 46.089095511084039 ], [ 16.242677200281094, 46.089103336531487 ], [ 16.242642880939528, 46.08911432619859 ], [ 16.242583625982935, 46.089120580998433 ], [ 16.242530984758787, 46.089150604082398 ], [ 16.242485252681966, 46.089196478319181 ], [ 16.242457491611294, 46.089270915125169 ], [ 16.242434326694237, 46.089358048763991 ], [ 16.242429435211321, 46.08940878367612 ], [ 16.242423880817832, 46.089463026121074 ], [ 16.242396878045195, 46.089485638983632 ], [ 16.242350131733353, 46.089499299806789 ], [ 16.242149234270549, 46.089514592424251 ], [ 16.242109623190483, 46.089523320616536 ], [ 16.242085456356197, 46.089547829279923 ], [ 16.242031501183398, 46.089582167969681 ], [ 16.241991802777338, 46.089609610736005 ], [ 16.241984580596572, 46.089633167898747 ], [ 16.241999937601864, 46.08966766300977 ], [ 16.24203247901935, 46.089677543737331 ], [ 16.242076270354474, 46.089687539816531 ], [ 16.242097450607012, 46.089693435986206 ], [ 16.242095917863519, 46.089717095967629 ], [ 16.242076045986256, 46.08973567596523 ], [ 16.24204479863678, 46.089753330537597 ], [ 16.242008041092344, 46.089760175657908 ], [ 16.241970719895775, 46.089832431358744 ], [ 16.241747860640604, 46.090008998960698 ], [ 16.241746213099866, 46.090057221865656 ], [ 16.2417544716035, 46.090088731792058 ], [ 16.241752920645514, 46.090116260653261 ], [ 16.241741550973156, 46.090141787879091 ], [ 16.241731474022338, 46.090167407999637 ], [ 16.241737021952204, 46.090197832101531 ], [ 16.241748286638199, 46.090222510716231 ], [ 16.241776417758363, 46.09023535072776 ], [ 16.241825895166848, 46.090246259497647 ], [ 16.241842937093473, 46.090252236341705 ], [ 16.241843968733594, 46.090308293126043 ], [ 16.241806776676935, 46.090352746769028 ], [ 16.241738584057664, 46.090389572456075 ], [ 16.241681459637171, 46.090410047657997 ], [ 16.24165395815832, 46.090428520362295 ], [ 16.241623307706874, 46.09045670324668 ], [ 16.241583257395416, 46.09050393958119 ], [ 16.24158535145774, 46.090553970439487 ], [ 16.241621957914418, 46.09057960610486 ], [ 16.241670390568849, 46.090592761955769 ], [ 16.241711847729842, 46.090604282473265 ], [ 16.241725624091121, 46.090617270008536 ], [ 16.241677093475548, 46.090652790457241 ], [ 16.241577479450619, 46.090688915205064 ], [ 16.241524048806447, 46.090749077671006 ], [ 16.241515004494921, 46.090775060005065 ], [ 16.241504149741314, 46.09080103824401 ], [ 16.241489118169451, 46.090835284739036 ], [ 16.241431020046914, 46.090842621256563 ], [ 16.241388666178402, 46.090856921444946 ], [ 16.241376656749217, 46.090880917608125 ], [ 16.24136963347528, 46.090917161657117 ], [ 16.241364229705926, 46.090938923389032 ], [ 16.241332529144987, 46.09097034291819 ], [ 16.241286073351922, 46.09100451826852 ], [ 16.241254575654825, 46.091020192603665 ], [ 16.241216993718275, 46.091037202781067 ], [ 16.241217906646398, 46.091063207633084 ], [ 16.241244398745131, 46.091094758870064 ], [ 16.241296446336559, 46.091109272686992 ], [ 16.241346737766964, 46.091112175726835 ], [ 16.241385113077065, 46.091119100661139 ], [ 16.241411539893633, 46.091136975506231 ], [ 16.241412507156578, 46.091151373699859 ], [ 16.241358067418815, 46.091205955348549 ], [ 16.241338237851746, 46.091242980190493 ], [ 16.241327135410291, 46.091294240833847 ], [ 16.241306159352892, 46.091355196433227 ], [ 16.241272198848336, 46.091427369517007 ], [ 16.241271777293669, 46.091517523541327 ], [ 16.241271106251904, 46.091661032189876 ], [ 16.241278592918107, 46.091746975284586 ], [ 16.241296813341279, 46.091805230364642 ], [ 16.241317698846348, 46.091846666143411 ], [ 16.241424098728082, 46.091963964392349 ], [ 16.241481710704381, 46.092005573191187 ], [ 16.241491952281812, 46.092055532489788 ], [ 16.241503987119607, 46.092109184818241 ], [ 16.241505626516432, 46.092145808358055 ], [ 16.241475617009655, 46.092174982369173 ], [ 16.241430005166489, 46.092194403776929 ], [ 16.241340548349619, 46.09221489563258 ], [ 16.24125444789702, 46.092236654666138 ], [ 16.241136779896337, 46.092288843678524 ], [ 16.241075151622447, 46.092359334479305 ], [ 16.24096107342196, 46.092528588933092 ], [ 16.240858739937092, 46.092730350873772 ], [ 16.240727168426361, 46.093044695105391 ], [ 16.240673081341995, 46.093244226937948 ], [ 16.240653808166336, 46.093383014634618 ], [ 16.24066237715088, 46.093541390071749 ], [ 16.24066216333101, 46.093587006909395 ], [ 16.240570945211516, 46.093734358903482 ], [ 16.240541937714802, 46.093825347755271 ], [ 16.240426008693131, 46.093974622983524 ], [ 16.24025611069554, 46.09415985543383 ], [ 16.240239191446516, 46.094485616401514 ], [ 16.240342835158124, 46.094501867436009 ], [ 16.240471382169172, 46.094530231569834 ], [ 16.240677201410705, 46.094572537065346 ], [ 16.240663340084573, 46.094632698878264 ], [ 16.240606738853714, 46.094761234663743 ], [ 16.240580738507195, 46.094872744627558 ], [ 16.240525629878338, 46.095041412592863 ], [ 16.240480780191731, 46.095173484006523 ], [ 16.240448223225734, 46.095248989058192 ], [ 16.240235194663782, 46.095750025589048 ], [ 16.24001958858873, 46.09611069488804 ], [ 16.239937177157216, 46.096254197419192 ], [ 16.239834258273468, 46.096440661239079 ], [ 16.239720764309183, 46.096648065043318 ], [ 16.239613518538846, 46.096791780700414 ], [ 16.239463605120541, 46.09701520678167 ], [ 16.239326436574867, 46.09714112888981 ], [ 16.239228708131474, 46.097213425777134 ], [ 16.239047925065172, 46.097290481621677 ], [ 16.238951075745366, 46.097313384036681 ], [ 16.239001025027022, 46.097389976795967 ], [ 16.239125984137363, 46.097631934727133 ], [ 16.239208985423137, 46.097748281764318 ], [ 16.239329126875369, 46.097860214696382 ], [ 16.239401211822099, 46.097932898854609 ], [ 16.239414204687005, 46.098002659043821 ], [ 16.239415185855972, 46.098151299856305 ], [ 16.23943649506619, 46.098202411177461 ], [ 16.27598764265295, 46.086980319959238 ], [ 16.282591803151792, 46.082009973972404 ], [ 16.284065769947386, 46.069960566700672 ], [ 16.260408674679635, 46.047887160479206 ], [ 16.26038375877808, 46.047943987026819 ] ] ] ] } },
{ "type": "Feature", "properties": { "fid": 190, "Rbr IJ": 3, "Naziv izborne jedinice": "III. IZBORNA JEDINICA", "Rbr.županije": 5, "Županija": "VARAŽDINSKA ŽUPANIJA", "Oznaka Gr/Op/Dr": "općina", "Grad/općina/država": "BREZNICA", "Rbr BM": 4, "Naziv BM": "MIRKOVEC - PODVOREC", "Lokacija BM": "VATROGASNI DOM", "Adresa BM": "MIRKOVEC BREZNIČKI", "Ukupno birača": 177, "Glasovalo birača": 109, "Glasovalo birača (po listićima)": 109, "Važeći listići": 104, "Nevažeći listići": 5, "Latitude": 46.0343676, "Longitude": 16.2883767, "ID_u_zupaniji": 190, "ID_global": 1563, "neighbours list": [ 1562, 1564 ] }, "geometry": { "type": "MultiPolygon", "coordinates": [ [ [ [ 16.292649474066334, 46.016340579170127 ], [ 16.29257431592135, 46.016650410802853 ], [ 16.292305696256008, 46.016718844742549 ], [ 16.292039452100724, 46.01680797689761 ], [ 16.291931913962433, 46.016866175725909 ], [ 16.291787694662705, 46.017062960947243 ], [ 16.291782577329737, 46.017256490409764 ], [ 16.291837703273703, 46.017330551251774 ], [ 16.291880028861161, 46.017546301249844 ], [ 16.291717687263031, 46.017891244126567 ], [ 16.291685958450806, 46.018086524581122 ], [ 16.291606028452179, 46.018254994219589 ], [ 16.291454032318047, 46.018354860456562 ], [ 16.291464904664402, 46.018417233781008 ], [ 16.291552630155284, 46.018614621571743 ], [ 16.291577191142952, 46.018814863332452 ], [ 16.291486005362302, 46.018816406557036 ], [ 16.289912468628309, 46.018808936187511 ], [ 16.289895697293712, 46.018804136621107 ], [ 16.289868603230097, 46.018796888717439 ], [ 16.289711439382746, 46.018759709428586 ], [ 16.289687695053924, 46.018754627073136 ], [ 16.289403699599603, 46.018685182388559 ], [ 16.289263160006858, 46.018657660563228 ], [ 16.288757389230117, 46.018561262167189 ], [ 16.288379439799314, 46.018508736716136 ], [ 16.288240019526555, 46.018425070573826 ], [ 16.287788197315951, 46.018339025111132 ], [ 16.287773931132115, 46.018354654475473 ], [ 16.287691067622823, 46.018341544009395 ], [ 16.287660584539818, 46.01834256709401 ], [ 16.287590537006061, 46.018355303526157 ], [ 16.287516031543397, 46.018385487004871 ], [ 16.287393714754874, 46.018388768607061 ], [ 16.287183373360666, 46.018344018883134 ], [ 16.286583270880058, 46.01789382879619 ], [ 16.286105747742784, 46.017441255681902 ], [ 16.286091541945737, 46.017407667977416 ], [ 16.286060401126928, 46.017411928547077 ], [ 16.286073239039105, 46.017431837314639 ], [ 16.285806285219326, 46.017600942440012 ], [ 16.285602249832582, 46.017730125580663 ], [ 16.285282301467301, 46.017876456052697 ], [ 16.284612280413985, 46.018043180861412 ], [ 16.284153695569735, 46.018402940229308 ], [ 16.283951941073809, 46.018508460981202 ], [ 16.283623131558738, 46.018772098961087 ], [ 16.283395558698842, 46.019006325732548 ], [ 16.283361500225585, 46.019261343596085 ], [ 16.28323878691797, 46.019596901944062 ], [ 16.283152653613868, 46.019693192990907 ], [ 16.282968970157164, 46.019832667277946 ], [ 16.282874987344599, 46.019921385209386 ], [ 16.282859500784767, 46.020017360337491 ], [ 16.282505897562881, 46.020375242924445 ], [ 16.282412200665224, 46.02048942425872 ], [ 16.282147321126761, 46.020945908473145 ], [ 16.281777256702334, 46.021217470264681 ], [ 16.281487102106723, 46.021399387478638 ], [ 16.281134915129151, 46.021721188022894 ], [ 16.280893306566501, 46.021840843217284 ], [ 16.280856001047443, 46.021835553079057 ], [ 16.280791845633658, 46.021826522413996 ], [ 16.27992573540682, 46.021594249172594 ], [ 16.279499109944108, 46.021404656985275 ], [ 16.278993837490578, 46.021310825699359 ], [ 16.278173407722363, 46.021157176640301 ], [ 16.278069599489495, 46.021148967239412 ], [ 16.277602796723823, 46.021157597328894 ], [ 16.277218839508858, 46.021184202299821 ], [ 16.275633199767231, 46.021566378313807 ], [ 16.275602696137547, 46.021571986924066 ], [ 16.275601264870836, 46.021574593421555 ], [ 16.275578884847956, 46.021615398639078 ], [ 16.275222148695732, 46.022062958634656 ], [ 16.274892089280101, 46.022682784297622 ], [ 16.27483238894926, 46.022785329434271 ], [ 16.274833481613001, 46.022961594773548 ], [ 16.274911234708028, 46.023566567253155 ], [ 16.275101048771322, 46.023993697506732 ], [ 16.275276212717721, 46.02440316329691 ], [ 16.275479345971974, 46.024604569076175 ], [ 16.275694107116564, 46.02493331344953 ], [ 16.275877845342492, 46.025172560360254 ], [ 16.27595431688486, 46.025522807156555 ], [ 16.275940031337324, 46.025733773012092 ], [ 16.27594709825928, 46.026094680823199 ], [ 16.275808805576975, 46.026722532426511 ], [ 16.275695715866039, 46.02686690203862 ], [ 16.275611297481113, 46.02707602059931 ], [ 16.275597501760092, 46.027293195662729 ], [ 16.275629207692631, 46.027533943793927 ], [ 16.275693596469118, 46.027742184731011 ], [ 16.275811413755701, 46.027866672783468 ], [ 16.276061760127231, 46.028183429284795 ], [ 16.276234952724145, 46.028414197075108 ], [ 16.276199801617203, 46.0285782445007 ], [ 16.276232597871182, 46.028709673692454 ], [ 16.276291334710841, 46.028846912113181 ], [ 16.276277633474304, 46.029201300782397 ], [ 16.276258790311505, 46.029293309347118 ], [ 16.276336941919652, 46.029549264077168 ], [ 16.276314544936611, 46.029689672776684 ], [ 16.276384797339354, 46.029822524838586 ], [ 16.276418326297041, 46.029996783953429 ], [ 16.27641138282516, 46.03008494684051 ], [ 16.276451128653658, 46.030159074825512 ], [ 16.276608100411384, 46.030313870510312 ], [ 16.27667492904564, 46.030463271268125 ], [ 16.27676715793633, 46.030977574186743 ], [ 16.276889882896167, 46.031200954234421 ], [ 16.27673797629803, 46.031391496633248 ], [ 16.276608006348862, 46.031619781631477 ], [ 16.276549722842212, 46.0317858533042 ], [ 16.276436563371593, 46.031945429323009 ], [ 16.276197893880965, 46.032123474529179 ], [ 16.275890064032783, 46.03247287780809 ], [ 16.275785785293124, 46.032639758628797 ], [ 16.275774255833184, 46.032839392637918 ], [ 16.275722033929462, 46.032975063876272 ], [ 16.275652951252948, 46.033031433187851 ], [ 16.275643422220142, 46.03308773942296 ], [ 16.275662632360664, 46.033192959005547 ], [ 16.275719464984135, 46.033290784413111 ], [ 16.275689367816806, 46.033385919891657 ], [ 16.27568328374959, 46.033452850048022 ], [ 16.275880540736335, 46.033997951310475 ], [ 16.275839406086579, 46.034426605921048 ], [ 16.275787366261, 46.034612753998864 ], [ 16.275821308907226, 46.034844688515058 ], [ 16.275936577277271, 46.035156141224341 ], [ 16.276072417809168, 46.035364251792295 ], [ 16.276195697236741, 46.03557998554713 ], [ 16.276228153044716, 46.035636733913663 ], [ 16.276360676793647, 46.035931034537249 ], [ 16.276390762545105, 46.036159092320034 ], [ 16.276928754833495, 46.037079517198542 ], [ 16.277030166658427, 46.037209100392722 ], [ 16.277125872848895, 46.037376192307697 ], [ 16.277357540456052, 46.037691919276085 ], [ 16.277335679297575, 46.038084711319449 ], [ 16.277281681625979, 46.038244043337485 ], [ 16.277205434302576, 46.038763865207152 ], [ 16.276945190027835, 46.039127579856604 ], [ 16.276836065813814, 46.039404582417177 ], [ 16.276285256879881, 46.040086152297107 ], [ 16.276245895937141, 46.040203043827191 ], [ 16.276300487695366, 46.040313910932532 ], [ 16.276297267627779, 46.040599577876087 ], [ 16.276258049797722, 46.040680929230412 ], [ 16.27623869314505, 46.040867141285084 ], [ 16.276284259619562, 46.041133558901542 ], [ 16.27643484973694, 46.041404590779287 ], [ 16.276491050754789, 46.041469213351881 ], [ 16.276737075963897, 46.041688065483051 ], [ 16.277015801276452, 46.041808187444751 ], [ 16.277272072386808, 46.041889665350517 ], [ 16.277493857408771, 46.042000677588085 ], [ 16.277770374443534, 46.042188995058765 ], [ 16.278026861640161, 46.042539859214784 ], [ 16.27803809621172, 46.042638224572897 ], [ 16.277912838845257, 46.042974940581246 ], [ 16.277904635835075, 46.043345354938161 ], [ 16.278017132023212, 46.043657859341465 ], [ 16.295115102607642, 46.047290653255274 ], [ 16.292838519440902, 46.016261398485554 ], [ 16.292649474066334, 46.016340579170127 ] ] ] ] } },
{ "type": "Feature", "properties": { "fid": 39, "Rbr IJ": 3, "Naziv izborne jedinice": "III. IZBORNA JEDINICA", "Rbr.županije": 5, "Županija": "VARAŽDINSKA ŽUPANIJA", "Oznaka Gr/Op/Dr": "grad", "Grad/općina/država": "LEPOGLAVA", "Rbr BM": 5, "Naziv BM": "OČURA", "Lokacija BM": "DRUŠTVENI DOM", "Adresa BM": "OČURA", "Ukupno birača": 368, "Glasovalo birača": 221, "Glasovalo birača (po listićima)": 221, "Važeći listići": 212, "Nevažeći listići": 9, "Latitude": 46.199131, "Longitude": 16.015274, "ID_u_zupaniji": 39, "ID_global": 1328, "neighbours list": [ 1537, 1536, 1329 ] }, "geometry": { "type": "MultiPolygon", "coordinates": [ [ [ [ 16.03332706795473, 46.186481534183841 ], [ 16.033109872456873, 46.186445377679171 ], [ 16.032833579215261, 46.186351216211037 ], [ 16.03265087339047, 46.186342011908856 ], [ 16.031755118493908, 46.186048811320994 ], [ 16.031080774544723, 46.186012667015667 ], [ 16.030181971347883, 46.185942036320377 ], [ 16.029588072714187, 46.185906123816146 ], [ 16.028912684427524, 46.185962275358825 ], [ 16.028495980954858, 46.186125389099914 ], [ 16.028136839281043, 46.186313211750686 ], [ 16.027740868768547, 46.186520405404373 ], [ 16.027132548569909, 46.187108297581602 ], [ 16.027041201328419, 46.187186016783542 ], [ 16.026634443588609, 46.187531901237662 ], [ 16.026362627899466, 46.188078444657769 ], [ 16.025852289313274, 46.188401403684779 ], [ 16.025242430900388, 46.188787018640213 ], [ 16.025098149311738, 46.188948461771162 ], [ 16.024468402011834, 46.189265520051521 ], [ 16.024195857993323, 46.189262406604314 ], [ 16.024060502340472, 46.189319786142015 ], [ 16.02348656096741, 46.189519205943611 ], [ 16.023021792846244, 46.189602652624401 ], [ 16.022661109425137, 46.189574694924737 ], [ 16.022349209208397, 46.18946362439965 ], [ 16.02218632685744, 46.189438200989102 ], [ 16.022064386081055, 46.189516957967378 ], [ 16.021955699688281, 46.189546194804493 ], [ 16.021527837325358, 46.189511744411099 ], [ 16.018389956239929, 46.188569680725941 ], [ 16.018344215000837, 46.188496789355582 ], [ 16.018232086998548, 46.18850477439036 ], [ 16.01813449425914, 46.188524607123938 ], [ 16.017957330406094, 46.188429208004415 ], [ 16.01773121990534, 46.188375799744115 ], [ 16.017534313451126, 46.188316036193086 ], [ 16.016661810519555, 46.187784655435671 ], [ 16.016241279961005, 46.187226479884316 ], [ 16.015791069428975, 46.187113546410551 ], [ 16.015158021678456, 46.187050850901691 ], [ 16.013998515143022, 46.186914116012645 ], [ 16.013596563641116, 46.186926352394309 ], [ 16.011726083487051, 46.186970563212988 ], [ 16.011623060416692, 46.186872231840788 ], [ 16.011088287865348, 46.186918081876037 ], [ 16.011004372664086, 46.186885602377828 ], [ 16.009569040901226, 46.18633115447156 ], [ 16.008752102444678, 46.186336374273772 ], [ 16.007047712092536, 46.187221035916579 ], [ 16.006398235786815, 46.187344826327532 ], [ 16.006155782459111, 46.1872664918723 ], [ 16.004795404232798, 46.187616542661246 ], [ 16.004432384368801, 46.187663645271321 ], [ 16.002983278673074, 46.187305827321097 ], [ 16.00206573872843, 46.186743818086299 ], [ 16.000962180338441, 46.186340962657461 ], [ 15.9993185384229, 46.186413672337999 ], [ 15.997576937110663, 46.186204310428344 ], [ 15.996460704893348, 46.185818090885654 ], [ 15.99629102431863, 46.185759400334973 ], [ 15.995232891184852, 46.187887197988253 ], [ 15.991938043238695, 46.189600725111475 ], [ 15.991036294535569, 46.189960567099085 ], [ 15.990707556199823, 46.189939938656252 ], [ 15.989492392448227, 46.190147666001685 ], [ 15.989452884468038, 46.190370983927821 ], [ 15.989063935208661, 46.190961479017325 ], [ 15.998649590822161, 46.202407398116122 ], [ 16.020897744507838, 46.213183724432604 ], [ 16.034028577482381, 46.186744478727704 ], [ 16.03332706795473, 46.186481534183841 ] ] ] ] } },
{ "type": "Feature", "properties": { "fid": 168, "Rbr IJ": 3, "Naziv izborne jedinice": "III. IZBORNA JEDINICA", "Rbr.županije": 5, "Županija": "VARAŽDINSKA ŽUPANIJA", "Oznaka Gr/Op/Dr": "općina", "Grad/općina/država": "BEDNJA", "Rbr BM": 1, "Naziv BM": "BEDNJA", "Lokacija BM": "OSNOVNA ŠKOLA", "Adresa BM": "LJUDEVITA GAJA 15", "Ukupno birača": 748, "Glasovalo birača": 474, "Glasovalo birača (po listićima)": 474, "Važeći listići": 465, "Nevažeći listići": 9, "Latitude": 46.2273333, "Longitude": 15.9796264, "ID_u_zupaniji": 168, "ID_global": 1532, "neighbours list": [ 1534, 1533, 1535, 1538, 1537, 1333 ] }, "geometry": { "type": "MultiPolygon", "coordinates": [ [ [ [ 15.976796196559281, 46.245031548427356 ], [ 15.994561319902607, 46.242630863142338 ], [ 15.995244228561456, 46.235706641720597 ], [ 15.976357883001167, 46.209077570565732 ], [ 15.965583173078205, 46.228493749469919 ], [ 15.968114377191332, 46.236913087257726 ], [ 15.976796196559281, 46.245031548427356 ] ] ] ] } },
{ "type": "Feature", "properties": { "fid": 174, "Rbr IJ": 3, "Naziv izborne jedinice": "III. IZBORNA JEDINICA", "Rbr.županije": 5, "Županija": "VARAŽDINSKA ŽUPANIJA", "Oznaka Gr/Op/Dr": "općina", "Grad/općina/država": "BEDNJA", "Rbr BM": 7, "Naziv BM": "PREBUKOVJE", "Lokacija BM": "KUĆA U VLASNIŠTVU ŠPREM ZLATE", "Adresa BM": "PREBUKOVJE 80", "Ukupno birača": 107, "Glasovalo birača": 54, "Glasovalo birača (po listićima)": 54, "Važeći listići": 53, "Nevažeći listići": 1, "Latitude": 46.2613438, "Longitude": 15.9842224, "ID_u_zupaniji": 174, "ID_global": 1538, "neighbours list": [ 1533, 1338, 1543, 1532, 1339, 1333, 1337, 1335 ] }, "geometry": { "type": "MultiPolygon", "coordinates": [ [ [ [ 15.985526121877138, 46.275164257342894 ], [ 15.997272633025503, 46.277167427366905 ], [ 16.001666577489416, 46.273726096453899 ], [ 16.001700170985618, 46.273698767205879 ], [ 15.998590325373765, 46.246290473559604 ], [ 15.994561319902607, 46.242630863142338 ], [ 15.976796196559281, 46.245031548427356 ], [ 15.972226842047561, 46.254277779976654 ], [ 15.985526121877138, 46.275164257342894 ] ] ] ] } },
{ "type": "Feature", "properties": { "fid": 173, "Rbr IJ": 3, "Naziv izborne jedinice": "III. IZBORNA JEDINICA", "Rbr.županije": 5, "Županija": "VARAŽDINSKA ŽUPANIJA", "Oznaka Gr/Op/Dr": "općina", "Grad/općina/država": "BEDNJA", "Rbr BM": 6, "Naziv BM": "BENKOVEC", "Lokacija BM": "KUĆA ŠAŠKO IVANA", "Adresa BM": "BENKOVEC 31 D", "Ukupno birača": 146, "Glasovalo birača": 81, "Glasovalo birača (po listićima)": 81, "Važeći listići": 79, "Nevažeći listići": 2, "Latitude": 46.2181986, "Longitude": 15.992506, "ID_u_zupaniji": 173, "ID_global": 1537, "neighbours list": [ 1534, 1328, 1532, 1333, 1536 ] }, "geometry": { "type": "MultiPolygon", "coordinates": [ [ [ [ 15.988807442737974, 46.191350880824338 ], [ 15.988639263030457, 46.191464664998954 ], [ 15.98829282989003, 46.191758408044208 ], [ 15.988126323423824, 46.191970809957986 ], [ 15.988226334642732, 46.192124932546207 ], [ 15.988490851775094, 46.192170653318172 ], [ 15.988603027876909, 46.192549853830187 ], [ 15.988759907444214, 46.192579257072211 ], [ 15.988676083047471, 46.192705115048824 ], [ 15.988782843180648, 46.192774422271114 ], [ 15.988739866771558, 46.192952107758224 ], [ 15.987778285907176, 46.193217543949991 ], [ 15.987115746093318, 46.193619184379131 ], [ 15.986587396288266, 46.193898249928957 ], [ 15.986400834145476, 46.193981267236069 ], [ 15.986211234581432, 46.193986983333993 ], [ 15.986009219710299, 46.19408756535956 ], [ 15.985978660441758, 46.194169123911159 ], [ 15.985291597707683, 46.194474821653145 ], [ 15.98489213078842, 46.194422547259272 ], [ 15.984473347393882, 46.194440903543587 ], [ 15.983917354017043, 46.194556620108912 ], [ 15.983487332847838, 46.194737144287672 ], [ 15.983202778168987, 46.194962231611846 ], [ 15.983036352085962, 46.195066208295117 ], [ 15.983045182194004, 46.195160810377615 ], [ 15.983182346131084, 46.195593843192526 ], [ 15.983239062608071, 46.19591521498149 ], [ 15.983223758407259, 46.196179487910065 ], [ 15.983275831367408, 46.196554012984066 ], [ 15.983313460558376, 46.196658732245673 ], [ 15.983330350799038, 46.196805825245683 ], [ 15.983309988845424, 46.197029137355777 ], [ 15.983180013563265, 46.197362891248964 ], [ 15.983100571118609, 46.197544368450956 ], [ 15.983033881178446, 46.19812061682736 ], [ 15.982916364086813, 46.19860378262225 ], [ 15.982814750603003, 46.198676021511531 ], [ 15.982307684999103, 46.198985304451035 ], [ 15.98184263468249, 46.199276600935129 ], [ 15.981544911676551, 46.199245379928534 ], [ 15.980946366452788, 46.199388330878385 ], [ 15.980170069678918, 46.198992699315276 ], [ 15.979751329183625, 46.199098762601182 ], [ 15.97955880903374, 46.199288360089795 ], [ 15.979322935068772, 46.199348737888563 ], [ 15.978983431668667, 46.199337473962011 ], [ 15.978304685847391, 46.199369558152746 ], [ 15.978107539974626, 46.199472307714025 ], [ 15.977767417254798, 46.199512682102444 ], [ 15.977313573475501, 46.199384375229997 ], [ 15.97700508689635, 46.199416127727467 ], [ 15.976357883001167, 46.209077570565732 ], [ 15.995244228561456, 46.235706641720597 ], [ 15.999977488544264, 46.228158075348567 ], [ 15.998649590822161, 46.202407398116122 ], [ 15.989063935208661, 46.190961479017325 ], [ 15.988807442737974, 46.191350880824338 ] ] ] ] } },
{ "type": "Feature", "properties": { "fid": 50, "Rbr IJ": 3, "Naziv izborne jedinice": "III. IZBORNA JEDINICA", "Rbr.županije": 5, "Županija": "VARAŽDINSKA ŽUPANIJA", "Oznaka Gr/Op/Dr": "grad", "Grad/općina/država": "LEPOGLAVA", "Rbr BM": 16, "Naziv BM": "GORNJA VIŠNJICA", "Lokacija BM": "PROSTORIJE MJESNOG ODBORA DONJA VIŠNJICA", "Adresa BM": "DONJA VIŠNJICA 1", "Ukupno birača": 345, "Glasovalo birača": 148, "Glasovalo birača (po listićima)": 148, "Važeći listići": 136, "Nevažeći listići": 12, "Latitude": 46.2936291, "Longitude": 16.0095082, "ID_u_zupaniji": 50, "ID_global": 1339, "neighbours list": [ 1338, 1538, 1337 ] }, "geometry": { "type": "MultiPolygon", "coordinates": [ [ [ [ 15.990180260612545, 46.314724998601406 ], [ 15.990267511178612, 46.314669605188939 ], [ 15.990360507894049, 46.314610638456088 ], [ 15.990620761612176, 46.314409811851974 ], [ 15.990602803759785, 46.314386069312086 ], [ 15.99068557161546, 46.314323907734718 ], [ 15.990828737267291, 46.314301512614037 ], [ 15.990895408564882, 46.314294881671152 ], [ 15.991002286076931, 46.314265127024427 ], [ 15.991140574801694, 46.314208520583499 ], [ 15.991159604544526, 46.314200687767304 ], [ 15.991195993030312, 46.314169179682565 ], [ 15.991261972056664, 46.314083100494152 ], [ 15.991348169257121, 46.313972998811415 ], [ 15.991421738203227, 46.313894510909158 ], [ 15.991471898418256, 46.3138480387261 ], [ 15.991567982017321, 46.313777928249394 ], [ 15.991671778229215, 46.313702183766218 ], [ 15.991692040391985, 46.313687428523593 ], [ 15.991818615829196, 46.313633558306201 ], [ 15.991912150068678, 46.313586289004178 ], [ 15.991978251175723, 46.313542946466384 ], [ 15.992016927553525, 46.313502631061382 ], [ 15.992053494890742, 46.313437654043966 ], [ 15.992084653177121, 46.313269635454112 ], [ 15.992106707802876, 46.313187409364943 ], [ 15.99214288110579, 46.31305270253813 ], [ 15.992194751050324, 46.312975647264757 ], [ 15.992232503908376, 46.312950892777046 ], [ 15.992259266550356, 46.312935176611163 ], [ 15.992313814661999, 46.31290545826328 ], [ 15.992437190884631, 46.312846264822376 ], [ 15.992491202008162, 46.312818433410463 ], [ 15.992552380599031, 46.312787754689538 ], [ 15.992684725995435, 46.312755502309656 ], [ 15.992735477069699, 46.312743221413569 ], [ 15.992985296961715, 46.312672082205637 ], [ 15.993194544778822, 46.312607600472802 ], [ 15.99343647629459, 46.312546951996879 ], [ 15.993483633153229, 46.31253015626217 ], [ 15.99359631313985, 46.312490168118515 ], [ 15.993651021452676, 46.312457030917358 ], [ 15.9937138092699, 46.312420690485339 ], [ 15.993947462026727, 46.312272011986941 ], [ 15.994163035956975, 46.312168868662063 ], [ 15.994246982062744, 46.312118945843814 ], [ 15.994328578590958, 46.312070362147573 ], [ 15.994425766170425, 46.311992426597712 ], [ 15.994545341430889, 46.31188022075704 ], [ 15.994575768213652, 46.311847155712528 ], [ 15.994614065239032, 46.311805398194728 ], [ 15.994636871396676, 46.31178210636196 ], [ 15.994687714372219, 46.311717371521844 ], [ 15.994705055916576, 46.311695315128397 ], [ 15.994705318892954, 46.311694956403862 ], [ 15.994724718384338, 46.311703229553963 ], [ 15.994727951771464, 46.311704593417332 ], [ 15.994757425642899, 46.311676292611061 ], [ 15.9948696842507, 46.311568912565122 ], [ 15.995129174539517, 46.311320657159492 ], [ 15.995141225739774, 46.311309104024794 ], [ 15.995145578100296, 46.311273494459044 ], [ 15.995202547610353, 46.311248373972262 ], [ 15.995434445812961, 46.311176610445351 ], [ 15.995660619372016, 46.31112020635382 ], [ 15.995911735669596, 46.311062202318865 ], [ 15.995961955231973, 46.311050997304726 ], [ 15.996132649824844, 46.311012881868443 ], [ 15.996455881599402, 46.310962752027748 ], [ 15.996635722798866, 46.31097488031692 ], [ 15.996639226574569, 46.310975075684929 ], [ 15.996640206998068, 46.310995593543609 ], [ 15.99664030961068, 46.310998563060721 ], [ 15.996697740221485, 46.310965526350302 ], [ 15.996784861913856, 46.310951154451061 ], [ 15.996845890499854, 46.310950523305003 ], [ 15.997184924119839, 46.310946976295462 ], [ 15.997744153522589, 46.31088726371167 ], [ 15.998175239187484, 46.310841201586797 ], [ 15.998164951711521, 46.310787713258399 ], [ 15.998147476194863, 46.310696765160422 ], [ 15.998134588162198, 46.310629499746369 ], [ 15.998125418245438, 46.310581594561981 ], [ 15.998115626334368, 46.310530717580697 ], [ 15.998083911425967, 46.310364130749498 ], [ 15.997987907565012, 46.309859058071673 ], [ 15.998001192227289, 46.309826096784946 ], [ 15.998006507074713, 46.309812804308038 ], [ 15.998047983375219, 46.30976368190565 ], [ 15.998001072325572, 46.309640394676173 ], [ 15.997984977537444, 46.309497898812609 ], [ 15.99799973570908, 46.309431564492272 ], [ 15.998063267001765, 46.309341601784332 ], [ 15.998106398464456, 46.309310211048341 ], [ 15.998154235702982, 46.309275332053396 ], [ 15.998317004820874, 46.309194442001555 ], [ 15.998478769374406, 46.309081337439871 ], [ 15.998582231676368, 46.309025918769457 ], [ 15.998745923683931, 46.308914891628625 ], [ 15.998886836656691, 46.308838673445329 ], [ 15.999022839949605, 46.308788255457237 ], [ 15.999059837593562, 46.308774471939181 ], [ 15.999300564661231, 46.308686724260895 ], [ 15.999421082508652, 46.308625891238925 ], [ 15.999677622295616, 46.308498174578219 ], [ 15.999791024848745, 46.30842021540375 ], [ 15.999860874334036, 46.308377334531016 ], [ 15.99994567809391, 46.308331819865472 ], [ 16.000775185542352, 46.307886215804551 ], [ 16.001283085701459, 46.307613388666155 ], [ 16.001409636192566, 46.307545382112401 ], [ 16.001683609846374, 46.307398213085065 ], [ 16.001914437005933, 46.307398858952432 ], [ 16.002105148292625, 46.307399419648085 ], [ 16.002400634869687, 46.307442452844718 ], [ 16.002661633148438, 46.307480476797707 ], [ 16.00275044826952, 46.307493369146457 ], [ 16.002878158867983, 46.307512098758963 ], [ 16.002881271350194, 46.307512472178075 ], [ 16.003001057163424, 46.307531797000372 ], [ 16.003142321196705, 46.307530521533607 ], [ 16.003194650266604, 46.307529579281216 ], [ 16.003275824781024, 46.307540368673479 ], [ 16.003380469555296, 46.307554318988601 ], [ 16.003711077604194, 46.307633130139614 ], [ 16.003930793008646, 46.307685457447633 ], [ 16.003947244161235, 46.307675182071797 ], [ 16.003947765891034, 46.307674914420076 ], [ 16.003990189338325, 46.307692642947671 ], [ 16.003991612514895, 46.307693188951774 ], [ 16.00406305946435, 46.307717341373134 ], [ 16.004070178604422, 46.3077197115161 ], [ 16.004080923039709, 46.30772317704308 ], [ 16.004108107879045, 46.307731932231881 ], [ 16.004109273036633, 46.307732297172045 ], [ 16.00411613740923, 46.307734126376872 ], [ 16.004142428933804, 46.30774116822051 ], [ 16.004145407552809, 46.307741990883301 ], [ 16.004157958147069, 46.30774672383982 ], [ 16.004176459484782, 46.307753821864615 ], [ 16.00425348980319, 46.307777908406415 ], [ 16.004305390523093, 46.307795677906917 ], [ 16.004344592148975, 46.307810783155141 ], [ 16.004548231773828, 46.307889491272675 ], [ 16.004640711348301, 46.307956830921533 ], [ 16.004710882576148, 46.30800733912389 ], [ 16.004742765649908, 46.308027810836101 ], [ 16.004753489903024, 46.308033525505216 ], [ 16.004790832910533, 46.308053211107072 ], [ 16.004869448634345, 46.308103125981958 ], [ 16.004935988384673, 46.308138862957563 ], [ 16.005013252530635, 46.308180314539371 ], [ 16.005009824388747, 46.308186147860305 ], [ 16.005009031656982, 46.308187673947685 ], [ 16.004997691601591, 46.308207058745779 ], [ 16.004997560155374, 46.308207238120147 ], [ 16.00506246016478, 46.308223264116812 ], [ 16.005065309810533, 46.308223996225557 ], [ 16.005142648765801, 46.30825717064522 ], [ 16.005155710754003, 46.308262805422132 ], [ 16.005293017762337, 46.308340685281458 ], [ 16.005337800375699, 46.308384875197646 ], [ 16.005454546650977, 46.308439273263851 ], [ 16.005491392763034, 46.308456527249909 ], [ 16.005580083176437, 46.30849793789092 ], [ 16.005725706911203, 46.308589528888987 ], [ 16.005750395804014, 46.308601601849439 ], [ 16.005759831740196, 46.308606231194098 ], [ 16.005818128641074, 46.308634734285789 ], [ 16.005819551050667, 46.308635370235407 ], [ 16.005888918489383, 46.308645566908538 ], [ 16.005903051630746, 46.308647607360157 ], [ 16.005905773913227, 46.308648068982372 ], [ 16.005970897760221, 46.308697025074466 ], [ 16.005971026776152, 46.308697115603614 ], [ 16.00599977839995, 46.308704977393347 ], [ 16.006141205448646, 46.308743646363133 ], [ 16.006211049508057, 46.308758613399654 ], [ 16.006317899550364, 46.308773110376059 ], [ 16.006345248256505, 46.308778176898578 ], [ 16.006441162293541, 46.308796045468902 ], [ 16.006686979563259, 46.308790718299278 ], [ 16.006753308897956, 46.308763383138256 ], [ 16.007056740285318, 46.308703600898937 ], [ 16.007108894757362, 46.308693299044563 ], [ 16.007267193724726, 46.308703788234219 ], [ 16.007447398551058, 46.308718240355425 ], [ 16.007449215300255, 46.308718338153241 ], [ 16.00751784276158, 46.30875318289781 ], [ 16.007571646792851, 46.308790572941653 ], [ 16.007780828027322, 46.30887478742499 ], [ 16.007914084220687, 46.308927184696138 ], [ 16.008090680881708, 46.308996682956248 ], [ 16.008486193036472, 46.309180036682356 ], [ 16.008766819316488, 46.309332934941509 ], [ 16.008943181015788, 46.30942897251974 ], [ 16.009126264674091, 46.30960097479096 ], [ 16.009419430301772, 46.309731342373141 ], [ 16.009449691068095, 46.30974478801329 ], [ 16.010010561034733, 46.309963934701813 ], [ 16.010131792903884, 46.310011239433329 ], [ 16.010134509671701, 46.310012330732874 ], [ 16.01022024226231, 46.310007569614669 ], [ 16.010331434069027, 46.310001477917858 ], [ 16.010757627568363, 46.309977930294387 ], [ 16.010807624360655, 46.309976704662851 ], [ 16.011280518776385, 46.309942918168801 ], [ 16.01151228874874, 46.309926364093059 ], [ 16.011927436243575, 46.309567890293266 ], [ 16.012142137089739, 46.309382655126335 ], [ 16.012595275036674, 46.309219039712033 ], [ 16.012877732797328, 46.309122894029763 ], [ 16.013339379932049, 46.308965519958939 ], [ 16.013424651727959, 46.308880679663169 ], [ 16.013553542581739, 46.308752298634516 ], [ 16.013555245458285, 46.308750596416786 ], [ 16.013573447183763, 46.308777035560631 ], [ 16.013573703647243, 46.308777396538467 ], [ 16.013649272503862, 46.308791213752414 ], [ 16.01379937411572, 46.308818573709509 ], [ 16.013832281366085, 46.308826451199558 ], [ 16.013873998463996, 46.308836435485105 ], [ 16.013964170114452, 46.30885796216895 ], [ 16.014027522804465, 46.308873166751141 ], [ 16.014029854893927, 46.308873716493189 ], [ 16.014121861809357, 46.308907936862433 ], [ 16.014211409307379, 46.308941336963038 ], [ 16.014250698166414, 46.308961657539683 ], [ 16.01438290880175, 46.309030237732323 ], [ 16.014567489882406, 46.309152123422066 ], [ 16.014673920339888, 46.309243806520598 ], [ 16.014869911410528, 46.309352874194786 ], [ 16.015246521859684, 46.309562396049841 ], [ 16.015309053456768, 46.309597210266745 ], [ 16.015310474413766, 46.309598026035381 ], [ 16.015349124150752, 46.30960259847722 ], [ 16.015349253978442, 46.309602599027507 ], [ 16.015352366666587, 46.309602972107797 ], [ 16.015352494112008, 46.309603242563057 ], [ 16.015363551693724, 46.309630190966196 ], [ 16.015392149156732, 46.309699860288006 ], [ 16.015483949383331, 46.30989017955325 ], [ 16.015481077337313, 46.309921387557274 ], [ 16.015464858589151, 46.310096763609465 ], [ 16.015585374222638, 46.31028468525443 ], [ 16.015626740828452, 46.310349280220542 ], [ 16.016020595183804, 46.310606827435087 ], [ 16.016105639212793, 46.310680244372449 ], [ 16.016124710583327, 46.310696609953773 ], [ 16.016196342101441, 46.310759803263146 ], [ 16.016571371739257, 46.311032564089935 ], [ 16.016599237827979, 46.31105283555587 ], [ 16.016749879188573, 46.311418037498278 ], [ 16.016846365656033, 46.311652101640369 ], [ 16.016872679712908, 46.31171600273175 ], [ 16.016890296606118, 46.311764931775329 ], [ 16.016913619067495, 46.311829450017569 ], [ 16.016958401972389, 46.311845474225038 ], [ 16.01696250438922, 46.3118514296849 ], [ 16.016997500843939, 46.311902501477718 ], [ 16.017061834885062, 46.311939481653958 ], [ 16.017102859088205, 46.311954770155793 ], [ 16.017215192845402, 46.311996361562876 ], [ 16.017216357390346, 46.311996816338208 ], [ 16.017319228383187, 46.312021902875891 ], [ 16.017443737385523, 46.31205211905435 ], [ 16.017522392955915, 46.312069905477941 ], [ 16.017608465424868, 46.312089376925471 ], [ 16.001666577489416, 46.273726096453899 ], [ 15.997272633025503, 46.277167427366905 ], [ 15.989888436752171, 46.314724516600194 ], [ 15.990180260612545, 46.314724998601406 ] ] ] ] } },
{ "type": "Feature", "properties": { "fid": 44, "Rbr IJ": 3, "Naziv izborne jedinice": "III. IZBORNA JEDINICA", "Rbr.županije": 5, "Županija": "VARAŽDINSKA ŽUPANIJA", "Oznaka Gr/Op/Dr": "grad", "Grad/općina/država": "LEPOGLAVA", "Rbr BM": 10, "Naziv BM": "VILETINEC", "Lokacija BM": "PROSTORIJE NOVOG DRUŠTVENOG DOMA VILETINEC", "Adresa BM": "VILETINEC", "Ukupno birača": 134, "Glasovalo birača": 74, "Glasovalo birača (po listićima)": 74, "Važeći listići": 68, "Nevažeći listići": 6, "Latitude": 46.2305456, "Longitude": 16.0121969, "ID_u_zupaniji": 44, "ID_global": 1333, "neighbours list": [ 1532, 1538, 1537, 1536, 1335, 1332, 1334 ] }, "geometry": { "type": "MultiPolygon", "coordinates": [ [ [ [ 15.995244228561456, 46.235706641720597 ], [ 15.994561319902607, 46.242630863142338 ], [ 15.998590325373765, 46.246290473559604 ], [ 16.013726336200648, 46.244193031462153 ], [ 16.025233820604885, 46.225745101906043 ], [ 16.021951112839879, 46.21838132900929 ], [ 15.999977488544264, 46.228158075348567 ], [ 15.995244228561456, 46.235706641720597 ] ] ] ] } },
{ "type": "Feature", "properties": { "fid": 172, "Rbr IJ": 3, "Naziv izborne jedinice": "III. IZBORNA JEDINICA", "Rbr.županije": 5, "Županija": "VARAŽDINSKA ŽUPANIJA", "Oznaka Gr/Op/Dr": "općina", "Grad/općina/država": "BEDNJA", "Rbr BM": 5, "Naziv BM": "RINKOVEC", "Lokacija BM": "DRUŠTVENI DOM", "Adresa BM": "RINKOVEC BB", "Ukupno birača": 284, "Glasovalo birača": 176, "Glasovalo birača (po listićima)": 176, "Važeći listići": 171, "Nevažeći listići": 5, "Latitude": 46.2174829, "Longitude": 16.0063849, "ID_u_zupaniji": 172, "ID_global": 1536, "neighbours list": [ 1328, 1537, 1333, 1329, 1334 ] }, "geometry": { "type": "MultiPolygon", "coordinates": [ [ [ [ 16.020897744507838, 46.213183724432604 ], [ 15.998649590822161, 46.202407398116122 ], [ 15.999977488544264, 46.228158075348567 ], [ 16.021951112839879, 46.21838132900929 ], [ 16.022022764107032, 46.217124203590217 ], [ 16.020897744507838, 46.213183724432604 ] ] ] ] } },
{ "type": "Feature", "properties": { "fid": 40, "Rbr IJ": 3, "Naziv izborne jedinice": "III. IZBORNA JEDINICA", "Rbr.županije": 5, "Županija": "VARAŽDINSKA ŽUPANIJA", "Oznaka Gr/Op/Dr": "grad", "Grad/općina/država": "LEPOGLAVA", "Rbr BM": 6, "Naziv BM": "PURGA", "Lokacija BM": "PROSTORIJE BIVŠEG UGOSTITELJSKOG OBJEKTA \"PALMA\"", "Adresa BM": "TRAKOŠĆANSKA ULICA BR.1", "Ukupno birača": 442, "Glasovalo birača": 259, "Glasovalo birača (po listićima)": 259, "Važeći listići": 249, "Nevažeći listići": 10, "Latitude": 46.2091725, "Longitude": 16.0354928, "ID_u_zupaniji": 40, "ID_global": 1329, "neighbours list": [ 1328, 1536, 1334, 1327 ] }, "geometry": { "type": "MultiPolygon", "coordinates": [ [ [ [ 16.035309477881672, 46.187662505518936 ], [ 16.035096001617831, 46.187522538388315 ], [ 16.034761421988609, 46.187226693663796 ], [ 16.034374958195674, 46.186939184120341 ], [ 16.034151456051795, 46.186790536903835 ], [ 16.034028577482381, 46.186744478727704 ], [ 16.020897744507838, 46.213183724432604 ], [ 16.022022764107032, 46.217124203590217 ], [ 16.04054797672778, 46.213402959380844 ], [ 16.035409213363511, 46.187694217217938 ], [ 16.035309477881672, 46.187662505518936 ] ] ] ] } },
{ "type": "Feature", "properties": { "fid": 48, "Rbr IJ": 3, "Naziv izborne jedinice": "III. IZBORNA JEDINICA", "Rbr.županije": 5, "Županija": "VARAŽDINSKA ŽUPANIJA", "Oznaka Gr/Op/Dr": "grad", "Grad/općina/država": "LEPOGLAVA", "Rbr BM": 14, "Naziv BM": "DONJA VIŠNJICA", "Lokacija BM": "OSNOVNA ŠKOLA \"IZIDOR POLJAK\"", "Adresa BM": "VIŠNJICA", "Ukupno birača": 413, "Glasovalo birača": 214, "Glasovalo birača (po listićima)": 214, "Važeći listići": 195, "Nevažeći listići": 19, "Latitude": 46.293325, "Longitude": 16.01024, "ID_u_zupaniji": 48, "ID_global": 1337, "neighbours list": [ 1538, 1339, 1340, 1335, 1336 ] }, "geometry": { "type": "MultiPolygon", "coordinates": [ [ [ [ 16.017620874387923, 46.312092184100358 ], [ 16.0176399227805, 46.312096493126795 ], [ 16.017687738130441, 46.312107311484752 ], [ 16.017688774428688, 46.312107585770974 ], [ 16.017853869118724, 46.312158756142637 ], [ 16.018060610321278, 46.312228366063444 ], [ 16.018068506500779, 46.31223109849423 ], [ 16.018351131380747, 46.312412592539268 ], [ 16.018437885369224, 46.312498970835968 ], [ 16.01843968727135, 46.312500777857693 ], [ 16.018590746913695, 46.312686845509354 ], [ 16.018599667666656, 46.312691201706429 ], [ 16.018635094177686, 46.312708265521394 ], [ 16.018739821340947, 46.31275882056471 ], [ 16.018779171385269, 46.312772661869815 ], [ 16.018888159968384, 46.312811088540357 ], [ 16.018890618956075, 46.312811998603308 ], [ 16.018949877245237, 46.312820975174709 ], [ 16.019063206770738, 46.312838186634863 ], [ 16.019225673099861, 46.312863702046741 ], [ 16.019263253261354, 46.312869566526437 ], [ 16.026042902726466, 46.279897661370939 ], [ 16.021268539658674, 46.27684748897039 ], [ 16.001700170985618, 46.273698767205879 ], [ 16.001666577489416, 46.273726096453899 ], [ 16.017608465424868, 46.312089376925471 ], [ 16.017620874387923, 46.312092184100358 ] ] ] ] } },
{ "type": "Feature", "properties": { "fid": 51, "Rbr IJ": 3, "Naziv izborne jedinice": "III. IZBORNA JEDINICA", "Rbr.županije": 5, "Županija": "VARAŽDINSKA ŽUPANIJA", "Oznaka Gr/Op/Dr": "grad", "Grad/općina/država": "LEPOGLAVA", "Rbr BM": 17, "Naziv BM": "ZLOGONJE", "Lokacija BM": "KUĆA ČELIG JOSIPA", "Adresa BM": "ZLOGONJE 140", "Ukupno birača": 341, "Glasovalo birača": 135, "Glasovalo birača (po listićima)": 135, "Važeći listići": 126, "Nevažeći listići": 9, "Latitude": 46.2984708, "Longitude": 16.0352659, "ID_u_zupaniji": 51, "ID_global": 1340, "neighbours list": [ 1337, 1336, 1341, 1607, 1704 ] }, "geometry": { "type": "MultiPolygon", "coordinates": [ [ [ [ 16.019272481473031, 46.312871006612319 ], [ 16.01939287261624, 46.312897334569577 ], [ 16.019484235028372, 46.31291733236889 ], [ 16.019486308461012, 46.312917790940553 ], [ 16.01958324515477, 46.312953647093586 ], [ 16.019644461437512, 46.3129763072196 ], [ 16.019742341012513, 46.313023143737553 ], [ 16.019958337950126, 46.313178262138855 ], [ 16.020043056109671, 46.313275157338197 ], [ 16.020056425399602, 46.313290508632655 ], [ 16.0201224505611, 46.313386965420229 ], [ 16.020283625071091, 46.313560567198287 ], [ 16.020389618227586, 46.313674645998518 ], [ 16.020390390964494, 46.313675369012763 ], [ 16.020451706694868, 46.313761099226625 ], [ 16.020483598996766, 46.313781566564266 ], [ 16.020624728360136, 46.31387186003699 ], [ 16.020666305221869, 46.313898485995111 ], [ 16.020666822217159, 46.313898758077265 ], [ 16.020787855271685, 46.313926256881899 ], [ 16.020789669077399, 46.313926714341719 ], [ 16.020820480221804, 46.313937190204044 ], [ 16.020965600052705, 46.313986922777367 ], [ 16.020975013868796, 46.313994339888623 ], [ 16.021034851421856, 46.31404128582566 ], [ 16.02109356884392, 46.314067803482857 ], [ 16.021146077620301, 46.3140915959602 ], [ 16.021146853511908, 46.314091959096032 ], [ 16.021267094083804, 46.314121073562397 ], [ 16.021272017747556, 46.314122263807946 ], [ 16.021353138196741, 46.314140777681189 ], [ 16.021371798081073, 46.314145084457685 ], [ 16.021374260307322, 46.314145634594077 ], [ 16.02138254095388, 46.314148998205582 ], [ 16.021403243751177, 46.314157272279232 ], [ 16.021414500492995, 46.314161817976284 ], [ 16.021438825448779, 46.314171636721611 ], [ 16.02149795703107, 46.314195366783807 ], [ 16.02155688826144, 46.314227193422091 ], [ 16.021664412416204, 46.314285225118446 ], [ 16.021784125461163, 46.314330261808124 ], [ 16.021837394542406, 46.314386087039679 ], [ 16.021838681179744, 46.31438744199437 ], [ 16.021872483230645, 46.314382544934439 ], [ 16.021875863748818, 46.314382019240554 ], [ 16.021898775017259, 46.314584011331036 ], [ 16.02188858652594, 46.314635702402697 ], [ 16.021875276929809, 46.314702855538087 ], [ 16.021853196478546, 46.314793094696284 ], [ 16.021792738517053, 46.315130235364386 ], [ 16.021791373494558, 46.315137877241341 ], [ 16.02178690877199, 46.315188332634825 ], [ 16.021721012964498, 46.315270201087415 ], [ 16.021590664081987, 46.315462015048851 ], [ 16.021580397820568, 46.315507677663234 ], [ 16.021580004702702, 46.315567687070093 ], [ 16.02159098907422, 46.315633322319023 ], [ 16.021600654403084, 46.315790723067643 ], [ 16.021636718255078, 46.315883994542972 ], [ 16.021662107674693, 46.315980370356051 ], [ 16.02171543931939, 46.316073893983081 ], [ 16.021726814805909, 46.316109570312108 ], [ 16.021778005459769, 46.316270023808386 ], [ 16.021791933248917, 46.316355555059211 ], [ 16.021799079385801, 46.316399760990919 ], [ 16.021826677407073, 46.316451340150053 ], [ 16.021839451790157, 46.316475505953747 ], [ 16.021916513371107, 46.316587752826806 ], [ 16.021917925204768, 46.316589648132961 ], [ 16.021946462966248, 46.316578071145138 ], [ 16.02194959019825, 46.316576824617663 ], [ 16.021958300106686, 46.316620407274556 ], [ 16.022026092033173, 46.316693747596354 ], [ 16.022046159792552, 46.31671542465935 ], [ 16.022080585323273, 46.316758395022227 ], [ 16.022260800588516, 46.31692433593377 ], [ 16.022448182708402, 46.317087517370126 ], [ 16.02266366112389, 46.317275108111367 ], [ 16.022577080252308, 46.317346364001033 ], [ 16.022412289061865, 46.317481892762068 ], [ 16.02228997285355, 46.317585928757325 ], [ 16.022256773336498, 46.31761089211377 ], [ 16.022156593346587, 46.317692887447883 ], [ 16.022115544141396, 46.317724565825181 ], [ 16.021970532022216, 46.317750681220886 ], [ 16.021896718869382, 46.317787081003289 ], [ 16.021653760705128, 46.317906896658059 ], [ 16.021500697563898, 46.317992538944587 ], [ 16.021288948591192, 46.31815171201626 ], [ 16.021202178986925, 46.318229354044888 ], [ 16.021024841246131, 46.318388310823423 ], [ 16.020768625257851, 46.318553684622849 ], [ 16.020805810450717, 46.318711920468864 ], [ 16.020805939514645, 46.318712010981294 ], [ 16.020817198437651, 46.318835409148519 ], [ 16.020785500870613, 46.319015399328563 ], [ 16.020766098382143, 46.319125713086123 ], [ 16.020762832192094, 46.319157729263509 ], [ 16.020745067565407, 46.319333279240986 ], [ 16.020770057785263, 46.319371261996949 ], [ 16.0208574561515, 46.319504516215609 ], [ 16.020916958776318, 46.319590508407146 ], [ 16.020940438910731, 46.319622996533788 ], [ 16.02099753192412, 46.319702410664576 ], [ 16.020888188545463, 46.319807039296442 ], [ 16.02065574739299, 46.320029824281249 ], [ 16.020608473848519, 46.320075061711627 ], [ 16.020417304126564, 46.320151635566816 ], [ 16.020382429557266, 46.320145101311148 ], [ 16.020364257142063, 46.320218531816124 ], [ 16.020356129890352, 46.320390703209185 ], [ 16.020382687901847, 46.320501929432552 ], [ 16.020413378692233, 46.320630627455088 ], [ 16.02043457249593, 46.320791045578737 ], [ 16.02042472742033, 46.320892312206531 ], [ 16.020403421641777, 46.320952773669269 ], [ 16.020394630331261, 46.320978018788558 ], [ 16.020329226893587, 46.321076803067847 ], [ 16.020242283578302, 46.321143916935817 ], [ 16.020137515989205, 46.321199979412086 ], [ 16.020093444002125, 46.321220487893278 ], [ 16.020069058801038, 46.321232081839774 ], [ 16.020046238147124, 46.321242962576186 ], [ 16.019922168924452, 46.321293545544307 ], [ 16.019907359897399, 46.321294113167205 ], [ 16.019779279155532, 46.321298523756177 ], [ 16.019434194082557, 46.321318667102588 ], [ 16.019119013573068, 46.321319771247758 ], [ 16.019061094091381, 46.321319977505041 ], [ 16.0187768323906, 46.321290080610275 ], [ 16.018756086291976, 46.321286484408098 ], [ 16.01868710500127, 46.321274587737406 ], [ 16.018587781784436, 46.32125752487822 ], [ 16.018560054301293, 46.321250390358308 ], [ 16.018473631828638, 46.321228253341687 ], [ 16.018473243841502, 46.321228071764757 ], [ 16.018450628102059, 46.321215560454661 ], [ 16.018396478487933, 46.321185731769155 ], [ 16.018395953541422, 46.321186359358663 ], [ 16.018380874941972, 46.321202850604791 ], [ 16.018194398739297, 46.32115815891185 ], [ 16.018178458946362, 46.321154402913869 ], [ 16.017988811021809, 46.321145596150984 ], [ 16.018063892136574, 46.321202234791286 ], [ 16.018148519512774, 46.321266111331056 ], [ 16.018268031542327, 46.321365043725855 ], [ 16.018331188255683, 46.321404357421471 ], [ 16.018335062608152, 46.321406802972575 ], [ 16.018596217930202, 46.321583797059297 ], [ 16.018803354212892, 46.321701361980843 ], [ 16.018822678075907, 46.321719077714057 ], [ 16.019025713976841, 46.321904553452306 ], [ 16.019027646061527, 46.321906361009283 ], [ 16.019068617411335, 46.321884130441319 ], [ 16.019070313433165, 46.321883237859879 ], [ 16.019206987965543, 46.322024618018467 ], [ 16.019281872176521, 46.322104017808471 ], [ 16.019328322045219, 46.322153157572039 ], [ 16.019458447747994, 46.322271387220873 ], [ 16.019553884772836, 46.322361759752539 ], [ 16.019663782644841, 46.322491420518332 ], [ 16.019671790494307, 46.322511247883938 ], [ 16.019724286713302, 46.322641207272746 ], [ 16.019722978505047, 46.322701662613028 ], [ 16.019722964333866, 46.322703282040152 ], [ 16.019762501224964, 46.322696610267506 ], [ 16.019764712759667, 46.322696169698418 ], [ 16.019855237626395, 46.322798937404656 ], [ 16.019892399338193, 46.322841110126269 ], [ 16.02005484957931, 46.322990694903417 ], [ 16.02018728318459, 46.323097866900106 ], [ 16.020305060318766, 46.323188152589964 ], [ 16.020543713534224, 46.323370895910593 ], [ 16.020824032976027, 46.323541307309476 ], [ 16.020884618797755, 46.323578089603387 ], [ 16.021112759558822, 46.323775363050494 ], [ 16.021225912824921, 46.323904766000112 ], [ 16.021328652170332, 46.324022159035891 ], [ 16.021577158674589, 46.324267201665222 ], [ 16.021654543413597, 46.324343551300828 ], [ 16.021924211053431, 46.324545045531238 ], [ 16.021980987455454, 46.324572094393147 ], [ 16.022296299499487, 46.324722134935548 ], [ 16.022387220119068, 46.324765431125513 ], [ 16.022550050068286, 46.324842946761784 ], [ 16.02255121414688, 46.324843491451119 ], [ 16.022645199554677, 46.324862957799191 ], [ 16.022707035884583, 46.324875721962883 ], [ 16.022828374208157, 46.324900880562581 ], [ 16.022982411021239, 46.324929324449251 ], [ 16.023131083512151, 46.324932463781039 ], [ 16.023180257133824, 46.324892991441118 ], [ 16.02335732757852, 46.3248263410837 ], [ 16.023586905267042, 46.324740025544763 ], [ 16.023819825118753, 46.324657592234388 ], [ 16.024146217743965, 46.324578786455042 ], [ 16.024165348208825, 46.324574187551427 ], [ 16.024274794841588, 46.324547921433414 ], [ 16.024379790504334, 46.324510750151227 ], [ 16.024380441379343, 46.324510572915671 ], [ 16.024503221576815, 46.3245641667149 ], [ 16.024833504665832, 46.324695818367523 ], [ 16.024906368624489, 46.324724911999425 ], [ 16.024993942051797, 46.32509514842971 ], [ 16.025025013940351, 46.325226365889883 ], [ 16.025107414296059, 46.325309121979899 ], [ 16.025238242724264, 46.325423479125583 ], [ 16.025361713176487, 46.325487691488483 ], [ 16.025419873318956, 46.325520232638638 ], [ 16.025441457389693, 46.32553228842081 ], [ 16.02568726967705, 46.325731335461633 ], [ 16.02592658094796, 46.325901384214063 ], [ 16.026052128897419, 46.326086166147569 ], [ 16.026200836242644, 46.326130778456552 ], [ 16.026476248763281, 46.326211274123125 ], [ 16.026610717183171, 46.326250518616767 ], [ 16.026748035119979, 46.326290674459806 ], [ 16.026852580314426, 46.326381258468864 ], [ 16.026853095906301, 46.32638171045943 ], [ 16.026943209633131, 46.326398817990295 ], [ 16.027226387135059, 46.326452622458945 ], [ 16.027425843700161, 46.326425645799254 ], [ 16.027472113294884, 46.326406493162786 ], [ 16.027618361804677, 46.326374887673154 ], [ 16.027636577342044, 46.326371004181667 ], [ 16.027737644932149, 46.32633768237126 ], [ 16.028072926940382, 46.326282834516249 ], [ 16.028119096393393, 46.326275287517419 ], [ 16.028155444558628, 46.326277146971655 ], [ 16.028236839691086, 46.326281171649626 ], [ 16.028263062075158, 46.326282539435041 ], [ 16.028270202461322, 46.326282838807316 ], [ 16.028298242217232, 46.326284304053665 ], [ 16.028355877049574, 46.326287600826774 ], [ 16.028358356128628, 46.326286261481094 ], [ 16.028360705340166, 46.326284921599694 ], [ 16.028362364233825, 46.326288347356083 ], [ 16.028373391333943, 46.326304857608818 ], [ 16.028374657533824, 46.326308641630987 ], [ 16.028414564566429, 46.326425319210756 ], [ 16.028432678742497, 46.326478567023912 ], [ 16.02845472299904, 46.326542987496495 ], [ 16.028483809557244, 46.326664478880431 ], [ 16.028484686167939, 46.326668261294614 ], [ 16.028506589869632, 46.326733940775178 ], [ 16.028526594290881, 46.326793944220647 ], [ 16.028533258627316, 46.3268798943962 ], [ 16.028562636245596, 46.327043133685969 ], [ 16.028579486150573, 46.327137763104176 ], [ 16.02859340078243, 46.327165891549143 ], [ 16.028650970404502, 46.327282731815885 ], [ 16.028708452066073, 46.327379598037474 ], [ 16.028717340893099, 46.327493898353033 ], [ 16.028678801410109, 46.327580741845352 ], [ 16.028608985385208, 46.327664847218237 ], [ 16.028558496648436, 46.327691270598542 ], [ 16.028467565470038, 46.327738760437384 ], [ 16.028330060730106, 46.327780209957169 ], [ 16.028198846916617, 46.327799912191068 ], [ 16.028045445833023, 46.327832208665868 ], [ 16.027953919098906, 46.327843167250947 ], [ 16.027862913361353, 46.327853947971192 ], [ 16.027687314803178, 46.327884892708781 ], [ 16.027556686349957, 46.327957229888774 ], [ 16.027555771828467, 46.327957855909965 ], [ 16.027433745727258, 46.328056770051838 ], [ 16.027375632540121, 46.328108803244128 ], [ 16.027340818538438, 46.328139789442353 ], [ 16.027266783147624, 46.328276149924015 ], [ 16.027221987634718, 46.328395356749382 ], [ 16.027173597396171, 46.328539830649397 ], [ 16.027147070483757, 46.328618895772841 ], [ 16.027123240182334, 46.328656315291006 ], [ 16.026986653533122, 46.328756608270083 ], [ 16.026861370674677, 46.328886458470457 ], [ 16.026839900284173, 46.328921278522827 ], [ 16.026714244008378, 46.329124453684813 ], [ 16.026664850596731, 46.32933982064128 ], [ 16.026643800066573, 46.329431324356037 ], [ 16.026892260510696, 46.329672216311458 ], [ 16.026893671298303, 46.329674291490093 ], [ 16.02698239566174, 46.329807996119463 ], [ 16.027050520573386, 46.329935767337425 ], [ 16.027078743942276, 46.330021626778127 ], [ 16.027096463698715, 46.330075412966465 ], [ 16.027151595359729, 46.330233990556195 ], [ 16.027155734758232, 46.33025101226027 ], [ 16.027172784750316, 46.330322250108111 ], [ 16.027173037526634, 46.330323060895559 ], [ 16.027232098196841, 46.330327173869478 ], [ 16.027235083040921, 46.33032745612455 ], [ 16.02731446730844, 46.330429901803001 ], [ 16.027436884274174, 46.330587857658749 ], [ 16.027395832892957, 46.330739649606961 ], [ 16.027362697520246, 46.330862053626319 ], [ 16.027365861965965, 46.330962114844183 ], [ 16.027430384951618, 46.331055951724139 ], [ 16.027428356053388, 46.331110555945045 ], [ 16.027433669635109, 46.33114206787539 ], [ 16.027442191930021, 46.33119311684748 ], [ 16.027472265459615, 46.331335755733974 ], [ 16.027502969946536, 46.331480556528305 ], [ 16.027513327717852, 46.331529633707142 ], [ 16.02772235396813, 46.331781247344445 ], [ 16.027764904546348, 46.331832526798884 ], [ 16.027782212519, 46.331843754722939 ], [ 16.028002220482296, 46.331966574241804 ], [ 16.028010492610182, 46.33197128689654 ], [ 16.028036475608566, 46.331985699586312 ], [ 16.028026867380266, 46.332000415225814 ], [ 16.028026735951496, 46.332000594625988 ], [ 16.028028939283526, 46.332001143548432 ], [ 16.028157279221173, 46.332029834236685 ], [ 16.028234283093958, 46.332047066574283 ], [ 16.028236746192022, 46.332047616564466 ], [ 16.028277247345454, 46.332065418036095 ], [ 16.028452448303145, 46.332142706278326 ], [ 16.028506636608221, 46.332169921129697 ], [ 16.028689392262081, 46.332259926114915 ], [ 16.028817177783605, 46.33238353352229 ], [ 16.028912674004985, 46.332470839290146 ], [ 16.028975048767947, 46.332527958123066 ], [ 16.029064958858054, 46.3326003055112 ], [ 16.029209700055446, 46.33270076970306 ], [ 16.029209958276628, 46.332700950708869 ], [ 16.029327117446243, 46.332731123557551 ], [ 16.029356795749322, 46.332738803306995 ], [ 16.029520457969035, 46.332738307191249 ], [ 16.02969513830336, 46.332725260174975 ], [ 16.029805113874009, 46.33271464598063 ], [ 16.029866991204937, 46.332708692385509 ], [ 16.029857779967621, 46.332692279733294 ], [ 16.029982806006057, 46.33266841149328 ], [ 16.030105056725326, 46.332680430267409 ], [ 16.030384174376742, 46.332636051452823 ], [ 16.030619590301793, 46.332598600306909 ], [ 16.030622321680209, 46.332598161662389 ], [ 16.030708442162823, 46.332734191892904 ], [ 16.030826220260249, 46.332919926148385 ], [ 16.030843008767924, 46.332946446598442 ], [ 16.030843264687668, 46.332946897505039 ], [ 16.030873874045092, 46.332952061483631 ], [ 16.030877635273569, 46.332952706713947 ], [ 16.030864390774344, 46.33298261282259 ], [ 16.03094018197682, 46.333081172424556 ], [ 16.030993595268043, 46.333138523301805 ], [ 16.031047394477035, 46.333196325592759 ], [ 16.031153938784954, 46.333313725200924 ], [ 16.031182152708585, 46.333347035282678 ], [ 16.055294877925313, 46.299411891138583 ], [ 16.044572257660729, 46.278486619602283 ], [ 16.043154886602128, 46.278263821080415 ], [ 16.026042902726466, 46.279897661370939 ], [ 16.019263253261354, 46.312869566526437 ], [ 16.019272481473031, 46.312871006612319 ] ] ] ] } },
{ "type": "Feature", "properties": { "fid": 46, "Rbr IJ": 3, "Naziv izborne jedinice": "III. IZBORNA JEDINICA", "Rbr.županije": 5, "Županija": "VARAŽDINSKA ŽUPANIJA", "Oznaka Gr/Op/Dr": "grad", "Grad/općina/država": "LEPOGLAVA", "Rbr BM": 12, "Naziv BM": "KAMENIČKO PODGORJE - 1", "Lokacija BM": "PROSTORIJE NOVOG DRUŠTVENOG DOMA", "Adresa BM": "KAMENIČKO PODGORJE BB", "Ukupno birača": 192, "Glasovalo birača": 86, "Glasovalo birača (po listićima)": 86, "Važeći listići": 85, "Nevažeći listići": 1, "Latitude": 46.2577421, "Longitude": 16.0159656, "ID_u_zupaniji": 46, "ID_global": 1335, "neighbours list": [ 1538, 1333, 1337, 1336, 1332 ] }, "geometry": { "type": "MultiPolygon", "coordinates": [ [ [ [ 15.998590325373765, 46.246290473559604 ], [ 16.001700170985618, 46.273698767205879 ], [ 16.021268539658674, 46.27684748897039 ], [ 16.024897104314324, 46.250762640000758 ], [ 16.013726336200648, 46.244193031462153 ], [ 15.998590325373765, 46.246290473559604 ] ] ] ] } },
{ "type": "Feature", "properties": { "fid": 96, "Rbr IJ": 3, "Naziv izborne jedinice": "III. IZBORNA JEDINICA", "Rbr.županije": 5, "Županija": "VARAŽDINSKA ŽUPANIJA", "Oznaka Gr/Op/Dr": "grad", "Grad/općina/država": "NOVI MAROF", "Rbr BM": 30, "Naziv BM": "GORNJE PODRUTE", "Lokacija BM": "DRUŠTVENI DOM GORNJE PODRUTE", "Adresa BM": "PODRUTE 154 B", "Ukupno birača": 116, "Glasovalo birača": 60, "Glasovalo birača (po listićima)": 60, "Važeći listići": 58, "Nevažeći listići": 2, "Latitude": 46.1668293, "Longitude": 16.2434891, "ID_u_zupaniji": 96, "ID_global": 1393, "neighbours list": [ 1293, 1391, 1388, 1389 ] }, "geometry": { "type": "MultiPolygon", "coordinates": [ [ [ [ 16.250155460441519, 46.156508152105353 ], [ 16.250101067633121, 46.156568585713757 ], [ 16.250056477830469, 46.156637138389698 ], [ 16.250001658576945, 46.156677326867744 ], [ 16.249919747319076, 46.156696042243411 ], [ 16.249885481614069, 46.156743383573144 ], [ 16.249828547185558, 46.156821716313537 ], [ 16.249717929807378, 46.156917926301695 ], [ 16.249640950915371, 46.156990906593407 ], [ 16.249556911275196, 46.15705055521304 ], [ 16.249484995232844, 46.157091965619117 ], [ 16.249398593324429, 46.157130015186922 ], [ 16.249264378482923, 46.157176237434314 ], [ 16.249173283930315, 46.157192682781073 ], [ 16.249096320134583, 46.157290585530475 ], [ 16.249000222956681, 46.157353626284284 ], [ 16.248990203838318, 46.157449966424011 ], [ 16.249001987903377, 46.157506495961066 ], [ 16.249054402582082, 46.157539901408732 ], [ 16.249142863993132, 46.157561689322456 ], [ 16.249231515027986, 46.157570251408089 ], [ 16.249286389896398, 46.157603662145767 ], [ 16.249345813114523, 46.157661915649065 ], [ 16.249388883601096, 46.157700249022298 ], [ 16.249398253467199, 46.157746786111474 ], [ 16.249400176367519, 46.157836584358662 ], [ 16.249353724668776, 46.157887047894299 ], [ 16.249165585097998, 46.158032213120478 ], [ 16.248002777757076, 46.15839836906963 ], [ 16.247807308277974, 46.158616394803701 ], [ 16.247549308698726, 46.158719205421562 ], [ 16.247051007293614, 46.158791792575073 ], [ 16.246953627408505, 46.158766384347366 ], [ 16.246765064582753, 46.158719540225071 ], [ 16.246654927381247, 46.15870912913369 ], [ 16.246563093386019, 46.158688501483766 ], [ 16.246357156785301, 46.158703340309962 ], [ 16.246221148557289, 46.158715814756235 ], [ 16.246073970587375, 46.158735822043184 ], [ 16.245996708630116, 46.15875616446047 ], [ 16.245897354127269, 46.158794182590775 ], [ 16.24582723703671, 46.158837484135866 ], [ 16.245779354922501, 46.158888392900217 ], [ 16.245738535065627, 46.158952093654975 ], [ 16.245645818794571, 46.159122927896306 ], [ 16.245545921737339, 46.159278450501191 ], [ 16.245426852744984, 46.159435819774473 ], [ 16.245316533140553, 46.159633066873475 ], [ 16.245235988936699, 46.159718992471355 ], [ 16.24512604197356, 46.159835263654159 ], [ 16.245005194434864, 46.159928657031742 ], [ 16.244902743121255, 46.159991770113422 ], [ 16.244855131831965, 46.160039709944819 ], [ 16.244778235024349, 46.160120604814104 ], [ 16.244715758104544, 46.160219166726186 ], [ 16.244671645358746, 46.16029446637036 ], [ 16.244609994912935, 46.160438196985382 ], [ 16.244532159965456, 46.160581711448287 ], [ 16.244495502018658, 46.160640832370781 ], [ 16.244372613081286, 46.160782986376596 ], [ 16.244159296002813, 46.160963626692606 ], [ 16.243930354521584, 46.161134694370624 ], [ 16.243796907732609, 46.161235526062974 ], [ 16.243540198300327, 46.161446569111263 ], [ 16.243265454505135, 46.161664948936142 ], [ 16.243175296329039, 46.161728627902598 ], [ 16.243089677385214, 46.161790697468213 ], [ 16.24295686106225, 46.161894498724983 ], [ 16.242863851426549, 46.161958620901281 ], [ 16.242582844315649, 46.162130648413182 ], [ 16.242428652297061, 46.162264092305037 ], [ 16.242359921451786, 46.162341764855327 ], [ 16.242242187964159, 46.162514789199335 ], [ 16.242162261648627, 46.162660546629887 ], [ 16.242089197629848, 46.162806319483323 ], [ 16.241880726432914, 46.163193456515089 ], [ 16.241840789179996, 46.163371334696436 ], [ 16.241809193579538, 46.163454489190904 ], [ 16.241754414237299, 46.163538760965018 ], [ 16.241696341112995, 46.163579747828038 ], [ 16.241513184239132, 46.163647893931149 ], [ 16.241367004189229, 46.163700467947379 ], [ 16.241285242834579, 46.163739601526991 ], [ 16.241103189197943, 46.163793173698529 ], [ 16.240800383826436, 46.163805983601989 ], [ 16.240663101582992, 46.163811070679145 ], [ 16.240488148207611, 46.16386906669851 ], [ 16.240259509248517, 46.163998379746175 ], [ 16.240117468704391, 46.164106385479108 ], [ 16.239960770153605, 46.164247198157796 ], [ 16.239805851950862, 46.164422204744284 ], [ 16.23968408854244, 46.16465082107463 ], [ 16.239629064063994, 46.164758664409803 ], [ 16.239602536954852, 46.164864503234426 ], [ 16.239555436437971, 46.165104176296467 ], [ 16.239508451477519, 46.165291844699198 ], [ 16.239450063357488, 46.165453664588696 ], [ 16.239355102166655, 46.166340140450508 ], [ 16.239264735343433, 46.166609855912 ], [ 16.239131586932377, 46.166862108719457 ], [ 16.239027124981313, 46.167072409071451 ], [ 16.238975174036678, 46.167186737179314 ], [ 16.238961262492161, 46.167253196076722 ], [ 16.238935373552447, 46.167360475739208 ], [ 16.238909380981575, 46.167462266753503 ], [ 16.238842093544005, 46.167615608406031 ], [ 16.238779117009653, 46.167733600152246 ], [ 16.238743469623095, 46.16782313261983 ], [ 16.238705107763952, 46.167966283268697 ], [ 16.238667667101076, 46.168106286923326 ], [ 16.238665086779029, 46.168240971831459 ], [ 16.238667364511485, 46.168580358269253 ], [ 16.238645960589515, 46.168834125456364 ], [ 16.23863573575424, 46.169024306707563 ], [ 16.238619969357039, 46.169126750823011 ], [ 16.238570304080163, 46.169222729276584 ], [ 16.238452587593496, 46.169359220189513 ], [ 16.238319860994867, 46.169465715344863 ], [ 16.238165646943255, 46.169570001759652 ], [ 16.238045203891339, 46.169653041565631 ], [ 16.237980458463756, 46.169706337618834 ], [ 16.237912203992966, 46.169789496889528 ], [ 16.237792168937137, 46.169977266854559 ], [ 16.236257268437878, 46.171012123389318 ], [ 16.235834593928598, 46.171600385670359 ], [ 16.235668559401855, 46.171980141022665 ], [ 16.235565853259711, 46.172467831171055 ], [ 16.235210124844606, 46.172892583592891 ], [ 16.234780990989833, 46.17339130295877 ], [ 16.234636537949999, 46.173401224739443 ], [ 16.234557946545443, 46.17339663356622 ], [ 16.234490175496578, 46.17337731177745 ], [ 16.234346018778972, 46.173298789694243 ], [ 16.233750500588783, 46.172955144146783 ], [ 16.232759843887635, 46.172373311655541 ], [ 16.232706061058813, 46.172327389273335 ], [ 16.232331739914827, 46.172122093056259 ], [ 16.2322267723175, 46.172082258777678 ], [ 16.232073836654489, 46.172052748945482 ], [ 16.231502947917399, 46.172082630418181 ], [ 16.230860301158117, 46.172114499490988 ], [ 16.230076350883188, 46.172148190765391 ], [ 16.229647377034276, 46.172183076605336 ], [ 16.229567999144372, 46.172207271742799 ], [ 16.229509097278463, 46.172255088400497 ], [ 16.229405873319845, 46.17236182290754 ], [ 16.22936309585889, 46.172396271565361 ], [ 16.229314604113473, 46.17243394573174 ], [ 16.229243867860291, 46.172465269031434 ], [ 16.229168857324783, 46.172496672134763 ], [ 16.229456568723155, 46.172508600114114 ], [ 16.229545224276364, 46.172679040230427 ], [ 16.229679433684971, 46.17280361141556 ], [ 16.229851111855574, 46.172946535661161 ], [ 16.230025581931113, 46.173074890492131 ], [ 16.230238914925323, 46.173201447318789 ], [ 16.230338458535755, 46.173264753766723 ], [ 16.230455286366958, 46.173342496680732 ], [ 16.230578145702808, 46.173431680354106 ], [ 16.230654656555902, 46.173517515646424 ], [ 16.230723860168091, 46.173614580391039 ], [ 16.230864766649077, 46.173854062394355 ], [ 16.230963685285385, 46.17407248152815 ], [ 16.231135844171643, 46.17438401570211 ], [ 16.231230991221057, 46.174526307946202 ], [ 16.231276976402739, 46.17465768770851 ], [ 16.231310183365796, 46.174780130018398 ], [ 16.231322760247195, 46.17483045488558 ], [ 16.231346867050227, 46.175199313790273 ], [ 16.231364810336341, 46.175291309087612 ], [ 16.231389948090378, 46.175421920005817 ], [ 16.23146150567684, 46.175568295392033 ], [ 16.231525407515814, 46.175664447424531 ], [ 16.231638439650659, 46.175831614039836 ], [ 16.231728661866601, 46.175975333850907 ], [ 16.231744255037651, 46.176044740163107 ], [ 16.231757370835709, 46.176144191873547 ], [ 16.231775180340815, 46.176237266461456 ], [ 16.231835774784436, 46.17637461849958 ], [ 16.231896683913156, 46.176447280157291 ], [ 16.231951615176627, 46.176497434342735 ], [ 16.232087708711465, 46.176583768214968 ], [ 16.232208623330742, 46.176675374815517 ], [ 16.232284231242485, 46.176735204456847 ], [ 16.232405248644053, 46.17680575724544 ], [ 16.232531241226383, 46.176892066940049 ], [ 16.232622132518713, 46.176952022086525 ], [ 16.232717833631142, 46.177008389458535 ], [ 16.232798508507358, 46.177038449314544 ], [ 16.232884398634692, 46.177061413378773 ], [ 16.233010698233954, 46.177084561735271 ], [ 16.233137248707774, 46.17710942003766 ], [ 16.233235530256511, 46.177141230183999 ], [ 16.233311190811147, 46.177190532343403 ], [ 16.233363852189541, 46.17728197846575 ], [ 16.233449462530135, 46.1773629744727 ], [ 16.233529894955019, 46.17747023065774 ], [ 16.23356001529616, 46.17756270382494 ], [ 16.233617567535848, 46.177687541455022 ], [ 16.233743182747528, 46.177852845801212 ], [ 16.233881796453922, 46.177955018750865 ], [ 16.234020369027654, 46.178065828906583 ], [ 16.234156565370473, 46.178159178475738 ], [ 16.234267093885073, 46.178284138947674 ], [ 16.234370206362097, 46.178416100023647 ], [ 16.234461270306163, 46.178548752807039 ], [ 16.234509280350142, 46.178665380198488 ], [ 16.234552506983977, 46.178807099109441 ], [ 16.234570229275487, 46.17902712583485 ], [ 16.234580232766373, 46.179128549362296 ], [ 16.234614188134696, 46.17920519576662 ], [ 16.234657647432019, 46.179298689291144 ], [ 16.234772230080125, 46.179416280820313 ], [ 16.234867362480518, 46.179484521568561 ], [ 16.234981891374279, 46.179559555227236 ], [ 16.235224719467524, 46.179701376516995 ], [ 16.23543074718938, 46.179819539032891 ], [ 16.235633806627355, 46.179935624917064 ], [ 16.23579668699271, 46.180030203862202 ], [ 16.235950408936802, 46.180144015777159 ], [ 16.236174996533595, 46.180309186043559 ], [ 16.236324628654948, 46.180465995404091 ], [ 16.236437883191996, 46.180564597740698 ], [ 16.23654905108862, 46.180666254257787 ], [ 16.236715944946702, 46.180762010786573 ], [ 16.23695156190513, 46.180869801740762 ], [ 16.237093030559972, 46.180919342743032 ], [ 16.237162333531657, 46.180945504478501 ], [ 16.237398739001978, 46.181024054894891 ], [ 16.237606067915877, 46.181115764207448 ], [ 16.237789556589284, 46.181209037988133 ], [ 16.237958789182542, 46.181304078268084 ], [ 16.238128030902644, 46.181397318844525 ], [ 16.238412291866709, 46.181518804209105 ], [ 16.238688923355486, 46.181637842137405 ], [ 16.239013159976398, 46.181770304178045 ], [ 16.239339675273936, 46.181914287112441 ], [ 16.239550275794098, 46.182000332006233 ], [ 16.239812979224475, 46.18207992703455 ], [ 16.24010841525417, 46.182167963421115 ], [ 16.240554782023949, 46.18227829523444 ], [ 16.240843625630745, 46.182363885468881 ], [ 16.240979922250858, 46.182385428134268 ], [ 16.241188953842727, 46.182447893365214 ], [ 16.241412082035982, 46.182487626781516 ], [ 16.241555595009388, 46.182517282706307 ], [ 16.241697420434541, 46.182547744400082 ], [ 16.241801859372426, 46.182567864494381 ], [ 16.242024742140732, 46.182577185085997 ], [ 16.242137509590385, 46.182561424204863 ], [ 16.242268755813022, 46.18252744023512 ], [ 16.242344677711593, 46.182524102404919 ], [ 16.242590100794956, 46.182505310959918 ], [ 16.242756633027188, 46.182515402963475 ], [ 16.242904517687197, 46.182579976784929 ], [ 16.243033623094195, 46.182671770201353 ], [ 16.243125871772111, 46.182750704410232 ], [ 16.243225098182908, 46.18280554129538 ], [ 16.243355292238974, 46.18285846820099 ], [ 16.243464381314745, 46.182881656316418 ], [ 16.243583560348895, 46.182879944276614 ], [ 16.243664032181368, 46.18287319677944 ], [ 16.243817671426235, 46.182842680238842 ], [ 16.243945811812061, 46.182780075784827 ], [ 16.244085085700881, 46.182690863928464 ], [ 16.244152406401302, 46.182614986930126 ], [ 16.244213737401353, 46.182517862722079 ], [ 16.244293364223623, 46.182413851438064 ], [ 16.244372912767858, 46.182326664983805 ], [ 16.244507233054325, 46.182243829654837 ], [ 16.244643403410048, 46.182208954226191 ], [ 16.244769236577454, 46.182196548955694 ], [ 16.244872653470132, 46.18221369483522 ], [ 16.244925248956616, 46.182240534358954 ], [ 16.24496972204901, 46.182287149929508 ], [ 16.244981657105075, 46.182339271265299 ], [ 16.24502799510023, 46.182402806007921 ], [ 16.245075933322482, 46.182456447204345 ], [ 16.245141569831812, 46.182492403039916 ], [ 16.245216042007236, 46.182522440273054 ], [ 16.245350636410237, 46.182576454398699 ], [ 16.245502144535116, 46.182642472507283 ], [ 16.245630975372467, 46.182710509350308 ], [ 16.245770911187485, 46.182814290257355 ], [ 16.245836669990648, 46.182880117193633 ], [ 16.245953789158051, 46.182960004144022 ], [ 16.246088970774778, 46.183055676469479 ], [ 16.246171815422777, 46.183096258581351 ], [ 16.246289202060929, 46.183146364523694 ], [ 16.246457385364199, 46.18319235425728 ], [ 16.246641820126175, 46.183225423565794 ], [ 16.24684721556012, 46.183263757462065 ], [ 16.246990836208308, 46.183299255079639 ], [ 16.247384255649866, 46.183379211884883 ], [ 16.247827764231218, 46.183496706842504 ], [ 16.248093412490999, 46.183531302527207 ], [ 16.248422136539766, 46.183539314268629 ], [ 16.248488148185373, 46.183607389566419 ], [ 16.248515695984334, 46.183702102368088 ], [ 16.248609540122374, 46.183830970976842 ], [ 16.24894581938868, 46.184484648119096 ], [ 16.249123458413351, 46.184788428921145 ], [ 16.249321972333924, 46.185031433087211 ], [ 16.249365871828118, 46.185120063313235 ], [ 16.249679976458108, 46.18558276567645 ], [ 16.249889077458537, 46.18594896577563 ], [ 16.250038534820987, 46.186213454956857 ], [ 16.250075884635471, 46.186347147308581 ], [ 16.250081035441521, 46.18641112974781 ], [ 16.250077965650089, 46.186488230349738 ], [ 16.250066743320613, 46.186563423683189 ], [ 16.250020269665125, 46.186670660485177 ], [ 16.249965626954019, 46.186779588896577 ], [ 16.249842512521894, 46.186990217493275 ], [ 16.249753336031237, 46.187087013773123 ], [ 16.24960208756827, 46.187245305898976 ], [ 16.249520816850762, 46.187398172807761 ], [ 16.249469045240222, 46.187530590345112 ], [ 16.2494361021392, 46.187681673641592 ], [ 16.249419307364128, 46.187814077832378 ], [ 16.249361333663973, 46.187971314403782 ], [ 16.249270229296581, 46.188121190429719 ], [ 16.249143388808736, 46.188323802411446 ], [ 16.249126814173128, 46.188350668115817 ], [ 16.249050073208355, 46.188475382897089 ], [ 16.248932507714361, 46.188717603328683 ], [ 16.248833584709498, 46.18887699900597 ], [ 16.248725244392297, 46.188999124870826 ], [ 16.248587266346117, 46.189143228959125 ], [ 16.24850899703733, 46.189204868586927 ], [ 16.248313528314487, 46.189342367762137 ], [ 16.248142095573129, 46.189436102470914 ], [ 16.2480211333387, 46.189513123135995 ], [ 16.247953992090096, 46.189577396138205 ], [ 16.247902506267799, 46.18967436399673 ], [ 16.247870840796278, 46.189771465518618 ], [ 16.24788673316386, 46.189922386083943 ], [ 16.247943461227042, 46.190010685176397 ], [ 16.247994724111734, 46.190075938983661 ], [ 16.248139863556013, 46.19023677150264 ], [ 16.248388842061761, 46.190382806853144 ], [ 16.247428269996156, 46.190088724764614 ], [ 16.24602283421239, 46.188781895309234 ], [ 16.245326798908586, 46.188552264052177 ], [ 16.245129444433527, 46.188171596226937 ], [ 16.244563027469908, 46.18790077141059 ], [ 16.24373984379136, 46.187186968725165 ], [ 16.242320710851438, 46.187598466711449 ], [ 16.240447767167634, 46.187787762743611 ], [ 16.238579187473007, 46.188966656577456 ], [ 16.237850974240011, 46.1890806049582 ], [ 16.236539792126237, 46.189546442589275 ], [ 16.235694672825176, 46.190371528013834 ], [ 16.235408725302005, 46.190367438192325 ], [ 16.249949955735531, 46.195365683983226 ], [ 16.26711957054426, 46.186087305539168 ], [ 16.254947433108324, 46.161113908713347 ], [ 16.250272691144019, 46.1563937244306 ], [ 16.250155460441519, 46.156508152105353 ] ] ] ] } },
{ "type": "Feature", "properties": { "fid": 47, "Rbr IJ": 3, "Naziv izborne jedinice": "III. IZBORNA JEDINICA", "Rbr.županije": 5, "Županija": "VARAŽDINSKA ŽUPANIJA", "Oznaka Gr/Op/Dr": "grad", "Grad/općina/država": "LEPOGLAVA", "Rbr BM": 13, "Naziv BM": "KAMENIČKO PODGORJE - 2", "Lokacija BM": "KUĆA KRISTIJANA GALIĆ", "Adresa BM": "ŽAROVNICA 215", "Ukupno birača": 107, "Glasovalo birača": 49, "Glasovalo birača (po listićima)": 49, "Važeći listići": 48, "Nevažeći listići": 1, "Latitude": 46.2599148, "Longitude": 16.0315846, "ID_u_zupaniji": 47, "ID_global": 1336, "neighbours list": [ 1337, 1340, 1335, 1332, 1341, 1331 ] }, "geometry": { "type": "MultiPolygon", "coordinates": [ [ [ [ 16.021268539658674, 46.27684748897039 ], [ 16.026042902726466, 46.279897661370939 ], [ 16.043154886602128, 46.278263821080415 ], [ 16.034755566538479, 46.252176302777499 ], [ 16.025512086828368, 46.250613690329253 ], [ 16.024897104314324, 46.250762640000758 ], [ 16.021268539658674, 46.27684748897039 ] ] ] ] } },
{ "type": "Feature", "properties": { "fid": 43, "Rbr IJ": 3, "Naziv izborne jedinice": "III. IZBORNA JEDINICA", "Rbr.županije": 5, "Županija": "VARAŽDINSKA ŽUPANIJA", "Oznaka Gr/Op/Dr": "grad", "Grad/općina/država": "LEPOGLAVA", "Rbr BM": 9, "Naziv BM": "CRKOVEC", "Lokacija BM": "KUĆA TOME ERDEC", "Adresa BM": "CRKOVEC 16", "Ukupno birača": 125, "Glasovalo birača": 71, "Glasovalo birača (po listićima)": 71, "Važeći listići": 71, "Nevažeći listići": 0, "Latitude": 46.2395648, "Longitude": 16.0266558, "ID_u_zupaniji": 43, "ID_global": 1332, "neighbours list": [ 1333, 1335, 1336, 1334, 1330, 1331 ] }, "geometry": { "type": "MultiPolygon", "coordinates": [ [ [ [ 16.013726336200648, 46.244193031462153 ], [ 16.024897104314324, 46.250762640000758 ], [ 16.025512086828368, 46.250613690329253 ], [ 16.035316448124188, 46.233013150924151 ], [ 16.032664157242827, 46.229719724990758 ], [ 16.025233820604885, 46.225745101906043 ], [ 16.013726336200648, 46.244193031462153 ] ] ] ] } },
{ "type": "Feature", "properties": { "fid": 45, "Rbr IJ": 3, "Naziv izborne jedinice": "III. IZBORNA JEDINICA", "Rbr.županije": 5, "Županija": "VARAŽDINSKA ŽUPANIJA", "Oznaka Gr/Op/Dr": "grad", "Grad/općina/država": "LEPOGLAVA", "Rbr BM": 11, "Naziv BM": "VULIŠINEC", "Lokacija BM": "KUĆA MILICE KELEMENIĆ", "Adresa BM": "VULIŠINEC 2", "Ukupno birača": 177, "Glasovalo birača": 99, "Glasovalo birača (po listićima)": 99, "Važeći listići": 96, "Nevažeći listići": 3, "Latitude": 46.2192574, "Longitude": 16.0375186, "ID_u_zupaniji": 45, "ID_global": 1334, "neighbours list": [ 1333, 1536, 1329, 1332, 1330, 1327 ] }, "geometry": { "type": "MultiPolygon", "coordinates": [ [ [ [ 16.025233820604885, 46.225745101906043 ], [ 16.032664157242827, 46.229719724990758 ], [ 16.047012658310035, 46.216755914643649 ], [ 16.04054797672778, 46.213402959380844 ], [ 16.022022764107032, 46.217124203590217 ], [ 16.021951112839879, 46.21838132900929 ], [ 16.025233820604885, 46.225745101906043 ] ] ] ] } },
{ "type": "Feature", "properties": { "fid": 52, "Rbr IJ": 3, "Naziv izborne jedinice": "III. IZBORNA JEDINICA", "Rbr.županije": 5, "Županija": "VARAŽDINSKA ŽUPANIJA", "Oznaka Gr/Op/Dr": "grad", "Grad/općina/država": "LEPOGLAVA", "Rbr BM": 18, "Naziv BM": "ŽAROVNICA", "Lokacija BM": "PODRUČNA ŠKOLA ŽAROVNICA", "Adresa BM": "ŽAROVNICA", "Ukupno birača": 574, "Glasovalo birača": 346, "Glasovalo birača (po listićima)": 346, "Važeći listići": 335, "Nevažeći listići": 11, "Latitude": 46.256611, "Longitude": 16.0418459, "ID_u_zupaniji": 52, "ID_global": 1341, "neighbours list": [ 1340, 1336, 1331, 1275, 1704, 1707 ] }, "geometry": { "type": "MultiPolygon", "coordinates": [ [ [ [ 16.043154886602128, 46.278263821080415 ], [ 16.044572257660729, 46.278486619602283 ], [ 16.062271023492645, 46.261884294135037 ], [ 16.061207253053603, 46.255331639379591 ], [ 16.051448953141101, 46.242329874735965 ], [ 16.034755566538479, 46.252176302777499 ], [ 16.043154886602128, 46.278263821080415 ] ] ] ] } },
{ "type": "Feature", "properties": { "fid": 41, "Rbr IJ": 3, "Naziv izborne jedinice": "III. IZBORNA JEDINICA", "Rbr.županije": 5, "Županija": "VARAŽDINSKA ŽUPANIJA", "Oznaka Gr/Op/Dr": "grad", "Grad/općina/država": "LEPOGLAVA", "Rbr BM": 7, "Naziv BM": "KAMENIČKI VRHOVEC", "Lokacija BM": "PROSTORIJE TVRTKE \"TORNADO\" D.O.O.", "Adresa BM": "KAMENIČKI VRHOVEC 38", "Ukupno birača": 156, "Glasovalo birača": 96, "Glasovalo birača (po listićima)": 96, "Važeći listići": 94, "Nevažeći listići": 2, "Latitude": 46.2259483, "Longitude": 16.0435638, "ID_u_zupaniji": 41, "ID_global": 1330, "neighbours list": [ 1332, 1334, 1331, 1327, 1324, 1325, 1275 ] }, "geometry": { "type": "MultiPolygon", "coordinates": [ [ [ [ 16.035316448124188, 46.233013150924151 ], [ 16.051233843162677, 46.24125739140252 ], [ 16.057863685981282, 46.226820339484732 ], [ 16.051922923754265, 46.219222685317675 ], [ 16.048135947814636, 46.216757423029577 ], [ 16.047012658310035, 46.216755914643649 ], [ 16.032664157242827, 46.229719724990758 ], [ 16.035316448124188, 46.233013150924151 ] ] ] ] } },
{ "type": "Feature", "properties": { "fid": 42, "Rbr IJ": 3, "Naziv izborne jedinice": "III. IZBORNA JEDINICA", "Rbr.županije": 5, "Županija": "VARAŽDINSKA ŽUPANIJA", "Oznaka Gr/Op/Dr": "grad", "Grad/općina/država": "LEPOGLAVA", "Rbr BM": 8, "Naziv BM": "KAMENICA", "Lokacija BM": "OSNOVNA ŠKOLA \"IVAN RANGER\"", "Adresa BM": "KAMENICA", "Ukupno birača": 114, "Glasovalo birača": 70, "Glasovalo birača (po listićima)": 70, "Važeći listići": 69, "Nevažeći listići": 1, "Latitude": 46.2438255, "Longitude": 16.0343045, "ID_u_zupaniji": 42, "ID_global": 1331, "neighbours list": [ 1336, 1332, 1341, 1330, 1275 ] }, "geometry": { "type": "MultiPolygon", "coordinates": [ [ [ [ 16.034755566538479, 46.252176302777499 ], [ 16.051448953141101, 46.242329874735965 ], [ 16.051233843162677, 46.24125739140252 ], [ 16.035316448124188, 46.233013150924151 ], [ 16.025512086828368, 46.250613690329253 ], [ 16.034755566538479, 46.252176302777499 ] ] ] ] } },
{ "type": "Feature", "properties": { "fid": 213, "Rbr IJ": 3, "Naziv izborne jedinice": "III. IZBORNA JEDINICA", "Rbr.županije": 5, "Županija": "VARAŽDINSKA ŽUPANIJA", "Oznaka Gr/Op/Dr": "općina", "Grad/općina/država": "DONJA VOĆA", "Rbr BM": 4, "Naziv BM": "DONJA VOĆA - 3", "Lokacija BM": "KUĆA IVANKE DENAC", "Adresa BM": "DONJA VOĆA 286 B", "Ukupno birača": 271, "Glasovalo birača": 125, "Glasovalo birača (po listićima)": 125, "Važeći listići": 120, "Nevažeći listići": 5, "Latitude": 46.3180162, "Longitude": 16.0627732, "ID_u_zupaniji": 213, "ID_global": 1607, "neighbours list": [ 1340, 1704, 1609, 1589 ] }, "geometry": { "type": "MultiPolygon", "coordinates": [ [ [ [ 16.031197145485155, 46.333364736139167 ], [ 16.031238646857862, 46.333417719438344 ], [ 16.031289341679855, 46.333458864194618 ], [ 16.031305337440624, 46.333471795657665 ], [ 16.031370357340766, 46.333539000800819 ], [ 16.031432746636014, 46.333594858742352 ], [ 16.031504682236928, 46.333658403323206 ], [ 16.031631985220407, 46.333733151158363 ], [ 16.031688334040645, 46.333766311448585 ], [ 16.031817691122342, 46.33384394656963 ], [ 16.031959430505154, 46.333901388685142 ], [ 16.032085815290653, 46.333962096730843 ], [ 16.032085944408962, 46.333962187230505 ], [ 16.032239353372077, 46.334067811392863 ], [ 16.032359564505096, 46.33418238668358 ], [ 16.032434577511694, 46.334235596559282 ], [ 16.032517078078399, 46.33429423527447 ], [ 16.032687290928951, 46.334394439278832 ], [ 16.032739953664809, 46.334433522087103 ], [ 16.032837889595289, 46.334510037957024 ], [ 16.032876469934219, 46.334540245980783 ], [ 16.032972178563611, 46.334603796770061 ], [ 16.032992456737123, 46.334617285312696 ], [ 16.033100934411451, 46.334676209636505 ], [ 16.033212129239352, 46.334736404546788 ], [ 16.03324108702137, 46.334752627615373 ], [ 16.033275862206867, 46.334772113387658 ], [ 16.033277546918381, 46.334772570120506 ], [ 16.033322765946249, 46.33478589048773 ], [ 16.0333450507494, 46.334792549339468 ], [ 16.033355805403275, 46.334795652253085 ], [ 16.033371223769585, 46.334800213738205 ], [ 16.033386513016026, 46.334804684723068 ], [ 16.033393250339582, 46.334806691584149 ], [ 16.033396748889206, 46.334807695544555 ], [ 16.033411534657773, 46.334810275074631 ], [ 16.033414258472956, 46.334810736045512 ], [ 16.033523597721253, 46.334829536290073 ], [ 16.033589357477812, 46.334840781035204 ], [ 16.033619300359945, 46.334848100868925 ], [ 16.033720793723926, 46.33487307694206 ], [ 16.033777308599326, 46.334886983018414 ], [ 16.033779771881164, 46.334887532889589 ], [ 16.033794272683835, 46.334893080260485 ], [ 16.033829230029031, 46.334906448559536 ], [ 16.033929054114733, 46.334944463477697 ], [ 16.033981619743574, 46.334964561374072 ], [ 16.034239448551546, 46.335072587716112 ], [ 16.03442344566756, 46.335140995434514 ], [ 16.034445015647581, 46.335155388690609 ], [ 16.034561261920246, 46.33523287733442 ], [ 16.034599069866374, 46.335277746946403 ], [ 16.034629324621555, 46.335340220175084 ], [ 16.034625106320217, 46.335424056233322 ], [ 16.034624485258036, 46.335436019884845 ], [ 16.034622467716723, 46.335551354842963 ], [ 16.034649916203609, 46.335684354116381 ], [ 16.034728473427261, 46.33581027367871 ], [ 16.034743271152287, 46.335826798630833 ], [ 16.034820608831499, 46.335912765923283 ], [ 16.034943025791428, 46.336059377200641 ], [ 16.035015220325697, 46.336185180708256 ], [ 16.035066178295533, 46.33624188986613 ], [ 16.035078917804412, 46.336256067152021 ], [ 16.035116911659124, 46.336294459409679 ], [ 16.035163172869968, 46.336338283538289 ], [ 16.035285364458492, 46.336435049445988 ], [ 16.035431259625906, 46.336539828997381 ], [ 16.035512781047423, 46.336592163559345 ], [ 16.035517688755235, 46.336595512431224 ], [ 16.035604610971475, 46.336654346795527 ], [ 16.03570188591657, 46.33671781166408 ], [ 16.035784116706751, 46.33676313115361 ], [ 16.035920344822372, 46.336859233588449 ], [ 16.035953633353088, 46.336885820233341 ], [ 16.036020855409326, 46.336939535938313 ], [ 16.036139789591353, 46.337037817215446 ], [ 16.036177890465247, 46.337063703545923 ], [ 16.036188468670531, 46.337072383693169 ], [ 16.036231424145424, 46.337107916619871 ], [ 16.036246304054348, 46.337114814783618 ], [ 16.036341018572617, 46.337158654987363 ], [ 16.036349946990338, 46.337162739896428 ], [ 16.036354216739955, 46.337164736576575 ], [ 16.036356808522644, 46.337165466855502 ], [ 16.036379872502231, 46.337172308214335 ], [ 16.03639516189628, 46.337176868766562 ], [ 16.036427165717427, 46.337186445498311 ], [ 16.036458263337153, 46.337195658662537 ], [ 16.036477051503333, 46.337201223070821 ], [ 16.036480550262493, 46.337202226937244 ], [ 16.036607653636807, 46.337194734656499 ], [ 16.036777294456222, 46.337133881673338 ], [ 16.036913984628161, 46.337098626773702 ], [ 16.036960719549487, 46.337086579944028 ], [ 16.037130604411765, 46.337058297014792 ], [ 16.037218101376034, 46.337049294155136 ], [ 16.037281252159989, 46.337046850583221 ], [ 16.037389102073917, 46.337042698427801 ], [ 16.03740494522976, 46.337043212379413 ], [ 16.037445200689366, 46.337044724796485 ], [ 16.037529219486139, 46.33704767380442 ], [ 16.037649042518925, 46.33705625577354 ], [ 16.037650080905152, 46.337056349943403 ], [ 16.037676106004749, 46.33706635200739 ], [ 16.037756382721415, 46.337097176804107 ], [ 16.037815725219957, 46.337115051043128 ], [ 16.037852781449001, 46.337126267279771 ], [ 16.037888282763614, 46.337137027364264 ], [ 16.037906941163346, 46.33714259101319 ], [ 16.037909920372179, 46.33714359273629 ], [ 16.03804399818323, 46.337171665684281 ], [ 16.038046072688559, 46.337172123921398 ], [ 16.038190700029496, 46.337227770516193 ], [ 16.038261846103417, 46.337263146614191 ], [ 16.038321221164324, 46.337292627011763 ], [ 16.038418056524115, 46.337347090662178 ], [ 16.03841883210157, 46.337347543649166 ], [ 16.038576783140755, 46.337379041273095 ], [ 16.038746033310421, 46.337379904065422 ], [ 16.038857392425442, 46.337375584738098 ], [ 16.038926391010325, 46.337372893927018 ], [ 16.039180381382469, 46.337321824448068 ], [ 16.039203551587864, 46.337316069691553 ], [ 16.039313049780215, 46.337301305757443 ], [ 16.039486297719645, 46.337321077520812 ], [ 16.039492653448928, 46.337322182772233 ], [ 16.039643516000378, 46.337347082474501 ], [ 16.039773607684097, 46.337354983787343 ], [ 16.039891796614206, 46.337341693817379 ], [ 16.039992245873215, 46.337321674489644 ], [ 16.040106404958347, 46.337308727970971 ], [ 16.040177656845096, 46.337300647193068 ], [ 16.040382441667685, 46.337292833271754 ], [ 16.04062842443669, 46.337313615409542 ], [ 16.040639851317771, 46.337314111171025 ], [ 16.040873451829061, 46.337324406374492 ], [ 16.041033364265957, 46.337338993887265 ], [ 16.041094240050249, 46.337344546518253 ], [ 16.041298073775007, 46.337372805606471 ], [ 16.041298333562768, 46.337372806648609 ], [ 16.041338502874304, 46.337384664041522 ], [ 16.041498791364891, 46.337432001941721 ], [ 16.04150319347422, 46.337433729046431 ], [ 16.041616616779084, 46.337477729862506 ], [ 16.041617393888529, 46.337478002891416 ], [ 16.041629058800567, 46.337481108674055 ], [ 16.041656667618597, 46.337488237099919 ], [ 16.041827762711495, 46.337532648803403 ], [ 16.041997477319548, 46.337571296562103 ], [ 16.042109216460624, 46.337599275262946 ], [ 16.042151994517038, 46.337609883218661 ], [ 16.04216743543785, 46.337611924410666 ], [ 16.042326394020481, 46.33763199453999 ], [ 16.042536836639542, 46.337631217161729 ], [ 16.042663014337673, 46.337610128790807 ], [ 16.042736639599649, 46.337597827263188 ], [ 16.042832127578993, 46.337580754652564 ], [ 16.042909693076357, 46.337563250435238 ], [ 16.043032694319251, 46.337533601691383 ], [ 16.043133238934207, 46.337470843649854 ], [ 16.043155492726022, 46.337419109129996 ], [ 16.043189431963619, 46.337383616111403 ], [ 16.043270262230493, 46.33731718033868 ], [ 16.043302941656226, 46.337292568773563 ], [ 16.043387386204905, 46.337228846489516 ], [ 16.043455216536181, 46.337179183293749 ], [ 16.043657131276564, 46.337047821535414 ], [ 16.04378523165138, 46.336951523639264 ], [ 16.043859869568312, 46.33689540943211 ], [ 16.0439583387666, 46.33680079255906 ], [ 16.044050083660487, 46.336718114962984 ], [ 16.044085594798315, 46.336680918488554 ], [ 16.044135871927764, 46.336633164263972 ], [ 16.044197474035329, 46.336535611088742 ], [ 16.044231304750983, 46.336481763188289 ], [ 16.044337622715748, 46.336395994448637 ], [ 16.044502123578088, 46.336295792080328 ], [ 16.044587628974348, 46.336229104074278 ], [ 16.044627064488296, 46.336204159148991 ], [ 16.044734009073846, 46.336136656697263 ], [ 16.04487974445102, 46.336043576766606 ], [ 16.04500243204328, 46.335972897755866 ], [ 16.045094851348303, 46.335949513053329 ], [ 16.045105353834508, 46.335951804116362 ], [ 16.045121630441464, 46.335947010419098 ], [ 16.045135823574771, 46.335942838230373 ], [ 16.045236019676285, 46.335905808717783 ], [ 16.04531310559295, 46.335867427626667 ], [ 16.045526407301939, 46.33575590149642 ], [ 16.045668340962429, 46.335729474149908 ], [ 16.045699331790413, 46.335735985240781 ], [ 16.045730192735714, 46.335742495807253 ], [ 16.045810622267954, 46.335739486368695 ], [ 16.046263834458038, 46.335722481656639 ], [ 16.046356348173521, 46.335718979957043 ], [ 16.046701435915612, 46.33575543728513 ], [ 16.046766831423934, 46.335764063838042 ], [ 16.046956142064385, 46.335788926346225 ], [ 16.047144823870479, 46.335732631974395 ], [ 16.047144192986888, 46.335730380194363 ], [ 16.047140788444398, 46.335717950677115 ], [ 16.047165150665826, 46.335709229975443 ], [ 16.047321027000123, 46.335645877604179 ], [ 16.047358989014114, 46.335626144234524 ], [ 16.047453438944629, 46.335576853939457 ], [ 16.047605441625208, 46.335510606768075 ], [ 16.047751351003161, 46.33544289575444 ], [ 16.047810817030868, 46.335398685126876 ], [ 16.0478181316189, 46.335393765633007 ], [ 16.047889719498137, 46.335344474537024 ], [ 16.047941671908418, 46.335313549880048 ], [ 16.047932784437499, 46.33530442764598 ], [ 16.047926859952781, 46.335298286177327 ], [ 16.048084155389038, 46.335157023254311 ], [ 16.048101933646734, 46.335143327911453 ], [ 16.048250698262574, 46.335028392623897 ], [ 16.04830451085838, 46.335039671675489 ], [ 16.048311912279612, 46.33503997082645 ], [ 16.048497330839375, 46.335048260698578 ], [ 16.048499018649512, 46.33504835733423 ], [ 16.048622297556697, 46.335110204445094 ], [ 16.048624366892373, 46.335111292268927 ], [ 16.048681788041058, 46.335110259323386 ], [ 16.049008905376006, 46.335104532208923 ], [ 16.0490124123695, 46.335104546040725 ], [ 16.049014234968308, 46.335119848344817 ], [ 16.049014481432994, 46.33512146879972 ], [ 16.049026840826851, 46.33511908832061 ], [ 16.049203780715974, 46.335084337340916 ], [ 16.049287279332798, 46.335071260774171 ], [ 16.049346394338215, 46.335053769429173 ], [ 16.049429308456912, 46.335032772983347 ], [ 16.049491005629935, 46.335017181134909 ], [ 16.049651394617083, 46.334957352239407 ], [ 16.049757512021348, 46.334926280184568 ], [ 16.049758553342368, 46.334926014370971 ], [ 16.04976993551465, 46.334931907320623 ], [ 16.049772263166354, 46.334933176083346 ], [ 16.049839887742177, 46.334923365546253 ], [ 16.04987838190252, 46.334917758922714 ], [ 16.050021053778902, 46.334911662584041 ], [ 16.050183569070434, 46.334925077923828 ], [ 16.050216378425425, 46.334931594945033 ], [ 16.050349430673528, 46.334958119928494 ], [ 16.050420862743849, 46.334975045487504 ], [ 16.050458855159921, 46.334983112328935 ], [ 16.050473119292096, 46.334986047486673 ], [ 16.050474675004036, 46.33498641348767 ], [ 16.050563656260785, 46.335017533435753 ], [ 16.050566376548186, 46.335018443840461 ], [ 16.050607515818971, 46.335022924150174 ], [ 16.050719902726662, 46.335035152022812 ], [ 16.050787619076221, 46.335045854735306 ], [ 16.050988461953239, 46.335074084811708 ], [ 16.051199249795182, 46.335109281356353 ], [ 16.051211313252335, 46.335111308071745 ], [ 16.051441983616311, 46.335161337489893 ], [ 16.051750230000803, 46.335239561666718 ], [ 16.051770320898985, 46.335244768785458 ], [ 16.051788985961732, 46.335249610426672 ], [ 16.051894545886306, 46.335270807510128 ], [ 16.051907643373976, 46.335273468003031 ], [ 16.051943833201701, 46.335279637890046 ], [ 16.052153787413594, 46.335305742309124 ], [ 16.05239531600251, 46.335298770547233 ], [ 16.052550854978257, 46.335291821706527 ], [ 16.052594911614751, 46.335289025044396 ], [ 16.05274696333683, 46.335279633068119 ], [ 16.052864666158243, 46.335245364480684 ], [ 16.052995519141316, 46.335207278415062 ], [ 16.053009580869269, 46.335203194706288 ], [ 16.053036184500726, 46.335190252865708 ], [ 16.053054050381292, 46.335181595486745 ], [ 16.053123005132814, 46.335104129815626 ], [ 16.053143239193123, 46.33510771776993 ], [ 16.053143369081852, 46.335107718277527 ], [ 16.053146222236986, 46.335108269254981 ], [ 16.05318145836873, 46.335135848184883 ], [ 16.053182232572194, 46.335136481009016 ], [ 16.053202625309812, 46.335152485607516 ], [ 16.053212692893286, 46.335160352445278 ], [ 16.053304605799404, 46.335214514357453 ], [ 16.053436323807926, 46.335277558867801 ], [ 16.053492787333546, 46.33531439766827 ], [ 16.053563592506261, 46.335360649446059 ], [ 16.053743934448967, 46.335450334980273 ], [ 16.053961570490976, 46.33558623099448 ], [ 16.05397898859006, 46.335600694338346 ], [ 16.054063755096823, 46.335671292500166 ], [ 16.054203169055413, 46.335794556904382 ], [ 16.054373780590385, 46.335931078524688 ], [ 16.054491863580466, 46.336009993583225 ], [ 16.054534885658132, 46.336038682081004 ], [ 16.054741440318136, 46.336116052112594 ], [ 16.054958671467602, 46.336190404301135 ], [ 16.055012057511071, 46.336222551862235 ], [ 16.055079920684243, 46.336263482940282 ], [ 16.05519597601614, 46.33633636130341 ], [ 16.055365530879687, 46.336507606219229 ], [ 16.055377770728029, 46.336519979873252 ], [ 16.055415025505798, 46.336603258155499 ], [ 16.055426779575864, 46.336643521000163 ], [ 16.05544826002378, 46.336749860547613 ], [ 16.055525364882492, 46.336884757258673 ], [ 16.055554783675174, 46.33690916384198 ], [ 16.055629877828828, 46.336971625818983 ], [ 16.055681712318627, 46.337019062143028 ], [ 16.055717512979875, 46.337057439023106 ], [ 16.055732353812569, 46.3370694628588 ], [ 16.055795262056616, 46.33720916266801 ], [ 16.055855301555876, 46.337318171106936 ], [ 16.055865543023387, 46.337336744959678 ], [ 16.055905837903442, 46.337477886377457 ], [ 16.055912310293909, 46.337496715500961 ], [ 16.055898240178212, 46.337501789216134 ], [ 16.055859492766427, 46.33753852692508 ], [ 16.055849677530382, 46.337627740257155 ], [ 16.055931817474779, 46.337750690057341 ], [ 16.056173357329705, 46.338112862276134 ], [ 16.056195175406891, 46.338145606510665 ], [ 16.056215582122107, 46.33817618595409 ], [ 16.056216224323741, 46.338177088158652 ], [ 16.056266481723405, 46.338178812708513 ], [ 16.056283556326768, 46.338171681269372 ], [ 16.056283946742639, 46.338171592813133 ], [ 16.056285641213115, 46.338170879618666 ], [ 16.056293872325632, 46.338181078306 ], [ 16.05630866119229, 46.338199579790299 ], [ 16.056336570307693, 46.338218042208382 ], [ 16.056450018958476, 46.338292708582294 ], [ 16.056680553822218, 46.338426040216142 ], [ 16.056817708344958, 46.338508985506749 ], [ 16.056893203271191, 46.338554443629967 ], [ 16.05710312891129, 46.338666371363963 ], [ 16.057464551377173, 46.338822791067436 ], [ 16.057517884125019, 46.338845940115647 ], [ 16.058053954995621, 46.339075820345151 ], [ 16.058120743302201, 46.339105768955271 ], [ 16.058373267976702, 46.339219388465601 ], [ 16.0586864027077, 46.339436798197902 ], [ 16.058705263020475, 46.339449916809407 ], [ 16.058928715943196, 46.339609038281338 ], [ 16.059057918957031, 46.339696178839965 ], [ 16.059089049772904, 46.339718071909417 ], [ 16.05918342083395, 46.339791312418953 ], [ 16.059238889088164, 46.339823735924938 ], [ 16.059400123529066, 46.339917837366677 ], [ 16.059488892856681, 46.340009320187526 ], [ 16.059607742490567, 46.340091831702019 ], [ 16.059772376066963, 46.340167231699063 ], [ 16.060065792561204, 46.340301608270678 ], [ 16.060320523023449, 46.340449151074488 ], [ 16.060338072800317, 46.340463793884979 ], [ 16.060343105787407, 46.340467951910703 ], [ 16.060376707848285, 46.340489584214488 ], [ 16.060478653747673, 46.340558174265091 ], [ 16.060580262255581, 46.340636479814314 ], [ 16.060673540213411, 46.340733107385716 ], [ 16.060727272576877, 46.340771641534189 ], [ 16.060743430385518, 46.340781690404413 ], [ 16.060871784470766, 46.340861987823558 ], [ 16.06093128034636, 46.34089460591133 ], [ 16.060979680559019, 46.340933929206173 ], [ 16.061003945571262, 46.340969830891211 ], [ 16.061058754534798, 46.341052454888256 ], [ 16.061059780798548, 46.341054078308758 ], [ 16.061091275627145, 46.341046911537227 ], [ 16.061094658862839, 46.341046204753944 ], [ 16.061094779406659, 46.341047374841835 ], [ 16.061158099861789, 46.341397605705637 ], [ 16.06119728273379, 46.341614856487155 ], [ 16.061385927733163, 46.341856253092551 ], [ 16.06142146955586, 46.341879152120327 ], [ 16.061481488501439, 46.341879022421239 ], [ 16.061749386514364, 46.341908300426127 ], [ 16.061803770700251, 46.341914267000419 ], [ 16.061984960013326, 46.341934754852439 ], [ 16.062178631759572, 46.341970135451703 ], [ 16.062286292139845, 46.34200698593407 ], [ 16.062384822683367, 46.342048389903574 ], [ 16.062403455833778, 46.342057638269608 ], [ 16.06241018435334, 46.342060992951311 ], [ 16.062452108611037, 46.34208184674555 ], [ 16.062444914289394, 46.342088027225998 ], [ 16.062565881619363, 46.342231904060469 ], [ 16.062566782349151, 46.342232987159981 ], [ 16.06271475434481, 46.342232383499947 ], [ 16.062715406742864, 46.342232026110217 ], [ 16.06272610707391, 46.342226038962473 ], [ 16.06282755568709, 46.342243701324172 ], [ 16.062948204621442, 46.342264675944747 ], [ 16.063115409410202, 46.342279620312212 ], [ 16.063476043502078, 46.342295392987317 ], [ 16.063608109157958, 46.342302015110484 ], [ 16.063770043201131, 46.342310010626996 ], [ 16.063833718591034, 46.342307554392256 ], [ 16.063930550038666, 46.342301445780322 ], [ 16.064069839255342, 46.342298198090994 ], [ 16.064329229764439, 46.342254111129428 ], [ 16.064470905131643, 46.342228469226932 ], [ 16.064529237933428, 46.342211686843264 ], [ 16.064687421173566, 46.342168473192835 ], [ 16.064902720499571, 46.342130784963807 ], [ 16.065087398418289, 46.342137515586636 ], [ 16.06521750533339, 46.342145387997391 ], [ 16.065328417353022, 46.342116479067023 ], [ 16.065440098709615, 46.342088832548804 ], [ 16.065578516240677, 46.342064346517581 ], [ 16.065685112534641, 46.342039019690922 ], [ 16.065768519343951, 46.342021972023105 ], [ 16.065843546644377, 46.3420131698253 ], [ 16.065844456693661, 46.342013083309411 ], [ 16.06605247317265, 46.341992639724324 ], [ 16.066147645664003, 46.341982654179553 ], [ 16.066311821977767, 46.341969871268546 ], [ 16.066383202530318, 46.341962224510475 ], [ 16.06652351528804, 46.341944402387071 ], [ 16.066583503940251, 46.341931673933807 ], [ 16.066644800145959, 46.341917870750599 ], [ 16.066712213230641, 46.341902651174351 ], [ 16.066756474193973, 46.341874567937808 ], [ 16.066864953019948, 46.341824595047242 ], [ 16.066962124252186, 46.341775299001121 ], [ 16.067025106175493, 46.341745397160921 ], [ 16.067064037921828, 46.341717653510209 ], [ 16.067097500145376, 46.341691598591474 ], [ 16.067216797292065, 46.341620523099905 ], [ 16.067287003133455, 46.341580571685988 ], [ 16.067332023806141, 46.341554920321371 ], [ 16.067356535864246, 46.341510657286364 ], [ 16.067363584678894, 46.341473435896262 ], [ 16.067357700639914, 46.341461807354293 ], [ 16.067318037260875, 46.341417661381577 ], [ 16.067334349060076, 46.3414083661022 ], [ 16.067336306844656, 46.341407203884913 ], [ 16.067450850484715, 46.341312807629031 ], [ 16.067492230193434, 46.341172249252793 ], [ 16.067581945859235, 46.340947930557846 ], [ 16.067697570764526, 46.340699687436711 ], [ 16.067774954169735, 46.340556475946926 ], [ 16.067795651478203, 46.340518136488271 ], [ 16.067820264239767, 46.340477472573703 ], [ 16.067942165827116, 46.340355662411916 ], [ 16.068009240559444, 46.340267654107109 ], [ 16.068044947073467, 46.340220374185584 ], [ 16.068124296257999, 46.340058275925841 ], [ 16.068197664341131, 46.33996282366703 ], [ 16.068225883311197, 46.339926042040055 ], [ 16.068276177821033, 46.339906798164641 ], [ 16.068353966220979, 46.339876861514007 ], [ 16.068395270623142, 46.339861002554287 ], [ 16.068581518771008, 46.339815820092561 ], [ 16.068718023572526, 46.339802389492618 ], [ 16.068889441105373, 46.33984253324558 ], [ 16.068964422663324, 46.339888701218257 ], [ 16.068989516048621, 46.339885916727745 ], [ 16.069011132347818, 46.339895805063009 ], [ 16.069016309981862, 46.339898163828721 ], [ 16.06910274104904, 46.33997514500772 ], [ 16.069119278560798, 46.339986633665056 ], [ 16.069205323150126, 46.340046698727065 ], [ 16.069264883088341, 46.340088219870076 ], [ 16.069409994788774, 46.340153365704772 ], [ 16.069475236075665, 46.340182762022017 ], [ 16.069554069743845, 46.340218237538231 ], [ 16.069598988707476, 46.34023838022204 ], [ 16.069691026585613, 46.340279753469382 ], [ 16.06969245055884, 46.340280388626255 ], [ 16.069884314205432, 46.340314309841418 ], [ 16.069915448202458, 46.340319825217449 ], [ 16.070162515664112, 46.340321384019475 ], [ 16.070452190091221, 46.340323192320163 ], [ 16.070461142013588, 46.340324665486584 ], [ 16.070741517425791, 46.340369354373117 ], [ 16.071013588744258, 46.340412841793103 ], [ 16.071134899018755, 46.340432190782494 ], [ 16.07117797431648, 46.340439010196675 ], [ 16.071178623121433, 46.340439102600968 ], [ 16.071188341832141, 46.340442198067095 ], [ 16.071211668570964, 46.340449393264258 ], [ 16.071306786477564, 46.340479170477444 ], [ 16.071608211423413, 46.340573330323465 ], [ 16.071828068612596, 46.340708693049152 ], [ 16.072043579271053, 46.340429131011376 ], [ 16.066075676351762, 46.300464011236798 ], [ 16.055294877925313, 46.299411891138583 ], [ 16.031182152708585, 46.333347035282678 ], [ 16.031197145485155, 46.333364736139167 ] ] ] ] } },
{ "type": "Feature", "properties": { "fid": 38, "Rbr IJ": 3, "Naziv izborne jedinice": "III. IZBORNA JEDINICA", "Rbr.županije": 5, "Županija": "VARAŽDINSKA ŽUPANIJA", "Oznaka Gr/Op/Dr": "grad", "Grad/općina/država": "LEPOGLAVA", "Rbr BM": 4, "Naziv BM": "LEPOGLAVA - 4", "Lokacija BM": "VATROGASNI DOM", "Adresa BM": "LEPOGLAVA", "Ukupno birača": 289, "Glasovalo birača": 171, "Glasovalo birača (po listićima)": 171, "Važeći listići": 163, "Nevažeći listići": 8, "Latitude": 46.2075543, "Longitude": 16.0435885, "ID_u_zupaniji": 38, "ID_global": 1327, "neighbours list": [ 1329, 1334, 1330, 1325 ] }, "geometry": { "type": "MultiPolygon", "coordinates": [ [ [ [ 16.050771381817061, 46.1925386151377 ], [ 16.050532677461693, 46.192275943936743 ], [ 16.050259125416677, 46.1920449857611 ], [ 16.050112173186516, 46.192049446062029 ], [ 16.049665221483142, 46.191682843651627 ], [ 16.048235438984513, 46.191052606175141 ], [ 16.047272983893603, 46.191163694906713 ], [ 16.046647165840085, 46.191235892856312 ], [ 16.046444457125418, 46.19107322641522 ], [ 16.045634004764377, 46.191399491180029 ], [ 16.045161447020927, 46.191110146572079 ], [ 16.044968670382534, 46.191094623754083 ], [ 16.04455874226251, 46.190924740845801 ], [ 16.04432851285701, 46.190848065673251 ], [ 16.043823267046001, 46.190533752506084 ], [ 16.042882358522778, 46.19023362118552 ], [ 16.042592412903325, 46.190141138283479 ], [ 16.042244518685315, 46.190100337359937 ], [ 16.041787064528965, 46.189992425889443 ], [ 16.041165018919362, 46.189783261657993 ], [ 16.04021223640903, 46.189465515809133 ], [ 16.039279689634188, 46.189006405103896 ], [ 16.03872838555823, 46.188659313238496 ], [ 16.038505388283042, 46.188231398631714 ], [ 16.038356542292181, 46.188014411187169 ], [ 16.038385373576759, 46.187928422889172 ], [ 16.038315308366506, 46.18784878324243 ], [ 16.03804447960173, 46.187780838780029 ], [ 16.037808181875043, 46.187766207681499 ], [ 16.037142511272538, 46.187774131305105 ], [ 16.036775890044904, 46.187744214669706 ], [ 16.035912748592036, 46.187772744513566 ], [ 16.035596687632978, 46.187753826170471 ], [ 16.035409213363511, 46.187694217217938 ], [ 16.04054797672778, 46.213402959380844 ], [ 16.047012658310035, 46.216755914643649 ], [ 16.048135947814636, 46.216757423029577 ], [ 16.050934075454546, 46.192908137956877 ], [ 16.050771381817061, 46.1925386151377 ] ] ] ] } },
{ "type": "Feature", "properties": { "fid": 35, "Rbr IJ": 3, "Naziv izborne jedinice": "III. IZBORNA JEDINICA", "Rbr.županije": 5, "Županija": "VARAŽDINSKA ŽUPANIJA", "Oznaka Gr/Op/Dr": "grad", "Grad/općina/država": "LEPOGLAVA", "Rbr BM": 1, "Naziv BM": "LEPOGLAVA - 1", "Lokacija BM": "UGOSTITELJSKI OBJEKT CAFFE BAR \"CIGLA\"", "Adresa BM": "ULICA HRVATSKIH PAVLINA 101", "Ukupno birača": 573, "Glasovalo birača": 337, "Glasovalo birača (po listićima)": 337, "Važeći listići": 325, "Nevažeći listići": 12, "Latitude": 46.2127322, "Longitude": 16.0604659, "ID_u_zupaniji": 35, "ID_global": 1324, "neighbours list": [ 1330, 1325, 1275, 1271, 1273 ] }, "geometry": { "type": "MultiPolygon", "coordinates": [ [ [ [ 16.078716729636302, 46.196302974392076 ], [ 16.07828826068766, 46.196370224310428 ], [ 16.076784060582913, 46.197071766813195 ], [ 16.076044193752161, 46.196908242909316 ], [ 16.075141268399236, 46.196904890855848 ], [ 16.074907276048748, 46.196702570502509 ], [ 16.0744837310469, 46.196466614001103 ], [ 16.073124225280775, 46.195927553281443 ], [ 16.072285210968381, 46.195821487671381 ], [ 16.071033108253729, 46.195820665084781 ], [ 16.070202865083505, 46.195820065980449 ], [ 16.070122979837205, 46.195846127836489 ], [ 16.069138327624596, 46.195775120878373 ], [ 16.068282840327598, 46.195854668999267 ], [ 16.068153089524142, 46.195779231054196 ], [ 16.067713475962975, 46.195688838115551 ], [ 16.051922923754265, 46.219222685317675 ], [ 16.057863685981282, 46.226820339484732 ], [ 16.073378218630211, 46.222122466004656 ], [ 16.078900812968804, 46.202876903755829 ], [ 16.078972978673637, 46.196327267342305 ], [ 16.078716729636302, 46.196302974392076 ] ] ] ] } },
{ "type": "Feature", "properties": { "fid": 36, "Rbr IJ": 3, "Naziv izborne jedinice": "III. IZBORNA JEDINICA", "Rbr.županije": 5, "Županija": "VARAŽDINSKA ŽUPANIJA", "Oznaka Gr/Op/Dr": "grad", "Grad/općina/država": "LEPOGLAVA", "Rbr BM": 2, "Naziv BM": "LEPOGLAVA - 2", "Lokacija BM": "TRGOVAČKI OBRT \"MARICA\" (PROSTORIJE BIVŠEG RESTORANA-DVORIŠTE)", "Adresa BM": "ULICA HRVATSKIH PAVLINA 41", "Ukupno birača": 388, "Glasovalo birača": 233, "Glasovalo birača (po listićima)": 233, "Važeći listići": 218, "Nevažeći listići": 15, "Latitude": 46.2088568, "Longitude": 16.0546901, "ID_u_zupaniji": 36, "ID_global": 1325, "neighbours list": [ 1330, 1327, 1324 ] }, "geometry": { "type": "MultiPolygon", "coordinates": [ [ [ [ 16.067197800171229, 46.195582805330567 ], [ 16.066954017967209, 46.195625069397074 ], [ 16.066725794459291, 46.195649397221963 ], [ 16.066369158604971, 46.195543765781252 ], [ 16.066205998152743, 46.19521951225606 ], [ 16.066094787552267, 46.194863155194852 ], [ 16.065950843400167, 46.194715142250026 ], [ 16.064849313915769, 46.194041642003242 ], [ 16.06440027601203, 46.193809869701283 ], [ 16.063538682967849, 46.193730825799555 ], [ 16.062976930579456, 46.193728679704272 ], [ 16.062533823835981, 46.193420175343668 ], [ 16.062025095260541, 46.192973758413054 ], [ 16.061632903445766, 46.192813451974033 ], [ 16.061202460794622, 46.19286902374251 ], [ 16.060689701347293, 46.192930485761543 ], [ 16.060412105006087, 46.19274605267973 ], [ 16.060276884276668, 46.19275767906371 ], [ 16.059900467927221, 46.192602016 ], [ 16.059382749546014, 46.192538389899937 ], [ 16.058784125608209, 46.192417945866374 ], [ 16.057792543510356, 46.192267367763357 ], [ 16.057545647494475, 46.192278828803765 ], [ 16.057408534435066, 46.192316446815553 ], [ 16.057175249859636, 46.192504307825274 ], [ 16.056933914196726, 46.192710401771009 ], [ 16.056104117053085, 46.193110803845954 ], [ 16.055937010629389, 46.193188341827273 ], [ 16.055895636987017, 46.19335472204493 ], [ 16.055749295114857, 46.193492082810231 ], [ 16.055425257171823, 46.19367023026328 ], [ 16.054716076692902, 46.194003791037638 ], [ 16.054210213335637, 46.194219645340006 ], [ 16.053636924390553, 46.194377651127276 ], [ 16.05333619833014, 46.19431556449755 ], [ 16.05317717448937, 46.194338066241514 ], [ 16.052777801431041, 46.194138652896619 ], [ 16.052384479665623, 46.1940878980378 ], [ 16.052120872641499, 46.193970349926232 ], [ 16.051555688961297, 46.193641170610192 ], [ 16.051018284478257, 46.193099400235624 ], [ 16.050934075454546, 46.192908137956877 ], [ 16.048135947814636, 46.216757423029577 ], [ 16.051922923754265, 46.219222685317675 ], [ 16.067713475962975, 46.195688838115551 ], [ 16.067197800171229, 46.195582805330567 ] ] ] ] } },
{ "type": "Feature", "properties": { "fid": 13, "Rbr IJ": 3, "Naziv izborne jedinice": "III. IZBORNA JEDINICA", "Rbr.županije": 5, "Županija": "VARAŽDINSKA ŽUPANIJA", "Oznaka Gr/Op/Dr": "grad", "Grad/općina/država": "IVANEC", "Rbr BM": 13, "Naziv BM": "BEDENEC", "Lokacija BM": "VATROGASNI DOM - BIRALIŠTE II", "Adresa BM": "BEDENEC", "Ukupno birača": 222, "Glasovalo birača": 134, "Glasovalo birača (po listićima)": 134, "Važeći listići": 129, "Nevažeći listići": 5, "Latitude": 46.2370984, "Longitude": 16.0678441, "ID_u_zupaniji": 13, "ID_global": 1275, "neighbours list": [ 1341, 1330, 1331, 1324, 1273, 1707, 1277 ] }, "geometry": { "type": "MultiPolygon", "coordinates": [ [ [ [ 16.051448953141101, 46.242329874735965 ], [ 16.061207253053603, 46.255331639379591 ], [ 16.081093259325421, 46.237217640167167 ], [ 16.081013220143166, 46.232305615523906 ], [ 16.073378218630211, 46.222122466004656 ], [ 16.057863685981282, 46.226820339484732 ], [ 16.051233843162677, 46.24125739140252 ], [ 16.051448953141101, 46.242329874735965 ] ] ] ] } },
{ "type": "Feature", "properties": { "fid": 204, "Rbr IJ": 3, "Naziv izborne jedinice": "III. IZBORNA JEDINICA", "Rbr.županije": 5, "Županija": "VARAŽDINSKA ŽUPANIJA", "Oznaka Gr/Op/Dr": "općina", "Grad/općina/država": "CESTICA", "Rbr BM": 8, "Naziv BM": "VELIKI LOVREČAN", "Lokacija BM": "PROSTORIJE VATROGASNOG DOMA DVD-A LOVREČAN-DUBRAVA", "Adresa BM": "SVETOG LOVRE", "Ukupno birača": 486, "Glasovalo birača": 308, "Glasovalo birača (po listićima)": 308, "Važeći listići": 293, "Nevažeći listići": 15, "Latitude": 46.3716048, "Longitude": 16.0838642, "ID_u_zupaniji": 204, "ID_global": 1586, "neighbours list": [ 1587, 1589, 1585 ] }, "geometry": { "type": "MultiPolygon", "coordinates": [ [ [ [ 16.090172014895984, 46.389094863841414 ], [ 16.090400181083634, 46.389167117796546 ], [ 16.091026184898144, 46.38936495390432 ], [ 16.091926932114596, 46.389649689019038 ], [ 16.09278098947911, 46.389919765540768 ], [ 16.093633888461298, 46.390189381700353 ], [ 16.094524673968181, 46.390471001911862 ], [ 16.095184305373298, 46.390679460962957 ], [ 16.095385238847612, 46.390743691150753 ], [ 16.095407291953912, 46.390750606923596 ], [ 16.095653382423791, 46.390827322333642 ], [ 16.09570462202894, 46.390843608190536 ], [ 16.095834567990128, 46.390884819123563 ], [ 16.095049667797994, 46.359869639389657 ], [ 16.075846322312525, 46.35146748124567 ], [ 16.075871072252902, 46.35159277448308 ], [ 16.075888697594156, 46.35168263090732 ], [ 16.075843062159461, 46.351787187877235 ], [ 16.075675373641172, 46.351998447432159 ], [ 16.075511488703153, 46.352204952391183 ], [ 16.075447498558379, 46.352313759663787 ], [ 16.075375256734443, 46.352414258926913 ], [ 16.075295636795527, 46.352527866503344 ], [ 16.074994498561836, 46.352957348756973 ], [ 16.074946115543387, 46.353047229866007 ], [ 16.074894040560139, 46.353144024992908 ], [ 16.074899709768051, 46.353569158892 ], [ 16.074893357189833, 46.353584070456058 ], [ 16.07466755690141, 46.354116218771161 ], [ 16.074628908312597, 46.354207305558006 ], [ 16.074601404382168, 46.354252008778388 ], [ 16.074464519064012, 46.354477416526606 ], [ 16.074435489935848, 46.354551174646048 ], [ 16.074395588116843, 46.354652963226123 ], [ 16.074268988162551, 46.354959202913442 ], [ 16.074270855446883, 46.354986471061089 ], [ 16.074279540827185, 46.355106254719971 ], [ 16.074324252965113, 46.355372375266448 ], [ 16.074349713030553, 46.355524071065936 ], [ 16.074470119640242, 46.355781476176766 ], [ 16.074511790245694, 46.355870432543902 ], [ 16.074767865312708, 46.35616046167349 ], [ 16.075071734362623, 46.356504380465083 ], [ 16.075090025422597, 46.356525141744406 ], [ 16.075067762471139, 46.356530637213567 ], [ 16.075136060756297, 46.35668825012533 ], [ 16.075080545549934, 46.356893177532157 ], [ 16.075062085793601, 46.356961216915842 ], [ 16.075012310690639, 46.357012315355746 ], [ 16.074949361214848, 46.357069842709777 ], [ 16.074921004926409, 46.357090250671355 ], [ 16.074828881421876, 46.357156306712746 ], [ 16.074673512101061, 46.357267742704998 ], [ 16.074625816820486, 46.357318668768173 ], [ 16.074625686180635, 46.357318758253129 ], [ 16.074599480005983, 46.357346731688395 ], [ 16.074400910501154, 46.357683113785328 ], [ 16.074085274015228, 46.35821789522322 ], [ 16.073938053489599, 46.35846737589187 ], [ 16.073832911501182, 46.358636309303741 ], [ 16.073858449082874, 46.358644321912799 ], [ 16.073848168600289, 46.358662907574356 ], [ 16.073574161656651, 46.359156995867842 ], [ 16.073528823231996, 46.359238700286127 ], [ 16.07336753003273, 46.359425597936273 ], [ 16.073246304302138, 46.359640265946943 ], [ 16.073175467938498, 46.359792142306908 ], [ 16.073025997424338, 46.360112510377462 ], [ 16.072987330181235, 46.360221770560614 ], [ 16.072919682262754, 46.360431240002704 ], [ 16.07286548193639, 46.36059928306436 ], [ 16.072649294707809, 46.36100892236977 ], [ 16.072627919344967, 46.361050319045866 ], [ 16.072443456712769, 46.361407533520328 ], [ 16.072371842554169, 46.361708488109436 ], [ 16.072299157786397, 46.362013307379641 ], [ 16.072322060516978, 46.362192614935452 ], [ 16.072394886359671, 46.362319476238653 ], [ 16.072575797930067, 46.362634690598433 ], [ 16.072618661975699, 46.362937512648799 ], [ 16.072621982041237, 46.362961727207342 ], [ 16.072761119480578, 46.363284702535545 ], [ 16.072856782654412, 46.363399772694201 ], [ 16.072850179203261, 46.363429978220431 ], [ 16.072842844623125, 46.363470617629027 ], [ 16.072746568237861, 46.364000995737349 ], [ 16.072657618509748, 46.364491544034841 ], [ 16.072641106376697, 46.364525761199275 ], [ 16.072608302516585, 46.36458259011188 ], [ 16.072484597951444, 46.36479661806618 ], [ 16.072378911738419, 46.364983182199303 ], [ 16.072360341685659, 46.365014602530373 ], [ 16.072304755480012, 46.365043005353407 ], [ 16.072250865719802, 46.365070514787213 ], [ 16.072187167764412, 46.365089170364875 ], [ 16.071828949470842, 46.365193815231819 ], [ 16.07139523503, 46.365379689561316 ], [ 16.071250605265149, 46.365443476491762 ], [ 16.071080935323675, 46.365518325696279 ], [ 16.070977584611445, 46.365588385116773 ], [ 16.070792463460013, 46.365711040374578 ], [ 16.070760271647998, 46.365739170366048 ], [ 16.070676368837095, 46.365831705233532 ], [ 16.070641733257624, 46.365873141690713 ], [ 16.070505189468147, 46.36599939774937 ], [ 16.070486161824512, 46.366039273304793 ], [ 16.070462109548878, 46.366090106417104 ], [ 16.070427826549739, 46.366169421825965 ], [ 16.070322666411911, 46.366320807423641 ], [ 16.070197709758475, 46.366493981411807 ], [ 16.07013164214851, 46.366665307318051 ], [ 16.070111210611088, 46.36671840323099 ], [ 16.069802225830848, 46.36717195344886 ], [ 16.069758994801234, 46.367198872001708 ], [ 16.069602342827697, 46.367286633787288 ], [ 16.069476828621703, 46.367331686513197 ], [ 16.069247332153772, 46.367427180935032 ], [ 16.069157518433435, 46.367526980027357 ], [ 16.069043552108049, 46.367557860405725 ], [ 16.06889644961457, 46.367786191512131 ], [ 16.068893422165271, 46.367791038519009 ], [ 16.068759431980705, 46.367888961296721 ], [ 16.068419020922736, 46.368089301487757 ], [ 16.068161549788844, 46.368369488030694 ], [ 16.068158714820765, 46.368382882964418 ], [ 16.068155746338277, 46.3683967272475 ], [ 16.068152571804848, 46.368403732976475 ], [ 16.068023246817042, 46.368684403056754 ], [ 16.067974529369877, 46.368846436238506 ], [ 16.067911329273258, 46.36904845164549 ], [ 16.067904325531213, 46.369096019694744 ], [ 16.067888532622543, 46.369203295091715 ], [ 16.067837341205728, 46.369448181884771 ], [ 16.067863245590136, 46.369607977802886 ], [ 16.067866712354967, 46.369629853787593 ], [ 16.067858802619842, 46.369726362474459 ], [ 16.067693906411925, 46.369902261753303 ], [ 16.067591168219646, 46.37002486327404 ], [ 16.067543524720477, 46.370034040062109 ], [ 16.067343520843181, 46.370079798379891 ], [ 16.067269431149651, 46.370096702443256 ], [ 16.066912156470615, 46.370356174986249 ], [ 16.066769517586184, 46.370478174784914 ], [ 16.066709799869145, 46.370518435344287 ], [ 16.066684702546453, 46.370552799025916 ], [ 16.066612275285703, 46.370622341822106 ], [ 16.066512778236575, 46.370712655162222 ], [ 16.066483204949591, 46.370737734849108 ], [ 16.066285741227944, 46.370905501208206 ], [ 16.066060710325647, 46.370992548873069 ], [ 16.066034404758259, 46.371011744690037 ], [ 16.073622388284864, 46.391033348352849 ], [ 16.073623599975299, 46.391033143541001 ], [ 16.073657450449417, 46.391027511641212 ], [ 16.073856258935461, 46.390994153881394 ], [ 16.073877741207024, 46.390990545145485 ], [ 16.07404334984637, 46.390962731479519 ], [ 16.074070039952989, 46.390958242401538 ], [ 16.074091131432279, 46.390954722140378 ], [ 16.074174455751354, 46.390940817119102 ], [ 16.074180575157069, 46.390939760260736 ], [ 16.074285903134271, 46.390922068361931 ], [ 16.074367140018889, 46.390909055133193 ], [ 16.074507222035873, 46.390886544006641 ], [ 16.074616059683706, 46.390868954832428 ], [ 16.074635978106659, 46.390865789988773 ], [ 16.074651470910734, 46.390863238473536 ], [ 16.074864725930659, 46.390827953343788 ], [ 16.074869803045274, 46.390827162484861 ], [ 16.075030069354334, 46.390800677084698 ], [ 16.075309329714091, 46.390754660005157 ], [ 16.075489763504873, 46.39072635947668 ], [ 16.075631678841109, 46.390702054370159 ], [ 16.075666701187966, 46.390696156312941 ], [ 16.075834387682136, 46.390668437732735 ], [ 16.075889589001481, 46.390659285547272 ], [ 16.076086046084065, 46.390626994833731 ], [ 16.076243055838571, 46.390601125453941 ], [ 16.076400846266065, 46.39057516877984 ], [ 16.076752618979057, 46.390517360717169 ], [ 16.07723731473936, 46.390437640418774 ], [ 16.077620071458504, 46.390374635972869 ], [ 16.077822515074914, 46.390341374712015 ], [ 16.078273748970922, 46.390267194616726 ], [ 16.078484784886356, 46.39023243437267 ], [ 16.079033137590017, 46.390142234601569 ], [ 16.079045505366558, 46.390140210809449 ], [ 16.079222170203188, 46.390111170753272 ], [ 16.080187640675764, 46.389952322558663 ], [ 16.080653840396735, 46.389875578866615 ], [ 16.080692895719238, 46.389869244206309 ], [ 16.080740413980649, 46.389861411063229 ], [ 16.08111625795183, 46.389800168975512 ], [ 16.081203482081552, 46.389785913233958 ], [ 16.081776034127383, 46.389692549991125 ], [ 16.082190280689382, 46.389624966941774 ], [ 16.082485668579302, 46.389576741993089 ], [ 16.082655949310713, 46.389548932907722 ], [ 16.082728720735098, 46.389537232398389 ], [ 16.08318566433584, 46.389462783837303 ], [ 16.083220944442843, 46.389456974375641 ], [ 16.083802081113753, 46.389362282716164 ], [ 16.084258501069158, 46.389287917931448 ], [ 16.084269957656193, 46.389285980231939 ], [ 16.084371629879932, 46.389269435365676 ], [ 16.085135147475345, 46.389144989645224 ], [ 16.085578285744532, 46.389072730697023 ], [ 16.085990179305366, 46.389005575203228 ], [ 16.086131946067951, 46.388982516109103 ], [ 16.086371609167021, 46.388943436356065 ], [ 16.086944013063899, 46.38885013666453 ], [ 16.087129129529831, 46.388819945300554 ], [ 16.087745011227639, 46.388719510957301 ], [ 16.088067465992115, 46.388666960607786 ], [ 16.0882465930423, 46.388637735533862 ], [ 16.088328476070586, 46.388624354828885 ], [ 16.088428192915337, 46.388608159197325 ], [ 16.088486253151746, 46.388598651336785 ], [ 16.088514501813446, 46.388594074524406 ], [ 16.088558632718978, 46.388586855735845 ], [ 16.088558762735104, 46.388586856203609 ], [ 16.088563970140186, 46.388585975234882 ], [ 16.088564100156312, 46.388585975702661 ], [ 16.088564230172441, 46.388585976170425 ], [ 16.088574866483633, 46.388589343342296 ], [ 16.088646856473847, 46.388612094920077 ], [ 16.088708987589563, 46.388631841971694 ], [ 16.088789797855341, 46.388657414263911 ], [ 16.089289059151636, 46.388815397052134 ], [ 16.089996642355725, 46.389039353275002 ], [ 16.090172014895984, 46.389094863841414 ] ] ] ] } },
{ "type": "Feature", "properties": { "fid": 18, "Rbr IJ": 3, "Naziv izborne jedinice": "III. IZBORNA JEDINICA", "Rbr.županije": 5, "Županija": "VARAŽDINSKA ŽUPANIJA", "Oznaka Gr/Op/Dr": "grad", "Grad/općina/država": "IVANEC", "Rbr BM": 18, "Naziv BM": "PRIGOREC", "Lokacija BM": "OSNOVNA ŠKOLA", "Adresa BM": "PRIGOREC", "Ukupno birača": 402, "Glasovalo birača": 240, "Glasovalo birača (po listićima)": 240, "Važeći listići": 214, "Nevažeći listići": 26, "Latitude": 46.1999126, "Longitude": 16.1358896, "ID_u_zupaniji": 18, "ID_global": 1280, "neighbours list": [ 1271, 1269, 1265, 1284, 1288 ] }, "geometry": { "type": "MultiPolygon", "coordinates": [ [ [ [ 16.154790314888064, 46.189403942667525 ], [ 16.153889348925745, 46.188942173605938 ], [ 16.153787627960412, 46.188884372514252 ], [ 16.153716215002916, 46.188806958939722 ], [ 16.153625097263117, 46.188731734956114 ], [ 16.15355371232857, 46.188629308723065 ], [ 16.153537980777482, 46.188493940865015 ], [ 16.15347803811866, 46.1884054951541 ], [ 16.153414393723814, 46.188308310755389 ], [ 16.153296909072168, 46.188161837499713 ], [ 16.153148319961922, 46.187997005123478 ], [ 16.153042596787667, 46.187855065959354 ], [ 16.152950771462823, 46.187707410579016 ], [ 16.152796273219931, 46.187473280164895 ], [ 16.15265093903102, 46.187306387615564 ], [ 16.152553922991743, 46.187222147481172 ], [ 16.152271270331113, 46.186932562957153 ], [ 16.152197693709649, 46.186829229441855 ], [ 16.152162210894168, 46.186745176158361 ], [ 16.152156449494921, 46.186631701974498 ], [ 16.152200291510521, 46.186499484262818 ], [ 16.152220725810611, 46.186360987147587 ], [ 16.152227289454867, 46.186265095298644 ], [ 16.15216245631964, 46.186131197334994 ], [ 16.152067806784192, 46.185980293557996 ], [ 16.151938556216269, 46.185811109694789 ], [ 16.151809721704691, 46.185596670240479 ], [ 16.151702154954716, 46.185460752389574 ], [ 16.150556727131356, 46.184076252277002 ], [ 16.150344957324222, 46.183275829391192 ], [ 16.150223483263531, 46.182801386814873 ], [ 16.149991872813544, 46.18225093909949 ], [ 16.149413122781894, 46.181802536579127 ], [ 16.149161321154381, 46.181495943697747 ], [ 16.148905948088192, 46.180794444941398 ], [ 16.148384224427076, 46.18016158627038 ], [ 16.147716302403303, 46.179261232853037 ], [ 16.1471643992083, 46.179058079707012 ], [ 16.146469343902833, 46.178859879697328 ], [ 16.146005350600596, 46.178865641739407 ], [ 16.145845703473455, 46.178877023793163 ], [ 16.145544036741775, 46.178918016572858 ], [ 16.145164406328789, 46.178997635217947 ], [ 16.144814939865224, 46.179059351589046 ], [ 16.144353488125169, 46.179132685055464 ], [ 16.144142207051011, 46.179176834449251 ], [ 16.143995717078944, 46.179176378349631 ], [ 16.14383648106319, 46.179164005826586 ], [ 16.143724424934845, 46.179166625785989 ], [ 16.143055756196325, 46.179195940714109 ], [ 16.1426513156776, 46.179385601319844 ], [ 16.14237006187231, 46.1794737957335 ], [ 16.142187943970693, 46.17953440795155 ], [ 16.141948126094629, 46.179744015517954 ], [ 16.1417249563833, 46.179982646271192 ], [ 16.141501673634284, 46.180238371220433 ], [ 16.141378291481413, 46.180289269217354 ], [ 16.141058265690511, 46.180323354559029 ], [ 16.140708250015212, 46.180348077466036 ], [ 16.140365704262798, 46.180379300904754 ], [ 16.139321056185086, 46.180459325370684 ], [ 16.138390810338183, 46.180791358537803 ], [ 16.138196510316742, 46.180871360159173 ], [ 16.137860628781844, 46.181011375325483 ], [ 16.137679011897138, 46.181073061617262 ], [ 16.137550792749437, 46.181090469948941 ], [ 16.137426162419583, 46.181093943603599 ], [ 16.137076941725883, 46.181016537819012 ], [ 16.136759805730495, 46.18092546694961 ], [ 16.136088680357151, 46.180675455093009 ], [ 16.135926091340039, 46.180640837388005 ], [ 16.135409443216084, 46.180517006599509 ], [ 16.134584076745686, 46.180714382748505 ], [ 16.133919268362334, 46.181095273609351 ], [ 16.133601661551854, 46.181134294370729 ], [ 16.1335048811933, 46.181293507421024 ], [ 16.133355805485479, 46.181330458436008 ], [ 16.133109007526507, 46.181356388805803 ], [ 16.132321458287805, 46.181357187568778 ], [ 16.131983842328466, 46.181385612560803 ], [ 16.131998052532353, 46.181216597820658 ], [ 16.131668601236328, 46.181186295371489 ], [ 16.131127376370578, 46.181116170296185 ], [ 16.130562636246761, 46.181056763504628 ], [ 16.129960862161607, 46.181015138809094 ], [ 16.12931511783674, 46.180982545689588 ], [ 16.128761500919769, 46.180945299584359 ], [ 16.128074099812792, 46.180905276303051 ], [ 16.127682549943263, 46.181152239063884 ], [ 16.127083592907006, 46.181268872050914 ], [ 16.126523075071677, 46.181829737400207 ], [ 16.12613252107284, 46.182176208912082 ], [ 16.125589068040959, 46.182166782546886 ], [ 16.124773351539304, 46.182250662669887 ], [ 16.124377114315372, 46.182212292275665 ], [ 16.124104539649984, 46.182046924523121 ], [ 16.124039710486048, 46.181923177527928 ], [ 16.123974243972402, 46.181721961089039 ], [ 16.123752048971831, 46.181653209932719 ], [ 16.123298385266796, 46.181565161269603 ], [ 16.122915857413588, 46.181492820939447 ], [ 16.122023808586441, 46.181280776224391 ], [ 16.121536985629017, 46.181099128295209 ], [ 16.121278144917802, 46.180991832244061 ], [ 16.121179697961363, 46.180898203374966 ], [ 16.121081701913532, 46.180738985115127 ], [ 16.120925340251681, 46.180515781914792 ], [ 16.120780433824056, 46.180435224755016 ], [ 16.120504601787751, 46.180219002433525 ], [ 16.120214837348861, 46.180258258379631 ], [ 16.119400607993651, 46.180035654804712 ], [ 16.119147423938628, 46.179935840554386 ], [ 16.118925263328432, 46.179864021000952 ], [ 16.118624145724475, 46.179896846940245 ], [ 16.118327665657421, 46.179895857467628 ], [ 16.1178938671761, 46.179916451873488 ], [ 16.117539557232881, 46.179905549889369 ], [ 16.1171786817713, 46.179851527429776 ], [ 16.116854425325464, 46.179802935014862 ], [ 16.116548940012709, 46.179644096912931 ], [ 16.115650030282442, 46.179680936543875 ], [ 16.11488549318516, 46.179561487708021 ], [ 16.114803153915517, 46.17961150558142 ], [ 16.11457073484727, 46.179711222804023 ], [ 16.11417389517203, 46.179855191637699 ], [ 16.113982187989844, 46.179874788536381 ], [ 16.113593361896427, 46.179891379683909 ], [ 16.112967194868769, 46.179896279401326 ], [ 16.112509190514853, 46.180227810417016 ], [ 16.112417578955288, 46.180490942763456 ], [ 16.112285909143981, 46.180721908547419 ], [ 16.112116074909274, 46.181001330461307 ], [ 16.111979594325369, 46.181179285064744 ], [ 16.111829317127896, 46.181366549914024 ], [ 16.111715089441795, 46.181805593309882 ], [ 16.111491018363566, 46.181950139466565 ], [ 16.111214364334732, 46.182167025119725 ], [ 16.110342097500929, 46.18264334486971 ], [ 16.110343929823536, 46.182493994877376 ], [ 16.110149323520915, 46.182592392366757 ], [ 16.109858994965688, 46.182726902208188 ], [ 16.109562459626321, 46.182859680612246 ], [ 16.109316076839821, 46.182989030707056 ], [ 16.108991983072571, 46.183116854865347 ], [ 16.108669487510259, 46.183238295445719 ], [ 16.108571808950874, 46.183270726282174 ], [ 16.11469241130705, 46.201218411193906 ], [ 16.119596562165853, 46.20540989079835 ], [ 16.124205683513285, 46.207651550886609 ], [ 16.154410159333914, 46.203137921555765 ], [ 16.155714104370677, 46.189444186840596 ], [ 16.154790314888064, 46.189403942667525 ] ] ] ] } },
{ "type": "Feature", "properties": { "fid": 9, "Rbr IJ": 3, "Naziv izborne jedinice": "III. IZBORNA JEDINICA", "Rbr.županije": 5, "Županija": "VARAŽDINSKA ŽUPANIJA", "Oznaka Gr/Op/Dr": "grad", "Grad/općina/država": "IVANEC", "Rbr BM": 9, "Naziv BM": "VUGLOVEC", "Lokacija BM": "DRUŠTVENI DOM VUGLOVEC-GEČKOVEC", "Adresa BM": "BIRALIŠTE VUGLOVEC", "Ukupno birača": 269, "Glasovalo birača": 158, "Glasovalo birača (po listićima)": 158, "Važeći listići": 146, "Nevažeći listići": 12, "Latitude": 46.213136, "Longitude": 16.0971141, "ID_u_zupaniji": 9, "ID_global": 1271, "neighbours list": [ 1324, 1280, 1273, 1272, 1270, 1269 ] }, "geometry": { "type": "MultiPolygon", "coordinates": [ [ [ [ 16.108441227500347, 46.183314081402195 ], [ 16.107108133331131, 46.183812190195582 ], [ 16.106497308851445, 46.184420020401554 ], [ 16.106861811560027, 46.185367166977429 ], [ 16.107147160628692, 46.185370937109262 ], [ 16.107718651267131, 46.185940902864999 ], [ 16.108220921386533, 46.186208857118622 ], [ 16.108356224487437, 46.186437313781695 ], [ 16.108496995408977, 46.187811692318959 ], [ 16.108870555105231, 46.188183931977107 ], [ 16.108737027913236, 46.18967613604444 ], [ 16.108444951568121, 46.190269950978831 ], [ 16.107783827076528, 46.190838026750896 ], [ 16.107745200452886, 46.191441796376708 ], [ 16.107164716780293, 46.192162470240824 ], [ 16.106948106092794, 46.192761308991045 ], [ 16.106329060895746, 46.193163519728358 ], [ 16.105163233370369, 46.193425820628335 ], [ 16.104256066731573, 46.193912769336364 ], [ 16.104151964075079, 46.194102432862401 ], [ 16.104678928350474, 46.195036021385185 ], [ 16.104072473381056, 46.195627657372995 ], [ 16.103563640051792, 46.195794864099092 ], [ 16.102653750685025, 46.196706105118096 ], [ 16.102454198531586, 46.196798713790812 ], [ 16.101906565357808, 46.196684881173013 ], [ 16.100480599367874, 46.196750805757297 ], [ 16.099585059797271, 46.196497816393055 ], [ 16.099087988938745, 46.196077967778471 ], [ 16.097794960217179, 46.195701115859599 ], [ 16.097143517086458, 46.195523193928416 ], [ 16.096721017944571, 46.195026220539852 ], [ 16.095552655951767, 46.194474424623976 ], [ 16.094837270483396, 46.19453802195067 ], [ 16.094153577253135, 46.19480182827521 ], [ 16.093087563266842, 46.1948867526879 ], [ 16.092088245550869, 46.195115142892099 ], [ 16.091057859694512, 46.195548372725554 ], [ 16.088073259805839, 46.196047536848255 ], [ 16.087108088638193, 46.19620897630967 ], [ 16.085657694419698, 46.195869747312081 ], [ 16.08485258521528, 46.195731596359856 ], [ 16.084129241305465, 46.195936086149366 ], [ 16.083163865027387, 46.196209058629627 ], [ 16.08202382140518, 46.196396989386095 ], [ 16.080116838882258, 46.196435707707231 ], [ 16.078972978673637, 46.196327267342305 ], [ 16.078900812968804, 46.202876903755829 ], [ 16.083483863093925, 46.207423506996811 ], [ 16.097016925248791, 46.217114400375756 ], [ 16.109580630036611, 46.21207444188564 ], [ 16.11469241130705, 46.201218411193906 ], [ 16.108571808950874, 46.183270726282174 ], [ 16.108441227500347, 46.183314081402195 ] ] ] ] } },
{ "type": "Feature", "properties": { "fid": 11, "Rbr IJ": 3, "Naziv izborne jedinice": "III. IZBORNA JEDINICA", "Rbr.županije": 5, "Županija": "VARAŽDINSKA ŽUPANIJA", "Oznaka Gr/Op/Dr": "grad", "Grad/općina/država": "IVANEC", "Rbr BM": 11, "Naziv BM": "KANIŽA", "Lokacija BM": "DRUŠTVENI DOM", "Adresa BM": "KANIŽA", "Ukupno birača": 201, "Glasovalo birača": 125, "Glasovalo birača (po listićima)": 125, "Važeći listići": 119, "Nevažeći listići": 6, "Latitude": 46.2210077, "Longitude": 16.089305, "ID_u_zupaniji": 11, "ID_global": 1273, "neighbours list": [ 1324, 1275, 1271, 1277, 1272, 1270 ] }, "geometry": { "type": "MultiPolygon", "coordinates": [ [ [ [ 16.078900812968804, 46.202876903755829 ], [ 16.073378218630211, 46.222122466004656 ], [ 16.081013220143166, 46.232305615523906 ], [ 16.095317592784347, 46.227713976854957 ], [ 16.095118819626503, 46.225784576496295 ], [ 16.083483863093925, 46.207423506996811 ], [ 16.078900812968804, 46.202876903755829 ] ] ] ] } },
{ "type": "Feature", "properties": { "fid": 233, "Rbr IJ": 3, "Naziv izborne jedinice": "III. IZBORNA JEDINICA", "Rbr.županije": 5, "Županija": "VARAŽDINSKA ŽUPANIJA", "Oznaka Gr/Op/Dr": "općina", "Grad/općina/država": "KLENOVNIK", "Rbr BM": 4, "Naziv BM": "KLENOVNIK - 3", "Lokacija BM": "OSNOVNA ŠKOLA - BIR.3", "Adresa BM": "KLENOVNIK", "Ukupno birača": 93, "Glasovalo birača": 40, "Glasovalo birača (po listićima)": 40, "Važeći listići": 38, "Nevažeći listići": 2, "Latitude": 46.2826045, "Longitude": 16.0662291, "ID_u_zupaniji": 233, "ID_global": 1704, "neighbours list": [ 1340, 1341, 1607, 1609, 1703, 1707, 1606 ] }, "geometry": { "type": "MultiPolygon", "coordinates": [ [ [ [ 16.055294877925313, 46.299411891138583 ], [ 16.066075676351762, 46.300464011236798 ], [ 16.069655208992199, 46.299599693305581 ], [ 16.072647538517092, 46.298299740168623 ], [ 16.07271612848535, 46.266346719653825 ], [ 16.062271023492645, 46.261884294135037 ], [ 16.044572257660729, 46.278486619602283 ], [ 16.055294877925313, 46.299411891138583 ] ] ] ] } },
{ "type": "Feature", "properties": { "fid": 215, "Rbr IJ": 3, "Naziv izborne jedinice": "III. IZBORNA JEDINICA", "Rbr.županije": 5, "Županija": "VARAŽDINSKA ŽUPANIJA", "Oznaka Gr/Op/Dr": "općina", "Grad/općina/država": "DONJA VOĆA", "Rbr BM": 6, "Naziv BM": "GORNJA VOĆA - 2", "Lokacija BM": "OSNOVNA ŠKOLA", "Adresa BM": "GORNJA VOĆA BB", "Ukupno birača": 526, "Glasovalo birača": 210, "Glasovalo birača (po listićima)": 210, "Važeći listići": 187, "Nevažeći listići": 23, "Latitude": 46.3162857, "Longitude": 16.0743618, "ID_u_zupaniji": 215, "ID_global": 1609, "neighbours list": [ 1607, 1704, 1606, 1608, 1589 ] }, "geometry": { "type": "MultiPolygon", "coordinates": [ [ [ [ 16.066075676351762, 46.300464011236798 ], [ 16.072043579271053, 46.340429131011376 ], [ 16.084101846801548, 46.330873886843968 ], [ 16.083680016879018, 46.328794922669282 ], [ 16.069655208992199, 46.299599693305581 ], [ 16.066075676351762, 46.300464011236798 ] ] ] ] } },
{ "type": "Feature", "properties": { "fid": 232, "Rbr IJ": 3, "Naziv izborne jedinice": "III. IZBORNA JEDINICA", "Rbr.županije": 5, "Županija": "VARAŽDINSKA ŽUPANIJA", "Oznaka Gr/Op/Dr": "općina", "Grad/općina/država": "KLENOVNIK", "Rbr BM": 3, "Naziv BM": "PLEMENŠĆINA", "Lokacija BM": "KUĆA SLAVKA BUNIĆA (STJEPANA)", "Adresa BM": "PLEMENŠĆINA 44", "Ukupno birača": 75, "Glasovalo birača": 34, "Glasovalo birača (po listićima)": 34, "Važeći listići": 33, "Nevažeći listići": 1, "Latitude": 46.2826322, "Longitude": 16.0791333, "ID_u_zupaniji": 232, "ID_global": 1703, "neighbours list": [ 1704, 1707, 1606, 1605, 1705 ] }, "geometry": { "type": "MultiPolygon", "coordinates": [ [ [ [ 16.072647538517092, 46.298299740168623 ], [ 16.078129410174153, 46.298192874159085 ], [ 16.096172109300841, 46.270581503748836 ], [ 16.094343852945148, 46.266914541587894 ], [ 16.07271612848535, 46.266346719653825 ], [ 16.072647538517092, 46.298299740168623 ] ] ] ] } },
{ "type": "Feature", "properties": { "fid": 236, "Rbr IJ": 3, "Naziv izborne jedinice": "III. IZBORNA JEDINICA", "Rbr.županije": 5, "Županija": "VARAŽDINSKA ŽUPANIJA", "Oznaka Gr/Op/Dr": "općina", "Grad/općina/država": "KLENOVNIK", "Rbr BM": 7, "Naziv BM": "DUBRAVEC - 1", "Lokacija BM": "KUĆA ANTUNA GOLUBA", "Adresa BM": "DUBRAVEC 47", "Ukupno birača": 153, "Glasovalo birača": 89, "Glasovalo birača (po listićima)": 89, "Važeći listići": 83, "Nevažeći listići": 6, "Latitude": 46.2504204, "Longitude": 16.079979, "ID_u_zupaniji": 236, "ID_global": 1707, "neighbours list": [ 1341, 1275, 1704, 1703, 1705, 1277 ] }, "geometry": { "type": "MultiPolygon", "coordinates": [ [ [ [ 16.062271023492645, 46.261884294135037 ], [ 16.07271612848535, 46.266346719653825 ], [ 16.094343852945148, 46.266914541587894 ], [ 16.098684089946637, 46.255574462852934 ], [ 16.081093259325421, 46.237217640167167 ], [ 16.061207253053603, 46.255331639379591 ], [ 16.062271023492645, 46.261884294135037 ] ] ] ] } },
{ "type": "Feature", "properties": { "fid": 212, "Rbr IJ": 3, "Naziv izborne jedinice": "III. IZBORNA JEDINICA", "Rbr.županije": 5, "Županija": "VARAŽDINSKA ŽUPANIJA", "Oznaka Gr/Op/Dr": "općina", "Grad/općina/država": "DONJA VOĆA", "Rbr BM": 3, "Naziv BM": "DONJA VOĆA - 2", "Lokacija BM": "KUĆA MARIJANA JUSTAMENTA", "Adresa BM": "DONJA VOĆA 152 A", "Ukupno birača": 253, "Glasovalo birača": 154, "Glasovalo birača (po listićima)": 154, "Važeći listići": 147, "Nevažeći listići": 7, "Latitude": 46.3137026, "Longitude": 16.079739, "ID_u_zupaniji": 212, "ID_global": 1606, "neighbours list": [ 1704, 1609, 1703, 1605, 1608 ] }, "geometry": { "type": "MultiPolygon", "coordinates": [ [ [ [ 16.072647538517092, 46.298299740168623 ], [ 16.069655208992199, 46.299599693305581 ], [ 16.083680016879018, 46.328794922669282 ], [ 16.083464300900559, 46.301071975231793 ], [ 16.078129410174153, 46.298192874159085 ], [ 16.072647538517092, 46.298299740168623 ] ] ] ] } },
{ "type": "Feature", "properties": { "fid": 211, "Rbr IJ": 3, "Naziv izborne jedinice": "III. IZBORNA JEDINICA", "Rbr.županije": 5, "Županija": "VARAŽDINSKA ŽUPANIJA", "Oznaka Gr/Op/Dr": "općina", "Grad/općina/država": "DONJA VOĆA", "Rbr BM": 2, "Naziv BM": "SLIVARSKO", "Lokacija BM": "KUĆA NADE TELEBAR", "Adresa BM": "SLIVARSKO 37 D", "Ukupno birača": 221, "Glasovalo birača": 88, "Glasovalo birača (po listićima)": 88, "Važeći listići": 83, "Nevažeći listići": 5, "Latitude": 46.2910252, "Longitude": 16.0919774, "ID_u_zupaniji": 211, "ID_global": 1605, "neighbours list": [ 1703, 1606, 1608, 1705, 1604, 2003 ] }, "geometry": { "type": "MultiPolygon", "coordinates": [ [ [ [ 16.083464300900559, 46.301071975231793 ], [ 16.092567794695405, 46.302920091655409 ], [ 16.112249919505402, 46.301596199001104 ], [ 16.11873689348019, 46.290851077465319 ], [ 16.096172109300841, 46.270581503748836 ], [ 16.078129410174153, 46.298192874159085 ], [ 16.083464300900559, 46.301071975231793 ] ] ] ] } },
{ "type": "Feature", "properties": { "fid": 214, "Rbr IJ": 3, "Naziv izborne jedinice": "III. IZBORNA JEDINICA", "Rbr.županije": 5, "Županija": "VARAŽDINSKA ŽUPANIJA", "Oznaka Gr/Op/Dr": "općina", "Grad/općina/država": "DONJA VOĆA", "Rbr BM": 5, "Naziv BM": "GORNJA VOĆA - 1", "Lokacija BM": "KUĆA ŽELJKA PREMUŽIĆA", "Adresa BM": "GORNJA VOĆA 132A", "Ukupno birača": 219, "Glasovalo birača": 100, "Glasovalo birača (po listićima)": 100, "Važeći listići": 97, "Nevažeći listići": 3, "Latitude": 46.3136431, "Longitude": 16.0873857, "ID_u_zupaniji": 214, "ID_global": 1608, "neighbours list": [ 1609, 1606, 1605, 1589, 1604 ] }, "geometry": { "type": "MultiPolygon", "coordinates": [ [ [ [ 16.083680016879018, 46.328794922669282 ], [ 16.084101846801548, 46.330873886843968 ], [ 16.087588832807473, 46.329865164295967 ], [ 16.092567794695405, 46.302920091655409 ], [ 16.083464300900559, 46.301071975231793 ], [ 16.083680016879018, 46.328794922669282 ] ] ] ] } },
{ "type": "Feature", "properties": { "fid": 207, "Rbr IJ": 3, "Naziv izborne jedinice": "III. IZBORNA JEDINICA", "Rbr.županije": 5, "Županija": "VARAŽDINSKA ŽUPANIJA", "Oznaka Gr/Op/Dr": "općina", "Grad/općina/država": "CESTICA", "Rbr BM": 11, "Naziv BM": "GRADIŠĆE", "Lokacija BM": "PROSTORIJE VATROGASNOG DOMA GRADIŠĆE", "Adresa BM": "GRADIŠĆE", "Ukupno birača": 201, "Glasovalo birača": 116, "Glasovalo birača (po listićima)": 116, "Važeći listići": 108, "Nevažeći listići": 8, "Latitude": 46.343690281997198, "Longitude": 16.0960778111622, "ID_u_zupaniji": 207, "ID_global": 1589, "neighbours list": [ 1607, 1586, 1609, 1608, 1585, 1604, 2005, 2002, 1590 ] }, "geometry": { "type": "MultiPolygon", "coordinates": [ [ [ [ 16.071940343534592, 46.340777819010071 ], [ 16.07230596304203, 46.341002945406679 ], [ 16.072467045287432, 46.341253217760766 ], [ 16.072511968115535, 46.341323113361213 ], [ 16.072596027610142, 46.341421946003216 ], [ 16.072751825052546, 46.341633870472371 ], [ 16.072811139351302, 46.341757532499237 ], [ 16.072960193785551, 46.342068219799934 ], [ 16.073012134748822, 46.342271388667569 ], [ 16.073093702155539, 46.342590550942354 ], [ 16.073092293174259, 46.342804946900223 ], [ 16.073089714317483, 46.34321970418852 ], [ 16.073132736759018, 46.343267009672367 ], [ 16.073146042400516, 46.343276686252807 ], [ 16.073181953894988, 46.343302911929094 ], [ 16.073544072286914, 46.343479886640928 ], [ 16.073897713679354, 46.343594478624588 ], [ 16.073907687329605, 46.343598294576623 ], [ 16.074333308565912, 46.343762277634816 ], [ 16.074485501407011, 46.343820965420505 ], [ 16.074566973155147, 46.343852398571848 ], [ 16.074569952705961, 46.343853489310632 ], [ 16.074595973747961, 46.343848547735675 ], [ 16.074702010701856, 46.34382824881294 ], [ 16.074953121117922, 46.343863371521358 ], [ 16.074982070095743, 46.343866178258089 ], [ 16.075137588489802, 46.343881421485818 ], [ 16.075179907752478, 46.343885627415823 ], [ 16.075206130736632, 46.343888154054973 ], [ 16.075206519769488, 46.343888245471312 ], [ 16.075251752415486, 46.343902089107083 ], [ 16.075295170525088, 46.343915386158798 ], [ 16.075297503330891, 46.343916114592048 ], [ 16.075300615596596, 46.343916845920234 ], [ 16.075305931455112, 46.343918215230389 ], [ 16.075345221032187, 46.343927808113726 ], [ 16.075376990469852, 46.34393548366495 ], [ 16.075424578991601, 46.343947086702642 ], [ 16.075474760163786, 46.343959419114825 ], [ 16.075488894595633, 46.343962800520131 ], [ 16.075490320821007, 46.34396316569935 ], [ 16.075493820036709, 46.343964258343249 ], [ 16.075591151367334, 46.343994490044096 ], [ 16.075755746844074, 46.3440455746236 ], [ 16.075780358118969, 46.344054932956006 ], [ 16.076044734468766, 46.344155601449408 ], [ 16.076210238744828, 46.344223693282359 ], [ 16.076299746959453, 46.344291323366427 ], [ 16.076326095872385, 46.344311214639234 ], [ 16.076626178646574, 46.34485233265756 ], [ 16.076689092624221, 46.344965659250654 ], [ 16.076666307937238, 46.344972052820125 ], [ 16.076700821074819, 46.345028322552466 ], [ 16.076812715796592, 46.345360280198854 ], [ 16.076833291782474, 46.345421266775006 ], [ 16.076901386613233, 46.345519947124515 ], [ 16.076951447104971, 46.345598677102082 ], [ 16.07700169733387, 46.345669670244924 ], [ 16.077001825166167, 46.345669940631069 ], [ 16.077110114779362, 46.345694813299758 ], [ 16.077130506454946, 46.345695518508983 ], [ 16.077152520228882, 46.345688042343951 ], [ 16.07715421396939, 46.345687418809582 ], [ 16.077289344400057, 46.345803351326929 ], [ 16.077388104817665, 46.34591842950239 ], [ 16.077433300729886, 46.345971049670567 ], [ 16.077434008121113, 46.34598040927726 ], [ 16.077452870405747, 46.346247063290967 ], [ 16.077508989786352, 46.34648389458313 ], [ 16.077512754487543, 46.346518007529866 ], [ 16.077543411334151, 46.346788393894236 ], [ 16.07748405971461, 46.34712277700617 ], [ 16.07728130911406, 46.347486230528041 ], [ 16.077327322075817, 46.347652127304762 ], [ 16.077331115444522, 46.347749939863647 ], [ 16.077330836189397, 46.34775245802097 ], [ 16.077300215288599, 46.348033684314096 ], [ 16.077145976749918, 46.348272077161752 ], [ 16.076931117964023, 46.348604265264804 ], [ 16.076820559903364, 46.348872599664517 ], [ 16.076570845657344, 46.349477990049941 ], [ 16.076561218840453, 46.349513223044916 ], [ 16.076515491984033, 46.349680489787978 ], [ 16.076450200521407, 46.349840666302789 ], [ 16.07627975846955, 46.350073059803563 ], [ 16.076004001202111, 46.350449106186375 ], [ 16.075991263461674, 46.350466513332051 ], [ 16.075907977814055, 46.350634630212127 ], [ 16.075868908024582, 46.350713569823697 ], [ 16.07580867173937, 46.350908493502558 ], [ 16.075806263442619, 46.351119016718762 ], [ 16.075804678779555, 46.351256666472629 ], [ 16.075846322312525, 46.35146748124567 ], [ 16.095049667797994, 46.359869639389657 ], [ 16.103041622739955, 46.356730427438571 ], [ 16.104834674951935, 46.351413365040209 ], [ 16.101734417864545, 46.32865444681611 ], [ 16.101724376592042, 46.32864147698178 ], [ 16.087588832807473, 46.329865164295967 ], [ 16.084101846801548, 46.330873886843968 ], [ 16.072043579271053, 46.340429131011376 ], [ 16.071828068612596, 46.340708693049152 ], [ 16.071940343534592, 46.340777819010071 ] ] ] ] } },
{ "type": "Feature", "properties": { "fid": 234, "Rbr IJ": 3, "Naziv izborne jedinice": "III. IZBORNA JEDINICA", "Rbr.županije": 5, "Županija": "VARAŽDINSKA ŽUPANIJA", "Oznaka Gr/Op/Dr": "općina", "Grad/općina/država": "KLENOVNIK", "Rbr BM": 5, "Naziv BM": "LIPOVNIK", "Lokacija BM": "KUĆA KOLAČKO PETRA (PROSTOR BIVŠEG LOKALA OLIMPIJA)", "Adresa BM": "LIPOVNIK 25", "Ukupno birača": 285, "Glasovalo birača": 169, "Glasovalo birača (po listićima)": 169, "Važeći listići": 159, "Nevažeći listići": 10, "Latitude": 46.2642262, "Longitude": 16.1160505, "ID_u_zupaniji": 234, "ID_global": 1705, "neighbours list": [ 1703, 1707, 1605, 1277, 2003, 1279, 1813, 1816 ] }, "geometry": { "type": "MultiPolygon", "coordinates": [ [ [ [ 16.096172109300841, 46.270581503748836 ], [ 16.11873689348019, 46.290851077465319 ], [ 16.128863813731435, 46.287837035580736 ], [ 16.130228468482738, 46.283562995679084 ], [ 16.124196043006055, 46.259337807045739 ], [ 16.099389702799069, 46.2550183837822 ], [ 16.098684089946637, 46.255574462852934 ], [ 16.094343852945148, 46.266914541587894 ], [ 16.096172109300841, 46.270581503748836 ] ] ] ] } },
{ "type": "Feature", "properties": { "fid": 201, "Rbr IJ": 3, "Naziv izborne jedinice": "III. IZBORNA JEDINICA", "Rbr.županije": 5, "Županija": "VARAŽDINSKA ŽUPANIJA", "Oznaka Gr/Op/Dr": "općina", "Grad/općina/država": "CESTICA", "Rbr BM": 5, "Naziv BM": "VIRJE KRIŽOVLJANSKO", "Lokacija BM": "PROSTORIJE VATROGASNOG DOMA", "Adresa BM": "ORMOŠKA ULICA", "Ukupno birača": 231, "Glasovalo birača": 137, "Glasovalo birača (po listićima)": 137, "Važeći listići": 132, "Nevažeći listići": 5, "Latitude": 46.3843428, "Longitude": 16.140598, "ID_u_zupaniji": 201, "ID_global": 1583, "neighbours list": [ 1585, 1588, 1581, 1582, 1852, 1584 ] }, "geometry": { "type": "MultiPolygon", "coordinates": [ [ [ [ 16.116795859618325, 46.397548028987515 ], [ 16.117651067802065, 46.397818822877952 ], [ 16.117746048041873, 46.397848920545592 ], [ 16.118494087759633, 46.398085700977589 ], [ 16.119306234070486, 46.39834275329067 ], [ 16.119899097052812, 46.398530333936854 ], [ 16.120119164533989, 46.398600342248358 ], [ 16.120910945243093, 46.398852187182044 ], [ 16.121403898300755, 46.399008928868064 ], [ 16.121602818893571, 46.399072206510766 ], [ 16.12180835777793, 46.399137575008801 ], [ 16.122011950254674, 46.399202396881847 ], [ 16.122205422913083, 46.399263856062483 ], [ 16.122222161698119, 46.399269219601749 ], [ 16.122432627535275, 46.39933694247641 ], [ 16.122637385056745, 46.399402756752139 ], [ 16.122847204191892, 46.399470116847056 ], [ 16.123061953695537, 46.39953920224108 ], [ 16.123271773260814, 46.399606651526732 ], [ 16.12347160231332, 46.399670828605657 ], [ 16.123667798050533, 46.399733913735652 ], [ 16.123857506296176, 46.399794907875496 ], [ 16.124060580399092, 46.399860174238505 ], [ 16.124260151221534, 46.399924349087222 ], [ 16.124471012248918, 46.39999206949954 ], [ 16.124682262697988, 46.400059970740564 ], [ 16.124879759210163, 46.400123417935973 ], [ 16.125081797254389, 46.400188409171975 ], [ 16.125284744859187, 46.400253582970834 ], [ 16.125486135492146, 46.400318301458796 ], [ 16.125698036846696, 46.400386472861001 ], [ 16.125907733501791, 46.400453826925855 ], [ 16.126113796787902, 46.400520089084083 ], [ 16.126301304649356, 46.400580352204436 ], [ 16.126497118023508, 46.400643251278517 ], [ 16.126714212680781, 46.400713057217963 ], [ 16.126930529459319, 46.400782590296082 ], [ 16.127138542240811, 46.40084939678411 ], [ 16.127351486254948, 46.40091783842503 ], [ 16.127553660233829, 46.400982825726118 ], [ 16.127732736623553, 46.40104035992816 ], [ 16.127915057824797, 46.401098894078579 ], [ 16.128106721988548, 46.401160517307133 ], [ 16.128297997056151, 46.401222048978795 ], [ 16.128499005921697, 46.401286580966627 ], [ 16.128681717688966, 46.401345295100874 ], [ 16.128762562481178, 46.401371289040796 ], [ 16.128795653106632, 46.401381922966436 ], [ 16.128805385897227, 46.401385013544065 ], [ 16.128807851301762, 46.401385831277963 ], [ 16.128877843621932, 46.401401263399059 ], [ 16.128997181358045, 46.401427562023635 ], [ 16.129130543592947, 46.401456964991802 ], [ 16.129198717871088, 46.401472031139626 ], [ 16.12920118511397, 46.401472578960451 ], [ 16.129208446434205, 46.401475751460481 ], [ 16.129260446735717, 46.401497872773909 ], [ 16.12996510327666, 46.401799125899096 ], [ 16.130634106759995, 46.402085054557183 ], [ 16.131288074535195, 46.402364542927465 ], [ 16.131943604765702, 46.402644752332243 ], [ 16.132585136695379, 46.40291888499064 ], [ 16.133220449474809, 46.403190474924848 ], [ 16.133861345768622, 46.403464328444947 ], [ 16.134487333874304, 46.403731922770795 ], [ 16.13485784672331, 46.403890194247303 ], [ 16.135112031178828, 46.403998969716397 ], [ 16.135615995069557, 46.404214435604025 ], [ 16.135930487191057, 46.404349042874955 ], [ 16.135955128086149, 46.404359557852295 ], [ 16.136001427031601, 46.404379318715065 ], [ 16.136518317622098, 46.404529413467756 ], [ 16.136522082039011, 46.404530505073943 ], [ 16.136546353280504, 46.404537959764134 ], [ 16.136578151574593, 46.404547867562698 ], [ 16.137880113980454, 46.404927892770118 ], [ 16.137883878452165, 46.404928984331562 ], [ 16.137920925280138, 46.404931980675258 ], [ 16.137954591853919, 46.404934786365537 ], [ 16.138095499075153, 46.404946298687925 ], [ 16.1384649261425, 46.404976437547624 ], [ 16.139526023184452, 46.40506309944233 ], [ 16.139804069773522, 46.405085748292315 ], [ 16.140560736404563, 46.405147509284781 ], [ 16.141530327578625, 46.405226667328023 ], [ 16.142146998966908, 46.405277002563075 ], [ 16.142509425973699, 46.405264460614411 ], [ 16.143485869774224, 46.405230800969058 ], [ 16.144453596303574, 46.405197465765639 ], [ 16.14542938752864, 46.405163787497152 ], [ 16.145911363981622, 46.405147106854024 ], [ 16.146372891249179, 46.405114886088491 ], [ 16.147301149910295, 46.405049915198731 ], [ 16.147702301763534, 46.405021821415801 ], [ 16.14821749067719, 46.404896279546421 ], [ 16.14865868905369, 46.404788682029064 ], [ 16.149261437352411, 46.404637403053229 ], [ 16.150295364596623, 46.404377766622282 ], [ 16.150298361025659, 46.404376966053839 ], [ 16.151253593049578, 46.404097106914783 ], [ 16.152246472193891, 46.40380610800343 ], [ 16.152288345606937, 46.403786351925618 ], [ 16.153311423006276, 46.403304788837424 ], [ 16.154267436200563, 46.402854683327412 ], [ 16.154576972786327, 46.402708967341894 ], [ 16.154668800365084, 46.402666148963263 ], [ 16.155110528674882, 46.40244894447212 ], [ 16.155909178779446, 46.402056291279564 ], [ 16.156113932992806, 46.401923661351901 ], [ 16.157014030970942, 46.40134047868932 ], [ 16.157944794855268, 46.400737497204119 ], [ 16.158214697182881, 46.400562592400995 ], [ 16.158836097045633, 46.400182164540077 ], [ 16.159704345855111, 46.3996505084163 ], [ 16.160591505333276, 46.399107385595343 ], [ 16.161559058913369, 46.398514920205358 ], [ 16.162370657055956, 46.398017911523453 ], [ 16.161066557966805, 46.393986015471391 ], [ 16.136994740709813, 46.375253583828311 ], [ 16.132672945148805, 46.378139483022558 ], [ 16.129312893126773, 46.381143464024539 ], [ 16.116059610521702, 46.397079240488559 ], [ 16.115977035798597, 46.397288694149211 ], [ 16.116795859618325, 46.397548028987515 ] ] ] ] } },
{ "type": "Feature", "properties": { "fid": 203, "Rbr IJ": 3, "Naziv izborne jedinice": "III. IZBORNA JEDINICA", "Rbr.županije": 5, "Županija": "VARAŽDINSKA ŽUPANIJA", "Oznaka Gr/Op/Dr": "općina", "Grad/općina/država": "CESTICA", "Rbr BM": 7, "Naziv BM": "BABINEC", "Lokacija BM": "PROSTORIJE VATROGASNOG DOMA DVD-A BABINEC", "Adresa BM": "ŠKOLSKA ULICA", "Ukupno birača": 667, "Glasovalo birača": 422, "Glasovalo birača (po listićima)": 422, "Važeći listići": 401, "Nevažeći listići": 21, "Latitude": 46.371024, "Longitude": 16.1068144, "ID_u_zupaniji": 203, "ID_global": 1585, "neighbours list": [ 1586, 1589, 1583, 1588, 1590 ] }, "geometry": { "type": "MultiPolygon", "coordinates": [ [ [ [ 16.096219876266698, 46.391007015407581 ], [ 16.097044782628764, 46.391268589833025 ], [ 16.097861524601093, 46.391527520443589 ], [ 16.098746380607825, 46.391808007194413 ], [ 16.099635136587025, 46.392089850290716 ], [ 16.10051300522834, 46.39236813958756 ], [ 16.101377650311434, 46.392642237400594 ], [ 16.102037458314793, 46.392851467173735 ], [ 16.102261765597234, 46.392922244450524 ], [ 16.103187410023114, 46.39321462472217 ], [ 16.104040672688285, 46.393484074368324 ], [ 16.104876170116555, 46.393747878093194 ], [ 16.105746704493004, 46.394022772872788 ], [ 16.106609722069141, 46.394295385894573 ], [ 16.106612576910297, 46.394296205447837 ], [ 16.107485405485253, 46.394580001911613 ], [ 16.107502401446148, 46.394585368493452 ], [ 16.10832130779437, 46.39484639093331 ], [ 16.109189263587517, 46.395123050017048 ], [ 16.110008185442311, 46.395384150370916 ], [ 16.110804411129504, 46.395637880014043 ], [ 16.111595713791086, 46.395890057884834 ], [ 16.112273237169823, 46.396106036393633 ], [ 16.11273850300244, 46.396254264443066 ], [ 16.113221805558307, 46.396408309696163 ], [ 16.113456256783909, 46.396483057961639 ], [ 16.113513864140124, 46.396501426658801 ], [ 16.113523595193541, 46.396504518534329 ], [ 16.113554344338809, 46.39651442920588 ], [ 16.113559923156824, 46.396516247463154 ], [ 16.113564334197363, 46.396517701893018 ], [ 16.113597288878637, 46.396528339767912 ], [ 16.11375505452537, 46.396579525985423 ], [ 16.114268316175398, 46.396745724002457 ], [ 16.114509767526421, 46.396824002554055 ], [ 16.115122837657413, 46.397018153994154 ], [ 16.115955192535189, 46.397281776031974 ], [ 16.115977035798597, 46.397288694149211 ], [ 16.116059610521702, 46.397079240488559 ], [ 16.115273140365591, 46.362510729248335 ], [ 16.103041622739955, 46.356730427438571 ], [ 16.095049667797994, 46.359869639389657 ], [ 16.095834567990128, 46.390884819123563 ], [ 16.096219876266698, 46.391007015407581 ] ] ] ] } },
{ "type": "Feature", "properties": { "fid": 210, "Rbr IJ": 3, "Naziv izborne jedinice": "III. IZBORNA JEDINICA", "Rbr.županije": 5, "Županija": "VARAŽDINSKA ŽUPANIJA", "Oznaka Gr/Op/Dr": "općina", "Grad/općina/država": "DONJA VOĆA", "Rbr BM": 1, "Naziv BM": "DONJA VOĆA - 1", "Lokacija BM": "OSNOVNA ŠKOLA", "Adresa BM": "DONJA VOĆA 19 D", "Ukupno birača": 406, "Glasovalo birača": 203, "Glasovalo birača (po listićima)": 203, "Važeći listići": 194, "Nevažeći listići": 9, "Latitude": 46.3147869, "Longitude": 16.0935757, "ID_u_zupaniji": 210, "ID_global": 1604, "neighbours list": [ 1605, 1608, 1589, 2003, 2002 ] }, "geometry": { "type": "MultiPolygon", "coordinates": [ [ [ [ 16.087588832807473, 46.329865164295967 ], [ 16.101724376592042, 46.32864147698178 ], [ 16.112278405052685, 46.307692024778582 ], [ 16.112249919505402, 46.301596199001104 ], [ 16.092567794695405, 46.302920091655409 ], [ 16.087588832807473, 46.329865164295967 ] ] ] ] } },
{ "type": "Feature", "properties": { "fid": 15, "Rbr IJ": 3, "Naziv izborne jedinice": "III. IZBORNA JEDINICA", "Rbr.županije": 5, "Županija": "VARAŽDINSKA ŽUPANIJA", "Oznaka Gr/Op/Dr": "grad", "Grad/općina/država": "IVANEC", "Rbr BM": 15, "Naziv BM": "JEROVEC GORNJI", "Lokacija BM": "DRUŠTVENI DOM JEROVEC GORNJI", "Adresa BM": "JEROVEC 205", "Ukupno birača": 293, "Glasovalo birača": 197, "Glasovalo birača (po listićima)": 197, "Važeći listići": 187, "Nevažeći listići": 10, "Latitude": 46.2366668, "Longitude": 16.0943315, "ID_u_zupaniji": 15, "ID_global": 1277, "neighbours list": [ 1275, 1273, 1707, 1705, 1270, 1276, 1279 ] }, "geometry": { "type": "MultiPolygon", "coordinates": [ [ [ [ 16.081093259325421, 46.237217640167167 ], [ 16.098684089946637, 46.255574462852934 ], [ 16.099389702799069, 46.2550183837822 ], [ 16.099790399087709, 46.254394447986812 ], [ 16.102828982093268, 46.230183560128147 ], [ 16.095317592784347, 46.227713976854957 ], [ 16.081013220143166, 46.232305615523906 ], [ 16.081093259325421, 46.237217640167167 ] ] ] ] } },
{ "type": "Feature", "properties": { "fid": 10, "Rbr IJ": 3, "Naziv izborne jedinice": "III. IZBORNA JEDINICA", "Rbr.županije": 5, "Županija": "VARAŽDINSKA ŽUPANIJA", "Oznaka Gr/Op/Dr": "grad", "Grad/općina/država": "IVANEC", "Rbr BM": 10, "Naziv BM": "GEČKOVEC", "Lokacija BM": "DRUŠTVENI DOM VUGLOVEC-GEČKOVEC", "Adresa BM": "BIRALIŠTE GEČKOVEC", "Ukupno birača": 102, "Glasovalo birača": 60, "Glasovalo birača (po listićima)": 60, "Važeći listići": 58, "Nevažeći listići": 2, "Latitude": 46.2184877, "Longitude": 16.0932818, "ID_u_zupaniji": 10, "ID_global": 1272, "neighbours list": [ 1271, 1273, 1270 ] }, "geometry": { "type": "MultiPolygon", "coordinates": [ [ [ [ 16.097016925248791, 46.217114400375756 ], [ 16.083483863093925, 46.207423506996811 ], [ 16.095118819626503, 46.225784576496295 ], [ 16.097016925248791, 46.217114400375756 ] ] ] ] } },
{ "type": "Feature", "properties": { "fid": 8, "Rbr IJ": 3, "Naziv izborne jedinice": "III. IZBORNA JEDINICA", "Rbr.županije": 5, "Županija": "VARAŽDINSKA ŽUPANIJA", "Oznaka Gr/Op/Dr": "grad", "Grad/općina/država": "IVANEC", "Rbr BM": 8, "Naziv BM": "LANČIĆ", "Lokacija BM": "DRUŠTVENI DOM", "Adresa BM": "LANČIĆ", "Ukupno birača": 297, "Glasovalo birača": 196, "Glasovalo birača (po listićima)": 196, "Važeći listići": 191, "Nevažeći listići": 5, "Latitude": 46.2199227, "Longitude": 16.0998366, "ID_u_zupaniji": 8, "ID_global": 1270, "neighbours list": [ 1271, 1273, 1277, 1272, 1276, 1269 ] }, "geometry": { "type": "MultiPolygon", "coordinates": [ [ [ [ 16.095118819626503, 46.225784576496295 ], [ 16.095317592784347, 46.227713976854957 ], [ 16.102828982093268, 46.230183560128147 ], [ 16.107296910460242, 46.227877039351362 ], [ 16.109580630036611, 46.21207444188564 ], [ 16.097016925248791, 46.217114400375756 ], [ 16.095118819626503, 46.225784576496295 ] ] ] ] } },
{ "type": "Feature", "properties": { "fid": 326, "Rbr IJ": 3, "Naziv izborne jedinice": "III. IZBORNA JEDINICA", "Rbr.županije": 5, "Županija": "VARAŽDINSKA ŽUPANIJA", "Oznaka Gr/Op/Dr": "općina", "Grad/općina/država": "VINICA", "Rbr BM": 5, "Naziv BM": "PEŠĆENICA VINIČKA", "Lokacija BM": "PROSTORIJE DRUŠTVENOG DOMA", "Adresa BM": "PEŠČENICA VINIČKA BB", "Ukupno birača": 102, "Glasovalo birača": 69, "Glasovalo birača (po listićima)": 69, "Važeći listići": 63, "Nevažeći listići": 6, "Latitude": 46.3146118, "Longitude": 16.1310466, "ID_u_zupaniji": 326, "ID_global": 2003, "neighbours list": [ 1605, 1705, 1604, 2002, 1816, 2001, 2000, 1817 ] }, "geometry": { "type": "MultiPolygon", "coordinates": [ [ [ [ 16.112278405052685, 46.307692024778582 ], [ 16.134690280518914, 46.331932651129165 ], [ 16.146194212076235, 46.318571879767703 ], [ 16.144916378359827, 46.299221160879284 ], [ 16.138797618817353, 46.293485143924421 ], [ 16.128863813731435, 46.287837035580736 ], [ 16.11873689348019, 46.290851077465319 ], [ 16.112249919505402, 46.301596199001104 ], [ 16.112278405052685, 46.307692024778582 ] ] ] ] } },
{ "type": "Feature", "properties": { "fid": 14, "Rbr IJ": 3, "Naziv izborne jedinice": "III. IZBORNA JEDINICA", "Rbr.županije": 5, "Županija": "VARAŽDINSKA ŽUPANIJA", "Oznaka Gr/Op/Dr": "grad", "Grad/općina/država": "IVANEC", "Rbr BM": 14, "Naziv BM": "JEROVEC DONJI", "Lokacija BM": "DRUŠTVENI DOM JEROVEC DONJI", "Adresa BM": "JEROVEC 80 C", "Ukupno birača": 355, "Glasovalo birača": 244, "Glasovalo birača (po listićima)": 244, "Važeći listići": 239, "Nevažeći listići": 5, "Latitude": 46.2385656, "Longitude": 16.1094608, "ID_u_zupaniji": 14, "ID_global": 1276, "neighbours list": [ 1277, 1270, 1269, 1279, 1266, 1278 ] }, "geometry": { "type": "MultiPolygon", "coordinates": [ [ [ [ 16.099790399087709, 46.254394447986812 ], [ 16.119385980033488, 46.241658043251448 ], [ 16.122303661652534, 46.235769453184055 ], [ 16.120029004228201, 46.233567838138178 ], [ 16.107296910460242, 46.227877039351362 ], [ 16.102828982093268, 46.230183560128147 ], [ 16.099790399087709, 46.254394447986812 ] ] ] ] } },
{ "type": "Feature", "properties": { "fid": 7, "Rbr IJ": 3, "Naziv izborne jedinice": "III. IZBORNA JEDINICA", "Rbr.županije": 5, "Županija": "VARAŽDINSKA ŽUPANIJA", "Oznaka Gr/Op/Dr": "grad", "Grad/općina/država": "IVANEC", "Rbr BM": 7, "Naziv BM": "IVANEC-7", "Lokacija BM": "PROSTORIJE CVJEĆARNICE \"DALIJA\"", "Adresa BM": "IVANEC, AUGUSTA CESARCA 1", "Ukupno birača": 529, "Glasovalo birača": 343, "Glasovalo birača (po listićima)": 343, "Važeći listići": 325, "Nevažeći listići": 18, "Latitude": 46.2223603, "Longitude": 16.116704, "ID_u_zupaniji": 7, "ID_global": 1269, "neighbours list": [ 1280, 1271, 1270, 1276, 1265, 1266 ] }, "geometry": { "type": "MultiPolygon", "coordinates": [ [ [ [ 16.107296910460242, 46.227877039351362 ], [ 16.120029004228201, 46.233567838138178 ], [ 16.1208481833098, 46.220010670822468 ], [ 16.119596562165853, 46.20540989079835 ], [ 16.11469241130705, 46.201218411193906 ], [ 16.109580630036611, 46.21207444188564 ], [ 16.107296910460242, 46.227877039351362 ] ] ] ] } },
{ "type": "Feature", "properties": { "fid": 328, "Rbr IJ": 3, "Naziv izborne jedinice": "III. IZBORNA JEDINICA", "Rbr.županije": 5, "Županija": "VARAŽDINSKA ŽUPANIJA", "Oznaka Gr/Op/Dr": "općina", "Grad/općina/država": "VINICA", "Rbr BM": 7, "Naziv BM": "VINICA BREG", "Lokacija BM": "PROSTORIJE BIVŠE ŠKOLE \"PATAČIĆ\"", "Adresa BM": "VINICA BREG BB", "Ukupno birača": 226, "Glasovalo birača": 113, "Glasovalo birača (po listićima)": 113, "Važeći listići": 107, "Nevažeći listići": 6, "Latitude": 46.3416294, "Longitude": 16.1112067, "ID_u_zupaniji": 328, "ID_global": 2005, "neighbours list": [ 1589, 2002, 1590 ] }, "geometry": { "type": "MultiPolygon", "coordinates": [ [ [ [ 16.104834674951935, 46.351413365040209 ], [ 16.125547830836656, 46.339196654841452 ], [ 16.101734417864545, 46.32865444681611 ], [ 16.104834674951935, 46.351413365040209 ] ] ] ] } },
{ "type": "Feature", "properties": { "fid": 206, "Rbr IJ": 3, "Naziv izborne jedinice": "III. IZBORNA JEDINICA", "Rbr.županije": 5, "Županija": "VARAŽDINSKA ŽUPANIJA", "Oznaka Gr/Op/Dr": "općina", "Grad/općina/država": "CESTICA", "Rbr BM": 10, "Naziv BM": "JARKI", "Lokacija BM": "PROSTORIJE MJESNOG ODBORA JARKI", "Adresa BM": "IGRALIŠTE MALONOGOMETNOG KLUBA", "Ukupno birača": 268, "Glasovalo birača": 131, "Glasovalo birača (po listićima)": 131, "Važeći listići": 119, "Nevažeći listići": 12, "Latitude": 46.3706305, "Longitude": 16.1241103, "ID_u_zupaniji": 206, "ID_global": 1588, "neighbours list": [ 1583, 1585, 1590, 1580, 1581 ] }, "geometry": { "type": "MultiPolygon", "coordinates": [ [ [ [ 16.116059610521702, 46.397079240488559 ], [ 16.129312893126773, 46.381143464024539 ], [ 16.123826539716735, 46.364133488087369 ], [ 16.119882910877241, 46.360757338920266 ], [ 16.115273140365591, 46.362510729248335 ], [ 16.116059610521702, 46.397079240488559 ] ] ] ] } },
{ "type": "Feature", "properties": { "fid": 17, "Rbr IJ": 3, "Naziv izborne jedinice": "III. IZBORNA JEDINICA", "Rbr.županije": 5, "Županija": "VARAŽDINSKA ŽUPANIJA", "Oznaka Gr/Op/Dr": "grad", "Grad/općina/država": "IVANEC", "Rbr BM": 17, "Naziv BM": "HORVATSKO", "Lokacija BM": "PROSTORIJE \"ORION\"", "Adresa BM": "HORVATSKO 28", "Ukupno birača": 136, "Glasovalo birača": 98, "Glasovalo birača (po listićima)": 98, "Važeći listići": 90, "Nevažeći listići": 8, "Latitude": 46.2519839, "Longitude": 16.1181822, "ID_u_zupaniji": 17, "ID_global": 1279, "neighbours list": [ 1705, 1277, 1276, 1278, 1813 ] }, "geometry": { "type": "MultiPolygon", "coordinates": [ [ [ [ 16.099790399087709, 46.254394447986812 ], [ 16.099389702799069, 46.2550183837822 ], [ 16.124196043006055, 46.259337807045739 ], [ 16.125820649267219, 46.256130515307525 ], [ 16.119385980033488, 46.241658043251448 ], [ 16.099790399087709, 46.254394447986812 ] ] ] ] } },
{ "type": "Feature", "properties": { "fid": 325, "Rbr IJ": 3, "Naziv izborne jedinice": "III. IZBORNA JEDINICA", "Rbr.županije": 5, "Županija": "VARAŽDINSKA ŽUPANIJA", "Oznaka Gr/Op/Dr": "općina", "Grad/općina/država": "VINICA", "Rbr BM": 4, "Naziv BM": "GORUŠEVNJAK", "Lokacija BM": "PROSTORIJE DRUŠTVENOG DOMA", "Adresa BM": "GORUŠEVNJAK BB", "Ukupno birača": 91, "Glasovalo birača": 54, "Glasovalo birača (po listićima)": 54, "Važeći listići": 50, "Nevažeći listići": 4, "Latitude": 46.3269443, "Longitude": 16.1177078, "ID_u_zupaniji": 325, "ID_global": 2002, "neighbours list": [ 1589, 1604, 2003, 2005, 1590, 1999, 2001 ] }, "geometry": { "type": "MultiPolygon", "coordinates": [ [ [ [ 16.101734417864545, 46.32865444681611 ], [ 16.125547830836656, 46.339196654841452 ], [ 16.132741547183151, 46.339570435059471 ], [ 16.134485536190596, 46.333111398821899 ], [ 16.134690280518914, 46.331932651129165 ], [ 16.112278405052685, 46.307692024778582 ], [ 16.101724376592042, 46.32864147698178 ], [ 16.101734417864545, 46.32865444681611 ] ] ] ] } },
{ "type": "Feature", "properties": { "fid": 208, "Rbr IJ": 3, "Naziv izborne jedinice": "III. IZBORNA JEDINICA", "Rbr.županije": 5, "Županija": "VARAŽDINSKA ŽUPANIJA", "Oznaka Gr/Op/Dr": "općina", "Grad/općina/država": "CESTICA", "Rbr BM": 12, "Naziv BM": "NATKRIŽOVLJAN", "Lokacija BM": "PROSTORIJE MJESNOG ODBORA NATKRIŽOVLJAN", "Adresa BM": "NATKRIŽOVLJAN", "Ukupno birača": 221, "Glasovalo birača": 123, "Glasovalo birača (po listićima)": 123, "Važeći listići": 116, "Nevažeći listići": 7, "Latitude": 46.3505705, "Longitude": 16.1164802, "ID_u_zupaniji": 208, "ID_global": 1590, "neighbours list": [ 1589, 1585, 2005, 1588, 2002, 1580, 1591, 1999 ] }, "geometry": { "type": "MultiPolygon", "coordinates": [ [ [ [ 16.103041622739955, 46.356730427438571 ], [ 16.115273140365591, 46.362510729248335 ], [ 16.119882910877241, 46.360757338920266 ], [ 16.133039729925354, 46.346609337989484 ], [ 16.13409846847588, 46.342938922281562 ], [ 16.132741547183151, 46.339570435059471 ], [ 16.125547830836656, 46.339196654841452 ], [ 16.104834674951935, 46.351413365040209 ], [ 16.103041622739955, 46.356730427438571 ] ] ] ] } },
{ "type": "Feature", "properties": { "fid": 198, "Rbr IJ": 3, "Naziv izborne jedinice": "III. IZBORNA JEDINICA", "Rbr.županije": 5, "Županija": "VARAŽDINSKA ŽUPANIJA", "Oznaka Gr/Op/Dr": "općina", "Grad/općina/država": "CESTICA", "Rbr BM": 2, "Naziv BM": "RADOVEC", "Lokacija BM": "PROSTORIJE STARE ŠKOLE RADOVEC", "Adresa BM": "TRG IVANA PAVLA II", "Ukupno birača": 252, "Glasovalo birača": 127, "Glasovalo birača (po listićima)": 127, "Važeći listići": 121, "Nevažeći listići": 6, "Latitude": 46.363412490012202, "Longitude": 16.130289653940299, "ID_u_zupaniji": 198, "ID_global": 1580, "neighbours list": [ 1588, 1590, 1581, 1591, 1582, 1579 ] }, "geometry": { "type": "MultiPolygon", "coordinates": [ [ [ [ 16.123826539716735, 46.364133488087369 ], [ 16.127264902944905, 46.365750820174483 ], [ 16.138421695273163, 46.366437022296722 ], [ 16.13393643647257, 46.349447132710104 ], [ 16.133039729925354, 46.346609337989484 ], [ 16.119882910877241, 46.360757338920266 ], [ 16.123826539716735, 46.364133488087369 ] ] ] ] } },
{ "type": "Feature", "properties": { "fid": 3, "Rbr IJ": 3, "Naziv izborne jedinice": "III. IZBORNA JEDINICA", "Rbr.županije": 5, "Županija": "VARAŽDINSKA ŽUPANIJA", "Oznaka Gr/Op/Dr": "grad", "Grad/općina/država": "IVANEC", "Rbr BM": 3, "Naziv BM": "IVANEC - 3", "Lokacija BM": "PROSTORIJE MUZEJA PLANINARSTVA IVANEC", "Adresa BM": "ULICA RUDOLFA RAJTERA 5", "Ukupno birača": 547, "Glasovalo birača": 371, "Glasovalo birača (po listićima)": 371, "Važeći listići": 353, "Nevažeći listići": 18, "Latitude": 46.2216207, "Longitude": 16.1253318, "ID_u_zupaniji": 3, "ID_global": 1265, "neighbours list": [ 1280, 1269, 1266, 1281, 1284 ] }, "geometry": { "type": "MultiPolygon", "coordinates": [ [ [ [ 16.1208481833098, 46.220010670822468 ], [ 16.136538098700083, 46.228391898650692 ], [ 16.136925518582313, 46.223334506188358 ], [ 16.124205683513285, 46.207651550886609 ], [ 16.119596562165853, 46.20540989079835 ], [ 16.1208481833098, 46.220010670822468 ] ] ] ] } },
{ "type": "Feature", "properties": { "fid": 4, "Rbr IJ": 3, "Naziv izborne jedinice": "III. IZBORNA JEDINICA", "Rbr.županije": 5, "Županija": "VARAŽDINSKA ŽUPANIJA", "Oznaka Gr/Op/Dr": "grad", "Grad/općina/država": "IVANEC", "Rbr BM": 4, "Naziv BM": "IVANEC - 4", "Lokacija BM": "SREDNJA ŠKOLA - BIRALIŠTE II", "Adresa BM": "IVANEC", "Ukupno birača": 622, "Glasovalo birača": 406, "Glasovalo birača (po listićima)": 406, "Važeći listići": 400, "Nevažeći listići": 6, "Latitude": 46.2228422, "Longitude": 16.1246793, "ID_u_zupaniji": 4, "ID_global": 1266, "neighbours list": [ 1276, 1269, 1265, 1278, 1281, 1282 ] }, "geometry": { "type": "MultiPolygon", "coordinates": [ [ [ [ 16.134376902807794, 46.234223995881422 ], [ 16.136510284677993, 46.229572944910771 ], [ 16.136538098700083, 46.228391898650692 ], [ 16.1208481833098, 46.220010670822468 ], [ 16.120029004228201, 46.233567838138178 ], [ 16.122303661652534, 46.235769453184055 ], [ 16.134376902807794, 46.234223995881422 ] ] ] ] } },
{ "type": "Feature", "properties": { "fid": 16, "Rbr IJ": 3, "Naziv izborne jedinice": "III. IZBORNA JEDINICA", "Rbr.županije": 5, "Županija": "VARAŽDINSKA ŽUPANIJA", "Oznaka Gr/Op/Dr": "grad", "Grad/općina/država": "IVANEC", "Rbr BM": 16, "Naziv BM": "RIBIĆ BREG", "Lokacija BM": "KUĆA POK. VJEKOSLAVA PAHIĆA", "Adresa BM": "RIBIĆ BREG 3", "Ukupno birača": 115, "Glasovalo birača": 72, "Glasovalo birača (po listićima)": 72, "Važeći listići": 66, "Nevažeći listići": 6, "Latitude": 46.2476815, "Longitude": 16.1278589, "ID_u_zupaniji": 16, "ID_global": 1278, "neighbours list": [ 1276, 1279, 1266, 1813, 1815, 1282 ] }, "geometry": { "type": "MultiPolygon", "coordinates": [ [ [ [ 16.122303661652534, 46.235769453184055 ], [ 16.119385980033488, 46.241658043251448 ], [ 16.125820649267219, 46.256130515307525 ], [ 16.138402102062077, 46.2501017903666 ], [ 16.140716264046542, 46.244282043052955 ], [ 16.134376902807794, 46.234223995881422 ], [ 16.122303661652534, 46.235769453184055 ] ] ] ] } },
{ "type": "Feature", "properties": { "fid": 268, "Rbr IJ": 3, "Naziv izborne jedinice": "III. IZBORNA JEDINICA", "Rbr.županije": 5, "Županija": "VARAŽDINSKA ŽUPANIJA", "Oznaka Gr/Op/Dr": "općina", "Grad/općina/država": "MARUŠEVEC", "Rbr BM": 10, "Naziv BM": "NOVAKI", "Lokacija BM": "DRUŠTVENI DOM", "Adresa BM": "NOVAKI", "Ukupno birača": 410, "Glasovalo birača": 255, "Glasovalo birača (po listićima)": 255, "Važeći listići": 247, "Nevažeći listići": 8, "Latitude": 46.2598355, "Longitude": 16.1336828, "ID_u_zupaniji": 268, "ID_global": 1813, "neighbours list": [ 1705, 1279, 1278, 1815, 1816 ] }, "geometry": { "type": "MultiPolygon", "coordinates": [ [ [ [ 16.124196043006055, 46.259337807045739 ], [ 16.130228468482738, 46.283562995679084 ], [ 16.143676784874831, 46.267521104493845 ], [ 16.138402102062077, 46.2501017903666 ], [ 16.125820649267219, 46.256130515307525 ], [ 16.124196043006055, 46.259337807045739 ] ] ] ] } },
{ "type": "Feature", "properties": { "fid": 199, "Rbr IJ": 3, "Naziv izborne jedinice": "III. IZBORNA JEDINICA", "Rbr.županije": 5, "Županija": "VARAŽDINSKA ŽUPANIJA", "Oznaka Gr/Op/Dr": "općina", "Grad/općina/država": "CESTICA", "Rbr BM": 3, "Naziv BM": "CESTICA", "Lokacija BM": "PROSTORIJE KULTURNOG CENTRA OPĆINE CESTICA", "Adresa BM": "DRAVSKA 1 A", "Ukupno birača": 608, "Glasovalo birača": 379, "Glasovalo birača (po listićima)": 379, "Važeći listići": 363, "Nevažeći listići": 16, "Latitude": 46.3695719, "Longitude": 16.1273924, "ID_u_zupaniji": 199, "ID_global": 1581, "neighbours list": [ 1583, 1588, 1580, 1582 ] }, "geometry": { "type": "MultiPolygon", "coordinates": [ [ [ [ 16.123826539716735, 46.364133488087369 ], [ 16.129312893126773, 46.381143464024539 ], [ 16.132672945148805, 46.378139483022558 ], [ 16.127264902944905, 46.365750820174483 ], [ 16.123826539716735, 46.364133488087369 ] ] ] ] } },
{ "type": "Feature", "properties": { "fid": 19, "Rbr IJ": 3, "Naziv izborne jedinice": "III. IZBORNA JEDINICA", "Rbr.županije": 5, "Županija": "VARAŽDINSKA ŽUPANIJA", "Oznaka Gr/Op/Dr": "grad", "Grad/općina/država": "IVANEC", "Rbr BM": 19, "Naziv BM": "PUNIKVE", "Lokacija BM": "DRUŠTVENI DOM", "Adresa BM": "PUNIKVE", "Ukupno birača": 354, "Glasovalo birača": 226, "Glasovalo birača (po listićima)": 226, "Važeći listići": 207, "Nevažeći listići": 19, "Latitude": 46.2234066, "Longitude": 16.148645, "ID_u_zupaniji": 19, "ID_global": 1281, "neighbours list": [ 1265, 1266, 1284, 1282, 1288, 1289 ] }, "geometry": { "type": "MultiPolygon", "coordinates": [ [ [ [ 16.136510284677993, 46.229572944910771 ], [ 16.166304810948834, 46.227674176229186 ], [ 16.168907878277384, 46.223268131229645 ], [ 16.155138389794779, 46.206307725408635 ], [ 16.136925518582313, 46.223334506188358 ], [ 16.136538098700083, 46.228391898650692 ], [ 16.136510284677993, 46.229572944910771 ] ] ] ] } },
{ "type": "Feature", "properties": { "fid": 209, "Rbr IJ": 3, "Naziv izborne jedinice": "III. IZBORNA JEDINICA", "Rbr.županije": 5, "Županija": "VARAŽDINSKA ŽUPANIJA", "Oznaka Gr/Op/Dr": "općina", "Grad/općina/država": "CESTICA", "Rbr BM": 13, "Naziv BM": "GORNJE VRATNO - 2", "Lokacija BM": "PROSTORIJE PRIVATNE KUĆE MLADENA IGNACA", "Adresa BM": "G.VRATNO, VARAŽDINSKA 408", "Ukupno birača": 63, "Glasovalo birača": 4, "Glasovalo birača (po listićima)": 4, "Važeći listići": 4, "Nevažeći listići": 0, "Latitude": 46.3587814, "Longitude": 16.1449456, "ID_u_zupaniji": 209, "ID_global": 1591, "neighbours list": [ 1590, 1580, 1579, 1999, 1584, 2004 ] }, "geometry": { "type": "MultiPolygon", "coordinates": [ [ [ [ 16.13393643647257, 46.349447132710104 ], [ 16.152700796509926, 46.366970183851421 ], [ 16.156850643266633, 46.36656180347051 ], [ 16.144189888540051, 46.346134258248398 ], [ 16.13409846847588, 46.342938922281562 ], [ 16.133039729925354, 46.346609337989484 ], [ 16.13393643647257, 46.349447132710104 ] ] ] ] } },
{ "type": "Feature", "properties": { "fid": 22, "Rbr IJ": 3, "Naziv izborne jedinice": "III. IZBORNA JEDINICA", "Rbr.županije": 5, "Županija": "VARAŽDINSKA ŽUPANIJA", "Oznaka Gr/Op/Dr": "grad", "Grad/općina/država": "IVANEC", "Rbr BM": 22, "Naziv BM": "VITEŠINEC", "Lokacija BM": "BIVŠE IZLETIŠTE \"CRKVENJAK\"", "Adresa BM": "VITEŠINEC", "Ukupno birača": 75, "Glasovalo birača": 49, "Glasovalo birača (po listićima)": 49, "Važeći listići": 46, "Nevažeći listići": 3, "Latitude": 46.2116367, "Longitude": 16.1376416, "ID_u_zupaniji": 22, "ID_global": 1284, "neighbours list": [ 1280, 1265, 1281, 1288 ] }, "geometry": { "type": "MultiPolygon", "coordinates": [ [ [ [ 16.136925518582313, 46.223334506188358 ], [ 16.155138389794779, 46.206307725408635 ], [ 16.154410159333914, 46.203137921555765 ], [ 16.124205683513285, 46.207651550886609 ], [ 16.136925518582313, 46.223334506188358 ] ] ] ] } },
{ "type": "Feature", "properties": { "fid": 200, "Rbr IJ": 3, "Naziv izborne jedinice": "III. IZBORNA JEDINICA", "Rbr.županije": 5, "Županija": "VARAŽDINSKA ŽUPANIJA", "Oznaka Gr/Op/Dr": "općina", "Grad/općina/država": "CESTICA", "Rbr BM": 4, "Naziv BM": "OTOK VIRJE", "Lokacija BM": "PROSTORIJE DRUŠTVENOG DOMA", "Adresa BM": "SPORTSKA ULICA 2", "Ukupno birača": 170, "Glasovalo birača": 109, "Glasovalo birača (po listićima)": 109, "Važeći listići": 103, "Nevažeći listići": 6, "Latitude": 46.3684422, "Longitude": 16.1299803, "ID_u_zupaniji": 200, "ID_global": 1582, "neighbours list": [ 1583, 1580, 1581, 1579, 1584 ] }, "geometry": { "type": "MultiPolygon", "coordinates": [ [ [ [ 16.132672945148805, 46.378139483022558 ], [ 16.136994740709813, 46.375253583828311 ], [ 16.140009833947826, 46.369011406196776 ], [ 16.138421695273163, 46.366437022296722 ], [ 16.127264902944905, 46.365750820174483 ], [ 16.132672945148805, 46.378139483022558 ] ] ] ] } },
{ "type": "Feature", "properties": { "fid": 197, "Rbr IJ": 3, "Naziv izborne jedinice": "III. IZBORNA JEDINICA", "Rbr.županije": 5, "Županija": "VARAŽDINSKA ŽUPANIJA", "Oznaka Gr/Op/Dr": "općina", "Grad/općina/država": "CESTICA", "Rbr BM": 1, "Naziv BM": "GORNJE VRATNO", "Lokacija BM": "PROSTORIJE DRUŠTVENOG DOMA", "Adresa BM": "VARAŽDINSKA ULICA 136", "Ukupno birača": 875, "Glasovalo birača": 556, "Glasovalo birača (po listićima)": 556, "Važeći listići": 524, "Nevažeći listići": 32, "Latitude": 46.3597927, "Longitude": 16.1440012, "ID_u_zupaniji": 197, "ID_global": 1579, "neighbours list": [ 1580, 1591, 1582, 1584 ] }, "geometry": { "type": "MultiPolygon", "coordinates": [ [ [ [ 16.140009833947826, 46.369011406196776 ], [ 16.152700796509926, 46.366970183851421 ], [ 16.13393643647257, 46.349447132710104 ], [ 16.138421695273163, 46.366437022296722 ], [ 16.140009833947826, 46.369011406196776 ] ] ] ] } },
{ "type": "Feature", "properties": { "fid": 322, "Rbr IJ": 3, "Naziv izborne jedinice": "III. IZBORNA JEDINICA", "Rbr.županije": 5, "Županija": "VARAŽDINSKA ŽUPANIJA", "Oznaka Gr/Op/Dr": "općina", "Grad/općina/država": "VINICA", "Rbr BM": 1, "Naziv BM": "VINICA", "Lokacija BM": "PROSTORIJE VATROGASNOG DOMA", "Adresa BM": "OPEČKA 2", "Ukupno birača": 841, "Glasovalo birača": 532, "Glasovalo birača (po listićima)": 532, "Važeći listići": 519, "Nevažeći listići": 13, "Latitude": 46.336227, "Longitude": 16.1520872, "ID_u_zupaniji": 322, "ID_global": 1999, "neighbours list": [ 2002, 1590, 1591, 2001, 1850, 2004 ] }, "geometry": { "type": "MultiPolygon", "coordinates": [ [ [ [ 16.132741547183151, 46.339570435059471 ], [ 16.13409846847588, 46.342938922281562 ], [ 16.144189888540051, 46.346134258248398 ], [ 16.179635880116457, 46.339372072726668 ], [ 16.179407138043185, 46.336868973753958 ], [ 16.134485536190596, 46.333111398821899 ], [ 16.132741547183151, 46.339570435059471 ] ] ] ] } },
{ "type": "Feature", "properties": { "fid": 270, "Rbr IJ": 3, "Naziv izborne jedinice": "III. IZBORNA JEDINICA", "Rbr.županije": 5, "Županija": "VARAŽDINSKA ŽUPANIJA", "Oznaka Gr/Op/Dr": "općina", "Grad/općina/država": "MARUŠEVEC", "Rbr BM": 12, "Naziv BM": "DRUŠKOVEC - 2", "Lokacija BM": "PODRUČNA ŠKOLA", "Adresa BM": "DRUŠKOVEC", "Ukupno birača": 181, "Glasovalo birača": 105, "Glasovalo birača (po listićima)": 105, "Važeći listići": 98, "Nevažeći listići": 7, "Latitude": 46.2555824, "Longitude": 16.1477284, "ID_u_zupaniji": 270, "ID_global": 1815, "neighbours list": [ 1278, 1813, 1816, 1282, 1289, 1806 ] }, "geometry": { "type": "MultiPolygon", "coordinates": [ [ [ [ 16.138402102062077, 46.2501017903666 ], [ 16.143676784874831, 46.267521104493845 ], [ 16.163096275777022, 46.262522802820385 ], [ 16.163730850166104, 46.249575684134633 ], [ 16.161988933523435, 46.245871235545351 ], [ 16.140716264046542, 46.244282043052955 ], [ 16.138402102062077, 46.2501017903666 ] ] ] ] } },
{ "type": "Feature", "properties": { "fid": 271, "Rbr IJ": 3, "Naziv izborne jedinice": "III. IZBORNA JEDINICA", "Rbr.županije": 5, "Županija": "VARAŽDINSKA ŽUPANIJA", "Oznaka Gr/Op/Dr": "općina", "Grad/općina/država": "MARUŠEVEC", "Rbr BM": 13, "Naziv BM": "BRODAROVEC", "Lokacija BM": "KUĆA ŽELJKA IVANČEVIĆA", "Adresa BM": "BRODAROVEC 14", "Ukupno birača": 153, "Glasovalo birača": 90, "Glasovalo birača (po listićima)": 90, "Važeći listići": 86, "Nevažeći listići": 4, "Latitude": 46.2760202, "Longitude": 16.1529888, "ID_u_zupaniji": 271, "ID_global": 1816, "neighbours list": [ 1705, 2003, 1813, 1815, 1817, 1806 ] }, "geometry": { "type": "MultiPolygon", "coordinates": [ [ [ [ 16.128863813731435, 46.287837035580736 ], [ 16.138797618817353, 46.293485143924421 ], [ 16.1688814398197, 46.270505121463607 ], [ 16.163096275777022, 46.262522802820385 ], [ 16.143676784874831, 46.267521104493845 ], [ 16.130228468482738, 46.283562995679084 ], [ 16.128863813731435, 46.287837035580736 ] ] ] ] } },
{ "type": "Feature", "properties": { "fid": 281, "Rbr IJ": 3, "Naziv izborne jedinice": "III. IZBORNA JEDINICA", "Rbr.županije": 5, "Županija": "VARAŽDINSKA ŽUPANIJA", "Oznaka Gr/Op/Dr": "općina", "Grad/općina/država": "PETRIJANEC", "Rbr BM": 8, "Naziv BM": "DONJE VRATNO - DIO", "Lokacija BM": "PRIVATNA KUĆA EDUARDA ORŠOŠA", "Adresa BM": "DONJE VRATNO DIO-DIO 57", "Ukupno birača": 154, "Glasovalo birača": 8, "Glasovalo birača (po listićima)": 8, "Važeći listići": 6, "Nevažeći listići": 2, "Latitude": 46.3741825, "Longitude": 16.1720107, "ID_u_zupaniji": 281, "ID_global": 1852, "neighbours list": [ 1583, 1584, 1850, 2004, 1846, 1845 ] }, "geometry": { "type": "MultiPolygon", "coordinates": [ [ [ [ 16.162385744692731, 46.398008672115338 ], [ 16.162538730703105, 46.39791510477469 ], [ 16.163170483861784, 46.397406206262175 ], [ 16.163951728199798, 46.396777093504063 ], [ 16.164687869790409, 46.396184191089723 ], [ 16.165379956233075, 46.395626783203866 ], [ 16.165380217400884, 46.395626604027541 ], [ 16.166024854338279, 46.394979442952355 ], [ 16.166595554878857, 46.394406558033729 ], [ 16.167196072906457, 46.393803706914383 ], [ 16.167580580735553, 46.393417683089289 ], [ 16.167980465447453, 46.393261126848792 ], [ 16.168888017180606, 46.392905946270574 ], [ 16.16957150800814, 46.392638462130016 ], [ 16.17024130689714, 46.392376332631677 ], [ 16.170785587091288, 46.39216332159971 ], [ 16.170808786864196, 46.392154211412588 ], [ 16.171390700229406, 46.39186627057439 ], [ 16.171709171577369, 46.391708747526629 ], [ 16.171923326699531, 46.39160013813499 ], [ 16.172237384383322, 46.391440891511394 ], [ 16.172378631731345, 46.391369230022889 ], [ 16.172468883330918, 46.391323513709409 ], [ 16.17258665371855, 46.39126384074428 ], [ 16.172651734572359, 46.391230738034167 ], [ 16.173047561351037, 46.391030066946485 ], [ 16.173554764154328, 46.390772761247383 ], [ 16.173943673326729, 46.390575396198955 ], [ 16.173909079252205, 46.389943525832933 ], [ 16.173861722641639, 46.389075086921693 ], [ 16.173816233354433, 46.388242641333392 ], [ 16.173784688030825, 46.387666920884726 ], [ 16.174094510034514, 46.387297126275058 ], [ 16.174777126327669, 46.38648213843851 ], [ 16.175268157626505, 46.385895847153868 ], [ 16.175320533811625, 46.385833286495121 ], [ 16.175535798316009, 46.385576222204442 ], [ 16.175849375830929, 46.385490469971273 ], [ 16.176584872885524, 46.385289309226849 ], [ 16.17724053906413, 46.385109961214809 ], [ 16.177378312955888, 46.385072292492822 ], [ 16.177980511325377, 46.385074619600225 ], [ 16.178675405198739, 46.385077383972607 ], [ 16.179396041497512, 46.385080126324219 ], [ 16.179854190501683, 46.385081949658442 ], [ 16.179860430414074, 46.385082057097399 ], [ 16.180066222784518, 46.385084702338993 ], [ 16.180322586110407, 46.3850879384404 ], [ 16.1807860108879, 46.385188380367168 ], [ 16.18154769807882, 46.385353530369123 ], [ 16.182276149034561, 46.385511385322431 ], [ 16.182798402783209, 46.385624578373289 ], [ 16.182825671109697, 46.385630502082535 ], [ 16.182898906370731, 46.385646360030115 ], [ 16.18290137344475, 46.385646906693452 ], [ 16.182938602078263, 46.385661585123522 ], [ 16.183067151474411, 46.385712234917499 ], [ 16.183774373209143, 46.385990671789862 ], [ 16.184515459612641, 46.386282333380308 ], [ 16.184880362408162, 46.386426032521619 ], [ 16.18500917490994, 46.386476770820281 ], [ 16.185286129616475, 46.38658576772044 ], [ 16.185487068307882, 46.386664864680725 ], [ 16.185538183371754, 46.386684168941784 ], [ 16.185563351653034, 46.386693685037862 ], [ 16.18559332009518, 46.386705013733469 ], [ 16.185721496759037, 46.386753500219051 ], [ 16.185759761846956, 46.386769080279755 ], [ 16.185825007256703, 46.38679562087075 ], [ 16.185829417901086, 46.386797342425389 ], [ 16.186102096251592, 46.386904436216028 ], [ 16.186176298491166, 46.386933520361687 ], [ 16.186350399036538, 46.386999946292605 ], [ 16.186511007399208, 46.387061296630826 ], [ 16.186581192509106, 46.387088120241053 ], [ 16.186586252755923, 46.387089933517146 ], [ 16.186588846856623, 46.3870910202712 ], [ 16.186837141160321, 46.38709736861383 ], [ 16.186946728565491, 46.387100187830526 ], [ 16.187166045760534, 46.387103667049125 ], [ 16.187789287363685, 46.387113377631593 ], [ 16.188624826350281, 46.387126452140926 ], [ 16.189449452175928, 46.386633767366234 ], [ 16.189455844238001, 46.386630005967923 ], [ 16.189649708838914, 46.386513120889973 ], [ 16.189885189726482, 46.386371066662456 ], [ 16.190020461161645, 46.386292169491774 ], [ 16.190052019010473, 46.386160628337642 ], [ 16.190082487735136, 46.386037721378607 ], [ 16.190114509647611, 46.385893045780399 ], [ 16.190187629772339, 46.385607947744703 ], [ 16.190207041363518, 46.385531975337848 ], [ 16.190326211928724, 46.385035121611445 ], [ 16.190390674256211, 46.384786258037657 ], [ 16.190331182437394, 46.384546955575452 ], [ 16.19032711934851, 46.38452976022208 ], [ 16.190043919493498, 46.383364955525188 ], [ 16.189846889557217, 46.383170535016518 ], [ 16.189516361707661, 46.382858430322557 ], [ 16.189479118988171, 46.382823330696098 ], [ 16.189461661304467, 46.382806908668869 ], [ 16.189357176449672, 46.38270819721717 ], [ 16.18934954706037, 46.382700978856036 ], [ 16.189230449313865, 46.382588642051282 ], [ 16.188956967875836, 46.382328063850494 ], [ 16.188619095298883, 46.382006219727145 ], [ 16.188501531235421, 46.38178475214881 ], [ 16.188248014586392, 46.381306857930802 ], [ 16.188182288197758, 46.381183059299012 ], [ 16.187981379784219, 46.380804815228629 ], [ 16.187941636021176, 46.380729941310257 ], [ 16.187842422605478, 46.380551439000065 ], [ 16.187845026039579, 46.380413971200461 ], [ 16.187847260252813, 46.380295666104303 ], [ 16.18785658157584, 46.379800583913031 ], [ 16.187865115107087, 46.379352464132211 ], [ 16.187919869192839, 46.379256794979952 ], [ 16.188193901851559, 46.378777549811879 ], [ 16.188394794729465, 46.378426222698323 ], [ 16.188408581195031, 46.378402148164149 ], [ 16.188515591451438, 46.378215031091294 ], [ 16.188737516530864, 46.37805071938439 ], [ 16.189002518511579, 46.37785467483301 ], [ 16.189311544546037, 46.377918134314839 ], [ 16.189488650488315, 46.377954513587902 ], [ 16.190009331215553, 46.378059932134114 ], [ 16.190727509582537, 46.378205469632967 ], [ 16.19099499359108, 46.378259635211009 ], [ 16.191401281215651, 46.378342515532374 ], [ 16.192126214054003, 46.378490311728136 ], [ 16.192152442937488, 46.378495690599863 ], [ 16.192787135435228, 46.378625155564684 ], [ 16.193129413966176, 46.378694902010402 ], [ 16.193188084641324, 46.378710534363996 ], [ 16.193485331807555, 46.378789875733069 ], [ 16.194178349584217, 46.378974821148603 ], [ 16.194298288052064, 46.379006811454289 ], [ 16.194998580057316, 46.379193750687286 ], [ 16.195415772767376, 46.379304986522278 ], [ 16.195657338192166, 46.379369778635713 ], [ 16.195851006632168, 46.379421667047431 ], [ 16.195991338953821, 46.379456858780713 ], [ 16.19629730001466, 46.379536935757116 ], [ 16.196709447065036, 46.379644734585497 ], [ 16.196794948862159, 46.379651439192564 ], [ 16.19694291178255, 46.379670455298367 ], [ 16.197658566424838, 46.379762230143889 ], [ 16.197837317843462, 46.379785195219078 ], [ 16.198289911465096, 46.379843611437892 ], [ 16.198371623052509, 46.379854083626626 ], [ 16.198640402118475, 46.379888351238968 ], [ 16.198920863461552, 46.379925887914794 ], [ 16.199017777545979, 46.37993774922321 ], [ 16.199174321346735, 46.37995687499518 ], [ 16.199410226432374, 46.379988445170362 ], [ 16.199622098562219, 46.380016982708277 ], [ 16.199694590225633, 46.38002572029383 ], [ 16.199819046850045, 46.380040802214545 ], [ 16.199997094029687, 46.380050266490059 ], [ 16.200003069969718, 46.380051001931065 ], [ 16.200174552336172, 46.380072324812993 ], [ 16.200191437729053, 46.380074978226773 ], [ 16.200229234503507, 46.380081015364439 ], [ 16.200346910859039, 46.380099857697253 ], [ 16.200508760409615, 46.380123584039367 ], [ 16.200563833166651, 46.380132185483149 ], [ 16.200663456787701, 46.380147921222012 ], [ 16.20081660512551, 46.38017009485354 ], [ 16.200960898021055, 46.380195124179124 ], [ 16.200991292947613, 46.38019970218113 ], [ 16.201090010758911, 46.380214715415825 ], [ 16.201222240103831, 46.380234944442797 ], [ 16.201352133018045, 46.380254537421727 ], [ 16.201427597575073, 46.380266520609524 ], [ 16.20147085012195, 46.38027338131517 ], [ 16.2018533699983, 46.380333939706972 ], [ 16.202089506468102, 46.380371353036942 ], [ 16.202279921999811, 46.380401629159152 ], [ 16.202649842621256, 46.380460532614308 ], [ 16.202809735486237, 46.380485870078708 ], [ 16.202811164005325, 46.380486143702576 ], [ 16.202811294003833, 46.380486144040418 ], [ 16.202830886681049, 46.380493032712494 ], [ 16.202942217552412, 46.380531649389233 ], [ 16.20325843391953, 46.380641424619476 ], [ 16.203994806965014, 46.380896959818017 ], [ 16.204594680077133, 46.381105173152584 ], [ 16.205247889680596, 46.381331784822535 ], [ 16.20581585104091, 46.381528933080432 ], [ 16.205818699465773, 46.381531099699139 ], [ 16.206250862869993, 46.38186411164795 ], [ 16.206704394273604, 46.382213551370697 ], [ 16.206756569059024, 46.382254081906602 ], [ 16.207225111343622, 46.382617773360508 ], [ 16.207785971429772, 46.383053225304444 ], [ 16.208338943142888, 46.383482446384001 ], [ 16.208793135028014, 46.38383493839671 ], [ 16.208905000161053, 46.383921864722652 ], [ 16.20912627234652, 46.384093641470102 ], [ 16.209161748580545, 46.384121172678924 ], [ 16.209340813221129, 46.384260182390975 ], [ 16.209467440359756, 46.384358571922192 ], [ 16.209505864917347, 46.384369555956241 ], [ 16.209734333414005, 46.38443527467151 ], [ 16.209793789337851, 46.384451980125313 ], [ 16.210066014119256, 46.384528605658872 ], [ 16.210349664223067, 46.384608318476388 ], [ 16.210459489111589, 46.384639276504082 ], [ 16.210580736807589, 46.384673682211492 ], [ 16.210641099982723, 46.384691019312939 ], [ 16.210925779968349, 46.384772982565011 ], [ 16.211004316586045, 46.384795673666112 ], [ 16.211117192408544, 46.384827820904903 ], [ 16.205526626587542, 46.373459841085527 ], [ 16.199022716642812, 46.360645410311065 ], [ 16.183254621368768, 46.348093371730698 ], [ 16.158598483534934, 46.367178117302096 ], [ 16.161066557966805, 46.393986015471391 ], [ 16.162370657055956, 46.398017911523453 ], [ 16.162385744692731, 46.398008672115338 ] ] ] ] } },
{ "type": "Feature", "properties": { "fid": 202, "Rbr IJ": 3, "Naziv izborne jedinice": "III. IZBORNA JEDINICA", "Rbr.županije": 5, "Županija": "VARAŽDINSKA ŽUPANIJA", "Oznaka Gr/Op/Dr": "općina", "Grad/općina/država": "CESTICA", "Rbr BM": 6, "Naziv BM": "RADOVEC POLJE", "Lokacija BM": "PROSTORIJE DRUŠTVENOG DOMA", "Adresa BM": "RADOVEC POLJE", "Ukupno birača": 118, "Glasovalo birača": 79, "Glasovalo birača (po listićima)": 79, "Važeći listići": 73, "Nevažeći listići": 6, "Latitude": 46.3765136, "Longitude": 16.1466906, "ID_u_zupaniji": 202, "ID_global": 1584, "neighbours list": [ 1583, 1591, 1582, 1579, 1852, 2004 ] }, "geometry": { "type": "MultiPolygon", "coordinates": [ [ [ [ 16.140009833947826, 46.369011406196776 ], [ 16.136994740709813, 46.375253583828311 ], [ 16.161066557966805, 46.393986015471391 ], [ 16.158598483534934, 46.367178117302096 ], [ 16.156850643266633, 46.36656180347051 ], [ 16.152700796509926, 46.366970183851421 ], [ 16.140009833947826, 46.369011406196776 ] ] ] ] } },
{ "type": "Feature", "properties": { "fid": 324, "Rbr IJ": 3, "Naziv izborne jedinice": "III. IZBORNA JEDINICA", "Rbr.županije": 5, "Županija": "VARAŽDINSKA ŽUPANIJA", "Oznaka Gr/Op/Dr": "općina", "Grad/općina/država": "VINICA", "Rbr BM": 3, "Naziv BM": "MARČAN", "Lokacija BM": "PROSTORIJE DRUŠTVENOG DOMA", "Adresa BM": "VINIČKA 5", "Ukupno birača": 461, "Glasovalo birača": 325, "Glasovalo birača (po listićima)": 325, "Važeći listići": 311, "Nevažeći listići": 14, "Latitude": 46.3329633, "Longitude": 16.1523602, "ID_u_zupaniji": 324, "ID_global": 2001, "neighbours list": [ 2003, 2002, 1999, 1850, 2000 ] }, "geometry": { "type": "MultiPolygon", "coordinates": [ [ [ [ 16.134485536190596, 46.333111398821899 ], [ 16.179407138043185, 46.336868973753958 ], [ 16.179259462591762, 46.332132971407859 ], [ 16.146194212076235, 46.318571879767703 ], [ 16.134690280518914, 46.331932651129165 ], [ 16.134485536190596, 46.333111398821899 ] ] ] ] } },
{ "type": "Feature", "properties": { "fid": 20, "Rbr IJ": 3, "Naziv izborne jedinice": "III. IZBORNA JEDINICA", "Rbr.županije": 5, "Županija": "VARAŽDINSKA ŽUPANIJA", "Oznaka Gr/Op/Dr": "grad", "Grad/općina/država": "IVANEC", "Rbr BM": 20, "Naziv BM": "IVANEČKO NASELJE", "Lokacija BM": "BIVŠA TISKARA \"PIMS\"", "Adresa BM": "IVANEČKO NASELJE 7", "Ukupno birača": 217, "Glasovalo birača": 148, "Glasovalo birača (po listićima)": 148, "Važeći listići": 144, "Nevažeći listići": 4, "Latitude": 46.234149, "Longitude": 16.1493296, "ID_u_zupaniji": 20, "ID_global": 1282, "neighbours list": [ 1266, 1278, 1281, 1815, 1289 ] }, "geometry": { "type": "MultiPolygon", "coordinates": [ [ [ [ 16.161988933523435, 46.245871235545351 ], [ 16.166304810948834, 46.227674176229186 ], [ 16.136510284677993, 46.229572944910771 ], [ 16.134376902807794, 46.234223995881422 ], [ 16.140716264046542, 46.244282043052955 ], [ 16.161988933523435, 46.245871235545351 ] ] ] ] } },
{ "type": "Feature", "properties": { "fid": 26, "Rbr IJ": 3, "Naziv izborne jedinice": "III. IZBORNA JEDINICA", "Rbr.županije": 5, "Županija": "VARAŽDINSKA ŽUPANIJA", "Oznaka Gr/Op/Dr": "grad", "Grad/općina/država": "IVANEC", "Rbr BM": 26, "Naziv BM": "IVANEČKA ŽELJEZNICA", "Lokacija BM": "DRUŠTVENI DOM", "Adresa BM": "IVANEČKA ŽELJEZNICA", "Ukupno birača": 290, "Glasovalo birača": 173, "Glasovalo birača (po listićima)": 173, "Važeći listići": 154, "Nevažeći listići": 19, "Latitude": 46.203466, "Longitude": 16.1732066, "ID_u_zupaniji": 26, "ID_global": 1288, "neighbours list": [ 1280, 1281, 1284, 1289, 1285, 1293 ] }, "geometry": { "type": "MultiPolygon", "coordinates": [ [ [ [ 16.203404047072059, 46.190023921795046 ], [ 16.20292054493413, 46.19012370658254 ], [ 16.20268891718262, 46.190146047664399 ], [ 16.202351812001915, 46.190172612374994 ], [ 16.201914467238741, 46.190216999434647 ], [ 16.201538943596631, 46.190304463587516 ], [ 16.20117756570701, 46.19043497080547 ], [ 16.200830803970881, 46.19059331693331 ], [ 16.200555445923033, 46.19072368736105 ], [ 16.200236520025857, 46.190979995724433 ], [ 16.200037048459706, 46.191163198333797 ], [ 16.199837576056506, 46.191346310613824 ], [ 16.19959180168145, 46.191538568145134 ], [ 16.199418930292911, 46.191689629056377 ], [ 16.197427173824511, 46.192371682036992 ], [ 16.197366384425457, 46.19240031263319 ], [ 16.197359777157832, 46.192471104246295 ], [ 16.197371784917681, 46.192572985976312 ], [ 16.197419814286793, 46.193335008204819 ], [ 16.197488152710992, 46.193748886897708 ], [ 16.197430362405633, 46.194080645927293 ], [ 16.19738296044877, 46.194289978584955 ], [ 16.19732422699941, 46.194557314067985 ], [ 16.197107592879654, 46.194770967001588 ], [ 16.197126681657377, 46.194951774157666 ], [ 16.197182347279629, 46.195148873409785 ], [ 16.197166118351166, 46.195390858878376 ], [ 16.197087207448337, 46.195580763614224 ], [ 16.196854059013358, 46.196016426608779 ], [ 16.196745920346437, 46.196290378700311 ], [ 16.196684124964047, 46.19647744938036 ], [ 16.196605350456743, 46.196712610721157 ], [ 16.196547387959161, 46.196862262559883 ], [ 16.196498210736706, 46.196969380281445 ], [ 16.19638736099154, 46.197099727285575 ], [ 16.196507897135714, 46.197116242547096 ], [ 16.196630628042346, 46.197134203079628 ], [ 16.196713015792252, 46.197137300826348 ], [ 16.196691310885029, 46.19726725476805 ], [ 16.196674167200538, 46.197345306169687 ], [ 16.196675811042414, 46.197423317443977 ], [ 16.196700487118896, 46.197483395151032 ], [ 16.196726402719438, 46.197506587059124 ], [ 16.196771185137784, 46.197515343293155 ], [ 16.196840973373579, 46.197524255796402 ], [ 16.196932562440402, 46.19750353484158 ], [ 16.196984645612279, 46.197480549746757 ], [ 16.197026130523643, 46.197452767952612 ], [ 16.197090624190441, 46.197387708161422 ], [ 16.197120743262779, 46.197353328160595 ], [ 16.19713017828574, 46.197334008882137 ], [ 16.19716827855882, 46.197332670240172 ], [ 16.197209531494639, 46.197347085275688 ], [ 16.1972341881532, 46.197363615705306 ], [ 16.197272452712742, 46.197379552350981 ], [ 16.197333313155038, 46.197386191578161 ], [ 16.19741914905423, 46.197374902205361 ], [ 16.197457351561336, 46.197354939249813 ], [ 16.197486720356039, 46.197339181654826 ], [ 16.197520567659641, 46.197333692866245 ], [ 16.197597333336656, 46.19732246933399 ], [ 16.197674115554278, 46.197331849696042 ], [ 16.197736687975972, 46.19733345472708 ], [ 16.19779809776114, 46.197334426836932 ], [ 16.197892346884394, 46.19732468889562 ], [ 16.197984817050212, 46.19730855806754 ], [ 16.19805776954518, 46.197283828146517 ], [ 16.198131464873295, 46.197289061273302 ], [ 16.198177684398637, 46.197319324387237 ], [ 16.198206382553597, 46.197378692601752 ], [ 16.198221945338215, 46.197447023472314 ], [ 16.198230281965497, 46.197486273867462 ], [ 16.198251933852209, 46.197507384787272 ], [ 16.19830695520934, 46.197515627604325 ], [ 16.198367760207212, 46.197508770128991 ], [ 16.198425835813381, 46.197479771972624 ], [ 16.198457888378062, 46.19747076921081 ], [ 16.198528738950852, 46.197475004870668 ], [ 16.198608422173738, 46.197475214971284 ], [ 16.19867210508745, 46.197463326412532 ], [ 16.198750572026146, 46.197425294526184 ], [ 16.198799828774675, 46.197421465484076 ], [ 16.198846076303724, 46.197446689892075 ], [ 16.198935713970329, 46.197450974788474 ], [ 16.199042616862453, 46.197449276851742 ], [ 16.199105871095458, 46.197468427735188 ], [ 16.199187720163209, 46.197451638165745 ], [ 16.199225208475617, 46.197443729172079 ], [ 16.19927124324413, 46.197412989412449 ], [ 16.19931320840616, 46.197368203084608 ], [ 16.1993393443821, 46.197327423913748 ], [ 16.199358289895233, 46.197274659368972 ], [ 16.199374260303347, 46.197244740233756 ], [ 16.199408682044574, 46.197228905458829 ], [ 16.199479209409557, 46.197221083248081 ], [ 16.199545298669214, 46.197219277545848 ], [ 16.199628700694948, 46.197226514632007 ], [ 16.199733361992077, 46.197255671026433 ], [ 16.199845132862503, 46.197287905086149 ], [ 16.199908829764631, 46.197297159617214 ], [ 16.200031445363258, 46.1973127768875 ], [ 16.200119432189627, 46.197334691304903 ], [ 16.200170598865714, 46.197360827814528 ], [ 16.200203004449062, 46.197382146514933 ], [ 16.200222269086751, 46.197413507765575 ], [ 16.200216756089134, 46.197498068275756 ], [ 16.200172901781322, 46.19755679585149 ], [ 16.20012399366167, 46.197639443068709 ], [ 16.200111222087191, 46.197676838487077 ], [ 16.200080071438471, 46.197734429695252 ], [ 16.199989658181149, 46.197801132645303 ], [ 16.199923817086116, 46.197804828696405 ], [ 16.199874781976636, 46.197815496780073 ], [ 16.199841369593724, 46.19783628287886 ], [ 16.199784308839671, 46.197869333218819 ], [ 16.199762983092626, 46.197907155999552 ], [ 16.199758346510649, 46.197949611249264 ], [ 16.199771569934214, 46.197972049343917 ], [ 16.199805833000106, 46.198009208344068 ], [ 16.199871484774903, 46.198040331554267 ], [ 16.199945817655411, 46.198071477511782 ], [ 16.200055727399768, 46.19811270381166 ], [ 16.200106712683535, 46.198172309959375 ], [ 16.200145318276864, 46.198221086810825 ], [ 16.200248222255556, 46.198335532860177 ], [ 16.200367936854263, 46.198432388098411 ], [ 16.200419756419446, 46.198457806415632 ], [ 16.200496983700649, 46.198481041942038 ], [ 16.200641486986122, 46.198498965227827 ], [ 16.200749589379189, 46.1985153534795 ], [ 16.200932320280277, 46.19850863378462 ], [ 16.201039891557027, 46.198503516741233 ], [ 16.201153917834162, 46.198502735191582 ], [ 16.201270671750329, 46.198524633940359 ], [ 16.201384515785374, 46.198557501717886 ], [ 16.201470102735811, 46.198592364984272 ], [ 16.201532502322451, 46.198602245033932 ], [ 16.201624437315456, 46.198613371793186 ], [ 16.201719829257463, 46.198608222321809 ], [ 16.20180890140027, 46.198573724974523 ], [ 16.201882331271669, 46.198556551625018 ], [ 16.201978005091668, 46.198547173925725 ], [ 16.202050821072962, 46.198523700732991 ], [ 16.202052492123084, 46.19850220145711 ], [ 16.202034149580591, 46.198467783830509 ], [ 16.201989375085077, 46.198433297301754 ], [ 16.201909145603587, 46.198390080870873 ], [ 16.20183663146177, 46.198357771281877 ], [ 16.201802740912054, 46.198323313065309 ], [ 16.20177507600437, 46.198287701425521 ], [ 16.201769271053578, 46.19823505186929 ], [ 16.201780170249005, 46.198208268241302 ], [ 16.201823674314969, 46.198190117126472 ], [ 16.201970586843586, 46.198193739253362 ], [ 16.202018598675984, 46.198204571236502 ], [ 16.202086710585313, 46.198212306512971 ], [ 16.20212374418033, 46.198216631761312 ], [ 16.202168640111058, 46.198228625216203 ], [ 16.202264532116466, 46.19822671563368 ], [ 16.202274534360345, 46.198226542302962 ], [ 16.203870571962611, 46.18995000762493 ], [ 16.203404047072059, 46.190023921795046 ] ] ], [ [ [ 16.195138266501292, 46.210722584773038 ], [ 16.195134494898436, 46.210678127973573 ], [ 16.195094587765272, 46.210653009007871 ], [ 16.195024436860859, 46.21065983979836 ], [ 16.194931919506899, 46.210680286784815 ], [ 16.194807749923015, 46.210682744544592 ], [ 16.194701870502001, 46.210658798904511 ], [ 16.194617900564563, 46.210633562095559 ], [ 16.194532117429898, 46.210584747411183 ], [ 16.194392231172564, 46.210546854746894 ], [ 16.194264098280087, 46.210539584219745 ], [ 16.194167753865521, 46.210549043627402 ], [ 16.194007417707972, 46.210576416301251 ], [ 16.193823183433157, 46.210589778909423 ], [ 16.19365465578025, 46.210575291628814 ], [ 16.193514909279038, 46.210512385725451 ], [ 16.193414937637463, 46.210498261805341 ], [ 16.193260733005435, 46.210495058998923 ], [ 16.193080647630204, 46.210484858572983 ], [ 16.192890180043772, 46.210477239195733 ], [ 16.192710094798365, 46.210467038186351 ], [ 16.192506251140394, 46.21041790458537 ], [ 16.19232448799491, 46.210336889572332 ], [ 16.19220448174751, 46.210336566540946 ], [ 16.192096158051143, 46.210379282022686 ], [ 16.191993839384182, 46.210414185914608 ], [ 16.191933957909367, 46.210392251062416 ], [ 16.191842456678916, 46.210346747955825 ], [ 16.191785110641774, 46.210311773750085 ], [ 16.191735108375024, 46.210284557010041 ], [ 16.191684976273681, 46.210280552975611 ], [ 16.191629213637285, 46.210286880646329 ], [ 16.191551052146199, 46.210312492090658 ], [ 16.191427460413081, 46.210373880163459 ], [ 16.191314213955351, 46.210439254855132 ], [ 16.191247018917185, 46.210473623098146 ], [ 16.1911982446778, 46.210481678921916 ], [ 16.191093214853176, 46.210491472170759 ], [ 16.190962171367584, 46.210494896884846 ], [ 16.190885254383321, 46.210506475423365 ], [ 16.190775059101021, 46.210536048509667 ], [ 16.190657149510429, 46.210554623889948 ], [ 16.190521196834013, 46.210555245646788 ], [ 16.190412394101358, 46.210544514174856 ], [ 16.19034601103219, 46.210526519704196 ], [ 16.19021165334097, 46.210473971271611 ], [ 16.190106318956186, 46.210422671007947 ], [ 16.189964252278596, 46.210381348032875 ], [ 16.189888164506947, 46.210360717755179 ], [ 16.189767975532707, 46.210346805721969 ], [ 16.189669674596047, 46.210358415386068 ], [ 16.18956901148351, 46.21037523699529 ], [ 16.189231616348753, 46.210407160552684 ], [ 16.189028327784403, 46.2104210034761 ], [ 16.188894802144304, 46.210404984864375 ], [ 16.188784083526869, 46.210389388077573 ], [ 16.188690612479878, 46.21037185874107 ], [ 16.18861127874111, 46.210329445267377 ], [ 16.188564788396398, 46.210277314137755 ], [ 16.188533965622195, 46.210204711791739 ], [ 16.188532161062341, 46.210042485244337 ], [ 16.188520711853968, 46.209935745865359 ], [ 16.188503109463284, 46.2098858527659 ], [ 16.188477355213639, 46.209856631281234 ], [ 16.188387830816779, 46.209783059159641 ], [ 16.188248523098572, 46.209689827042645 ], [ 16.188039689776168, 46.209584708544035 ], [ 16.187862078409683, 46.209504507510005 ], [ 16.187779336617048, 46.209423485651122 ], [ 16.187765092371539, 46.209398614149919 ], [ 16.187772654501948, 46.209344830838234 ], [ 16.187795150497472, 46.209285689918048 ], [ 16.187825791861595, 46.209207047053319 ], [ 16.187912633778062, 46.208975963082274 ], [ 16.187950206404079, 46.208886182425289 ], [ 16.187968389178408, 46.20869611869486 ], [ 16.187824404676196, 46.208491126565669 ], [ 16.187835113011459, 46.20843096373526 ], [ 16.187119735317026, 46.208092058483793 ], [ 16.186906381694616, 46.208076898719106 ], [ 16.186808261146957, 46.208057375691425 ], [ 16.186762194587313, 46.208022519823942 ], [ 16.186688383210456, 46.207966984039786 ], [ 16.186623860407249, 46.207896088250365 ], [ 16.186592713760252, 46.207835540872175 ], [ 16.186591108137709, 46.207776064178503 ], [ 16.186610019718415, 46.207709265925672 ], [ 16.186626915773843, 46.207655058393975 ], [ 16.186634631891181, 46.207597136795243 ], [ 16.18658853665805, 46.207567409249464 ], [ 16.18649582304689, 46.207554378845806 ], [ 16.186362404477922, 46.207543665979877 ], [ 16.186269981899876, 46.207502294628696 ], [ 16.186214842362237, 46.207422337057089 ], [ 16.186172673182643, 46.207340435652426 ], [ 16.186134139283332, 46.207257374559617 ], [ 16.186108518263357, 46.207182446497391 ], [ 16.186122037714949, 46.207106816137539 ], [ 16.186187439164673, 46.207023140637624 ], [ 16.18631240646787, 46.206924693000197 ], [ 16.186198651130983, 46.20682927911519 ], [ 16.186043231253066, 46.206768300421977 ], [ 16.185964246455846, 46.206711400351658 ], [ 16.185933580717403, 46.20663492884055 ], [ 16.185851282006354, 46.206477429514933 ], [ 16.185799564267199, 46.206434010263408 ], [ 16.185449195256282, 46.206313472360925 ], [ 16.185332790064198, 46.206274103638229 ], [ 16.185218939094586, 46.206195963364948 ], [ 16.185148613585589, 46.206143405282887 ], [ 16.18509714348582, 46.206056799238624 ], [ 16.185065456964534, 46.205909785653539 ], [ 16.185044169342635, 46.205779895621056 ], [ 16.185033328862627, 46.205658671796151 ], [ 16.185052224080909, 46.205549586305281 ], [ 16.185015540721775, 46.205483354904054 ], [ 16.184942464141184, 46.205458860761944 ], [ 16.184819350928439, 46.205437197753461 ], [ 16.184685970386191, 46.205398141457394 ], [ 16.184602963936623, 46.205365252197637 ], [ 16.18449796581903, 46.205325734140857 ], [ 16.184411906238495, 46.205282939258431 ], [ 16.184321143620473, 46.205246789345104 ], [ 16.18428357168785, 46.205222752706895 ], [ 16.184233511570167, 46.205184465789941 ], [ 16.184199129827402, 46.205169075367408 ], [ 16.184148833495744, 46.205149412223882 ], [ 16.184064185568239, 46.205131723516082 ], [ 16.183899561092002, 46.205095279149589 ], [ 16.183839332911337, 46.205067580788153 ], [ 16.183782974745018, 46.205020368903028 ], [ 16.183697873914191, 46.204946175466105 ], [ 16.183612599825526, 46.204879629212201 ], [ 16.183546371497897, 46.204836258742887 ], [ 16.183436836250277, 46.204774773673094 ], [ 16.183262261934615, 46.204711128909906 ], [ 16.183157933081578, 46.204668282460929 ], [ 16.183058130994333, 46.204626978011703 ], [ 16.182928883575435, 46.204568316946535 ], [ 16.182879019446577, 46.204541276633201 ], [ 16.182858663433791, 46.204520706261611 ], [ 16.182845220355471, 46.204492327390497 ], [ 16.182827251225202, 46.204462316442076 ], [ 16.182822786124714, 46.204427574374058 ], [ 16.182823076087516, 46.204377190150005 ], [ 16.182837111592914, 46.204325134568229 ], [ 16.18284416997928, 46.204292043987799 ], [ 16.182828349441095, 46.204271486192205 ], [ 16.182798757497736, 46.204257098340292 ], [ 16.182692681668488, 46.204247806644823 ], [ 16.182544310345595, 46.204247394737699 ], [ 16.182492029216331, 46.204235103158247 ], [ 16.182433914875904, 46.20420066192748 ], [ 16.182373184651141, 46.204147948825486 ], [ 16.182242993932949, 46.204028462427658 ], [ 16.182059351471118, 46.203920073896818 ], [ 16.181966948587736, 46.2038768996279 ], [ 16.181858201509804, 46.203836648919818 ], [ 16.181767569123434, 46.203823530489899 ], [ 16.181679065346326, 46.203823284093339 ], [ 16.181594290097895, 46.203872983180105 ], [ 16.181555703051217, 46.203957720499581 ], [ 16.181481392896501, 46.204012757074501 ], [ 16.18142588006182, 46.204021599721749 ], [ 16.181322214946583, 46.204021310799028 ], [ 16.181292715133267, 46.204013490862202 ], [ 16.18119661051194, 46.204005485201009 ], [ 16.181107854573021, 46.204003978033292 ], [ 16.181073583140734, 46.204014589250576 ], [ 16.181015789848129, 46.204014428009678 ], [ 16.180955016184459, 46.204014258422156 ], [ 16.180884143644438, 46.20399021769601 ], [ 16.180755133293545, 46.20398077020797 ], [ 16.180583805972027, 46.203983890580375 ], [ 16.180398173937395, 46.20404041483016 ], [ 16.180304620104241, 46.204084150181259 ], [ 16.180222467622169, 46.204105873896026 ], [ 16.180138575602811, 46.204114726507001 ], [ 16.18000993137538, 46.204109148053249 ], [ 16.17992614486564, 46.204099826202935 ], [ 16.179808257108679, 46.204049470947851 ], [ 16.179715961225188, 46.204032747301895 ], [ 16.179607354230019, 46.204035502070219 ], [ 16.179524270576987, 46.204039048072922 ], [ 16.179253672379716, 46.204066090937111 ], [ 16.179154445132372, 46.204082547528131 ], [ 16.178964197600084, 46.204108015716905 ], [ 16.178838561677342, 46.204097675809365 ], [ 16.178718721796429, 46.204071156863577 ], [ 16.178626422018322, 46.204032928714966 ], [ 16.178554823922884, 46.203977933699015 ], [ 16.178507124004348, 46.203913558651756 ], [ 16.178486645000788, 46.203892177393676 ], [ 16.178431915682335, 46.203877717712679 ], [ 16.178305060459827, 46.203898774461564 ], [ 16.178143838823942, 46.203924412932153 ], [ 16.178044264283301, 46.203933759693591 ], [ 16.177903812519773, 46.203930934787969 ], [ 16.17782175537932, 46.203914058512197 ], [ 16.177691549909593, 46.203887509276321 ], [ 16.177612987261391, 46.203849229062875 ], [ 16.177530981313488, 46.203801491888711 ], [ 16.177332900673111, 46.203637721465782 ], [ 16.177244290406911, 46.203567202203757 ], [ 16.17715726951754, 46.2035129725244 ], [ 16.177070142312203, 46.203476917080906 ], [ 16.1769479774741, 46.203449489975299 ], [ 16.176768049436028, 46.203438994359317 ], [ 16.176565911027698, 46.20343734298104 ], [ 16.176456387790576, 46.203419758201846 ], [ 16.176375914289132, 46.203398206757619 ], [ 16.176323179913549, 46.203375204250925 ], [ 16.176251908082659, 46.203309321941923 ], [ 16.176209761762067, 46.203270694014563 ], [ 16.176165581813301, 46.203203268859255 ], [ 16.176107393626495, 46.203116099849439 ], [ 16.176035012774435, 46.203062630573953 ], [ 16.175867554452125, 46.20300322340605 ], [ 16.17574836893543, 46.202976253329417 ], [ 16.175501944571344, 46.202947662412271 ], [ 16.175357086079334, 46.202945451681408 ], [ 16.175237834057729, 46.202973814457181 ], [ 16.175108408292136, 46.202991441374714 ], [ 16.175028220177609, 46.202987614529171 ], [ 16.174992171001097, 46.202948013775817 ], [ 16.174906959012972, 46.202917180575298 ], [ 16.174847609239869, 46.202895508173057 ], [ 16.17471811767648, 46.202902337666806 ], [ 16.174622200219957, 46.202928966726375 ], [ 16.174518658243361, 46.202952065039916 ], [ 16.174456373358204, 46.202944689831533 ], [ 16.174399734256887, 46.20292482438154 ], [ 16.174286044734014, 46.202867007593483 ], [ 16.174224723045793, 46.202828234323775 ], [ 16.174137977694119, 46.202771933737623 ], [ 16.174123632705559, 46.202721597776481 ], [ 16.174076630276303, 46.202627981532025 ], [ 16.174062457523117, 46.202570448189157 ], [ 16.173996574760903, 46.202514206971259 ], [ 16.173936654538604, 46.202479576312676 ], [ 16.173748315010652, 46.202445928812381 ], [ 16.173636549217186, 46.202435532792137 ], [ 16.173357031740927, 46.202416020046677 ], [ 16.173284536063878, 46.202404386279028 ], [ 16.17324112604263, 46.202382668619514 ], [ 16.173152498495327, 46.202316284891289 ], [ 16.173038852934525, 46.202295176089187 ], [ 16.172869317860933, 46.20230278869095 ], [ 16.172689997660648, 46.202321619689144 ], [ 16.17244296953281, 46.202351773011316 ], [ 16.172268498074548, 46.202383213502948 ], [ 16.172200777944077, 46.202418378854389 ], [ 16.172169359788061, 46.202450229285454 ], [ 16.172108233521303, 46.202487842769145 ], [ 16.17206857689829, 46.202510492266342 ], [ 16.171994472365537, 46.202529713907289 ], [ 16.171945049149606, 46.202538659398066 ], [ 16.171877532159609, 46.202539635286747 ], [ 16.171828367062936, 46.202526987876276 ], [ 16.171762698018835, 46.202500527145617 ], [ 16.171633126103835, 46.202433934702078 ], [ 16.17154818273664, 46.202358473008822 ], [ 16.171425044497518, 46.202212632331552 ], [ 16.171404010875946, 46.202197906228058 ], [ 16.171345084466871, 46.202192518389197 ], [ 16.171188685070948, 46.202192068663216 ], [ 16.171154434137161, 46.202177394470887 ], [ 16.171103126317337, 46.202154753547248 ], [ 16.171078582775163, 46.202120223158715 ], [ 16.171034845800726, 46.202088336735855 ], [ 16.170975948409858, 46.202056406664759 ], [ 16.170905569381009, 46.202037669588087 ], [ 16.170827217532768, 46.202052109662027 ], [ 16.17075652254297, 46.202086275888036 ], [ 16.170630086863166, 46.202102376803175 ], [ 16.170433556078358, 46.202247297249585 ], [ 16.17024361808631, 46.202329704926591 ], [ 16.170087737070528, 46.202394125940458 ], [ 16.170014752661807, 46.202399313696077 ], [ 16.169902830883377, 46.202415095805719 ], [ 16.169835968909027, 46.202414902727043 ], [ 16.169755325704646, 46.202400723938275 ], [ 16.169715201807541, 46.202371456674861 ], [ 16.169665670037375, 46.202333614749762 ], [ 16.169620493264965, 46.202304242879023 ], [ 16.169514887842897, 46.202303937641332 ], [ 16.169378364693348, 46.202273401839072 ], [ 16.169252215419213, 46.20228482344649 ], [ 16.169183583295311, 46.202255743434442 ], [ 16.169090375301099, 46.202240898003325 ], [ 16.169008184645516, 46.202225544554878 ], [ 16.168946878626048, 46.202206472647923 ], [ 16.16886519895391, 46.202170786609273 ], [ 16.168804000090638, 46.202133900221305 ], [ 16.168773424479792, 46.202111498258468 ], [ 16.168715101636792, 46.202091985003406 ], [ 16.168652462239823, 46.202079207205664 ], [ 16.168527008763309, 46.202082712378825 ], [ 16.168475466471595, 46.202077704363603 ], [ 16.168378023001832, 46.20205618804377 ], [ 16.168354426876522, 46.202036775333326 ], [ 16.168316871155543, 46.202011563826069 ], [ 16.168297580332581, 46.201987305035985 ], [ 16.168260048498091, 46.201958134753554 ], [ 16.168236552788549, 46.201943580868523 ], [ 16.168186482574452, 46.201930839290213 ], [ 16.16810552609536, 46.201925835704515 ], [ 16.168013295952679, 46.201920889297099 ], [ 16.167896741809471, 46.201909843945394 ], [ 16.167768938443754, 46.201894806958421 ], [ 16.167630078946612, 46.201865251982426 ], [ 16.167472997138908, 46.201827726184689 ], [ 16.167280965565457, 46.201762746572662 ], [ 16.167215058945331, 46.201733223441373 ], [ 16.167102038196386, 46.201673601975109 ], [ 16.167051674105341, 46.201623790037758 ], [ 16.167025101984493, 46.201582324921873 ], [ 16.167006459005083, 46.201536744122969 ], [ 16.166963824167926, 46.201515926066904 ], [ 16.166920199150574, 46.2015088710274 ], [ 16.166839699715752, 46.201514124834461 ], [ 16.166757711837725, 46.20152981115082 ], [ 16.166678511919692, 46.201534438819174 ], [ 16.166556192783148, 46.2015340821156 ], [ 16.16647920923036, 46.201515053128141 ], [ 16.166420278075613, 46.201489238793087 ], [ 16.166386217788101, 46.201464756634678 ], [ 16.166383591530231, 46.201406266314081 ], [ 16.166415882440116, 46.20135912454905 ], [ 16.166483531429709, 46.20129328150778 ], [ 16.166502584353626, 46.201271023706667 ], [ 16.166496728981755, 46.201253641774485 ], [ 16.16646942791991, 46.201247084048703 ], [ 16.166388357130089, 46.201282566906926 ], [ 16.166296095409564, 46.201325844720678 ], [ 16.166209229580986, 46.201333958646565 ], [ 16.166122352416384, 46.201322548262979 ], [ 16.166021579335847, 46.20129490202126 ], [ 16.165978434393555, 46.20127282248 ], [ 16.165866593243095, 46.201189990116475 ], [ 16.165801602181233, 46.201159299189769 ], [ 16.165730070815854, 46.201138756088206 ], [ 16.165677996089869, 46.20113626450685 ], [ 16.165629078092916, 46.201126044428904 ], [ 16.165510197604512, 46.201114360024576 ], [ 16.16545661552869, 46.201104036252914 ], [ 16.165379420784411, 46.20107726819932 ], [ 16.165268949040005, 46.201046533811315 ], [ 16.165178948537037, 46.201037452871432 ], [ 16.165106333430899, 46.201046057562252 ], [ 16.165063650491209, 46.201054659931728 ], [ 16.164929730277276, 46.20108710776195 ], [ 16.164862778043659, 46.20110202702805 ], [ 16.164796134268443, 46.201087525882492 ], [ 16.164739766295853, 46.201066576753917 ], [ 16.1646835494317, 46.201020795403039 ], [ 16.164631640353871, 46.200969808208363 ], [ 16.164570616303454, 46.200926172058772 ], [ 16.1644588073211, 46.200859803525702 ], [ 16.164401659234816, 46.200818068101007 ], [ 16.164391624221, 46.200763694751615 ], [ 16.164425806069481, 46.200704142774676 ], [ 16.164478365884435, 46.20064815368552 ], [ 16.164571768326304, 46.200545228361328 ], [ 16.164643730699559, 46.200452137134633 ], [ 16.16472638947026, 46.200347290724245 ], [ 16.164777374725602, 46.200273122262509 ], [ 16.164801480403419, 46.200208412141514 ], [ 16.164819388905649, 46.20016131861972 ], [ 16.164857537960152, 46.200109785766202 ], [ 16.164886320155656, 46.200021786239752 ], [ 16.164900769958514, 46.199989438193086 ], [ 16.164915355438328, 46.199913453471176 ], [ 16.164911913012297, 46.199818971370803 ], [ 16.164892239205951, 46.19973019998546 ], [ 16.164866912693533, 46.199569523320108 ], [ 16.164871167948746, 46.199508983730844 ], [ 16.164881832313643, 46.199438565859893 ], [ 16.164961349853801, 46.199359892298553 ], [ 16.165036005285618, 46.199271037446096 ], [ 16.165028865289063, 46.199209294805428 ], [ 16.164987405211875, 46.199123518683493 ], [ 16.164963013017942, 46.198958346092461 ], [ 16.164944168446183, 46.198754501205663 ], [ 16.164884307375086, 46.198477297763617 ], [ 16.164870394143435, 46.198378826116027 ], [ 16.164840733954513, 46.198249087541484 ], [ 16.164795679371203, 46.198136668679616 ], [ 16.164777415606839, 46.198071834299455 ], [ 16.164766534136202, 46.197964914025036 ], [ 16.164580085615242, 46.197709112669827 ], [ 16.164439737489793, 46.197649408344908 ], [ 16.164329682925562, 46.197551374165904 ], [ 16.164355562096546, 46.197429356271641 ], [ 16.16429121654922, 46.197272253756573 ], [ 16.16419201280133, 46.197052157415733 ], [ 16.164199872902138, 46.196846591309004 ], [ 16.164177088233796, 46.196737116735868 ], [ 16.164127364909536, 46.196519504966354 ], [ 16.164027103232009, 46.196324507923237 ], [ 16.163927028194916, 46.19609901035053 ], [ 16.163903904064568, 46.19600285077437 ], [ 16.163881224992231, 46.195854957791774 ], [ 16.163819931737891, 46.195707761016507 ], [ 16.163759305704975, 46.195514949647162 ], [ 16.163706697451552, 46.19530344735454 ], [ 16.163691899928665, 46.195201733863826 ], [ 16.163676792348628, 46.19515085443858 ], [ 16.163649991992951, 46.195105249041177 ], [ 16.16354672221296, 46.194979252291226 ], [ 16.163205535241456, 46.194563200242349 ], [ 16.163126669589936, 46.194429897172448 ], [ 16.163035501664918, 46.194253280563416 ], [ 16.162950076017193, 46.193985177821837 ], [ 16.162918024378179, 46.193929839629646 ], [ 16.162896883373975, 46.193764046217815 ], [ 16.162860742247339, 46.193614763675264 ], [ 16.162851302311836, 46.193442346717532 ], [ 16.162844878473713, 46.19334875538874 ], [ 16.162845558509407, 46.193237550213198 ], [ 16.162858666787265, 46.193149054997519 ], [ 16.162872860155669, 46.193031411580634 ], [ 16.162915159495011, 46.192936254426044 ], [ 16.162937983653705, 46.192847877817918 ], [ 16.162986532392939, 46.192726466810257 ], [ 16.16305759463965, 46.192567423257749 ], [ 16.163157192785661, 46.192424029149585 ], [ 16.163298058547749, 46.192311707373321 ], [ 16.163461355190499, 46.192175158620628 ], [ 16.163707170340089, 46.192082309588137 ], [ 16.163818944320528, 46.192045119400319 ], [ 16.163931403225906, 46.191916787993335 ], [ 16.163979571710463, 46.191857277174492 ], [ 16.164043532331462, 46.191799972107994 ], [ 16.164169829949238, 46.191739161232618 ], [ 16.164202361624561, 46.191375314090102 ], [ 16.164161899463934, 46.191233217082825 ], [ 16.164137091445902, 46.191115998730169 ], [ 16.164163145939884, 46.191007297333151 ], [ 16.164138567096373, 46.19085247073258 ], [ 16.164011919881752, 46.190737112469428 ], [ 16.163776812688951, 46.190625933801108 ], [ 16.163640418186965, 46.190537088633441 ], [ 16.163561231662893, 46.190414671616814 ], [ 16.163433849725607, 46.190398821225642 ], [ 16.163252891505092, 46.190309844384402 ], [ 16.163116673980511, 46.190192297562646 ], [ 16.16305953777497, 46.190108183904123 ], [ 16.163146417252143, 46.190010188874787 ], [ 16.163065544998762, 46.189845928857757 ], [ 16.162839031613981, 46.189728565398561 ], [ 16.162648037748166, 46.189671138690592 ], [ 16.162513578961274, 46.189732373681061 ], [ 16.162322753608489, 46.189689792555306 ], [ 16.162058428296394, 46.189675785382256 ], [ 16.161829088521959, 46.18968176523903 ], [ 16.161585731837572, 46.189670788124211 ], [ 16.161378907389025, 46.189596667332864 ], [ 16.161231875646525, 46.189532260559581 ], [ 16.161153454739665, 46.189455010822293 ], [ 16.160494306555115, 46.189539429759655 ], [ 16.160310720787301, 46.189436584522312 ], [ 16.160057327168904, 46.189435831309027 ], [ 16.159814470845674, 46.189280984267029 ], [ 16.158747893888538, 46.189134657579665 ], [ 16.158028550350956, 46.18931632391557 ], [ 16.157611003840653, 46.189380574838047 ], [ 16.157193093115225, 46.189419900480381 ], [ 16.156892803730369, 46.189418999618226 ], [ 16.156638479756669, 46.189484456538096 ], [ 16.155714104370677, 46.189444186840596 ], [ 16.154410159333914, 46.203137921555765 ], [ 16.155138389794779, 46.206307725408635 ], [ 16.168907878277384, 46.223268131229645 ], [ 16.185642997549827, 46.220884613403406 ], [ 16.19514224720804, 46.210740830463408 ], [ 16.195138266501292, 46.210722584773038 ] ] ] ] } },
{ "type": "Feature", "properties": { "fid": 27, "Rbr IJ": 3, "Naziv izborne jedinice": "III. IZBORNA JEDINICA", "Rbr.županije": 5, "Županija": "VARAŽDINSKA ŽUPANIJA", "Oznaka Gr/Op/Dr": "grad", "Grad/općina/država": "IVANEC", "Rbr BM": 27, "Naziv BM": "STAŽNJEVEC", "Lokacija BM": "STARA ŠKOLA", "Adresa BM": "STAŽNJEVEC", "Ukupno birača": 286, "Glasovalo birača": 183, "Glasovalo birača (po listićima)": 183, "Važeći listići": 174, "Nevažeći listići": 9, "Latitude": 46.2410827, "Longitude": 16.1785642, "ID_u_zupaniji": 27, "ID_global": 1289, "neighbours list": [ 1281, 1815, 1282, 1288, 1806, 1286, 1285 ] }, "geometry": { "type": "MultiPolygon", "coordinates": [ [ [ [ 16.161988933523435, 46.245871235545351 ], [ 16.163730850166104, 46.249575684134633 ], [ 16.192947205338729, 46.248655601609144 ], [ 16.194327568168013, 46.245464331810254 ], [ 16.185642997549827, 46.220884613403406 ], [ 16.168907878277384, 46.223268131229645 ], [ 16.166304810948834, 46.227674176229186 ], [ 16.161988933523435, 46.245871235545351 ] ] ] ] } },
{ "type": "Feature", "properties": { "fid": 279, "Rbr IJ": 3, "Naziv izborne jedinice": "III. IZBORNA JEDINICA", "Rbr.županije": 5, "Županija": "VARAŽDINSKA ŽUPANIJA", "Oznaka Gr/Op/Dr": "općina", "Grad/općina/država": "PETRIJANEC", "Rbr BM": 6, "Naziv BM": "ZELENDVOR", "Lokacija BM": "PROSTORIJA TVRTKE ZELENDVOR D.D.", "Adresa BM": "GROFOVA BOMBELLES BB", "Ukupno birača": 103, "Glasovalo birača": 81, "Glasovalo birača (po listićima)": 81, "Važeći listići": 77, "Nevažeći listići": 4, "Latitude": 46.3312858, "Longitude": 16.2061582, "ID_u_zupaniji": 279, "ID_global": 1850, "neighbours list": [ 1999, 1852, 2001, 2004, 2000, 1804, 1846, 1805, 1812, 1847, 1811 ] }, "geometry": { "type": "MultiPolygon", "coordinates": [ [ [ [ 16.179635880116457, 46.339372072726668 ], [ 16.183254621368768, 46.348093371730698 ], [ 16.199022716642812, 46.360645410311065 ], [ 16.221144779732448, 46.332562635165601 ], [ 16.208351490909759, 46.305613762396369 ], [ 16.207897731055688, 46.30547375486681 ], [ 16.195918604689446, 46.306888518751052 ], [ 16.194212655255761, 46.307616553427451 ], [ 16.182202864607838, 46.324949834282009 ], [ 16.179259462591762, 46.332132971407859 ], [ 16.179407138043185, 46.336868973753958 ], [ 16.179635880116457, 46.339372072726668 ] ] ] ] } },
{ "type": "Feature", "properties": { "fid": 327, "Rbr IJ": 3, "Naziv izborne jedinice": "III. IZBORNA JEDINICA", "Rbr.županije": 5, "Županija": "VARAŽDINSKA ŽUPANIJA", "Oznaka Gr/Op/Dr": "općina", "Grad/općina/država": "VINICA", "Rbr BM": 6, "Naziv BM": "DONJE VRATNO", "Lokacija BM": "PROSTORIJE VATROGASNOG DOMA", "Adresa BM": "LJUDEVITA GAJA BB", "Ukupno birača": 215, "Glasovalo birača": 167, "Glasovalo birača (po listićima)": 167, "Važeći listići": 157, "Nevažeći listići": 10, "Latitude": 46.3524383, "Longitude": 16.1551799, "ID_u_zupaniji": 327, "ID_global": 2004, "neighbours list": [ 1591, 1999, 1852, 1584, 1850 ] }, "geometry": { "type": "MultiPolygon", "coordinates": [ [ [ [ 16.156850643266633, 46.36656180347051 ], [ 16.158598483534934, 46.367178117302096 ], [ 16.183254621368768, 46.348093371730698 ], [ 16.179635880116457, 46.339372072726668 ], [ 16.144189888540051, 46.346134258248398 ], [ 16.156850643266633, 46.36656180347051 ] ] ] ] } },
{ "type": "Feature", "properties": { "fid": 323, "Rbr IJ": 3, "Naziv izborne jedinice": "III. IZBORNA JEDINICA", "Rbr.županije": 5, "Županija": "VARAŽDINSKA ŽUPANIJA", "Oznaka Gr/Op/Dr": "općina", "Grad/općina/država": "VINICA", "Rbr BM": 2, "Naziv BM": "GORNJE LADANJE", "Lokacija BM": "PROSTORIJE PODRUČNE ŠKOLE", "Adresa BM": "ŠKOLSKA BB", "Ukupno birača": 727, "Glasovalo birača": 469, "Glasovalo birača (po listićima)": 469, "Važeći listići": 463, "Nevažeći listići": 6, "Latitude": 46.312654314068098, "Longitude": 16.160689549242701, "ID_u_zupaniji": 323, "ID_global": 2000, "neighbours list": [ 2003, 2001, 1850, 1817, 1804 ] }, "geometry": { "type": "MultiPolygon", "coordinates": [ [ [ [ 16.146194212076235, 46.318571879767703 ], [ 16.179259462591762, 46.332132971407859 ], [ 16.182202864607838, 46.324949834282009 ], [ 16.15337986973044, 46.298829152793729 ], [ 16.144916378359827, 46.299221160879284 ], [ 16.146194212076235, 46.318571879767703 ] ] ] ] } },
{ "type": "Feature", "properties": { "fid": 272, "Rbr IJ": 3, "Naziv izborne jedinice": "III. IZBORNA JEDINICA", "Rbr.županije": 5, "Županija": "VARAŽDINSKA ŽUPANIJA", "Oznaka Gr/Op/Dr": "općina", "Grad/općina/država": "MARUŠEVEC", "Rbr BM": 14, "Naziv BM": "KORENJAK", "Lokacija BM": "KUĆA SUZANE PIŽETA", "Adresa BM": "KORENJAK 34", "Ukupno birača": 59, "Glasovalo birača": 39, "Glasovalo birača (po listićima)": 39, "Važeći listići": 36, "Nevažeći listići": 3, "Latitude": 46.2843875, "Longitude": 16.1593803, "ID_u_zupaniji": 272, "ID_global": 1817, "neighbours list": [ 2003, 1816, 2000, 1806, 1804, 1805 ] }, "geometry": { "type": "MultiPolygon", "coordinates": [ [ [ [ 16.144916378359827, 46.299221160879284 ], [ 16.15337986973044, 46.298829152793729 ], [ 16.172875306912399, 46.290713507011027 ], [ 16.171633891119573, 46.272492460141152 ], [ 16.1688814398197, 46.270505121463607 ], [ 16.138797618817353, 46.293485143924421 ], [ 16.144916378359827, 46.299221160879284 ] ] ] ] } },
{ "type": "Feature", "properties": { "fid": 261, "Rbr IJ": 3, "Naziv izborne jedinice": "III. IZBORNA JEDINICA", "Rbr.županije": 5, "Županija": "VARAŽDINSKA ŽUPANIJA", "Oznaka Gr/Op/Dr": "općina", "Grad/općina/država": "MARUŠEVEC", "Rbr BM": 3, "Naziv BM": "CERJE NEBOJSE", "Lokacija BM": "DRUŠTVENI DOM", "Adresa BM": "CERJE NEBOJSE", "Ukupno birača": 343, "Glasovalo birača": 235, "Glasovalo birača (po listićima)": 235, "Važeći listići": 225, "Nevažeći listići": 10, "Latitude": 46.2571185, "Longitude": 16.1790692, "ID_u_zupaniji": 261, "ID_global": 1806, "neighbours list": [ 1815, 1816, 1289, 1817, 1818, 1805, 1286 ] }, "geometry": { "type": "MultiPolygon", "coordinates": [ [ [ [ 16.163096275777022, 46.262522802820385 ], [ 16.1688814398197, 46.270505121463607 ], [ 16.171633891119573, 46.272492460141152 ], [ 16.189406359992297, 46.268088289967864 ], [ 16.194351754692697, 46.261625243692414 ], [ 16.192947205338729, 46.248655601609144 ], [ 16.163730850166104, 46.249575684134633 ], [ 16.163096275777022, 46.262522802820385 ] ] ] ] } },
{ "type": "Feature", "properties": { "fid": 259, "Rbr IJ": 3, "Naziv izborne jedinice": "III. IZBORNA JEDINICA", "Rbr.županije": 5, "Županija": "VARAŽDINSKA ŽUPANIJA", "Oznaka Gr/Op/Dr": "općina", "Grad/općina/država": "MARUŠEVEC", "Rbr BM": 1, "Naziv BM": "DONJE LADANJE", "Lokacija BM": "DRUŠTVENI DOM", "Adresa BM": "DONJE LADANJE", "Ukupno birača": 850, "Glasovalo birača": 553, "Glasovalo birača (po listićima)": 553, "Važeći listići": 532, "Nevažeći listići": 21, "Latitude": 46.3047469, "Longitude": 16.1678556, "ID_u_zupaniji": 259, "ID_global": 1804, "neighbours list": [ 1850, 2000, 1817, 1805 ] }, "geometry": { "type": "MultiPolygon", "coordinates": [ [ [ [ 16.182202864607838, 46.324949834282009 ], [ 16.194212655255761, 46.307616553427451 ], [ 16.172875306912399, 46.290713507011027 ], [ 16.15337986973044, 46.298829152793729 ], [ 16.182202864607838, 46.324949834282009 ] ] ] ] } },
{ "type": "Feature", "properties": { "fid": 285, "Rbr IJ": 3, "Naziv izborne jedinice": "III. IZBORNA JEDINICA", "Rbr.županije": 5, "Županija": "VARAŽDINSKA ŽUPANIJA", "Oznaka Gr/Op/Dr": "općina", "Grad/općina/država": "SRAČINEC", "Rbr BM": 4, "Naziv BM": "SVIBOVEC PODRAVSKI", "Lokacija BM": "PROSTORIJE TURISTIČKO KULTURNO INFORMATIVNOG CENTRA (TKIC-A)", "Adresa BM": "DRAVSKA 71 C", "Ukupno birača": 755, "Glasovalo birača": 437, "Glasovalo birača (po listićima)": 437, "Važeći listići": 413, "Nevažeći listići": 24, "Latitude": 46.3523059, "Longitude": 16.2799956, "ID_u_zupaniji": 285, "ID_global": 1898, "neighbours list": [ 1848, 1851, 1897, 1896, 1456, 1895, 1470 ] }, "geometry": { "type": "MultiPolygon", "coordinates": [ [ [ [ 16.255993066872652, 46.378106487599631 ], [ 16.25683931974481, 46.377933567431093 ], [ 16.257604247461472, 46.377777293128901 ], [ 16.257650567040912, 46.37776785442697 ], [ 16.258275932718458, 46.377510602777235 ], [ 16.258960155941004, 46.377229089762295 ], [ 16.259560636082558, 46.376982035247835 ], [ 16.259789829777414, 46.376948328110394 ], [ 16.260639482283651, 46.376823521159956 ], [ 16.261469359905174, 46.376701545705608 ], [ 16.262251756706988, 46.37658657319502 ], [ 16.263103349462408, 46.376461392084046 ], [ 16.263250462563629, 46.376439743935336 ], [ 16.263968998902094, 46.376331195293574 ], [ 16.264226937656272, 46.376292230325227 ], [ 16.26468323620167, 46.376224162788176 ], [ 16.264923872292783, 46.376188219639424 ], [ 16.265192473417489, 46.37614819476368 ], [ 16.265401240787266, 46.376117043578311 ], [ 16.265401631138939, 46.37611695440858 ], [ 16.265505996558918, 46.376151177323415 ], [ 16.265887112551386, 46.376276297457558 ], [ 16.266290557388942, 46.376408749566487 ], [ 16.266302499918879, 46.376412642705318 ], [ 16.266572115878429, 46.376500554750571 ], [ 16.266706600166735, 46.376544284947606 ], [ 16.267126149387312, 46.376681085539296 ], [ 16.267535705567234, 46.376814535365462 ], [ 16.26795422091628, 46.376950880957644 ], [ 16.26831510105956, 46.3770684843645 ], [ 16.268348588157714, 46.377080518282362 ], [ 16.268574820967633, 46.377161859828284 ], [ 16.268737215997515, 46.377215270956356 ], [ 16.268939723331911, 46.377281898602675 ], [ 16.268968282020442, 46.377291313235702 ], [ 16.269020206968371, 46.377308422552971 ], [ 16.269071223524012, 46.377325170130156 ], [ 16.269098094640821, 46.377334041499786 ], [ 16.269130807431942, 46.3773448140374 ], [ 16.269133793071173, 46.377345809740525 ], [ 16.269137038314849, 46.377346895938182 ], [ 16.269137817127849, 46.377347167421973 ], [ 16.269140023954304, 46.377347891641143 ], [ 16.269141841563879, 46.377348435133534 ], [ 16.269144437607402, 46.37734934007937 ], [ 16.269146384829668, 46.377349973803852 ], [ 16.269149370848609, 46.377350879536827 ], [ 16.269173126737304, 46.377358664953924 ], [ 16.269174165155103, 46.377359026931998 ], [ 16.269175203572917, 46.37735938891003 ], [ 16.269239072358793, 46.377380211026136 ], [ 16.269246601652256, 46.377382655423027 ], [ 16.269247250853457, 46.37738283667403 ], [ 16.269259323419675, 46.377386819736216 ], [ 16.269280223686895, 46.37739360969352 ], [ 16.269343572963951, 46.377414340732471 ], [ 16.269415100799989, 46.377437697372244 ], [ 16.269423668530237, 46.377440503733361 ], [ 16.269590610399867, 46.377495002460343 ], [ 16.269601514600467, 46.377498623250233 ], [ 16.269682259618058, 46.377524967319033 ], [ 16.269747426822001, 46.377546241618106 ], [ 16.269769365636243, 46.377553393458903 ], [ 16.269784164712565, 46.377558191689253 ], [ 16.269940072684324, 46.377609158841864 ], [ 16.270120257074822, 46.377667912047755 ], [ 16.270278502522114, 46.37771960320066 ], [ 16.270301090306951, 46.377727026154353 ], [ 16.27033133748137, 46.377736893690191 ], [ 16.270367686026741, 46.377748752820978 ], [ 16.270473746069847, 46.377783334475993 ], [ 16.270495295472784, 46.377790395425087 ], [ 16.270641338868042, 46.377838102883423 ], [ 16.270649387505646, 46.377840728170362 ], [ 16.270661330658889, 46.37784462085412 ], [ 16.27076090008207, 46.377877119903751 ], [ 16.27080997081729, 46.377893143038797 ], [ 16.270925637368524, 46.377930982464342 ], [ 16.270993012415897, 46.377952980238554 ], [ 16.27117527595848, 46.378012455705765 ], [ 16.271177223227919, 46.378013089395672 ], [ 16.271203316567604, 46.378021598831126 ], [ 16.271210975654864, 46.378024133328552 ], [ 16.271269783011491, 46.378043324712507 ], [ 16.271449190676481, 46.378101984295427 ], [ 16.271692859364489, 46.37818146512187 ], [ 16.271701556947058, 46.378184361541642 ], [ 16.27170337460992, 46.378184904993326 ], [ 16.271946913668682, 46.378264474988875 ], [ 16.27206881327082, 46.378304305036181 ], [ 16.272095686104095, 46.378312995762165 ], [ 16.272108018697164, 46.378317069011601 ], [ 16.272141901493978, 46.378328112928855 ], [ 16.27220733022693, 46.378349476314391 ], [ 16.272234072736168, 46.378358256718677 ], [ 16.272240693461253, 46.378360429196881 ], [ 16.272243809206788, 46.378361425077749 ], [ 16.272245499131184, 46.378361428443419 ], [ 16.27225251881714, 46.378361442423703 ], [ 16.272253298782246, 46.378361443977028 ], [ 16.272323234905837, 46.378361763177445 ], [ 16.272327654708157, 46.378361771976877 ], [ 16.272354823119148, 46.378361916033548 ], [ 16.272422029366226, 46.378362229739267 ], [ 16.272486765724626, 46.378362538491672 ], [ 16.272596219712018, 46.378363026109653 ], [ 16.272620918608393, 46.378363075221841 ], [ 16.272706453666913, 46.37836351517312 ], [ 16.272774049901333, 46.378363829447089 ], [ 16.272842296107655, 46.378364144972196 ], [ 16.272911062291708, 46.378364461489149 ], [ 16.272982688349089, 46.378364783642091 ], [ 16.273169488152014, 46.378365604170419 ], [ 16.273177157809972, 46.378365619383175 ], [ 16.273217585634608, 46.37836578953366 ], [ 16.273411404760957, 46.378366713557178 ], [ 16.273829852037501, 46.378368531585124 ], [ 16.2740015725417, 46.378369320930048 ], [ 16.274290156746201, 46.378370610645867 ], [ 16.274367112586237, 46.378370942451127 ], [ 16.274417289616583, 46.378371221383325 ], [ 16.274540003056824, 46.378371733295928 ], [ 16.274796219097215, 46.378372867944243 ], [ 16.275036315864703, 46.37837397030971 ], [ 16.275099102343638, 46.378374273747433 ], [ 16.275623623958744, 46.378376563685819 ], [ 16.275704869628882, 46.378376903007705 ], [ 16.27589582897858, 46.378377817211316 ], [ 16.275950166945695, 46.378377833713515 ], [ 16.276364460119137, 46.378378284770648 ], [ 16.276422047944227, 46.37837830740397 ], [ 16.27655672273433, 46.37837839068488 ], [ 16.276768744113141, 46.378378624818303 ], [ 16.277061492302156, 46.378378925993324 ], [ 16.277070201918175, 46.378378942972375 ], [ 16.277242445057869, 46.378379098676056 ], [ 16.277590831171313, 46.378379416889899 ], [ 16.277687287288774, 46.378379514473188 ], [ 16.277971845856698, 46.37837979739659 ], [ 16.278440347432859, 46.378380166226869 ], [ 16.278613760536462, 46.378380322131825 ], [ 16.278775733781359, 46.378380545614391 ], [ 16.279000105013669, 46.378380709530482 ], [ 16.279252035038997, 46.378380926207548 ], [ 16.279579491754397, 46.378381287930594 ], [ 16.279597040984459, 46.378381321754993 ], [ 16.279719366342164, 46.378381377509285 ], [ 16.279935937568016, 46.378381614534646 ], [ 16.280129109822738, 46.378381806163709 ], [ 16.280970046600125, 46.378382520212412 ], [ 16.281134230136079, 46.378382654617305 ], [ 16.281322332627717, 46.378382834527699 ], [ 16.281387329785669, 46.378382958799243 ], [ 16.28179122392676, 46.378383280345581 ], [ 16.282600311824861, 46.378384011599849 ], [ 16.282615001184087, 46.378384039524285 ], [ 16.28347660719378, 46.378384774429513 ], [ 16.283609721752875, 46.378384936420566 ], [ 16.283919889673005, 46.378385163028661 ], [ 16.284289205026592, 46.378385500380205 ], [ 16.284359662317282, 46.378385543291152 ], [ 16.285190329411208, 46.378386296909959 ], [ 16.28548684760074, 46.378386583597816 ], [ 16.285524806306238, 46.378386564824744 ], [ 16.285936889843569, 46.378386977058284 ], [ 16.28728974653038, 46.37838815189091 ], [ 16.287344864496557, 46.378388164429573 ], [ 16.288381573550414, 46.378389097891016 ], [ 16.288927422437766, 46.378389476892188 ], [ 16.290609036273718, 46.378390948871058 ], [ 16.291072598078664, 46.378391346874118 ], [ 16.291215722963006, 46.378391338358703 ], [ 16.291451404218389, 46.378391408522738 ], [ 16.293010956251383, 46.378391902752597 ], [ 16.293508066177168, 46.378389832427473 ], [ 16.293635721051878, 46.378389972889337 ], [ 16.293782225121198, 46.378390147200633 ], [ 16.294041694360555, 46.378390524831616 ], [ 16.295212686703444, 46.378391998013576 ], [ 16.295419768206486, 46.378392278691301 ], [ 16.296851010269375, 46.378394020436481 ], [ 16.297075251069082, 46.378394328597615 ], [ 16.297076681008303, 46.378394331135013 ], [ 16.298146927559657, 46.378395685426241 ], [ 16.299226533801228, 46.378397046134062 ], [ 16.300393626763626, 46.378398459417717 ], [ 16.30050087256318, 46.378398556590902 ], [ 16.300722903518945, 46.378398853744194 ], [ 16.301042300698796, 46.378399229934551 ], [ 16.301144216727756, 46.378399317231548 ], [ 16.301369367562728, 46.378399618554809 ], [ 16.301410835815066, 46.378399690574895 ], [ 16.301420975387764, 46.378399708182542 ], [ 16.301515351737006, 46.378399782056 ], [ 16.301569819442168, 46.378399876580296 ], [ 16.301570079431215, 46.378399877031434 ], [ 16.300492767345933, 46.375983914080336 ], [ 16.301451005548184, 46.375494252771723 ], [ 16.302616031866158, 46.374825449281353 ], [ 16.303581909973573, 46.374260477861029 ], [ 16.30628176201439, 46.37273828284615 ], [ 16.310503127205834, 46.370349529057073 ], [ 16.311104010278047, 46.370009354634981 ], [ 16.316137048910104, 46.367878865776774 ], [ 16.31653659383624, 46.367330596536931 ], [ 16.319126977380503, 46.366434026745381 ], [ 16.319724986344728, 46.366227048824349 ], [ 16.321687203648988, 46.364314739392903 ], [ 16.324270402429594, 46.362575972744992 ], [ 16.318493512877883, 46.35176612741234 ], [ 16.311667178679574, 46.343975598157613 ], [ 16.280304832932039, 46.340545999635353 ], [ 16.272005542277551, 46.343996171099128 ], [ 16.260763455055372, 46.352434784971472 ], [ 16.257168706589987, 46.363111396676558 ], [ 16.255969197235402, 46.378111363740963 ], [ 16.255993066872652, 46.378106487599631 ] ] ] ] } },
{ "type": "Feature", "properties": { "fid": 275, "Rbr IJ": 3, "Naziv izborne jedinice": "III. IZBORNA JEDINICA", "Rbr.županije": 5, "Županija": "VARAŽDINSKA ŽUPANIJA", "Oznaka Gr/Op/Dr": "općina", "Grad/općina/država": "PETRIJANEC", "Rbr BM": 2, "Naziv BM": "PETRIJANEC", "Lokacija BM": "PROSTORIJE MATIČNOG UREDA", "Adresa BM": "VLADIMIRA NAZORA 106", "Ukupno birača": 643, "Glasovalo birača": 442, "Glasovalo birača (po listićima)": 442, "Važeći listići": 428, "Nevažeći listići": 14, "Latitude": 46.3468336, "Longitude": 16.2258953, "ID_u_zupaniji": 275, "ID_global": 1846, "neighbours list": [ 1852, 1850, 1847, 1845, 1849, 1848 ] }, "geometry": { "type": "MultiPolygon", "coordinates": [ [ [ [ 16.205526626587542, 46.373459841085527 ], [ 16.230519400650103, 46.341629105289201 ], [ 16.233025148805627, 46.335172325163271 ], [ 16.23271556403428, 46.334181492376857 ], [ 16.221144779732448, 46.332562635165601 ], [ 16.199022716642812, 46.360645410311065 ], [ 16.205526626587542, 46.373459841085527 ] ] ] ] } },
{ "type": "Feature", "properties": { "fid": 273, "Rbr IJ": 3, "Naziv izborne jedinice": "III. IZBORNA JEDINICA", "Rbr.županije": 5, "Županija": "VARAŽDINSKA ŽUPANIJA", "Oznaka Gr/Op/Dr": "općina", "Grad/općina/država": "MARUŠEVEC", "Rbr BM": 15, "Naziv BM": "SELNIK", "Lokacija BM": "KUĆA ANDRIJE KORPARA", "Adresa BM": "SELNIK 127", "Ukupno birača": 295, "Glasovalo birača": 173, "Glasovalo birača (po listićima)": 173, "Važeći listići": 166, "Nevažeći listići": 7, "Latitude": 46.2751981, "Longitude": 16.2026971, "ID_u_zupaniji": 273, "ID_global": 1818, "neighbours list": [ 1806, 1805, 1286, 1812, 1810 ] }, "geometry": { "type": "MultiPolygon", "coordinates": [ [ [ [ 16.189406359992297, 46.268088289967864 ], [ 16.191791714037656, 46.27365475924298 ], [ 16.208081755148719, 46.280966444481614 ], [ 16.206591758554193, 46.264861757694256 ], [ 16.194351754692697, 46.261625243692414 ], [ 16.189406359992297, 46.268088289967864 ] ] ] ] } },
{ "type": "Feature", "properties": { "fid": 260, "Rbr IJ": 3, "Naziv izborne jedinice": "III. IZBORNA JEDINICA", "Rbr.županije": 5, "Županija": "VARAŽDINSKA ŽUPANIJA", "Oznaka Gr/Op/Dr": "općina", "Grad/općina/država": "MARUŠEVEC", "Rbr BM": 2, "Naziv BM": "ČALINEC", "Lokacija BM": "DOM KULTURE", "Adresa BM": "ČALINEC", "Ukupno birača": 306, "Glasovalo birača": 170, "Glasovalo birača (po listićima)": 170, "Važeći listići": 164, "Nevažeći listići": 6, "Latitude": 46.2826156, "Longitude": 16.1853876, "ID_u_zupaniji": 260, "ID_global": 1805, "neighbours list": [ 1850, 1817, 1806, 1804, 1818, 1812 ] }, "geometry": { "type": "MultiPolygon", "coordinates": [ [ [ [ 16.172875306912399, 46.290713507011027 ], [ 16.194212655255761, 46.307616553427451 ], [ 16.195918604689446, 46.306888518751052 ], [ 16.191791714037656, 46.27365475924298 ], [ 16.189406359992297, 46.268088289967864 ], [ 16.171633891119573, 46.272492460141152 ], [ 16.172875306912399, 46.290713507011027 ] ] ] ] } },
{ "type": "Feature", "properties": { "fid": 24, "Rbr IJ": 3, "Naziv izborne jedinice": "III. IZBORNA JEDINICA", "Rbr.županije": 5, "Županija": "VARAŽDINSKA ŽUPANIJA", "Oznaka Gr/Op/Dr": "grad", "Grad/općina/država": "IVANEC", "Rbr BM": 24, "Naziv BM": "CERJE TUŽNO", "Lokacija BM": "DRUŠTVENI DOM", "Adresa BM": "CERJE TUŽNO", "Ukupno birača": 144, "Glasovalo birača": 89, "Glasovalo birača (po listićima)": 89, "Važeći listići": 88, "Nevažeći listići": 1, "Latitude": 46.2539513, "Longitude": 16.2083152, "ID_u_zupaniji": 24, "ID_global": 1286, "neighbours list": [ 1289, 1806, 1818, 1285, 1810, 1995, 1290 ] }, "geometry": { "type": "MultiPolygon", "coordinates": [ [ [ [ 16.192947205338729, 46.248655601609144 ], [ 16.194351754692697, 46.261625243692414 ], [ 16.206591758554193, 46.264861757694256 ], [ 16.229884725436179, 46.260283100588119 ], [ 16.230221420107256, 46.259888958165071 ], [ 16.202702198885454, 46.243744833479369 ], [ 16.194327568168013, 46.245464331810254 ], [ 16.192947205338729, 46.248655601609144 ] ] ] ] } },
{ "type": "Feature", "properties": { "fid": 267, "Rbr IJ": 3, "Naziv izborne jedinice": "III. IZBORNA JEDINICA", "Rbr.županije": 5, "Županija": "VARAŽDINSKA ŽUPANIJA", "Oznaka Gr/Op/Dr": "općina", "Grad/općina/država": "MARUŠEVEC", "Rbr BM": 9, "Naziv BM": "BIKOVEC", "Lokacija BM": "DRUŠTVENI DOM", "Adresa BM": "BIKOVEC", "Ukupno birača": 171, "Glasovalo birača": 103, "Glasovalo birača (po listićima)": 103, "Važeći listići": 95, "Nevažeći listići": 8, "Latitude": 46.2807771, "Longitude": 16.200193, "ID_u_zupaniji": 267, "ID_global": 1812, "neighbours list": [ 1850, 1818, 1805, 1810, 1811 ] }, "geometry": { "type": "MultiPolygon", "coordinates": [ [ [ [ 16.207897731055688, 46.30547375486681 ], [ 16.210247903804667, 46.285026072934258 ], [ 16.208081755148719, 46.280966444481614 ], [ 16.191791714037656, 46.27365475924298 ], [ 16.195918604689446, 46.306888518751052 ], [ 16.207897731055688, 46.30547375486681 ] ] ] ] } },
{ "type": "Feature", "properties": { "fid": 23, "Rbr IJ": 3, "Naziv izborne jedinice": "III. IZBORNA JEDINICA", "Rbr.županije": 5, "Županija": "VARAŽDINSKA ŽUPANIJA", "Oznaka Gr/Op/Dr": "grad", "Grad/općina/država": "IVANEC", "Rbr BM": 23, "Naziv BM": "GAČICE", "Lokacija BM": "OSNOVNA ŠKOLA", "Adresa BM": "GAČICE", "Ukupno birača": 268, "Glasovalo birača": 179, "Glasovalo birača (po listićima)": 179, "Važeći listići": 174, "Nevažeći listići": 5, "Latitude": 46.2321524, "Longitude": 16.2038394, "ID_u_zupaniji": 23, "ID_global": 1285, "neighbours list": [ 1288, 1289, 1286, 1293, 1290, 1292 ] }, "geometry": { "type": "MultiPolygon", "coordinates": [ [ [ [ 16.203510952877391, 46.207917917777038 ], [ 16.203096349826069, 46.208020850805966 ], [ 16.203051347527182, 46.208147326216732 ], [ 16.202974760058282, 46.208267151506213 ], [ 16.202950788806373, 46.20833861791521 ], [ 16.202965553956652, 46.208436367169206 ], [ 16.202950062275381, 46.208473395873924 ], [ 16.202909546664518, 46.208512698852871 ], [ 16.202652189466484, 46.208629714710113 ], [ 16.202483392203767, 46.208713850355139 ], [ 16.202413742350551, 46.208772511542939 ], [ 16.202376311915405, 46.208840343862555 ], [ 16.202311336009348, 46.208945353345989 ], [ 16.202210189434268, 46.209076810668719 ], [ 16.202100987403593, 46.209188002942632 ], [ 16.202041683624294, 46.209250469731558 ], [ 16.201973982858188, 46.209307966074633 ], [ 16.201906502075076, 46.209348727939073 ], [ 16.201817151407585, 46.209383584467048 ], [ 16.201649500333666, 46.209446848082393 ], [ 16.20157052957267, 46.20947939220239 ], [ 16.201401309045018, 46.209569103470145 ], [ 16.201336747242127, 46.209621119267609 ], [ 16.201276911556178, 46.209685833595181 ], [ 16.201210666671848, 46.209809193649775 ], [ 16.201150294481245, 46.209901078404904 ], [ 16.20109244564275, 46.209957790214325 ], [ 16.200936849174553, 46.210067960317318 ], [ 16.200863644446201, 46.21011239548745 ], [ 16.200754914155542, 46.210159706741571 ], [ 16.200495019760318, 46.209978270068902 ], [ 16.200468682022972, 46.209959846539427 ], [ 16.200407075273269, 46.209920996647661 ], [ 16.200342551393348, 46.209918128345286 ], [ 16.200276939370344, 46.209924704336792 ], [ 16.200219906460998, 46.209950377099588 ], [ 16.200185467552892, 46.209991764420693 ], [ 16.200170515165844, 46.21007216122149 ], [ 16.200140025408622, 46.210149908045416 ], [ 16.200087321233742, 46.210237403661132 ], [ 16.200036842560838, 46.210320766324934 ], [ 16.200010611949207, 46.210354077542505 ], [ 16.199932329042717, 46.210378884638914 ], [ 16.199868164038474, 46.210381415400974 ], [ 16.199793919906472, 46.210378521270528 ], [ 16.199699756649213, 46.210368466890976 ], [ 16.199619725711489, 46.210333526999754 ], [ 16.199583827492056, 46.210333432673337 ], [ 16.199551679720788, 46.210334787762726 ], [ 16.199514954924421, 46.210367441474709 ], [ 16.199396622042944, 46.210440458520729 ], [ 16.199321035723244, 46.210469770946823 ], [ 16.199207340974809, 46.210500242688028 ], [ 16.199113468533955, 46.210531846165573 ], [ 16.199052915681083, 46.210561108006075 ], [ 16.199014272530082, 46.210588987928531 ], [ 16.198999633804899, 46.21061162262437 ], [ 16.198972197713729, 46.210651948334835 ], [ 16.198973859532405, 46.210703597304864 ], [ 16.198997075815416, 46.21074774528163 ], [ 16.199040660709279, 46.21076423514279 ], [ 16.199082253513708, 46.210789537113399 ], [ 16.199122182222013, 46.210811055816542 ], [ 16.199132849408922, 46.210827459004797 ], [ 16.199137358111479, 46.210879925221363 ], [ 16.199077898054462, 46.210922595949633 ], [ 16.198980072000214, 46.21096606536539 ], [ 16.198914377256809, 46.211011238840008 ], [ 16.19886637075658, 46.211092358158055 ], [ 16.198819704851871, 46.211165293429623 ], [ 16.198746491242073, 46.211281885680563 ], [ 16.198687714758666, 46.211365315841427 ], [ 16.198669319974904, 46.211411153665011 ], [ 16.198679201279614, 46.211500163153268 ], [ 16.198703564372789, 46.211547913131966 ], [ 16.198734253774486, 46.211600088460436 ], [ 16.198734760804811, 46.211649575026804 ], [ 16.198684425604615, 46.211729788391501 ], [ 16.198582705503728, 46.211868798675852 ], [ 16.198528756696259, 46.211922460365017 ], [ 16.198378885757741, 46.21195544509451 ], [ 16.198128182129267, 46.211988793236117 ], [ 16.198017884265326, 46.212013604448629 ], [ 16.197972672360979, 46.212033728970972 ], [ 16.197904637143068, 46.212103548314161 ], [ 16.197867279946774, 46.212132960783109 ], [ 16.197803415255475, 46.212151236478782 ], [ 16.197725081141776, 46.212161106380471 ], [ 16.197664069310694, 46.212155456686581 ], [ 16.197597690802244, 46.212135846928277 ], [ 16.197428549609981, 46.212066839870978 ], [ 16.197365941072277, 46.212045170573134 ], [ 16.197221925792814, 46.212050097666584 ], [ 16.197193953796432, 46.21202249180083 ], [ 16.197175151804615, 46.212000668499215 ], [ 16.197120093396737, 46.211972990864744 ], [ 16.197072870910674, 46.211981593142738 ], [ 16.197009943021971, 46.211994472489479 ], [ 16.196951770286255, 46.211991079268074 ], [ 16.19691087646871, 46.211980084110209 ], [ 16.196860735598612, 46.211953768984763 ], [ 16.196829470961355, 46.211912208461605 ], [ 16.196790562069928, 46.211846694799789 ], [ 16.19675176171501, 46.21176147729328 ], [ 16.196694920231423, 46.211704643424092 ], [ 16.196676870725497, 46.211640354710703 ], [ 16.196643473737264, 46.211562439325249 ], [ 16.196630085330533, 46.211451916772305 ], [ 16.196599087687602, 46.211361951335974 ], [ 16.196559140188814, 46.211296884698363 ], [ 16.196504995676676, 46.211244646519091 ], [ 16.196465307548944, 46.211226636495056 ], [ 16.196333438054157, 46.211191556663231 ], [ 16.196259368752045, 46.211180293199021 ], [ 16.196189554279613, 46.211149516819447 ], [ 16.19603973297432, 46.211079659302939 ], [ 16.195923727708706, 46.211058567014746 ], [ 16.195799572166365, 46.211081809688089 ], [ 16.195699598896599, 46.211067687763276 ], [ 16.195623176870541, 46.211036623529878 ], [ 16.195549660081824, 46.210948883893018 ], [ 16.195483856553913, 46.210895984365415 ], [ 16.195373820617561, 46.210897040815347 ], [ 16.19530373112962, 46.210892715268997 ], [ 16.195233453122814, 46.210875612988552 ], [ 16.195187584311125, 46.210850478163323 ], [ 16.195151917059231, 46.210785152520259 ], [ 16.19514224720804, 46.210740830463408 ], [ 16.185642997549827, 46.220884613403406 ], [ 16.194327568168013, 46.245464331810254 ], [ 16.202702198885454, 46.243744833479369 ], [ 16.216414948268579, 46.231224921764095 ], [ 16.215439717862232, 46.222852365329572 ], [ 16.20362587928069, 46.207661849855882 ], [ 16.203510952877391, 46.207917917777038 ] ] ] ] } },
{ "type": "Feature", "properties": { "fid": 31, "Rbr IJ": 3, "Naziv izborne jedinice": "III. IZBORNA JEDINICA", "Rbr.županije": 5, "Županija": "VARAŽDINSKA ŽUPANIJA", "Oznaka Gr/Op/Dr": "grad", "Grad/općina/država": "IVANEC", "Rbr BM": 31, "Naziv BM": "MARGEČAN", "Lokacija BM": "OSNOVNA ŠKOLA - BIRALIŠTE II", "Adresa BM": "MARGEČAN", "Ukupno birača": 180, "Glasovalo birača": 119, "Glasovalo birača (po listićima)": 119, "Važeći listići": 115, "Nevažeći listići": 4, "Latitude": 46.2138992, "Longitude": 16.2273098, "ID_u_zupaniji": 31, "ID_global": 1293, "neighbours list": [ 1393, 1288, 1285, 1292, 1294, 1391 ] }, "geometry": { "type": "MultiPolygon", "coordinates": [ [ [ [ 16.233253834704755, 46.190336617439556 ], [ 16.231964840543927, 46.190168231295488 ], [ 16.231054776570737, 46.189922805662377 ], [ 16.230422208879098, 46.190261865365585 ], [ 16.230018453642607, 46.190462183217257 ], [ 16.229427800130253, 46.190679062426213 ], [ 16.228690413029394, 46.19077961464145 ], [ 16.227831412638949, 46.190767225855168 ], [ 16.227171067824749, 46.190718235815467 ], [ 16.226408563560284, 46.190605746170696 ], [ 16.225817292918386, 46.190422493231353 ], [ 16.225440759777374, 46.19056392757615 ], [ 16.224450196236067, 46.190514128266152 ], [ 16.223221192291717, 46.190013156173478 ], [ 16.22179819088942, 46.189708650846086 ], [ 16.22105963177513, 46.189374848988095 ], [ 16.220660533461956, 46.189468796525972 ], [ 16.217678645963847, 46.189074135563416 ], [ 16.21698149437232, 46.189235713666974 ], [ 16.21634090233394, 46.189155039279612 ], [ 16.215415974896938, 46.188969824426074 ], [ 16.214746933084456, 46.188780202341604 ], [ 16.214320508548408, 46.188596221395265 ], [ 16.213956307307757, 46.188280043529303 ], [ 16.213531256832894, 46.188431304355859 ], [ 16.213319589981396, 46.18832919366448 ], [ 16.211963205892477, 46.188732014590087 ], [ 16.210660931562277, 46.188743931530077 ], [ 16.2103391653431, 46.188565598977 ], [ 16.210010257770133, 46.188513930096128 ], [ 16.208529234144962, 46.188987563074384 ], [ 16.207309141585668, 46.189184366926142 ], [ 16.205294620823473, 46.189555460604822 ], [ 16.205048333454403, 46.189848678853188 ], [ 16.204148300018119, 46.18990600560241 ], [ 16.203870571962611, 46.18995000762493 ], [ 16.202274534360345, 46.198226542302962 ], [ 16.202372862645859, 46.198224838354079 ], [ 16.202414684461019, 46.198230255654096 ], [ 16.202476583019386, 46.198236894844094 ], [ 16.202519795144521, 46.198248793805526 ], [ 16.202549185681637, 46.198276851993299 ], [ 16.20257054350483, 46.198304799301702 ], [ 16.20255485205012, 46.198355323501431 ], [ 16.202546958462481, 46.198401459293763 ], [ 16.20252656031586, 46.198435776038913 ], [ 16.20252639815077, 46.198465826716635 ], [ 16.202555653412034, 46.198494964229887 ], [ 16.202591356597495, 46.198505763946322 ], [ 16.202645375091862, 46.198508063823397 ], [ 16.202710305989811, 46.198505083625044 ], [ 16.202766271862217, 46.198482645837373 ], [ 16.202858613966903, 46.198466330790538 ], [ 16.202944699878469, 46.198456837387809 ], [ 16.203015245436433, 46.198469886861979 ], [ 16.203042786357262, 46.198480575259914 ], [ 16.203059503784555, 46.198504101727899 ], [ 16.203057946702071, 46.198528570435002 ], [ 16.203025575024601, 46.198548730351384 ], [ 16.202999422627752, 46.198568906416 ], [ 16.202982299312062, 46.198596663694637 ], [ 16.202976066559621, 46.198623189639413 ], [ 16.202977284812278, 46.198661611424683 ], [ 16.202984938245574, 46.198684034672873 ], [ 16.203012387652297, 46.198711727802753 ], [ 16.203047639352359, 46.198734222738551 ], [ 16.203064219216984, 46.198783301278056 ], [ 16.203082558145852, 46.198818528488061 ], [ 16.203131349521083, 46.198877227847134 ], [ 16.203209374112443, 46.198921157478914 ], [ 16.203273672891747, 46.198939409028988 ], [ 16.203354990864938, 46.198949247211544 ], [ 16.203450325634897, 46.198954802976012 ], [ 16.203499386596185, 46.1989634776968 ], [ 16.203540144944778, 46.198974020306665 ], [ 16.203554034937778, 46.198993310620928 ], [ 16.203559187631527, 46.199023015185432 ], [ 16.203542758055718, 46.199090452588599 ], [ 16.20352425483172, 46.199157974584288 ], [ 16.2035132913248, 46.19922092748989 ], [ 16.20353761221747, 46.199252211310885 ], [ 16.203586749325002, 46.199270873231775 ], [ 16.203903786831141, 46.199396307878516 ], [ 16.204040503560147, 46.199441288670954 ], [ 16.204306394571688, 46.199536448709225 ], [ 16.204390235556016, 46.199559248840046 ], [ 16.20446459427297, 46.199586433090261 ], [ 16.204561181126969, 46.199600358684279 ], [ 16.204638840606552, 46.199591921910951 ], [ 16.204761950714204, 46.199564798043966 ], [ 16.204844896035329, 46.199561323314612 ], [ 16.205179922271874, 46.199546352483729 ], [ 16.205318409796455, 46.199551208206181 ], [ 16.205467144046498, 46.19955411074708 ], [ 16.205500415960891, 46.199559414915555 ], [ 16.205544073568859, 46.199585259745014 ], [ 16.205556981003191, 46.1996188530429 ], [ 16.205574450845202, 46.199647329609306 ], [ 16.205615250777651, 46.199674516651427 ], [ 16.205655003608435, 46.199703680396176 ], [ 16.205746077404111, 46.199730996820477 ], [ 16.205783159374402, 46.19972650362002 ], [ 16.205861364500983, 46.199712938940785 ], [ 16.205950913809378, 46.199710290160176 ], [ 16.20598944887055, 46.199724874976553 ], [ 16.206045622006602, 46.199736446040497 ], [ 16.206068864847978, 46.19980011694669 ], [ 16.2061119164164, 46.199866807891375 ], [ 16.206165827111882, 46.200059759307528 ], [ 16.206002973879595, 46.200298669662729 ], [ 16.206231182193612, 46.200439434742002 ], [ 16.206428670836367, 46.200290406390451 ], [ 16.206490558228825, 46.200397003735269 ], [ 16.206412926721541, 46.200473011800447 ], [ 16.206410759583811, 46.200612284931466 ], [ 16.206070985936659, 46.200763106868955 ], [ 16.205508521953732, 46.201025281164199 ], [ 16.205490713537664, 46.201084347753607 ], [ 16.205233025151482, 46.201198129672747 ], [ 16.205103027949416, 46.201276701006535 ], [ 16.205087656478298, 46.201364565274652 ], [ 16.205141858958743, 46.201357237301266 ], [ 16.205213457866726, 46.201367948822302 ], [ 16.205271370715963, 46.201417943350215 ], [ 16.205370537106358, 46.201434754051178 ], [ 16.205535552499079, 46.201447145656353 ], [ 16.205653770011267, 46.201463375367517 ], [ 16.205727169529869, 46.201525196038823 ], [ 16.206181077964658, 46.202254787338319 ], [ 16.206142606245802, 46.202762677635505 ], [ 16.20600916418757, 46.203292277168551 ], [ 16.205457745865701, 46.203325497528269 ], [ 16.205398358377042, 46.203672191469018 ], [ 16.205208265242295, 46.203865143979613 ], [ 16.205282947062607, 46.203954230115365 ], [ 16.205404965730974, 46.203963361986808 ], [ 16.205471408377015, 46.204018146952912 ], [ 16.205509954269157, 46.204055495182807 ], [ 16.205548059626889, 46.204151054965266 ], [ 16.205549791929492, 46.20423914324931 ], [ 16.205543136265216, 46.204344934659645 ], [ 16.205526546186231, 46.204418310106419 ], [ 16.205440917538567, 46.204461816514467 ], [ 16.205364411981758, 46.204495539285766 ], [ 16.205312455533356, 46.204494235718236 ], [ 16.205287581094392, 46.204590083087467 ], [ 16.205189519830565, 46.204656320488553 ], [ 16.205127315909813, 46.2048748850385 ], [ 16.205028392498544, 46.205126285018274 ], [ 16.204665815105852, 46.20556072945817 ], [ 16.204604659386472, 46.205583154739479 ], [ 16.204382708204552, 46.205915482007747 ], [ 16.204220522634007, 46.206073595348677 ], [ 16.204112364910088, 46.206185242168374 ], [ 16.204090361962621, 46.206228462342324 ], [ 16.204064809127093, 46.206329436135015 ], [ 16.203916889500981, 46.206436841062619 ], [ 16.203798860484881, 46.206600646482855 ], [ 16.203790066862084, 46.206645430364119 ], [ 16.203928947530976, 46.207038703167534 ], [ 16.203911906213825, 46.207099031061126 ], [ 16.203886938147662, 46.207139274393562 ], [ 16.203809859755257, 46.20718226186699 ], [ 16.203610612695616, 46.207170408856889 ], [ 16.203556039728085, 46.207462320407366 ], [ 16.203680154582724, 46.20754091886559 ], [ 16.20362587928069, 46.207661849855882 ], [ 16.215439717862232, 46.222852365329572 ], [ 16.239196289014291, 46.220440464651645 ], [ 16.249308761655548, 46.206352892410074 ], [ 16.249949955735531, 46.195365683983226 ], [ 16.235408725302005, 46.190367438192325 ], [ 16.233253834704755, 46.190336617439556 ] ] ] ] } },
{ "type": "Feature", "properties": { "fid": 276, "Rbr IJ": 3, "Naziv izborne jedinice": "III. IZBORNA JEDINICA", "Rbr.županije": 5, "Županija": "VARAŽDINSKA ŽUPANIJA", "Oznaka Gr/Op/Dr": "općina", "Grad/općina/država": "PETRIJANEC", "Rbr BM": 3, "Naziv BM": "NOVA VES PETRIJANEČKA", "Lokacija BM": "PROSTORIJE DRUŠTVENOG DOMA", "Adresa BM": "LJUDEVITA GAJA 1", "Ukupno birača": 689, "Glasovalo birača": 468, "Glasovalo birača (po listićima)": 468, "Važeći listići": 444, "Nevažeći listići": 24, "Latitude": 46.3201434, "Longitude": 16.2296295, "ID_u_zupaniji": 276, "ID_global": 1847, "neighbours list": [ 1850, 1846, 1995, 1811, 1848, 1993, 1897, 1994 ] }, "geometry": { "type": "MultiPolygon", "coordinates": [ [ [ [ 16.221144779732448, 46.332562635165601 ], [ 16.23271556403428, 46.334181492376857 ], [ 16.250440271271934, 46.3204752315864 ], [ 16.253940232147706, 46.311225998749812 ], [ 16.24455473676333, 46.3041011034734 ], [ 16.240847627349023, 46.301939419285674 ], [ 16.232762357260473, 46.299919502297108 ], [ 16.208351490909759, 46.305613762396369 ], [ 16.221144779732448, 46.332562635165601 ] ] ] ] } },
{ "type": "Feature", "properties": { "fid": 265, "Rbr IJ": 3, "Naziv izborne jedinice": "III. IZBORNA JEDINICA", "Rbr.županije": 5, "Županija": "VARAŽDINSKA ŽUPANIJA", "Oznaka Gr/Op/Dr": "općina", "Grad/općina/država": "MARUŠEVEC", "Rbr BM": 7, "Naziv BM": "GREDA", "Lokacija BM": "DRUŠTVENI DOM", "Adresa BM": "GREDA", "Ukupno birača": 423, "Glasovalo birača": 259, "Glasovalo birača (po listićima)": 259, "Važeći listići": 247, "Nevažeći listići": 12, "Latitude": 46.2743081, "Longitude": 16.2123167, "ID_u_zupaniji": 265, "ID_global": 1810, "neighbours list": [ 1818, 1286, 1812, 1995, 1811 ] }, "geometry": { "type": "MultiPolygon", "coordinates": [ [ [ [ 16.210247903804667, 46.285026072934258 ], [ 16.228242272324753, 46.267383225144407 ], [ 16.229884725436179, 46.260283100588119 ], [ 16.206591758554193, 46.264861757694256 ], [ 16.208081755148719, 46.280966444481614 ], [ 16.210247903804667, 46.285026072934258 ] ] ] ] } },
{ "type": "Feature", "properties": { "fid": 318, "Rbr IJ": 3, "Naziv izborne jedinice": "III. IZBORNA JEDINICA", "Rbr.županije": 5, "Županija": "VARAŽDINSKA ŽUPANIJA", "Oznaka Gr/Op/Dr": "općina", "Grad/općina/država": "VIDOVEC", "Rbr BM": 3, "Naziv BM": "DOMITROVEC", "Lokacija BM": "PROSTORIJE ETNO KUĆE U DOMITROVCU", "Adresa BM": "GLAVNA ULICA 32", "Ukupno birača": 412, "Glasovalo birača": 240, "Glasovalo birača (po listićima)": 240, "Važeći listići": 225, "Nevažeći listići": 15, "Latitude": 46.2805984, "Longitude": 16.2395089, "ID_u_zupaniji": 318, "ID_global": 1995, "neighbours list": [ 1286, 1847, 1810, 1811, 1290, 1294, 1993, 1550 ] }, "geometry": { "type": "MultiPolygon", "coordinates": [ [ [ [ 16.229884725436179, 46.260283100588119 ], [ 16.228242272324753, 46.267383225144407 ], [ 16.232762357260473, 46.299919502297108 ], [ 16.240847627349023, 46.301939419285674 ], [ 16.250147792030358, 46.260437941735091 ], [ 16.246023364510989, 46.255421587881337 ], [ 16.238795561823054, 46.254048378373724 ], [ 16.230221420107256, 46.259888958165071 ], [ 16.229884725436179, 46.260283100588119 ] ] ] ] } },
{ "type": "Feature", "properties": { "fid": 266, "Rbr IJ": 3, "Naziv izborne jedinice": "III. IZBORNA JEDINICA", "Rbr.županije": 5, "Županija": "VARAŽDINSKA ŽUPANIJA", "Oznaka Gr/Op/Dr": "općina", "Grad/općina/država": "MARUŠEVEC", "Rbr BM": 8, "Naziv BM": "JURKETINEC", "Lokacija BM": "DRUŠTVENI DOM", "Adresa BM": "JURKETINEC", "Ukupno birača": 334, "Glasovalo birača": 239, "Glasovalo birača (po listićima)": 239, "Važeći listići": 230, "Nevažeći listići": 9, "Latitude": 46.2831691, "Longitude": 16.2210046, "ID_u_zupaniji": 266, "ID_global": 1811, "neighbours list": [ 1850, 1812, 1847, 1810, 1995 ] }, "geometry": { "type": "MultiPolygon", "coordinates": [ [ [ [ 16.207897731055688, 46.30547375486681 ], [ 16.208351490909759, 46.305613762396369 ], [ 16.232762357260473, 46.299919502297108 ], [ 16.228242272324753, 46.267383225144407 ], [ 16.210247903804667, 46.285026072934258 ], [ 16.207897731055688, 46.30547375486681 ] ] ] ] } },
{ "type": "Feature", "properties": { "fid": 28, "Rbr IJ": 3, "Naziv izborne jedinice": "III. IZBORNA JEDINICA", "Rbr.županije": 5, "Županija": "VARAŽDINSKA ŽUPANIJA", "Oznaka Gr/Op/Dr": "grad", "Grad/općina/država": "IVANEC", "Rbr BM": 28, "Naziv BM": "LUKAVEC", "Lokacija BM": "DRUŠTVENI DOM", "Adresa BM": "LUKAVEC", "Ukupno birača": 106, "Glasovalo birača": 73, "Glasovalo birača (po listićima)": 73, "Važeći listići": 73, "Nevažeći listići": 0, "Latitude": 46.2436644, "Longitude": 16.21435, "ID_u_zupaniji": 28, "ID_global": 1290, "neighbours list": [ 1286, 1285, 1995, 1292, 1294 ] }, "geometry": { "type": "MultiPolygon", "coordinates": [ [ [ [ 16.216414948268579, 46.231224921764095 ], [ 16.202702198885454, 46.243744833479369 ], [ 16.230221420107256, 46.259888958165071 ], [ 16.238795561823054, 46.254048378373724 ], [ 16.238589513124719, 46.253537508961649 ], [ 16.216414948268579, 46.231224921764095 ] ] ] ] } },
{ "type": "Feature", "properties": { "fid": 30, "Rbr IJ": 3, "Naziv izborne jedinice": "III. IZBORNA JEDINICA", "Rbr.županije": 5, "Županija": "VARAŽDINSKA ŽUPANIJA", "Oznaka Gr/Op/Dr": "grad", "Grad/općina/država": "IVANEC", "Rbr BM": 30, "Naziv BM": "OSEČKA", "Lokacija BM": "DRUŠTVENI DOM", "Adresa BM": "OSEČKA", "Ukupno birača": 168, "Glasovalo birača": 105, "Glasovalo birača (po listićima)": 105, "Važeći listići": 99, "Nevažeći listići": 6, "Latitude": 46.2292372, "Longitude": 16.228867, "ID_u_zupaniji": 30, "ID_global": 1292, "neighbours list": [ 1285, 1293, 1290, 1294 ] }, "geometry": { "type": "MultiPolygon", "coordinates": [ [ [ [ 16.238589513124719, 46.253537508961649 ], [ 16.239196289014291, 46.220440464651645 ], [ 16.215439717862232, 46.222852365329572 ], [ 16.216414948268579, 46.231224921764095 ], [ 16.238589513124719, 46.253537508961649 ] ] ] ] } },
{ "type": "Feature", "properties": { "fid": 274, "Rbr IJ": 3, "Naziv izborne jedinice": "III. IZBORNA JEDINICA", "Rbr.županije": 5, "Županija": "VARAŽDINSKA ŽUPANIJA", "Oznaka Gr/Op/Dr": "općina", "Grad/općina/država": "PETRIJANEC", "Rbr BM": 1, "Naziv BM": "PETRIJANEC", "Lokacija BM": "PROSTORIJE DRUŠTVENOG DOMA", "Adresa BM": "TRG SV. PETRA 8", "Ukupno birača": 466, "Glasovalo birača": 333, "Glasovalo birača (po listićima)": 333, "Važeći listići": 322, "Nevažeći listići": 11, "Latitude": 46.3473559, "Longitude": 16.2265605, "ID_u_zupaniji": 274, "ID_global": 1845, "neighbours list": [ 1852, 1846, 1849 ] }, "geometry": { "type": "MultiPolygon", "coordinates": [ [ [ [ 16.211203843161154, 46.384852499196263 ], [ 16.211445430527771, 46.384921306609677 ], [ 16.211543831021558, 46.384949355713665 ], [ 16.211574337695847, 46.384958069818829 ], [ 16.211625745074336, 46.384972684699207 ], [ 16.211659107715615, 46.384982215717194 ], [ 16.211662612755607, 46.384983214229202 ], [ 16.211675346560206, 46.384984595891126 ], [ 16.21167937447974, 46.384985055898483 ], [ 16.211829320929724, 46.385001448579736 ], [ 16.212015129712182, 46.385021800108746 ], [ 16.212496034656827, 46.385072493873146 ], [ 16.212680154752974, 46.385092660134944 ], [ 16.212773579245191, 46.385102881537257 ], [ 16.212979781380568, 46.385126881533601 ], [ 16.213207965231273, 46.385149046908346 ], [ 16.213593091415191, 46.385192568098091 ], [ 16.213812816219953, 46.38521642051743 ], [ 16.213972900028246, 46.385233735459934 ], [ 16.214269297247203, 46.385264256614875 ], [ 16.214451469442057, 46.385284235216005 ], [ 16.214833574530775, 46.385234175464568 ], [ 16.214880539492469, 46.385228264551138 ], [ 16.215197974668062, 46.385188478894072 ], [ 16.215364750117899, 46.385169100628438 ], [ 16.215520970862123, 46.385029135521101 ], [ 16.215554543100559, 46.384998449152185 ], [ 16.215784922232857, 46.384798118027049 ], [ 16.216103192234883, 46.384521439834977 ], [ 16.216426177491137, 46.384237394862687 ], [ 16.216968571553824, 46.383760275852012 ], [ 16.216989132606265, 46.383680972822226 ], [ 16.217136783462745, 46.383109396100011 ], [ 16.217306586206515, 46.382451772176339 ], [ 16.217416556446988, 46.382026123864442 ], [ 16.217479821036235, 46.381783269979429 ], [ 16.217529556752762, 46.381592385558591 ], [ 16.217541674069444, 46.381536723773863 ], [ 16.21758700844849, 46.381367331389335 ], [ 16.217674163576788, 46.381029077699878 ], [ 16.217712501886769, 46.380880091275422 ], [ 16.217847791386447, 46.380358236518603 ], [ 16.217898856918634, 46.380161057237331 ], [ 16.218307546435035, 46.379829605428696 ], [ 16.230519400650103, 46.341629105289201 ], [ 16.205526626587542, 46.373459841085527 ], [ 16.211117192408544, 46.384827820904903 ], [ 16.211203843161154, 46.384852499196263 ] ] ] ] } },
{ "type": "Feature", "properties": { "fid": 278, "Rbr IJ": 3, "Naziv izborne jedinice": "III. IZBORNA JEDINICA", "Rbr.županije": 5, "Županija": "VARAŽDINSKA ŽUPANIJA", "Oznaka Gr/Op/Dr": "općina", "Grad/općina/država": "PETRIJANEC", "Rbr BM": 5, "Naziv BM": "DRUŽBINEC", "Lokacija BM": "PROSTORIJE DRUŠTVENOG DOMA", "Adresa BM": "DRAVSKA 8", "Ukupno birača": 397, "Glasovalo birača": 270, "Glasovalo birača (po listićima)": 270, "Važeći listići": 251, "Nevažeći listići": 19, "Latitude": 46.3485904, "Longitude": 16.2304222, "ID_u_zupaniji": 278, "ID_global": 1849, "neighbours list": [ 1846, 1845, 1848, 1851 ] }, "geometry": { "type": "MultiPolygon", "coordinates": [ [ [ [ 16.218399100972963, 46.379755353665516 ], [ 16.218783025732026, 46.379443920883162 ], [ 16.219043324025154, 46.379232860117817 ], [ 16.219151279778906, 46.379145494033359 ], [ 16.219556468502716, 46.378817826182193 ], [ 16.219649410164727, 46.378742748759571 ], [ 16.219809839389136, 46.378612954626405 ], [ 16.219816888070575, 46.378607303754599 ], [ 16.219817540802886, 46.378606765530819 ], [ 16.22034822378232, 46.378879055669444 ], [ 16.221159363284897, 46.37929526055234 ], [ 16.221456412971602, 46.37944758475534 ], [ 16.221797695371347, 46.379619269482944 ], [ 16.222185920211984, 46.379814459562489 ], [ 16.222340715882535, 46.379949161445886 ], [ 16.222629989101144, 46.380200881080739 ], [ 16.22289844443052, 46.38043095661552 ], [ 16.222956950786195, 46.380481121953224 ], [ 16.223522476077612, 46.380965722004824 ], [ 16.223813979623273, 46.381215554609923 ], [ 16.224026528788762, 46.381396998341991 ], [ 16.224131250909526, 46.381486321770424 ], [ 16.224225318610458, 46.381858576490117 ], [ 16.224350742522997, 46.382355245850199 ], [ 16.224429390509027, 46.382666283276762 ], [ 16.224416892797873, 46.382773048071414 ], [ 16.22437110231515, 46.383166198487537 ], [ 16.224355984844191, 46.383302647193958 ], [ 16.224348081821052, 46.38337469445856 ], [ 16.224301500342065, 46.383795643759498 ], [ 16.224259134542347, 46.384179625334546 ], [ 16.224249354527906, 46.38426291435735 ], [ 16.224201678448846, 46.384668565943564 ], [ 16.224193395865171, 46.384738452975135 ], [ 16.224444699758141, 46.385127281084522 ], [ 16.224475145785458, 46.385174318992021 ], [ 16.224798311775594, 46.385674342875205 ], [ 16.225108454477208, 46.386154001188785 ], [ 16.225321068383298, 46.386482724021612 ], [ 16.225323261004782, 46.386486238132889 ], [ 16.225337195012909, 46.386507684550374 ], [ 16.225420025074481, 46.386635191544606 ], [ 16.225506193849768, 46.386667337891403 ], [ 16.225600392457888, 46.386705711396672 ], [ 16.225944879589399, 46.386846171486575 ], [ 16.225954351241278, 46.386850062910675 ], [ 16.226115383478657, 46.38691342795218 ], [ 16.226280938704114, 46.386982381755132 ], [ 16.226351006545787, 46.387010530227847 ], [ 16.226470381037384, 46.38705859008428 ], [ 16.226754938714116, 46.387172273136692 ], [ 16.22710463593852, 46.387312022406029 ], [ 16.227153296522875, 46.387331212232702 ], [ 16.22727709024662, 46.387379821609933 ], [ 16.227521291687442, 46.387478291478388 ], [ 16.227737206965585, 46.387565357218215 ], [ 16.227804421326461, 46.387592418359311 ], [ 16.22792730119335, 46.387642014529014 ], [ 16.228009437623662, 46.387675139063738 ], [ 16.228012033025184, 46.387676134910556 ], [ 16.228023603095835, 46.38767643233907 ], [ 16.22807482353566, 46.387677723758692 ], [ 16.228160364146579, 46.387679906475633 ], [ 16.228239144385725, 46.38768198309311 ], [ 16.228337035179866, 46.387684464937173 ], [ 16.228455725848246, 46.387687535910764 ], [ 16.22933922537862, 46.387707534467893 ], [ 16.229579073255636, 46.387714489777295 ], [ 16.230054478671146, 46.387728388759555 ], [ 16.230154086003221, 46.387725564848907 ], [ 16.230825149473844, 46.387558092047684 ], [ 16.231741980811634, 46.387329292471705 ], [ 16.231920984515558, 46.387250628151193 ], [ 16.233840465443237, 46.336732992670989 ], [ 16.233025148805627, 46.335172325163271 ], [ 16.230519400650103, 46.341629105289201 ], [ 16.218307546435035, 46.379829605428696 ], [ 16.218399100972963, 46.379755353665516 ] ] ] ] } },
{ "type": "Feature", "properties": { "fid": 277, "Rbr IJ": 3, "Naziv izborne jedinice": "III. IZBORNA JEDINICA", "Rbr.županije": 5, "Županija": "VARAŽDINSKA ŽUPANIJA", "Oznaka Gr/Op/Dr": "općina", "Grad/općina/država": "PETRIJANEC", "Rbr BM": 4, "Naziv BM": "MAJERJE", "Lokacija BM": "PROSTORIJE DRUŠTVENOG DOMA", "Adresa BM": "STJEPANA RADIĆA 113", "Ukupno birača": 566, "Glasovalo birača": 390, "Glasovalo birača (po listićima)": 390, "Važeći listići": 369, "Nevažeći listići": 21, "Latitude": 46.3407001, "Longitude": 16.2455257, "ID_u_zupaniji": 277, "ID_global": 1848, "neighbours list": [ 1898, 1846, 1847, 1849, 1851, 1897 ] }, "geometry": { "type": "MultiPolygon", "coordinates": [ [ [ [ 16.233025148805627, 46.335172325163271 ], [ 16.233840465443237, 46.336732992670989 ], [ 16.257168706589987, 46.363111396676558 ], [ 16.260763455055372, 46.352434784971472 ], [ 16.250440271271934, 46.3204752315864 ], [ 16.23271556403428, 46.334181492376857 ], [ 16.233025148805627, 46.335172325163271 ] ] ] ] } },
{ "type": "Feature", "properties": { "fid": 32, "Rbr IJ": 3, "Naziv izborne jedinice": "III. IZBORNA JEDINICA", "Rbr.županije": 5, "Županija": "VARAŽDINSKA ŽUPANIJA", "Oznaka Gr/Op/Dr": "grad", "Grad/općina/država": "IVANEC", "Rbr BM": 32, "Naziv BM": "RADOVAN", "Lokacija BM": "OSNOVNA ŠKOLA - BIRALIŠTE I", "Adresa BM": "RADOVAN", "Ukupno birača": 338, "Glasovalo birača": 205, "Glasovalo birača (po listićima)": 205, "Važeći listići": 196, "Nevažeći listići": 9, "Latitude": 46.2296099, "Longitude": 16.2491962, "ID_u_zupaniji": 32, "ID_global": 1294, "neighbours list": [ 1293, 1995, 1290, 1292, 1391, 1550, 1295 ] }, "geometry": { "type": "MultiPolygon", "coordinates": [ [ [ [ 16.238589513124719, 46.253537508961649 ], [ 16.238795561823054, 46.254048378373724 ], [ 16.246023364510989, 46.255421587881337 ], [ 16.250778748026516, 46.250959647933577 ], [ 16.261676607877181, 46.226103601860608 ], [ 16.249308761655548, 46.206352892410074 ], [ 16.239196289014291, 46.220440464651645 ], [ 16.238589513124719, 46.253537508961649 ] ] ] ] } },
{ "type": "Feature", "properties": { "fid": 280, "Rbr IJ": 3, "Naziv izborne jedinice": "III. IZBORNA JEDINICA", "Rbr.županije": 5, "Županija": "VARAŽDINSKA ŽUPANIJA", "Oznaka Gr/Op/Dr": "općina", "Grad/općina/država": "PETRIJANEC", "Rbr BM": 7, "Naziv BM": "STRMEC PODRAVSKI", "Lokacija BM": "PROSTORIJE DRUŠTVENOG DOMA", "Adresa BM": "BRAĆE RADIĆA 92", "Ukupno birača": 513, "Glasovalo birača": 341, "Glasovalo birača (po listićima)": 341, "Važeći listići": 330, "Nevažeći listići": 11, "Latitude": 46.3488156, "Longitude": 16.2363491, "ID_u_zupaniji": 280, "ID_global": 1851, "neighbours list": [ 1898, 1849, 1848 ] }, "geometry": { "type": "MultiPolygon", "coordinates": [ [ [ [ 16.231950716361599, 46.387237562301628 ], [ 16.232883763643525, 46.386827501273167 ], [ 16.232997261925366, 46.386775223626785 ], [ 16.233159098954228, 46.38670173569146 ], [ 16.233308165753886, 46.386634065820211 ], [ 16.23378478186385, 46.386423925886803 ], [ 16.234013973676699, 46.386321713021587 ], [ 16.234492550253719, 46.386108335754031 ], [ 16.234631184057406, 46.386046577974199 ], [ 16.235198198630915, 46.38539596689521 ], [ 16.235338876060442, 46.385233626080712 ], [ 16.235798033355213, 46.384703682495349 ], [ 16.235957355695056, 46.384529507881311 ], [ 16.236039201514807, 46.384434148254215 ], [ 16.236366582805054, 46.38405252919928 ], [ 16.236380586434766, 46.38395224446888 ], [ 16.236413032277799, 46.383720825374624 ], [ 16.23642155089841, 46.383652647430878 ], [ 16.236533549764019, 46.382747892987148 ], [ 16.236638377884258, 46.381900702864193 ], [ 16.2366755740683, 46.381600107274785 ], [ 16.236734615876141, 46.381109004519075 ], [ 16.236786745622723, 46.380676366585696 ], [ 16.236822717524209, 46.380359663351818 ], [ 16.236931193141466, 46.380266883473226 ], [ 16.237786060049341, 46.379536127245125 ], [ 16.238564675791764, 46.378870418851577 ], [ 16.238764380902893, 46.37870047111025 ], [ 16.238780828019078, 46.378686293342064 ], [ 16.238783177790282, 46.378684229388035 ], [ 16.238783307784907, 46.378684229684978 ], [ 16.238997246996338, 46.378745988079082 ], [ 16.239091884199823, 46.378773285155098 ], [ 16.239388230956727, 46.378864651153883 ], [ 16.239779078499712, 46.378985022018028 ], [ 16.240162658678706, 46.379103125768772 ], [ 16.240535466197006, 46.379217964850888 ], [ 16.24092281400457, 46.379337244211015 ], [ 16.241079752312338, 46.379385643889051 ], [ 16.241082089269096, 46.379386278973641 ], [ 16.241127010167553, 46.379398616657262 ], [ 16.241220992783351, 46.379427350013678 ], [ 16.241288999997536, 46.37945098618404 ], [ 16.241313533214822, 46.379458689174406 ], [ 16.241393493818908, 46.37948370187884 ], [ 16.24150461674434, 46.379516612403712 ], [ 16.241589121887106, 46.379542804859859 ], [ 16.241679464660397, 46.379571619584183 ], [ 16.241682579915512, 46.379572616296485 ], [ 16.241859641529199, 46.379626908437444 ], [ 16.241890405430937, 46.379636604718854 ], [ 16.24192843687964, 46.379648926537001 ], [ 16.24198101825959, 46.379663350492862 ], [ 16.242002954696133, 46.37967041768259 ], [ 16.242004772111564, 46.379670961605683 ], [ 16.242020338276635, 46.379678104390706 ], [ 16.242050327761383, 46.379686629265727 ], [ 16.242096408932554, 46.379701128476519 ], [ 16.242212710168641, 46.379738818425615 ], [ 16.242316683834964, 46.379771802013849 ], [ 16.242425861327373, 46.379803987494078 ], [ 16.242428587463511, 46.379804803368621 ], [ 16.242527635863208, 46.379834716674864 ], [ 16.242556197232975, 46.379842878319657 ], [ 16.242603705682686, 46.379858010332043 ], [ 16.242842691393953, 46.379930884258393 ], [ 16.242850610267411, 46.379933241297884 ], [ 16.24288657062289, 46.379943758729922 ], [ 16.242962112734762, 46.379968760400779 ], [ 16.243137489463443, 46.380022506948947 ], [ 16.24322238827417, 46.380048249227386 ], [ 16.243237834829582, 46.380053232286194 ], [ 16.243402945626542, 46.380106235612359 ], [ 16.243466022707427, 46.38012814998342 ], [ 16.243467969729394, 46.380128784144411 ], [ 16.243468878030662, 46.380129146063851 ], [ 16.24348861499055, 46.38013404874259 ], [ 16.243500171762154, 46.380136863749371 ], [ 16.243544710148264, 46.380147850066365 ], [ 16.243552630347143, 46.380149937148673 ], [ 16.243621918520919, 46.380150272448311 ], [ 16.243656760973856, 46.380149720763249 ], [ 16.243664821280444, 46.38014964886051 ], [ 16.243701612862939, 46.380149281471759 ], [ 16.243890783735562, 46.380144666940609 ], [ 16.243964107315271, 46.380143841454213 ], [ 16.244096986435025, 46.380139640358465 ], [ 16.24419046349772, 46.380138050089428 ], [ 16.24420034461621, 46.380137802281013 ], [ 16.244263791685494, 46.380136234745976 ], [ 16.244408755972398, 46.38013304998853 ], [ 16.244539149124947, 46.380132261700759 ], [ 16.244594017981168, 46.380130314937546 ], [ 16.244646018067112, 46.380130251122139 ], [ 16.244707633401173, 46.380131198423904 ], [ 16.244712573329757, 46.380131209451761 ], [ 16.244783427755436, 46.380130197986993 ], [ 16.244843874366346, 46.380130872695638 ], [ 16.244907450151821, 46.380129575002101 ], [ 16.244940205907294, 46.380130457798835 ], [ 16.245040066660344, 46.380125912047575 ], [ 16.245125737928021, 46.380125563197304 ], [ 16.245245352929135, 46.380122230908654 ], [ 16.24545754035967, 46.380116135559646 ], [ 16.245502006395743, 46.380114794998427 ], [ 16.245545041196905, 46.380113721146721 ], [ 16.245583122278855, 46.380115605283706 ], [ 16.245625382104485, 46.380113450031949 ], [ 16.245706764666959, 46.380112821295157 ], [ 16.245722104858906, 46.380112765435292 ], [ 16.245826525470143, 46.380106069844857 ], [ 16.245870598156078, 46.380105448029816 ], [ 16.245896730272669, 46.380104966275937 ], [ 16.245944963312546, 46.380104263706066 ], [ 16.245963684703575, 46.380103945413971 ], [ 16.245979936131111, 46.38010362163233 ], [ 16.245980586121451, 46.380103623076145 ], [ 16.24599124721469, 46.38010337684554 ], [ 16.246585919167572, 46.380091560489056 ], [ 16.247371837474049, 46.380075935073329 ], [ 16.248120441795333, 46.380061121780535 ], [ 16.248150214644141, 46.380060467589651 ], [ 16.248762326031816, 46.37990247630043 ], [ 16.249589576009491, 46.37968881144927 ], [ 16.250425279173356, 46.379472999764175 ], [ 16.251265140551904, 46.379256111363588 ], [ 16.252080657619619, 46.37904546194752 ], [ 16.252290067126232, 46.378991393627821 ], [ 16.252633797205348, 46.378900907593014 ], [ 16.252883807939934, 46.378837209189463 ], [ 16.253743939172409, 46.378618097100833 ], [ 16.254328808861462, 46.378469104336773 ], [ 16.254450363457568, 46.378438145643948 ], [ 16.254772599650824, 46.378356064245501 ], [ 16.254777935446569, 46.378354726130034 ], [ 16.254816709500147, 46.378346801894622 ], [ 16.25518454187371, 46.378271654842287 ], [ 16.255969197235402, 46.378111363740963 ], [ 16.257168706589987, 46.363111396676558 ], [ 16.233840465443237, 46.336732992670989 ], [ 16.231920984515558, 46.387250628151193 ], [ 16.231950716361599, 46.387237562301628 ] ] ] ] } },
{ "type": "Feature", "properties": { "fid": 316, "Rbr IJ": 3, "Naziv izborne jedinice": "III. IZBORNA JEDINICA", "Rbr.županije": 5, "Županija": "VARAŽDINSKA ŽUPANIJA", "Oznaka Gr/Op/Dr": "općina", "Grad/općina/država": "VIDOVEC", "Rbr BM": 1, "Naziv BM": "VIDOVEC", "Lokacija BM": "PROSTORIJE OSNOVNE ŠKOLE U VIDOVCU, SPORTSKA DVORANA", "Adresa BM": "ŠKOLSKA ULICA 4", "Ukupno birača": 888, "Glasovalo birača": 534, "Glasovalo birača (po listićima)": 534, "Važeći listići": 510, "Nevažeći listići": 24, "Latitude": 46.2832106, "Longitude": 16.2511657, "ID_u_zupaniji": 316, "ID_global": 1993, "neighbours list": [ 1847, 1995, 1996, 1550, 1994 ] }, "geometry": { "type": "MultiPolygon", "coordinates": [ [ [ [ 16.24455473676333, 46.3041011034734 ], [ 16.257718440573079, 46.275238260348992 ], [ 16.259885387258016, 46.267353708522016 ], [ 16.250147792030358, 46.260437941735091 ], [ 16.240847627349023, 46.301939419285674 ], [ 16.24455473676333, 46.3041011034734 ] ] ] ] } },
{ "type": "Feature", "properties": { "fid": 94, "Rbr IJ": 3, "Naziv izborne jedinice": "III. IZBORNA JEDINICA", "Rbr.županije": 5, "Županija": "VARAŽDINSKA ŽUPANIJA", "Oznaka Gr/Op/Dr": "grad", "Grad/općina/država": "NOVI MAROF", "Rbr BM": 28, "Naziv BM": "ZAVRŠJE PODBELSKO", "Lokacija BM": "PODRUČNA ŠKOLA ZAVRŠJE PODBELSKO", "Adresa BM": "ZAVRŠJE PODBELSKO 115", "Ukupno birača": 671, "Glasovalo birača": 428, "Glasovalo birača (po listićima)": 428, "Važeći listići": 415, "Nevažeći listići": 13, "Latitude": 46.2164069, "Longitude": 16.2702806, "ID_u_zupaniji": 94, "ID_global": 1391, "neighbours list": [ 1393, 1293, 1294, 1388, 1295, 1553, 1390, 1392 ] }, "geometry": { "type": "MultiPolygon", "coordinates": [ [ [ [ 16.249949955735531, 46.195365683983226 ], [ 16.249308761655548, 46.206352892410074 ], [ 16.261676607877181, 46.226103601860608 ], [ 16.270517514233372, 46.227238064754388 ], [ 16.282808888444723, 46.220960819030239 ], [ 16.285484961682513, 46.210537974671531 ], [ 16.274007159916923, 46.185659984845955 ], [ 16.26711957054426, 46.186087305539168 ], [ 16.249949955735531, 46.195365683983226 ] ] ] ] } },
{ "type": "Feature", "properties": { "fid": 284, "Rbr IJ": 3, "Naziv izborne jedinice": "III. IZBORNA JEDINICA", "Rbr.županije": 5, "Županija": "VARAŽDINSKA ŽUPANIJA", "Oznaka Gr/Op/Dr": "općina", "Grad/općina/država": "SRAČINEC", "Rbr BM": 3, "Naziv BM": "SRAČINEC", "Lokacija BM": "PROSTORIJE DOMA KULTURE SRAČINEC (VELIKA DVORANA U PRIZEMLJU)", "Adresa BM": "VARAŽDINSKA 273", "Ukupno birača": 1198, "Glasovalo birača": 828, "Glasovalo birača (po listićima)": 828, "Važeći listići": 797, "Nevažeći listići": 31, "Latitude": 46.3340036, "Longitude": 16.2662574, "ID_u_zupaniji": 284, "ID_global": 1897, "neighbours list": [ 1898, 1847, 1848, 1996, 1994, 1896 ] }, "geometry": { "type": "MultiPolygon", "coordinates": [ [ [ [ 16.257431642965365, 46.310488586538433 ], [ 16.253940232147706, 46.311225998749812 ], [ 16.250440271271934, 46.3204752315864 ], [ 16.260763455055372, 46.352434784971472 ], [ 16.272005542277551, 46.343996171099128 ], [ 16.262454887948635, 46.309766501342885 ], [ 16.257431642965365, 46.310488586538433 ] ] ] ] } },
{ "type": "Feature", "properties": { "fid": 319, "Rbr IJ": 3, "Naziv izborne jedinice": "III. IZBORNA JEDINICA", "Rbr.županije": 5, "Županija": "VARAŽDINSKA ŽUPANIJA", "Oznaka Gr/Op/Dr": "općina", "Grad/općina/država": "VIDOVEC", "Rbr BM": 4, "Naziv BM": "TUŽNO", "Lokacija BM": "PROSTORIJE OSNOVNE ŠKOLE TUŽNO", "Adresa BM": "VARAŽDINSKA ULICA 16", "Ukupno birača": 761, "Glasovalo birača": 499, "Glasovalo birača (po listićima)": 499, "Važeći listići": 486, "Nevažeći listići": 13, "Latitude": 46.2854397, "Longitude": 16.2592764, "ID_u_zupaniji": 319, "ID_global": 1996, "neighbours list": [ 1993, 1897, 1550, 1994, 1896, 1997 ] }, "geometry": { "type": "MultiPolygon", "coordinates": [ [ [ [ 16.262454887948635, 46.309766501342885 ], [ 16.267985811925048, 46.308299609431948 ], [ 16.271902564659971, 46.272195294494665 ], [ 16.259885387258016, 46.267353708522016 ], [ 16.257718440573079, 46.275238260348992 ], [ 16.257431642965365, 46.310488586538433 ], [ 16.262454887948635, 46.309766501342885 ] ] ] ] } },
{ "type": "Feature", "properties": { "fid": 183, "Rbr IJ": 3, "Naziv izborne jedinice": "III. IZBORNA JEDINICA", "Rbr.županije": 5, "Županija": "VARAŽDINSKA ŽUPANIJA", "Oznaka Gr/Op/Dr": "općina", "Grad/općina/država": "BERETINEC", "Rbr BM": 3, "Naziv BM": "ČREŠNJEVO - 1", "Lokacija BM": "PODRUČNA ŠKOLA - UČIONICA 1", "Adresa BM": "ČREŠNJEVO", "Ukupno birača": 308, "Glasovalo birača": 198, "Glasovalo birača (po listićima)": 198, "Važeći listići": 188, "Nevažeći listići": 10, "Latitude": 46.253897, "Longitude": 16.2719846, "ID_u_zupaniji": 183, "ID_global": 1550, "neighbours list": [ 1995, 1294, 1993, 1996, 1295, 1552, 1997, 1548 ] }, "geometry": { "type": "MultiPolygon", "coordinates": [ [ [ [ 16.250147792030358, 46.260437941735091 ], [ 16.259885387258016, 46.267353708522016 ], [ 16.271902564659971, 46.272195294494665 ], [ 16.291472832348969, 46.26676959630754 ], [ 16.290649545038789, 46.261954645524142 ], [ 16.272273660446846, 46.245094330512977 ], [ 16.250778748026516, 46.250959647933577 ], [ 16.246023364510989, 46.255421587881337 ], [ 16.250147792030358, 46.260437941735091 ] ] ] ] } },
{ "type": "Feature", "properties": { "fid": 317, "Rbr IJ": 3, "Naziv izborne jedinice": "III. IZBORNA JEDINICA", "Rbr.županije": 5, "Županija": "VARAŽDINSKA ŽUPANIJA", "Oznaka Gr/Op/Dr": "općina", "Grad/općina/država": "VIDOVEC", "Rbr BM": 2, "Naziv BM": "VIDOVEC", "Lokacija BM": "PROSTORIJE OPĆINE VIDOVEC", "Adresa BM": "TRG SVETOG VIDA 9", "Ukupno birača": 860, "Glasovalo birača": 529, "Glasovalo birača (po listićima)": 529, "Važeći listići": 502, "Nevažeći listići": 27, "Latitude": 46.285413, "Longitude": 16.2559947, "ID_u_zupaniji": 317, "ID_global": 1994, "neighbours list": [ 1847, 1993, 1897, 1996 ] }, "geometry": { "type": "MultiPolygon", "coordinates": [ [ [ [ 16.253940232147706, 46.311225998749812 ], [ 16.257431642965365, 46.310488586538433 ], [ 16.257718440573079, 46.275238260348992 ], [ 16.24455473676333, 46.3041011034734 ], [ 16.253940232147706, 46.311225998749812 ] ] ] ] } },
{ "type": "Feature", "properties": { "fid": 91, "Rbr IJ": 3, "Naziv izborne jedinice": "III. IZBORNA JEDINICA", "Rbr.županije": 5, "Županija": "VARAŽDINSKA ŽUPANIJA", "Oznaka Gr/Op/Dr": "grad", "Grad/općina/država": "NOVI MAROF", "Rbr BM": 25, "Naziv BM": "KAMENA GORICA", "Lokacija BM": "DRUŠTVENI DOM KAMENA GORICA", "Adresa BM": "KAMENA GORICA 40 B", "Ukupno birača": 169, "Glasovalo birača": 109, "Glasovalo birača (po listićima)": 109, "Važeći listići": 106, "Nevažeći listići": 3, "Latitude": 46.1556095, "Longitude": 16.2665086, "ID_u_zupaniji": 91, "ID_global": 1388, "neighbours list": [ 1393, 1391, 1389, 1387, 1390, 1384 ] }, "geometry": { "type": "MultiPolygon", "coordinates": [ [ [ [ 16.26711957054426, 46.186087305539168 ], [ 16.274007159916923, 46.185659984845955 ], [ 16.280934984720066, 46.18076792575836 ], [ 16.284935513402665, 46.168505743843774 ], [ 16.268840971164533, 46.147604097170642 ], [ 16.254947433108324, 46.161113908713347 ], [ 16.26711957054426, 46.186087305539168 ] ] ] ] } },
{ "type": "Feature", "properties": { "fid": 33, "Rbr IJ": 3, "Naziv izborne jedinice": "III. IZBORNA JEDINICA", "Rbr.županije": 5, "Županija": "VARAŽDINSKA ŽUPANIJA", "Oznaka Gr/Op/Dr": "grad", "Grad/općina/država": "IVANEC", "Rbr BM": 33, "Naziv BM": "ŠKRILJEVEC", "Lokacija BM": "DRUŠTVENI DOM", "Adresa BM": "ŠKRILJEVEC", "Ukupno birača": 194, "Glasovalo birača": 108, "Glasovalo birača (po listićima)": 108, "Važeći listići": 104, "Nevažeći listići": 4, "Latitude": 46.2376585, "Longitude": 16.2675536, "ID_u_zupaniji": 33, "ID_global": 1295, "neighbours list": [ 1294, 1391, 1550, 1553, 1552 ] }, "geometry": { "type": "MultiPolygon", "coordinates": [ [ [ [ 16.250778748026516, 46.250959647933577 ], [ 16.272273660446846, 46.245094330512977 ], [ 16.274746357354768, 46.239885342255171 ], [ 16.270517514233372, 46.227238064754388 ], [ 16.261676607877181, 46.226103601860608 ], [ 16.250778748026516, 46.250959647933577 ] ] ] ] } },
{ "type": "Feature", "properties": { "fid": 92, "Rbr IJ": 3, "Naziv izborne jedinice": "III. IZBORNA JEDINICA", "Rbr.županije": 5, "Županija": "VARAŽDINSKA ŽUPANIJA", "Oznaka Gr/Op/Dr": "grad", "Grad/općina/država": "NOVI MAROF", "Rbr BM": 26, "Naziv BM": "PODRUTE", "Lokacija BM": "ZADRUŽNI DOM PODRUTE (U PRIZEMLJU)", "Adresa BM": "PODRUTE 29", "Ukupno birača": 207, "Glasovalo birača": 108, "Glasovalo birača (po listićima)": 108, "Važeći listići": 107, "Nevažeći listići": 1, "Latitude": 46.1497114, "Longitude": 16.2607734, "ID_u_zupaniji": 92, "ID_global": 1389, "neighbours list": [ 1393, 1388, 1387, 1567, 1568 ] }, "geometry": { "type": "MultiPolygon", "coordinates": [ [ [ [ 16.243323672417763, 46.115436022095849 ], [ 16.24319003930097, 46.11585122486369 ], [ 16.242941080364805, 46.115998583578872 ], [ 16.242401429164698, 46.116197202393117 ], [ 16.242396495590594, 46.116284196749227 ], [ 16.242384552432821, 46.116403926073644 ], [ 16.242319625520278, 46.116677032688543 ], [ 16.242221350883515, 46.116887621664134 ], [ 16.242183378319783, 46.117012420805963 ], [ 16.242130328760513, 46.117124229575182 ], [ 16.24197995782794, 46.117269649139097 ], [ 16.241911514888546, 46.117408415440011 ], [ 16.241879757779952, 46.117504166701686 ], [ 16.241759614778282, 46.117576234933928 ], [ 16.241524761780401, 46.117720383302355 ], [ 16.241302991777498, 46.11786096180996 ], [ 16.241086349064599, 46.117956294268801 ], [ 16.240924793479032, 46.118030157275761 ], [ 16.240755004474728, 46.118149078659407 ], [ 16.240604106463778, 46.118267592785827 ], [ 16.240468024124191, 46.11839945659144 ], [ 16.240428563260519, 46.118509495904199 ], [ 16.240370457747069, 46.118622372042111 ], [ 16.240188965914822, 46.118808117117965 ], [ 16.239929920468608, 46.119032284579575 ], [ 16.239767568385307, 46.119191889911932 ], [ 16.239671734958733, 46.119265720786906 ], [ 16.239573515801872, 46.119296628266078 ], [ 16.239497780774361, 46.119306172950729 ], [ 16.239253351597213, 46.1194478654729 ], [ 16.239135050840261, 46.119539189687039 ], [ 16.239266194089659, 46.11966023478967 ], [ 16.239503868010814, 46.119799067604262 ], [ 16.239663235795579, 46.11988904535805 ], [ 16.239960944367578, 46.120000931581238 ], [ 16.240080137033381, 46.120022526644732 ], [ 16.240178041284661, 46.120058829028153 ], [ 16.240388688146073, 46.120167816972561 ], [ 16.240477335946203, 46.120219123829521 ], [ 16.240567776561676, 46.120246861347717 ], [ 16.240654361659249, 46.120351788230842 ], [ 16.24071746279629, 46.120470607839316 ], [ 16.240832462646392, 46.120641640365697 ], [ 16.24089501953371, 46.120766306982844 ], [ 16.24090323693634, 46.120807443985747 ], [ 16.240683354490542, 46.120956393130172 ], [ 16.240486817521251, 46.121065716069715 ], [ 16.240110366430535, 46.121243370324976 ], [ 16.240030585114049, 46.121287366416119 ], [ 16.239971883636393, 46.121361102009402 ], [ 16.239931616526246, 46.121421833203321 ], [ 16.239907400948784, 46.121508513578355 ], [ 16.239899334661654, 46.12154538479178 ], [ 16.239848431206731, 46.121611670174055 ], [ 16.239779189142094, 46.121670535873662 ], [ 16.239704676724855, 46.12172201161637 ], [ 16.239653893786578, 46.121790096675468 ], [ 16.239650724422379, 46.12188609230153 ], [ 16.239635294821898, 46.121975311909907 ], [ 16.239614705262337, 46.122061190702787 ], [ 16.239550747948901, 46.122151649362905 ], [ 16.239500435228656, 46.122174748148133 ], [ 16.239496762429773, 46.122267683481745 ], [ 16.239503293542629, 46.122309536527965 ], [ 16.239522395044276, 46.122347279389665 ], [ 16.239510493847369, 46.122429039127383 ], [ 16.239436182924905, 46.122464949552231 ], [ 16.239364883121659, 46.122465956672862 ], [ 16.23932751378285, 46.122488095172272 ], [ 16.239293344761119, 46.122544971130502 ], [ 16.239246731207704, 46.122606677316064 ], [ 16.239178914801567, 46.122664646148841 ], [ 16.239077279277705, 46.122705262638874 ], [ 16.23894533712571, 46.122751928097408 ], [ 16.238875983341444, 46.122751769688371 ], [ 16.238755709449403, 46.122985158738466 ], [ 16.238741049764698, 46.123075369688642 ], [ 16.23876636016502, 46.123222985762169 ], [ 16.23884600467056, 46.123455212051844 ], [ 16.238934733119965, 46.123654618323108 ], [ 16.239057048309689, 46.123838625577598 ], [ 16.239172601522682, 46.124002462974524 ], [ 16.239242741928763, 46.124083060214154 ], [ 16.239268048009318, 46.124122256852267 ], [ 16.239273056800364, 46.124239954939746 ], [ 16.23924725640634, 46.124360371959014 ], [ 16.239267011941827, 46.124506445650013 ], [ 16.239318766971728, 46.124644404633003 ], [ 16.239332671534978, 46.124796493253776 ], [ 16.239322154255937, 46.124886443772411 ], [ 16.239296066535399, 46.124958003980232 ], [ 16.239244065016923, 46.125036793005414 ], [ 16.239212674303847, 46.125135243470226 ], [ 16.239157788574129, 46.125276738097412 ], [ 16.239131770394675, 46.1253608948508 ], [ 16.239118433109645, 46.12544508053864 ], [ 16.239128393486535, 46.125500617532111 ], [ 16.239158938653187, 46.125581394355748 ], [ 16.239176749919068, 46.125645946707245 ], [ 16.239175519291287, 46.125714774383539 ], [ 16.2391880544718, 46.125800548672004 ], [ 16.239213765104697, 46.125863859395629 ], [ 16.239232962212874, 46.125908980407964 ], [ 16.239255480848627, 46.125963196416272 ], [ 16.239258289625127, 46.126053537205138 ], [ 16.239261608085393, 46.126090704236063 ], [ 16.239271798520413, 46.126207244433836 ], [ 16.239273556855483, 46.126300821903769 ], [ 16.239290646298539, 46.126408740281349 ], [ 16.239393172183057, 46.126537457622433 ], [ 16.239444640433991, 46.126599477389021 ], [ 16.239462187590345, 46.126637846510505 ], [ 16.239476224022756, 46.12670724882102 ], [ 16.239499077982725, 46.126772802321376 ], [ 16.23954855297568, 46.12684597433045 ], [ 16.239688354895915, 46.127028221157339 ], [ 16.239920534976033, 46.127351488061237 ], [ 16.240146758520986, 46.12764864834152 ], [ 16.240581091855475, 46.128354134821798 ], [ 16.240757849723913, 46.12865981911559 ], [ 16.241027704535298, 46.12906504584867 ], [ 16.241185372155659, 46.129303205368117 ], [ 16.24127662782444, 46.129408861980934 ], [ 16.241353973438553, 46.129472828885426 ], [ 16.241449148481557, 46.129487710027803 ], [ 16.241583064955929, 46.129519953769226 ], [ 16.241741622168167, 46.129596250521459 ], [ 16.241846709920722, 46.129760781196921 ], [ 16.241962532034673, 46.129871441323871 ], [ 16.242070942582775, 46.129962020312206 ], [ 16.242193140472299, 46.13003769453843 ], [ 16.242273462170868, 46.130074405276503 ], [ 16.242458807193092, 46.130123499170836 ], [ 16.24259174879025, 46.130143233086123 ], [ 16.242742171978357, 46.1301605768816 ], [ 16.243463192591179, 46.130171914521469 ], [ 16.243778162373697, 46.130175050258231 ], [ 16.243984726546049, 46.130197466835547 ], [ 16.24399433559622, 46.130358002713201 ], [ 16.244211506811659, 46.130353630259243 ], [ 16.244623768074369, 46.130362469770084 ], [ 16.244648739589095, 46.130391497316566 ], [ 16.244636438311264, 46.130421071418667 ], [ 16.244590570892562, 46.130461187506157 ], [ 16.244513889010641, 46.130560437870592 ], [ 16.244467925695457, 46.130649229849304 ], [ 16.244467612799347, 46.130716889905329 ], [ 16.244494734459945, 46.130784701259778 ], [ 16.244543138561667, 46.130839783804653 ], [ 16.244631064202348, 46.130911869814632 ], [ 16.244691850283846, 46.130947995356578 ], [ 16.244880413434466, 46.130973879107373 ], [ 16.244982394170471, 46.131029081025112 ], [ 16.245072936819941, 46.131067072232497 ], [ 16.245093721156632, 46.131134239486457 ], [ 16.245120219739466, 46.131281226769858 ], [ 16.245122599729317, 46.131438597298676 ], [ 16.245112876995606, 46.131806930788031 ], [ 16.245108565674418, 46.132096278808667 ], [ 16.245071416873909, 46.132350193654702 ], [ 16.245064729563548, 46.132481271414527 ], [ 16.245039793524356, 46.1326125783932 ], [ 16.244996578853943, 46.132806646703244 ], [ 16.244957708678729, 46.132956637241101 ], [ 16.244894098029864, 46.132971161122143 ], [ 16.244784006271701, 46.132962097889632 ], [ 16.244712105792754, 46.132950150695159 ], [ 16.244568114005556, 46.13296755398126 ], [ 16.244453731623633, 46.132990781642782 ], [ 16.244330698226641, 46.133037653100892 ], [ 16.244240916110591, 46.133086398315079 ], [ 16.244161241860596, 46.133160178956146 ], [ 16.244102539871729, 46.133232476927276 ], [ 16.244027089272823, 46.133316344057228 ], [ 16.243966274004677, 46.133369832581621 ], [ 16.243857506966961, 46.133437789482102 ], [ 16.243738196822274, 46.133518678951695 ], [ 16.243659803746969, 46.13356708933955 ], [ 16.24350548452966, 46.133634223948633 ], [ 16.2433849471028, 46.133672642394366 ], [ 16.243254048197041, 46.133712746953847 ], [ 16.243169688683761, 46.133763842833858 ], [ 16.243104842019225, 46.133793388658503 ], [ 16.24302829332164, 46.133834604807248 ], [ 16.242923210286214, 46.133889162915708 ], [ 16.242898507913775, 46.133913400435908 ], [ 16.242891965856739, 46.133928681362555 ], [ 16.242925539077465, 46.133944952255106 ], [ 16.243075354344082, 46.134011780128077 ], [ 16.243099687962875, 46.134039007073397 ], [ 16.243161650016262, 46.134073246590226 ], [ 16.24319234712452, 46.134123611222371 ], [ 16.243261798890995, 46.134217160609573 ], [ 16.243295001346667, 46.134285435735883 ], [ 16.243310435664075, 46.134333966571049 ], [ 16.243341258026017, 46.134357429111169 ], [ 16.243423764730835, 46.134398912558453 ], [ 16.243506434394902, 46.134433198363553 ], [ 16.243640562774218, 46.134478396446212 ], [ 16.243800516762612, 46.134536248664524 ], [ 16.243846999155618, 46.134559746164427 ], [ 16.243883095106131, 46.134590328348096 ], [ 16.244037881238398, 46.134646369167257 ], [ 16.244169534938134, 46.134695160059913 ], [ 16.244316456549473, 46.134772776742153 ], [ 16.244383472499287, 46.134833929224904 ], [ 16.244433013999899, 46.134895672421457 ], [ 16.244543061437188, 46.135027100993391 ], [ 16.244610976887905, 46.135117766933334 ], [ 16.244656317557297, 46.135192456949163 ], [ 16.244717866708509, 46.135260525043478 ], [ 16.244740222679553, 46.135323916899836 ], [ 16.244749839181022, 46.13537144482234 ], [ 16.244756300486252, 46.13598985281957 ], [ 16.244833327515313, 46.13609763407807 ], [ 16.244982175385143, 46.136291680956184 ], [ 16.245033265291951, 46.136354866919916 ], [ 16.245104072832344, 46.136436361615637 ], [ 16.245151963798246, 46.136547766625156 ], [ 16.245206662143541, 46.136670523549476 ], [ 16.245293651689231, 46.136779406381848 ], [ 16.245362135076864, 46.136859906015388 ], [ 16.245415008033117, 46.136929573924256 ], [ 16.24542716247219, 46.136988264242888 ], [ 16.245451940466904, 46.137060028945108 ], [ 16.24546092865954, 46.13713175848266 ], [ 16.245473172820198, 46.137199086527438 ], [ 16.245485277221817, 46.13726866361656 ], [ 16.245556777367025, 46.137368784241339 ], [ 16.245703324926389, 46.137473390561048 ], [ 16.245781248108152, 46.137527908360028 ], [ 16.245834083046642, 46.137577961584874 ], [ 16.2459088804092, 46.137636791111987 ], [ 16.246067943605539, 46.137750152284966 ], [ 16.246148953932966, 46.137808995454513 ], [ 16.246373468519831, 46.137931139060051 ], [ 16.246504448425664, 46.138016095404595 ], [ 16.246632521381997, 46.138057677546065 ], [ 16.2467857431132, 46.138062425794672 ], [ 16.247030010385444, 46.13805468898191 ], [ 16.247371042301086, 46.138057422607915 ], [ 16.247541001440304, 46.138024867501592 ], [ 16.247742212333907, 46.138064270571178 ], [ 16.248181633855122, 46.138175367955938 ], [ 16.248608956074452, 46.138300563004364 ], [ 16.248868977900866, 46.138357818343387 ], [ 16.249068154444338, 46.138389656767075 ], [ 16.24933540106424, 46.138452235386239 ], [ 16.249795662408548, 46.138564361971127 ], [ 16.249987403761011, 46.138609228788333 ], [ 16.250176109530539, 46.13863852309867 ], [ 16.250364766172151, 46.138650092056558 ], [ 16.250547131265613, 46.138650490162789 ], [ 16.25071980819904, 46.138675339855936 ], [ 16.250972442310008, 46.138707021599494 ], [ 16.251218614753078, 46.13876532110865 ], [ 16.251672371049807, 46.138915125194714 ], [ 16.252043915493477, 46.139041805736994 ], [ 16.252331054405239, 46.139143649274821 ], [ 16.252549281460141, 46.139228967618983 ], [ 16.252863739145262, 46.139358221126933 ], [ 16.253195617572498, 46.139528539646115 ], [ 16.253517343395519, 46.139712061522232 ], [ 16.25377547329331, 46.13984793911029 ], [ 16.253936659219843, 46.139925664051574 ], [ 16.254103178344423, 46.139997551909978 ], [ 16.254180864135769, 46.140049904064213 ], [ 16.25426685989866, 46.140125487387579 ], [ 16.25429159058168, 46.140181684484091 ], [ 16.254283040353272, 46.140241588959881 ], [ 16.254243788549559, 46.140307275760485 ], [ 16.254226859545753, 46.140359424431303 ], [ 16.254226464019155, 46.140448318142795 ], [ 16.254258225448659, 46.140582538034778 ], [ 16.254260965653963, 46.140839420403694 ], [ 16.254212137364053, 46.141224585134502 ], [ 16.254163725960481, 46.141486845910237 ], [ 16.25415926206059, 46.141559175595376 ], [ 16.254175327980263, 46.141642886183433 ], [ 16.254207958838002, 46.141698200529483 ], [ 16.254270571036884, 46.141793437903068 ], [ 16.254368479764363, 46.141926810189581 ], [ 16.254789898664779, 46.142166866444114 ], [ 16.255160303033819, 46.142323675699302 ], [ 16.255599622760222, 46.142351788027796 ], [ 16.256626532069468, 46.142423529028548 ], [ 16.25665618436302, 46.142362319710749 ], [ 16.256862164575491, 46.142352500947446 ], [ 16.25761245408011, 46.142839595200776 ], [ 16.257736081899232, 46.143987568226926 ], [ 16.251604761903575, 46.144480424469684 ], [ 16.250634481687165, 46.144445201480849 ], [ 16.244401340306052, 46.145349710865602 ], [ 16.244493497188522, 46.145407500360967 ], [ 16.244651761998394, 46.145557750973865 ], [ 16.244748784575183, 46.14568321170777 ], [ 16.244826247452615, 46.145783615876823 ], [ 16.244812240891118, 46.145817324923755 ], [ 16.244650377118724, 46.145857271898073 ], [ 16.244378589521418, 46.145930173356874 ], [ 16.244098287583586, 46.14602455893462 ], [ 16.24393007983468, 46.146064490685866 ], [ 16.243882943113533, 46.146068343949359 ], [ 16.243869754726227, 46.146092967321579 ], [ 16.243871497375146, 46.146135888903125 ], [ 16.243919757790522, 46.14622471155112 ], [ 16.243991150935791, 46.146321863609415 ], [ 16.244122532660572, 46.146491219217673 ], [ 16.244136453553999, 46.146532008671421 ], [ 16.244140592142411, 46.146588701654444 ], [ 16.244130274315548, 46.146636364863745 ], [ 16.244092809384512, 46.146703941564638 ], [ 16.244066823323845, 46.146752649380268 ], [ 16.244049533570294, 46.146796338108572 ], [ 16.244026911148584, 46.147013035188586 ], [ 16.2439963661277, 46.147123634992163 ], [ 16.243957385407001, 46.147210912586836 ], [ 16.243744231619882, 46.147534791753195 ], [ 16.243742162638991, 46.147701689148249 ], [ 16.243778085648703, 46.14788297758804 ], [ 16.243958692134978, 46.148045875547894 ], [ 16.244070758815727, 46.148165972049249 ], [ 16.244117933379822, 46.148238146936151 ], [ 16.244184723745285, 46.148267627989199 ], [ 16.244281377973095, 46.148277741400143 ], [ 16.244402633743555, 46.148314632056433 ], [ 16.244500840219263, 46.148408964537936 ], [ 16.244614371941935, 46.148548588158448 ], [ 16.24508396541199, 46.148954789785144 ], [ 16.245215966002519, 46.149048207281112 ], [ 16.24547272978656, 46.149176542520983 ], [ 16.245755335163654, 46.149343983423954 ], [ 16.245895617630527, 46.149410426314013 ], [ 16.246258966845293, 46.149529999244521 ], [ 16.246478918361223, 46.149556759698953 ], [ 16.246632519883917, 46.149570326443261 ], [ 16.246812575462151, 46.14960230629444 ], [ 16.247017245320041, 46.149630471450727 ], [ 16.247299717959088, 46.149658718282964 ], [ 16.247664652222582, 46.149687416394826 ], [ 16.248058472765454, 46.149683966278531 ], [ 16.248259482497701, 46.149691697020842 ], [ 16.248512683330162, 46.149751817197334 ], [ 16.248702942619193, 46.149817736755161 ], [ 16.248843265178611, 46.149819484728077 ], [ 16.248901809237179, 46.14984138707311 ], [ 16.249226455703951, 46.149847948039714 ], [ 16.249397908015112, 46.149893491032898 ], [ 16.249527487815094, 46.149951898300138 ], [ 16.249734573944053, 46.149990230956909 ], [ 16.250035581102811, 46.150014282819484 ], [ 16.250158481878266, 46.150032636289851 ], [ 16.250255284057303, 46.150068207639976 ], [ 16.250500900467753, 46.150174643499298 ], [ 16.250581631899085, 46.150214318303732 ], [ 16.250722390560032, 46.15032043487502 ], [ 16.250808581855885, 46.150355172848705 ], [ 16.250876483429455, 46.15036926683176 ], [ 16.251054839087391, 46.15031998968167 ], [ 16.251173677637102, 46.150291996552781 ], [ 16.251252698668026, 46.150309173635016 ], [ 16.251377199175611, 46.150346243887171 ], [ 16.251470348355983, 46.150388374370152 ], [ 16.251597432519034, 46.150484293057097 ], [ 16.251721239442812, 46.150531798421028 ], [ 16.251838795396022, 46.150558775987278 ], [ 16.252011013722193, 46.150578854049463 ], [ 16.25208787605527, 46.150615640222512 ], [ 16.252221301720024, 46.150683500048061 ], [ 16.252332785869051, 46.150707764721751 ], [ 16.252592186290691, 46.150715344412923 ], [ 16.252851722686483, 46.150721484223958 ], [ 16.252908510045099, 46.15073150413518 ], [ 16.252979282666271, 46.150769626155878 ], [ 16.253019588258368, 46.150817669434844 ], [ 16.253097915104654, 46.150961437281147 ], [ 16.253093712826068, 46.151003716025258 ], [ 16.253071430706239, 46.151036058566739 ], [ 16.253020601554891, 46.151054213498867 ], [ 16.252933157757774, 46.151096312359364 ], [ 16.252894447224062, 46.151125740187148 ], [ 16.252878492469662, 46.151248430346854 ], [ 16.252873711959452, 46.151333085622966 ], [ 16.252889123966977, 46.15138953268837 ], [ 16.252814878571542, 46.151837802965346 ], [ 16.252785087326121, 46.151956864213908 ], [ 16.25282239689416, 46.152182689832976 ], [ 16.252857526313292, 46.152317187042001 ], [ 16.252910251104577, 46.152367506547101 ], [ 16.252994476737559, 46.152437508443541 ], [ 16.252999765983628, 46.15247063032745 ], [ 16.252976387792266, 46.152545258282984 ], [ 16.252932162790373, 46.152591679297288 ], [ 16.252910706438119, 46.152641838447209 ], [ 16.25289288544317, 46.152689666125568 ], [ 16.252894467980159, 46.152741044734135 ], [ 16.252924327570899, 46.152780337965282 ], [ 16.252966433518186, 46.152802472608528 ], [ 16.253038632910403, 46.152840597661431 ], [ 16.253080764599662, 46.152885945624504 ], [ 16.253119199804143, 46.152947300970375 ], [ 16.253130472123225, 46.153003199202367 ], [ 16.253127166692362, 46.153047549272628 ], [ 16.253063157776406, 46.153088529163277 ], [ 16.253042850134808, 46.153113408106293 ], [ 16.253089319793435, 46.153173071309638 ], [ 16.253163743894721, 46.153234954235607 ], [ 16.253230452630312, 46.153314095475046 ], [ 16.253262853776267, 46.153393162629591 ], [ 16.253267011056515, 46.153505819109839 ], [ 16.253262564221885, 46.153660744817586 ], [ 16.253222209900134, 46.153825850051355 ], [ 16.253144460144192, 46.153986375816828 ], [ 16.253086778936229, 46.154059670057933 ], [ 16.252947397126956, 46.154192440515132 ], [ 16.252830139788959, 46.154299346117291 ], [ 16.252664530026262, 46.154419823042865 ], [ 16.252236763630481, 46.154652289342735 ], [ 16.252083228490779, 46.154735812263695 ], [ 16.251885089640624, 46.154834083889632 ], [ 16.251702418944365, 46.154947324457353 ], [ 16.251618926054931, 46.154972965620154 ], [ 16.251535304025996, 46.154998516467167 ], [ 16.251445726431921, 46.155024054303858 ], [ 16.25135617407938, 46.155015222048441 ], [ 16.251281892552264, 46.155036564246885 ], [ 16.251198403510507, 46.15509000708343 ], [ 16.251120792744199, 46.155160557720514 ], [ 16.251043417141283, 46.155207625597015 ], [ 16.250761969287808, 46.155318490116656 ], [ 16.250752033538703, 46.155425807456446 ], [ 16.250723578373918, 46.155562955783957 ], [ 16.250686230647784, 46.155633683885689 ], [ 16.250583983842663, 46.155740709868212 ], [ 16.250526342528151, 46.155804015767494 ], [ 16.250521914737938, 46.155838376176462 ], [ 16.250417843638367, 46.156033752501131 ], [ 16.250462738117573, 46.156098091950945 ], [ 16.2504624814996, 46.156154864988416 ], [ 16.250432174440785, 46.156214541566257 ], [ 16.250384471139, 46.156284617135015 ], [ 16.250272691144019, 46.1563937244306 ], [ 16.254947433108324, 46.161113908713347 ], [ 16.268840971164533, 46.147604097170642 ], [ 16.265700733382083, 46.125367027410185 ], [ 16.259665201985118, 46.121928947226898 ], [ 16.243555847751672, 46.11497382990602 ], [ 16.243323672417763, 46.115436022095849 ] ] ] ] } },
{ "type": "Feature", "properties": { "fid": 90, "Rbr IJ": 3, "Naziv izborne jedinice": "III. IZBORNA JEDINICA", "Rbr.županije": 5, "Županija": "VARAŽDINSKA ŽUPANIJA", "Oznaka Gr/Op/Dr": "grad", "Grad/općina/država": "NOVI MAROF", "Rbr BM": 24, "Naziv BM": "JELENŠČAK", "Lokacija BM": "KUĆA VL. NEVENKE KUZMIĆ", "Adresa BM": "JELENŠČAK 7", "Ukupno birača": 151, "Glasovalo birača": 86, "Glasovalo birača (po listićima)": 86, "Važeći listići": 86, "Nevažeći listići": 0, "Latitude": 46.147395, "Longitude": 16.2771766, "ID_u_zupaniji": 90, "ID_global": 1387, "neighbours list": [ 1388, 1389, 1568, 1383, 1384 ] }, "geometry": { "type": "MultiPolygon", "coordinates": [ [ [ [ 16.268840971164533, 46.147604097170642 ], [ 16.284935513402665, 46.168505743843774 ], [ 16.289126726766785, 46.162626740329884 ], [ 16.268885958270481, 46.125939419790335 ], [ 16.265700733382083, 46.125367027410185 ], [ 16.268840971164533, 46.147604097170642 ] ] ] ] } },
{ "type": "Feature", "properties": { "fid": 283, "Rbr IJ": 3, "Naziv izborne jedinice": "III. IZBORNA JEDINICA", "Rbr.županije": 5, "Županija": "VARAŽDINSKA ŽUPANIJA", "Oznaka Gr/Op/Dr": "općina", "Grad/općina/država": "SRAČINEC", "Rbr BM": 2, "Naziv BM": "SRAČINEC", "Lokacija BM": "PROSTORIJE UDRUGE UMIROVLJENIKA", "Adresa BM": "TRG SV. MIHAELA 1", "Ukupno birača": 1069, "Glasovalo birača": 672, "Glasovalo birača (po listićima)": 672, "Važeći listići": 644, "Nevažeći listići": 28, "Latitude": 46.3324711, "Longitude": 16.2717499, "ID_u_zupaniji": 283, "ID_global": 1896, "neighbours list": [ 1898, 1897, 1996, 1997, 1895 ] }, "geometry": { "type": "MultiPolygon", "coordinates": [ [ [ [ 16.262454887948635, 46.309766501342885 ], [ 16.272005542277551, 46.343996171099128 ], [ 16.280304832932039, 46.340545999635353 ], [ 16.270072469593806, 46.308750533648698 ], [ 16.267985811925048, 46.308299609431948 ], [ 16.262454887948635, 46.309766501342885 ] ] ] ] } },
{ "type": "Feature", "properties": { "fid": 186, "Rbr IJ": 3, "Naziv izborne jedinice": "III. IZBORNA JEDINICA", "Rbr.županije": 5, "Županija": "VARAŽDINSKA ŽUPANIJA", "Oznaka Gr/Op/Dr": "općina", "Grad/općina/država": "BERETINEC", "Rbr BM": 6, "Naziv BM": "LEDINEC GORNJI", "Lokacija BM": "MJESNI ODBOR", "Adresa BM": "LEDINEC GORNJI, ŠKOLSKA BB", "Ukupno birača": 155, "Glasovalo birača": 83, "Glasovalo birača (po listićima)": 83, "Važeći listići": 77, "Nevažeći listići": 6, "Latitude": 46.23378, "Longitude": 16.2791531, "ID_u_zupaniji": 186, "ID_global": 1553, "neighbours list": [ 1391, 1295, 1552, 1392 ] }, "geometry": { "type": "MultiPolygon", "coordinates": [ [ [ [ 16.274746357354768, 46.239885342255171 ], [ 16.292822779140614, 46.236601296160998 ], [ 16.282808888444723, 46.220960819030239 ], [ 16.270517514233372, 46.227238064754388 ], [ 16.274746357354768, 46.239885342255171 ] ] ] ] } },
{ "type": "Feature", "properties": { "fid": 196, "Rbr IJ": 3, "Naziv izborne jedinice": "III. IZBORNA JEDINICA", "Rbr.županije": 5, "Županija": "VARAŽDINSKA ŽUPANIJA", "Oznaka Gr/Op/Dr": "općina", "Grad/općina/država": "BREZNIČKI HUM", "Rbr BM": 4, "Naziv BM": "RADEŠIĆ", "Lokacija BM": "VATROGASNI DOM RADEŠIĆ", "Adresa BM": "RADEŠIĆ", "Ukupno birača": 164, "Glasovalo birača": 101, "Glasovalo birača (po listićima)": 101, "Važeći listići": 98, "Nevažeći listići": 3, "Latitude": 46.0968323, "Longitude": 16.2902573, "ID_u_zupaniji": 196, "ID_global": 1569, "neighbours list": [ 1560, 1567, 1568, 2008, 1380, 2006 ] }, "geometry": { "type": "MultiPolygon", "coordinates": [ [ [ [ 16.27598764265295, 46.086980319959238 ], [ 16.287273923519937, 46.102814456868714 ], [ 16.304713771692292, 46.111812117333656 ], [ 16.307762245363655, 46.108849659237769 ], [ 16.29965068529253, 46.087093322493828 ], [ 16.282591803151792, 46.082009973972404 ], [ 16.27598764265295, 46.086980319959238 ] ] ] ] } },
{ "type": "Feature", "properties": { "fid": 185, "Rbr IJ": 3, "Naziv izborne jedinice": "III. IZBORNA JEDINICA", "Rbr.županije": 5, "Županija": "VARAŽDINSKA ŽUPANIJA", "Oznaka Gr/Op/Dr": "općina", "Grad/općina/država": "BERETINEC", "Rbr BM": 5, "Naziv BM": "LEDINEC", "Lokacija BM": "MJESNI ODBOR", "Adresa BM": "LEDINEC, ŠKOLSKA BB", "Ukupno birača": 159, "Glasovalo birača": 85, "Glasovalo birača (po listićima)": 85, "Važeći listići": 81, "Nevažeći listići": 4, "Latitude": 46.2440505, "Longitude": 16.281019, "ID_u_zupaniji": 185, "ID_global": 1552, "neighbours list": [ 1550, 1295, 1553, 1392, 1548 ] }, "geometry": { "type": "MultiPolygon", "coordinates": [ [ [ [ 16.290649545038789, 46.261954645524142 ], [ 16.294666180668639, 46.237911908757063 ], [ 16.292822779140614, 46.236601296160998 ], [ 16.274746357354768, 46.239885342255171 ], [ 16.272273660446846, 46.245094330512977 ], [ 16.290649545038789, 46.261954645524142 ] ] ] ] } },
{ "type": "Feature", "properties": { "fid": 320, "Rbr IJ": 3, "Naziv izborne jedinice": "III. IZBORNA JEDINICA", "Rbr.županije": 5, "Županija": "VARAŽDINSKA ŽUPANIJA", "Oznaka Gr/Op/Dr": "općina", "Grad/općina/država": "VIDOVEC", "Rbr BM": 5, "Naziv BM": "NEDELJANEC", "Lokacija BM": "PROSTORIJE DRUŠTVENOG DOMA", "Adresa BM": "VARAŽDINSKA ULICA 168", "Ukupno birača": 661, "Glasovalo birača": 411, "Glasovalo birača (po listićima)": 410, "Važeći listići": 396, "Nevažeći listići": 14, "Latitude": 46.2878392, "Longitude": 16.2813948, "ID_u_zupaniji": 320, "ID_global": 1997, "neighbours list": [ 1996, 1550, 1896, 1998, 1895, 1548 ] }, "geometry": { "type": "MultiPolygon", "coordinates": [ [ [ [ 16.267985811925048, 46.308299609431948 ], [ 16.270072469593806, 46.308750533648698 ], [ 16.277769105463147, 46.308535537238306 ], [ 16.292999818947692, 46.267700043886762 ], [ 16.291472832348969, 46.26676959630754 ], [ 16.271902564659971, 46.272195294494665 ], [ 16.267985811925048, 46.308299609431948 ] ] ] ] } },
{ "type": "Feature", "properties": { "fid": 93, "Rbr IJ": 3, "Naziv izborne jedinice": "III. IZBORNA JEDINICA", "Rbr.županije": 5, "Županija": "VARAŽDINSKA ŽUPANIJA", "Oznaka Gr/Op/Dr": "grad", "Grad/općina/država": "NOVI MAROF", "Rbr BM": 27, "Naziv BM": "PODEVČEVO", "Lokacija BM": "DRUŠTVENI DOM PODEVČEVO", "Adresa BM": "PODEVČEVO 90", "Ukupno birača": 600, "Glasovalo birača": 368, "Glasovalo birača (po listićima)": 368, "Važeći listići": 355, "Nevažeći listići": 13, "Latitude": 46.2027796, "Longitude": 16.2998176, "ID_u_zupaniji": 93, "ID_global": 1390, "neighbours list": [ 1391, 1388, 1392, 1384, 1922, 1369, 1370 ] }, "geometry": { "type": "MultiPolygon", "coordinates": [ [ [ [ 16.285484961682513, 46.210537974671531 ], [ 16.303070344461648, 46.213873337344204 ], [ 16.314716372214004, 46.207032422289736 ], [ 16.312155016257758, 46.191226501589931 ], [ 16.309234673273082, 46.18713104655275 ], [ 16.280934984720066, 46.18076792575836 ], [ 16.274007159916923, 46.185659984845955 ], [ 16.285484961682513, 46.210537974671531 ] ] ] ] } },
{ "type": "Feature", "properties": { "fid": 95, "Rbr IJ": 3, "Naziv izborne jedinice": "III. IZBORNA JEDINICA", "Rbr.županije": 5, "Županija": "VARAŽDINSKA ŽUPANIJA", "Oznaka Gr/Op/Dr": "grad", "Grad/općina/država": "NOVI MAROF", "Rbr BM": 29, "Naziv BM": "FILIPIĆI", "Lokacija BM": "KUĆA VL. DIJANE PISKAČ", "Adresa BM": "FILIPIĆI 2", "Ukupno birača": 94, "Glasovalo birača": 56, "Glasovalo birača (po listićima)": 56, "Važeći listići": 56, "Nevažeći listići": 0, "Latitude": 46.2230056, "Longitude": 16.2959814, "ID_u_zupaniji": 95, "ID_global": 1392, "neighbours list": [ 1391, 1553, 1552, 1390, 1548, 1922 ] }, "geometry": { "type": "MultiPolygon", "coordinates": [ [ [ [ 16.282808888444723, 46.220960819030239 ], [ 16.292822779140614, 46.236601296160998 ], [ 16.294666180668639, 46.237911908757063 ], [ 16.304262803901477, 46.234250151840669 ], [ 16.303070344461648, 46.213873337344204 ], [ 16.285484961682513, 46.210537974671531 ], [ 16.282808888444723, 46.220960819030239 ] ] ] ] } },
{ "type": "Feature", "properties": { "fid": 194, "Rbr IJ": 3, "Naziv izborne jedinice": "III. IZBORNA JEDINICA", "Rbr.županije": 5, "Županija": "VARAŽDINSKA ŽUPANIJA", "Oznaka Gr/Op/Dr": "općina", "Grad/općina/država": "BREZNIČKI HUM", "Rbr BM": 2, "Naziv BM": "BREZNIČKI HUM", "Lokacija BM": "VATROGASNI DOM BREZNIČKI HUM", "Adresa BM": "BREZNIČKI HUM", "Ukupno birača": 256, "Glasovalo birača": 140, "Glasovalo birača (po listićima)": 140, "Važeći listići": 134, "Nevažeći listići": 6, "Latitude": 46.1036832, "Longitude": 16.2806458, "ID_u_zupaniji": 194, "ID_global": 1567, "neighbours list": [ 1560, 1389, 1569, 1568 ] }, "geometry": { "type": "MultiPolygon", "coordinates": [ [ [ [ 16.239507778759087, 46.098373389063703 ], [ 16.239529147979518, 46.098422204167122 ], [ 16.239580147858494, 46.098523272229833 ], [ 16.239632613723732, 46.098670140839339 ], [ 16.239688078290406, 46.098811977654933 ], [ 16.239762503240346, 46.098992456845323 ], [ 16.239857521626167, 46.099221929200624 ], [ 16.239934039585759, 46.099370112039047 ], [ 16.240014853626164, 46.099484923905102 ], [ 16.240070910543388, 46.099556131564661 ], [ 16.240164400192661, 46.099643439825506 ], [ 16.240325932574827, 46.099701030939684 ], [ 16.240415064522018, 46.099752429109216 ], [ 16.240435889433339, 46.099807271113058 ], [ 16.240438244826677, 46.099856582705108 ], [ 16.24044059980184, 46.099905984270634 ], [ 16.240413846806486, 46.10001191394381 ], [ 16.240403182087832, 46.100052018526327 ], [ 16.240397570122195, 46.10011786740241 ], [ 16.240395508932711, 46.100253904756642 ], [ 16.240395797370898, 46.100385358724687 ], [ 16.240411755165226, 46.100485177116148 ], [ 16.240442603549564, 46.100664207215473 ], [ 16.24045205132731, 46.100828342853951 ], [ 16.240494885891447, 46.100988955294177 ], [ 16.240499599411457, 46.101087038611844 ], [ 16.240547490628696, 46.101272675519766 ], [ 16.240593146828854, 46.101383358261259 ], [ 16.240582021381989, 46.101549246674367 ], [ 16.240575975446308, 46.101624901817701 ], [ 16.240620982794137, 46.10179127751077 ], [ 16.24064351947608, 46.101867447384272 ], [ 16.240734427092775, 46.102037526157659 ], [ 16.240833160535519, 46.102138611880093 ], [ 16.240985293359664, 46.102271669630234 ], [ 16.241035835527814, 46.102333686849185 ], [ 16.241128066282322, 46.102470207672098 ], [ 16.24117093959563, 46.102540305197707 ], [ 16.24119584501042, 46.102580400399773 ], [ 16.241314115062668, 46.102680720155284 ], [ 16.241396673395592, 46.102728413685711 ], [ 16.241511428017013, 46.102806141593803 ], [ 16.241561567813267, 46.102843774480377 ], [ 16.241579324784581, 46.102891321346604 ], [ 16.24163232689067, 46.103091545219897 ], [ 16.24165911918395, 46.103170873614005 ], [ 16.241674476595445, 46.103261423014253 ], [ 16.241713491774135, 46.103354725116134 ], [ 16.241764175091046, 46.103470007424853 ], [ 16.241821174365736, 46.103534648141022 ], [ 16.241876117244932, 46.103596494964364 ], [ 16.241925193842647, 46.103640423523686 ], [ 16.242019536530886, 46.103713336155444 ], [ 16.242110069537574, 46.103771124341101 ], [ 16.242219102730175, 46.103828234378724 ], [ 16.242479400623502, 46.103956675340406 ], [ 16.242638860839463, 46.104045839636882 ], [ 16.24272979398614, 46.104129091105548 ], [ 16.24278557904908, 46.104204885478786 ], [ 16.242851982112647, 46.104278274390751 ], [ 16.242914779605762, 46.104376038331395 ], [ 16.242928488274689, 46.104432213452938 ], [ 16.242940996578735, 46.104524015902491 ], [ 16.242950549245414, 46.10472297171296 ], [ 16.243263275243592, 46.104815988703422 ], [ 16.243528278516052, 46.104879655954228 ], [ 16.243752988102852, 46.104901753877847 ], [ 16.244006177715946, 46.104918966530832 ], [ 16.244475500957481, 46.10493882137817 ], [ 16.245043429337535, 46.10495016672057 ], [ 16.245515571427042, 46.104947889780227 ], [ 16.245982499825587, 46.104982399002687 ], [ 16.246434058265084, 46.105040265674539 ], [ 16.246905737813812, 46.105110951538713 ], [ 16.2471429832989, 46.105164291812308 ], [ 16.247354768578727, 46.105212896632018 ], [ 16.247638017368985, 46.105304846765101 ], [ 16.247828447742585, 46.10538462481513 ], [ 16.248114819288855, 46.105501323724255 ], [ 16.248214594787996, 46.105519898406925 ], [ 16.248450621782109, 46.105528965674331 ], [ 16.249054560509155, 46.105502221008862 ], [ 16.249716110117632, 46.105521666411725 ], [ 16.250209255064469, 46.105538490727696 ], [ 16.249999761181947, 46.105926453948989 ], [ 16.250822973590587, 46.106642561320392 ], [ 16.250902680993011, 46.106924266147907 ], [ 16.250901643086731, 46.107154689298511 ], [ 16.250913137751308, 46.107876671924423 ], [ 16.25090600821764, 46.108396890467851 ], [ 16.250951038807123, 46.108594933054803 ], [ 16.249201525673296, 46.108948937449377 ], [ 16.2490727805517, 46.108984374874581 ], [ 16.248858040364912, 46.109070189056808 ], [ 16.248790065318552, 46.109140489916982 ], [ 16.248250858536071, 46.109942778079031 ], [ 16.248151707673255, 46.110069334066459 ], [ 16.248070787803023, 46.11019781961663 ], [ 16.247691305039812, 46.110721265350826 ], [ 16.247561890319908, 46.110788910536634 ], [ 16.247512746884464, 46.110842246981022 ], [ 16.247491560773852, 46.110864064039177 ], [ 16.247505417775134, 46.110917449658253 ], [ 16.247505273564645, 46.110949030466323 ], [ 16.247476545267698, 46.110979378459277 ], [ 16.247434828027412, 46.110992872473624 ], [ 16.247383415866814, 46.111004725502539 ], [ 16.247351506816727, 46.111023369720932 ], [ 16.24730714014354, 46.111050444015028 ], [ 16.247248338519114, 46.11106569968657 ], [ 16.247191818932581, 46.111091127518016 ], [ 16.24714044571687, 46.111094432925455 ], [ 16.24698123430581, 46.111114504881755 ], [ 16.246917325133232, 46.111143335259385 ], [ 16.246855987940584, 46.111175500361576 ], [ 16.246635129698856, 46.111266965194453 ], [ 16.24637254551466, 46.111373542750599 ], [ 16.245932258065416, 46.111554313897457 ], [ 16.245691137403384, 46.111690899165808 ], [ 16.245583118179177, 46.111718550954151 ], [ 16.245496503409118, 46.111733383915983 ], [ 16.245394722458169, 46.111726679077172 ], [ 16.245330059109534, 46.111722306217544 ], [ 16.245271515748122, 46.111709309387678 ], [ 16.245169724502926, 46.111704853693226 ], [ 16.245027930265262, 46.111706606914339 ], [ 16.244854840411787, 46.111762005009226 ], [ 16.244604827931731, 46.111834326193922 ], [ 16.244552305378143, 46.11183420883107 ], [ 16.244391832190932, 46.111846716483491 ], [ 16.244296003172387, 46.111895718318685 ], [ 16.244209309366283, 46.111983429638727 ], [ 16.244106922668365, 46.11210754551638 ], [ 16.244038638121591, 46.112214642474818 ], [ 16.243939157081069, 46.112381592660057 ], [ 16.24383632202996, 46.11257426800038 ], [ 16.243826443818858, 46.112667999493958 ], [ 16.243824728408448, 46.112703175754511 ], [ 16.243822162583893, 46.112754365604133 ], [ 16.243876284599345, 46.112800373978914 ], [ 16.24392296149847, 46.112805877038078 ], [ 16.243930498570002, 46.112854480255805 ], [ 16.243895039678716, 46.112940776517782 ], [ 16.243871415329146, 46.113013693057319 ], [ 16.243860328283041, 46.113061174848973 ], [ 16.244003394715204, 46.113372177929058 ], [ 16.244081013457354, 46.113456837959674 ], [ 16.244083736851945, 46.113539260864002 ], [ 16.244074040727149, 46.113621655961289 ], [ 16.243994886151203, 46.113868639148009 ], [ 16.243821548708798, 46.114310836212248 ], [ 16.243563942200375, 46.114957716260754 ], [ 16.243555847751672, 46.11497382990602 ], [ 16.259665201985118, 46.121928947226898 ], [ 16.287273923519937, 46.102814456868714 ], [ 16.27598764265295, 46.086980319959238 ], [ 16.23943649506619, 46.098202411177461 ], [ 16.239507778759087, 46.098373389063703 ] ] ] ] } },
{ "type": "Feature", "properties": { "fid": 287, "Rbr IJ": 3, "Naziv izborne jedinice": "III. IZBORNA JEDINICA", "Rbr.županije": 5, "Županija": "VARAŽDINSKA ŽUPANIJA", "Oznaka Gr/Op/Dr": "općina", "Grad/općina/država": "SVETI ĐURĐ", "Rbr BM": 2, "Naziv BM": "HRŽENICA - 2", "Lokacija BM": "PROSTORIJE NK RADNIČKI", "Adresa BM": "LUDBREŠKA 30", "Ukupno birača": 399, "Glasovalo birača": 206, "Glasovalo birača (po listićima)": 206, "Važeći listići": 200, "Nevažeći listići": 6, "Latitude": 46.2957497, "Longitude": 16.5821498, "ID_u_zupaniji": 287, "ID_global": 1910, "neighbours list": [ 1803, 1911, 1913, 1914 ] }, "geometry": { "type": "MultiPolygon", "coordinates": [ [ [ [ 16.552827266079372, 46.326920602080357 ], [ 16.553897510872407, 46.326878715842497 ], [ 16.553964412088703, 46.326895508917431 ], [ 16.555245728264389, 46.326882301061779 ], [ 16.556199109849196, 46.326865011841342 ], [ 16.5581548340867, 46.326831104433403 ], [ 16.559645935667948, 46.327454826958096 ], [ 16.561014957880612, 46.328168566433575 ], [ 16.5628759469027, 46.32827498395649 ], [ 16.563710096804108, 46.328346409272832 ], [ 16.564938025109338, 46.328409058285189 ], [ 16.566785054255941, 46.328450730781832 ], [ 16.56731475764153, 46.328398056911013 ], [ 16.568223004750489, 46.328099623807468 ], [ 16.569681184213895, 46.327738139707243 ], [ 16.570280335710581, 46.32766561607199 ], [ 16.571008920126655, 46.327052011749899 ], [ 16.57186741949177, 46.32638433837004 ], [ 16.572309745704306, 46.325680753938308 ], [ 16.572646946138846, 46.324742679343984 ], [ 16.573113780357318, 46.323444005673721 ], [ 16.574436443301579, 46.323242966090078 ], [ 16.575924547448565, 46.322950930416475 ], [ 16.577298831309584, 46.322627462390393 ], [ 16.578696203340666, 46.322296224404312 ], [ 16.579116148814236, 46.322185719710689 ], [ 16.580977774153538, 46.320988697109826 ], [ 16.582532916963679, 46.320004198044124 ], [ 16.583894828473646, 46.319136152611854 ], [ 16.585065433186095, 46.318358024773502 ], [ 16.587317518628304, 46.318385657871985 ], [ 16.58972996224686, 46.318405473319437 ], [ 16.592159371753091, 46.318397513001621 ], [ 16.592443838246894, 46.318372721179479 ], [ 16.592693176497079, 46.31838475543929 ], [ 16.59302278050259, 46.318483096440815 ], [ 16.59318278053156, 46.318495292248194 ], [ 16.593600922818204, 46.318199124721936 ], [ 16.594437058950774, 46.318056732237551 ], [ 16.595919941916645, 46.318039123119853 ], [ 16.596979126004157, 46.318100669868635 ], [ 16.597278878818912, 46.318204062320078 ], [ 16.597748955249859, 46.318501196903469 ], [ 16.598278966973876, 46.318618425195801 ], [ 16.598588524879855, 46.31861105097272 ], [ 16.598918258436278, 46.318486425711271 ], [ 16.59921707934673, 46.318071038706009 ], [ 16.599346803040287, 46.317856434205744 ], [ 16.599426206210396, 46.317676512314918 ], [ 16.599724755079276, 46.317115910267709 ], [ 16.60004422614902, 46.31685273466303 ], [ 16.601141037370954, 46.316414958418036 ], [ 16.601357987769454, 46.3162600154266 ], [ 16.601735671212847, 46.315885578724732 ], [ 16.601760065901612, 46.315666476524441 ], [ 16.601747050871772, 46.315369852205507 ], [ 16.601561591084561, 46.314506111043876 ], [ 16.601359578328651, 46.313605045957317 ], [ 16.60120886045874, 46.313197878513925 ], [ 16.60192167165264, 46.313049872053789 ], [ 16.602522377653191, 46.313084064029958 ], [ 16.602909073670787, 46.312269204632571 ], [ 16.602707030332056, 46.312192100763866 ], [ 16.603441723782066, 46.31119410418453 ], [ 16.602879683039276, 46.310927485784269 ], [ 16.602793751099743, 46.310868361800125 ], [ 16.603533330900266, 46.310337492266996 ], [ 16.60394838425988, 46.310255061654431 ], [ 16.604097112331182, 46.310179955422214 ], [ 16.59523110303935, 46.29379710076654 ], [ 16.590537975364541, 46.291482734423958 ], [ 16.565532282594809, 46.287166125357821 ], [ 16.551520201951579, 46.325989885995774 ], [ 16.552827266079372, 46.326920602080357 ] ] ] ] } },
{ "type": "Feature", "properties": { "fid": 295, "Rbr IJ": 3, "Naziv izborne jedinice": "III. IZBORNA JEDINICA", "Rbr.županije": 5, "Županija": "VARAŽDINSKA ŽUPANIJA", "Oznaka Gr/Op/Dr": "općina", "Grad/općina/država": "SVETI ĐURĐ", "Rbr BM": 10, "Naziv BM": "STRUGA", "Lokacija BM": "DRUŠTVENI DOM", "Adresa BM": "STRUGA 114", "Ukupno birača": 342, "Glasovalo birača": 211, "Glasovalo birača (po listićima)": 211, "Važeći listići": 204, "Nevažeći listići": 7, "Latitude": 46.2957956, "Longitude": 16.6526089, "ID_u_zupaniji": 295, "ID_global": 1918, "neighbours list": [ 1914, 1912, 1917, 1984 ] }, "geometry": { "type": "MultiPolygon", "coordinates": [ [ [ [ 16.623530700720714, 46.312097183745202 ], [ 16.629142575197044, 46.310885094913701 ], [ 16.629395263615379, 46.310621822435671 ], [ 16.629679939514052, 46.310325043698825 ], [ 16.630495925541936, 46.309551349702772 ], [ 16.631379970819197, 46.308690479116493 ], [ 16.63289252021746, 46.308272702637979 ], [ 16.634641958950805, 46.308374573186043 ], [ 16.636187591065649, 46.308484307474352 ], [ 16.636666462974443, 46.308508388326736 ], [ 16.637877148189176, 46.308569105228436 ], [ 16.639596681465974, 46.30864610386859 ], [ 16.641239878849618, 46.308722901052043 ], [ 16.642977828078877, 46.308589112670589 ], [ 16.644417980438433, 46.311235255605304 ], [ 16.642517637274199, 46.313112826355258 ], [ 16.642056920931651, 46.315957038277439 ], [ 16.643645809811122, 46.31896360807702 ], [ 16.644465493990161, 46.319423858820308 ], [ 16.644886480393971, 46.319716992820254 ], [ 16.645702929691907, 46.319928827714108 ], [ 16.646365740780777, 46.320034507348581 ], [ 16.647525078101108, 46.320024740115734 ], [ 16.647879236068533, 46.319942408673413 ], [ 16.648281509194199, 46.31993379029354 ], [ 16.649523027206648, 46.319727398668839 ], [ 16.649924398412143, 46.319579409987483 ], [ 16.650278441697154, 46.319267824116082 ], [ 16.65130606784988, 46.318685073674636 ], [ 16.652108462966819, 46.318086059030506 ], [ 16.652343172456931, 46.317735577763166 ], [ 16.652613713555475, 46.317150042774443 ], [ 16.652683057881635, 46.316264541178931 ], [ 16.652625246457639, 46.315366703165353 ], [ 16.652501284425725, 46.314540030697096 ], [ 16.652277919504069, 46.313966310294482 ], [ 16.653369455490434, 46.311577367428605 ], [ 16.659079477909586, 46.310787803314909 ], [ 16.663483206799818, 46.311653146147499 ], [ 16.666908850215304, 46.31379473739333 ], [ 16.665333344557553, 46.320046533014022 ], [ 16.665748409950968, 46.320189526462428 ], [ 16.667539562822604, 46.320582160414133 ], [ 16.66712511818708, 46.320816152689581 ], [ 16.667255564376116, 46.32092365770599 ], [ 16.667592472421351, 46.320941158684477 ], [ 16.668215970489054, 46.321209797405906 ], [ 16.668554502424211, 46.321586278954982 ], [ 16.669262867673087, 46.321746641218738 ], [ 16.670052557996346, 46.321790185306767 ], [ 16.671405343401123, 46.321464358495192 ], [ 16.671937144620905, 46.321430180702173 ], [ 16.672340604278101, 46.321507668478972 ], [ 16.672937811058041, 46.321830483819028 ], [ 16.673583852187129, 46.322153041956767 ], [ 16.675615843201644, 46.321872041994808 ], [ 16.668837969366702, 46.282899376126345 ], [ 16.625332825304806, 46.30222990508431 ], [ 16.623792503297402, 46.30834737806768 ], [ 16.622910746060466, 46.311953159458646 ], [ 16.623530700720714, 46.312097183745202 ] ] ] ] } },
{ "type": "Feature", "properties": { "fid": 129, "Rbr IJ": 3, "Naziv izborne jedinice": "III. IZBORNA JEDINICA", "Rbr.županije": 5, "Županija": "VARAŽDINSKA ŽUPANIJA", "Oznaka Gr/Op/Dr": "grad", "Grad/općina/država": "VARAŽDIN", "Rbr BM": 33, "Naziv BM": "VARAŽDIN", "Lokacija BM": "BIRALIŠTE 2, PROSTORIJE DJEČJEG VRTIĆA", "Adresa BM": "VLADIMIRA GORTANA 19", "Ukupno birača": 899, "Glasovalo birača": 654, "Glasovalo birača (po listićima)": 654, "Važeći listići": 640, "Nevažeći listići": 14, "Latitude": 46.3136727, "Longitude": 16.3240856, "ID_u_zupaniji": 129, "ID_global": 1456, "neighbours list": [ 1898, 1895, 1467, 1470, 1440, 1425 ] }, "geometry": { "type": "MultiPolygon", "coordinates": [ [ [ [ 16.318493512877883, 46.35176612741234 ], [ 16.328771641995129, 46.32561578872604 ], [ 16.32787387908046, 46.312170877424336 ], [ 16.322621198634124, 46.30732040778458 ], [ 16.300581271447008, 46.313924322035135 ], [ 16.311667178679574, 46.343975598157613 ], [ 16.318493512877883, 46.35176612741234 ] ] ] ] } },
{ "type": "Feature", "properties": { "fid": 195, "Rbr IJ": 3, "Naziv izborne jedinice": "III. IZBORNA JEDINICA", "Rbr.županije": 5, "Županija": "VARAŽDINSKA ŽUPANIJA", "Oznaka Gr/Op/Dr": "općina", "Grad/općina/država": "BREZNIČKI HUM", "Rbr BM": 3, "Naziv BM": "ŠĆEPANJE", "Lokacija BM": "VATROGASNI DOM ŠĆEPANJE", "Adresa BM": "ŠĆEPANJE", "Ukupno birača": 237, "Glasovalo birača": 138, "Glasovalo birača (po listićima)": 138, "Važeći listići": 137, "Nevažeći listići": 1, "Latitude": 46.1087127, "Longitude": 16.2841279, "ID_u_zupaniji": 195, "ID_global": 1568, "neighbours list": [ 1389, 1387, 1569, 1567, 1383, 1380 ] }, "geometry": { "type": "MultiPolygon", "coordinates": [ [ [ [ 16.259665201985118, 46.121928947226898 ], [ 16.265700733382083, 46.125367027410185 ], [ 16.268885958270481, 46.125939419790335 ], [ 16.296879744889445, 46.127126653649626 ], [ 16.304713771692292, 46.111812117333656 ], [ 16.287273923519937, 46.102814456868714 ], [ 16.259665201985118, 46.121928947226898 ] ] ] ] } },
{ "type": "Feature", "properties": { "fid": 321, "Rbr IJ": 3, "Naziv izborne jedinice": "III. IZBORNA JEDINICA", "Rbr.županije": 5, "Županija": "VARAŽDINSKA ŽUPANIJA", "Oznaka Gr/Op/Dr": "općina", "Grad/općina/država": "VIDOVEC", "Rbr BM": 6, "Naziv BM": "NEDELJANEC", "Lokacija BM": "PROSTORIJE PODRUČNE ŠKOLE NEDELJANEC", "Adresa BM": "VARAŽDINSKA ULICA 108", "Ukupno birača": 604, "Glasovalo birača": 417, "Glasovalo birača (po listićima)": 417, "Važeći listići": 404, "Nevažeći listići": 13, "Latitude": 46.2905199, "Longitude": 16.2885821, "ID_u_zupaniji": 321, "ID_global": 1998, "neighbours list": [ 1997, 1895, 1548, 1467, 1463 ] }, "geometry": { "type": "MultiPolygon", "coordinates": [ [ [ [ 16.277769105463147, 46.308535537238306 ], [ 16.299078122875159, 46.311879205414776 ], [ 16.311051485693259, 46.276294809300367 ], [ 16.310982916464059, 46.27491370805393 ], [ 16.292999818947692, 46.267700043886762 ], [ 16.277769105463147, 46.308535537238306 ] ] ] ] } },
{ "type": "Feature", "properties": { "fid": 86, "Rbr IJ": 3, "Naziv izborne jedinice": "III. IZBORNA JEDINICA", "Rbr.županije": 5, "Županija": "VARAŽDINSKA ŽUPANIJA", "Oznaka Gr/Op/Dr": "grad", "Grad/općina/država": "NOVI MAROF", "Rbr BM": 20, "Naziv BM": "DONJE MAKOJIŠĆE 2.", "Lokacija BM": "OSNOVNA ŠKOLA PODRUTE U DONJEM MAKOJIŠĆU", "Adresa BM": "DONJE MAKOJIŠĆE 115", "Ukupno birača": 298, "Glasovalo birača": 158, "Glasovalo birača (po listićima)": 158, "Važeći listići": 155, "Nevažeći listići": 3, "Latitude": 46.1443948, "Longitude": 16.2826146, "ID_u_zupaniji": 86, "ID_global": 1383, "neighbours list": [ 1387, 1568, 1382, 1384, 1380 ] }, "geometry": { "type": "MultiPolygon", "coordinates": [ [ [ [ 16.289126726766785, 46.162626740329884 ], [ 16.294436732620706, 46.157263770178972 ], [ 16.301143963860447, 46.135956707373566 ], [ 16.296879744889445, 46.127126653649626 ], [ 16.268885958270481, 46.125939419790335 ], [ 16.289126726766785, 46.162626740329884 ] ] ] ] } },
{ "type": "Feature", "properties": { "fid": 282, "Rbr IJ": 3, "Naziv izborne jedinice": "III. IZBORNA JEDINICA", "Rbr.županije": 5, "Županija": "VARAŽDINSKA ŽUPANIJA", "Oznaka Gr/Op/Dr": "općina", "Grad/općina/država": "SRAČINEC", "Rbr BM": 1, "Naziv BM": "SRAČINEC", "Lokacija BM": "PROSTORIJE OSNOVNE ŠKOLE SRAČINEC (PRIZEMLJE)", "Adresa BM": "VARAŽDINSKA 98", "Ukupno birača": 1008, "Glasovalo birača": 626, "Glasovalo birača (po listićima)": 626, "Važeći listići": 611, "Nevažeći listići": 15, "Latitude": 46.3289972, "Longitude": 16.2825445, "ID_u_zupaniji": 282, "ID_global": 1895, "neighbours list": [ 1898, 1896, 1997, 1456, 1998, 1467 ] }, "geometry": { "type": "MultiPolygon", "coordinates": [ [ [ [ 16.280304832932039, 46.340545999635353 ], [ 16.311667178679574, 46.343975598157613 ], [ 16.300581271447008, 46.313924322035135 ], [ 16.299078122875159, 46.311879205414776 ], [ 16.277769105463147, 46.308535537238306 ], [ 16.270072469593806, 46.308750533648698 ], [ 16.280304832932039, 46.340545999635353 ] ] ] ] } },
{ "type": "Feature", "properties": { "fid": 181, "Rbr IJ": 3, "Naziv izborne jedinice": "III. IZBORNA JEDINICA", "Rbr.županije": 5, "Županija": "VARAŽDINSKA ŽUPANIJA", "Oznaka Gr/Op/Dr": "općina", "Grad/općina/država": "BERETINEC", "Rbr BM": 1, "Naziv BM": "BERETINEC - 1", "Lokacija BM": "OPĆINSKA ZGRADA - VELIKA SALA, ULAZ RAVNO", "Adresa BM": "BERETINEC", "Ukupno birača": 510, "Glasovalo birača": 341, "Glasovalo birača (po listićima)": 341, "Važeći listići": 331, "Nevažeći listići": 10, "Latitude": 46.2481532, "Longitude": 16.3055769, "ID_u_zupaniji": 181, "ID_global": 1548, "neighbours list": [ 1550, 1552, 1997, 1392, 1998, 1924, 1922, 1463, 1469 ] }, "geometry": { "type": "MultiPolygon", "coordinates": [ [ [ [ 16.292999818947692, 46.267700043886762 ], [ 16.310982916464059, 46.27491370805393 ], [ 16.316571159163423, 46.270835602208663 ], [ 16.317228904059142, 46.269487419995365 ], [ 16.311906276630641, 46.235893876588143 ], [ 16.304262803901477, 46.234250151840669 ], [ 16.294666180668639, 46.237911908757063 ], [ 16.290649545038789, 46.261954645524142 ], [ 16.291472832348969, 46.26676959630754 ], [ 16.292999818947692, 46.267700043886762 ] ] ] ] } },
{ "type": "Feature", "properties": { "fid": 140, "Rbr IJ": 3, "Naziv izborne jedinice": "III. IZBORNA JEDINICA", "Rbr.županije": 5, "Županija": "VARAŽDINSKA ŽUPANIJA", "Oznaka Gr/Op/Dr": "grad", "Grad/općina/država": "VARAŽDIN", "Rbr BM": 44, "Naziv BM": "JALKOVEC", "Lokacija BM": "PROSTORIJE DRUŠTVENOG DOMA", "Adresa BM": "BRAĆE RADIĆA 99", "Ukupno birača": 1017, "Glasovalo birača": 643, "Glasovalo birača (po listićima)": 643, "Važeći listići": 626, "Nevažeći listići": 17, "Latitude": 46.3012095, "Longitude": 16.3203512, "ID_u_zupaniji": 140, "ID_global": 1467, "neighbours list": [ 1456, 1998, 1895, 1444, 1463, 1440 ] }, "geometry": { "type": "MultiPolygon", "coordinates": [ [ [ [ 16.299078122875159, 46.311879205414776 ], [ 16.300581271447008, 46.313924322035135 ], [ 16.322621198634124, 46.30732040778458 ], [ 16.323723457316508, 46.305960294483953 ], [ 16.322795269579956, 46.289379814847422 ], [ 16.311051485693259, 46.276294809300367 ], [ 16.299078122875159, 46.311879205414776 ] ] ] ] } },
{ "type": "Feature", "properties": { "fid": 331, "Rbr IJ": 3, "Naziv izborne jedinice": "III. IZBORNA JEDINICA", "Rbr.županije": 5, "Županija": "VARAŽDINSKA ŽUPANIJA", "Oznaka Gr/Op/Dr": "općina", "Grad/općina/država": "VISOKO", "Rbr BM": 3, "Naziv BM": "VINIČNO", "Lokacija BM": "POSLOVNE PROSTORIJE TRGOVAČKOG DRUŠTVA OMEGA D.O.O.", "Adresa BM": "VINIČNO 4A", "Ukupno birača": 193, "Glasovalo birača": 129, "Glasovalo birača (po listićima)": 129, "Važeći listići": 128, "Nevažeći listići": 1, "Latitude": 46.0738012, "Longitude": 16.2971203, "ID_u_zupaniji": 331, "ID_global": 2008, "neighbours list": [ 1560, 1569, 1562, 1564, 2006, 1565, 2007 ] }, "geometry": { "type": "MultiPolygon", "coordinates": [ [ [ [ 16.282591803151792, 46.082009973972404 ], [ 16.29965068529253, 46.087093322493828 ], [ 16.32030212979274, 46.064302752609798 ], [ 16.32056607039566, 46.060171575497058 ], [ 16.315807650869761, 46.054853683274743 ], [ 16.304702884174965, 46.054088648228891 ], [ 16.284065769947386, 46.069960566700672 ], [ 16.282591803151792, 46.082009973972404 ] ] ] ] } },
{ "type": "Feature", "properties": { "fid": 189, "Rbr IJ": 3, "Naziv izborne jedinice": "III. IZBORNA JEDINICA", "Rbr.županije": 5, "Županija": "VARAŽDINSKA ŽUPANIJA", "Oznaka Gr/Op/Dr": "općina", "Grad/općina/država": "BREZNICA", "Rbr BM": 3, "Naziv BM": "JAREK - JALES", "Lokacija BM": "DRUŠTVENI DOM JAREK", "Adresa BM": "JAREK BISAŠKI", "Ukupno birača": 255, "Glasovalo birača": 172, "Glasovalo birača (po listićima)": 172, "Važeći listići": 162, "Nevažeći listići": 10, "Latitude": 46.0563576, "Longitude": 16.2837045, "ID_u_zupaniji": 189, "ID_global": 1562, "neighbours list": [ 1560, 1563, 2008, 1564 ] }, "geometry": { "type": "MultiPolygon", "coordinates": [ [ [ [ 16.278024626511201, 46.043678678362411 ], [ 16.277986590082346, 46.043852257726805 ], [ 16.27789080026723, 46.043992793725373 ], [ 16.277540355414203, 46.044354534563055 ], [ 16.277420468373123, 46.044478377735338 ], [ 16.277206469472016, 46.044742309576783 ], [ 16.277083701286816, 46.044811081608707 ], [ 16.276971752488851, 46.044824089651875 ], [ 16.276896340023825, 46.044812515552117 ], [ 16.276790287355706, 46.044837321750592 ], [ 16.276666153831869, 46.044924085817577 ], [ 16.276412504181557, 46.045022293308804 ], [ 16.276143228430868, 46.045086188870293 ], [ 16.275618852947325, 46.045318467764126 ], [ 16.275364145055857, 46.045389948047948 ], [ 16.275124999923911, 46.045415300825482 ], [ 16.274856082103067, 46.045422059455433 ], [ 16.274542816993652, 46.045403806701096 ], [ 16.274199046012107, 46.045420223464085 ], [ 16.273941246114187, 46.045457233756458 ], [ 16.273318607498009, 46.045511875524376 ], [ 16.272915151671985, 46.045525290814361 ], [ 16.272730258127527, 46.045554525336918 ], [ 16.272456269658203, 46.045631629270453 ], [ 16.272133632247023, 46.045661488278007 ], [ 16.271843349947392, 46.045898355173087 ], [ 16.27171686024386, 46.045958656279161 ], [ 16.271445058594679, 46.046005980181803 ], [ 16.271168598219013, 46.046023602116954 ], [ 16.270819937184612, 46.046002748969016 ], [ 16.270595475547275, 46.045975845804193 ], [ 16.270434897939332, 46.046029868741883 ], [ 16.270213193543377, 46.046179412786252 ], [ 16.270052281510093, 46.046251519635085 ], [ 16.269914550202575, 46.046248903087438 ], [ 16.269773346345669, 46.0462112788179 ], [ 16.269369823314669, 46.045991014465848 ], [ 16.269281431968547, 46.045962223787882 ], [ 16.268925834572496, 46.045900771800476 ], [ 16.268744559153159, 46.045805300810727 ], [ 16.268671431557415, 46.045741719929396 ], [ 16.268297730841336, 46.045498568312141 ], [ 16.26817953624143, 46.045335832443278 ], [ 16.268024535061361, 46.045168792890344 ], [ 16.267874709716917, 46.04493851067744 ], [ 16.267748421179022, 46.044641963952628 ], [ 16.267648828363821, 46.044511926509855 ], [ 16.267361296261317, 46.044244383530916 ], [ 16.267263867597617, 46.044122447967588 ], [ 16.266862577236751, 46.044053158571046 ], [ 16.26656817486311, 46.043884392960649 ], [ 16.266294192240807, 46.043745540299277 ], [ 16.266272539328817, 46.043732719462398 ], [ 16.266254671567971, 46.043741500548656 ], [ 16.266237513772563, 46.043765758917566 ], [ 16.266200738151657, 46.043937987304091 ], [ 16.266083280345981, 46.044123366992842 ], [ 16.265830058904626, 46.044422467778283 ], [ 16.265562282028274, 46.044649107645334 ], [ 16.265266567466682, 46.045003904957134 ], [ 16.264981261295496, 46.045219080518152 ], [ 16.264894384924315, 46.045351796032961 ], [ 16.264877130221986, 46.045337724321847 ], [ 16.264777861478528, 46.045406621445608 ], [ 16.264797280688597, 46.045428255588725 ], [ 16.264444600075063, 46.045655347879276 ], [ 16.263672206980036, 46.045918642019089 ], [ 16.263306078027739, 46.045964761757354 ], [ 16.262941804088939, 46.046090602675655 ], [ 16.262724052586915, 46.046187324634694 ], [ 16.261998394908058, 46.046546618584181 ], [ 16.261362837338837, 46.046805143292367 ], [ 16.261025418062005, 46.046933823399428 ], [ 16.260718021041914, 46.047021986311911 ], [ 16.260712264266374, 46.047158197506299 ], [ 16.260610242832897, 46.047294027163375 ], [ 16.260536297120623, 46.047481291686658 ], [ 16.260477722008432, 46.04772968187828 ], [ 16.260408674679635, 46.047887160479206 ], [ 16.284065769947386, 46.069960566700672 ], [ 16.304702884174965, 46.054088648228891 ], [ 16.295115102607642, 46.047290653255274 ], [ 16.278017132023212, 46.043657859341465 ], [ 16.278024626511201, 46.043678678362411 ] ] ] ] } },
{ "type": "Feature", "properties": { "fid": 85, "Rbr IJ": 3, "Naziv izborne jedinice": "III. IZBORNA JEDINICA", "Rbr.županije": 5, "Županija": "VARAŽDINSKA ŽUPANIJA", "Oznaka Gr/Op/Dr": "grad", "Grad/općina/država": "NOVI MAROF", "Rbr BM": 19, "Naziv BM": "DONJE MAKOJIŠĆE 1.", "Lokacija BM": "KUĆA VL. VLADIMIRA OŠTREKA", "Adresa BM": "DONJE MAKOJIŠĆE 16", "Ukupno birača": 93, "Glasovalo birača": 66, "Glasovalo birača (po listićima)": 66, "Važeći listići": 66, "Nevažeći listići": 0, "Latitude": 46.1534872, "Longitude": 16.3114987, "ID_u_zupaniji": 85, "ID_global": 1382, "neighbours list": [ 1383, 1384, 1380, 1386, 1378, 1379 ] }, "geometry": { "type": "MultiPolygon", "coordinates": [ [ [ [ 16.294436732620706, 46.157263770178972 ], [ 16.314123079647207, 46.162450931233899 ], [ 16.31904597655166, 46.159318270307786 ], [ 16.319882913744038, 46.155566330930768 ], [ 16.316468138447856, 46.140403170818892 ], [ 16.301143963860447, 46.135956707373566 ], [ 16.294436732620706, 46.157263770178972 ] ] ] ] } },
{ "type": "Feature", "properties": { "fid": 191, "Rbr IJ": 3, "Naziv izborne jedinice": "III. IZBORNA JEDINICA", "Rbr.županije": 5, "Županija": "VARAŽDINSKA ŽUPANIJA", "Oznaka Gr/Op/Dr": "općina", "Grad/općina/država": "BREZNICA", "Rbr BM": 5, "Naziv BM": "BISAG", "Lokacija BM": "DRUŠTVENI DOM", "Adresa BM": "BISAG", "Ukupno birača": 275, "Glasovalo birača": 174, "Glasovalo birača (po listićima)": 174, "Važeći listići": 171, "Nevažeći listići": 3, "Latitude": 46.0335225, "Longitude": 16.2998952, "ID_u_zupaniji": 191, "ID_global": 1564, "neighbours list": [ 1563, 2008, 1562, 1565 ] }, "geometry": { "type": "MultiPolygon", "coordinates": [ [ [ [ 16.319052841169203, 46.026219190952659 ], [ 16.318574435611339, 46.025617662482759 ], [ 16.318449260242385, 46.025306146567104 ], [ 16.318515053120379, 46.024975768992007 ], [ 16.318626494775309, 46.024628638285208 ], [ 16.318585650957136, 46.024400304174719 ], [ 16.318433654301653, 46.024273286527993 ], [ 16.318143894789205, 46.023775618046315 ], [ 16.31806703260219, 46.023424588995503 ], [ 16.317675903760495, 46.022765700635034 ], [ 16.31765103958444, 46.022589217839204 ], [ 16.317484228472299, 46.022413318228473 ], [ 16.31733989177253, 46.022276683870842 ], [ 16.317246604191812, 46.022169823081434 ], [ 16.317093626859414, 46.022068805129109 ], [ 16.316838545615326, 46.021949898094022 ], [ 16.316532468610539, 46.021824880238334 ], [ 16.316387458325472, 46.021736830683579 ], [ 16.316040259816653, 46.021549571939111 ], [ 16.315903088910211, 46.021473771135014 ], [ 16.315755887889715, 46.021384817483352 ], [ 16.315595317120515, 46.021277217013143 ], [ 16.315321065421138, 46.02109943125739 ], [ 16.315120640566015, 46.020898370490841 ], [ 16.314956252058185, 46.020735787522831 ], [ 16.314838148330757, 46.020636622504234 ], [ 16.314598456023528, 46.020553905773987 ], [ 16.314248089441804, 46.020352510152442 ], [ 16.313859925010583, 46.020177234953323 ], [ 16.313373033764805, 46.020057132589486 ], [ 16.312915667579183, 46.019876162633075 ], [ 16.312498352685729, 46.019653687573481 ], [ 16.312140521121282, 46.019486734076366 ], [ 16.311693343443398, 46.019236494317646 ], [ 16.31123615454327, 46.01900702075627 ], [ 16.310758583802066, 46.018923093037522 ], [ 16.31030104598317, 46.018797537611285 ], [ 16.309784128459572, 46.018588743565282 ], [ 16.309177514378838, 46.018400581945556 ], [ 16.308411808552123, 46.018170581533305 ], [ 16.308025354297111, 46.01799600912377 ], [ 16.307658021870026, 46.01770809759968 ], [ 16.307281364010926, 46.017577717450543 ], [ 16.307033391025364, 46.01743216746916 ], [ 16.30668356692598, 46.017236867839209 ], [ 16.306292924742941, 46.017081537362614 ], [ 16.306051293506812, 46.01667488507276 ], [ 16.305937230754818, 46.016239746511481 ], [ 16.305878435082874, 46.015954512072028 ], [ 16.305803335088207, 46.015789368126562 ], [ 16.305829041555949, 46.015676671611033 ], [ 16.305860080513671, 46.015553187000059 ], [ 16.305777588251843, 46.015249557071471 ], [ 16.305749285382539, 46.015034195878002 ], [ 16.305744137427034, 46.014992258209162 ], [ 16.305613985535544, 46.014801557257293 ], [ 16.305646158907813, 46.014722882775615 ], [ 16.305667912144227, 46.014669563862796 ], [ 16.30571052995424, 46.014558515677344 ], [ 16.305712977791533, 46.0144126683699 ], [ 16.305675650180447, 46.014303823645299 ], [ 16.305629838339588, 46.014183897401139 ], [ 16.305466774392237, 46.014025441746789 ], [ 16.305451419784184, 46.013984926304104 ], [ 16.305402390342429, 46.013862115245217 ], [ 16.305355494271378, 46.013757033115482 ], [ 16.305154425019488, 46.013463098023138 ], [ 16.305155741350116, 46.013455992143783 ], [ 16.305268335445234, 46.012871248432496 ], [ 16.305191932297397, 46.012416918074102 ], [ 16.305166109831912, 46.012415614389404 ], [ 16.305169519182911, 46.012106641706971 ], [ 16.305228200756485, 46.011907174360672 ], [ 16.305053843517658, 46.011877904733559 ], [ 16.304012552309857, 46.011865146756051 ], [ 16.30383044024811, 46.011801491027924 ], [ 16.303168437930982, 46.011782717498413 ], [ 16.302257583225341, 46.011622427050916 ], [ 16.301913777056726, 46.011528796222343 ], [ 16.301248676366427, 46.011258522499944 ], [ 16.3008864971153, 46.011212094171015 ], [ 16.30085911831867, 46.011536680887268 ], [ 16.300853710544285, 46.011568253137881 ], [ 16.300829153736647, 46.011790091840624 ], [ 16.30080482850963, 46.012019308987206 ], [ 16.300745872953019, 46.012542328227987 ], [ 16.300732362244059, 46.012636689770247 ], [ 16.300809351825091, 46.012809668369044 ], [ 16.300812811346148, 46.012817232403954 ], [ 16.300851768473873, 46.012900888234185 ], [ 16.300868427248922, 46.012936817786212 ], [ 16.300890341863226, 46.01298355364257 ], [ 16.300923918128724, 46.013055323206054 ], [ 16.300944444942807, 46.013092969032222 ], [ 16.301301327807767, 46.013431810764274 ], [ 16.301098644382375, 46.013522424199081 ], [ 16.300902965367676, 46.013532250806925 ], [ 16.299558993443121, 46.013434616842439 ], [ 16.299540275438368, 46.013432694512581 ], [ 16.299417620234539, 46.013425641122474 ], [ 16.299403680297239, 46.013423727155704 ], [ 16.296410959550897, 46.0132010527334 ], [ 16.296366548586288, 46.013197734469678 ], [ 16.296276434981056, 46.013191185564288 ], [ 16.296198458874386, 46.013185018136816 ], [ 16.295992804521465, 46.013168455508264 ], [ 16.295636491902091, 46.013139836328627 ], [ 16.295285085493475, 46.013111584730922 ], [ 16.295045607712716, 46.013092350497892 ], [ 16.29499731951633, 46.01308992451159 ], [ 16.294860600827942, 46.013079871787639 ], [ 16.294236153994579, 46.013029262332729 ], [ 16.294100078938218, 46.01301983969141 ], [ 16.294052185268367, 46.01301552451514 ], [ 16.29395833866252, 46.013005907862308 ], [ 16.293939704021767, 46.013016401488535 ], [ 16.2939422469445, 46.01309666489238 ], [ 16.29391740566372, 46.013178858398426 ], [ 16.293574839192974, 46.013377987468957 ], [ 16.293332013688513, 46.013459966880148 ], [ 16.293243771073453, 46.013505785143515 ], [ 16.29311109146559, 46.013520571078651 ], [ 16.293270782325312, 46.014123880816065 ], [ 16.293253622442123, 46.014604862723623 ], [ 16.293366445572122, 46.014755776941904 ], [ 16.293603710668442, 46.014850860650483 ], [ 16.293614771078111, 46.014932579036596 ], [ 16.293412403135985, 46.015037665560506 ], [ 16.293166966847291, 46.015090487582803 ], [ 16.293010472012455, 46.015187738492017 ], [ 16.29291723105576, 46.015326312919804 ], [ 16.292879847594776, 46.015446543382808 ], [ 16.292824800600062, 46.015697297300662 ], [ 16.292856597157154, 46.015793719456951 ], [ 16.293130342246975, 46.016011777742989 ], [ 16.292989137991363, 46.016198312678974 ], [ 16.292838519440902, 46.016261398485554 ], [ 16.295115102607642, 46.047290653255274 ], [ 16.304702884174965, 46.054088648228891 ], [ 16.315807650869761, 46.054853683274743 ], [ 16.319557296602031, 46.026430174926809 ], [ 16.319052841169203, 46.026219190952659 ] ] ] ] } },
{ "type": "Feature", "properties": { "fid": 87, "Rbr IJ": 3, "Naziv izborne jedinice": "III. IZBORNA JEDINICA", "Rbr.županije": 5, "Županija": "VARAŽDINSKA ŽUPANIJA", "Oznaka Gr/Op/Dr": "grad", "Grad/općina/država": "NOVI MAROF", "Rbr BM": 21, "Naziv BM": "MAĐAREVO 1.", "Lokacija BM": "PODRUČNA ŠKOLA MAĐAREVO", "Adresa BM": "MADŽAREVO 149", "Ukupno birača": 749, "Glasovalo birača": 472, "Glasovalo birača (po listićima)": 472, "Važeći listići": 456, "Nevažeći listići": 16, "Latitude": 46.1689576, "Longitude": 16.3074224, "ID_u_zupaniji": 87, "ID_global": 1384, "neighbours list": [ 1388, 1387, 1390, 1383, 1382, 1369, 1386 ] }, "geometry": { "type": "MultiPolygon", "coordinates": [ [ [ [ 16.280934984720066, 46.18076792575836 ], [ 16.309234673273082, 46.18713104655275 ], [ 16.314545551345969, 46.179859127102567 ], [ 16.314123079647207, 46.162450931233899 ], [ 16.294436732620706, 46.157263770178972 ], [ 16.289126726766785, 46.162626740329884 ], [ 16.284935513402665, 46.168505743843774 ], [ 16.280934984720066, 46.18076792575836 ] ] ] ] } },
{ "type": "Feature", "properties": { "fid": 83, "Rbr IJ": 3, "Naziv izborne jedinice": "III. IZBORNA JEDINICA", "Rbr.županije": 5, "Županija": "VARAŽDINSKA ŽUPANIJA", "Oznaka Gr/Op/Dr": "grad", "Grad/općina/država": "NOVI MAROF", "Rbr BM": 17, "Naziv BM": "PAKA", "Lokacija BM": "POSLOVNI PROSTOR \"PLASTILAK\" VL. FRANJE KUZMIĆA", "Adresa BM": "PAKA 20", "Ukupno birača": 61, "Glasovalo birača": 36, "Glasovalo birača (po listićima)": 36, "Važeći listići": 36, "Nevažeći listići": 0, "Latitude": 46.1266913, "Longitude": 16.3192738, "ID_u_zupaniji": 83, "ID_global": 1380, "neighbours list": [ 1569, 1568, 1383, 1382, 2006, 2011, 1379, 2012, 1377 ] }, "geometry": { "type": "MultiPolygon", "coordinates": [ [ [ [ 16.304713771692292, 46.111812117333656 ], [ 16.296879744889445, 46.127126653649626 ], [ 16.301143963860447, 46.135956707373566 ], [ 16.316468138447856, 46.140403170818892 ], [ 16.336396325442667, 46.134193164695766 ], [ 16.342882542311656, 46.126356377807745 ], [ 16.320207592334285, 46.107468555624131 ], [ 16.318740235926352, 46.107091754221273 ], [ 16.307762245363655, 46.108849659237769 ], [ 16.304713771692292, 46.111812117333656 ] ] ] ] } },
{ "type": "Feature", "properties": { "fid": 301, "Rbr IJ": 3, "Naziv izborne jedinice": "III. IZBORNA JEDINICA", "Rbr.županije": 5, "Županija": "VARAŽDINSKA ŽUPANIJA", "Oznaka Gr/Op/Dr": "općina", "Grad/općina/država": "SVETI ILIJA", "Rbr BM": 6, "Naziv BM": "SVETI ILIJA", "Lokacija BM": "CENTAR UMIROVLJENIKA, VINOGRADARA I GOSPODARSTVENIKA", "Adresa BM": "VILIMA CECELJA 3", "Ukupno birača": 488, "Glasovalo birača": 334, "Glasovalo birača (po listićima)": 333, "Važeći listići": 318, "Nevažeći listići": 15, "Latitude": 46.2455962, "Longitude": 16.3217153, "ID_u_zupaniji": 301, "ID_global": 1924, "neighbours list": [ 1548, 1922, 1925, 1923, 1469 ] }, "geometry": { "type": "MultiPolygon", "coordinates": [ [ [ [ 16.317228904059142, 46.269487419995365 ], [ 16.324110844118405, 46.262758757000597 ], [ 16.323841191798554, 46.238054240835062 ], [ 16.319800706501052, 46.23235036364126 ], [ 16.311906276630641, 46.235893876588143 ], [ 16.317228904059142, 46.269487419995365 ] ] ] ] } },
{ "type": "Feature", "properties": { "fid": 299, "Rbr IJ": 3, "Naziv izborne jedinice": "III. IZBORNA JEDINICA", "Rbr.županije": 5, "Županija": "VARAŽDINSKA ŽUPANIJA", "Oznaka Gr/Op/Dr": "općina", "Grad/općina/država": "SVETI ILIJA", "Rbr BM": 4, "Naziv BM": "BELETINEC", "Lokacija BM": "PROSTORIJE DRUŠTVENOG DOMA U BELETINCU - VELIKA SALA DESNO", "Adresa BM": "STJEPANA RADIĆA 19", "Ukupno birača": 186, "Glasovalo birača": 126, "Glasovalo birača (po listićima)": 126, "Važeći listići": 120, "Nevažeći listići": 6, "Latitude": 46.2221164, "Longitude": 16.3111761, "ID_u_zupaniji": 299, "ID_global": 1922, "neighbours list": [ 1390, 1392, 1548, 1924, 1923, 1370 ] }, "geometry": { "type": "MultiPolygon", "coordinates": [ [ [ [ 16.304262803901477, 46.234250151840669 ], [ 16.311906276630641, 46.235893876588143 ], [ 16.319800706501052, 46.23235036364126 ], [ 16.331100603479818, 46.218265148597759 ], [ 16.314716372214004, 46.207032422289736 ], [ 16.303070344461648, 46.213873337344204 ], [ 16.304262803901477, 46.234250151840669 ] ] ] ] } },
{ "type": "Feature", "properties": { "fid": 329, "Rbr IJ": 3, "Naziv izborne jedinice": "III. IZBORNA JEDINICA", "Rbr.županije": 5, "Županija": "VARAŽDINSKA ŽUPANIJA", "Oznaka Gr/Op/Dr": "općina", "Grad/općina/država": "VISOKO", "Rbr BM": 1, "Naziv BM": "KRAČEVEC", "Lokacija BM": "PRIVATNI OBJEKT U VL. MARTINE VIDAK", "Adresa BM": "KRAČEVEC BB", "Ukupno birača": 82, "Glasovalo birača": 61, "Glasovalo birača (po listićima)": 61, "Važeći listići": 60, "Nevažeći listići": 1, "Latitude": 46.0883056, "Longitude": 16.3131271, "ID_u_zupaniji": 329, "ID_global": 2006, "neighbours list": [ 1569, 2008, 1380, 2007, 2011 ] }, "geometry": { "type": "MultiPolygon", "coordinates": [ [ [ [ 16.307762245363655, 46.108849659237769 ], [ 16.318740235926352, 46.107091754221273 ], [ 16.323063238551356, 46.071177240440775 ], [ 16.32030212979274, 46.064302752609798 ], [ 16.29965068529253, 46.087093322493828 ], [ 16.307762245363655, 46.108849659237769 ] ] ] ] } },
{ "type": "Feature", "properties": { "fid": 72, "Rbr IJ": 3, "Naziv izborne jedinice": "III. IZBORNA JEDINICA", "Rbr.županije": 5, "Županija": "VARAŽDINSKA ŽUPANIJA", "Oznaka Gr/Op/Dr": "grad", "Grad/općina/država": "NOVI MAROF", "Rbr BM": 6, "Naziv BM": "REMETINEC 2.", "Lokacija BM": "DRUŠTVENI DOM REMETINEC", "Adresa BM": "REMETINEC 294", "Ukupno birača": 367, "Glasovalo birača": 252, "Glasovalo birača (po listićima)": 252, "Važeći listići": 244, "Nevažeći listići": 8, "Latitude": 46.183327, "Longitude": 16.3270977, "ID_u_zupaniji": 72, "ID_global": 1369, "neighbours list": [ 1390, 1384, 1386, 1370, 1367, 1366, 1371 ] }, "geometry": { "type": "MultiPolygon", "coordinates": [ [ [ [ 16.312155016257758, 46.191226501589931 ], [ 16.339081744741936, 46.190485369257864 ], [ 16.339424604089064, 46.19009792382699 ], [ 16.331146021680603, 46.176975649911981 ], [ 16.326941792090516, 46.174828658562014 ], [ 16.314545551345969, 46.179859127102567 ], [ 16.309234673273082, 46.18713104655275 ], [ 16.312155016257758, 46.191226501589931 ] ] ] ] } },
{ "type": "Feature", "properties": { "fid": 89, "Rbr IJ": 3, "Naziv izborne jedinice": "III. IZBORNA JEDINICA", "Rbr.županije": 5, "Županija": "VARAŽDINSKA ŽUPANIJA", "Oznaka Gr/Op/Dr": "grad", "Grad/općina/država": "NOVI MAROF", "Rbr BM": 23, "Naziv BM": "KRČ", "Lokacija BM": "U POSLOVNOM PROSTORU VL. STJEPANA PAŽURA", "Adresa BM": "KRČ 44", "Ukupno birača": 368, "Glasovalo birača": 225, "Glasovalo birača (po listićima)": 225, "Važeći listići": 222, "Nevažeći listići": 3, "Latitude": 46.1686249, "Longitude": 16.3211315, "ID_u_zupaniji": 89, "ID_global": 1386, "neighbours list": [ 1382, 1384, 1369, 1378, 1364, 1367 ] }, "geometry": { "type": "MultiPolygon", "coordinates": [ [ [ [ 16.314545551345969, 46.179859127102567 ], [ 16.326941792090516, 46.174828658562014 ], [ 16.32751154694504, 46.169421991985317 ], [ 16.325066086237285, 46.163140908205094 ], [ 16.31904597655166, 46.159318270307786 ], [ 16.314123079647207, 46.162450931233899 ], [ 16.314545551345969, 46.179859127102567 ] ] ] ] } },
{ "type": "Feature", "properties": { "fid": 192, "Rbr IJ": 3, "Naziv izborne jedinice": "III. IZBORNA JEDINICA", "Rbr.županije": 5, "Županija": "VARAŽDINSKA ŽUPANIJA", "Oznaka Gr/Op/Dr": "općina", "Grad/općina/država": "BREZNICA", "Rbr BM": 6, "Naziv BM": "DRAŠKOVIĆ", "Lokacija BM": "VATROGASNI DOM", "Adresa BM": "DRAŠKOVIĆ", "Ukupno birača": 328, "Glasovalo birača": 186, "Glasovalo birača (po listićima)": 186, "Važeći listići": 181, "Nevažeći listići": 5, "Latitude": 46.0383788, "Longitude": 16.3367075, "ID_u_zupaniji": 192, "ID_global": 1565, "neighbours list": [ 2008, 1564, 2007 ] }, "geometry": { "type": "MultiPolygon", "coordinates": [ [ [ [ 16.344490741009263, 46.056542756554911 ], [ 16.344822589073967, 46.056001644656163 ], [ 16.344941508964194, 46.055624358528306 ], [ 16.344824519511779, 46.055312434388348 ], [ 16.344636067016928, 46.055230120654564 ], [ 16.344731282170102, 46.054918394671887 ], [ 16.344943575891321, 46.054885841777683 ], [ 16.34496801819353, 46.053956067161131 ], [ 16.344958718833549, 46.053122880432213 ], [ 16.345157418717211, 46.052726717225269 ], [ 16.345787772264131, 46.051853906118019 ], [ 16.346113271590216, 46.051862442630807 ], [ 16.345859286285641, 46.050813434294341 ], [ 16.345715859203974, 46.050576964719433 ], [ 16.34585093006956, 46.050147513205353 ], [ 16.346068979095985, 46.04943187070301 ], [ 16.345833759987094, 46.048887470767454 ], [ 16.345527351010464, 46.048433939524493 ], [ 16.345302291600728, 46.04841950895176 ], [ 16.345251647745147, 46.048277098856545 ], [ 16.345507657855933, 46.04812808553924 ], [ 16.345160399811697, 46.048006598324832 ], [ 16.345130302048556, 46.04777181095713 ], [ 16.345580255732763, 46.047765311668364 ], [ 16.345550721863074, 46.047373967441096 ], [ 16.345828073491703, 46.046890542510603 ], [ 16.346125274027656, 46.046656106399048 ], [ 16.346115658699294, 46.046442671053867 ], [ 16.346228489292017, 46.046293463214241 ], [ 16.346842959197254, 46.045945632325065 ], [ 16.347751560967062, 46.045296681603851 ], [ 16.348794742768611, 46.044802929914567 ], [ 16.349271077339317, 46.044874369985344 ], [ 16.349684414668342, 46.044782059361175 ], [ 16.350005884219325, 46.043972789907947 ], [ 16.349977710862319, 46.043306662365161 ], [ 16.350637480413397, 46.042669328304903 ], [ 16.350489002451216, 46.042245888104631 ], [ 16.350241452550677, 46.041669718968592 ], [ 16.350186363947863, 46.041018221994499 ], [ 16.349816427081517, 46.040362442685037 ], [ 16.349601536125487, 46.039659538943944 ], [ 16.349475078508029, 46.039125905780182 ], [ 16.349053191425448, 46.039147033560589 ], [ 16.349046079759148, 46.03886450004493 ], [ 16.348828309632999, 46.038559823954003 ], [ 16.348508485087279, 46.038488769457039 ], [ 16.348415432206838, 46.038216919028876 ], [ 16.348212992768548, 46.037977494554674 ], [ 16.347906390814352, 46.037844552537251 ], [ 16.347864473989233, 46.03725362528693 ], [ 16.347273583695404, 46.036864411424709 ], [ 16.346932815967083, 46.03633480745372 ], [ 16.346884493208808, 46.036056087427454 ], [ 16.347195099261629, 46.035763001773539 ], [ 16.347178247224509, 46.035643221335448 ], [ 16.347144083995044, 46.035523417741992 ], [ 16.347187532822105, 46.035367817548263 ], [ 16.347308395220733, 46.035248221162455 ], [ 16.347317795568795, 46.034930888729662 ], [ 16.347232334333924, 46.034721220658092 ], [ 16.347258650075371, 46.034547602332736 ], [ 16.347353346213115, 46.034499861661317 ], [ 16.347277085212575, 46.034092618792059 ], [ 16.347278008919982, 46.033757279787466 ], [ 16.347511204806931, 46.033422250890368 ], [ 16.347778429247843, 46.033254981952965 ], [ 16.348140689555862, 46.032914185150659 ], [ 16.348408984432844, 46.032731800189715 ], [ 16.348547851171521, 46.032496967140794 ], [ 16.34853288708015, 46.032347407299291 ], [ 16.347812290298954, 46.03202586578081 ], [ 16.346234313768523, 46.030966086401612 ], [ 16.345681393416736, 46.031072142660172 ], [ 16.345205690038757, 46.031050085102891 ], [ 16.34473038652899, 46.030793098866802 ], [ 16.344255256066237, 46.030568052347185 ], [ 16.34367277489131, 46.030300208451877 ], [ 16.34307470786824, 46.030064281648819 ], [ 16.343007642655039, 46.029981051744969 ], [ 16.342693429714171, 46.029591203665262 ], [ 16.342668843888678, 46.029560667965299 ], [ 16.342656224413087, 46.029182481513146 ], [ 16.34231778308558, 46.028775323596982 ], [ 16.342278276720226, 46.028359310031988 ], [ 16.342021053692584, 46.028056275495295 ], [ 16.341709425509386, 46.027762702485639 ], [ 16.341485317076653, 46.027535652327614 ], [ 16.341198160459577, 46.027494314619169 ], [ 16.340826736043294, 46.027470134258472 ], [ 16.34037261674807, 46.027410206721562 ], [ 16.339326992931401, 46.027095265113168 ], [ 16.338812630641147, 46.026831990822011 ], [ 16.338366928035388, 46.026678852010022 ], [ 16.337928939152587, 46.026627395311948 ], [ 16.33782799799376, 46.026869017725041 ], [ 16.337425090417749, 46.027143592016181 ], [ 16.337212540697376, 46.027254049966231 ], [ 16.336932531271021, 46.027287571768689 ], [ 16.336316047956863, 46.027272564308163 ], [ 16.336096776666778, 46.027340002016388 ], [ 16.335396862954678, 46.027712036733654 ], [ 16.335247009344169, 46.027673760964824 ], [ 16.334804452538176, 46.027549675071434 ], [ 16.333983816254019, 46.027296283223933 ], [ 16.333156788919034, 46.027065910005632 ], [ 16.332751879344247, 46.026968234076953 ], [ 16.332349174099956, 46.026910959182608 ], [ 16.33206075712512, 46.026777281255278 ], [ 16.331899270962541, 46.026743032918695 ], [ 16.331702683275662, 46.026698205476293 ], [ 16.330249388765406, 46.026367193849616 ], [ 16.33031116177386, 46.026146034497557 ], [ 16.330301862750073, 46.026019064495188 ], [ 16.330253272505644, 46.025815736454192 ], [ 16.330276878006764, 46.025530727387199 ], [ 16.33056108421842, 46.025178892822758 ], [ 16.330384687893954, 46.025080377325594 ], [ 16.330320062503063, 46.025010010098953 ], [ 16.33024953953532, 46.024967526654514 ], [ 16.330197884807713, 46.024879543312863 ], [ 16.330016679281368, 46.024664950974838 ], [ 16.329807114361493, 46.024179848047211 ], [ 16.329180662758265, 46.02359694821854 ], [ 16.328949819000268, 46.023481883466751 ], [ 16.328669565727147, 46.023473455826419 ], [ 16.327201334978589, 46.023533598876796 ], [ 16.327071113555391, 46.023583698552223 ], [ 16.32701595679691, 46.023668102625855 ], [ 16.32728926942746, 46.024039127427443 ], [ 16.3274161806496, 46.024139912386474 ], [ 16.327501990854454, 46.024415728611515 ], [ 16.327454500507656, 46.024609915256633 ], [ 16.327318275101462, 46.024803787890974 ], [ 16.326531009040927, 46.024766065444155 ], [ 16.326090280692835, 46.025102266050574 ], [ 16.326150217903784, 46.025183155735995 ], [ 16.326313238146206, 46.025261142900419 ], [ 16.326671879226129, 46.025235954197662 ], [ 16.327190192441901, 46.025327254967131 ], [ 16.327040765267398, 46.025611713168445 ], [ 16.326984447311983, 46.025943459593442 ], [ 16.326925011262976, 46.026280779764207 ], [ 16.326766283719056, 46.026274600873613 ], [ 16.326573775311992, 46.026331533689088 ], [ 16.326490274838896, 46.026391420974704 ], [ 16.326205741495045, 46.026590105637574 ], [ 16.325975949369123, 46.026796520910537 ], [ 16.325704428370091, 46.027045790651535 ], [ 16.325654943381473, 46.027091063095057 ], [ 16.325518582063143, 46.027283133773324 ], [ 16.325474224358558, 46.02729980158842 ], [ 16.3253350823923, 46.027349075847596 ], [ 16.325032467554706, 46.027380374523304 ], [ 16.324596165330846, 46.027451236710526 ], [ 16.324369484187507, 46.027488048700164 ], [ 16.324210039152835, 46.027544218541067 ], [ 16.324059650249303, 46.02759581332311 ], [ 16.323903949123622, 46.027693107539619 ], [ 16.323896798192674, 46.027707762612643 ], [ 16.32351454188278, 46.027801467860371 ], [ 16.323138184071396, 46.02802987504878 ], [ 16.322951968525999, 46.028095179254066 ], [ 16.322848817403507, 46.028158182580029 ], [ 16.322712711847931, 46.028306791860352 ], [ 16.322595990985207, 46.02837166340246 ], [ 16.322443529574041, 46.028423882666019 ], [ 16.322384400126129, 46.028494691885442 ], [ 16.322060504316095, 46.028674410020258 ], [ 16.321998355630733, 46.028679531854671 ], [ 16.321354119335243, 46.028494615749615 ], [ 16.320930841661863, 46.028368076931592 ], [ 16.320822675923004, 46.028303124686175 ], [ 16.320759276735913, 46.028215658572833 ], [ 16.320685522237106, 46.028134924377952 ], [ 16.320430818830193, 46.027888350118715 ], [ 16.320253590909999, 46.027491367268141 ], [ 16.320024042299785, 46.027336157296986 ], [ 16.319880805241802, 46.027173255000086 ], [ 16.319947625923405, 46.026962006594367 ], [ 16.319974776714648, 46.02679505384851 ], [ 16.319942931419153, 46.02669719973548 ], [ 16.319565712656622, 46.026433694866391 ], [ 16.319557296602031, 46.026430174926809 ], [ 16.315807650869761, 46.054853683274743 ], [ 16.32056607039566, 46.060171575497058 ], [ 16.344540061931376, 46.056804037045367 ], [ 16.344490741009263, 46.056542756554911 ] ] ] ] } },
{ "type": "Feature", "properties": { "fid": 330, "Rbr IJ": 3, "Naziv izborne jedinice": "III. IZBORNA JEDINICA", "Rbr.županije": 5, "Županija": "VARAŽDINSKA ŽUPANIJA", "Oznaka Gr/Op/Dr": "općina", "Grad/općina/država": "VISOKO", "Rbr BM": 2, "Naziv BM": "ĐURINOVEC", "Lokacija BM": "VATROGASNI DOM", "Adresa BM": "ĐURINOVEC 46", "Ukupno birača": 103, "Glasovalo birača": 79, "Glasovalo birača (po listićima)": 79, "Važeći listići": 77, "Nevažeći listići": 2, "Latitude": 46.0766741, "Longitude": 16.3420867, "ID_u_zupaniji": 330, "ID_global": 2007, "neighbours list": [ 2008, 2006, 1565, 2011, 2010, 2009 ] }, "geometry": { "type": "MultiPolygon", "coordinates": [ [ [ [ 16.347570338886896, 46.082799103183618 ], [ 16.347506176139742, 46.082246930092381 ], [ 16.347258846606316, 46.081631439705959 ], [ 16.346968514139373, 46.081045762908722 ], [ 16.346258217024072, 46.080142988517764 ], [ 16.346080331948446, 46.079205027651504 ], [ 16.345885533921084, 46.078307082521441 ], [ 16.346227934250969, 46.077546713203603 ], [ 16.346424679102793, 46.076718665720385 ], [ 16.34646197009992, 46.076465075611509 ], [ 16.346693655034869, 46.076135717289553 ], [ 16.34704849918619, 46.075307790494115 ], [ 16.347882329374535, 46.073909877716581 ], [ 16.34765195698327, 46.073815186819481 ], [ 16.347829613995497, 46.07333441557752 ], [ 16.347695118607554, 46.072881570725045 ], [ 16.346774509082433, 46.072333290461344 ], [ 16.346395744469806, 46.072049809728156 ], [ 16.346519530426288, 46.071418079349307 ], [ 16.346709568909649, 46.070995090432874 ], [ 16.347140415405274, 46.07057953151859 ], [ 16.347891342878775, 46.070205426111954 ], [ 16.349232958104523, 46.069521591480743 ], [ 16.350025005679964, 46.069132140434832 ], [ 16.349972548820016, 46.068740948693417 ], [ 16.350174558986264, 46.068275501157672 ], [ 16.350563800805443, 46.06793140502775 ], [ 16.351087977470716, 46.067159020634612 ], [ 16.351410323115953, 46.066786942009841 ], [ 16.351692319434576, 46.066517202111157 ], [ 16.351693965587586, 46.065902492278994 ], [ 16.351815008579862, 46.065688417815061 ], [ 16.351709074866395, 46.065231925112201 ], [ 16.351501450333846, 46.06457033617415 ], [ 16.351328031932059, 46.064072366629887 ], [ 16.351354380989001, 46.063597870414647 ], [ 16.351446917510223, 46.063215954961713 ], [ 16.35188014665718, 46.062985100333243 ], [ 16.351890078354096, 46.062702860190477 ], [ 16.351838721702521, 46.062235910946576 ], [ 16.351640003232678, 46.062016742865687 ], [ 16.351399702673145, 46.061688200174331 ], [ 16.351264316338213, 46.061374189607093 ], [ 16.351087149323217, 46.060928940175287 ], [ 16.350594976639037, 46.060687613457901 ], [ 16.350092091921542, 46.060489908677432 ], [ 16.349675766025122, 46.060306981557183 ], [ 16.348803020236616, 46.060096367437687 ], [ 16.348020034700635, 46.060053400421765 ], [ 16.346124187764453, 46.059610973592235 ], [ 16.345535773116808, 46.059040904836451 ], [ 16.345193171076779, 46.058708791553492 ], [ 16.344746369128654, 46.058020142649546 ], [ 16.344331268135029, 46.057782132613475 ], [ 16.34459895857076, 46.057586260225982 ], [ 16.344583703199607, 46.057035229234813 ], [ 16.344540061931376, 46.056804037045367 ], [ 16.32056607039566, 46.060171575497058 ], [ 16.32030212979274, 46.064302752609798 ], [ 16.323063238551356, 46.071177240440775 ], [ 16.335067694068538, 46.083124430683228 ], [ 16.346896697908928, 46.084382414481887 ], [ 16.347850844063739, 46.08386222981116 ], [ 16.347570338886896, 46.082799103183618 ] ] ] ] } },
{ "type": "Feature", "properties": { "fid": 334, "Rbr IJ": 3, "Naziv izborne jedinice": "III. IZBORNA JEDINICA", "Rbr.županije": 5, "Županija": "VARAŽDINSKA ŽUPANIJA", "Oznaka Gr/Op/Dr": "općina", "Grad/općina/država": "VISOKO", "Rbr BM": 6, "Naziv BM": "VISOKO", "Lokacija BM": "DRUŠTVENI DOM - SALA ZA SASTANKE", "Adresa BM": "VISOKO 20", "Ukupno birača": 377, "Glasovalo birača": 272, "Glasovalo birača (po listićima)": 272, "Važeći listići": 263, "Nevažeći listići": 9, "Latitude": 46.0901742, "Longitude": 16.328651, "ID_u_zupaniji": 334, "ID_global": 2011, "neighbours list": [ 1380, 2006, 2007, 2012, 2010 ] }, "geometry": { "type": "MultiPolygon", "coordinates": [ [ [ [ 16.320207592334285, 46.107468555624131 ], [ 16.33426090143389, 46.096255710505169 ], [ 16.335067694068538, 46.083124430683228 ], [ 16.323063238551356, 46.071177240440775 ], [ 16.318740235926352, 46.107091754221273 ], [ 16.320207592334285, 46.107468555624131 ] ] ] ] } },
{ "type": "Feature", "properties": { "fid": 117, "Rbr IJ": 3, "Naziv izborne jedinice": "III. IZBORNA JEDINICA", "Rbr.županije": 5, "Županija": "VARAŽDINSKA ŽUPANIJA", "Oznaka Gr/Op/Dr": "grad", "Grad/općina/država": "VARAŽDIN", "Rbr BM": 21, "Naziv BM": "VARAŽDIN", "Lokacija BM": "BIRALIŠTE 1, PROSTORIJE CENTRA ZA ODGOJ I OBRAZOVANJE TOMISLAV ŠPOLJAR", "Adresa BM": "JURJA KRIŽANIĆA 33", "Ukupno birača": 734, "Glasovalo birača": 519, "Glasovalo birača (po listićima)": 519, "Važeći listići": 511, "Nevažeći listići": 8, "Latitude": 46.3008628, "Longitude": 16.3265444, "ID_u_zupaniji": 117, "ID_global": 1444, "neighbours list": [ 1467, 1463, 1440, 1438, 1443, 1448 ] }, "geometry": { "type": "MultiPolygon", "coordinates": [ [ [ [ 16.322795269579956, 46.289379814847422 ], [ 16.323723457316508, 46.305960294483953 ], [ 16.327802648412757, 46.304570516652959 ], [ 16.328733245398947, 46.303781258356381 ], [ 16.33084246847887, 46.301179728619417 ], [ 16.325781752893928, 46.291335201121356 ], [ 16.322795269579956, 46.289379814847422 ] ] ] ] } },
{ "type": "Feature", "properties": { "fid": 136, "Rbr IJ": 3, "Naziv izborne jedinice": "III. IZBORNA JEDINICA", "Rbr.županije": 5, "Županija": "VARAŽDINSKA ŽUPANIJA", "Oznaka Gr/Op/Dr": "grad", "Grad/općina/država": "VARAŽDIN", "Rbr BM": 40, "Naziv BM": "VARAŽDIN", "Lokacija BM": "PROSTORIJE III. OSNOVNE ŠKOLE", "Adresa BM": "TRG IVANA PERKOVCA 35", "Ukupno birača": 680, "Glasovalo birača": 438, "Glasovalo birača (po listićima)": 438, "Važeći listići": 426, "Nevažeći listići": 12, "Latitude": 46.2882243, "Longitude": 16.3348194, "ID_u_zupaniji": 136, "ID_global": 1463, "neighbours list": [ 1998, 1548, 1467, 1444, 1469, 1448, 1464 ] }, "geometry": { "type": "MultiPolygon", "coordinates": [ [ [ [ 16.325781752893928, 46.291335201121356 ], [ 16.339013591034128, 46.293807905955731 ], [ 16.338623041037184, 46.277053050593217 ], [ 16.316571159163423, 46.270835602208663 ], [ 16.310982916464059, 46.27491370805393 ], [ 16.311051485693259, 46.276294809300367 ], [ 16.322795269579956, 46.289379814847422 ], [ 16.325781752893928, 46.291335201121356 ] ] ] ] } },
{ "type": "Feature", "properties": { "fid": 81, "Rbr IJ": 3, "Naziv izborne jedinice": "III. IZBORNA JEDINICA", "Rbr.županije": 5, "Županija": "VARAŽDINSKA ŽUPANIJA", "Oznaka Gr/Op/Dr": "grad", "Grad/općina/država": "NOVI MAROF", "Rbr BM": 15, "Naziv BM": "GRANA", "Lokacija BM": "GRADSKI PROSTOR PORED MALONOGOMETNOG IGRALIŠTA U GRANI", "Adresa BM": "GRANA", "Ukupno birača": 439, "Glasovalo birača": 276, "Glasovalo birača (po listićima)": 276, "Važeći listići": 266, "Nevažeći listići": 10, "Latitude": 46.1572475, "Longitude": 16.3283559, "ID_u_zupaniji": 81, "ID_global": 1378, "neighbours list": [ 1382, 1386, 1379, 1364, 1377, 1365 ] }, "geometry": { "type": "MultiPolygon", "coordinates": [ [ [ [ 16.31904597655166, 46.159318270307786 ], [ 16.325066086237285, 46.163140908205094 ], [ 16.325668371329972, 46.162866223075994 ], [ 16.338389135188997, 46.155203597969056 ], [ 16.336801576868019, 46.151334300093986 ], [ 16.319882913744038, 46.155566330930768 ], [ 16.31904597655166, 46.159318270307786 ] ] ] ] } },
{ "type": "Feature", "properties": { "fid": 82, "Rbr IJ": 3, "Naziv izborne jedinice": "III. IZBORNA JEDINICA", "Rbr.županije": 5, "Županija": "VARAŽDINSKA ŽUPANIJA", "Oznaka Gr/Op/Dr": "grad", "Grad/općina/država": "NOVI MAROF", "Rbr BM": 16, "Naziv BM": "GORNJE MAKOJIŠĆE", "Lokacija BM": "DRUŠTVENI DOM GORNJE MAKOJIŠĆE", "Adresa BM": "GORNJE MAKOJIŠĆE 90 G", "Ukupno birača": 325, "Glasovalo birača": 201, "Glasovalo birača (po listićima)": 201, "Važeći listići": 189, "Nevažeći listići": 12, "Latitude": 46.1500939, "Longitude": 16.3265665, "ID_u_zupaniji": 82, "ID_global": 1379, "neighbours list": [ 1382, 1380, 1378, 1377 ] }, "geometry": { "type": "MultiPolygon", "coordinates": [ [ [ [ 16.319882913744038, 46.155566330930768 ], [ 16.336801576868019, 46.151334300093986 ], [ 16.336396325442667, 46.134193164695766 ], [ 16.316468138447856, 46.140403170818892 ], [ 16.319882913744038, 46.155566330930768 ] ] ] ] } },
{ "type": "Feature", "properties": { "fid": 302, "Rbr IJ": 3, "Naziv izborne jedinice": "III. IZBORNA JEDINICA", "Rbr.županije": 5, "Županija": "VARAŽDINSKA ŽUPANIJA", "Oznaka Gr/Op/Dr": "općina", "Grad/općina/država": "SVETI ILIJA", "Rbr BM": 7, "Naziv BM": "TOMAŠEVEC BIŠKUPEČKI", "Lokacija BM": "STARA ZGRADA OSNOVNE ŠKOLE \"VLADIMIR NAZOR\" SVETI ILIJA, UČIONICA BROJ 2 - PRIZEMLJE", "Adresa BM": "ŠKOLSKA ULICA 7", "Ukupno birača": 297, "Glasovalo birača": 174, "Glasovalo birača (po listićima)": 174, "Važeći listići": 172, "Nevažeći listići": 2, "Latitude": 46.245548, "Longitude": 16.3261312, "ID_u_zupaniji": 302, "ID_global": 1925, "neighbours list": [ 1924, 1923, 1926, 1469, 1920 ] }, "geometry": { "type": "MultiPolygon", "coordinates": [ [ [ [ 16.324110844118405, 46.262758757000597 ], [ 16.334048265016754, 46.255261079752039 ], [ 16.332903745771194, 46.24917131206255 ], [ 16.325801162534098, 46.239603243188057 ], [ 16.323841191798554, 46.238054240835062 ], [ 16.324110844118405, 46.262758757000597 ] ] ] ] } },
{ "type": "Feature", "properties": { "fid": 300, "Rbr IJ": 3, "Naziv izborne jedinice": "III. IZBORNA JEDINICA", "Rbr.županije": 5, "Županija": "VARAŽDINSKA ŽUPANIJA", "Oznaka Gr/Op/Dr": "općina", "Grad/općina/država": "SVETI ILIJA", "Rbr BM": 5, "Naziv BM": "SEKETIN", "Lokacija BM": "PROSTORIJE DRUŠTVENOG DOMA", "Adresa BM": "VLADIMIRA NAZORA 68", "Ukupno birača": 327, "Glasovalo birača": 205, "Glasovalo birača (po listićima)": 205, "Važeći listići": 196, "Nevažeći listići": 9, "Latitude": 46.2385507, "Longitude": 16.3316613, "ID_u_zupaniji": 300, "ID_global": 1923, "neighbours list": [ 1924, 1922, 1925, 1370, 1926, 1920, 1662 ] }, "geometry": { "type": "MultiPolygon", "coordinates": [ [ [ [ 16.325801162534098, 46.239603243188057 ], [ 16.335189511348787, 46.240409816985618 ], [ 16.342204442284416, 46.231266968453973 ], [ 16.333321152227569, 46.218036152750017 ], [ 16.331100603479818, 46.218265148597759 ], [ 16.319800706501052, 46.23235036364126 ], [ 16.323841191798554, 46.238054240835062 ], [ 16.325801162534098, 46.239603243188057 ] ] ] ] } },
{ "type": "Feature", "properties": { "fid": 143, "Rbr IJ": 3, "Naziv izborne jedinice": "III. IZBORNA JEDINICA", "Rbr.županije": 5, "Županija": "VARAŽDINSKA ŽUPANIJA", "Oznaka Gr/Op/Dr": "grad", "Grad/općina/država": "VARAŽDIN", "Rbr BM": 47, "Naziv BM": "GOJANEC", "Lokacija BM": "PROSTORIJE DOBROVOLJNOG VATROGASNOG DRUŠTVA", "Adresa BM": "MATIJE GUPCA 24", "Ukupno birača": 490, "Glasovalo birača": 354, "Glasovalo birača (po listićima)": 354, "Važeći listići": 345, "Nevažeći listići": 9, "Latitude": 46.3200596, "Longitude": 16.3403356, "ID_u_zupaniji": 143, "ID_global": 1470, "neighbours list": [ 1898, 1456, 1425, 1466, 1460, 1457 ] }, "geometry": { "type": "MultiPolygon", "coordinates": [ [ [ [ 16.326750767089734, 46.360906424362547 ], [ 16.327428397116716, 46.360271175776418 ], [ 16.327480099127275, 46.35994690917444 ], [ 16.328417989289171, 46.35736345949929 ], [ 16.328875562559301, 46.356103294086537 ], [ 16.328937409947905, 46.355980036613275 ], [ 16.329267300171075, 46.355323022752515 ], [ 16.329570639947701, 46.354719051100552 ], [ 16.329754079003344, 46.354521118559752 ], [ 16.330820142705537, 46.353369094319362 ], [ 16.331250524008141, 46.352893874279545 ], [ 16.331373730819443, 46.352757840115999 ], [ 16.331736652800739, 46.352371949763018 ], [ 16.332760546948514, 46.351258712381828 ], [ 16.334014552664751, 46.349914304678869 ], [ 16.335463230731623, 46.34836107070381 ], [ 16.335639296234515, 46.348181561942255 ], [ 16.335721694165382, 46.348129407221805 ], [ 16.338260202886595, 46.346522455633881 ], [ 16.339086482299638, 46.345994591973223 ], [ 16.339295913392647, 46.345860739748176 ], [ 16.339921835513785, 46.345468264504625 ], [ 16.340739984924909, 46.344955312607325 ], [ 16.340818051091635, 46.344870398707521 ], [ 16.346594963791542, 46.341127672105564 ], [ 16.347291998171926, 46.341237650009639 ], [ 16.348329289566596, 46.340351465971473 ], [ 16.348944978836045, 46.340210304632713 ], [ 16.3418774863739, 46.317741212567682 ], [ 16.34006248353349, 46.314652223540229 ], [ 16.337584234685217, 46.314756383020317 ], [ 16.328771641995129, 46.32561578872604 ], [ 16.318493512877883, 46.35176612741234 ], [ 16.324270402429594, 46.362575972744992 ], [ 16.326750767089734, 46.360906424362547 ] ] ] ] } },
{ "type": "Feature", "properties": { "fid": 113, "Rbr IJ": 3, "Naziv izborne jedinice": "III. IZBORNA JEDINICA", "Rbr.županije": 5, "Županija": "VARAŽDINSKA ŽUPANIJA", "Oznaka Gr/Op/Dr": "grad", "Grad/općina/država": "VARAŽDIN", "Rbr BM": 17, "Naziv BM": "VARAŽDIN", "Lokacija BM": "BIRALIŠTE 2, PROSTORIJE ŠKOLSKO SPORTSKE DVORANE GRABERJE", "Adresa BM": "GRABERJE 33", "Ukupno birača": 610, "Glasovalo birača": 424, "Glasovalo birača (po listićima)": 423, "Važeći listići": 408, "Nevažeći listići": 15, "Latitude": 46.3082752, "Longitude": 16.3290698, "ID_u_zupaniji": 113, "ID_global": 1440, "neighbours list": [ 1456, 1467, 1444, 1425, 1438, 1426 ] }, "geometry": { "type": "MultiPolygon", "coordinates": [ [ [ [ 16.331485680578613, 46.310129530584355 ], [ 16.331372280816744, 46.308769157479517 ], [ 16.327802648412757, 46.304570516652959 ], [ 16.323723457316508, 46.305960294483953 ], [ 16.322621198634124, 46.30732040778458 ], [ 16.32787387908046, 46.312170877424336 ], [ 16.331485680578613, 46.310129530584355 ] ] ] ] } },
{ "type": "Feature", "properties": { "fid": 98, "Rbr IJ": 3, "Naziv izborne jedinice": "III. IZBORNA JEDINICA", "Rbr.županije": 5, "Županija": "VARAŽDINSKA ŽUPANIJA", "Oznaka Gr/Op/Dr": "grad", "Grad/općina/država": "VARAŽDIN", "Rbr BM": 2, "Naziv BM": "VARAŽDIN", "Lokacija BM": "PROSTORIJE DOBROVOLJNOG VATROGASNOG DRUŠTVA VARAŽDIN (DVORIŠTE)", "Adresa BM": "TRENKOVA 44", "Ukupno birača": 693, "Glasovalo birača": 460, "Glasovalo birača (po listićima)": 460, "Važeći listići": 450, "Nevažeći listići": 10, "Latitude": 46.3131557, "Longitude": 16.3318282, "ID_u_zupaniji": 98, "ID_global": 1425, "neighbours list": [ 1456, 1470, 1440, 1426, 1424, 1466 ] }, "geometry": { "type": "MultiPolygon", "coordinates": [ [ [ [ 16.32787387908046, 46.312170877424336 ], [ 16.328771641995129, 46.32561578872604 ], [ 16.337584234685217, 46.314756383020317 ], [ 16.337412775359589, 46.314403684087715 ], [ 16.335017030986052, 46.311294125582563 ], [ 16.331485680578613, 46.310129530584355 ], [ 16.32787387908046, 46.312170877424336 ] ] ] ] } },
{ "type": "Feature", "properties": { "fid": 73, "Rbr IJ": 3, "Naziv izborne jedinice": "III. IZBORNA JEDINICA", "Rbr.županije": 5, "Županija": "VARAŽDINSKA ŽUPANIJA", "Oznaka Gr/Op/Dr": "grad", "Grad/općina/država": "NOVI MAROF", "Rbr BM": 7, "Naziv BM": "STRMEC REMETINEČKI", "Lokacija BM": "DRUŠTVENI DOM STRMEC REMETINEČKI", "Adresa BM": "STRMEC REMETINEČKI 76", "Ukupno birača": 416, "Glasovalo birača": 294, "Glasovalo birača (po listićima)": 294, "Važeći listići": 284, "Nevažeći listići": 10, "Latitude": 46.1982921, "Longitude": 16.3275096, "ID_u_zupaniji": 73, "ID_global": 1370, "neighbours list": [ 1390, 1922, 1369, 1923, 1662, 1371 ] }, "geometry": { "type": "MultiPolygon", "coordinates": [ [ [ [ 16.331100603479818, 46.218265148597759 ], [ 16.333321152227569, 46.218036152750017 ], [ 16.334931131367458, 46.216460017406362 ], [ 16.339081744741936, 46.190485369257864 ], [ 16.312155016257758, 46.191226501589931 ], [ 16.314716372214004, 46.207032422289736 ], [ 16.331100603479818, 46.218265148597759 ] ] ] ] } },
{ "type": "Feature", "properties": { "fid": 303, "Rbr IJ": 3, "Naziv izborne jedinice": "III. IZBORNA JEDINICA", "Rbr.županije": 5, "Županija": "VARAŽDINSKA ŽUPANIJA", "Oznaka Gr/Op/Dr": "općina", "Grad/općina/država": "SVETI ILIJA", "Rbr BM": 8, "Naziv BM": "ŽIGROVEC", "Lokacija BM": "KONTEJNER U ŽIGROVCU", "Adresa BM": "VLADIMIRA NAZORA BB", "Ukupno birača": 187, "Glasovalo birača": 141, "Glasovalo birača (po listićima)": 141, "Važeći listići": 137, "Nevažeći listići": 4, "Latitude": 46.2416399, "Longitude": 16.3313959, "ID_u_zupaniji": 303, "ID_global": 1926, "neighbours list": [ 1925, 1923, 1920 ] }, "geometry": { "type": "MultiPolygon", "coordinates": [ [ [ [ 16.332903745771194, 46.24917131206255 ], [ 16.335189511348787, 46.240409816985618 ], [ 16.325801162534098, 46.239603243188057 ], [ 16.332903745771194, 46.24917131206255 ] ] ] ] } },
{ "type": "Feature", "properties": { "fid": 335, "Rbr IJ": 3, "Naziv izborne jedinice": "III. IZBORNA JEDINICA", "Rbr.županije": 5, "Županija": "VARAŽDINSKA ŽUPANIJA", "Oznaka Gr/Op/Dr": "općina", "Grad/općina/država": "VISOKO", "Rbr BM": 7, "Naziv BM": "ČANJEVO", "Lokacija BM": "VATROGASNI DOM", "Adresa BM": "ČANJEVO 26/C", "Ukupno birača": 121, "Glasovalo birača": 94, "Glasovalo birača (po listićima)": 94, "Važeći listići": 93, "Nevažeći listići": 1, "Latitude": 46.1030759, "Longitude": 16.338945, "ID_u_zupaniji": 335, "ID_global": 2012, "neighbours list": [ 1380, 2011, 1377, 2010, 2009, 1381 ] }, "geometry": { "type": "MultiPolygon", "coordinates": [ [ [ [ 16.342882542311656, 46.126356377807745 ], [ 16.350107933781786, 46.12511089960033 ], [ 16.348410048612358, 46.101849236409009 ], [ 16.34469145802252, 46.097651199870285 ], [ 16.33426090143389, 46.096255710505169 ], [ 16.320207592334285, 46.107468555624131 ], [ 16.342882542311656, 46.126356377807745 ] ] ] ] } },
{ "type": "Feature", "properties": { "fid": 67, "Rbr IJ": 3, "Naziv izborne jedinice": "III. IZBORNA JEDINICA", "Rbr.županije": 5, "Županija": "VARAŽDINSKA ŽUPANIJA", "Oznaka Gr/Op/Dr": "grad", "Grad/općina/država": "NOVI MAROF", "Rbr BM": 1, "Naziv BM": "NOVI MAROF 1.", "Lokacija BM": "KULTURNI CENTAR \"IVAN RABUZIN\" (MALA DVORANA)", "Adresa BM": "ULICA ANTUNA MIHANOVIĆA 3", "Ukupno birača": 642, "Glasovalo birača": 465, "Glasovalo birača (po listićima)": 465, "Važeći listići": 450, "Nevažeći listići": 15, "Latitude": 46.1645207, "Longitude": 16.331673, "ID_u_zupaniji": 67, "ID_global": 1364, "neighbours list": [ 1386, 1378, 1367, 1365 ] }, "geometry": { "type": "MultiPolygon", "coordinates": [ [ [ [ 16.32751154694504, 46.169421991985317 ], [ 16.338556098990157, 46.164874592777657 ], [ 16.325668371329972, 46.162866223075994 ], [ 16.325066086237285, 46.163140908205094 ], [ 16.32751154694504, 46.169421991985317 ] ] ] ] } },
{ "type": "Feature", "properties": { "fid": 142, "Rbr IJ": 3, "Naziv izborne jedinice": "III. IZBORNA JEDINICA", "Rbr.županije": 5, "Županija": "VARAŽDINSKA ŽUPANIJA", "Oznaka Gr/Op/Dr": "grad", "Grad/općina/država": "VARAŽDIN", "Rbr BM": 46, "Naziv BM": "ČRNEC BIŠKUPEČKI", "Lokacija BM": "BIVŠE PROSTORIJE DRUŠTVENOG DOMA", "Adresa BM": "ČRNEC BIŠKUPEČKI 137", "Ukupno birača": 527, "Glasovalo birača": 316, "Glasovalo birača (po listićima)": 316, "Važeći listići": 309, "Nevažeći listići": 7, "Latitude": 46.2655402, "Longitude": 16.3412151, "ID_u_zupaniji": 142, "ID_global": 1469, "neighbours list": [ 1548, 1924, 1463, 1925, 1920, 1464, 1432 ] }, "geometry": { "type": "MultiPolygon", "coordinates": [ [ [ [ 16.316571159163423, 46.270835602208663 ], [ 16.338623041037184, 46.277053050593217 ], [ 16.349832911172804, 46.276191949086375 ], [ 16.348545768459772, 46.253095706238568 ], [ 16.334048265016754, 46.255261079752039 ], [ 16.324110844118405, 46.262758757000597 ], [ 16.317228904059142, 46.269487419995365 ], [ 16.316571159163423, 46.270835602208663 ] ] ] ] } },
{ "type": "Feature", "properties": { "fid": 111, "Rbr IJ": 3, "Naziv izborne jedinice": "III. IZBORNA JEDINICA", "Rbr.županije": 5, "Županija": "VARAŽDINSKA ŽUPANIJA", "Oznaka Gr/Op/Dr": "grad", "Grad/općina/država": "VARAŽDIN", "Rbr BM": 15, "Naziv BM": "VARAŽDIN", "Lokacija BM": "BIVŠE PROSTORIJE IV. MJESNOG ODBORA", "Adresa BM": "TRAKOŠĆANSKA 24", "Ukupno birača": 399, "Glasovalo birača": 286, "Glasovalo birača (po listićima)": 286, "Važeći listići": 280, "Nevažeći listići": 6, "Latitude": 46.3064172, "Longitude": 16.3312552, "ID_u_zupaniji": 111, "ID_global": 1438, "neighbours list": [ 1444, 1440, 1443, 1426, 1442 ] }, "geometry": { "type": "MultiPolygon", "coordinates": [ [ [ [ 16.327802648412757, 46.304570516652959 ], [ 16.331372280816744, 46.308769157479517 ], [ 16.331913209560952, 46.307928377158575 ], [ 16.332048115845712, 46.30615463071117 ], [ 16.328733245398947, 46.303781258356381 ], [ 16.327802648412757, 46.304570516652959 ] ] ] ] } },
{ "type": "Feature", "properties": { "fid": 70, "Rbr IJ": 3, "Naziv izborne jedinice": "III. IZBORNA JEDINICA", "Rbr.županije": 5, "Županija": "VARAŽDINSKA ŽUPANIJA", "Oznaka Gr/Op/Dr": "grad", "Grad/općina/država": "NOVI MAROF", "Rbr BM": 4, "Naziv BM": "PURGARI", "Lokacija BM": "STAMBENI PROSTOR, VL. STJEPAN ŠTORGA", "Adresa BM": "REMETINEC 4A", "Ukupno birača": 232, "Glasovalo birača": 172, "Glasovalo birača (po listićima)": 172, "Važeći listići": 167, "Nevažeći listići": 5, "Latitude": 46.1699723, "Longitude": 16.3339176, "ID_u_zupaniji": 70, "ID_global": 1367, "neighbours list": [ 1369, 1386, 1364, 1377, 1365, 1366, 1372 ] }, "geometry": { "type": "MultiPolygon", "coordinates": [ [ [ [ 16.326941792090516, 46.174828658562014 ], [ 16.331146021680603, 46.176975649911981 ], [ 16.347139915098296, 46.164610578889409 ], [ 16.347114219433195, 46.164068054774582 ], [ 16.345274573174997, 46.162889041085307 ], [ 16.338556098990157, 46.164874592777657 ], [ 16.32751154694504, 46.169421991985317 ], [ 16.326941792090516, 46.174828658562014 ] ] ] ] } },
{ "type": "Feature", "properties": { "fid": 80, "Rbr IJ": 3, "Naziv izborne jedinice": "III. IZBORNA JEDINICA", "Rbr.županije": 5, "Županija": "VARAŽDINSKA ŽUPANIJA", "Oznaka Gr/Op/Dr": "grad", "Grad/općina/država": "NOVI MAROF", "Rbr BM": 14, "Naziv BM": "MOŽĐENEC", "Lokacija BM": "DRUŠTVENI DOM MOŽĐENEC", "Adresa BM": "MOŽĐENEC 86 A", "Ukupno birača": 554, "Glasovalo birača": 328, "Glasovalo birača (po listićima)": 328, "Važeći listići": 310, "Nevažeći listići": 18, "Latitude": 46.1496116, "Longitude": 16.3469666, "ID_u_zupaniji": 80, "ID_global": 1377, "neighbours list": [ 1380, 1378, 1379, 2012, 1367, 1365, 1372, 1381, 1753 ] }, "geometry": { "type": "MultiPolygon", "coordinates": [ [ [ [ 16.336801576868019, 46.151334300093986 ], [ 16.338389135188997, 46.155203597969056 ], [ 16.345274573174997, 46.162889041085307 ], [ 16.347114219433195, 46.164068054774582 ], [ 16.366248703505654, 46.150190416072221 ], [ 16.373210672808003, 46.130407168451129 ], [ 16.350107933781786, 46.12511089960033 ], [ 16.342882542311656, 46.126356377807745 ], [ 16.336396325442667, 46.134193164695766 ], [ 16.336801576868019, 46.151334300093986 ] ] ] ] } },
{ "type": "Feature", "properties": { "fid": 68, "Rbr IJ": 3, "Naziv izborne jedinice": "III. IZBORNA JEDINICA", "Rbr.županije": 5, "Županija": "VARAŽDINSKA ŽUPANIJA", "Oznaka Gr/Op/Dr": "grad", "Grad/općina/država": "NOVI MAROF", "Rbr BM": 2, "Naziv BM": "NOVI MAROF 2.", "Lokacija BM": "OSNOVNA ŠKOLA NOVI MAROF", "Adresa BM": "ZAGORSKA ULICA 23", "Ukupno birača": 616, "Glasovalo birača": 417, "Glasovalo birača (po listićima)": 417, "Važeći listići": 411, "Nevažeći listići": 6, "Latitude": 46.1631173, "Longitude": 16.3318917, "ID_u_zupaniji": 68, "ID_global": 1365, "neighbours list": [ 1378, 1364, 1367, 1377 ] }, "geometry": { "type": "MultiPolygon", "coordinates": [ [ [ [ 16.325668371329972, 46.162866223075994 ], [ 16.338556098990157, 46.164874592777657 ], [ 16.345274573174997, 46.162889041085307 ], [ 16.338389135188997, 46.155203597969056 ], [ 16.325668371329972, 46.162866223075994 ] ] ] ] } },
{ "type": "Feature", "properties": { "fid": 116, "Rbr IJ": 3, "Naziv izborne jedinice": "III. IZBORNA JEDINICA", "Rbr.županije": 5, "Županija": "VARAŽDINSKA ŽUPANIJA", "Oznaka Gr/Op/Dr": "grad", "Grad/općina/država": "VARAŽDIN", "Rbr BM": 20, "Naziv BM": "VARAŽDIN", "Lokacija BM": "PROSTORIJE POSLOVNE ZGRADE \"ELEKTRA\"", "Adresa BM": "KRATKA 3", "Ukupno birača": 534, "Glasovalo birača": 405, "Glasovalo birača (po listićima)": 405, "Važeći listići": 398, "Nevažeći listići": 7, "Latitude": 46.3053194, "Longitude": 16.3320412, "ID_u_zupaniji": 116, "ID_global": 1443, "neighbours list": [ 1444, 1438, 1448, 1442, 1453, 1435 ] }, "geometry": { "type": "MultiPolygon", "coordinates": [ [ [ [ 16.332048115845712, 46.30615463071117 ], [ 16.334401758824416, 46.304699468220853 ], [ 16.334621596503684, 46.302346803099169 ], [ 16.334102077412471, 46.301615265797949 ], [ 16.33084246847887, 46.301179728619417 ], [ 16.328733245398947, 46.303781258356381 ], [ 16.332048115845712, 46.30615463071117 ] ] ] ] } },
{ "type": "Feature", "properties": { "fid": 121, "Rbr IJ": 3, "Naziv izborne jedinice": "III. IZBORNA JEDINICA", "Rbr.županije": 5, "Županija": "VARAŽDINSKA ŽUPANIJA", "Oznaka Gr/Op/Dr": "grad", "Grad/općina/država": "VARAŽDIN", "Rbr BM": 25, "Naziv BM": "VARAŽDIN", "Lokacija BM": "BIRALIŠTE 2, PROSTORIJE VI. OSNOVNE ŠKOLE", "Adresa BM": "DIMITRIJE DEMETRA 13", "Ukupno birača": 1278, "Glasovalo birača": 903, "Glasovalo birača (po listićima)": 903, "Važeći listići": 876, "Nevažeći listići": 27, "Latitude": 46.2975, "Longitude": 16.333086, "ID_u_zupaniji": 121, "ID_global": 1448, "neighbours list": [ 1444, 1463, 1443, 1435, 1436, 1464 ] }, "geometry": { "type": "MultiPolygon", "coordinates": [ [ [ [ 16.33084246847887, 46.301179728619417 ], [ 16.334102077412471, 46.301615265797949 ], [ 16.33893375619952, 46.294214454879096 ], [ 16.339071574965885, 46.293868291346662 ], [ 16.339013591034128, 46.293807905955731 ], [ 16.325781752893928, 46.291335201121356 ], [ 16.33084246847887, 46.301179728619417 ] ] ] ] } },
{ "type": "Feature", "properties": { "fid": 69, "Rbr IJ": 3, "Naziv izborne jedinice": "III. IZBORNA JEDINICA", "Rbr.županije": 5, "Županija": "VARAŽDINSKA ŽUPANIJA", "Oznaka Gr/Op/Dr": "grad", "Grad/općina/država": "NOVI MAROF", "Rbr BM": 3, "Naziv BM": "NOVI MAROF 3.", "Lokacija BM": "U POSLOVNOM PROSTORU \"MARŠIĆ\", NOVI MAROF", "Adresa BM": "VARAŽDINSKA ULICA 88", "Ukupno birača": 321, "Glasovalo birača": 231, "Glasovalo birača (po listićima)": 231, "Važeći listići": 226, "Nevažeći listići": 5, "Latitude": 46.1760568, "Longitude": 16.3386216, "ID_u_zupaniji": 69, "ID_global": 1366, "neighbours list": [ 1369, 1367, 1371, 1372, 1374, 1373 ] }, "geometry": { "type": "MultiPolygon", "coordinates": [ [ [ [ 16.339424604089064, 46.19009792382699 ], [ 16.344853824567846, 46.188173226260346 ], [ 16.348530965947511, 46.181319124019367 ], [ 16.350494447294299, 46.174725964618439 ], [ 16.347139915098296, 46.164610578889409 ], [ 16.331146021680603, 46.176975649911981 ], [ 16.339424604089064, 46.19009792382699 ] ] ] ] } },
{ "type": "Feature", "properties": { "fid": 99, "Rbr IJ": 3, "Naziv izborne jedinice": "III. IZBORNA JEDINICA", "Rbr.županije": 5, "Županija": "VARAŽDINSKA ŽUPANIJA", "Oznaka Gr/Op/Dr": "grad", "Grad/općina/država": "VARAŽDIN", "Rbr BM": 3, "Naziv BM": "VARAŽDIN", "Lokacija BM": "BIVŠE PROSTORIJE GRADSKOG DRUŠTVA CRVENOG KRIŽA VARAŽDIN", "Adresa BM": "ULICA STANKA VRAZA 8", "Ukupno birača": 456, "Glasovalo birača": 279, "Glasovalo birača (po listićima)": 279, "Važeći listići": 274, "Nevažeći listići": 5, "Latitude": 46.3079008, "Longitude": 16.3335612, "ID_u_zupaniji": 99, "ID_global": 1426, "neighbours list": [ 1440, 1425, 1438, 1424, 1442, 1453 ] }, "geometry": { "type": "MultiPolygon", "coordinates": [ [ [ [ 16.331372280816744, 46.308769157479517 ], [ 16.331485680578613, 46.310129530584355 ], [ 16.335017030986052, 46.311294125582563 ], [ 16.335708852497312, 46.307706651501448 ], [ 16.334740236076257, 46.306337696401812 ], [ 16.331913209560952, 46.307928377158575 ], [ 16.331372280816744, 46.308769157479517 ] ] ] ] } },
{ "type": "Feature", "properties": { "fid": 97, "Rbr IJ": 3, "Naziv izborne jedinice": "III. IZBORNA JEDINICA", "Rbr.županije": 5, "Županija": "VARAŽDINSKA ŽUPANIJA", "Oznaka Gr/Op/Dr": "grad", "Grad/općina/država": "VARAŽDIN", "Rbr BM": 1, "Naziv BM": "VARAŽDIN", "Lokacija BM": "PROSTORIJE KINA GAJ (PRIZEMLJE-ULAZNI DIO)", "Adresa BM": "ULICA LJUDEVITA GAJA 1", "Ukupno birača": 426, "Glasovalo birača": 292, "Glasovalo birača (po listićima)": 292, "Važeći listići": 287, "Nevažeći listići": 5, "Latitude": 46.3086855, "Longitude": 16.3376303, "ID_u_zupaniji": 97, "ID_global": 1424, "neighbours list": [ 1425, 1426, 1453, 1466, 1430 ] }, "geometry": { "type": "MultiPolygon", "coordinates": [ [ [ [ 16.337412775359589, 46.314403684087715 ], [ 16.339360419708008, 46.306512831935471 ], [ 16.339346243186093, 46.30643990652846 ], [ 16.335708852497312, 46.307706651501448 ], [ 16.335017030986052, 46.311294125582563 ], [ 16.337412775359589, 46.314403684087715 ] ] ] ] } },
{ "type": "Feature", "properties": { "fid": 297, "Rbr IJ": 3, "Naziv izborne jedinice": "III. IZBORNA JEDINICA", "Rbr.županije": 5, "Županija": "VARAŽDINSKA ŽUPANIJA", "Oznaka Gr/Op/Dr": "općina", "Grad/općina/država": "SVETI ILIJA", "Rbr BM": 2, "Naziv BM": "DOLJAN", "Lokacija BM": "PROSTORIJE DRUŠTVENOG DOMA U DOLJANU", "Adresa BM": "ŽELJEZNIČKI NASIP 1", "Ukupno birača": 325, "Glasovalo birača": 240, "Glasovalo birača (po listićima)": 240, "Važeći listići": 232, "Nevažeći listići": 8, "Latitude": 46.2433364, "Longitude": 16.3378987, "ID_u_zupaniji": 297, "ID_global": 1920, "neighbours list": [ 1925, 1923, 1926, 1469, 1662, 1432, 1660 ] }, "geometry": { "type": "MultiPolygon", "coordinates": [ [ [ [ 16.334048265016754, 46.255261079752039 ], [ 16.348545768459772, 46.253095706238568 ], [ 16.353613206068758, 46.248503122452696 ], [ 16.354077671266783, 46.240629900998009 ], [ 16.342204442284416, 46.231266968453973 ], [ 16.335189511348787, 46.240409816985618 ], [ 16.332903745771194, 46.24917131206255 ], [ 16.334048265016754, 46.255261079752039 ] ] ] ] } },
{ "type": "Feature", "properties": { "fid": 115, "Rbr IJ": 3, "Naziv izborne jedinice": "III. IZBORNA JEDINICA", "Rbr.županije": 5, "Županija": "VARAŽDINSKA ŽUPANIJA", "Oznaka Gr/Op/Dr": "grad", "Grad/općina/država": "VARAŽDIN", "Rbr BM": 19, "Naziv BM": "VARAŽDIN", "Lokacija BM": "BIRALIŠTE 2, PROSTORIJE ŽUPANIJSKOG SUDA", "Adresa BM": "BRAĆE RADIĆ 2", "Ukupno birača": 562, "Glasovalo birača": 402, "Glasovalo birača (po listićima)": 402, "Važeći listići": 388, "Nevažeći listići": 14, "Latitude": 46.3065341, "Longitude": 16.3327922, "ID_u_zupaniji": 115, "ID_global": 1442, "neighbours list": [ 1438, 1443, 1426, 1453 ] }, "geometry": { "type": "MultiPolygon", "coordinates": [ [ [ [ 16.331913209560952, 46.307928377158575 ], [ 16.334740236076257, 46.306337696401812 ], [ 16.334401758824416, 46.304699468220853 ], [ 16.332048115845712, 46.30615463071117 ], [ 16.331913209560952, 46.307928377158575 ] ] ] ] } },
{ "type": "Feature", "properties": { "fid": 126, "Rbr IJ": 3, "Naziv izborne jedinice": "III. IZBORNA JEDINICA", "Rbr.županije": 5, "Županija": "VARAŽDINSKA ŽUPANIJA", "Oznaka Gr/Op/Dr": "grad", "Grad/općina/država": "VARAŽDIN", "Rbr BM": 30, "Naziv BM": "VARAŽDIN", "Lokacija BM": "BIRALIŠTE 3, PROSTORIJE IV. OSNOVNE ŠKOLE", "Adresa BM": "M. A. RELJKOVIĆA 36", "Ukupno birača": 949, "Glasovalo birača": 621, "Glasovalo birača (po listićima)": 621, "Važeći listići": 610, "Nevažeći listići": 11, "Latitude": 46.305746, "Longitude": 16.3366066, "ID_u_zupaniji": 126, "ID_global": 1453, "neighbours list": [ 1443, 1426, 1424, 1442, 1435, 1427, 1430 ] }, "geometry": { "type": "MultiPolygon", "coordinates": [ [ [ [ 16.334740236076257, 46.306337696401812 ], [ 16.335708852497312, 46.307706651501448 ], [ 16.339346243186093, 46.30643990652846 ], [ 16.339831454310222, 46.305263466880582 ], [ 16.339921190844375, 46.304171284023937 ], [ 16.334621596503684, 46.302346803099169 ], [ 16.334401758824416, 46.304699468220853 ], [ 16.334740236076257, 46.306337696401812 ] ] ] ] } },
{ "type": "Feature", "properties": { "fid": 222, "Rbr IJ": 3, "Naziv izborne jedinice": "III. IZBORNA JEDINICA", "Rbr.županije": 5, "Županija": "VARAŽDINSKA ŽUPANIJA", "Oznaka Gr/Op/Dr": "općina", "Grad/općina/država": "GORNJI KNEGINEC", "Rbr BM": 7, "Naziv BM": "LUŽAN BIŠKUPEČKI", "Lokacija BM": "PROSTORIJE DRUŠTVENOG DOMA", "Adresa BM": "ULICA KRALJA ZVONIMIRA BB", "Ukupno birača": 527, "Glasovalo birača": 337, "Glasovalo birača (po listićima)": 337, "Važeći listići": 320, "Nevažeći listići": 17, "Latitude": 46.2242658, "Longitude": 16.3529373, "ID_u_zupaniji": 222, "ID_global": 1662, "neighbours list": [ 1923, 1370, 1920, 1371, 1376, 1660, 1661 ] }, "geometry": { "type": "MultiPolygon", "coordinates": [ [ [ [ 16.333321152227569, 46.218036152750017 ], [ 16.342204442284416, 46.231266968453973 ], [ 16.354077671266783, 46.240629900998009 ], [ 16.371864969587296, 46.226293427343442 ], [ 16.373964207976801, 46.219673937900836 ], [ 16.346216251513173, 46.213835392101117 ], [ 16.334931131367458, 46.216460017406362 ], [ 16.333321152227569, 46.218036152750017 ] ] ] ] } },
{ "type": "Feature", "properties": { "fid": 108, "Rbr IJ": 3, "Naziv izborne jedinice": "III. IZBORNA JEDINICA", "Rbr.županije": 5, "Županija": "VARAŽDINSKA ŽUPANIJA", "Oznaka Gr/Op/Dr": "grad", "Grad/općina/država": "VARAŽDIN", "Rbr BM": 12, "Naziv BM": "VARAŽDIN", "Lokacija BM": "BIRALIŠTE 3, PROSTORIJE DJEČJEG VRTIĆA (VELIKA DVORANA)", "Adresa BM": "ALEJA KRALJA ZVONIMIRA 3", "Ukupno birača": 727, "Glasovalo birača": 484, "Glasovalo birača (po listićima)": 484, "Važeći listići": 472, "Nevažeći listići": 12, "Latitude": 46.3008899, "Longitude": 16.3382784, "ID_u_zupaniji": 108, "ID_global": 1435, "neighbours list": [ 1443, 1448, 1453, 1427, 1436 ] }, "geometry": { "type": "MultiPolygon", "coordinates": [ [ [ [ 16.334102077412471, 46.301615265797949 ], [ 16.334621596503684, 46.302346803099169 ], [ 16.339921190844375, 46.304171284023937 ], [ 16.339946861924911, 46.304149051512056 ], [ 16.33893375619952, 46.294214454879096 ], [ 16.334102077412471, 46.301615265797949 ] ] ] ] } },
{ "type": "Feature", "properties": { "fid": 74, "Rbr IJ": 3, "Naziv izborne jedinice": "III. IZBORNA JEDINICA", "Rbr.županije": 5, "Županija": "VARAŽDINSKA ŽUPANIJA", "Oznaka Gr/Op/Dr": "grad", "Grad/općina/država": "NOVI MAROF", "Rbr BM": 8, "Naziv BM": "GORNJE PRESEČNO", "Lokacija BM": "BIVŠA PODRUČNA ŠKOLA PRESEČNO", "Adresa BM": "PRESEČNO 35 (PROSTOR UDRUGE \"SUNCE\")", "Ukupno birača": 472, "Glasovalo birača": 317, "Glasovalo birača (po listićima)": 317, "Važeći listići": 306, "Nevažeći listići": 11, "Latitude": 46.2015096, "Longitude": 16.3476448, "ID_u_zupaniji": 74, "ID_global": 1371, "neighbours list": [ 1369, 1370, 1366, 1662, 1376, 1374 ] }, "geometry": { "type": "MultiPolygon", "coordinates": [ [ [ [ 16.339081744741936, 46.190485369257864 ], [ 16.334931131367458, 46.216460017406362 ], [ 16.346216251513173, 46.213835392101117 ], [ 16.356713906030393, 46.196762525374574 ], [ 16.344853824567846, 46.188173226260346 ], [ 16.339424604089064, 46.19009792382699 ], [ 16.339081744741936, 46.190485369257864 ] ] ] ] } },
{ "type": "Feature", "properties": { "fid": 139, "Rbr IJ": 3, "Naziv izborne jedinice": "III. IZBORNA JEDINICA", "Rbr.županije": 5, "Županija": "VARAŽDINSKA ŽUPANIJA", "Oznaka Gr/Op/Dr": "grad", "Grad/općina/država": "VARAŽDIN", "Rbr BM": 43, "Naziv BM": "HRAŠĆICA", "Lokacija BM": "BIVŠE PROSTORIJE MJESNOG ODBORA", "Adresa BM": "SPORTSKI CENTAR HRAŠĆICA", "Ukupno birača": 1191, "Glasovalo birača": 768, "Glasovalo birača (po listićima)": 768, "Važeći listići": 747, "Nevažeći listići": 21, "Latitude": 46.309241, "Longitude": 16.3398809, "ID_u_zupaniji": 139, "ID_global": 1466, "neighbours list": [ 1470, 1425, 1424, 1430, 1457 ] }, "geometry": { "type": "MultiPolygon", "coordinates": [ [ [ [ 16.337584234685217, 46.314756383020317 ], [ 16.34006248353349, 46.314652223540229 ], [ 16.343698345991758, 46.312557070804729 ], [ 16.339360419708008, 46.306512831935471 ], [ 16.337412775359589, 46.314403684087715 ], [ 16.337584234685217, 46.314756383020317 ] ] ] ] } },
{ "type": "Feature", "properties": { "fid": 100, "Rbr IJ": 3, "Naziv izborne jedinice": "III. IZBORNA JEDINICA", "Rbr.županije": 5, "Županija": "VARAŽDINSKA ŽUPANIJA", "Oznaka Gr/Op/Dr": "grad", "Grad/općina/država": "VARAŽDIN", "Rbr BM": 4, "Naziv BM": "VARAŽDIN", "Lokacija BM": "BIVŠE PROSTORIJE II. MJESNOG ODBORA", "Adresa BM": "KOLODVORSKA 3", "Ukupno birača": 884, "Glasovalo birača": 636, "Glasovalo birača (po listićima)": 636, "Važeći listići": 628, "Nevažeći listići": 8, "Latitude": 46.3062659, "Longitude": 16.3429343, "ID_u_zupaniji": 100, "ID_global": 1427, "neighbours list": [ 1453, 1435, 1436, 1430, 1429 ] }, "geometry": { "type": "MultiPolygon", "coordinates": [ [ [ [ 16.339921190844375, 46.304171284023937 ], [ 16.339831454310222, 46.305263466880582 ], [ 16.344227810366664, 46.308413298476189 ], [ 16.344084482339198, 46.302675083327912 ], [ 16.339946861924911, 46.304149051512056 ], [ 16.339921190844375, 46.304171284023937 ] ] ] ] } },
{ "type": "Feature", "properties": { "fid": 109, "Rbr IJ": 3, "Naziv izborne jedinice": "III. IZBORNA JEDINICA", "Rbr.županije": 5, "Županija": "VARAŽDINSKA ŽUPANIJA", "Oznaka Gr/Op/Dr": "grad", "Grad/općina/država": "VARAŽDIN", "Rbr BM": 13, "Naziv BM": "VARAŽDIN", "Lokacija BM": "BIRALIŠTE 1, PROSTORIJE DJEČJEG VRTIĆA", "Adresa BM": "JOSIPA KOZARCA 24", "Ukupno birača": 912, "Glasovalo birača": 642, "Glasovalo birača (po listićima)": 638, "Važeći listići": 626, "Nevažeći listići": 12, "Latitude": 46.3006202, "Longitude": 16.3409231, "ID_u_zupaniji": 109, "ID_global": 1436, "neighbours list": [ 1448, 1435, 1427, 1464, 1429 ] }, "geometry": { "type": "MultiPolygon", "coordinates": [ [ [ [ 16.339946861924911, 46.304149051512056 ], [ 16.344084482339198, 46.302675083327912 ], [ 16.352381166369035, 46.296004512518877 ], [ 16.339071574965885, 46.293868291346662 ], [ 16.33893375619952, 46.294214454879096 ], [ 16.339946861924911, 46.304149051512056 ] ] ] ] } },
{ "type": "Feature", "properties": { "fid": 103, "Rbr IJ": 3, "Naziv izborne jedinice": "III. IZBORNA JEDINICA", "Rbr.županije": 5, "Županija": "VARAŽDINSKA ŽUPANIJA", "Oznaka Gr/Op/Dr": "grad", "Grad/općina/država": "VARAŽDIN", "Rbr BM": 7, "Naziv BM": "VARAŽDIN", "Lokacija BM": "PROSTORIJE I. OSNOVNE ŠKOLE", "Adresa BM": "KRALJA P. KREŠIMIRA IV 10", "Ukupno birača": 783, "Glasovalo birača": 567, "Glasovalo birača (po listićima)": 567, "Važeći listići": 546, "Nevažeći listići": 21, "Latitude": 46.3078791, "Longitude": 16.3417785, "ID_u_zupaniji": 103, "ID_global": 1430, "neighbours list": [ 1424, 1453, 1466, 1427, 1457, 1429, 1428 ] }, "geometry": { "type": "MultiPolygon", "coordinates": [ [ [ [ 16.339360419708008, 46.306512831935471 ], [ 16.343698345991758, 46.312557070804729 ], [ 16.345498001579376, 46.312020604141061 ], [ 16.34552049207246, 46.311217671539801 ], [ 16.344227810366664, 46.308413298476189 ], [ 16.339831454310222, 46.305263466880582 ], [ 16.339346243186093, 46.30643990652846 ], [ 16.339360419708008, 46.306512831935471 ] ] ] ] } },
{ "type": "Feature", "properties": { "fid": 137, "Rbr IJ": 3, "Naziv izborne jedinice": "III. IZBORNA JEDINICA", "Rbr.županije": 5, "Županija": "VARAŽDINSKA ŽUPANIJA", "Oznaka Gr/Op/Dr": "grad", "Grad/općina/država": "VARAŽDIN", "Rbr BM": 41, "Naziv BM": "VARAŽDIN", "Lokacija BM": "BIRALIŠTE 1,  PROSTORIJE DRUŠTVENOG DOMA", "Adresa BM": "M. KOLARIĆA 23", "Ukupno birača": 789, "Glasovalo birača": 570, "Glasovalo birača (po listićima)": 570, "Važeći listići": 560, "Nevažeći listići": 10, "Latitude": 46.2880349401415, "Longitude": 16.342943064231299, "ID_u_zupaniji": 137, "ID_global": 1464, "neighbours list": [ 1463, 1469, 1448, 1436, 1432, 1429, 1428, 1471, 1468 ] }, "geometry": { "type": "MultiPolygon", "coordinates": [ [ [ [ 16.339071574965885, 46.293868291346662 ], [ 16.352381166369035, 46.296004512518877 ], [ 16.352671152218736, 46.29596509928367 ], [ 16.356737367953937, 46.294647368645201 ], [ 16.357879004535796, 46.288751822249509 ], [ 16.356365314021335, 46.280178130524853 ], [ 16.349832911172804, 46.276191949086375 ], [ 16.338623041037184, 46.277053050593217 ], [ 16.339013591034128, 46.293807905955731 ], [ 16.339071574965885, 46.293868291346662 ] ] ] ] } },
{ "type": "Feature", "properties": { "fid": 333, "Rbr IJ": 3, "Naziv izborne jedinice": "III. IZBORNA JEDINICA", "Rbr.županije": 5, "Županija": "VARAŽDINSKA ŽUPANIJA", "Oznaka Gr/Op/Dr": "općina", "Grad/općina/država": "VISOKO", "Rbr BM": 5, "Naziv BM": "VRH VISOČKI", "Lokacija BM": "OBITELJSKA KUĆA IVANA STRIČAKA", "Adresa BM": "VRH VISOČKI 23", "Ukupno birača": 79, "Glasovalo birača": 56, "Glasovalo birača (po listićima)": 56, "Važeći listići": 53, "Nevažeći listići": 3, "Latitude": 46.0909067, "Longitude": 16.3405731, "ID_u_zupaniji": 333, "ID_global": 2010, "neighbours list": [ 2007, 2011, 2012, 2009 ] }, "geometry": { "type": "MultiPolygon", "coordinates": [ [ [ [ 16.33426090143389, 46.096255710505169 ], [ 16.34469145802252, 46.097651199870285 ], [ 16.346896697908928, 46.084382414481887 ], [ 16.335067694068538, 46.083124430683228 ], [ 16.33426090143389, 46.096255710505169 ] ] ] ] } },
{ "type": "Feature", "properties": { "fid": 133, "Rbr IJ": 3, "Naziv izborne jedinice": "III. IZBORNA JEDINICA", "Rbr.županije": 5, "Županija": "VARAŽDINSKA ŽUPANIJA", "Oznaka Gr/Op/Dr": "grad", "Grad/općina/država": "VARAŽDIN", "Rbr BM": 37, "Naziv BM": "VARAŽDIN", "Lokacija BM": "BIRALIŠTE 1, BIVŠE PROSTORIJE VI. MJESNOG ODBORA \"BANFICA\"", "Adresa BM": "DRAVSKA 7 B", "Ukupno birača": 748, "Glasovalo birača": 566, "Glasovalo birača (po listićima)": 566, "Važeći listići": 560, "Nevažeći listići": 6, "Latitude": 46.3187595, "Longitude": 16.3444689, "ID_u_zupaniji": 133, "ID_global": 1460, "neighbours list": [ 1470, 1457 ] }, "geometry": { "type": "MultiPolygon", "coordinates": [ [ [ [ 16.349072165997974, 46.340181143965239 ], [ 16.349545951739628, 46.339699073476304 ], [ 16.350112133934893, 46.338345122242167 ], [ 16.350841465539389, 46.336312548622125 ], [ 16.351249937345635, 46.334989515148315 ], [ 16.351501132621891, 46.333604015713853 ], [ 16.351932332433922, 46.332172053565046 ], [ 16.352384455587199, 46.330920238836228 ], [ 16.352475678136997, 46.330468790977307 ], [ 16.352251352689276, 46.330234936028369 ], [ 16.352522165418129, 46.329892765128747 ], [ 16.352726069301344, 46.329363547162913 ], [ 16.353118422253406, 46.328300501608723 ], [ 16.353129831426703, 46.327919757861345 ], [ 16.353189099116719, 46.327320625280841 ], [ 16.353422329263054, 46.326794772422325 ], [ 16.354048879162523, 46.326144001758273 ], [ 16.354176540868913, 46.325851487993631 ], [ 16.354055875243521, 46.325662034424326 ], [ 16.353557568642334, 46.325173123037665 ], [ 16.358207538587276, 46.322356762831831 ], [ 16.359230403636118, 46.321672084974594 ], [ 16.361037042137205, 46.320596246629123 ], [ 16.3418774863739, 46.317741212567682 ], [ 16.348944978836045, 46.340210304632713 ], [ 16.349072165997974, 46.340181143965239 ] ] ] ] } },
{ "type": "Feature", "properties": { "fid": 130, "Rbr IJ": 3, "Naziv izborne jedinice": "III. IZBORNA JEDINICA", "Rbr.županije": 5, "Županija": "VARAŽDINSKA ŽUPANIJA", "Oznaka Gr/Op/Dr": "grad", "Grad/općina/država": "VARAŽDIN", "Rbr BM": 34, "Naziv BM": "VARAŽDIN", "Lokacija BM": "BIRALIŠTE 1, PROSTORIJE DJEČJEG VRTIĆA", "Adresa BM": "DRAVSKA ULICA 1", "Ukupno birača": 593, "Glasovalo birača": 420, "Glasovalo birača (po listićima)": 420, "Važeći listići": 406, "Nevažeći listići": 14, "Latitude": 46.3175227, "Longitude": 16.3446532, "ID_u_zupaniji": 130, "ID_global": 1457, "neighbours list": [ 1470, 1466, 1430, 1460, 1428 ] }, "geometry": { "type": "MultiPolygon", "coordinates": [ [ [ [ 16.361654257689889, 46.320228699851725 ], [ 16.345498001579376, 46.312020604141061 ], [ 16.343698345991758, 46.312557070804729 ], [ 16.34006248353349, 46.314652223540229 ], [ 16.3418774863739, 46.317741212567682 ], [ 16.361037042137205, 46.320596246629123 ], [ 16.361654257689889, 46.320228699851725 ] ] ] ] } },
{ "type": "Feature", "properties": { "fid": 105, "Rbr IJ": 3, "Naziv izborne jedinice": "III. IZBORNA JEDINICA", "Rbr.županije": 5, "Županija": "VARAŽDINSKA ŽUPANIJA", "Oznaka Gr/Op/Dr": "grad", "Grad/općina/država": "VARAŽDIN", "Rbr BM": 9, "Naziv BM": "VARAŽDIN", "Lokacija BM": "BIRALIŠTE 2, BIVŠE PROSTORIJE III. MJESNOG ODBORA", "Adresa BM": "ZAGREBAČKA 17", "Ukupno birača": 887, "Glasovalo birača": 612, "Glasovalo birača (po listićima)": 611, "Važeći listići": 601, "Nevažeći listići": 10, "Latitude": 46.2646486, "Longitude": 16.3572138, "ID_u_zupaniji": 105, "ID_global": 1432, "neighbours list": [ 1469, 1920, 1464, 1660, 1468, 1659, 1656, 1474 ] }, "geometry": { "type": "MultiPolygon", "coordinates": [ [ [ [ 16.356365314021335, 46.280178130524853 ], [ 16.368850341050308, 46.270326075939501 ], [ 16.371840104873499, 46.265517417311756 ], [ 16.37163190241122, 46.264642502160989 ], [ 16.364986486995562, 46.255886239612423 ], [ 16.353613206068758, 46.248503122452696 ], [ 16.348545768459772, 46.253095706238568 ], [ 16.349832911172804, 46.276191949086375 ], [ 16.356365314021335, 46.280178130524853 ] ] ] ] } },
{ "type": "Feature", "properties": { "fid": 332, "Rbr IJ": 3, "Naziv izborne jedinice": "III. IZBORNA JEDINICA", "Rbr.županije": 5, "Županija": "VARAŽDINSKA ŽUPANIJA", "Oznaka Gr/Op/Dr": "općina", "Grad/općina/država": "VISOKO", "Rbr BM": 4, "Naziv BM": "PRESEČNO VISOČKO", "Lokacija BM": "VATROGASNI DOM", "Adresa BM": "PRESEČNO VISOČKO 19 A", "Ukupno birača": 133, "Glasovalo birača": 101, "Glasovalo birača (po listićima)": 101, "Važeći listići": 98, "Nevažeći listići": 3, "Latitude": 46.0926014, "Longitude": 16.35077, "ID_u_zupaniji": 332, "ID_global": 2009, "neighbours list": [ 2007, 2012, 2010, 1381 ] }, "geometry": { "type": "MultiPolygon", "coordinates": [ [ [ [ 16.363061865797885, 46.089991975918281 ], [ 16.362900886063272, 46.089619016395929 ], [ 16.362901745191689, 46.089272253636146 ], [ 16.363051468274449, 46.089177059576841 ], [ 16.362642164944209, 46.088301021264868 ], [ 16.362430266099441, 46.088283401245384 ], [ 16.362044638963134, 46.087979540581124 ], [ 16.361583971875575, 46.087744958528432 ], [ 16.361061117848372, 46.087507419833997 ], [ 16.360393532342254, 46.087438855189994 ], [ 16.360188110347611, 46.087315968089946 ], [ 16.359810322256919, 46.087089937862203 ], [ 16.357825729910196, 46.085259462709601 ], [ 16.356992772137843, 46.084649112178489 ], [ 16.356590030882465, 46.084484133080217 ], [ 16.356033867122012, 46.084396427999344 ], [ 16.355755611253365, 46.084444393831042 ], [ 16.354655981409113, 46.084704198622426 ], [ 16.354266469064285, 46.084722957341043 ], [ 16.353552345120889, 46.084763883046058 ], [ 16.348864966668522, 46.084852165244506 ], [ 16.348030422418006, 46.084857806869699 ], [ 16.347963965590822, 46.084290965241088 ], [ 16.347850844063739, 46.08386222981116 ], [ 16.346896697908928, 46.084382414481887 ], [ 16.34469145802252, 46.097651199870285 ], [ 16.348410048612358, 46.101849236409009 ], [ 16.363319598760373, 46.090063979532964 ], [ 16.363061865797885, 46.089991975918281 ] ] ] ] } },
{ "type": "Feature", "properties": { "fid": 102, "Rbr IJ": 3, "Naziv izborne jedinice": "III. IZBORNA JEDINICA", "Rbr.županije": 5, "Županija": "VARAŽDINSKA ŽUPANIJA", "Oznaka Gr/Op/Dr": "grad", "Grad/općina/država": "VARAŽDIN", "Rbr BM": 6, "Naziv BM": "VARAŽDIN", "Lokacija BM": "PROSTORIJE HŽ-PUTNIČKI PRIJEVOZ (ULAZ IZA DOMA ŽELJEZNIČARA)", "Adresa BM": "KOLODVORSKA 17", "Ukupno birača": 679, "Glasovalo birača": 446, "Glasovalo birača (po listićima)": 446, "Važeći listići": 437, "Nevažeći listići": 9, "Latitude": 46.306204, "Longitude": 16.3454125, "ID_u_zupaniji": 102, "ID_global": 1429, "neighbours list": [ 1427, 1436, 1430, 1464, 1428 ] }, "geometry": { "type": "MultiPolygon", "coordinates": [ [ [ [ 16.34552049207246, 46.311217671539801 ], [ 16.352671152218736, 46.29596509928367 ], [ 16.352381166369035, 46.296004512518877 ], [ 16.344084482339198, 46.302675083327912 ], [ 16.344227810366664, 46.308413298476189 ], [ 16.34552049207246, 46.311217671539801 ] ] ] ] } },
{ "type": "Feature", "properties": { "fid": 306, "Rbr IJ": 3, "Naziv izborne jedinice": "III. IZBORNA JEDINICA", "Rbr.županije": 5, "Županija": "VARAŽDINSKA ŽUPANIJA", "Oznaka Gr/Op/Dr": "općina", "Grad/općina/država": "TRNOVEC BARTOLOVEČKI", "Rbr BM": 3, "Naziv BM": "TRNOVEC", "Lokacija BM": "PROSTORIJE VATROGASNOG DOMA, BIRALIŠTE 1", "Adresa BM": "ŠIROKE LEDINE 6", "Ukupno birača": 821, "Glasovalo birača": 552, "Glasovalo birača (po listićima)": 552, "Važeći listići": 524, "Nevažeći listići": 28, "Latitude": 46.2948866, "Longitude": 16.4042439, "ID_u_zupaniji": 306, "ID_global": 1965, "neighbours list": [ 1967, 1963, 1969 ] }, "geometry": { "type": "MultiPolygon", "coordinates": [ [ [ [ 16.398419239313977, 46.318269959461368 ], [ 16.406681619723635, 46.320806096889207 ], [ 16.408539948804432, 46.321400149824079 ], [ 16.410082581262085, 46.319800962437405 ], [ 16.4184327915975, 46.318047885895595 ], [ 16.423268859442114, 46.296277191208191 ], [ 16.401125701464931, 46.292538224572027 ], [ 16.395865818104255, 46.317651108703224 ], [ 16.398419239313977, 46.318269959461368 ] ] ] ] } },
{ "type": "Feature", "properties": { "fid": 101, "Rbr IJ": 3, "Naziv izborne jedinice": "III. IZBORNA JEDINICA", "Rbr.županije": 5, "Županija": "VARAŽDINSKA ŽUPANIJA", "Oznaka Gr/Op/Dr": "grad", "Grad/općina/država": "VARAŽDIN", "Rbr BM": 5, "Naziv BM": "VARAŽDIN", "Lokacija BM": "PROSTORIJE HŽ-ODRŽAVANJE PRUGA", "Adresa BM": "ULAZ IZ ULICE MATICE HRVATSKE", "Ukupno birača": 774, "Glasovalo birača": 541, "Glasovalo birača (po listićima)": 541, "Važeći listići": 538, "Nevažeći listići": 3, "Latitude": 46.3080938, "Longitude": 16.3494435, "ID_u_zupaniji": 101, "ID_global": 1428, "neighbours list": [ 1430, 1464, 1457, 1429, 1471 ] }, "geometry": { "type": "MultiPolygon", "coordinates": [ [ [ [ 16.365736691936974, 46.317797643886045 ], [ 16.365945545218025, 46.317670129500698 ], [ 16.366178028866564, 46.316477920366161 ], [ 16.366905291814888, 46.314771920591852 ], [ 16.367959418000066, 46.31372623453283 ], [ 16.368781964688342, 46.313475417896157 ], [ 16.356737367953937, 46.294647368645201 ], [ 16.352671152218736, 46.29596509928367 ], [ 16.34552049207246, 46.311217671539801 ], [ 16.345498001579376, 46.312020604141061 ], [ 16.361654257689889, 46.320228699851725 ], [ 16.365736691936974, 46.317797643886045 ] ] ] ] } },
{ "type": "Feature", "properties": { "fid": 144, "Rbr IJ": 3, "Naziv izborne jedinice": "III. IZBORNA JEDINICA", "Rbr.županije": 5, "Županija": "VARAŽDINSKA ŽUPANIJA", "Oznaka Gr/Op/Dr": "grad", "Grad/općina/država": "VARAŽDIN", "Rbr BM": 48, "Naziv BM": "KUĆAN MAROF", "Lokacija BM": "PROSTORIJE DRUŠTVENOG DOMA", "Adresa BM": "MAROFSKA 2 A", "Ukupno birača": 1109, "Glasovalo birača": 776, "Glasovalo birača (po listićima)": 776, "Važeći listići": 758, "Nevažeći listići": 18, "Latitude": 46.2936622, "Longitude": 16.3720029, "ID_u_zupaniji": 144, "ID_global": 1471, "neighbours list": [ 1464, 1428, 1468, 1474, 1967, 1473 ] }, "geometry": { "type": "MultiPolygon", "coordinates": [ [ [ [ 16.369669637730041, 46.313204742480458 ], [ 16.371115938846184, 46.313092567890202 ], [ 16.372331546628338, 46.313298706744305 ], [ 16.374071194647833, 46.314188294600491 ], [ 16.374845448084468, 46.314929429990308 ], [ 16.382457501427865, 46.313584427200844 ], [ 16.384869711514618, 46.316657092330423 ], [ 16.384675282955385, 46.294705388529252 ], [ 16.380817412550869, 46.28837996060534 ], [ 16.380106198612374, 46.28805291137617 ], [ 16.357879004535796, 46.288751822249509 ], [ 16.356737367953937, 46.294647368645201 ], [ 16.368781964688342, 46.313475417896157 ], [ 16.369669637730041, 46.313204742480458 ] ] ] ] } },
{ "type": "Feature", "properties": { "fid": 75, "Rbr IJ": 3, "Naziv izborne jedinice": "III. IZBORNA JEDINICA", "Rbr.županije": 5, "Županija": "VARAŽDINSKA ŽUPANIJA", "Oznaka Gr/Op/Dr": "grad", "Grad/općina/država": "NOVI MAROF", "Rbr BM": 9, "Naziv BM": "KLJUČ 1.", "Lokacija BM": "DOM KULTURE KLJUČ", "Adresa BM": "VIKTORA ČOLJE 2, KLJUČ", "Ukupno birača": 518, "Glasovalo birača": 344, "Glasovalo birača (po listićima)": 344, "Važeći listići": 325, "Nevažeći listići": 19, "Latitude": 46.1686986, "Longitude": 16.3608098, "ID_u_zupaniji": 75, "ID_global": 1372, "neighbours list": [ 1367, 1377, 1366, 1753, 1373, 1375 ] }, "geometry": { "type": "MultiPolygon", "coordinates": [ [ [ [ 16.347139915098296, 46.164610578889409 ], [ 16.350494447294299, 46.174725964618439 ], [ 16.365442250465264, 46.175937187293968 ], [ 16.372826551321889, 46.170098637467518 ], [ 16.366248703505654, 46.150190416072221 ], [ 16.347114219433195, 46.164068054774582 ], [ 16.347139915098296, 46.164610578889409 ] ] ] ] } },
{ "type": "Feature", "properties": { "fid": 79, "Rbr IJ": 3, "Naziv izborne jedinice": "III. IZBORNA JEDINICA", "Rbr.županije": 5, "Županija": "VARAŽDINSKA ŽUPANIJA", "Oznaka Gr/Op/Dr": "grad", "Grad/općina/država": "NOVI MAROF", "Rbr BM": 13, "Naziv BM": "DONJE PRESEČNO", "Lokacija BM": "PROSTOR PODRUČNE ŠKOLE PRESEČNO", "Adresa BM": "PRESEČNO 35", "Ukupno birača": 225, "Glasovalo birača": 140, "Glasovalo birača (po listićima)": 140, "Važeći listići": 135, "Nevažeći listići": 5, "Latitude": 46.2069979, "Longitude": 16.3565707, "ID_u_zupaniji": 79, "ID_global": 1376, "neighbours list": [ 1662, 1371, 1374, 1661, 1375, 1491, 1490 ] }, "geometry": { "type": "MultiPolygon", "coordinates": [ [ [ [ 16.346216251513173, 46.213835392101117 ], [ 16.373964207976801, 46.219673937900836 ], [ 16.380977438979684, 46.211829162471297 ], [ 16.378295988186576, 46.204734337973051 ], [ 16.376423475903088, 46.201972026808015 ], [ 16.369635646099972, 46.197922149974602 ], [ 16.356713906030393, 46.196762525374574 ], [ 16.346216251513173, 46.213835392101117 ] ] ] ] } },
{ "type": "Feature", "properties": { "fid": 77, "Rbr IJ": 3, "Naziv izborne jedinice": "III. IZBORNA JEDINICA", "Rbr.županije": 5, "Županija": "VARAŽDINSKA ŽUPANIJA", "Oznaka Gr/Op/Dr": "grad", "Grad/općina/država": "NOVI MAROF", "Rbr BM": 11, "Naziv BM": "OŠTRICE", "Lokacija BM": "VATROGASNI DOM OŠTRICE", "Adresa BM": "OŠTRICE 24", "Ukupno birača": 357, "Glasovalo birača": 228, "Glasovalo birača (po listićima)": 228, "Važeći listići": 222, "Nevažeći listići": 6, "Latitude": 46.1866652, "Longitude": 16.3583954, "ID_u_zupaniji": 77, "ID_global": 1374, "neighbours list": [ 1366, 1371, 1376, 1373, 1375 ] }, "geometry": { "type": "MultiPolygon", "coordinates": [ [ [ [ 16.356713906030393, 46.196762525374574 ], [ 16.369635646099972, 46.197922149974602 ], [ 16.365641621860782, 46.186493776501727 ], [ 16.348530965947511, 46.181319124019367 ], [ 16.344853824567846, 46.188173226260346 ], [ 16.356713906030393, 46.196762525374574 ] ] ] ] } },
{ "type": "Feature", "properties": { "fid": 84, "Rbr IJ": 3, "Naziv izborne jedinice": "III. IZBORNA JEDINICA", "Rbr.županije": 5, "Županija": "VARAŽDINSKA ŽUPANIJA", "Oznaka Gr/Op/Dr": "grad", "Grad/općina/država": "NOVI MAROF", "Rbr BM": 18, "Naziv BM": "SUDOVEC", "Lokacija BM": "DRUŠTVENI DOM SUDOVEC", "Adresa BM": "TRG SVETOG FLORIJANA 1, SUDOVEC", "Ukupno birača": 264, "Glasovalo birača": 177, "Glasovalo birača (po listićima)": 177, "Važeći listići": 169, "Nevažeći listići": 8, "Latitude": 46.1016885, "Longitude": 16.3579529, "ID_u_zupaniji": 84, "ID_global": 1381, "neighbours list": [ 2012, 1377, 2009, 1753 ] }, "geometry": { "type": "MultiPolygon", "coordinates": [ [ [ [ 16.376421276672154, 46.125987829213749 ], [ 16.376610602903163, 46.124474843114712 ], [ 16.376318720184248, 46.124400748599804 ], [ 16.376054559314248, 46.123736180835472 ], [ 16.375922256001413, 46.123533054843591 ], [ 16.375259046671125, 46.123273926277506 ], [ 16.375126534445911, 46.123107778640616 ], [ 16.375420959563417, 46.122222390822479 ], [ 16.376111168355319, 46.122149271878733 ], [ 16.376324294528679, 46.121909630597663 ], [ 16.376829281368874, 46.121688748546063 ], [ 16.378583294784022, 46.121100122241685 ], [ 16.378958018235608, 46.119735065958977 ], [ 16.378826555177849, 46.119089089279896 ], [ 16.378535022528474, 46.118867262482276 ], [ 16.379386655568435, 46.11796409971577 ], [ 16.37928241671591, 46.117115079420934 ], [ 16.378857899022453, 46.11694862717863 ], [ 16.379044260215334, 46.116272935296735 ], [ 16.37912834317202, 46.115982766138345 ], [ 16.378794749072693, 46.115715278264865 ], [ 16.378311232806684, 46.115261922275174 ], [ 16.378796276405662, 46.115018606365673 ], [ 16.379631494945428, 46.11508912928101 ], [ 16.380217000850447, 46.114811092897696 ], [ 16.38021468180915, 46.114328916387485 ], [ 16.380593073584908, 46.11404067362961 ], [ 16.380631610936383, 46.113568526920957 ], [ 16.380820916695413, 46.113371949881717 ], [ 16.380934681076138, 46.113109612360283 ], [ 16.380878457367729, 46.112965234426078 ], [ 16.381106067174532, 46.112401330233901 ], [ 16.381069194673376, 46.111981470044512 ], [ 16.3805991932018, 46.111206927860152 ], [ 16.380467747293114, 46.110852650089967 ], [ 16.380525300261464, 46.110380343086675 ], [ 16.381224759787393, 46.109843203225452 ], [ 16.381527663807752, 46.109449968165912 ], [ 16.381133079830509, 46.109103335797712 ], [ 16.380511300153938, 46.109016761661707 ], [ 16.379335482861137, 46.108569431791871 ], [ 16.378296211339467, 46.10827411261149 ], [ 16.377108987337703, 46.107910604093249 ], [ 16.376266312450014, 46.107637971299503 ], [ 16.375533159041723, 46.107503382880907 ], [ 16.37517434705088, 46.107205984957517 ], [ 16.37445617561988, 46.106686493959565 ], [ 16.374374683325335, 46.106628910553454 ], [ 16.375043953167499, 46.106062173275582 ], [ 16.375055039129609, 46.105907428783595 ], [ 16.375650413093986, 46.105119539039606 ], [ 16.37464497205637, 46.104374079373493 ], [ 16.374553763582771, 46.104039363025429 ], [ 16.37438846011462, 46.103866519840324 ], [ 16.374365366943334, 46.103669179705697 ], [ 16.373869892274136, 46.103076599770631 ], [ 16.37358607094313, 46.103035167745077 ], [ 16.373385502236999, 46.102788234792648 ], [ 16.373456832717196, 46.102648582878189 ], [ 16.373433388372124, 46.102549854536221 ], [ 16.373256244411344, 46.102467511235695 ], [ 16.373197831165083, 46.102163241545711 ], [ 16.372843137471012, 46.102064145131536 ], [ 16.372844268550551, 46.101628398244053 ], [ 16.372608173724949, 46.101422542845235 ], [ 16.372454180204414, 46.101455301911805 ], [ 16.372217840636857, 46.101356335546392 ], [ 16.372289286258148, 46.101167288261657 ], [ 16.372206602433483, 46.101126077344752 ], [ 16.372325348731259, 46.100953548300261 ], [ 16.372195383239585, 46.100887631442205 ], [ 16.371970755589118, 46.100870914667993 ], [ 16.371828624475235, 46.100920151579146 ], [ 16.371734042178652, 46.100878837001297 ], [ 16.371734709404489, 46.100591098157956 ], [ 16.371568676134206, 46.100796504276438 ], [ 16.371508158391755, 46.101347262304905 ], [ 16.371401303693865, 46.10157738776811 ], [ 16.371388825954263, 46.101881668642157 ], [ 16.371092456864616, 46.102177262035276 ], [ 16.370430335283125, 46.102069623311117 ], [ 16.370287769908085, 46.102357291112128 ], [ 16.370062260137743, 46.102603655992795 ], [ 16.370085712020497, 46.102751691238694 ], [ 16.369836948820051, 46.102874763720472 ], [ 16.36938762717039, 46.102808479587431 ], [ 16.368867912651787, 46.102536520474189 ], [ 16.368501375679237, 46.102470327793995 ], [ 16.36803990418948, 46.102510914478259 ], [ 16.367591000998598, 46.102271962059298 ], [ 16.366906670132167, 46.101613361256156 ], [ 16.366165276761684, 46.100863994827478 ], [ 16.365130551714692, 46.10017141180365 ], [ 16.364419777136778, 46.099770362727362 ], [ 16.364033799130343, 46.099151326972567 ], [ 16.363742051468432, 46.098663405655074 ], [ 16.363680112614951, 46.098343111159174 ], [ 16.363314676668512, 46.097949754374454 ], [ 16.363342979499699, 46.097591958019045 ], [ 16.36304625076211, 46.097345611478111 ], [ 16.363005693610774, 46.097167322575118 ], [ 16.363180368734902, 46.097032119541765 ], [ 16.363191967117771, 46.096525934521587 ], [ 16.363438623445028, 46.09625531496701 ], [ 16.363574639099546, 46.095694753602466 ], [ 16.363859302492777, 46.095533318060404 ], [ 16.364319780778899, 46.094873269530005 ], [ 16.363824513617217, 46.094587280022033 ], [ 16.363379684955408, 46.094564705350749 ], [ 16.363149853976669, 46.094310251163812 ], [ 16.363046864288918, 46.094172106224327 ], [ 16.362872172957154, 46.094160829865352 ], [ 16.362480029752756, 46.093651460342258 ], [ 16.36217801810059, 46.093770763301052 ], [ 16.362159506530851, 46.093778028951753 ], [ 16.362069121732059, 46.093617044675248 ], [ 16.361998188487721, 46.093383204079835 ], [ 16.362000654929918, 46.092705425535925 ], [ 16.3619627639575, 46.092186853921731 ], [ 16.3628539231606, 46.092236423160159 ], [ 16.363103220403652, 46.092250308227506 ], [ 16.363244078755812, 46.091925307209735 ], [ 16.363307224877335, 46.091595984267592 ], [ 16.363332932908147, 46.09129261929214 ], [ 16.363558841136818, 46.090720738076044 ], [ 16.363560294736811, 46.090131223474813 ], [ 16.363319598760373, 46.090063979532964 ], [ 16.348410048612358, 46.101849236409009 ], [ 16.350107933781786, 46.12511089960033 ], [ 16.373210672808003, 46.130407168451129 ], [ 16.382637796316466, 46.126692725251232 ], [ 16.376421276672154, 46.125987829213749 ] ] ] ] } },
{ "type": "Feature", "properties": { "fid": 220, "Rbr IJ": 3, "Naziv izborne jedinice": "III. IZBORNA JEDINICA", "Rbr.županije": 5, "Županija": "VARAŽDINSKA ŽUPANIJA", "Oznaka Gr/Op/Dr": "općina", "Grad/općina/država": "GORNJI KNEGINEC", "Rbr BM": 5, "Naziv BM": "VARAŽDIN BREG, MALI VRH", "Lokacija BM": "PROSTORIJE MJESNOG ODBORA VARAŽDINBREG II.", "Adresa BM": "MALI VRH BB", "Ukupno birača": 587, "Glasovalo birača": 368, "Glasovalo birača (po listićima)": 367, "Važeći listići": 356, "Nevažeći listići": 11, "Latitude": 46.2452199, "Longitude": 16.3698262, "ID_u_zupaniji": 220, "ID_global": 1660, "neighbours list": [ 1920, 1662, 1432, 1661, 1659 ] }, "geometry": { "type": "MultiPolygon", "coordinates": [ [ [ [ 16.353613206068758, 46.248503122452696 ], [ 16.364986486995562, 46.255886239612423 ], [ 16.379480100466267, 46.240992192239979 ], [ 16.371864969587296, 46.226293427343442 ], [ 16.354077671266783, 46.240629900998009 ], [ 16.353613206068758, 46.248503122452696 ] ] ] ] } },
{ "type": "Feature", "properties": { "fid": 141, "Rbr IJ": 3, "Naziv izborne jedinice": "III. IZBORNA JEDINICA", "Rbr.županije": 5, "Županija": "VARAŽDINSKA ŽUPANIJA", "Oznaka Gr/Op/Dr": "grad", "Grad/općina/država": "VARAŽDIN", "Rbr BM": 45, "Naziv BM": "POLJANA BIŠKUPEČKA", "Lokacija BM": "PROSTORIJE DRUŠTVENOG DOMA", "Adresa BM": "VARAŽDINSKA 56", "Ukupno birača": 365, "Glasovalo birača": 230, "Glasovalo birača (po listićima)": 230, "Važeći listići": 222, "Nevažeći listići": 8, "Latitude": 46.2829638, "Longitude": 16.3716665, "ID_u_zupaniji": 141, "ID_global": 1468, "neighbours list": [ 1464, 1432, 1471, 1474 ] }, "geometry": { "type": "MultiPolygon", "coordinates": [ [ [ [ 16.356365314021335, 46.280178130524853 ], [ 16.357879004535796, 46.288751822249509 ], [ 16.380106198612374, 46.28805291137617 ], [ 16.368850341050308, 46.270326075939501 ], [ 16.356365314021335, 46.280178130524853 ] ] ] ] } },
{ "type": "Feature", "properties": { "fid": 240, "Rbr IJ": 3, "Naziv izborne jedinice": "III. IZBORNA JEDINICA", "Rbr.županije": 5, "Županija": "VARAŽDINSKA ŽUPANIJA", "Oznaka Gr/Op/Dr": "općina", "Grad/općina/država": "LJUBEŠĆICA", "Rbr BM": 4, "Naziv BM": "RAKOVEC", "Lokacija BM": "DRUŠTVENA KUĆICA", "Adresa BM": "RAKOVEC", "Ukupno birača": 97, "Glasovalo birača": 64, "Glasovalo birača (po listićima)": 64, "Važeći listići": 61, "Nevažeći listići": 3, "Latitude": 46.1744783, "Longitude": 16.396852, "ID_u_zupaniji": 240, "ID_global": 1756, "neighbours list": [ 1753, 1491, 1757, 1755 ] }, "geometry": { "type": "MultiPolygon", "coordinates": [ [ [ [ 16.384596896346601, 46.173732232487879 ], [ 16.392943153507566, 46.180162525195151 ], [ 16.411008837094016, 46.169025414810136 ], [ 16.404213721385588, 46.150173112485312 ], [ 16.384596896346601, 46.173732232487879 ] ] ] ] } },
{ "type": "Feature", "properties": { "fid": 237, "Rbr IJ": 3, "Naziv izborne jedinice": "III. IZBORNA JEDINICA", "Rbr.županije": 5, "Županija": "VARAŽDINSKA ŽUPANIJA", "Oznaka Gr/Op/Dr": "općina", "Grad/općina/država": "LJUBEŠĆICA", "Rbr BM": 1, "Naziv BM": "BIRAČKO MJESTO BROJ 1. U LJUBEŠĆICI", "Lokacija BM": "OSNOVNA ŠKOLA LJUBEŠĆICA", "Adresa BM": "ZAGREBAČKA 22", "Ukupno birača": 412, "Glasovalo birača": 278, "Glasovalo birača (po listićima)": 278, "Važeći listići": 272, "Nevažeći listići": 6, "Latitude": 46.1618149, "Longitude": 16.3816437, "ID_u_zupaniji": 237, "ID_global": 1753, "neighbours list": [ 1377, 1372, 1381, 1756, 1375, 1491, 1757 ] }, "geometry": { "type": "MultiPolygon", "coordinates": [ [ [ [ 16.403989446282111, 46.139646231587427 ], [ 16.40292365138189, 46.139085061852285 ], [ 16.40117235181043, 46.138344152784363 ], [ 16.39964854508327, 46.137437774087878 ], [ 16.39934756476374, 46.137258820558969 ], [ 16.398668721341568, 46.137117860943903 ], [ 16.397997874418177, 46.137134089495994 ], [ 16.397771653494988, 46.137055249892057 ], [ 16.397834452187301, 46.13676073023607 ], [ 16.397524916204489, 46.136315170420204 ], [ 16.397525395855332, 46.136056584730873 ], [ 16.397464411040854, 46.135582545436485 ], [ 16.397671783362888, 46.13535293688355 ], [ 16.397630961382369, 46.134893131608436 ], [ 16.397813672043078, 46.134840480162346 ], [ 16.397797443220213, 46.134658267663667 ], [ 16.398191728031851, 46.134339570563576 ], [ 16.397946627456392, 46.133837925086965 ], [ 16.397995110606054, 46.133373700796582 ], [ 16.398370681587423, 46.132810256089527 ], [ 16.398807990325182, 46.132521556463196 ], [ 16.399161948798341, 46.13230512103506 ], [ 16.39928754317236, 46.131987262379596 ], [ 16.398872720102151, 46.131307499721181 ], [ 16.398769652193717, 46.130772600810893 ], [ 16.398978279628167, 46.130339108852489 ], [ 16.398958128924573, 46.130035607431552 ], [ 16.398210593730973, 46.129297694019122 ], [ 16.397898965274802, 46.129095063666085 ], [ 16.397004485158497, 46.128964158233309 ], [ 16.396276495374305, 46.128934528225585 ], [ 16.395466165131623, 46.128514689263277 ], [ 16.394468486211785, 46.127949992845814 ], [ 16.394489698003273, 46.12781999938256 ], [ 16.394238702151807, 46.12759150231016 ], [ 16.39366761934863, 46.128544791359722 ], [ 16.391426193406019, 46.127612168917899 ], [ 16.390958318621625, 46.127193072528172 ], [ 16.389451427847085, 46.127447422473551 ], [ 16.383483681222422, 46.126788640804065 ], [ 16.382637796316466, 46.126692725251232 ], [ 16.373210672808003, 46.130407168451129 ], [ 16.366248703505654, 46.150190416072221 ], [ 16.372826551321889, 46.170098637467518 ], [ 16.381698520905097, 46.174568188141073 ], [ 16.384596896346601, 46.173732232487879 ], [ 16.404213721385588, 46.150173112485312 ], [ 16.404750206172412, 46.140301927798241 ], [ 16.403989446282111, 46.139646231587427 ] ] ] ] } },
{ "type": "Feature", "properties": { "fid": 76, "Rbr IJ": 3, "Naziv izborne jedinice": "III. IZBORNA JEDINICA", "Rbr.županije": 5, "Županija": "VARAŽDINSKA ŽUPANIJA", "Oznaka Gr/Op/Dr": "grad", "Grad/općina/država": "NOVI MAROF", "Rbr BM": 10, "Naziv BM": "KLJUČ 2.", "Lokacija BM": "PODRUČNA ŠKOLA KLJUČ", "Adresa BM": "VIKTORA ČOLJE 168, KLJUČ", "Ukupno birača": 186, "Glasovalo birača": 116, "Glasovalo birača (po listićima)": 116, "Važeći listići": 109, "Nevažeći listići": 7, "Latitude": 46.1823355, "Longitude": 16.3597048, "ID_u_zupaniji": 76, "ID_global": 1373, "neighbours list": [ 1366, 1372, 1374, 1375 ] }, "geometry": { "type": "MultiPolygon", "coordinates": [ [ [ [ 16.348530965947511, 46.181319124019367 ], [ 16.365641621860782, 46.186493776501727 ], [ 16.365442250465264, 46.175937187293968 ], [ 16.350494447294299, 46.174725964618439 ], [ 16.348530965947511, 46.181319124019367 ] ] ] ] } },
{ "type": "Feature", "properties": { "fid": 221, "Rbr IJ": 3, "Naziv izborne jedinice": "III. IZBORNA JEDINICA", "Rbr.županije": 5, "Županija": "VARAŽDINSKA ŽUPANIJA", "Oznaka Gr/Op/Dr": "općina", "Grad/općina/država": "GORNJI KNEGINEC", "Rbr BM": 6, "Naziv BM": "VARAŽDIN BREG, HALIĆ", "Lokacija BM": "PROSTORIJE VATROGASNOG DOMA", "Adresa BM": "HALIĆ BB", "Ukupno birača": 759, "Glasovalo birača": 472, "Glasovalo birača (po listićima)": 472, "Važeći listići": 457, "Nevažeći listići": 15, "Latitude": 46.2355444, "Longitude": 16.3885019, "ID_u_zupaniji": 221, "ID_global": 1661, "neighbours list": [ 1662, 1376, 1660, 1659, 1656, 1490, 1478 ] }, "geometry": { "type": "MultiPolygon", "coordinates": [ [ [ [ 16.371864969587296, 46.226293427343442 ], [ 16.379480100466267, 46.240992192239979 ], [ 16.386299584121534, 46.246812777735251 ], [ 16.401888997350859, 46.249567119776806 ], [ 16.386580419255658, 46.212806643284594 ], [ 16.380977438979684, 46.211829162471297 ], [ 16.373964207976801, 46.219673937900836 ], [ 16.371864969587296, 46.226293427343442 ] ] ] ] } },
{ "type": "Feature", "properties": { "fid": 78, "Rbr IJ": 3, "Naziv izborne jedinice": "III. IZBORNA JEDINICA", "Rbr.županije": 5, "Županija": "VARAŽDINSKA ŽUPANIJA", "Oznaka Gr/Op/Dr": "grad", "Grad/općina/država": "NOVI MAROF", "Rbr BM": 12, "Naziv BM": "OREHOVEC", "Lokacija BM": "DRUŠTVENI DOM OREHOVEC", "Adresa BM": "OREHOVEC 23 C", "Ukupno birača": 216, "Glasovalo birača": 125, "Glasovalo birača (po listićima)": 125, "Važeći listići": 119, "Nevažeći listići": 6, "Latitude": 46.1821143, "Longitude": 16.3714172, "ID_u_zupaniji": 78, "ID_global": 1375, "neighbours list": [ 1372, 1376, 1374, 1753, 1373, 1491 ] }, "geometry": { "type": "MultiPolygon", "coordinates": [ [ [ [ 16.369635646099972, 46.197922149974602 ], [ 16.376423475903088, 46.201972026808015 ], [ 16.381698520905097, 46.174568188141073 ], [ 16.372826551321889, 46.170098637467518 ], [ 16.365442250465264, 46.175937187293968 ], [ 16.365641621860782, 46.186493776501727 ], [ 16.369635646099972, 46.197922149974602 ] ] ] ] } },
{ "type": "Feature", "properties": { "fid": 219, "Rbr IJ": 3, "Naziv izborne jedinice": "III. IZBORNA JEDINICA", "Rbr.županije": 5, "Županija": "VARAŽDINSKA ŽUPANIJA", "Oznaka Gr/Op/Dr": "općina", "Grad/općina/država": "GORNJI KNEGINEC", "Rbr BM": 4, "Naziv BM": "TURČIN", "Lokacija BM": "PROSTORIJE DRUŠTVENOG DOMA", "Adresa BM": "TRG FRANJE TUĐMANA 1", "Ukupno birača": 728, "Glasovalo birača": 458, "Glasovalo birača (po listićima)": 458, "Važeći listići": 451, "Nevažeći listići": 7, "Latitude": 46.2507577, "Longitude": 16.375517, "ID_u_zupaniji": 219, "ID_global": 1659, "neighbours list": [ 1432, 1660, 1661, 1656 ] }, "geometry": { "type": "MultiPolygon", "coordinates": [ [ [ [ 16.364986486995562, 46.255886239612423 ], [ 16.37163190241122, 46.264642502160989 ], [ 16.386299584121534, 46.246812777735251 ], [ 16.379480100466267, 46.240992192239979 ], [ 16.364986486995562, 46.255886239612423 ] ] ] ] } },
{ "type": "Feature", "properties": { "fid": 216, "Rbr IJ": 3, "Naziv izborne jedinice": "III. IZBORNA JEDINICA", "Rbr.županije": 5, "Županija": "VARAŽDINSKA ŽUPANIJA", "Oznaka Gr/Op/Dr": "općina", "Grad/općina/država": "GORNJI KNEGINEC", "Rbr BM": 1, "Naziv BM": "DONJI KNEGINEC", "Lokacija BM": "PROSTORIJE DRUŠTVENOG DOMA", "Adresa BM": "ZAVRTNA BB", "Ukupno birača": 605, "Glasovalo birača": 414, "Glasovalo birača (po listićima)": 414, "Važeći listići": 394, "Nevažeći listići": 20, "Latitude": 46.2581536, "Longitude": 16.3845073, "ID_u_zupaniji": 216, "ID_global": 1656, "neighbours list": [ 1432, 1661, 1659, 1474, 1473, 1472, 1963, 1478, 1692 ] }, "geometry": { "type": "MultiPolygon", "coordinates": [ [ [ [ 16.37163190241122, 46.264642502160989 ], [ 16.371840104873499, 46.265517417311756 ], [ 16.378540830513742, 46.267323660734164 ], [ 16.404943910771802, 46.266916526336232 ], [ 16.408706353886487, 46.266151934802458 ], [ 16.416120502225173, 46.261609486447441 ], [ 16.415841429281969, 46.257977902359912 ], [ 16.401888997350859, 46.249567119776806 ], [ 16.386299584121534, 46.246812777735251 ], [ 16.37163190241122, 46.264642502160989 ] ] ] ] } },
{ "type": "Feature", "properties": { "fid": 164, "Rbr IJ": 3, "Naziv izborne jedinice": "III. IZBORNA JEDINICA", "Rbr.županije": 5, "Županija": "VARAŽDINSKA ŽUPANIJA", "Oznaka Gr/Op/Dr": "grad", "Grad/općina/država": "VARAŽDINSKE TOPLICE", "Rbr BM": 17, "Naziv BM": "ČRNILE", "Lokacija BM": "DRUŠTVENI DOM", "Adresa BM": "ČRNILE", "Ukupno birača": 132, "Glasovalo birača": 86, "Glasovalo birača (po listićima)": 86, "Važeći listići": 84, "Nevažeći listići": 2, "Latitude": 46.1853918, "Longitude": 16.3884438, "ID_u_zupaniji": 164, "ID_global": 1491, "neighbours list": [ 1376, 1756, 1753, 1375, 1490, 1755 ] }, "geometry": { "type": "MultiPolygon", "coordinates": [ [ [ [ 16.378295988186576, 46.204734337973051 ], [ 16.395553805869984, 46.184959598911099 ], [ 16.392943153507566, 46.180162525195151 ], [ 16.384596896346601, 46.173732232487879 ], [ 16.381698520905097, 46.174568188141073 ], [ 16.376423475903088, 46.201972026808015 ], [ 16.378295988186576, 46.204734337973051 ] ] ] ] } },
{ "type": "Feature", "properties": { "fid": 147, "Rbr IJ": 3, "Naziv izborne jedinice": "III. IZBORNA JEDINICA", "Rbr.županije": 5, "Županija": "VARAŽDINSKA ŽUPANIJA", "Oznaka Gr/Op/Dr": "grad", "Grad/općina/država": "VARAŽDIN", "Rbr BM": 51, "Naziv BM": "ZBELAVA", "Lokacija BM": "PROSTORIJE DRUŠTVENOG DOMA", "Adresa BM": "VARAŽDINSKA 119", "Ukupno birača": 388, "Glasovalo birača": 257, "Glasovalo birača (po listićima)": 257, "Važeći listići": 254, "Nevažeći listići": 3, "Latitude": 46.2782501, "Longitude": 16.3790901, "ID_u_zupaniji": 147, "ID_global": 1474, "neighbours list": [ 1432, 1471, 1468, 1656, 1473, 1472 ] }, "geometry": { "type": "MultiPolygon", "coordinates": [ [ [ [ 16.368850341050308, 46.270326075939501 ], [ 16.380106198612374, 46.28805291137617 ], [ 16.380817412550869, 46.28837996060534 ], [ 16.383611225756294, 46.282177647846069 ], [ 16.378540830513742, 46.267323660734164 ], [ 16.371840104873499, 46.265517417311756 ], [ 16.368850341050308, 46.270326075939501 ] ] ] ] } },
{ "type": "Feature", "properties": { "fid": 308, "Rbr IJ": 3, "Naziv izborne jedinice": "III. IZBORNA JEDINICA", "Rbr.županije": 5, "Županija": "VARAŽDINSKA ŽUPANIJA", "Oznaka Gr/Op/Dr": "općina", "Grad/općina/država": "TRNOVEC BARTOLOVEČKI", "Rbr BM": 5, "Naziv BM": "BARTOLOVEC", "Lokacija BM": "PROSTORIJE DRUŠTVENOG DOMA", "Adresa BM": "VARAŽDINSKA ULICA 75", "Ukupno birača": 623, "Glasovalo birača": 385, "Glasovalo birača (po listićima)": 385, "Važeći listići": 370, "Nevažeći listići": 15, "Latitude": 46.2934379, "Longitude": 16.3973272, "ID_u_zupaniji": 308, "ID_global": 1967, "neighbours list": [ 1965, 1471, 1473, 1963 ] }, "geometry": { "type": "MultiPolygon", "coordinates": [ [ [ [ 16.385254377844785, 46.317147079013473 ], [ 16.38916202214935, 46.316537328361036 ], [ 16.393255347589061, 46.317018431395105 ], [ 16.395865818104255, 46.317651108703224 ], [ 16.401125701464931, 46.292538224572027 ], [ 16.39880613177688, 46.284213805160007 ], [ 16.384675282955385, 46.294705388529252 ], [ 16.384869711514618, 46.316657092330423 ], [ 16.385254377844785, 46.317147079013473 ] ] ] ] } },
{ "type": "Feature", "properties": { "fid": 146, "Rbr IJ": 3, "Naziv izborne jedinice": "III. IZBORNA JEDINICA", "Rbr.županije": 5, "Županija": "VARAŽDINSKA ŽUPANIJA", "Oznaka Gr/Op/Dr": "grad", "Grad/općina/država": "VARAŽDIN", "Rbr BM": 50, "Naziv BM": "DONJI KUĆAN", "Lokacija BM": "PROSTORIJE VATROGASNOG DOMA", "Adresa BM": "DONJI KUĆAN", "Ukupno birača": 599, "Glasovalo birača": 383, "Glasovalo birača (po listićima)": 383, "Važeći listići": 373, "Nevažeći listići": 10, "Latitude": 46.2829611, "Longitude": 16.3895486, "ID_u_zupaniji": 146, "ID_global": 1473, "neighbours list": [ 1471, 1656, 1474, 1967, 1472, 1963 ] }, "geometry": { "type": "MultiPolygon", "coordinates": [ [ [ [ 16.380817412550869, 46.28837996060534 ], [ 16.384675282955385, 46.294705388529252 ], [ 16.39880613177688, 46.284213805160007 ], [ 16.408706353886487, 46.266151934802458 ], [ 16.404943910771802, 46.266916526336232 ], [ 16.383611225756294, 46.282177647846069 ], [ 16.380817412550869, 46.28837996060534 ] ] ] ] } },
{ "type": "Feature", "properties": { "fid": 145, "Rbr IJ": 3, "Naziv izborne jedinice": "III. IZBORNA JEDINICA", "Rbr.županije": 5, "Županija": "VARAŽDINSKA ŽUPANIJA", "Oznaka Gr/Op/Dr": "grad", "Grad/općina/država": "VARAŽDIN", "Rbr BM": 49, "Naziv BM": "GORNJI KUĆAN", "Lokacija BM": "PROSTORIJE VATROGASNOG DOMA", "Adresa BM": "GORNJI KUĆAN", "Ukupno birača": 846, "Glasovalo birača": 597, "Glasovalo birača (po listićima)": 597, "Važeći listići": 580, "Nevažeći listići": 17, "Latitude": 46.2763054, "Longitude": 16.3847872, "ID_u_zupaniji": 145, "ID_global": 1472, "neighbours list": [ 1656, 1474, 1473 ] }, "geometry": { "type": "MultiPolygon", "coordinates": [ [ [ [ 16.378540830513742, 46.267323660734164 ], [ 16.383611225756294, 46.282177647846069 ], [ 16.404943910771802, 46.266916526336232 ], [ 16.378540830513742, 46.267323660734164 ] ] ] ] } },
{ "type": "Feature", "properties": { "fid": 241, "Rbr IJ": 3, "Naziv izborne jedinice": "III. IZBORNA JEDINICA", "Rbr.županije": 5, "Županija": "VARAŽDINSKA ŽUPANIJA", "Oznaka Gr/Op/Dr": "općina", "Grad/općina/država": "LJUBEŠĆICA", "Rbr BM": 5, "Naziv BM": "LJUBELJ", "Lokacija BM": "DRUŠTVENA KUĆICA", "Adresa BM": "LJUBELJ", "Ukupno birača": 69, "Glasovalo birača": 50, "Glasovalo birača (po listićima)": 50, "Važeći listići": 47, "Nevažeći listići": 3, "Latitude": 46.1641924, "Longitude": 16.4253891, "ID_u_zupaniji": 241, "ID_global": 1757, "neighbours list": [ 1756, 1753, 1755, 1493, 1758, 1480 ] }, "geometry": { "type": "MultiPolygon", "coordinates": [ [ [ [ 16.431656042686143, 46.138557727935847 ], [ 16.431690082073455, 46.139081578358123 ], [ 16.431631543028587, 46.139529165211123 ], [ 16.431427523779103, 46.140182435883858 ], [ 16.43150262344556, 46.14047282773295 ], [ 16.432036132817039, 46.140908711367835 ], [ 16.432303393524638, 46.141350013516053 ], [ 16.432171340311804, 46.141583778200747 ], [ 16.431907654458911, 46.141812425834587 ], [ 16.431709578827856, 46.142051279149811 ], [ 16.431687452342437, 46.142254607612387 ], [ 16.431663117637981, 46.142568692971686 ], [ 16.431398791107632, 46.142890822187823 ], [ 16.431289185822923, 46.143386694042093 ], [ 16.430861370483289, 46.143500163450049 ], [ 16.430552000283008, 46.143607405082328 ], [ 16.430470000163783, 46.143657920720912 ], [ 16.430349738451095, 46.143768785662843 ], [ 16.429925325033999, 46.143951713690917 ], [ 16.429632704289009, 46.144015235648375 ], [ 16.428962169174703, 46.143831633516349 ], [ 16.42858412941829, 46.143584508838018 ], [ 16.428182830053707, 46.14350849917129 ], [ 16.427947852632716, 46.14354020216301 ], [ 16.427769755389239, 46.143727326022429 ], [ 16.427797846600949, 46.144121610574423 ], [ 16.427585147023013, 46.14453562709928 ], [ 16.427590752696062, 46.144702892608755 ], [ 16.427733942185242, 46.144882211735364 ], [ 16.427698968609551, 46.145196829225611 ], [ 16.428126062911005, 46.145553036276034 ], [ 16.428729753362386, 46.145789596368409 ], [ 16.429216770509075, 46.145860438692765 ], [ 16.429297596618415, 46.14602262210564 ], [ 16.429266998993782, 46.146262294267757 ], [ 16.429094069642989, 46.14655469302788 ], [ 16.429104017269839, 46.146671035742294 ], [ 16.429185166354348, 46.146783913592628 ], [ 16.429349847290858, 46.146969272206611 ], [ 16.429387577042945, 46.14712486077029 ], [ 16.429320832966059, 46.147387633913986 ], [ 16.429134374441158, 46.147830011149125 ], [ 16.429229024851033, 46.148116367385448 ], [ 16.428913713326683, 46.148793946613033 ], [ 16.428609642097218, 46.149683060970339 ], [ 16.428082729140566, 46.150201341251069 ], [ 16.427681623186324, 46.150336859072475 ], [ 16.426944918736062, 46.15030858865186 ], [ 16.426413478521781, 46.150322103793968 ], [ 16.426021958537259, 46.150642608634627 ], [ 16.425844381522836, 46.15070961422844 ], [ 16.425638813775453, 46.150700753207936 ], [ 16.42540211671167, 46.150640046448302 ], [ 16.42532001640987, 46.150561985330143 ], [ 16.424753164061435, 46.150054879658519 ], [ 16.424333702409257, 46.150448779174383 ], [ 16.42383358226914, 46.150654847545852 ], [ 16.423073186062997, 46.14960344122774 ], [ 16.422401692340429, 46.148687411077283 ], [ 16.422370962072819, 46.147986132085215 ], [ 16.422264040462927, 46.147522332872313 ], [ 16.422184700772796, 46.147328924522192 ], [ 16.421496059228822, 46.146849611417409 ], [ 16.421482948560186, 46.146693047437545 ], [ 16.422186426590038, 46.146104107938299 ], [ 16.42241233765661, 46.145717552651206 ], [ 16.422658931255008, 46.145071975312938 ], [ 16.422689034355702, 46.144743230120106 ], [ 16.421979046588536, 46.144824984122593 ], [ 16.421594715575651, 46.144649991352381 ], [ 16.421121353732893, 46.144639498622496 ], [ 16.419093907464106, 46.145233980475787 ], [ 16.415987989194615, 46.145067267298423 ], [ 16.415086118612148, 46.144748182400427 ], [ 16.414583657372493, 46.144470327753865 ], [ 16.414287606073913, 46.144562599593527 ], [ 16.413238365646418, 46.143965909164876 ], [ 16.412647854534089, 46.143307838213097 ], [ 16.411873618335576, 46.143014827868555 ], [ 16.410395869789191, 46.142811956962802 ], [ 16.409864113573427, 46.14282287565652 ], [ 16.409162392406433, 46.142289133135179 ], [ 16.409123624654011, 46.142171685995443 ], [ 16.409110808692038, 46.1419366631972 ], [ 16.408226977842279, 46.14156544327939 ], [ 16.407849889860252, 46.141510975448767 ], [ 16.406745197214907, 46.140868383502223 ], [ 16.405028413008218, 46.140541713268512 ], [ 16.404750206172412, 46.140301927798241 ], [ 16.404213721385588, 46.150173112485312 ], [ 16.411008837094016, 46.169025414810136 ], [ 16.413527149150699, 46.173316299296673 ], [ 16.430975191430594, 46.181276785498014 ], [ 16.440431087707758, 46.171431854006933 ], [ 16.431633838503323, 46.138273719871812 ], [ 16.431656042686143, 46.138557727935847 ] ] ] ] } },
{ "type": "Feature", "properties": { "fid": 304, "Rbr IJ": 3, "Naziv izborne jedinice": "III. IZBORNA JEDINICA", "Rbr.županije": 5, "Županija": "VARAŽDINSKA ŽUPANIJA", "Oznaka Gr/Op/Dr": "općina", "Grad/općina/država": "TRNOVEC BARTOLOVEČKI", "Rbr BM": 1, "Naziv BM": "TRNOVEC", "Lokacija BM": "PROSTORIJE OSNOVNE ŠKOLE TRNOVEC", "Adresa BM": "BARTOLOVEČKA ULICA 55", "Ukupno birača": 894, "Glasovalo birača": 534, "Glasovalo birača (po listićima)": 534, "Važeći listići": 507, "Nevažeći listići": 27, "Latitude": 46.2913439, "Longitude": 16.4048421, "ID_u_zupaniji": 304, "ID_global": 1963, "neighbours list": [ 1965, 1656, 1967, 1473, 1969, 1692 ] }, "geometry": { "type": "MultiPolygon", "coordinates": [ [ [ [ 16.39880613177688, 46.284213805160007 ], [ 16.401125701464931, 46.292538224572027 ], [ 16.423268859442114, 46.296277191208191 ], [ 16.429646489498214, 46.276564467054676 ], [ 16.416120502225173, 46.261609486447441 ], [ 16.408706353886487, 46.266151934802458 ], [ 16.39880613177688, 46.284213805160007 ] ] ] ] } },
{ "type": "Feature", "properties": { "fid": 163, "Rbr IJ": 3, "Naziv izborne jedinice": "III. IZBORNA JEDINICA", "Rbr.županije": 5, "Županija": "VARAŽDINSKA ŽUPANIJA", "Oznaka Gr/Op/Dr": "grad", "Grad/općina/država": "VARAŽDINSKE TOPLICE", "Rbr BM": 16, "Naziv BM": "PETKOVEC TOPLIČKI", "Lokacija BM": "PODRUČNA ŠKOLA", "Adresa BM": "PETKOVEC TOPLIČKI", "Ukupno birača": 200, "Glasovalo birača": 152, "Glasovalo birača (po listićima)": 152, "Važeći listići": 145, "Nevažeći listići": 7, "Latitude": 46.1920627, "Longitude": 16.3960876, "ID_u_zupaniji": 163, "ID_global": 1490, "neighbours list": [ 1376, 1661, 1491, 1478, 1755, 1492, 1493 ] }, "geometry": { "type": "MultiPolygon", "coordinates": [ [ [ [ 16.386580419255658, 46.212806643284594 ], [ 16.39004316005142, 46.212327231441783 ], [ 16.405284817233095, 46.190330593934007 ], [ 16.404715906925578, 46.187592786854381 ], [ 16.395553805869984, 46.184959598911099 ], [ 16.378295988186576, 46.204734337973051 ], [ 16.380977438979684, 46.211829162471297 ], [ 16.386580419255658, 46.212806643284594 ] ] ] ] } },
{ "type": "Feature", "properties": { "fid": 151, "Rbr IJ": 3, "Naziv izborne jedinice": "III. IZBORNA JEDINICA", "Rbr.županije": 5, "Županija": "VARAŽDINSKA ŽUPANIJA", "Oznaka Gr/Op/Dr": "grad", "Grad/općina/država": "VARAŽDINSKE TOPLICE", "Rbr BM": 4, "Naziv BM": "VRTLINOVEC", "Lokacija BM": "VATROGASNI DOM", "Adresa BM": "VRTLINOVEC", "Ukupno birača": 435, "Glasovalo birača": 232, "Glasovalo birača (po listićima)": 232, "Važeći listići": 226, "Nevažeći listići": 6, "Latitude": 46.2301873, "Longitude": 16.4013659, "ID_u_zupaniji": 151, "ID_global": 1478, "neighbours list": [ 1661, 1656, 1490, 1692, 1492, 1481, 1477, 1475, 1483 ] }, "geometry": { "type": "MultiPolygon", "coordinates": [ [ [ [ 16.401888997350859, 46.249567119776806 ], [ 16.415841429281969, 46.257977902359912 ], [ 16.42573128086855, 46.238575756849556 ], [ 16.424806182691199, 46.234144195776452 ], [ 16.42428070049171, 46.233495183301045 ], [ 16.413433194967755, 46.221360175734866 ], [ 16.406741205195729, 46.215339922406002 ], [ 16.39004316005142, 46.212327231441783 ], [ 16.386580419255658, 46.212806643284594 ], [ 16.401888997350859, 46.249567119776806 ] ] ] ] } },
{ "type": "Feature", "properties": { "fid": 239, "Rbr IJ": 3, "Naziv izborne jedinice": "III. IZBORNA JEDINICA", "Rbr.županije": 5, "Županija": "VARAŽDINSKA ŽUPANIJA", "Oznaka Gr/Op/Dr": "općina", "Grad/općina/država": "LJUBEŠĆICA", "Rbr BM": 3, "Naziv BM": "KAPELA KALNIČKA", "Lokacija BM": "DRUŠTVENI DOM", "Adresa BM": "KAPELA KALNIČKA 20 A", "Ukupno birača": 191, "Glasovalo birača": 136, "Glasovalo birača (po listićima)": 136, "Važeći listići": 129, "Nevažeći listići": 7, "Latitude": 46.1792238, "Longitude": 16.3997775, "ID_u_zupaniji": 239, "ID_global": 1755, "neighbours list": [ 1756, 1491, 1757, 1490, 1493 ] }, "geometry": { "type": "MultiPolygon", "coordinates": [ [ [ [ 16.404715906925578, 46.187592786854381 ], [ 16.413527149150699, 46.173316299296673 ], [ 16.411008837094016, 46.169025414810136 ], [ 16.392943153507566, 46.180162525195151 ], [ 16.395553805869984, 46.184959598911099 ], [ 16.404715906925578, 46.187592786854381 ] ] ] ] } },
{ "type": "Feature", "properties": { "fid": 310, "Rbr IJ": 3, "Naziv izborne jedinice": "III. IZBORNA JEDINICA", "Rbr.županije": 5, "Županija": "VARAŽDINSKA ŽUPANIJA", "Oznaka Gr/Op/Dr": "općina", "Grad/općina/država": "TRNOVEC BARTOLOVEČKI", "Rbr BM": 7, "Naziv BM": "ŽABNIK", "Lokacija BM": "PROSTORIJE DRUŠTVENOG DOMA ŽABNIK", "Adresa BM": "SPORTSKA ULICA 6", "Ukupno birača": 127, "Glasovalo birača": 81, "Glasovalo birača (po listićima)": 81, "Važeći listići": 80, "Nevažeći listići": 1, "Latitude": 46.3030722, "Longitude": 16.4410933, "ID_u_zupaniji": 310, "ID_global": 1969, "neighbours list": [ 1965, 1963, 1692, 1968, 1691 ] }, "geometry": { "type": "MultiPolygon", "coordinates": [ [ [ [ 16.4257366794061, 46.316514478488237 ], [ 16.429785398815071, 46.315774681919969 ], [ 16.428076558851021, 46.311851492964678 ], [ 16.43775397547407, 46.313026260346 ], [ 16.447557729129294, 46.314043678233695 ], [ 16.447064002484584, 46.282127562637719 ], [ 16.436227104686449, 46.277324515254342 ], [ 16.429646489498214, 46.276564467054676 ], [ 16.423268859442114, 46.296277191208191 ], [ 16.4184327915975, 46.318047885895595 ], [ 16.4257366794061, 46.316514478488237 ] ] ] ] } },
{ "type": "Feature", "properties": { "fid": 226, "Rbr IJ": 3, "Naziv izborne jedinice": "III. IZBORNA JEDINICA", "Rbr.županije": 5, "Županija": "VARAŽDINSKA ŽUPANIJA", "Oznaka Gr/Op/Dr": "općina", "Grad/općina/država": "JALŽABET", "Rbr BM": 4, "Naziv BM": "LEŠTAKOVEC", "Lokacija BM": "DRUŠTVENI DOM LEŠTAKOVEC", "Adresa BM": "LEŠTAKOVEC 44 A", "Ukupno birača": 267, "Glasovalo birača": 154, "Glasovalo birača (po listićima)": 154, "Važeći listići": 149, "Nevažeći listići": 5, "Latitude": 46.253364, "Longitude": 16.4468345, "ID_u_zupaniji": 226, "ID_global": 1692, "neighbours list": [ 1656, 1963, 1478, 1969, 1481, 1691, 1488, 1695 ] }, "geometry": { "type": "MultiPolygon", "coordinates": [ [ [ [ 16.416120502225173, 46.261609486447441 ], [ 16.429646489498214, 46.276564467054676 ], [ 16.436227104686449, 46.277324515254342 ], [ 16.460766714959693, 46.249287495847661 ], [ 16.461625463012567, 46.241039848342893 ], [ 16.457163428623694, 46.23649936618029 ], [ 16.42573128086855, 46.238575756849556 ], [ 16.415841429281969, 46.257977902359912 ], [ 16.416120502225173, 46.261609486447441 ] ] ] ] } },
{ "type": "Feature", "properties": { "fid": 165, "Rbr IJ": 3, "Naziv izborne jedinice": "III. IZBORNA JEDINICA", "Rbr.županije": 5, "Županija": "VARAŽDINSKA ŽUPANIJA", "Oznaka Gr/Op/Dr": "grad", "Grad/općina/država": "VARAŽDINSKE TOPLICE", "Rbr BM": 18, "Naziv BM": "HRASTOVEC TOPLIČKI", "Lokacija BM": "KUĆA ROBERTA MRVČIĆA", "Adresa BM": "HRASTOVEC TOPLIČKI 2A", "Ukupno birača": 190, "Glasovalo birača": 120, "Glasovalo birača (po listićima)": 120, "Važeći listići": 117, "Nevažeći listići": 3, "Latitude": 46.1995502, "Longitude": 16.4068935, "ID_u_zupaniji": 165, "ID_global": 1492, "neighbours list": [ 1490, 1478, 1475, 1493 ] }, "geometry": { "type": "MultiPolygon", "coordinates": [ [ [ [ 16.39004316005142, 46.212327231441783 ], [ 16.406741205195729, 46.215339922406002 ], [ 16.4174382714227, 46.198419123888335 ], [ 16.405284817233095, 46.190330593934007 ], [ 16.39004316005142, 46.212327231441783 ] ] ] ] } },
{ "type": "Feature", "properties": { "fid": 154, "Rbr IJ": 3, "Naziv izborne jedinice": "III. IZBORNA JEDINICA", "Rbr.županije": 5, "Županija": "VARAŽDINSKA ŽUPANIJA", "Oznaka Gr/Op/Dr": "grad", "Grad/općina/država": "VARAŽDINSKE TOPLICE", "Rbr BM": 7, "Naziv BM": "JARKI HORVATIĆEVI", "Lokacija BM": "KUĆA ANTONIJE VUDRAG", "Adresa BM": "JARKI HORVATIĆEVI 19", "Ukupno birača": 41, "Glasovalo birača": 19, "Glasovalo birača (po listićima)": 19, "Važeći listići": 17, "Nevažeći listići": 2, "Latitude": 46.22114, "Longitude": 16.4447058, "ID_u_zupaniji": 154, "ID_global": 1481, "neighbours list": [ 1478, 1692, 1477, 1489, 1488 ] }, "geometry": { "type": "MultiPolygon", "coordinates": [ [ [ [ 16.42573128086855, 46.238575756849556 ], [ 16.457163428623694, 46.23649936618029 ], [ 16.459943015572854, 46.221103474195068 ], [ 16.438276361190525, 46.210462457761331 ], [ 16.424806182691199, 46.234144195776452 ], [ 16.42573128086855, 46.238575756849556 ] ] ] ] } },
{ "type": "Feature", "properties": { "fid": 150, "Rbr IJ": 3, "Naziv izborne jedinice": "III. IZBORNA JEDINICA", "Rbr.županije": 5, "Županija": "VARAŽDINSKA ŽUPANIJA", "Oznaka Gr/Op/Dr": "grad", "Grad/općina/država": "VARAŽDINSKE TOPLICE", "Rbr BM": 3, "Naziv BM": "VARAŽDINSKE TOPLICE", "Lokacija BM": "SENZOMOTORNA DVORANA UZ DJEČJI VRTIĆ", "Adresa BM": "ULICA BRAĆE RADIĆ 12", "Ukupno birača": 659, "Glasovalo birača": 422, "Glasovalo birača (po listićima)": 422, "Važeći listići": 411, "Nevažeći listići": 11, "Latitude": 46.2103936, "Longitude": 16.4258127, "ID_u_zupaniji": 150, "ID_global": 1477, "neighbours list": [ 1478, 1481, 1476, 1483, 1489 ] }, "geometry": { "type": "MultiPolygon", "coordinates": [ [ [ [ 16.424806182691199, 46.234144195776452 ], [ 16.438276361190525, 46.210462457761331 ], [ 16.437978730777392, 46.205067871238462 ], [ 16.424704762405, 46.2091110837708 ], [ 16.42428070049171, 46.233495183301045 ], [ 16.424806182691199, 46.234144195776452 ] ] ] ] } },
{ "type": "Feature", "properties": { "fid": 148, "Rbr IJ": 3, "Naziv izborne jedinice": "III. IZBORNA JEDINICA", "Rbr.županije": 5, "Županija": "VARAŽDINSKA ŽUPANIJA", "Oznaka Gr/Op/Dr": "grad", "Grad/općina/država": "VARAŽDINSKE TOPLICE", "Rbr BM": 1, "Naziv BM": "VARAŽDINSKE TOPLICE", "Lokacija BM": "GRADSKA VIJEĆNICA", "Adresa BM": "ULICA DR. FRANJE TUĐMANA 4", "Ukupno birača": 351, "Glasovalo birača": 234, "Glasovalo birača (po listićima)": 234, "Važeći listići": 234, "Nevažeći listići": 0, "Latitude": 46.2084298, "Longitude": 16.4209394, "ID_u_zupaniji": 148, "ID_global": 1475, "neighbours list": [ 1478, 1492, 1493, 1476, 1483 ] }, "geometry": { "type": "MultiPolygon", "coordinates": [ [ [ [ 16.413433194967755, 46.221360175734866 ], [ 16.423026229051104, 46.208332690893705 ], [ 16.42029350288249, 46.197495142761994 ], [ 16.4174382714227, 46.198419123888335 ], [ 16.406741205195729, 46.215339922406002 ], [ 16.413433194967755, 46.221360175734866 ] ] ] ] } },
{ "type": "Feature", "properties": { "fid": 166, "Rbr IJ": 3, "Naziv izborne jedinice": "III. IZBORNA JEDINICA", "Rbr.županije": 5, "Županija": "VARAŽDINSKA ŽUPANIJA", "Oznaka Gr/Op/Dr": "grad", "Grad/općina/država": "VARAŽDINSKE TOPLICE", "Rbr BM": 19, "Naziv BM": "ČURILOVEC", "Lokacija BM": "KUĆA STJEPANA DVEKARA", "Adresa BM": "ČURILOVEC 22", "Ukupno birača": 105, "Glasovalo birača": 72, "Glasovalo birača (po listićima)": 72, "Važeći listići": 67, "Nevažeći listići": 5, "Latitude": 46.1882552, "Longitude": 16.4144107, "ID_u_zupaniji": 166, "ID_global": 1493, "neighbours list": [ 1757, 1490, 1755, 1492, 1475, 1476, 1480 ] }, "geometry": { "type": "MultiPolygon", "coordinates": [ [ [ [ 16.405284817233095, 46.190330593934007 ], [ 16.4174382714227, 46.198419123888335 ], [ 16.42029350288249, 46.197495142761994 ], [ 16.431592962675708, 46.1913078583109 ], [ 16.430975191430594, 46.181276785498014 ], [ 16.413527149150699, 46.173316299296673 ], [ 16.404715906925578, 46.187592786854381 ], [ 16.405284817233095, 46.190330593934007 ] ] ] ] } },
{ "type": "Feature", "properties": { "fid": 149, "Rbr IJ": 3, "Naziv izborne jedinice": "III. IZBORNA JEDINICA", "Rbr.županije": 5, "Županija": "VARAŽDINSKA ŽUPANIJA", "Oznaka Gr/Op/Dr": "grad", "Grad/općina/država": "VARAŽDINSKE TOPLICE", "Rbr BM": 2, "Naziv BM": "VARAŽDINSKE TOPLICE", "Lokacija BM": "OSNOVNA ŠKOLA", "Adresa BM": "ULICA GRADA VUKOVARA 1 (RANIJA ADRESA: UL. MARTINA PUŠTEKA)", "Ukupno birača": 470, "Glasovalo birača": 315, "Glasovalo birača (po listićima)": 315, "Važeći listići": 304, "Nevažeći listići": 11, "Latitude": 46.2074287, "Longitude": 16.4249096, "ID_u_zupaniji": 149, "ID_global": 1476, "neighbours list": [ 1477, 1475, 1493, 1483, 1489, 1480, 1479 ] }, "geometry": { "type": "MultiPolygon", "coordinates": [ [ [ [ 16.423026229051104, 46.208332690893705 ], [ 16.424704762405, 46.2091110837708 ], [ 16.437978730777392, 46.205067871238462 ], [ 16.438101545945333, 46.20308433925247 ], [ 16.435966414181355, 46.196113824560818 ], [ 16.431592962675708, 46.1913078583109 ], [ 16.42029350288249, 46.197495142761994 ], [ 16.423026229051104, 46.208332690893705 ] ] ] ] } },
{ "type": "Feature", "properties": { "fid": 156, "Rbr IJ": 3, "Naziv izborne jedinice": "III. IZBORNA JEDINICA", "Rbr.županije": 5, "Županija": "VARAŽDINSKA ŽUPANIJA", "Oznaka Gr/Op/Dr": "grad", "Grad/općina/država": "VARAŽDINSKE TOPLICE", "Rbr BM": 9, "Naziv BM": "SVIBOVEC", "Lokacija BM": "OSNOVNA ŠKOLA SVIBOVEC", "Adresa BM": "SVIBOVEC, ULICA BRAĆE RADIĆ 4", "Ukupno birača": 221, "Glasovalo birača": 135, "Glasovalo birača (po listićima)": 135, "Važeći listići": 132, "Nevažeći listići": 3, "Latitude": 46.2103543, "Longitude": 16.4235529, "ID_u_zupaniji": 156, "ID_global": 1483, "neighbours list": [ 1478, 1477, 1475, 1476 ] }, "geometry": { "type": "MultiPolygon", "coordinates": [ [ [ [ 16.42428070049171, 46.233495183301045 ], [ 16.424704762405, 46.2091110837708 ], [ 16.423026229051104, 46.208332690893705 ], [ 16.413433194967755, 46.221360175734866 ], [ 16.42428070049171, 46.233495183301045 ] ] ] ] } },
{ "type": "Feature", "properties": { "fid": 162, "Rbr IJ": 3, "Naziv izborne jedinice": "III. IZBORNA JEDINICA", "Rbr.županije": 5, "Županija": "VARAŽDINSKA ŽUPANIJA", "Oznaka Gr/Op/Dr": "grad", "Grad/općina/država": "VARAŽDINSKE TOPLICE", "Rbr BM": 15, "Naziv BM": "TUHOVEC", "Lokacija BM": "DRUŠTVENI DOM", "Adresa BM": "TUHOVEC", "Ukupno birača": 580, "Glasovalo birača": 376, "Glasovalo birača (po listićima)": 376, "Važeći listići": 363, "Nevažeći listići": 13, "Latitude": 46.2090229, "Longitude": 16.4506568, "ID_u_zupaniji": 162, "ID_global": 1489, "neighbours list": [ 1481, 1477, 1476, 1479, 1488, 1494 ] }, "geometry": { "type": "MultiPolygon", "coordinates": [ [ [ [ 16.438276361190525, 46.210462457761331 ], [ 16.459943015572854, 46.221103474195068 ], [ 16.461043646679016, 46.21961758118757 ], [ 16.457210696616301, 46.204668992861805 ], [ 16.438101545945333, 46.20308433925247 ], [ 16.437978730777392, 46.205067871238462 ], [ 16.438276361190525, 46.210462457761331 ] ] ] ] } },
{ "type": "Feature", "properties": { "fid": 242, "Rbr IJ": 3, "Naziv izborne jedinice": "III. IZBORNA JEDINICA", "Rbr.županije": 5, "Županija": "VARAŽDINSKA ŽUPANIJA", "Oznaka Gr/Op/Dr": "općina", "Grad/općina/država": "LJUBEŠĆICA", "Rbr BM": 6, "Naziv BM": "LJUBELJ KALNIČKI", "Lokacija BM": "DRUŠTVENI DOM", "Adresa BM": "LJUBELJ KALNIČKI 24 C", "Ukupno birača": 93, "Glasovalo birača": 70, "Glasovalo birača (po listićima)": 70, "Važeći listići": 66, "Nevažeći listići": 4, "Latitude": 46.1576878, "Longitude": 16.4499059, "ID_u_zupaniji": 242, "ID_global": 1758, "neighbours list": [ 1757, 1480, 1485 ] }, "geometry": { "type": "MultiPolygon", "coordinates": [ [ [ [ 16.485915797956618, 46.144824649365781 ], [ 16.483936084701661, 46.143900263723474 ], [ 16.483348888417741, 46.143623959002561 ], [ 16.483636513984504, 46.143602766632661 ], [ 16.483838472661184, 46.14350085462744 ], [ 16.484002144045263, 46.143302214673859 ], [ 16.476352325688811, 46.141168139874637 ], [ 16.474934791624783, 46.140778069553669 ], [ 16.475000239320988, 46.140308598408886 ], [ 16.474848817170916, 46.140274644910875 ], [ 16.474697605420019, 46.140064341776544 ], [ 16.474404884996851, 46.139660562239087 ], [ 16.474340501384216, 46.139501923229538 ], [ 16.473580735800059, 46.139231197627701 ], [ 16.473517008161732, 46.139060141848418 ], [ 16.472656500656136, 46.138639579575511 ], [ 16.472573235874634, 46.138462130405372 ], [ 16.472484491462208, 46.138373304490841 ], [ 16.472440085118976, 46.138138101089197 ], [ 16.472173114889692, 46.138056069863495 ], [ 16.471511092147132, 46.137796510996921 ], [ 16.471061577841311, 46.137817452062428 ], [ 16.470768619882456, 46.137690693760746 ], [ 16.470751759650689, 46.137511640658715 ], [ 16.470455173332173, 46.137397477016179 ], [ 16.470461686874454, 46.137318571264792 ], [ 16.470183880892705, 46.137182458043306 ], [ 16.470462045711383, 46.136647453234332 ], [ 16.46932590342896, 46.13603316948381 ], [ 16.467646715802193, 46.1356641718546 ], [ 16.467135914455518, 46.135611841050483 ], [ 16.466635284686475, 46.135434266707833 ], [ 16.466565240924197, 46.135263744940517 ], [ 16.466224833699844, 46.135096652559646 ], [ 16.465550694778354, 46.134859549034786 ], [ 16.465536374440916, 46.134994236258052 ], [ 16.464775665168666, 46.134744595596146 ], [ 16.464639277995506, 46.134709643455075 ], [ 16.464538889103054, 46.134644830852096 ], [ 16.464129667719622, 46.134634805998708 ], [ 16.463986172896153, 46.134584825136741 ], [ 16.46377081077091, 46.134594744232906 ], [ 16.46349801554533, 46.134559747415494 ], [ 16.462098877773787, 46.133955834321164 ], [ 16.462184890406895, 46.133841235517309 ], [ 16.460925983133652, 46.133548125639287 ], [ 16.460610347473715, 46.133164186805907 ], [ 16.457032548091028, 46.132413321720456 ], [ 16.452875584660092, 46.131972968668265 ], [ 16.45119169426799, 46.131771169397865 ], [ 16.449366711422801, 46.131476339389046 ], [ 16.442775530861518, 46.130139089816986 ], [ 16.442800706968459, 46.130821018242472 ], [ 16.44294842279254, 46.130891002150165 ], [ 16.443250709462244, 46.130909777314407 ], [ 16.44345194048261, 46.13104051982598 ], [ 16.443488653517409, 46.131206180796049 ], [ 16.443384517830992, 46.131418378798543 ], [ 16.443316990862282, 46.131644720831936 ], [ 16.443440041119175, 46.132045527573844 ], [ 16.443226275609508, 46.132396861425086 ], [ 16.442622776239581, 46.132805133604975 ], [ 16.441915762878832, 46.133186087794662 ], [ 16.440999223283434, 46.133556402636479 ], [ 16.440021408927503, 46.13385109953785 ], [ 16.439557400138561, 46.133890083939406 ], [ 16.439116251101904, 46.133854040046899 ], [ 16.43847786628243, 46.134052541510862 ], [ 16.437923782651222, 46.134433733081131 ], [ 16.437782682747706, 46.134577075431075 ], [ 16.437491760905345, 46.13467795787362 ], [ 16.43714431437056, 46.134749566855604 ], [ 16.436928511327306, 46.134800823322109 ], [ 16.43676108658293, 46.134986797696804 ], [ 16.436291218485561, 46.135719557441291 ], [ 16.435830358660489, 46.135928759824175 ], [ 16.435344639187708, 46.136033126233585 ], [ 16.434758265969624, 46.136213191527446 ], [ 16.433583364638469, 46.13674138378326 ], [ 16.432976735671634, 46.136964345876862 ], [ 16.432669727115957, 46.137184962333521 ], [ 16.432033316254586, 46.137727670408346 ], [ 16.43170733787467, 46.13800108786242 ], [ 16.43162877637047, 46.138208971415942 ], [ 16.431633838503323, 46.138273719871812 ], [ 16.440431087707758, 46.171431854006933 ], [ 16.461116221841372, 46.172619345899101 ], [ 16.489609890118768, 46.146295866969865 ], [ 16.485915797956618, 46.144824649365781 ] ] ] ] } },
{ "type": "Feature", "properties": { "fid": 153, "Rbr IJ": 3, "Naziv izborne jedinice": "III. IZBORNA JEDINICA", "Rbr.županije": 5, "Županija": "VARAŽDINSKA ŽUPANIJA", "Oznaka Gr/Op/Dr": "grad", "Grad/općina/država": "VARAŽDINSKE TOPLICE", "Rbr BM": 6, "Naziv BM": "PIŠĆANOVEC", "Lokacija BM": "KUĆA RADOVANA KANEŠIĆA", "Adresa BM": "PIŠĆANOVEC 16", "Ukupno birača": 48, "Glasovalo birača": 29, "Glasovalo birača (po listićima)": 29, "Važeći listići": 27, "Nevažeći listići": 2, "Latitude": 46.1861699, "Longitude": 16.4482708, "ID_u_zupaniji": 153, "ID_global": 1480, "neighbours list": [ 1757, 1493, 1476, 1758, 1479, 1485 ] }, "geometry": { "type": "MultiPolygon", "coordinates": [ [ [ [ 16.431592962675708, 46.1913078583109 ], [ 16.435966414181355, 46.196113824560818 ], [ 16.46188142319383, 46.189809960264611 ], [ 16.461116221841372, 46.172619345899101 ], [ 16.440431087707758, 46.171431854006933 ], [ 16.430975191430594, 46.181276785498014 ], [ 16.431592962675708, 46.1913078583109 ] ] ] ] } },
{ "type": "Feature", "properties": { "fid": 309, "Rbr IJ": 3, "Naziv izborne jedinice": "III. IZBORNA JEDINICA", "Rbr.županije": 5, "Županija": "VARAŽDINSKA ŽUPANIJA", "Oznaka Gr/Op/Dr": "općina", "Grad/općina/država": "TRNOVEC BARTOLOVEČKI", "Rbr BM": 6, "Naziv BM": "ŠTEFANEC", "Lokacija BM": "PROSTORIJE DRUŠTVENOG DOMA", "Adresa BM": "LUDBREŠKA ULICA 59", "Ukupno birača": 298, "Glasovalo birača": 194, "Glasovalo birača (po listićima)": 194, "Važeći listići": 183, "Nevažeći listići": 11, "Latitude": 46.302877494576897, "Longitude": 16.453679699493701, "ID_u_zupaniji": 309, "ID_global": 1968, "neighbours list": [ 1969, 1691, 1970 ] }, "geometry": { "type": "MultiPolygon", "coordinates": [ [ [ [ 16.45291669077012, 46.314599822709027 ], [ 16.453597687119473, 46.316025338949359 ], [ 16.45411797603947, 46.317124999869286 ], [ 16.454298797606175, 46.317508620470292 ], [ 16.454578554480623, 46.317909644585704 ], [ 16.455100915347575, 46.318427096538855 ], [ 16.455598898128692, 46.319074545266126 ], [ 16.455623998173255, 46.319348697852455 ], [ 16.455590028182378, 46.319605283072583 ], [ 16.455580901508689, 46.319971643013588 ], [ 16.455496411367296, 46.320394565619914 ], [ 16.455401345625106, 46.320726253037883 ], [ 16.455471520900403, 46.320982788762045 ], [ 16.455566236841296, 46.321243652595903 ], [ 16.455654336246266, 46.321819233580037 ], [ 16.45522689572433, 46.322538387944803 ], [ 16.454715574523274, 46.323072166486426 ], [ 16.455341485186977, 46.323753315671887 ], [ 16.456134924207753, 46.323967214719005 ], [ 16.456827889822112, 46.324133655477887 ], [ 16.457110390269211, 46.324248205303462 ], [ 16.457560378165677, 46.324417699215573 ], [ 16.458037930935642, 46.324547794036413 ], [ 16.458592255722866, 46.324654342203566 ], [ 16.459325805128238, 46.324755013467474 ], [ 16.460050738563474, 46.324920726267884 ], [ 16.460432907821733, 46.324967824168681 ], [ 16.46083800736864, 46.325095003107045 ], [ 16.462271497901135, 46.325477683149551 ], [ 16.46322353709369, 46.325532875800135 ], [ 16.464122250050472, 46.325513907457115 ], [ 16.465095798192944, 46.325410787780797 ], [ 16.463057820568071, 46.284121384442976 ], [ 16.447064002484584, 46.282127562637719 ], [ 16.447557729129294, 46.314043678233695 ], [ 16.45291669077012, 46.314599822709027 ] ] ] ] } },
{ "type": "Feature", "properties": { "fid": 225, "Rbr IJ": 3, "Naziv izborne jedinice": "III. IZBORNA JEDINICA", "Rbr.županije": 5, "Županija": "VARAŽDINSKA ŽUPANIJA", "Oznaka Gr/Op/Dr": "općina", "Grad/općina/država": "JALŽABET", "Rbr BM": 3, "Naziv BM": "IMBRIOVEC", "Lokacija BM": "DRUŠTVENI DOM IMBRIOVEC", "Adresa BM": "IMBRIOVEC 7 C", "Ukupno birača": 228, "Glasovalo birača": 155, "Glasovalo birača (po listićima)": 155, "Važeći listići": 149, "Nevažeći listići": 6, "Latitude": 46.263636906240897, "Longitude": 16.458571510833998, "ID_u_zupaniji": 225, "ID_global": 1691, "neighbours list": [ 1969, 1692, 1968, 1695, 1970, 1694, 1689, 1693 ] }, "geometry": { "type": "MultiPolygon", "coordinates": [ [ [ [ 16.447064002484584, 46.282127562637719 ], [ 16.463057820568071, 46.284121384442976 ], [ 16.470521721002005, 46.281062498817413 ], [ 16.468426514569849, 46.269335536504578 ], [ 16.467822020420499, 46.267209738513053 ], [ 16.463579550431529, 46.254916312530405 ], [ 16.460766714959693, 46.249287495847661 ], [ 16.436227104686449, 46.277324515254342 ], [ 16.447064002484584, 46.282127562637719 ] ] ] ] } },
{ "type": "Feature", "properties": { "fid": 152, "Rbr IJ": 3, "Naziv izborne jedinice": "III. IZBORNA JEDINICA", "Rbr.županije": 5, "Županija": "VARAŽDINSKA ŽUPANIJA", "Oznaka Gr/Op/Dr": "grad", "Grad/općina/država": "VARAŽDINSKE TOPLICE", "Rbr BM": 5, "Naziv BM": "ŠKARNIK", "Lokacija BM": "KUĆA IVICE RATKOVIĆA", "Adresa BM": "ŠKARNIK 14", "Ukupno birača": 69, "Glasovalo birača": 45, "Glasovalo birača (po listićima)": 45, "Važeći listići": 44, "Nevažeći listići": 1, "Latitude": 46.199295, "Longitude": 16.4514635, "ID_u_zupaniji": 152, "ID_global": 1479, "neighbours list": [ 1476, 1489, 1480, 1494, 1485 ] }, "geometry": { "type": "MultiPolygon", "coordinates": [ [ [ [ 16.438101545945333, 46.20308433925247 ], [ 16.457210696616301, 46.204668992861805 ], [ 16.462995327986761, 46.191649715601841 ], [ 16.46188142319383, 46.189809960264611 ], [ 16.435966414181355, 46.196113824560818 ], [ 16.438101545945333, 46.20308433925247 ] ] ] ] } },
{ "type": "Feature", "properties": { "fid": 251, "Rbr IJ": 3, "Naziv izborne jedinice": "III. IZBORNA JEDINICA", "Rbr.županije": 5, "Županija": "VARAŽDINSKA ŽUPANIJA", "Oznaka Gr/Op/Dr": "općina", "Grad/općina/država": "MARTIJANEC", "Rbr BM": 2, "Naziv BM": "SLANJE", "Lokacija BM": "VATROGASNI DOM", "Adresa BM": "SLANJE,ULICA BRAĆE RADIĆ 79", "Ukupno birača": 377, "Glasovalo birača": 174, "Glasovalo birača (po listićima)": 174, "Važeći listići": 162, "Nevažeći listići": 12, "Latitude": 46.2318829, "Longitude": 16.5463984, "ID_u_zupaniji": 251, "ID_global": 1796, "neighbours list": [ 1484, 1795, 1797, 1349 ] }, "geometry": { "type": "MultiPolygon", "coordinates": [ [ [ [ 16.580982116543066, 46.202173331745044 ], [ 16.580862389668017, 46.201822880706068 ], [ 16.580731902228109, 46.201290601159506 ], [ 16.580649058424388, 46.201171894924158 ], [ 16.580194543972212, 46.20111076291726 ], [ 16.579580273292734, 46.200787648290927 ], [ 16.579160884670603, 46.200460346772338 ], [ 16.578090663770812, 46.20014311725452 ], [ 16.576676033631976, 46.199815042499779 ], [ 16.575170327790243, 46.19976988616083 ], [ 16.573889296466447, 46.199718716735838 ], [ 16.573198976567134, 46.199753800534936 ], [ 16.572899464100058, 46.199702077329007 ], [ 16.572191884550328, 46.199321579428151 ], [ 16.571558899715868, 46.198704310702148 ], [ 16.571442044642701, 46.198418178704564 ], [ 16.57144118877574, 46.197757775128956 ], [ 16.57112678223422, 46.197199146871185 ], [ 16.569525119232825, 46.195799517203582 ], [ 16.569336570823754, 46.195567500471164 ], [ 16.56918982927678, 46.195197528968293 ], [ 16.568874475498163, 46.194680372561798 ], [ 16.568726934765785, 46.194496375844814 ], [ 16.568711744097296, 46.194158804886911 ], [ 16.568298715025659, 46.193852243173318 ], [ 16.56765009444015, 46.193709391214497 ], [ 16.567222342391901, 46.1934335152242 ], [ 16.56694216792517, 46.193270018036017 ], [ 16.566382186978558, 46.193352130375452 ], [ 16.566079226394702, 46.193415827101845 ], [ 16.565289648464407, 46.193265395390249 ], [ 16.564293976488834, 46.193250124370508 ], [ 16.563527637953722, 46.193472877024 ], [ 16.562875666776357, 46.193671808715422 ], [ 16.562555339449919, 46.193735505649634 ], [ 16.561983281699895, 46.193687681481805 ], [ 16.561800327096243, 46.193672395081975 ], [ 16.561513679338436, 46.193267489502958 ], [ 16.561238725267444, 46.193005634607722 ], [ 16.560872245206355, 46.192688134277986 ], [ 16.560482742228583, 46.192283370738416 ], [ 16.560448086756917, 46.191870411133095 ], [ 16.56052765479998, 46.191417802765407 ], [ 16.560344230395721, 46.191084368267134 ], [ 16.55953844964392, 46.190520477426354 ], [ 16.557982533572556, 46.18978079577532 ], [ 16.557794970220623, 46.189557396716367 ], [ 16.557593197298889, 46.188751426385394 ], [ 16.557212818257167, 46.188100569397903 ], [ 16.556844046132877, 46.187767491619574 ], [ 16.555928012382775, 46.187364952226694 ], [ 16.55434210088514, 46.186939422720329 ], [ 16.553493140122306, 46.186606561314058 ], [ 16.552808044197327, 46.185986782490218 ], [ 16.552442682573105, 46.185519268394891 ], [ 16.552470236804446, 46.185071097683291 ], [ 16.552329493209452, 46.184593672722301 ], [ 16.552006326992686, 46.184213861988383 ], [ 16.551893678169044, 46.183989789111109 ], [ 16.5516410733341, 46.183980186356038 ], [ 16.550939627407008, 46.184253300811129 ], [ 16.548805904288102, 46.184264038773321 ], [ 16.548258320826985, 46.183932898720592 ], [ 16.548138696454242, 46.183918219897386 ], [ 16.528026298089465, 46.22567716516793 ], [ 16.550269739233844, 46.248839936119253 ], [ 16.572221221197314, 46.241399935310618 ], [ 16.581009948377581, 46.202251882065767 ], [ 16.580982116543066, 46.202173331745044 ] ] ] ] } },
{ "type": "Feature", "properties": { "fid": 65, "Rbr IJ": 3, "Naziv izborne jedinice": "III. IZBORNA JEDINICA", "Rbr.županije": 5, "Županija": "VARAŽDINSKA ŽUPANIJA", "Oznaka Gr/Op/Dr": "grad", "Grad/općina/država": "LUDBREG", "Rbr BM": 13, "Naziv BM": "SEGOVINA", "Lokacija BM": "DRUŠTVENI DOM", "Adresa BM": "SEGOVINA 17", "Ukupno birača": 34, "Glasovalo birača": 23, "Glasovalo birača (po listićima)": 23, "Važeći listići": 23, "Nevažeći listići": 0, "Latitude": 46.2054274, "Longitude": 16.6436571, "ID_u_zupaniji": 65, "ID_global": 1354, "neighbours list": [ 1349, 1350, 1351, 1352, 1353 ] }, "geometry": { "type": "MultiPolygon", "coordinates": [ [ [ [ 16.663346841971503, 46.203395418266588 ], [ 16.662798051123346, 46.203479336342724 ], [ 16.662130054880929, 46.203743547316861 ], [ 16.661561932302305, 46.204042162997311 ], [ 16.660054835975945, 46.204162057847682 ], [ 16.656725278558007, 46.203421512486017 ], [ 16.655237546997039, 46.20268522188762 ], [ 16.653670630302965, 46.202255467223672 ], [ 16.651401750108636, 46.202133161739432 ], [ 16.650718597120271, 46.201939002392763 ], [ 16.649772057098435, 46.200853639177275 ], [ 16.649521720737109, 46.20056866159225 ], [ 16.648798101797176, 46.199726555998737 ], [ 16.64797406463644, 46.199165652333186 ], [ 16.646568165042353, 46.198710758911744 ], [ 16.645894267977614, 46.198662315525901 ], [ 16.644183360608533, 46.198790178835637 ], [ 16.642795068457001, 46.199064360490844 ], [ 16.64216091031895, 46.199051204966928 ], [ 16.641351717761506, 46.199145600628853 ], [ 16.640096010501608, 46.198778705634773 ], [ 16.639627876736924, 46.198730152921293 ], [ 16.639139368340047, 46.198463257860986 ], [ 16.638675868980229, 46.198349824846012 ], [ 16.638200365717658, 46.198409063255035 ], [ 16.63766533390908, 46.198394503293343 ], [ 16.637277521064249, 46.198494840011961 ], [ 16.635594582285645, 46.198726460372548 ], [ 16.634943645303245, 46.198631858867465 ], [ 16.633815584753517, 46.198517839052293 ], [ 16.632846120668255, 46.19818786790956 ], [ 16.632050208548421, 46.197877752245923 ], [ 16.631161204173814, 46.197918903751194 ], [ 16.63037323743162, 46.197894702506481 ], [ 16.629324991703637, 46.197936111193599 ], [ 16.62809325996724, 46.19791554443934 ], [ 16.627872539710896, 46.198167176986757 ], [ 16.627732086155088, 46.198390827716189 ], [ 16.626988896670738, 46.198964155826658 ], [ 16.62640556570198, 46.199020675720341 ], [ 16.625620465707833, 46.198895848396553 ], [ 16.62471511811923, 46.198938767189119 ], [ 16.623689662246409, 46.199330815257731 ], [ 16.622998465851769, 46.199827763713493 ], [ 16.622785080059035, 46.199895742980345 ], [ 16.622669293441607, 46.200035685768242 ], [ 16.622333558510807, 46.200031816776814 ], [ 16.622095128012528, 46.199849875757081 ], [ 16.622106784297596, 46.199671986111383 ], [ 16.62201508246746, 46.199629706599318 ], [ 16.621832181975257, 46.199655364101936 ], [ 16.621740779639314, 46.199748583828644 ], [ 16.621636888771764, 46.19970208824838 ], [ 16.621508658352955, 46.199723458307538 ], [ 16.621496683941377, 46.199816683363245 ], [ 16.621258657927232, 46.19981693607776 ], [ 16.621124922632788, 46.200045789946962 ], [ 16.621002753138278, 46.200054376808986 ], [ 16.620917048717022, 46.199969802625994 ], [ 16.620734090811606, 46.199969995990557 ], [ 16.620716117952508, 46.200164807134101 ], [ 16.620612403361744, 46.200198836529729 ], [ 16.620386463104985, 46.200156697259978 ], [ 16.620258609988941, 46.200351713953701 ], [ 16.620020756990229, 46.200432489994924 ], [ 16.61989860546414, 46.200390240754054 ], [ 16.619794981846528, 46.200466556752843 ], [ 16.619892930144356, 46.200580900084816 ], [ 16.619633688874078, 46.200658548680984 ], [ 16.619410766992925, 46.20051491447007 ], [ 16.619280227462117, 46.20048841865399 ], [ 16.619280642367627, 46.200680151275733 ], [ 16.619188525832936, 46.200685555773099 ], [ 16.618881183021045, 46.200510157972388 ], [ 16.61848211544169, 46.200521279074913 ], [ 16.618359705345977, 46.200659874746769 ], [ 16.618098649475414, 46.200617497389231 ], [ 16.617807185057554, 46.200655047044563 ], [ 16.617623270089169, 46.200815028953159 ], [ 16.617270244559524, 46.200847332136682 ], [ 16.617232082668597, 46.200937884388139 ], [ 16.617101661476301, 46.200906077542008 ], [ 16.617024602078196, 46.200741055491378 ], [ 16.616924428416407, 46.200613395936628 ], [ 16.616011256482736, 46.200587694150769 ], [ 16.615673460950827, 46.200529463831913 ], [ 16.615512459421698, 46.200620139738895 ], [ 16.615446040022128, 46.200707210987829 ], [ 16.615336702389616, 46.200656846339612 ], [ 16.615094383668279, 46.200774955540389 ], [ 16.614997127629618, 46.200615170900981 ], [ 16.614803041509184, 46.200623733481514 ], [ 16.614766806047459, 46.200707894876217 ], [ 16.614584742351713, 46.200640777491529 ], [ 16.614257106508472, 46.200607455402597 ], [ 16.614269059761234, 46.200498035950183 ], [ 16.614038397004343, 46.200363576272196 ], [ 16.613941537047953, 46.200456255354823 ], [ 16.613807779674151, 46.200313331072323 ], [ 16.613480431596525, 46.200355673998743 ], [ 16.613261951517654, 46.200221290630729 ], [ 16.613213533970718, 46.200305463607258 ], [ 16.613226077128733, 46.200482248680089 ], [ 16.613263110138398, 46.200785152016962 ], [ 16.613032353739825, 46.200667605384595 ], [ 16.612922794066559, 46.200507741168785 ], [ 16.612752956738952, 46.200398501292732 ], [ 16.612462111669267, 46.200550302774587 ], [ 16.612243675026487, 46.200500042438158 ], [ 16.612158930764082, 46.200626358117383 ], [ 16.612135000921885, 46.200710506604231 ], [ 16.611892220962048, 46.200668726960373 ], [ 16.611807024671588, 46.20050883782762 ], [ 16.61146754514488, 46.200576559316659 ], [ 16.611419254120573, 46.200660731404462 ], [ 16.611079739092965, 46.200711536798998 ], [ 16.611055983441975, 46.200947289852763 ], [ 16.610837794400723, 46.20095586911242 ], [ 16.610267171896528, 46.200712323426252 ], [ 16.609928125604711, 46.20099885492008 ], [ 16.610061509848737, 46.201024009074573 ], [ 16.609989052661877, 46.201141853816395 ], [ 16.609418845709783, 46.2010414509773 ], [ 16.60945550727843, 46.201167648377805 ], [ 16.609297449441048, 46.201049934615433 ], [ 16.609212339743348, 46.200864850961409 ], [ 16.608412019508489, 46.200966652685921 ], [ 16.608108877695905, 46.20100058975482 ], [ 16.608229896428039, 46.200865785263929 ], [ 16.608035756644288, 46.200781843881906 ], [ 16.607720583555668, 46.200891548786295 ], [ 16.607696075285322, 46.200815814381556 ], [ 16.607004887246145, 46.200866938419502 ], [ 16.607113499429516, 46.2006143717025 ], [ 16.606482970941997, 46.200673893224469 ], [ 16.606216840286184, 46.201019188292172 ], [ 16.605318768925041, 46.200691796662049 ], [ 16.604567020474683, 46.200785968960879 ], [ 16.604170457443878, 46.20109646885652 ], [ 16.603884072940055, 46.201085662737498 ], [ 16.60381073689005, 46.200950319583939 ], [ 16.603688994861624, 46.201119759758051 ], [ 16.603566459136211, 46.200798216390602 ], [ 16.603249575051187, 46.200967742742648 ], [ 16.602639412199498, 46.200765222502866 ], [ 16.602151689871405, 46.200765659340284 ], [ 16.602175642127232, 46.200545563306392 ], [ 16.601395144405537, 46.200580088159747 ], [ 16.60122764012506, 46.201227246804372 ], [ 16.615362098264875, 46.217428534872113 ], [ 16.622974143863946, 46.22217999442163 ], [ 16.647559222903801, 46.220586072837193 ], [ 16.657120347177958, 46.214613235983848 ], [ 16.663531657024496, 46.20337005099006 ], [ 16.663346841971503, 46.203395418266588 ] ] ] ] } },
{ "type": "Feature", "properties": { "fid": 161, "Rbr IJ": 3, "Naziv izborne jedinice": "III. IZBORNA JEDINICA", "Rbr.županije": 5, "Županija": "VARAŽDINSKA ŽUPANIJA", "Oznaka Gr/Op/Dr": "grad", "Grad/općina/država": "VARAŽDINSKE TOPLICE", "Rbr BM": 14, "Naziv BM": "GREŠĆEVINA", "Lokacija BM": "VATROGASNI DOM", "Adresa BM": "GREŠĆEVINA", "Ukupno birača": 133, "Glasovalo birača": 76, "Glasovalo birača (po listićima)": 76, "Važeći listići": 75, "Nevažeći listići": 1, "Latitude": 46.2264659, "Longitude": 16.4742055, "ID_u_zupaniji": 161, "ID_global": 1488, "neighbours list": [ 1692, 1481, 1489, 1695, 1494, 1690, 1482, 1486 ] }, "geometry": { "type": "MultiPolygon", "coordinates": [ [ [ [ 16.459943015572854, 46.221103474195068 ], [ 16.457163428623694, 46.23649936618029 ], [ 16.461625463012567, 46.241039848342893 ], [ 16.478967709820044, 46.241416833385081 ], [ 16.486606374772816, 46.240290208772628 ], [ 16.478352783043757, 46.218145509528838 ], [ 16.47248036844098, 46.214663551653373 ], [ 16.461043646679016, 46.21961758118757 ], [ 16.459943015572854, 46.221103474195068 ] ] ] ] } },
{ "type": "Feature", "properties": { "fid": 229, "Rbr IJ": 3, "Naziv izborne jedinice": "III. IZBORNA JEDINICA", "Rbr.županije": 5, "Županija": "VARAŽDINSKA ŽUPANIJA", "Oznaka Gr/Op/Dr": "općina", "Grad/općina/država": "JALŽABET", "Rbr BM": 7, "Naziv BM": "JAKOPOVEC", "Lokacija BM": "DRUŠTVENI DOM JAKOPOVEC", "Adresa BM": "VINOGRADSKA 9", "Ukupno birača": 372, "Glasovalo birača": 237, "Glasovalo birača (po listićima)": 237, "Važeći listići": 223, "Nevažeći listići": 14, "Latitude": 46.2561467, "Longitude": 16.4735603, "ID_u_zupaniji": 229, "ID_global": 1695, "neighbours list": [ 1692, 1691, 1488, 1694, 1689, 1690 ] }, "geometry": { "type": "MultiPolygon", "coordinates": [ [ [ [ 16.460766714959693, 46.249287495847661 ], [ 16.463579550431529, 46.254916312530405 ], [ 16.474241222506922, 46.257681628749538 ], [ 16.475971694091065, 46.257545598139799 ], [ 16.478967709820044, 46.241416833385081 ], [ 16.461625463012567, 46.241039848342893 ], [ 16.460766714959693, 46.249287495847661 ] ] ] ] } },
{ "type": "Feature", "properties": { "fid": 167, "Rbr IJ": 3, "Naziv izborne jedinice": "III. IZBORNA JEDINICA", "Rbr.županije": 5, "Županija": "VARAŽDINSKA ŽUPANIJA", "Oznaka Gr/Op/Dr": "grad", "Grad/općina/država": "VARAŽDINSKE TOPLICE", "Rbr BM": 20, "Naziv BM": "LOVRENTOVEC", "Lokacija BM": "DRUŠTVENI DOM", "Adresa BM": "LOVRENTOVEC", "Ukupno birača": 84, "Glasovalo birača": 58, "Glasovalo birača (po listićima)": 58, "Važeći listići": 56, "Nevažeći listići": 2, "Latitude": 46.2053321, "Longitude": 16.465051, "ID_u_zupaniji": 167, "ID_global": 1494, "neighbours list": [ 1489, 1479, 1488, 1485, 1482 ] }, "geometry": { "type": "MultiPolygon", "coordinates": [ [ [ [ 16.457210696616301, 46.204668992861805 ], [ 16.461043646679016, 46.21961758118757 ], [ 16.47248036844098, 46.214663551653373 ], [ 16.476965635884746, 46.198556120965264 ], [ 16.462995327986761, 46.191649715601841 ], [ 16.457210696616301, 46.204668992861805 ] ] ] ] } },
{ "type": "Feature", "properties": { "fid": 158, "Rbr IJ": 3, "Naziv izborne jedinice": "III. IZBORNA JEDINICA", "Rbr.županije": 5, "Županija": "VARAŽDINSKA ŽUPANIJA", "Oznaka Gr/Op/Dr": "grad", "Grad/općina/država": "VARAŽDINSKE TOPLICE", "Rbr BM": 11, "Naziv BM": "DRENOVEC", "Lokacija BM": "PODRUČNA ŠKOLA", "Adresa BM": "DRENOVEC", "Ukupno birača": 270, "Glasovalo birača": 135, "Glasovalo birača (po listićima)": 135, "Važeći listići": 128, "Nevažeći listići": 7, "Latitude": 46.184975, "Longitude": 16.4751148, "ID_u_zupaniji": 158, "ID_global": 1485, "neighbours list": [ 1758, 1480, 1479, 1494, 1484, 1482 ] }, "geometry": { "type": "MultiPolygon", "coordinates": [ [ [ [ 16.517639871413035, 46.169011495839882 ], [ 16.51645574859587, 46.169131607457288 ], [ 16.515666100486346, 46.168857568322906 ], [ 16.515071695366412, 46.168870604458093 ], [ 16.514414936146419, 46.168639006693361 ], [ 16.514135171511676, 46.168467191715408 ], [ 16.513704588114024, 46.168482179792534 ], [ 16.51344639077675, 46.168586849956291 ], [ 16.512865202750358, 46.168624255956964 ], [ 16.512187119644295, 46.168534716376151 ], [ 16.51201500919213, 46.168512241150687 ], [ 16.511444426047305, 46.168482428402257 ], [ 16.510917094990649, 46.168445140859873 ], [ 16.510357360241997, 46.168250849579458 ], [ 16.510045224572437, 46.168019194942524 ], [ 16.509819177323575, 46.167615772117308 ], [ 16.508549176488067, 46.167518612479405 ], [ 16.50764502383775, 46.167518676520615 ], [ 16.507342809739807, 46.167769993128964 ], [ 16.506923784101811, 46.168014658001717 ], [ 16.505742672837489, 46.168471160427352 ], [ 16.505256798053722, 46.168563766818757 ], [ 16.50444718254121, 46.168801871787764 ], [ 16.503942413501534, 46.169145860030874 ], [ 16.503656607245425, 46.169198774104707 ], [ 16.503275481285115, 46.169152539144321 ], [ 16.502561138764207, 46.168887944526084 ], [ 16.502008549150606, 46.168630000763578 ], [ 16.501360776090262, 46.168114100660532 ], [ 16.501122755480019, 46.168048062488815 ], [ 16.500436799062822, 46.16795539416939 ], [ 16.499281285477828, 46.167711473806499 ], [ 16.496496738171064, 46.166914434503688 ], [ 16.496146066986196, 46.166848022553147 ], [ 16.495667836783777, 46.166862761134148 ], [ 16.494998247795312, 46.166471617663618 ], [ 16.49433935954897, 46.166633989659402 ], [ 16.493935596384773, 46.166596989718606 ], [ 16.493669753979226, 46.166493685375293 ], [ 16.49281948910453, 46.166486257277981 ], [ 16.492425057952932, 46.166403635865258 ], [ 16.492058187221424, 46.16648197815492 ], [ 16.491879477071127, 46.166527762268501 ], [ 16.491616094484929, 46.166455854182459 ], [ 16.491192818558492, 46.166181582178545 ], [ 16.49080722413213, 46.165939882152557 ], [ 16.490497010597199, 46.165626387996902 ], [ 16.490393559157372, 46.165548012150396 ], [ 16.490515865675764, 46.165169232552216 ], [ 16.490553588146096, 46.164934044079779 ], [ 16.490036447664053, 46.16466290901019 ], [ 16.489782006362873, 46.164617359788508 ], [ 16.489474241395282, 46.164434954891703 ], [ 16.489104961141699, 46.164301039216099 ], [ 16.488813622259791, 46.164232630957123 ], [ 16.488177710565367, 46.16416985519173 ], [ 16.487213469341999, 46.163870588361753 ], [ 16.487028818545831, 46.163867778369713 ], [ 16.486778502491692, 46.163924703140005 ], [ 16.485632014679485, 46.163887045696413 ], [ 16.485464725143927, 46.163847436053906 ], [ 16.484996072578785, 46.163487750011775 ], [ 16.484824952239272, 46.163258384059752 ], [ 16.484629237859917, 46.163003551934629 ], [ 16.484568102098244, 46.162604329649263 ], [ 16.484544832940909, 46.16246738627337 ], [ 16.484718261488325, 46.162297448940983 ], [ 16.485573956588954, 46.16208504182999 ], [ 16.48614513023276, 46.162022490662004 ], [ 16.486445736125297, 46.161730291531264 ], [ 16.486385613557413, 46.161375427376633 ], [ 16.486716419252215, 46.160937113487179 ], [ 16.486656564839883, 46.160540591539842 ], [ 16.487167465562607, 46.160123171107564 ], [ 16.488880963394131, 46.159058869191 ], [ 16.489602457269715, 46.158140483176616 ], [ 16.489623421406417, 46.157509767720974 ], [ 16.489818178148717, 46.157360248525144 ], [ 16.489808107462242, 46.157207111957298 ], [ 16.489618463637665, 46.157022018462378 ], [ 16.489721022864913, 46.156932953510598 ], [ 16.489746539589383, 46.156876002285223 ], [ 16.489946577484996, 46.156861804166645 ], [ 16.489926157828499, 46.156658911083149 ], [ 16.489762022109268, 46.156470131120905 ], [ 16.489623636217921, 46.156366918502016 ], [ 16.489598020323498, 46.156263626056734 ], [ 16.489741654217482, 46.155993087300409 ], [ 16.489936398809959, 46.155879107583154 ], [ 16.489798025263546, 46.155715342678029 ], [ 16.489739808657909, 46.15547384730236 ], [ 16.489669127557086, 46.15542471514167 ], [ 16.489540816726812, 46.155460423145435 ], [ 16.489482811894955, 46.155473823947105 ], [ 16.489444496641529, 46.155433602045058 ], [ 16.48945720166083, 46.155344438998966 ], [ 16.489431604343658, 46.155148203370508 ], [ 16.489527937475472, 46.155103585137574 ], [ 16.489476575014276, 46.154911845847302 ], [ 16.489354651348851, 46.154728917429907 ], [ 16.489264661793776, 46.154777944841371 ], [ 16.489174811161465, 46.15477793636817 ], [ 16.489110610089948, 46.154702172167063 ], [ 16.489091376697829, 46.154412274113241 ], [ 16.488988616451227, 46.154229347116463 ], [ 16.488994976306344, 46.154149090917898 ], [ 16.489104252908707, 46.154113381705955 ], [ 16.489476818140503, 46.153636284443174 ], [ 16.489765945947529, 46.15346230095097 ], [ 16.490080610033516, 46.153101083007229 ], [ 16.490108472096694, 46.1529484894806 ], [ 16.490204169696955, 46.152812726918881 ], [ 16.490160180859764, 46.152652029529825 ], [ 16.490040714720692, 46.152496724010312 ], [ 16.489988821383509, 46.152380383055366 ], [ 16.489849161781027, 46.152216887920886 ], [ 16.489841152997041, 46.152119895199391 ], [ 16.489717396044686, 46.152075436960438 ], [ 16.489673525715371, 46.151984019383796 ], [ 16.489655184533607, 46.151758182885082 ], [ 16.489516418886645, 46.151672784877057 ], [ 16.489544232949317, 46.151094434245771 ], [ 16.489366562508341, 46.150694843076842 ], [ 16.489275576323621, 46.150576788611048 ], [ 16.489278053966594, 46.150484385482599 ], [ 16.489465307910127, 46.150179840684672 ], [ 16.489669857324792, 46.150140450710673 ], [ 16.489778114103274, 46.1499740084151 ], [ 16.489860068911053, 46.149925879586405 ], [ 16.490011278731128, 46.149899620470336 ], [ 16.490080686186769, 46.149794626772028 ], [ 16.490118379064572, 46.149676404103602 ], [ 16.490420928667884, 46.149610838755606 ], [ 16.490546909244102, 46.149492713280196 ], [ 16.490647655929195, 46.149313223279314 ], [ 16.490723407650822, 46.149190774726875 ], [ 16.490710743917564, 46.149055092780678 ], [ 16.490692001078482, 46.148888729171389 ], [ 16.490807623806369, 46.148766553715838 ], [ 16.490820457324194, 46.148660655243248 ], [ 16.490731670046941, 46.148554748573268 ], [ 16.490769629320539, 46.148378312446631 ], [ 16.491379415193922, 46.147972576874039 ], [ 16.49174786934438, 46.147743170102196 ], [ 16.491709714323736, 46.147522640805214 ], [ 16.491811496641532, 46.147293214159497 ], [ 16.491862264529903, 46.147134413474284 ], [ 16.491925837298101, 46.147046243348953 ], [ 16.491127320559883, 46.146684488200549 ], [ 16.490977296373892, 46.146641828723695 ], [ 16.489764414798046, 46.146357408322501 ], [ 16.489609890118768, 46.146295866969865 ], [ 16.461116221841372, 46.172619345899101 ], [ 16.46188142319383, 46.189809960264611 ], [ 16.462995327986761, 46.191649715601841 ], [ 16.476965635884746, 46.198556120965264 ], [ 16.501430684015368, 46.190367290529373 ], [ 16.518985721904038, 46.169092834926346 ], [ 16.517639871413035, 46.169011495839882 ] ] ] ] } },
{ "type": "Feature", "properties": { "fid": 311, "Rbr IJ": 3, "Naziv izborne jedinice": "III. IZBORNA JEDINICA", "Rbr.županije": 5, "Županija": "VARAŽDINSKA ŽUPANIJA", "Oznaka Gr/Op/Dr": "općina", "Grad/općina/država": "TRNOVEC BARTOLOVEČKI", "Rbr BM": 8, "Naziv BM": "ŠEMOVEC", "Lokacija BM": "PROSTORIJE DRUŠTVENOG DOMA", "Adresa BM": "KOPRIVNIČKA ULICA 80 A", "Ukupno birača": 702, "Glasovalo birača": 464, "Glasovalo birača (po listićima)": 464, "Važeći listići": 446, "Nevažeći listići": 18, "Latitude": 46.3018628, "Longitude": 16.4742374, "ID_u_zupaniji": 311, "ID_global": 1970, "neighbours list": [ 1968, 1691, 1693, 1971 ] }, "geometry": { "type": "MultiPolygon", "coordinates": [ [ [ [ 16.465149590675683, 46.325405090000515 ], [ 16.46578557349482, 46.325179454104934 ], [ 16.466363478075873, 46.32477736386295 ], [ 16.466635337277431, 46.324276123365003 ], [ 16.466775521329478, 46.323752081248259 ], [ 16.466665359021018, 46.322956252775626 ], [ 16.46659187431036, 46.322499536809865 ], [ 16.466499744490857, 46.321954733346509 ], [ 16.466422820538252, 46.321817504470921 ], [ 16.466345936744553, 46.321615406203925 ], [ 16.466209939488337, 46.321247203291243 ], [ 16.466131672125208, 46.320974926784984 ], [ 16.466085834491373, 46.32076042145539 ], [ 16.466086004818607, 46.32048474921946 ], [ 16.466067565600323, 46.320273670899311 ], [ 16.466055197868144, 46.32011423794377 ], [ 16.46608633751654, 46.31994627061308 ], [ 16.466229598717405, 46.319687825222211 ], [ 16.466307249150272, 46.319482083561596 ], [ 16.466476104108622, 46.319199802959687 ], [ 16.466694319791142, 46.31867416384091 ], [ 16.466919443619886, 46.318313983680156 ], [ 16.467390654365825, 46.317919864303114 ], [ 16.468192021412964, 46.317608968868008 ], [ 16.468779382472182, 46.317760372704207 ], [ 16.469323138733465, 46.31787199446326 ], [ 16.469911699746955, 46.31797714749095 ], [ 16.470437807318408, 46.318076163301825 ], [ 16.470892637588705, 46.318156534486207 ], [ 16.471320592870224, 46.318230779066894 ], [ 16.471784236660881, 46.318348217133227 ], [ 16.472381758049838, 46.318471893758442 ], [ 16.473068325324892, 46.318669724703049 ], [ 16.473523167319826, 46.318743967362863 ], [ 16.473826335055403, 46.318830499676743 ], [ 16.47428106983082, 46.318861463051661 ], [ 16.474936462709373, 46.318820851541794 ], [ 16.475975507775185, 46.31863330425363 ], [ 16.476686937590944, 46.318418419855568 ], [ 16.477548117891626, 46.317798239305297 ], [ 16.47842417088566, 46.318933307305727 ], [ 16.479190194428782, 46.318900609719869 ], [ 16.480196368764744, 46.319085949544622 ], [ 16.480712304900223, 46.319020088702047 ], [ 16.480961575895847, 46.31878944380874 ], [ 16.480825691768988, 46.317836713854682 ], [ 16.480876389669852, 46.317676843135636 ], [ 16.481028242019949, 46.317514739932029 ], [ 16.481233818706048, 46.317449004746301 ], [ 16.481657655674805, 46.317438097006772 ], [ 16.482182747657326, 46.317514925655182 ], [ 16.482438060515964, 46.317434620673012 ], [ 16.482635514698426, 46.317178952039782 ], [ 16.482877477996841, 46.317011371757843 ], [ 16.48315124757822, 46.316861250107834 ], [ 16.483298804373955, 46.316704271604486 ], [ 16.483280799351565, 46.31655977484801 ], [ 16.482964367161689, 46.316111310484928 ], [ 16.482935702584022, 46.316009098649857 ], [ 16.482942875923932, 46.315906982128851 ], [ 16.48296082268455, 46.315817283271372 ], [ 16.48299695797262, 46.315695197393751 ], [ 16.483126457289938, 46.315558190056592 ], [ 16.483238025772323, 46.315458608067338 ], [ 16.48348253663649, 46.315423734724874 ], [ 16.48375170592411, 46.315429441492022 ], [ 16.484020207810133, 46.315497767664127 ], [ 16.484169765865637, 46.315583981118813 ], [ 16.484332814940245, 46.315717521208676 ], [ 16.48469874241826, 46.316114524784233 ], [ 16.484781029990266, 46.316244004671866 ], [ 16.484800219674998, 46.316344505323627 ], [ 16.485062618295963, 46.316435501027996 ], [ 16.485399298642726, 46.316498704463775 ], [ 16.485678844207008, 46.31656990722378 ], [ 16.486064846837003, 46.31671921752811 ], [ 16.486320374345958, 46.316782048444125 ], [ 16.487969522727354, 46.317091465653441 ], [ 16.488154211410055, 46.316897236619241 ], [ 16.489581535726835, 46.316120202302137 ], [ 16.489790404556906, 46.31362954113002 ], [ 16.490092834741422, 46.313471667779041 ], [ 16.490813863379614, 46.313358993705812 ], [ 16.491316341261435, 46.313407347657858 ], [ 16.492262976044326, 46.313679849283474 ], [ 16.494044074195656, 46.31316639868627 ], [ 16.494657348049348, 46.313057167516511 ], [ 16.479437381089316, 46.281378022300089 ], [ 16.470521721002005, 46.281062498817413 ], [ 16.463057820568071, 46.284121384442976 ], [ 16.465095798192944, 46.325410787780797 ], [ 16.465149590675683, 46.325405090000515 ] ] ] ] } },
{ "type": "Feature", "properties": { "fid": 228, "Rbr IJ": 3, "Naziv izborne jedinice": "III. IZBORNA JEDINICA", "Rbr.županije": 5, "Županija": "VARAŽDINSKA ŽUPANIJA", "Oznaka Gr/Op/Dr": "općina", "Grad/općina/država": "JALŽABET", "Rbr BM": 6, "Naziv BM": "KAŠTELANEC", "Lokacija BM": "DRUŠTVENI DOM KAŠTELANEC", "Adresa BM": "PARTIZANSKA 1", "Ukupno birača": 327, "Glasovalo birača": 195, "Glasovalo birača (po listićima)": 195, "Važeći listići": 189, "Nevažeći listići": 6, "Latitude": 46.2593041, "Longitude": 16.4738085, "ID_u_zupaniji": 228, "ID_global": 1694, "neighbours list": [ 1691, 1695, 1689, 1690, 1693 ] }, "geometry": { "type": "MultiPolygon", "coordinates": [ [ [ [ 16.474241222506922, 46.257681628749538 ], [ 16.467822020420499, 46.267209738513053 ], [ 16.468426514569849, 46.269335536504578 ], [ 16.476129156626968, 46.257897766636567 ], [ 16.475971694091065, 46.257545598139799 ], [ 16.474241222506922, 46.257681628749538 ] ] ] ] } },
{ "type": "Feature", "properties": { "fid": 223, "Rbr IJ": 3, "Naziv izborne jedinice": "III. IZBORNA JEDINICA", "Rbr.županije": 5, "Županija": "VARAŽDINSKA ŽUPANIJA", "Oznaka Gr/Op/Dr": "općina", "Grad/općina/država": "JALŽABET", "Rbr BM": 1, "Naziv BM": "JALŽABET", "Lokacija BM": "DOM KULTURE JALŽABET", "Adresa BM": "TRG BRAĆE RADIĆ 7", "Ukupno birača": 594, "Glasovalo birača": 406, "Glasovalo birača (po listićima)": 406, "Važeći listići": 393, "Nevažeći listići": 13, "Latitude": 46.2586921, "Longitude": 16.4729001, "ID_u_zupaniji": 223, "ID_global": 1689, "neighbours list": [ 1691, 1695, 1694 ] }, "geometry": { "type": "MultiPolygon", "coordinates": [ [ [ [ 16.467822020420499, 46.267209738513053 ], [ 16.474241222506922, 46.257681628749538 ], [ 16.463579550431529, 46.254916312530405 ], [ 16.467822020420499, 46.267209738513053 ] ] ] ] } },
{ "type": "Feature", "properties": { "fid": 224, "Rbr IJ": 3, "Naziv izborne jedinice": "III. IZBORNA JEDINICA", "Rbr.županije": 5, "Županija": "VARAŽDINSKA ŽUPANIJA", "Oznaka Gr/Op/Dr": "općina", "Grad/općina/država": "JALŽABET", "Rbr BM": 2, "Naziv BM": "NOVAKOVEC", "Lokacija BM": "DRUŠTVENI DOM NOVAKOVEC", "Adresa BM": "LUDBREŠKA 23", "Ukupno birača": 336, "Glasovalo birača": 228, "Glasovalo birača (po listićima)": 228, "Važeći listići": 216, "Nevažeći listići": 12, "Latitude": 46.257106, "Longitude": 16.4787246, "ID_u_zupaniji": 224, "ID_global": 1690, "neighbours list": [ 1488, 1695, 1694, 1693, 1487, 1971, 1486, 1800 ] }, "geometry": { "type": "MultiPolygon", "coordinates": [ [ [ [ 16.476129156626968, 46.257897766636567 ], [ 16.491921946746384, 46.271666691751207 ], [ 16.495708110764085, 46.269378238068185 ], [ 16.501764605642808, 46.245465345376445 ], [ 16.497002604655133, 46.242702241522238 ], [ 16.486606374772816, 46.240290208772628 ], [ 16.478967709820044, 46.241416833385081 ], [ 16.475971694091065, 46.257545598139799 ], [ 16.476129156626968, 46.257897766636567 ] ] ] ] } },
{ "type": "Feature", "properties": { "fid": 227, "Rbr IJ": 3, "Naziv izborne jedinice": "III. IZBORNA JEDINICA", "Rbr.županije": 5, "Županija": "VARAŽDINSKA ŽUPANIJA", "Oznaka Gr/Op/Dr": "općina", "Grad/općina/država": "JALŽABET", "Rbr BM": 5, "Naziv BM": "KELEMEN", "Lokacija BM": "DRUŠTVENI DOM KELEMEN", "Adresa BM": "VARAŽDINSKA 51", "Ukupno birača": 395, "Glasovalo birača": 242, "Glasovalo birača (po listićima)": 242, "Važeći listići": 234, "Nevažeći listići": 8, "Latitude": 46.2605769, "Longitude": 16.4756985, "ID_u_zupaniji": 227, "ID_global": 1693, "neighbours list": [ 1691, 1970, 1694, 1690, 1971 ] }, "geometry": { "type": "MultiPolygon", "coordinates": [ [ [ [ 16.468426514569849, 46.269335536504578 ], [ 16.470521721002005, 46.281062498817413 ], [ 16.479437381089316, 46.281378022300089 ], [ 16.491921946746384, 46.271666691751207 ], [ 16.476129156626968, 46.257897766636567 ], [ 16.468426514569849, 46.269335536504578 ] ] ] ] } },
{ "type": "Feature", "properties": { "fid": 160, "Rbr IJ": 3, "Naziv izborne jedinice": "III. IZBORNA JEDINICA", "Rbr.županije": 5, "Županija": "VARAŽDINSKA ŽUPANIJA", "Oznaka Gr/Op/Dr": "grad", "Grad/općina/država": "VARAŽDINSKE TOPLICE", "Rbr BM": 13, "Naziv BM": "DONJA POLJANA", "Lokacija BM": "VATROGASNI DOM", "Adresa BM": "DONJA POLJANA", "Ukupno birača": 318, "Glasovalo birača": 212, "Glasovalo birača (po listićima)": 212, "Važeći listići": 206, "Nevažeći listići": 6, "Latitude": 46.2196858, "Longitude": 16.5004373, "ID_u_zupaniji": 160, "ID_global": 1487, "neighbours list": [ 1690, 1484, 1482, 1486, 1800, 1795 ] }, "geometry": { "type": "MultiPolygon", "coordinates": [ [ [ [ 16.501764605642808, 46.245465345376445 ], [ 16.508685740259779, 46.243101272660347 ], [ 16.513659273583183, 46.236420050924821 ], [ 16.499619932527676, 46.201255316212595 ], [ 16.492669944944218, 46.213967088964026 ], [ 16.497002604655133, 46.242702241522238 ], [ 16.501764605642808, 46.245465345376445 ] ] ] ] } },
{ "type": "Feature", "properties": { "fid": 157, "Rbr IJ": 3, "Naziv izborne jedinice": "III. IZBORNA JEDINICA", "Rbr.županije": 5, "Županija": "VARAŽDINSKA ŽUPANIJA", "Oznaka Gr/Op/Dr": "grad", "Grad/općina/država": "VARAŽDINSKE TOPLICE", "Rbr BM": 10, "Naziv BM": "LESKOVEC TOPLIČKI", "Lokacija BM": "VATROGASNI DOM", "Adresa BM": "LESKOVEC TOPLIČKI", "Ukupno birača": 390, "Glasovalo birača": 244, "Glasovalo birača (po listićima)": 244, "Važeći listići": 230, "Nevažeći listići": 14, "Latitude": 46.215181, "Longitude": 16.5117206, "ID_u_zupaniji": 157, "ID_global": 1484, "neighbours list": [ 1796, 1485, 1487, 1482, 1795 ] }, "geometry": { "type": "MultiPolygon", "coordinates": [ [ [ [ 16.54738800490269, 46.183826104316644 ], [ 16.546152758758328, 46.183836416793049 ], [ 16.545465012324534, 46.183787926721372 ], [ 16.544776837051923, 46.183369281535832 ], [ 16.544678460223878, 46.183135478782567 ], [ 16.544355468524213, 46.183057597492144 ], [ 16.543383503605465, 46.182968266848839 ], [ 16.542752716533531, 46.182856847311413 ], [ 16.542245533168195, 46.182779748579016 ], [ 16.541367322921015, 46.182642770095306 ], [ 16.541231242578927, 46.182548436996484 ], [ 16.539809020764661, 46.182617590918689 ], [ 16.539129061845422, 46.182926884826877 ], [ 16.538102725872459, 46.183244838132303 ], [ 16.537694733115828, 46.183305075715289 ], [ 16.537472062980257, 46.18330514891943 ], [ 16.536973264164587, 46.183557147271806 ], [ 16.536533420145389, 46.183644563012294 ], [ 16.536135328990881, 46.183601052371429 ], [ 16.535716197230553, 46.18347027258536 ], [ 16.535569554174817, 46.183455832565805 ], [ 16.534249893131584, 46.183732544286755 ], [ 16.533663488593646, 46.183950814316482 ], [ 16.533391197206285, 46.184154504275313 ], [ 16.533244903509488, 46.184721650044011 ], [ 16.53282032731931, 46.184369526378241 ], [ 16.532280672484568, 46.183922151695278 ], [ 16.532238679318084, 46.183660430529471 ], [ 16.532448163895879, 46.18370391845432 ], [ 16.532573822798842, 46.183500362573881 ], [ 16.532678409641807, 46.183369421222707 ], [ 16.53269934254509, 46.183282140900211 ], [ 16.532894987720137, 46.183145145036285 ], [ 16.53261578613245, 46.18305201243966 ], [ 16.532657048005735, 46.182951500206606 ], [ 16.533008568569585, 46.182893996124925 ], [ 16.533173922752837, 46.182793537778494 ], [ 16.533308183950062, 46.18268580039674 ], [ 16.533411551478306, 46.182685770232915 ], [ 16.533463156909498, 46.182556643088347 ], [ 16.533504438675415, 46.182492029983955 ], [ 16.533711168605706, 46.182484771324916 ], [ 16.533783595004596, 46.182513451509003 ], [ 16.533866295995907, 46.182398620780717 ], [ 16.533979794400409, 46.182233575593841 ], [ 16.534031420172944, 46.182140257654197 ], [ 16.534207190580265, 46.182133007309702 ], [ 16.534362231404735, 46.182118655016296 ], [ 16.534506887082753, 46.182068316222633 ], [ 16.534620534955426, 46.181939169797481 ], [ 16.534817034222904, 46.181939110120886 ], [ 16.534889303687141, 46.181924692317331 ], [ 16.534940941311003, 46.181852967614255 ], [ 16.534971974225506, 46.181766853421202 ], [ 16.534992537816862, 46.18171664187755 ], [ 16.535002850162815, 46.181637641926649 ], [ 16.534971751288357, 46.181415236775038 ], [ 16.535250727376784, 46.181364945838318 ], [ 16.535354194334012, 46.181321816544987 ], [ 16.535478126917173, 46.181278770781759 ], [ 16.535622784022333, 46.181235628454232 ], [ 16.535839829431236, 46.181163851674555 ], [ 16.535994848317031, 46.181120705626405 ], [ 16.536211972826603, 46.181170842312497 ], [ 16.5363051519256, 46.181242611673362 ], [ 16.53644973717882, 46.181091859922915 ], [ 16.536749516267886, 46.181163562863468 ], [ 16.536883982438198, 46.181185023243501 ], [ 16.537049343656342, 46.181113170856861 ], [ 16.53715264060078, 46.181012726818807 ], [ 16.537338532987551, 46.180847654706625 ], [ 16.537379823507511, 46.180804543866842 ], [ 16.537533554850501, 46.180585677738264 ], [ 16.538184778025276, 46.180146031058293 ], [ 16.539320187604702, 46.179745083719084 ], [ 16.540138674793152, 46.179046963984881 ], [ 16.539728726789431, 46.178504296364963 ], [ 16.539989028069101, 46.178090596862617 ], [ 16.540863866055567, 46.177974041568973 ], [ 16.542073911408202, 46.178038203693539 ], [ 16.542781412397858, 46.178102542180099 ], [ 16.543265551574695, 46.178412499057657 ], [ 16.543788696822645, 46.178413649473967 ], [ 16.543908694509188, 46.177999814747643 ], [ 16.543944272204261, 46.177785843785969 ], [ 16.543958271035393, 46.177148825058978 ], [ 16.544358976518836, 46.176466939954835 ], [ 16.544795843453549, 46.175989009490202 ], [ 16.545292945517037, 46.175532467199282 ], [ 16.545690301555481, 46.175375484972918 ], [ 16.546386122722804, 46.175293598634113 ], [ 16.547398046715546, 46.175010936142939 ], [ 16.548039100051238, 46.174659321342979 ], [ 16.548192754933432, 46.174420916384904 ], [ 16.548201406359038, 46.174094668147475 ], [ 16.548056629359401, 46.173818689812755 ], [ 16.54782548547292, 46.173262389394338 ], [ 16.547925613648939, 46.172237186997478 ], [ 16.548385870039677, 46.172069372076116 ], [ 16.549977288691867, 46.172234598961374 ], [ 16.550371384887061, 46.172093977014441 ], [ 16.550887818899007, 46.17176381464752 ], [ 16.551265782380856, 46.171549868195989 ], [ 16.551507348156314, 46.171171150141355 ], [ 16.551529142493042, 46.170795050089716 ], [ 16.551310848392955, 46.170293814564715 ], [ 16.551204762741385, 46.169991280401867 ], [ 16.551210413355705, 46.169381885596401 ], [ 16.550848718543403, 46.168824479605554 ], [ 16.550432223701858, 46.168235245885704 ], [ 16.549976436662018, 46.16757620810904 ], [ 16.549913058654187, 46.166944259841728 ], [ 16.549322191612678, 46.166392257069475 ], [ 16.548648137947925, 46.165915144838863 ], [ 16.548529852994164, 46.165703036844867 ], [ 16.548099288429103, 46.165852755308443 ], [ 16.547759333722137, 46.166113192095814 ], [ 16.547169039262563, 46.16619549330445 ], [ 16.546426105503752, 46.166475436045751 ], [ 16.545863856258123, 46.166654081064856 ], [ 16.545349943787819, 46.166721856419571 ], [ 16.544676411649476, 46.167011477381088 ], [ 16.543884785520184, 46.167156461887558 ], [ 16.542912412582719, 46.167180404167993 ], [ 16.542698465232693, 46.167156461275056 ], [ 16.541822209027508, 46.167391616817184 ], [ 16.540677256126461, 46.168355199355673 ], [ 16.540370198088791, 46.168512492394775 ], [ 16.539839616314513, 46.168663744504528 ], [ 16.539230743851267, 46.168899596387561 ], [ 16.538482723681081, 46.169238062038083 ], [ 16.537925995265322, 46.169425573471983 ], [ 16.537509262351271, 46.169623383321898 ], [ 16.536927877331081, 46.169745397074081 ], [ 16.536522160000459, 46.169768380746966 ], [ 16.535787176639683, 46.169684847627487 ], [ 16.534591607536836, 46.169685215649025 ], [ 16.534218734105774, 46.16983756346751 ], [ 16.533703293276943, 46.169807305462754 ], [ 16.533319188153587, 46.169594270225659 ], [ 16.5319810225255, 46.169343265725658 ], [ 16.530412122281639, 46.169136934155148 ], [ 16.529721019620077, 46.169223490737636 ], [ 16.528822193872752, 46.169310185675172 ], [ 16.528531775797902, 46.169415797752585 ], [ 16.527923659937404, 46.169723208303012 ], [ 16.526201348359638, 46.169883499392995 ], [ 16.524005387830627, 46.169644201547349 ], [ 16.522228910408359, 46.169421785751958 ], [ 16.520748617479924, 46.169199378941919 ], [ 16.518985721904038, 46.169092834926346 ], [ 16.501430684015368, 46.190367290529373 ], [ 16.499619932527676, 46.201255316212595 ], [ 16.513659273583183, 46.236420050924821 ], [ 16.528026298089465, 46.22567716516793 ], [ 16.548138696454242, 46.183918219897386 ], [ 16.54738800490269, 46.183826104316644 ] ] ] ] } },
{ "type": "Feature", "properties": { "fid": 155, "Rbr IJ": 3, "Naziv izborne jedinice": "III. IZBORNA JEDINICA", "Rbr.županije": 5, "Županija": "VARAŽDINSKA ŽUPANIJA", "Oznaka Gr/Op/Dr": "grad", "Grad/općina/država": "VARAŽDINSKE TOPLICE", "Rbr BM": 8, "Naziv BM": "JALŠEVEC SVIBOVEČKI", "Lokacija BM": "VATROGASNI DOM", "Adresa BM": "JALŠEVEC SVIBOVEČKI", "Ukupno birača": 238, "Glasovalo birača": 149, "Glasovalo birača (po listićima)": 149, "Važeći listići": 147, "Nevažeći listići": 2, "Latitude": 46.2105149, "Longitude": 16.4836634, "ID_u_zupaniji": 155, "ID_global": 1482, "neighbours list": [ 1488, 1494, 1485, 1487, 1484, 1486 ] }, "geometry": { "type": "MultiPolygon", "coordinates": [ [ [ [ 16.47248036844098, 46.214663551653373 ], [ 16.478352783043757, 46.218145509528838 ], [ 16.492669944944218, 46.213967088964026 ], [ 16.499619932527676, 46.201255316212595 ], [ 16.501430684015368, 46.190367290529373 ], [ 16.476965635884746, 46.198556120965264 ], [ 16.47248036844098, 46.214663551653373 ] ] ] ] } },
{ "type": "Feature", "properties": { "fid": 312, "Rbr IJ": 3, "Naziv izborne jedinice": "III. IZBORNA JEDINICA", "Rbr.županije": 5, "Županija": "VARAŽDINSKA ŽUPANIJA", "Oznaka Gr/Op/Dr": "općina", "Grad/općina/država": "TRNOVEC BARTOLOVEČKI", "Rbr BM": 9, "Naziv BM": "ZAMLAKA", "Lokacija BM": "PROSTORIJE DRUŠTVENOG DOMA", "Adresa BM": "AGRARNA ULICA 5", "Ukupno birača": 322, "Glasovalo birača": 222, "Glasovalo birača (po listićima)": 222, "Važeći listići": 215, "Nevažeći listići": 7, "Latitude": 46.29012, "Longitude": 16.4986791, "ID_u_zupaniji": 312, "ID_global": 1971, "neighbours list": [ 1970, 1690, 1693, 1802, 1800 ] }, "geometry": { "type": "MultiPolygon", "coordinates": [ [ [ [ 16.498004113376346, 46.312461069885146 ], [ 16.501489885441206, 46.311789800188045 ], [ 16.508241643975872, 46.310580205656912 ], [ 16.509265100973753, 46.310405042706243 ], [ 16.510512382414746, 46.310216624415013 ], [ 16.511530122033896, 46.310085797673814 ], [ 16.513011299191014, 46.311884799299875 ], [ 16.515011884902787, 46.310627921925843 ], [ 16.516174656847262, 46.309209901833995 ], [ 16.517723115788222, 46.308690453963663 ], [ 16.514478283467287, 46.283631261904937 ], [ 16.495708110764085, 46.269378238068185 ], [ 16.491921946746384, 46.271666691751207 ], [ 16.479437381089316, 46.281378022300089 ], [ 16.494657348049348, 46.313057167516511 ], [ 16.498004113376346, 46.312461069885146 ] ] ] ] } },
{ "type": "Feature", "properties": { "fid": 159, "Rbr IJ": 3, "Naziv izborne jedinice": "III. IZBORNA JEDINICA", "Rbr.županije": 5, "Županija": "VARAŽDINSKA ŽUPANIJA", "Oznaka Gr/Op/Dr": "grad", "Grad/općina/država": "VARAŽDINSKE TOPLICE", "Rbr BM": 12, "Naziv BM": "GORNJA POLJANA", "Lokacija BM": "PODRUČNA ŠKOLA", "Adresa BM": "GORNJA POLJANA", "Ukupno birača": 189, "Glasovalo birača": 114, "Glasovalo birača (po listićima)": 114, "Važeći listići": 110, "Nevažeći listići": 4, "Latitude": 46.2217218, "Longitude": 16.4869341, "ID_u_zupaniji": 159, "ID_global": 1486, "neighbours list": [ 1488, 1690, 1487, 1482 ] }, "geometry": { "type": "MultiPolygon", "coordinates": [ [ [ [ 16.497002604655133, 46.242702241522238 ], [ 16.492669944944218, 46.213967088964026 ], [ 16.478352783043757, 46.218145509528838 ], [ 16.486606374772816, 46.240290208772628 ], [ 16.497002604655133, 46.242702241522238 ] ] ] ] } },
{ "type": "Feature", "properties": { "fid": 257, "Rbr IJ": 3, "Naziv izborne jedinice": "III. IZBORNA JEDINICA", "Rbr.županije": 5, "Županija": "VARAŽDINSKA ŽUPANIJA", "Oznaka Gr/Op/Dr": "općina", "Grad/općina/država": "MARTIJANEC", "Rbr BM": 8, "Naziv BM": "ČIČKOVINA", "Lokacija BM": "DRUŠTVENI DOM", "Adresa BM": "ČIČKOVINA 2", "Ukupno birača": 148, "Glasovalo birača": 80, "Glasovalo birača (po listićima)": 80, "Važeći listići": 76, "Nevažeći listići": 4, "Latitude": 46.2858819, "Longitude": 16.5314091, "ID_u_zupaniji": 257, "ID_global": 1802, "neighbours list": [ 1971, 1800, 1799, 1801 ] }, "geometry": { "type": "MultiPolygon", "coordinates": [ [ [ [ 16.518095040625457, 46.308565687617254 ], [ 16.519826069696464, 46.308585554206317 ], [ 16.521626422590074, 46.309247868389747 ], [ 16.522393727676754, 46.309568469265471 ], [ 16.52320033729254, 46.309785319817138 ], [ 16.52402266499266, 46.310006480003373 ], [ 16.524716578129873, 46.310193113027168 ], [ 16.526261552933633, 46.31063848760656 ], [ 16.52789234410918, 46.311024439169373 ], [ 16.529523160177067, 46.311172572713609 ], [ 16.532269329673674, 46.310963816523582 ], [ 16.533170392470048, 46.310755544511011 ], [ 16.534286083531075, 46.310784906017965 ], [ 16.534693809200085, 46.310442531329976 ], [ 16.535152871896894, 46.310393356635117 ], [ 16.535564065149817, 46.31040618538308 ], [ 16.536261891123512, 46.310552709781504 ], [ 16.538896409138474, 46.311715085768007 ], [ 16.539110381343978, 46.311809483076111 ], [ 16.532549475548961, 46.274252964587099 ], [ 16.526082536351581, 46.274617429557019 ], [ 16.514478283467287, 46.283631261904937 ], [ 16.517723115788222, 46.308690453963663 ], [ 16.518095040625457, 46.308565687617254 ] ] ] ] } },
{ "type": "Feature", "properties": { "fid": 255, "Rbr IJ": 3, "Naziv izborne jedinice": "III. IZBORNA JEDINICA", "Rbr.županije": 5, "Županija": "VARAŽDINSKA ŽUPANIJA", "Oznaka Gr/Op/Dr": "općina", "Grad/općina/država": "MARTIJANEC", "Rbr BM": 6, "Naziv BM": "VRBANOVEC", "Lokacija BM": "DRUŠTVENI DOM", "Adresa BM": "VRBANOVEC,ULICA BRIGADE BRAĆE RADIĆ 75", "Ukupno birača": 490, "Glasovalo birača": 302, "Glasovalo birača (po listićima)": 302, "Važeći listići": 288, "Nevažeći listići": 14, "Latitude": 46.2666699, "Longitude": 16.5164858, "ID_u_zupaniji": 255, "ID_global": 1800, "neighbours list": [ 1690, 1487, 1971, 1802, 1795, 1799 ] }, "geometry": { "type": "MultiPolygon", "coordinates": [ [ [ [ 16.526082536351581, 46.274617429557019 ], [ 16.519508898164592, 46.251319755382191 ], [ 16.508685740259779, 46.243101272660347 ], [ 16.501764605642808, 46.245465345376445 ], [ 16.495708110764085, 46.269378238068185 ], [ 16.514478283467287, 46.283631261904937 ], [ 16.526082536351581, 46.274617429557019 ] ] ] ] } },
{ "type": "Feature", "properties": { "fid": 250, "Rbr IJ": 3, "Naziv izborne jedinice": "III. IZBORNA JEDINICA", "Rbr.županije": 5, "Županija": "VARAŽDINSKA ŽUPANIJA", "Oznaka Gr/Op/Dr": "općina", "Grad/općina/država": "MARTIJANEC", "Rbr BM": 1, "Naziv BM": "RIVALNO", "Lokacija BM": "DRUŠTVENI DOM", "Adresa BM": "RIVALNO 12", "Ukupno birača": 64, "Glasovalo birača": 25, "Glasovalo birača (po listićima)": 25, "Važeći listići": 25, "Nevažeći listići": 0, "Latitude": 46.2442854, "Longitude": 16.5334833, "ID_u_zupaniji": 250, "ID_global": 1795, "neighbours list": [ 1796, 1487, 1484, 1800, 1799, 1798, 1797 ] }, "geometry": { "type": "MultiPolygon", "coordinates": [ [ [ [ 16.519508898164592, 46.251319755382191 ], [ 16.536410750694536, 46.254395206272953 ], [ 16.549037749690473, 46.250292789921247 ], [ 16.550269739233844, 46.248839936119253 ], [ 16.528026298089465, 46.22567716516793 ], [ 16.513659273583183, 46.236420050924821 ], [ 16.508685740259779, 46.243101272660347 ], [ 16.519508898164592, 46.251319755382191 ] ] ] ] } },
{ "type": "Feature", "properties": { "fid": 254, "Rbr IJ": 3, "Naziv izborne jedinice": "III. IZBORNA JEDINICA", "Rbr.županije": 5, "Županija": "VARAŽDINSKA ŽUPANIJA", "Oznaka Gr/Op/Dr": "općina", "Grad/općina/država": "MARTIJANEC", "Rbr BM": 5, "Naziv BM": "SUDOVČINA", "Lokacija BM": "DRUŠTVENI DOM", "Adresa BM": "SUDOVČINA,PLITVIČKA 2", "Ukupno birača": 267, "Glasovalo birača": 181, "Glasovalo birača (po listićima)": 181, "Važeći listići": 178, "Nevažeći listići": 3, "Latitude": 46.2628258, "Longitude": 16.5301097, "ID_u_zupaniji": 254, "ID_global": 1799, "neighbours list": [ 1802, 1800, 1795, 1801, 1798 ] }, "geometry": { "type": "MultiPolygon", "coordinates": [ [ [ [ 16.526082536351581, 46.274617429557019 ], [ 16.532549475548961, 46.274252964587099 ], [ 16.533504179492038, 46.273929153047568 ], [ 16.536410750694536, 46.254395206272953 ], [ 16.519508898164592, 46.251319755382191 ], [ 16.526082536351581, 46.274617429557019 ] ] ] ] } },
{ "type": "Feature", "properties": { "fid": 256, "Rbr IJ": 3, "Naziv izborne jedinice": "III. IZBORNA JEDINICA", "Rbr.županije": 5, "Županija": "VARAŽDINSKA ŽUPANIJA", "Oznaka Gr/Op/Dr": "općina", "Grad/općina/država": "MARTIJANEC", "Rbr BM": 7, "Naziv BM": "HRASTOVLJAN", "Lokacija BM": "DRUŠTVENI DOM", "Adresa BM": "HRASTOVLJAN 84", "Ukupno birača": 307, "Glasovalo birača": 183, "Glasovalo birača (po listićima)": 183, "Važeći listići": 172, "Nevažeći listići": 11, "Latitude": 46.2848065, "Longitude": 16.537565, "ID_u_zupaniji": 256, "ID_global": 1801, "neighbours list": [ 1802, 1799, 1798, 1803 ] }, "geometry": { "type": "MultiPolygon", "coordinates": [ [ [ [ 16.541205421769686, 46.312733744131862 ], [ 16.539888508176219, 46.314233585928541 ], [ 16.544215432852219, 46.31733007154083 ], [ 16.548798024575444, 46.322042168624229 ], [ 16.548910845253769, 46.322217112061132 ], [ 16.540853130936828, 46.274795954837323 ], [ 16.533504179492038, 46.273929153047568 ], [ 16.532549475548961, 46.274252964587099 ], [ 16.539110381343978, 46.311809483076111 ], [ 16.541205421769686, 46.312733744131862 ] ] ] ] } },
{ "type": "Feature", "properties": { "fid": 253, "Rbr IJ": 3, "Naziv izborne jedinice": "III. IZBORNA JEDINICA", "Rbr.županije": 5, "Županija": "VARAŽDINSKA ŽUPANIJA", "Oznaka Gr/Op/Dr": "općina", "Grad/općina/država": "MARTIJANEC", "Rbr BM": 4, "Naziv BM": "MARTIJANEC", "Lokacija BM": "DRUŠTVENI DOM", "Adresa BM": "MARTIJANEC,VARAŽDINSKA 88", "Ukupno birača": 304, "Glasovalo birača": 194, "Glasovalo birača (po listićima)": 194, "Važeći listići": 188, "Nevažeći listići": 6, "Latitude": 46.2642951, "Longitude": 16.5399843, "ID_u_zupaniji": 253, "ID_global": 1798, "neighbours list": [ 1795, 1799, 1801, 1797, 1803 ] }, "geometry": { "type": "MultiPolygon", "coordinates": [ [ [ [ 16.533504179492038, 46.273929153047568 ], [ 16.540853130936828, 46.274795954837323 ], [ 16.548594091278783, 46.271808933540484 ], [ 16.549037749690473, 46.250292789921247 ], [ 16.536410750694536, 46.254395206272953 ], [ 16.533504179492038, 46.273929153047568 ] ] ] ] } },
{ "type": "Feature", "properties": { "fid": 252, "Rbr IJ": 3, "Naziv izborne jedinice": "III. IZBORNA JEDINICA", "Rbr.županije": 5, "Županija": "VARAŽDINSKA ŽUPANIJA", "Oznaka Gr/Op/Dr": "općina", "Grad/općina/država": "MARTIJANEC", "Rbr BM": 3, "Naziv BM": "KRIŽOVLJAN", "Lokacija BM": "DRUŠTVENI DOM", "Adresa BM": "KRIŽOVLJAN 20", "Ukupno birača": 197, "Glasovalo birača": 111, "Glasovalo birača (po listićima)": 111, "Važeći listići": 103, "Nevažeći listići": 8, "Latitude": 46.2646564, "Longitude": 16.5575063, "ID_u_zupaniji": 252, "ID_global": 1797, "neighbours list": [ 1796, 1795, 1798, 1803, 1349, 1911, 1913 ] }, "geometry": { "type": "MultiPolygon", "coordinates": [ [ [ [ 16.548594091278783, 46.271808933540484 ], [ 16.565769376275224, 46.281317433164695 ], [ 16.577453511735126, 46.265796614735891 ], [ 16.58108323440204, 46.259329784840013 ], [ 16.572221221197314, 46.241399935310618 ], [ 16.550269739233844, 46.248839936119253 ], [ 16.549037749690473, 46.250292789921247 ], [ 16.548594091278783, 46.271808933540484 ] ] ] ] } },
{ "type": "Feature", "properties": { "fid": 258, "Rbr IJ": 3, "Naziv izborne jedinice": "III. IZBORNA JEDINICA", "Rbr.županije": 5, "Županija": "VARAŽDINSKA ŽUPANIJA", "Oznaka Gr/Op/Dr": "općina", "Grad/općina/država": "MARTIJANEC", "Rbr BM": 9, "Naziv BM": "MADARAŠEVEC", "Lokacija BM": "DRUŠTVENI DOM", "Adresa BM": "MADARAŠEVEC 14 A", "Ukupno birača": 149, "Glasovalo birača": 85, "Glasovalo birača (po listićima)": 85, "Važeći listići": 85, "Nevažeći listići": 0, "Latitude": 46.2831586, "Longitude": 16.5472632, "ID_u_zupaniji": 258, "ID_global": 1803, "neighbours list": [ 1910, 1801, 1798, 1797, 1911 ] }, "geometry": { "type": "MultiPolygon", "coordinates": [ [ [ [ 16.551194193293316, 46.325757746274768 ], [ 16.551520201951579, 46.325989885995774 ], [ 16.565532282594809, 46.287166125357821 ], [ 16.565769376275224, 46.281317433164695 ], [ 16.548594091278783, 46.271808933540484 ], [ 16.540853130936828, 46.274795954837323 ], [ 16.548910845253769, 46.322217112061132 ], [ 16.551194193293316, 46.325757746274768 ] ] ] ] } },
{ "type": "Feature", "properties": { "fid": 60, "Rbr IJ": 3, "Naziv izborne jedinice": "III. IZBORNA JEDINICA", "Rbr.županije": 5, "Županija": "VARAŽDINSKA ŽUPANIJA", "Oznaka Gr/Op/Dr": "grad", "Grad/općina/država": "LUDBREG", "Rbr BM": 8, "Naziv BM": "KUĆAN LUDBREŠKI", "Lokacija BM": "DRUŠTVENI DOM", "Adresa BM": "KUĆAN LUDBREŠKI 2D", "Ukupno birača": 139, "Glasovalo birača": 84, "Glasovalo birača (po listićima)": 84, "Važeći listići": 81, "Nevažeći listići": 3, "Latitude": 46.2438343, "Longitude": 16.5996341, "ID_u_zupaniji": 60, "ID_global": 1349, "neighbours list": [ 1796, 1354, 1797, 1913, 1915, 1350, 1343, 1355 ] }, "geometry": { "type": "MultiPolygon", "coordinates": [ [ [ [ 16.601042090176737, 46.20194412551772 ], [ 16.600552813316266, 46.202731822824013 ], [ 16.601352546249988, 46.204050484084952 ], [ 16.601630049643681, 46.2048588270072 ], [ 16.601785274460799, 46.205901298350284 ], [ 16.601796485224845, 46.206077455874699 ], [ 16.600607969577979, 46.206966363330864 ], [ 16.600026538275404, 46.207060085733417 ], [ 16.599122846576652, 46.207172619514985 ], [ 16.598210161975246, 46.207185823496779 ], [ 16.596876234859565, 46.206789640088587 ], [ 16.595125241958492, 46.207630560115511 ], [ 16.593025517034139, 46.207431377863415 ], [ 16.592731717457923, 46.20726795535834 ], [ 16.59233324728849, 46.206894529318944 ], [ 16.592148566020782, 46.206730387307076 ], [ 16.591937627177256, 46.206517320701046 ], [ 16.591779451855889, 46.206315817892275 ], [ 16.591634232468333, 46.206111875197671 ], [ 16.591357272392706, 46.20585936216623 ], [ 16.59107619936719, 46.205704202725578 ], [ 16.590456741562168, 46.205527897210636 ], [ 16.589625477108047, 46.205231190490558 ], [ 16.588858414178741, 46.204803336866831 ], [ 16.588073385832008, 46.204559487126666 ], [ 16.587554001698283, 46.204390826406545 ], [ 16.586729940021328, 46.2040390294489 ], [ 16.58535476247949, 46.203261436143613 ], [ 16.584171610586498, 46.202705379041348 ], [ 16.583705160149904, 46.202645529419883 ], [ 16.582305966127489, 46.202654013096172 ], [ 16.581796354555792, 46.202759737513752 ], [ 16.58137337123738, 46.202737546058266 ], [ 16.581112756521335, 46.202542039463047 ], [ 16.581009948377581, 46.202251882065767 ], [ 16.572221221197314, 46.241399935310618 ], [ 16.58108323440204, 46.259329784840013 ], [ 16.58785335294019, 46.261237142104804 ], [ 16.591761888782489, 46.260967059329531 ], [ 16.603233439257842, 46.250619206861359 ], [ 16.609760312348978, 46.240142371412233 ], [ 16.615362098264875, 46.217428534872113 ], [ 16.60122764012506, 46.201227246804372 ], [ 16.601042090176737, 46.20194412551772 ] ] ] ] } },
{ "type": "Feature", "properties": { "fid": 288, "Rbr IJ": 3, "Naziv izborne jedinice": "III. IZBORNA JEDINICA", "Rbr.županije": 5, "Županija": "VARAŽDINSKA ŽUPANIJA", "Oznaka Gr/Op/Dr": "općina", "Grad/općina/država": "SVETI ĐURĐ", "Rbr BM": 3, "Naziv BM": "KOMARNICA LUDBREŠKA", "Lokacija BM": "DRUŠTVENI DOM", "Adresa BM": "KOMARNICA LUDBREŠKA 61A", "Ukupno birača": 121, "Glasovalo birača": 84, "Glasovalo birača (po listićima)": 84, "Važeći listići": 83, "Nevažeći listići": 1, "Latitude": 46.2846505, "Longitude": 16.5840658, "ID_u_zupaniji": 288, "ID_global": 1911, "neighbours list": [ 1910, 1797, 1803, 1913 ] }, "geometry": { "type": "MultiPolygon", "coordinates": [ [ [ [ 16.565769376275224, 46.281317433164695 ], [ 16.565532282594809, 46.287166125357821 ], [ 16.590537975364541, 46.291482734423958 ], [ 16.577453511735126, 46.265796614735891 ], [ 16.565769376275224, 46.281317433164695 ] ] ] ] } },
{ "type": "Feature", "properties": { "fid": 290, "Rbr IJ": 3, "Naziv izborne jedinice": "III. IZBORNA JEDINICA", "Rbr.županije": 5, "Županija": "VARAŽDINSKA ŽUPANIJA", "Oznaka Gr/Op/Dr": "općina", "Grad/općina/država": "SVETI ĐURĐ", "Rbr BM": 5, "Naziv BM": "LUKA LUDBREŠKA", "Lokacija BM": "DRUŠTVENI DOM", "Adresa BM": "LUKA LUDBREŠKA 74", "Ukupno birača": 176, "Glasovalo birača": 100, "Glasovalo birača (po listićima)": 100, "Važeći listići": 99, "Nevažeći listići": 1, "Latitude": 46.2822304, "Longitude": 16.5888167, "ID_u_zupaniji": 290, "ID_global": 1913, "neighbours list": [ 1910, 1797, 1349, 1911, 1914, 1915 ] }, "geometry": { "type": "MultiPolygon", "coordinates": [ [ [ [ 16.596502811978077, 46.282311530870693 ], [ 16.58785335294019, 46.261237142104804 ], [ 16.58108323440204, 46.259329784840013 ], [ 16.577453511735126, 46.265796614735891 ], [ 16.590537975364541, 46.291482734423958 ], [ 16.59523110303935, 46.29379710076654 ], [ 16.596502811978077, 46.282311530870693 ] ] ] ] } },
{ "type": "Feature", "properties": { "fid": 291, "Rbr IJ": 3, "Naziv izborne jedinice": "III. IZBORNA JEDINICA", "Rbr.županije": 5, "Županija": "VARAŽDINSKA ŽUPANIJA", "Oznaka Gr/Op/Dr": "općina", "Grad/općina/država": "SVETI ĐURĐ", "Rbr BM": 6, "Naziv BM": "KARLOVEC LUDBREŠKI", "Lokacija BM": "DRUŠTVENI DOM", "Adresa BM": "LUG 1", "Ukupno birača": 366, "Glasovalo birača": 196, "Glasovalo birača (po listićima)": 196, "Važeći listići": 180, "Nevažeći listići": 16, "Latitude": 46.2839138, "Longitude": 16.6040205, "ID_u_zupaniji": 291, "ID_global": 1914, "neighbours list": [ 1910, 1918, 1913, 1915, 1909, 1912 ] }, "geometry": { "type": "MultiPolygon", "coordinates": [ [ [ [ 16.605034304629537, 46.309706682409399 ], [ 16.606199558944564, 46.309240273203173 ], [ 16.607601634778351, 46.308855773508739 ], [ 16.608174571030482, 46.308786764556302 ], [ 16.60872745247741, 46.308622132026663 ], [ 16.609676220865314, 46.308607370298617 ], [ 16.610308319370372, 46.308456329787155 ], [ 16.610663965564122, 46.308606418604299 ], [ 16.61177148855133, 46.308961268874448 ], [ 16.612207389708512, 46.309371382179414 ], [ 16.612938724633185, 46.309493923200932 ], [ 16.613591176415458, 46.309766970369978 ], [ 16.61465863041829, 46.309752229281521 ], [ 16.615370326421889, 46.310038882539672 ], [ 16.616674746007607, 46.310092261667975 ], [ 16.617900858835213, 46.310378373098658 ], [ 16.61910748854266, 46.310894368940197 ], [ 16.62023811435008, 46.311258829926615 ], [ 16.621269836653219, 46.311572370794451 ], [ 16.622474048823083, 46.311851708478294 ], [ 16.622910746060466, 46.311953159458646 ], [ 16.623792503297402, 46.30834737806768 ], [ 16.604275058739113, 46.283888623797033 ], [ 16.601762180381144, 46.280743539387046 ], [ 16.596502811978077, 46.282311530870693 ], [ 16.59523110303935, 46.29379710076654 ], [ 16.604097112331182, 46.310179955422214 ], [ 16.605034304629537, 46.309706682409399 ] ] ] ] } },
{ "type": "Feature", "properties": { "fid": 292, "Rbr IJ": 3, "Naziv izborne jedinice": "III. IZBORNA JEDINICA", "Rbr.županije": 5, "Županija": "VARAŽDINSKA ŽUPANIJA", "Oznaka Gr/Op/Dr": "općina", "Grad/općina/država": "SVETI ĐURĐ", "Rbr BM": 7, "Naziv BM": "PRILES", "Lokacija BM": "DRUŠTVENI DOM", "Adresa BM": "PRILES 45B", "Ukupno birača": 181, "Glasovalo birača": 137, "Glasovalo birača (po listićima)": 137, "Važeći listići": 134, "Nevažeći listići": 3, "Latitude": 46.2768542, "Longitude": 16.6019158, "ID_u_zupaniji": 292, "ID_global": 1915, "neighbours list": [ 1349, 1913, 1914, 1909, 1912, 1916, 1355 ] }, "geometry": { "type": "MultiPolygon", "coordinates": [ [ [ [ 16.58785335294019, 46.261237142104804 ], [ 16.596502811978077, 46.282311530870693 ], [ 16.601762180381144, 46.280743539387046 ], [ 16.605807912814718, 46.279290061297921 ], [ 16.606911518958636, 46.278893534593223 ], [ 16.594437099728029, 46.261904809236249 ], [ 16.591761888782489, 46.260967059329531 ], [ 16.58785335294019, 46.261237142104804 ] ] ] ] } },
{ "type": "Feature", "properties": { "fid": 61, "Rbr IJ": 3, "Naziv izborne jedinice": "III. IZBORNA JEDINICA", "Rbr.županije": 5, "Županija": "VARAŽDINSKA ŽUPANIJA", "Oznaka Gr/Op/Dr": "grad", "Grad/općina/država": "LUDBREG", "Rbr BM": 9, "Naziv BM": "HRASTOVSKO", "Lokacija BM": "DRUŠTVENI DOM, HRASTOVSKO", "Adresa BM": "KALNIČKA ULICA 3", "Ukupno birača": 571, "Glasovalo birača": 377, "Glasovalo birača (po listićima)": 377, "Važeći listići": 365, "Nevažeći listići": 12, "Latitude": 46.2481193, "Longitude": 16.6170087, "ID_u_zupaniji": 61, "ID_global": 1350, "neighbours list": [ 1354, 1349, 1343, 1342, 1344, 1351 ] }, "geometry": { "type": "MultiPolygon", "coordinates": [ [ [ [ 16.614326329559631, 46.250305834423834 ], [ 16.617072771525329, 46.250961651350565 ], [ 16.629331712545021, 46.237355579114933 ], [ 16.622974143863946, 46.22217999442163 ], [ 16.615362098264875, 46.217428534872113 ], [ 16.609760312348978, 46.240142371412233 ], [ 16.614326329559631, 46.250305834423834 ] ] ] ] } },
{ "type": "Feature", "properties": { "fid": 54, "Rbr IJ": 3, "Naziv izborne jedinice": "III. IZBORNA JEDINICA", "Rbr.županije": 5, "Županija": "VARAŽDINSKA ŽUPANIJA", "Oznaka Gr/Op/Dr": "grad", "Grad/općina/država": "LUDBREG", "Rbr BM": 2, "Naziv BM": "LUDBREG - 2", "Lokacija BM": "OSNOVNA ŠKOLA LUDBREG", "Adresa BM": "ULICA ANDRIJE KAČIĆA MIOŠIĆA 17", "Ukupno birača": 1407, "Glasovalo birača": 962, "Glasovalo birača (po listićima)": 962, "Važeći listići": 938, "Nevažeći listići": 24, "Latitude": 46.2508591, "Longitude": 16.6109102, "ID_u_zupaniji": 54, "ID_global": 1343, "neighbours list": [ 1349, 1350, 1355, 1344 ] }, "geometry": { "type": "MultiPolygon", "coordinates": [ [ [ [ 16.609760312348978, 46.240142371412233 ], [ 16.603233439257842, 46.250619206861359 ], [ 16.612538328792624, 46.253609520967309 ], [ 16.614326329559631, 46.250305834423834 ], [ 16.609760312348978, 46.240142371412233 ] ] ] ] } },
{ "type": "Feature", "properties": { "fid": 286, "Rbr IJ": 3, "Naziv izborne jedinice": "III. IZBORNA JEDINICA", "Rbr.županije": 5, "Županija": "VARAŽDINSKA ŽUPANIJA", "Oznaka Gr/Op/Dr": "općina", "Grad/općina/država": "SVETI ĐURĐ", "Rbr BM": 1, "Naziv BM": "HRŽENICA - 1", "Lokacija BM": "DRUŠTVENI DOM", "Adresa BM": "ULICA BRAĆE RADIĆ 54", "Ukupno birača": 271, "Glasovalo birača": 151, "Glasovalo birača (po listićima)": 151, "Važeći listići": 145, "Nevažeći listići": 6, "Latitude": 46.2836459, "Longitude": 16.6043558, "ID_u_zupaniji": 286, "ID_global": 1909, "neighbours list": [ 1914, 1915, 1912 ] }, "geometry": { "type": "MultiPolygon", "coordinates": [ [ [ [ 16.601762180381144, 46.280743539387046 ], [ 16.604275058739113, 46.283888623797033 ], [ 16.605807912814718, 46.279290061297921 ], [ 16.601762180381144, 46.280743539387046 ] ] ] ] } },
{ "type": "Feature", "properties": { "fid": 289, "Rbr IJ": 3, "Naziv izborne jedinice": "III. IZBORNA JEDINICA", "Rbr.županije": 5, "Županija": "VARAŽDINSKA ŽUPANIJA", "Oznaka Gr/Op/Dr": "općina", "Grad/općina/država": "SVETI ĐURĐ", "Rbr BM": 4, "Naziv BM": "SVETI ĐURĐ", "Lokacija BM": "DRUŠTVENI DOM", "Adresa BM": "ULICA BRAĆE RADIĆ 32", "Ukupno birača": 481, "Glasovalo birača": 284, "Glasovalo birača (po listićima)": 284, "Važeći listići": 278, "Nevažeći listići": 6, "Latitude": 46.283646, "Longitude": 16.6043561, "ID_u_zupaniji": 289, "ID_global": 1912, "neighbours list": [ 1918, 1914, 1915, 1909, 1916, 1917 ] }, "geometry": { "type": "MultiPolygon", "coordinates": [ [ [ [ 16.605807912814718, 46.279290061297921 ], [ 16.604275058739113, 46.283888623797033 ], [ 16.623792503297402, 46.30834737806768 ], [ 16.625332825304806, 46.30222990508431 ], [ 16.626493998427662, 46.282963680726745 ], [ 16.606911518958636, 46.278893534593223 ], [ 16.605807912814718, 46.279290061297921 ] ] ] ] } },
{ "type": "Feature", "properties": { "fid": 293, "Rbr IJ": 3, "Naziv izborne jedinice": "III. IZBORNA JEDINICA", "Rbr.županije": 5, "Županija": "VARAŽDINSKA ŽUPANIJA", "Oznaka Gr/Op/Dr": "općina", "Grad/općina/država": "SVETI ĐURĐ", "Rbr BM": 8, "Naziv BM": "OBRANKOVEC", "Lokacija BM": "DRUŠTVENI DOM", "Adresa BM": "OBRANKOVEC 1B", "Ukupno birača": 103, "Glasovalo birača": 62, "Glasovalo birača (po listićima)": 62, "Važeći listići": 61, "Nevažeći listići": 1, "Latitude": 46.2735164, "Longitude": 16.6064615, "ID_u_zupaniji": 293, "ID_global": 1916, "neighbours list": [ 1915, 1912, 1917, 1348, 1355 ] }, "geometry": { "type": "MultiPolygon", "coordinates": [ [ [ [ 16.606911518958636, 46.278893534593223 ], [ 16.626493998427662, 46.282963680726745 ], [ 16.62704921236114, 46.281142651990827 ], [ 16.597808643357194, 46.262475403508191 ], [ 16.594437099728029, 46.261904809236249 ], [ 16.606911518958636, 46.278893534593223 ] ] ] ] } },
{ "type": "Feature", "properties": { "fid": 294, "Rbr IJ": 3, "Naziv izborne jedinice": "III. IZBORNA JEDINICA", "Rbr.županije": 5, "Županija": "VARAŽDINSKA ŽUPANIJA", "Oznaka Gr/Op/Dr": "općina", "Grad/općina/država": "SVETI ĐURĐ", "Rbr BM": 9, "Naziv BM": "SESVETE LUDBREŠKE", "Lokacija BM": "PROSTORIJE MJESNOG ODBORA", "Adresa BM": "VINOGRADSKA ULICA 17", "Ukupno birača": 357, "Glasovalo birača": 214, "Glasovalo birača (po listićima)": 214, "Važeći listići": 201, "Nevažeći listići": 13, "Latitude": 46.2862999, "Longitude": 16.6483897, "ID_u_zupaniji": 294, "ID_global": 1917, "neighbours list": [ 1918, 1912, 1916, 1348, 1345, 1346, 1984, 1983 ] }, "geometry": { "type": "MultiPolygon", "coordinates": [ [ [ [ 16.625332825304806, 46.30222990508431 ], [ 16.668837969366702, 46.282899376126345 ], [ 16.669343791435008, 46.276679470262373 ], [ 16.669326602184885, 46.276582849446086 ], [ 16.647326099763635, 46.271768400496271 ], [ 16.630268137934234, 46.275379332031982 ], [ 16.62704921236114, 46.281142651990827 ], [ 16.626493998427662, 46.282963680726745 ], [ 16.625332825304806, 46.30222990508431 ] ] ] ] } },
{ "type": "Feature", "properties": { "fid": 59, "Rbr IJ": 3, "Naziv izborne jedinice": "III. IZBORNA JEDINICA", "Rbr.županije": 5, "Županija": "VARAŽDINSKA ŽUPANIJA", "Oznaka Gr/Op/Dr": "grad", "Grad/općina/država": "LUDBREG", "Rbr BM": 7, "Naziv BM": "SELNIK", "Lokacija BM": "DRUŠTVENI DOM", "Adresa BM": "SELNIK, GLAVNA ULICA 1", "Ukupno birača": 672, "Glasovalo birača": 424, "Glasovalo birača (po listićima)": 424, "Važeći listići": 411, "Nevažeći listići": 13, "Latitude": 46.2656773, "Longitude": 16.611466, "ID_u_zupaniji": 59, "ID_global": 1348, "neighbours list": [ 1916, 1917, 1345, 1355, 1342, 1344 ] }, "geometry": { "type": "MultiPolygon", "coordinates": [ [ [ [ 16.627708757749502, 46.264992610058663 ], [ 16.625432274742636, 46.263707123333987 ], [ 16.613959593383381, 46.25969893462986 ], [ 16.597808643357194, 46.262475403508191 ], [ 16.62704921236114, 46.281142651990827 ], [ 16.630268137934234, 46.275379332031982 ], [ 16.627708757749502, 46.264992610058663 ] ] ] ] } },
{ "type": "Feature", "properties": { "fid": 56, "Rbr IJ": 3, "Naziv izborne jedinice": "III. IZBORNA JEDINICA", "Rbr.županije": 5, "Županija": "VARAŽDINSKA ŽUPANIJA", "Oznaka Gr/Op/Dr": "grad", "Grad/općina/država": "LUDBREG", "Rbr BM": 4, "Naziv BM": "SIGETEC LUDBREŠKI", "Lokacija BM": "DRUŠTVENI DOM", "Adresa BM": "SIGETEC LUDBREŠKI, ULICA BRAĆE RADIĆ 13", "Ukupno birača": 527, "Glasovalo birača": 328, "Glasovalo birača (po listićima)": 328, "Važeći listići": 311, "Nevažeći listići": 17, "Latitude": 46.2580524, "Longitude": 16.6424101, "ID_u_zupaniji": 56, "ID_global": 1345, "neighbours list": [ 1917, 1348, 1342, 1351, 1346 ] }, "geometry": { "type": "MultiPolygon", "coordinates": [ [ [ [ 16.630268137934234, 46.275379332031982 ], [ 16.647326099763635, 46.271768400496271 ], [ 16.649240592602585, 46.247856346924159 ], [ 16.634015788987686, 46.245609146000277 ], [ 16.627708757749502, 46.264992610058663 ], [ 16.630268137934234, 46.275379332031982 ] ] ] ] } },
{ "type": "Feature", "properties": { "fid": 66, "Rbr IJ": 3, "Naziv izborne jedinice": "III. IZBORNA JEDINICA", "Rbr.županije": 5, "Županija": "VARAŽDINSKA ŽUPANIJA", "Oznaka Gr/Op/Dr": "grad", "Grad/općina/država": "LUDBREG", "Rbr BM": 14, "Naziv BM": "POLJANEC", "Lokacija BM": "DRUŠTVENI DOM", "Adresa BM": "VARAŽDINSKA ULICA 185", "Ukupno birača": 530, "Glasovalo birača": 304, "Glasovalo birača (po listićima)": 304, "Važeći listići": 284, "Nevažeći listići": 20, "Latitude": 46.2548965, "Longitude": 16.6096127, "ID_u_zupaniji": 66, "ID_global": 1355, "neighbours list": [ 1349, 1915, 1343, 1916, 1348, 1344 ] }, "geometry": { "type": "MultiPolygon", "coordinates": [ [ [ [ 16.594437099728029, 46.261904809236249 ], [ 16.597808643357194, 46.262475403508191 ], [ 16.613959593383381, 46.25969893462986 ], [ 16.612538328792624, 46.253609520967309 ], [ 16.603233439257842, 46.250619206861359 ], [ 16.591761888782489, 46.260967059329531 ], [ 16.594437099728029, 46.261904809236249 ] ] ] ] } },
{ "type": "Feature", "properties": { "fid": 53, "Rbr IJ": 3, "Naziv izborne jedinice": "III. IZBORNA JEDINICA", "Rbr.županije": 5, "Županija": "VARAŽDINSKA ŽUPANIJA", "Oznaka Gr/Op/Dr": "grad", "Grad/općina/država": "LUDBREG", "Rbr BM": 1, "Naziv BM": "LUDBREG - 1", "Lokacija BM": "MEĐUGENERACIJSKI CENTAR-PROSTORIJA UDRUGE UMIROVLJENIKA", "Adresa BM": "TRG SVETOGA TROJSTVA 16", "Ukupno birača": 1562, "Glasovalo birača": 970, "Glasovalo birača (po listićima)": 969, "Važeći listići": 941, "Nevažeći listići": 28, "Latitude": 46.2507301, "Longitude": 16.6199064, "ID_u_zupaniji": 53, "ID_global": 1342, "neighbours list": [ 1350, 1348, 1345, 1344, 1351 ] }, "geometry": { "type": "MultiPolygon", "coordinates": [ [ [ [ 16.627708757749502, 46.264992610058663 ], [ 16.634015788987686, 46.245609146000277 ], [ 16.629331712545021, 46.237355579114933 ], [ 16.617072771525329, 46.250961651350565 ], [ 16.625432274742636, 46.263707123333987 ], [ 16.627708757749502, 46.264992610058663 ] ] ] ] } },
{ "type": "Feature", "properties": { "fid": 55, "Rbr IJ": 3, "Naziv izborne jedinice": "III. IZBORNA JEDINICA", "Rbr.županije": 5, "Županija": "VARAŽDINSKA ŽUPANIJA", "Oznaka Gr/Op/Dr": "grad", "Grad/općina/država": "LUDBREG", "Rbr BM": 3, "Naziv BM": "VINOGRADI LUDBREŠKI", "Lokacija BM": "DRUŠTVENI DOM, VINOGRADI LUDBREŠKI", "Adresa BM": "GORNJOGRADSKA ULICA 2", "Ukupno birača": 604, "Glasovalo birača": 341, "Glasovalo birača (po listićima)": 341, "Važeći listići": 334, "Nevažeći listići": 7, "Latitude": 46.2534684, "Longitude": 16.6157314, "ID_u_zupaniji": 55, "ID_global": 1344, "neighbours list": [ 1350, 1343, 1348, 1355, 1342 ] }, "geometry": { "type": "MultiPolygon", "coordinates": [ [ [ [ 16.613959593383381, 46.25969893462986 ], [ 16.625432274742636, 46.263707123333987 ], [ 16.617072771525329, 46.250961651350565 ], [ 16.614326329559631, 46.250305834423834 ], [ 16.612538328792624, 46.253609520967309 ], [ 16.613959593383381, 46.25969893462986 ] ] ] ] } },
{ "type": "Feature", "properties": { "fid": 62, "Rbr IJ": 3, "Naziv izborne jedinice": "III. IZBORNA JEDINICA", "Rbr.županije": 5, "Županija": "VARAŽDINSKA ŽUPANIJA", "Oznaka Gr/Op/Dr": "grad", "Grad/općina/država": "LUDBREG", "Rbr BM": 10, "Naziv BM": "GLOBOČEC LUDBREŠKI", "Lokacija BM": "DRUŠTVENI DOM", "Adresa BM": "GLOBOČEC LUDBREŠKI, LUDBREŠKA ULICA 80", "Ukupno birača": 373, "Glasovalo birača": 231, "Glasovalo birača (po listićima)": 231, "Važeći listići": 215, "Nevažeći listići": 16, "Latitude": 46.2361217, "Longitude": 16.6456471, "ID_u_zupaniji": 62, "ID_global": 1351, "neighbours list": [ 1354, 1350, 1345, 1342, 1346, 1352 ] }, "geometry": { "type": "MultiPolygon", "coordinates": [ [ [ [ 16.629331712545021, 46.237355579114933 ], [ 16.634015788987686, 46.245609146000277 ], [ 16.649240592602585, 46.247856346924159 ], [ 16.657020361562406, 46.244894116172389 ], [ 16.647559222903801, 46.220586072837193 ], [ 16.622974143863946, 46.22217999442163 ], [ 16.629331712545021, 46.237355579114933 ] ] ] ] } },
{ "type": "Feature", "properties": { "fid": 57, "Rbr IJ": 3, "Naziv izborne jedinice": "III. IZBORNA JEDINICA", "Rbr.županije": 5, "Županija": "VARAŽDINSKA ŽUPANIJA", "Oznaka Gr/Op/Dr": "grad", "Grad/općina/država": "LUDBREG", "Rbr BM": 5, "Naziv BM": "SLOKOVEC", "Lokacija BM": "VATROGASNI DOM", "Adresa BM": "SLOKOVEC 45", "Ukupno birača": 197, "Glasovalo birača": 134, "Glasovalo birača (po listićima)": 134, "Važeći listići": 132, "Nevažeći listići": 2, "Latitude": 46.2590093, "Longitude": 16.6543618, "ID_u_zupaniji": 57, "ID_global": 1346, "neighbours list": [ 1917, 1345, 1351, 1777, 1352, 1983 ] }, "geometry": { "type": "MultiPolygon", "coordinates": [ [ [ [ 16.647326099763635, 46.271768400496271 ], [ 16.669326602184885, 46.276582849446086 ], [ 16.675617199315955, 46.264317712997837 ], [ 16.670987082827192, 46.247418333742424 ], [ 16.657020361562406, 46.244894116172389 ], [ 16.649240592602585, 46.247856346924159 ], [ 16.647326099763635, 46.271768400496271 ] ] ] ] } },
{ "type": "Feature", "properties": { "fid": 249, "Rbr IJ": 3, "Naziv izborne jedinice": "III. IZBORNA JEDINICA", "Rbr.županije": 5, "Županija": "VARAŽDINSKA ŽUPANIJA", "Oznaka Gr/Op/Dr": "općina", "Grad/općina/država": "MALI BUKOVEC", "Rbr BM": 7, "Naziv BM": "LUNJKOVEC", "Lokacija BM": "DRUŠTVENI DOM", "Adresa BM": "LUNJKOVEC 4", "Ukupno birača": 154, "Glasovalo birača": 102, "Glasovalo birača (po listićima)": 102, "Važeći listići": 95, "Nevažeći listići": 7, "Latitude": 46.2437027, "Longitude": 16.7224475, "ID_u_zupaniji": 249, "ID_global": 1779, "neighbours list": [ 1778, 1776, 1775 ] }, "geometry": { "type": "MultiPolygon", "coordinates": [ [ [ [ 16.743690620315189, 46.24897589767032 ], [ 16.742403737528022, 46.248598589327436 ], [ 16.741995767579478, 46.248664323776168 ], [ 16.741697616606121, 46.248576421475882 ], [ 16.740522684893968, 46.248289907437119 ], [ 16.740411572965353, 46.248178125308748 ], [ 16.739251648083759, 46.248983293509426 ], [ 16.737712010974427, 46.248630933532986 ], [ 16.736259256408616, 46.248604343831175 ], [ 16.734419709325532, 46.248045352072758 ], [ 16.734118511120005, 46.247542392849248 ], [ 16.733732989231978, 46.247306193916287 ], [ 16.733859988224268, 46.247009744531411 ], [ 16.733855578310937, 46.246002510572033 ], [ 16.73419464460277, 46.245350145075662 ], [ 16.733595049418089, 46.245025490969191 ], [ 16.732992209592506, 46.24387147279382 ], [ 16.732347973507164, 46.243072927241116 ], [ 16.732217855966596, 46.242599305742146 ], [ 16.733411573864156, 46.24203400608863 ], [ 16.732638362917811, 46.241028338173955 ], [ 16.731214675707108, 46.240371906528154 ], [ 16.731002990547047, 46.23930579828815 ], [ 16.731117069008626, 46.238279968971412 ], [ 16.730760547980523, 46.237891017327748 ], [ 16.730197519364705, 46.237666500787441 ], [ 16.72951303905602, 46.236642277857797 ], [ 16.728506340807179, 46.236357191361307 ], [ 16.728387196707331, 46.236172805376093 ], [ 16.728237216163912, 46.235680864018939 ], [ 16.727940789363309, 46.23551734510901 ], [ 16.727821140023075, 46.235209966764074 ], [ 16.727612004353798, 46.234677024815717 ], [ 16.727492528219312, 46.234410673318067 ], [ 16.727285939363142, 46.234493139364581 ], [ 16.727257224625653, 46.234698244369348 ], [ 16.727052027500505, 46.235149955411273 ], [ 16.727320920612808, 46.235805772278944 ], [ 16.727114365868264, 46.23592926549631 ], [ 16.725899490987633, 46.235398313959841 ], [ 16.725897976256284, 46.23502915875391 ], [ 16.725454554927445, 46.23503003403296 ], [ 16.725218223824037, 46.235133068768249 ], [ 16.725099306917432, 46.234969192659818 ], [ 16.725275667989337, 46.23472267982762 ], [ 16.725215622763976, 46.234497236414988 ], [ 16.724386685863287, 46.234293728426394 ], [ 16.723619806762144, 46.23350266082101 ], [ 16.723647579375729, 46.233158190692279 ], [ 16.723704405101802, 46.232752752113662 ], [ 16.723352927389083, 46.232530576699297 ], [ 16.723613634526082, 46.231982942501169 ], [ 16.722881884293553, 46.231660199369159 ], [ 16.722239582834654, 46.231783002985871 ], [ 16.721771713117761, 46.231662358247327 ], [ 16.721799577593696, 46.231338042189563 ], [ 16.722148507325699, 46.230932127166895 ], [ 16.721444319678138, 46.230203993636515 ], [ 16.721452856545209, 46.229328721350228 ], [ 16.721157116377068, 46.228870702216518 ], [ 16.71979628867706, 46.228389362540327 ], [ 16.718400283439568, 46.228315560924443 ], [ 16.718141272542749, 46.228121983961245 ], [ 16.717958327884194, 46.227985304210485 ], [ 16.717187478867235, 46.228114082786504 ], [ 16.716232556839952, 46.22811589285768 ], [ 16.715903405100892, 46.22844770501333 ], [ 16.715168038710814, 46.228270765156694 ], [ 16.715096125109632, 46.22867847751089 ], [ 16.714582368119043, 46.228781382178489 ], [ 16.714398300795448, 46.228654325950131 ], [ 16.714580779548992, 46.228373718161826 ], [ 16.714030138370621, 46.228425764939281 ], [ 16.7137358798376, 46.228298913870077 ], [ 16.713881277399203, 46.227916527217836 ], [ 16.713673612670743, 46.227880950138832 ], [ 16.71528170055193, 46.259326242761858 ], [ 16.72153330601941, 46.259741309441736 ], [ 16.743839137780203, 46.249026985197709 ], [ 16.743690620315189, 46.24897589767032 ] ] ] ] } },
{ "type": "Feature", "properties": { "fid": 313, "Rbr IJ": 3, "Naziv izborne jedinice": "III. IZBORNA JEDINICA", "Rbr.županije": 5, "Županija": "VARAŽDINSKA ŽUPANIJA", "Oznaka Gr/Op/Dr": "općina", "Grad/općina/država": "VELIKI BUKOVEC", "Rbr BM": 1, "Naziv BM": "VELIKI BUKOVEC", "Lokacija BM": "DRUŠTVENI DOM", "Adresa BM": "DRAVSKA ULICA 44A", "Ukupno birača": 527, "Glasovalo birača": 358, "Glasovalo birača (po listićima)": 358, "Važeći listići": 345, "Nevažeći listići": 13, "Latitude": 46.2883462, "Longitude": 16.7092757, "ID_u_zupaniji": 313, "ID_global": 1982, "neighbours list": [ 1984, 1983, 1776, 1774 ] }, "geometry": { "type": "MultiPolygon", "coordinates": [ [ [ [ 16.700810962465944, 46.31767296752404 ], [ 16.702076806781786, 46.316840570885532 ], [ 16.706668541123541, 46.313838832758321 ], [ 16.709433069968476, 46.312015028367057 ], [ 16.711357499035238, 46.310758993486303 ], [ 16.714233659756776, 46.308875844233945 ], [ 16.716548901494679, 46.307321272302971 ], [ 16.718094603286239, 46.306303274706934 ], [ 16.718999049109701, 46.305902071967822 ], [ 16.719424760137599, 46.305939403787256 ], [ 16.720402354957319, 46.306527197645572 ], [ 16.719111978578685, 46.309346778465589 ], [ 16.71749515968482, 46.312716870697926 ], [ 16.712273113987333, 46.317379289958176 ], [ 16.713281686801903, 46.317852822291698 ], [ 16.712947966590619, 46.318856805726753 ], [ 16.712514904514048, 46.321205145415931 ], [ 16.720142409821932, 46.322482524147453 ], [ 16.721190560166995, 46.321715924630006 ], [ 16.722695574573958, 46.321089321741049 ], [ 16.723439312290488, 46.3210014983012 ], [ 16.724397693375003, 46.321101469157512 ], [ 16.726600495794766, 46.320533904070921 ], [ 16.726598910931081, 46.32014999921401 ], [ 16.725290661072986, 46.318709892550139 ], [ 16.724863705654077, 46.318203743923128 ], [ 16.724026468426302, 46.317166756910176 ], [ 16.72347771976888, 46.316241394544143 ], [ 16.723669488001175, 46.31556785299432 ], [ 16.723739738877736, 46.315505095402436 ], [ 16.724467467866372, 46.314855334576201 ], [ 16.725560400662292, 46.314198731143996 ], [ 16.72635344911652, 46.313844025821403 ], [ 16.727537731967161, 46.313434374256801 ], [ 16.728194420010226, 46.313297388549408 ], [ 16.729174379111541, 46.313308924386774 ], [ 16.730163950768119, 46.313342696862136 ], [ 16.725097405915001, 46.291090544607719 ], [ 16.706058503233518, 46.274385405815018 ], [ 16.698754227032534, 46.286934157512057 ], [ 16.700556501960587, 46.317850081496346 ], [ 16.700810962465944, 46.31767296752404 ] ] ] ] } },
{ "type": "Feature", "properties": { "fid": 247, "Rbr IJ": 3, "Naziv izborne jedinice": "III. IZBORNA JEDINICA", "Rbr.županije": 5, "Županija": "VARAŽDINSKA ŽUPANIJA", "Oznaka Gr/Op/Dr": "općina", "Grad/općina/država": "MALI BUKOVEC", "Rbr BM": 5, "Naziv BM": "SVETI PETAR", "Lokacija BM": "DRUŠTVENI DOM", "Adresa BM": "HARAMBAŠINA ULICA 1", "Ukupno birača": 473, "Glasovalo birača": 279, "Glasovalo birača (po listićima)": 279, "Važeći listići": 265, "Nevažeći listići": 14, "Latitude": 46.2489167, "Longitude": 16.6911986, "ID_u_zupaniji": 247, "ID_global": 1777, "neighbours list": [ 1346, 1352, 1353, 1983, 1778 ] }, "geometry": { "type": "MultiPolygon", "coordinates": [ [ [ [ 16.675617199315955, 46.264317712997837 ], [ 16.703615589176685, 46.263246111226671 ], [ 16.693224153624769, 46.226980792046966 ], [ 16.675559274395759, 46.239436884263 ], [ 16.670987082827192, 46.247418333742424 ], [ 16.675617199315955, 46.264317712997837 ] ] ] ] } },
{ "type": "Feature", "properties": { "fid": 63, "Rbr IJ": 3, "Naziv izborne jedinice": "III. IZBORNA JEDINICA", "Rbr.županije": 5, "Županija": "VARAŽDINSKA ŽUPANIJA", "Oznaka Gr/Op/Dr": "grad", "Grad/općina/država": "LUDBREG", "Rbr BM": 11, "Naziv BM": "ČUKOVEC", "Lokacija BM": "DRUŠTVENI DOM", "Adresa BM": "ČUKOVEC, GRACI 2", "Ukupno birača": 229, "Glasovalo birača": 116, "Glasovalo birača (po listićima)": 116, "Važeći listići": 113, "Nevažeći listići": 3, "Latitude": 46.2307413, "Longitude": 16.6594707, "ID_u_zupaniji": 63, "ID_global": 1352, "neighbours list": [ 1354, 1351, 1346, 1777, 1353 ] }, "geometry": { "type": "MultiPolygon", "coordinates": [ [ [ [ 16.675559274395759, 46.239436884263 ], [ 16.657120347177958, 46.214613235983848 ], [ 16.647559222903801, 46.220586072837193 ], [ 16.657020361562406, 46.244894116172389 ], [ 16.670987082827192, 46.247418333742424 ], [ 16.675559274395759, 46.239436884263 ] ] ] ] } },
{ "type": "Feature", "properties": { "fid": 315, "Rbr IJ": 3, "Naziv izborne jedinice": "III. IZBORNA JEDINICA", "Rbr.županije": 5, "Županija": "VARAŽDINSKA ŽUPANIJA", "Oznaka Gr/Op/Dr": "općina", "Grad/općina/država": "VELIKI BUKOVEC", "Rbr BM": 3, "Naziv BM": "DUBOVICA", "Lokacija BM": "DRUŠTVENI DOM", "Adresa BM": "DUBOVICA 46", "Ukupno birača": 217, "Glasovalo birača": 147, "Glasovalo birača (po listićima)": 147, "Važeći listići": 144, "Nevažeći listići": 3, "Latitude": 46.2895592, "Longitude": 16.6884681, "ID_u_zupaniji": 315, "ID_global": 1984, "neighbours list": [ 1918, 1917, 1982, 1983 ] }, "geometry": { "type": "MultiPolygon", "coordinates": [ [ [ [ 16.678223557944509, 46.321511426353148 ], [ 16.688527650072146, 46.322659671093795 ], [ 16.691446032125707, 46.322984747147409 ], [ 16.697317674484257, 46.319689280615513 ], [ 16.698496850201636, 46.31910125588329 ], [ 16.699780733645852, 46.318390045085657 ], [ 16.700556501960587, 46.317850081496346 ], [ 16.698754227032534, 46.286934157512057 ], [ 16.669343791435008, 46.276679470262373 ], [ 16.668837969366702, 46.282899376126345 ], [ 16.675615843201644, 46.321872041994808 ], [ 16.678223557944509, 46.321511426353148 ] ] ] ] } },
{ "type": "Feature", "properties": { "fid": 64, "Rbr IJ": 3, "Naziv izborne jedinice": "III. IZBORNA JEDINICA", "Rbr.županije": 5, "Županija": "VARAŽDINSKA ŽUPANIJA", "Oznaka Gr/Op/Dr": "grad", "Grad/općina/država": "LUDBREG", "Rbr BM": 12, "Naziv BM": "BOLFAN", "Lokacija BM": "PROSTORIJE NOGOMETNOG KLUBA", "Adresa BM": "BOLFAN, LUDBREŠKA ULICA 43", "Ukupno birača": 343, "Glasovalo birača": 177, "Glasovalo birača (po listićima)": 177, "Važeći listići": 171, "Nevažeći listići": 6, "Latitude": 46.2215223, "Longitude": 16.6718819, "ID_u_zupaniji": 64, "ID_global": 1353, "neighbours list": [ 1354, 1777, 1352, 1778 ] }, "geometry": { "type": "MultiPolygon", "coordinates": [ [ [ [ 16.699626559328234, 46.215739633770852 ], [ 16.699071705296461, 46.215096934016174 ], [ 16.698279714618934, 46.214427381180215 ], [ 16.696941946609414, 46.213388435044394 ], [ 16.696668828090118, 46.213522515241124 ], [ 16.696227470777117, 46.213217455108484 ], [ 16.694021840962144, 46.211594955723285 ], [ 16.693503977785973, 46.212007550388741 ], [ 16.693108377419033, 46.211918066233011 ], [ 16.692324805212646, 46.211584327219853 ], [ 16.69184910602738, 46.211305759950328 ], [ 16.691772116647087, 46.211117665349072 ], [ 16.691219316195589, 46.210802785626505 ], [ 16.6919257409882, 46.210052485558265 ], [ 16.690087783264932, 46.209036880328838 ], [ 16.689891035201711, 46.208428628832813 ], [ 16.689270973006707, 46.20798869856494 ], [ 16.687981105063834, 46.207561654700584 ], [ 16.687600637956159, 46.207299378028139 ], [ 16.687340206853541, 46.206970143335091 ], [ 16.686322575594467, 46.206177612990487 ], [ 16.685976285395519, 46.205938398258283 ], [ 16.685546817258146, 46.205741874822415 ], [ 16.685107601650543, 46.205651713883533 ], [ 16.684458983067351, 46.205602737152503 ], [ 16.683633320710342, 46.205545043935331 ], [ 16.682591494801365, 46.205483011596684 ], [ 16.681399232136112, 46.205503084184883 ], [ 16.680427628133678, 46.204367000334557 ], [ 16.679907244820555, 46.203859201749694 ], [ 16.679395295802994, 46.203471411823323 ], [ 16.679024154000366, 46.203266224805979 ], [ 16.678034436869147, 46.202833469496419 ], [ 16.676938125017909, 46.202532321543188 ], [ 16.675234366436396, 46.202111621572584 ], [ 16.674589760623391, 46.202045397779315 ], [ 16.67460063708317, 46.201879200548497 ], [ 16.673859611868341, 46.202259567186267 ], [ 16.673450391247414, 46.202544864173234 ], [ 16.673263040617293, 46.202675519512503 ], [ 16.672794338127861, 46.202754775545465 ], [ 16.671695381517729, 46.202801237965708 ], [ 16.671162318849166, 46.202936637280494 ], [ 16.669141876783819, 46.202973294384158 ], [ 16.668676010725758, 46.202923597667322 ], [ 16.667139069628121, 46.20305748584645 ], [ 16.666590162328642, 46.20309985466313 ], [ 16.665622434778914, 46.203267441306551 ], [ 16.665003244659687, 46.203164507539853 ], [ 16.664544133954688, 46.203206646919419 ], [ 16.663805893139461, 46.20333240999031 ], [ 16.663531657024496, 46.20337005099006 ], [ 16.657120347177958, 46.214613235983848 ], [ 16.675559274395759, 46.239436884263 ], [ 16.693224153624769, 46.226980792046966 ], [ 16.700033193527858, 46.216711484471872 ], [ 16.699626559328234, 46.215739633770852 ] ] ] ] } },
{ "type": "Feature", "properties": { "fid": 314, "Rbr IJ": 3, "Naziv izborne jedinice": "III. IZBORNA JEDINICA", "Rbr.županije": 5, "Županija": "VARAŽDINSKA ŽUPANIJA", "Oznaka Gr/Op/Dr": "općina", "Grad/općina/država": "VELIKI BUKOVEC", "Rbr BM": 2, "Naziv BM": "KAPELA PODRAVSKA", "Lokacija BM": "DRUŠTVENI DOM", "Adresa BM": "KAPELA PODRAVSKA 114A", "Ukupno birača": 332, "Glasovalo birača": 228, "Glasovalo birača (po listićima)": 228, "Važeći listići": 223, "Nevažeći listići": 5, "Latitude": 46.2784827, "Longitude": 16.6923302, "ID_u_zupaniji": 314, "ID_global": 1983, "neighbours list": [ 1917, 1346, 1982, 1777, 1984, 1778, 1776 ] }, "geometry": { "type": "MultiPolygon", "coordinates": [ [ [ [ 16.669343791435008, 46.276679470262373 ], [ 16.698754227032534, 46.286934157512057 ], [ 16.706058503233518, 46.274385405815018 ], [ 16.70503264236687, 46.26383972791789 ], [ 16.703615589176685, 46.263246111226671 ], [ 16.675617199315955, 46.264317712997837 ], [ 16.669326602184885, 46.276582849446086 ], [ 16.669343791435008, 46.276679470262373 ] ] ] ] } },
{ "type": "Feature", "properties": { "fid": 248, "Rbr IJ": 3, "Naziv izborne jedinice": "III. IZBORNA JEDINICA", "Rbr.županije": 5, "Županija": "VARAŽDINSKA ŽUPANIJA", "Oznaka Gr/Op/Dr": "općina", "Grad/općina/država": "MALI BUKOVEC", "Rbr BM": 6, "Naziv BM": "MARTINIĆ", "Lokacija BM": "DRUŠTVENI DOM", "Adresa BM": "MARTINIĆ 7", "Ukupno birača": 110, "Glasovalo birača": 73, "Glasovalo birača (po listićima)": 73, "Važeći listići": 68, "Nevažeći listići": 5, "Latitude": 46.2445152, "Longitude": 16.7065595, "ID_u_zupaniji": 248, "ID_global": 1778, "neighbours list": [ 1779, 1777, 1353, 1983, 1776 ] }, "geometry": { "type": "MultiPolygon", "coordinates": [ [ [ [ 16.712999143194423, 46.227765400165453 ], [ 16.712593517941059, 46.227333025758426 ], [ 16.711858992685535, 46.227334389258168 ], [ 16.711564909144556, 46.227284009196808 ], [ 16.71138121316827, 46.227284348981591 ], [ 16.710430487572768, 46.227328929921228 ], [ 16.709643084321623, 46.227674612695928 ], [ 16.709359599484639, 46.227718139201954 ], [ 16.709146746534799, 46.227687848038265 ], [ 16.70816148527965, 46.227240951494572 ], [ 16.70744112321858, 46.226596795397043 ], [ 16.706552198672405, 46.22590372417941 ], [ 16.706239456917874, 46.225713996101284 ], [ 16.706131593235828, 46.225504103912812 ], [ 16.706363099076995, 46.225429458631261 ], [ 16.706219808510053, 46.225244283032104 ], [ 16.706219068009723, 46.225046523921549 ], [ 16.706147307664875, 46.224923030562103 ], [ 16.705737403278686, 46.224886700101997 ], [ 16.705611644944987, 46.224639680780861 ], [ 16.705236847157234, 46.224491988886236 ], [ 16.705592232706984, 46.224231688514642 ], [ 16.705520290511487, 46.224058799937112 ], [ 16.705128068502511, 46.224034761790037 ], [ 16.704735554901294, 46.223862447440347 ], [ 16.704876637859659, 46.223491326292574 ], [ 16.704716287562707, 46.223491613531955 ], [ 16.704556174877986, 46.223590780371836 ], [ 16.70441371303648, 46.223591035178977 ], [ 16.70441325421919, 46.223467413192701 ], [ 16.704537497567269, 46.223343568172155 ], [ 16.704393667995102, 46.223010025808279 ], [ 16.704179324759398, 46.22288678599157 ], [ 16.704070817347962, 46.222429557277884 ], [ 16.704105098218665, 46.222095786408637 ], [ 16.703943882138582, 46.221861154725566 ], [ 16.703605211698708, 46.221837105778292 ], [ 16.703632276152831, 46.221444055685488 ], [ 16.70334937524445, 46.221357465394505 ], [ 16.703269537189751, 46.221009052096854 ], [ 16.703049175306582, 46.22086782622587 ], [ 16.703456430096924, 46.220616527462639 ], [ 16.703407688290259, 46.220159191563646 ], [ 16.703108146197568, 46.219811168763741 ], [ 16.702745683835946, 46.219517690419615 ], [ 16.701628926761078, 46.218964172132111 ], [ 16.700841647970961, 46.218366517612949 ], [ 16.700502133980326, 46.217641481167213 ], [ 16.70036189265603, 46.217107647146108 ], [ 16.700084562187946, 46.216834254933289 ], [ 16.700033193527858, 46.216711484471872 ], [ 16.693224153624769, 46.226980792046966 ], [ 16.703615589176685, 46.263246111226671 ], [ 16.70503264236687, 46.26383972791789 ], [ 16.71528170055193, 46.259326242761858 ], [ 16.713673612670743, 46.227880950138832 ], [ 16.712999143194423, 46.227765400165453 ] ] ] ] } },
{ "type": "Feature", "properties": { "fid": 246, "Rbr IJ": 3, "Naziv izborne jedinice": "III. IZBORNA JEDINICA", "Rbr.županije": 5, "Županija": "VARAŽDINSKA ŽUPANIJA", "Oznaka Gr/Op/Dr": "općina", "Grad/općina/država": "MALI BUKOVEC", "Rbr BM": 4, "Naziv BM": "NOVO SELO PODRAVSKO", "Lokacija BM": "DRUŠTVENI DOM", "Adresa BM": "NOVO SELO PODRAVSKO 1A", "Ukupno birača": 152, "Glasovalo birača": 105, "Glasovalo birača (po listićima)": 105, "Važeći listići": 104, "Nevažeći listići": 1, "Latitude": 46.27576, "Longitude": 16.7203191, "ID_u_zupaniji": 246, "ID_global": 1776, "neighbours list": [ 1779, 1982, 1983, 1778, 1774, 1775 ] }, "geometry": { "type": "MultiPolygon", "coordinates": [ [ [ [ 16.706058503233518, 46.274385405815018 ], [ 16.725097405915001, 46.291090544607719 ], [ 16.729749548119965, 46.277264768299148 ], [ 16.72153330601941, 46.259741309441736 ], [ 16.71528170055193, 46.259326242761858 ], [ 16.70503264236687, 46.26383972791789 ], [ 16.706058503233518, 46.274385405815018 ] ] ] ] } },
{ "type": "Feature", "properties": { "fid": 244, "Rbr IJ": 3, "Naziv izborne jedinice": "III. IZBORNA JEDINICA", "Rbr.županije": 5, "Županija": "VARAŽDINSKA ŽUPANIJA", "Oznaka Gr/Op/Dr": "općina", "Grad/općina/država": "MALI BUKOVEC", "Rbr BM": 2, "Naziv BM": "MALI BUKOVEC - 2", "Lokacija BM": "ZGRADA OPĆINE- 1.KAT", "Adresa BM": "ULICA MIHOVILA PAVLEKA MIŠKINE 14", "Ukupno birača": 219, "Glasovalo birača": 135, "Glasovalo birača (po listićima)": 135, "Važeći listići": 129, "Nevažeći listići": 6, "Latitude": 46.281767, "Longitude": 16.7381714, "ID_u_zupaniji": 244, "ID_global": 1774, "neighbours list": [ 1982, 1776, 1775, 1773 ] }, "geometry": { "type": "MultiPolygon", "coordinates": [ [ [ [ 16.730302210956438, 46.313347415458082 ], [ 16.731009625467941, 46.313387645265138 ], [ 16.732234807487714, 46.313847886962243 ], [ 16.732314382145695, 46.313881460030451 ], [ 16.740354814160604, 46.274305867210138 ], [ 16.729749548119965, 46.277264768299148 ], [ 16.725097405915001, 46.291090544607719 ], [ 16.730163950768119, 46.313342696862136 ], [ 16.730302210956438, 46.313347415458082 ] ] ] ] } },
{ "type": "Feature", "properties": { "fid": 245, "Rbr IJ": 3, "Naziv izborne jedinice": "III. IZBORNA JEDINICA", "Rbr.županije": 5, "Županija": "VARAŽDINSKA ŽUPANIJA", "Oznaka Gr/Op/Dr": "općina", "Grad/općina/država": "MALI BUKOVEC", "Rbr BM": 3, "Naziv BM": "ŽUPANEC", "Lokacija BM": "DRUŠTVENI DOM", "Adresa BM": "ŽUPANEC 56A", "Ukupno birača": 132, "Glasovalo birača": 69, "Glasovalo birača (po listićima)": 69, "Važeći listići": 66, "Nevažeći listići": 3, "Latitude": 46.2690528, "Longitude": 16.7346241, "ID_u_zupaniji": 245, "ID_global": 1775, "neighbours list": [ 1779, 1776, 1774, 1773 ] }, "geometry": { "type": "MultiPolygon", "coordinates": [ [ [ [ 16.760701226028722, 46.26603619198734 ], [ 16.760605111050801, 46.264971589133985 ], [ 16.759998676088642, 46.26418400271146 ], [ 16.759876845300429, 46.263878013962696 ], [ 16.759526216474661, 46.263359130313248 ], [ 16.75979268869532, 46.263061436541093 ], [ 16.760486833618149, 46.262595779925022 ], [ 16.759745725220316, 46.261632242766424 ], [ 16.759356562514327, 46.261466047567559 ], [ 16.759087778248485, 46.261271776861335 ], [ 16.758998286438239, 46.260062571172071 ], [ 16.758949881395562, 46.25986519146111 ], [ 16.757802456724541, 46.258156419739215 ], [ 16.757176682632178, 46.256314834147922 ], [ 16.756890569411215, 46.256041241400908 ], [ 16.756636949146511, 46.255975951151385 ], [ 16.756177339724776, 46.255823398947172 ], [ 16.755334266651509, 46.254903787109953 ], [ 16.755222460161356, 46.254651664024195 ], [ 16.755411935632655, 46.254563517761788 ], [ 16.755585790540074, 46.254519222689886 ], [ 16.755758982230866, 46.2543323224928 ], [ 16.755578953381111, 46.253522073168938 ], [ 16.754642126456638, 46.253493212990627 ], [ 16.7541954499364, 46.253355019548167 ], [ 16.753858830789635, 46.252922819904974 ], [ 16.753299566459564, 46.252583874352915 ], [ 16.75282965680416, 46.252213777948683 ], [ 16.752828733198868, 46.252012781443831 ], [ 16.752155537741675, 46.251148282822946 ], [ 16.751260059139142, 46.250735660943363 ], [ 16.750527326112948, 46.250116638451011 ], [ 16.75020940640967, 46.249907158828705 ], [ 16.749672316086588, 46.249898795877542 ], [ 16.748736384610439, 46.25002499797835 ], [ 16.748340213257805, 46.250751577520809 ], [ 16.747969116857142, 46.250943394618254 ], [ 16.74736319173461, 46.250973318435122 ], [ 16.746921980580524, 46.250888348423061 ], [ 16.746590711146364, 46.250707678802847 ], [ 16.746534564859214, 46.250478549919187 ], [ 16.746670756551119, 46.250134561144634 ], [ 16.747150416176513, 46.24957011731275 ], [ 16.745866871123987, 46.248990402558107 ], [ 16.745204359442383, 46.248686188630465 ], [ 16.744818796542891, 46.248715626159175 ], [ 16.744269116344483, 46.248965126087256 ], [ 16.743883762719705, 46.249042335431561 ], [ 16.743839137780203, 46.249026985197709 ], [ 16.72153330601941, 46.259741309441736 ], [ 16.729749548119965, 46.277264768299148 ], [ 16.740354814160604, 46.274305867210138 ], [ 16.760628878094085, 46.266759365806116 ], [ 16.760701226028722, 46.26603619198734 ] ] ] ] } },
{ "type": "Feature", "properties": { "fid": 243, "Rbr IJ": 3, "Naziv izborne jedinice": "III. IZBORNA JEDINICA", "Rbr.županije": 5, "Županija": "VARAŽDINSKA ŽUPANIJA", "Oznaka Gr/Op/Dr": "općina", "Grad/općina/država": "MALI BUKOVEC", "Rbr BM": 1, "Naziv BM": "MALI BUKOVEC - 1", "Lokacija BM": "DRUŠTVENI DOM", "Adresa BM": "ULICA MIHOVILA PAVLEKA MIŠKINE 19", "Ukupno birača": 327, "Glasovalo birača": 200, "Glasovalo birača (po listićima)": 200, "Važeći listići": 197, "Nevažeći listići": 3, "Latitude": 46.2820275, "Longitude": 16.7394536, "ID_u_zupaniji": 243, "ID_global": 1773, "neighbours list": [ 1774, 1775 ] }, "geometry": { "type": "MultiPolygon", "coordinates": [ [ [ [ 16.733042965783753, 46.314188854228533 ], [ 16.733720934605468, 46.314415818139366 ], [ 16.733944379372218, 46.315935519517339 ], [ 16.734242827525218, 46.317896916232279 ], [ 16.734356465182046, 46.31881340239854 ], [ 16.734919305505752, 46.319978636995749 ], [ 16.735339588021134, 46.320690526276969 ], [ 16.73571685980421, 46.321423825819117 ], [ 16.735894430806329, 46.321677628809098 ], [ 16.736406421497801, 46.322208482257615 ], [ 16.73667323273024, 46.322617210120015 ], [ 16.737083552252766, 46.323087090316591 ], [ 16.73756884725714, 46.323535310100972 ], [ 16.738144081449313, 46.323848563424583 ], [ 16.73896703398777, 46.323876357133393 ], [ 16.739644512744658, 46.323928292303052 ], [ 16.740029641430556, 46.323915788230671 ], [ 16.740800492686166, 46.323759866619142 ], [ 16.742195981820743, 46.323454345660586 ], [ 16.742854481241746, 46.323150285320395 ], [ 16.743529069601873, 46.322727604634721 ], [ 16.743947611958593, 46.322287652144119 ], [ 16.744499407044504, 46.321386129904177 ], [ 16.744705257935635, 46.320313410350849 ], [ 16.744769406779675, 46.31973079808904 ], [ 16.744700447681662, 46.319234393379652 ], [ 16.744526828934674, 46.318884056148455 ], [ 16.744515215168455, 46.318434043842878 ], [ 16.744553844819425, 46.318185909956242 ], [ 16.744477063951521, 46.317944140918605 ], [ 16.74421802075549, 46.317713287901945 ], [ 16.744079423383102, 46.317440160578677 ], [ 16.743895806086702, 46.317146075788152 ], [ 16.742292782620829, 46.315287524060103 ], [ 16.741621454190387, 46.314573671214113 ], [ 16.741301773790227, 46.314395482936099 ], [ 16.740920109546067, 46.314028214288641 ], [ 16.740553339482364, 46.313503012996392 ], [ 16.739957973374157, 46.312810043673608 ], [ 16.739713048492042, 46.312442483859712 ], [ 16.739439509750042, 46.312390333666222 ], [ 16.738922793531451, 46.312370361181173 ], [ 16.739158746180106, 46.311156331686462 ], [ 16.739078636550474, 46.310440505523466 ], [ 16.738558228121885, 46.309566438949354 ], [ 16.740986575842363, 46.308818721320911 ], [ 16.74549908248532, 46.307363727952442 ], [ 16.751067575915283, 46.305677264434181 ], [ 16.754629469185247, 46.304571553755416 ], [ 16.759326590633908, 46.303105075505549 ], [ 16.763174657690474, 46.304493093675497 ], [ 16.763516780447144, 46.30496267758393 ], [ 16.763808016269127, 46.306269564029336 ], [ 16.764339867580979, 46.306719813393975 ], [ 16.76468303021964, 46.307480989265187 ], [ 16.764233117380872, 46.308331721785883 ], [ 16.763630235493689, 46.309504093753205 ], [ 16.76275395298887, 46.310091555866371 ], [ 16.761455249130663, 46.310832209778106 ], [ 16.760867397712126, 46.311606408156713 ], [ 16.761091311018379, 46.312495715712153 ], [ 16.762244902481257, 46.313277717554953 ], [ 16.762923928855429, 46.313838210326431 ], [ 16.764381192688703, 46.314467170003368 ], [ 16.764979200960301, 46.314752165064974 ], [ 16.76628166389537, 46.314054469278055 ], [ 16.767098157097259, 46.313582463720131 ], [ 16.767621306549444, 46.31321298701387 ], [ 16.768361379646645, 46.312650999712901 ], [ 16.768392728009893, 46.312237686827963 ], [ 16.768250540182549, 46.311650056391549 ], [ 16.76834221105744, 46.311119908794787 ], [ 16.768563987683976, 46.310486258165355 ], [ 16.768808675155082, 46.309972035440722 ], [ 16.769195603995033, 46.309421128833442 ], [ 16.769525299160929, 46.309114268793394 ], [ 16.770101602876622, 46.308371722820866 ], [ 16.770514120096752, 46.308118107336433 ], [ 16.771068033216299, 46.30784157236026 ], [ 16.771764252426713, 46.307700373753825 ], [ 16.772551243113682, 46.307538171128286 ], [ 16.773625078037369, 46.304782564054079 ], [ 16.771333694145845, 46.303223506946047 ], [ 16.768898859301633, 46.304287955693539 ], [ 16.767655496550667, 46.304538295059388 ], [ 16.766258961838744, 46.304847999085446 ], [ 16.764298181591244, 46.301996486982837 ], [ 16.763466394346018, 46.299357556425591 ], [ 16.763759232558986, 46.298977200489389 ], [ 16.765314303196131, 46.296957245312903 ], [ 16.765628909498847, 46.295876223503683 ], [ 16.765402827285431, 46.294700097108468 ], [ 16.764771392118277, 46.293493959087819 ], [ 16.7644259807305, 46.293164381803543 ], [ 16.763518218603991, 46.29257194352261 ], [ 16.764345016098321, 46.292225712706049 ], [ 16.764917566066277, 46.291830310803228 ], [ 16.76511544203424, 46.291657646004936 ], [ 16.765107793479707, 46.291229127696994 ], [ 16.765218505086924, 46.290960574798049 ], [ 16.765432546433949, 46.290078173646791 ], [ 16.765649214208295, 46.28974045577781 ], [ 16.765631994680597, 46.28948065692353 ], [ 16.765404272542479, 46.289007393661663 ], [ 16.765340007019997, 46.288841454661892 ], [ 16.765344031361558, 46.288304133012431 ], [ 16.765344196648471, 46.288284608721121 ], [ 16.76551845673723, 46.287874022163365 ], [ 16.765369504913604, 46.287693524378291 ], [ 16.765614178849756, 46.287110567887879 ], [ 16.765175383455642, 46.286973659398697 ], [ 16.765664514287863, 46.285979143610838 ], [ 16.764483249574901, 46.285512768346905 ], [ 16.764315091958029, 46.285303432537042 ], [ 16.764407947414657, 46.284723798316861 ], [ 16.764790123140248, 46.284695292494405 ], [ 16.765092272559443, 46.284595263292694 ], [ 16.765348677830886, 46.284374687026776 ], [ 16.766380520552719, 46.283066704075729 ], [ 16.766916298157632, 46.282523733095893 ], [ 16.76702477684162, 46.282121484821062 ], [ 16.767137861337986, 46.28151912785691 ], [ 16.767481366848774, 46.280695530477075 ], [ 16.767797489456292, 46.280193016379556 ], [ 16.7681378950784, 46.280067697259931 ], [ 16.76879980781025, 46.279960245947443 ], [ 16.769670954255414, 46.279785628204934 ], [ 16.770140188949529, 46.27960394659442 ], [ 16.770461686055366, 46.27935603328762 ], [ 16.770539656133828, 46.279089081637444 ], [ 16.770329530756491, 46.278948322480417 ], [ 16.769881510313688, 46.278586613454763 ], [ 16.76943829280146, 46.278224081584824 ], [ 16.768643335203468, 46.277893505300966 ], [ 16.767779010007235, 46.277731513713668 ], [ 16.766909434167363, 46.277502588607241 ], [ 16.76583244286919, 46.2775001492166 ], [ 16.765203834119959, 46.277566748799025 ], [ 16.764733990290235, 46.27756783763612 ], [ 16.764401066183169, 46.277493481301619 ], [ 16.762548292650596, 46.276220776708321 ], [ 16.762082795018994, 46.276205739664455 ], [ 16.762027408295609, 46.276753976705486 ], [ 16.761701727304906, 46.276754722611535 ], [ 16.760490149772451, 46.276386714279361 ], [ 16.758719925250958, 46.275947351057845 ], [ 16.7580328804281, 46.275836078599227 ], [ 16.757614474987406, 46.275901442122667 ], [ 16.757136922287543, 46.275749384565529 ], [ 16.756576237305492, 46.275299253998831 ], [ 16.756202235895341, 46.274897017520367 ], [ 16.756235277150086, 46.274469755771037 ], [ 16.756365606102975, 46.274315791202589 ], [ 16.756829307897696, 46.273644637985001 ], [ 16.756910844849717, 46.273240029957364 ], [ 16.7567762797966, 46.272986160886205 ], [ 16.756691666988836, 46.272732089538138 ], [ 16.756822939087471, 46.272281214113079 ], [ 16.757354743767159, 46.271944961936576 ], [ 16.7584535113158, 46.271607427061781 ], [ 16.75923595020738, 46.271351484263008 ], [ 16.758327103168476, 46.269528005273536 ], [ 16.758397682043636, 46.269417899734307 ], [ 16.758542317273619, 46.269192462266147 ], [ 16.759390423971375, 46.268728353987669 ], [ 16.75998122789894, 46.268615806431789 ], [ 16.760755085559396, 46.268585253057552 ], [ 16.760819621952052, 46.268187158648679 ], [ 16.760719829837438, 46.268181628026483 ], [ 16.760602762253942, 46.268089583397874 ], [ 16.76060117485477, 46.267754620347972 ], [ 16.760597924675849, 46.267068769271219 ], [ 16.760628878094085, 46.266759365806116 ], [ 16.740354814160604, 46.274305867210138 ], [ 16.732314382145695, 46.313881460030451 ], [ 16.733042965783753, 46.314188854228533 ] ] ] ] } }
]
}
