{
"type": "FeatureCollection",
"name": "output_zupanija_18",
"crs": { "type": "name", "properties": { "name": "urn:ogc:def:crs:EPSG::3765" } },
"features": [
{ "type": "Feature", "properties": { "population": 142, "longitude": 16.412534013283523, "latitude": 43.932813505978238, "BM": 1 }, "geometry": { "type": "Polygon", "coordinates": [ [ [ 16.412507926227594, 43.953525546916701 ], [ 16.425831421980369, 43.941633175656435 ], [ 16.432964516966209, 43.930535719841536 ], [ 16.432330885639804, 43.925223198336532 ], [ 16.413400504839998, 43.920187593045512 ], [ 16.387912175178595, 43.920759810681602 ], [ 16.412507926227594, 43.953525546916701 ] ] ] } },
{ "type": "Feature", "properties": { "population": 39, "longitude": 16.857492907545389, "latitude": 43.585569213161541, "BM": 2 }, "geometry": { "type": "Polygon", "coordinates": [ [ [ 16.831296564124273, 43.584887725945286 ], [ 16.866774287894515, 43.623085502190001 ], [ 16.868591070603706, 43.6218167510239 ], [ 16.881487094226802, 43.569774433369901 ], [ 16.848660692079186, 43.557588327703442 ], [ 16.835915100618219, 43.568862839136727 ], [ 16.831296564124273, 43.584887725945286 ] ] ] } },
{ "type": "Feature", "properties": { "population": 50, "longitude": 16.616922403769301, "latitude": 43.49923924512558, "BM": 3 }, "geometry": { "type": "Polygon", "coordinates": [ [ [ 16.604704828322923, 43.509533954268235 ], [ 16.629249942728617, 43.507239976659299 ], [ 16.627529058594362, 43.484370627030209 ], [ 16.627088055279543, 43.483708834549887 ], [ 16.599979442821478, 43.500210532055704 ], [ 16.604704828322923, 43.509533954268235 ] ] ] } },
{ "type": "Feature", "properties": { "population": 74, "longitude": 16.485209062574807, "latitude": 44.116749161364893, "BM": 4 }, "geometry": { "type": "Polygon", "coordinates": [ [ [ 16.425290049923301, 44.136759955550538 ], [ 16.638840310177461, 44.317810883160526 ], [ 16.425831421980369, 43.941633175656435 ], [ 16.412507926227594, 43.953525546916701 ], [ 16.394760750734736, 43.974263812475392 ], [ 16.416036638009171, 44.110130236897831 ], [ 16.425290049923301, 44.136759955550538 ] ] ] } },
{ "type": "Feature", "properties": { "population": 106, "longitude": 16.462208467044452, "latitude": 44.372224784956948, "BM": 5 }, "geometry": { "type": "Polygon", "coordinates": [ [ [ 16.451350375991108, 44.594933489120926 ], [ 16.763807177703505, 44.556080869892163 ], [ 16.85407433179175, 44.506954375377873 ], [ 16.638840310177461, 44.317810883160526 ], [ 16.425290049923301, 44.136759955550538 ], [ 16.316935115921567, 44.100006953906984 ], [ 16.277780039132402, 44.111232543894758 ], [ 16.222864234025437, 44.15017008872136 ], [ 16.164226357833208, 44.372347185648806 ], [ 16.451350375991108, 44.594933489120926 ] ] ] } },
{ "type": "Feature", "properties": { "population": 289, "longitude": 16.36946595243208, "latitude": 44.002566830745685, "BM": 6 }, "geometry": { "type": "Polygon", "coordinates": [ [ [ 16.310487129928337, 43.957131750467468 ], [ 16.416036638009171, 44.110130236897831 ], [ 16.394760750734736, 43.974263812475392 ], [ 16.348828665313853, 43.933720670175717 ], [ 16.310487129928337, 43.957131750467468 ] ] ] } },
{ "type": "Feature", "properties": { "population": 86, "longitude": 16.334453719348261, "latitude": 44.050273541381578, "BM": 7 }, "geometry": { "type": "Polygon", "coordinates": [ [ [ 16.272420157821035, 44.038661599390622 ], [ 16.316935115921567, 44.100006953906984 ], [ 16.425290049923301, 44.136759955550538 ], [ 16.416036638009171, 44.110130236897831 ], [ 16.310487129928337, 43.957131750467468 ], [ 16.300336142411791, 43.957448151662796 ], [ 16.27873648113783, 43.980644288007937 ], [ 16.272053487668845, 43.997254300094014 ], [ 16.269174237216408, 44.031417860418706 ], [ 16.272420157821035, 44.038661599390622 ] ] ] } },
{ "type": "Feature", "properties": { "population": 84, "longitude": 16.242707914503971, "latitude": 43.978190529930885, "BM": 8 }, "geometry": { "type": "Polygon", "coordinates": [ [ [ 16.206337865871017, 43.983337536041788 ], [ 16.272053487668845, 43.997254300094014 ], [ 16.27873648113783, 43.980644288007937 ], [ 16.229758975662754, 43.955421603015019 ], [ 16.208221615958333, 43.976846322077456 ], [ 16.206337865871017, 43.983337536041788 ] ] ] } },
{ "type": "Feature", "properties": { "population": 142, "longitude": 16.412534013283523, "latitude": 43.932813505978238, "BM": 9 }, "geometry": { "type": "Polygon", "coordinates": [ [ [ 16.412507926227594, 43.953525546916701 ], [ 16.425831421980369, 43.941633175656435 ], [ 16.432964516966209, 43.930535719841536 ], [ 16.432330885639804, 43.925223198336532 ], [ 16.413400504839998, 43.920187593045512 ], [ 16.387912175178595, 43.920759810681602 ], [ 16.412507926227594, 43.953525546916701 ] ] ] } },
{ "type": "Feature", "properties": { "population": 174, "longitude": 16.239119168313771, "latitude": 44.007897042918664, "BM": 10 }, "geometry": { "type": "Polygon", "coordinates": [ [ [ 16.203866375977412, 43.98589844125339 ], [ 16.211374803570941, 44.016912117354543 ], [ 16.227110859816538, 44.02611050290421 ], [ 16.269174237216408, 44.031417860418706 ], [ 16.272053487668845, 43.997254300094014 ], [ 16.206337865871017, 43.983337536041788 ], [ 16.203866375977412, 43.98589844125339 ] ] ] } },
{ "type": "Feature", "properties": { "population": 49, "longitude": 16.177165636390868, "latitude": 43.959569289775182, "BM": 11 }, "geometry": { "type": "Polygon", "coordinates": [ [ [ 16.154013165297435, 43.987832084803799 ], [ 16.203866375977412, 43.98589844125339 ], [ 16.206337865871017, 43.983337536041788 ], [ 16.208221615958333, 43.976846322077456 ], [ 16.178044165014533, 43.915089549638559 ], [ 16.1543507847651, 43.941946187328 ], [ 16.154013165297435, 43.987832084803799 ] ] ] } },
{ "type": "Feature", "properties": { "population": 26, "longitude": 16.260512302443871, "latitude": 43.942418504531233, "BM": 12 }, "geometry": { "type": "Polygon", "coordinates": [ [ [ 16.300336142411791, 43.957448151662796 ], [ 16.267275477366507, 43.906257829620714 ], [ 16.224488307903783, 43.917015409328506 ], [ 16.229758975662754, 43.955421603015019 ], [ 16.27873648113783, 43.980644288007937 ], [ 16.300336142411791, 43.957448151662796 ] ] ] } },
{ "type": "Feature", "properties": { "population": 556, "longitude": 16.261117147987754, "latitude": 44.077963153281488, "BM": 13 }, "geometry": { "type": "Polygon", "coordinates": [ [ [ 16.197046752225713, 44.078656295982888 ], [ 16.277780039132402, 44.111232543894758 ], [ 16.316935115921567, 44.100006953906984 ], [ 16.272420157821035, 44.038661599390622 ], [ 16.204553578663909, 44.070075510453663 ], [ 16.197046752225713, 44.078656295982888 ] ] ] } },
{ "type": "Feature", "properties": { "population": 797, "longitude": 16.235454381156813, "latitude": 44.043836485347775, "BM": 14 }, "geometry": { "type": "Polygon", "coordinates": [ [ [ 16.211279847063285, 44.04806195242486 ], [ 16.204553578663909, 44.070075510453663 ], [ 16.272420157821035, 44.038661599390622 ], [ 16.269174237216408, 44.031417860418706 ], [ 16.227110859816538, 44.02611050290421 ], [ 16.211279847063285, 44.04806195242486 ] ] ] } },
{ "type": "Feature", "properties": { "population": 578, "longitude": 16.196039861513743, "latitude": 44.038413207706597, "BM": 15 }, "geometry": { "type": "Polygon", "coordinates": [ [ [ 16.193116368200389, 44.044866983386662 ], [ 16.200670937804631, 44.04001955579686 ], [ 16.201066769574403, 44.03945517675325 ], [ 16.199590096535868, 44.031891030982521 ], [ 16.190520243803793, 44.03741178775433 ], [ 16.193116368200389, 44.044866983386662 ] ] ] } },
{ "type": "Feature", "properties": { "population": 673, "longitude": 16.201647101904722, "latitude": 44.059303395968662, "BM": 16 }, "geometry": { "type": "Polygon", "coordinates": [ [ [ 16.197046752225713, 44.078656295982888 ], [ 16.204553578663909, 44.070075510453663 ], [ 16.211279847063285, 44.04806195242486 ], [ 16.201066769574403, 44.03945517675325 ], [ 16.200670937804631, 44.04001955579686 ], [ 16.193780222808993, 44.070770364328077 ], [ 16.193498789646345, 44.079412841499447 ], [ 16.197046752225713, 44.078656295982888 ] ] ] } },
{ "type": "Feature", "properties": { "population": 1227, "longitude": 16.21177351348544, "latitude": 44.03138461196145, "BM": 17 }, "geometry": { "type": "Polygon", "coordinates": [ [ [ 16.206059576752704, 44.019946131747723 ], [ 16.199590096535868, 44.031891030982521 ], [ 16.201066769574403, 44.03945517675325 ], [ 16.211279847063285, 44.04806195242486 ], [ 16.227110859816538, 44.02611050290421 ], [ 16.211374803570941, 44.016912117354543 ], [ 16.206059576752704, 44.019946131747723 ] ] ] } },
{ "type": "Feature", "properties": { "population": 356, "longitude": 16.179365490832794, "latitude": 44.065896454456301, "BM": 18 }, "geometry": { "type": "Polygon", "coordinates": [ [ [ 16.16400813438549, 44.091802997888657 ], [ 16.193498789646345, 44.079412841499447 ], [ 16.193780222808993, 44.070770364328077 ], [ 16.193116368200389, 44.044866983386662 ], [ 16.190520243803793, 44.03741178775433 ], [ 16.181605144834204, 44.035822658114064 ], [ 16.158278387076471, 44.084156984719975 ], [ 16.16400813438549, 44.091802997888657 ] ] ] } },
{ "type": "Feature", "properties": { "population": 39, "longitude": 16.857492907545389, "latitude": 43.585569213161541, "BM": 19 }, "geometry": { "type": "Polygon", "coordinates": [ [ [ 16.831296564124273, 43.584887725945286 ], [ 16.866774287894515, 43.623085502190001 ], [ 16.868591070603706, 43.6218167510239 ], [ 16.881487094226802, 43.569774433369901 ], [ 16.848660692079186, 43.557588327703442 ], [ 16.835915100618219, 43.568862839136727 ], [ 16.831296564124273, 43.584887725945286 ] ] ] } },
{ "type": "Feature", "properties": { "population": 122, "longitude": 16.168761996834153, "latitude": 44.213073071278274, "BM": 20 }, "geometry": { "type": "Polygon", "coordinates": [ [ [ 16.157647792018626, 44.368973969914251 ], [ 16.164226357833208, 44.372347185648806 ], [ 16.222864234025437, 44.15017008872136 ], [ 16.163378435660658, 44.101043136612439 ], [ 16.122239287469114, 44.158919455772114 ], [ 16.157647792018626, 44.368973969914251 ] ] ] } },
{ "type": "Feature", "properties": { "population": 578, "longitude": 16.196039861513743, "latitude": 44.038413207706597, "BM": 21 }, "geometry": { "type": "Polygon", "coordinates": [ [ [ 16.193116368200389, 44.044866983386662 ], [ 16.200670937804631, 44.04001955579686 ], [ 16.201066769574403, 44.03945517675325 ], [ 16.199590096535868, 44.031891030982521 ], [ 16.190520243803793, 44.03741178775433 ], [ 16.193116368200389, 44.044866983386662 ] ] ] } },
{ "type": "Feature", "properties": { "population": 595, "longitude": 16.195855842938006, "latitude": 44.051885634503876, "BM": 22 }, "geometry": { "type": "Polygon", "coordinates": [ [ [ 16.193780222808993, 44.070770364328077 ], [ 16.200670937804631, 44.04001955579686 ], [ 16.193116368200389, 44.044866983386662 ], [ 16.193780222808993, 44.070770364328077 ] ] ] } },
{ "type": "Feature", "properties": { "population": 114, "longitude": 17.213381563718531, "latitude": 43.968779565580412, "BM": 23 }, "geometry": { "type": "Polygon", "coordinates": [ [ [ 16.919229447382445, 43.622695244023845 ], [ 17.398247575744872, 44.303155368955309 ], [ 17.494867737072688, 44.267056409581663 ], [ 17.487937717634537, 44.256623247877805 ], [ 16.967961765825869, 43.586126199937105 ], [ 16.941363356632817, 43.58245713533892 ], [ 16.938167545375482, 43.584539998305182 ], [ 16.919229447382445, 43.622695244023845 ] ] ] } },
{ "type": "Feature", "properties": { "population": 41, "longitude": 16.858100625828165, "latitude": 43.697786397024018, "BM": 24 }, "geometry": { "type": "Polygon", "coordinates": [ [ [ 16.813770295269638, 43.672565362203947 ], [ 16.905237052963635, 43.816207785387306 ], [ 16.865768086058107, 43.624726795560463 ], [ 16.828351980399717, 43.636327995723185 ], [ 16.811161732172778, 43.653407607145198 ], [ 16.813770295269638, 43.672565362203947 ] ] ] } },
{ "type": "Feature", "properties": { "population": 156, "longitude": 16.306016831271442, "latitude": 43.417755262937604, "BM": 25 }, "geometry": { "type": "Polygon", "coordinates": [ [ [ 16.290951870061505, 43.446010244573905 ], [ 16.306803444642675, 43.45055033486976 ], [ 16.332551111342017, 43.441826990356944 ], [ 16.303010550600984, 43.367058160749039 ], [ 16.286602670720654, 43.407020375021048 ], [ 16.290951870061505, 43.446010244573905 ] ] ] } },
{ "type": "Feature", "properties": { "population": 160, "longitude": 16.815076772845934, "latitude": 45.45960857299184, "BM": 26 }, "geometry": { "type": "Polygon", "coordinates": [ [ [ 16.818972448948919, 45.481604246397453 ], [ 16.827874755999463, 45.480530745291688 ], [ 16.825366399508891, 45.459613330233282 ], [ 16.795017864496501, 45.428264934809583 ], [ 16.818972448948919, 45.481604246397453 ] ] ] } },
{ "type": "Feature", "properties": { "population": 32, "longitude": 16.21160991249689, "latitude": 43.688895082347436, "BM": 27 }, "geometry": { "type": "Polygon", "coordinates": [ [ [ 16.192937520555279, 43.710280378091248 ], [ 16.23880762913684, 43.705848103160776 ], [ 16.241313174515522, 43.697475231719061 ], [ 16.235488148143997, 43.681047558933379 ], [ 16.198133560775648, 43.65879261314187 ], [ 16.185579756966909, 43.691423091005831 ], [ 16.192937520555279, 43.710280378091248 ] ] ] } },
{ "type": "Feature", "properties": { "population": 32, "longitude": 16.21160991249689, "latitude": 43.688895082347436, "BM": 28 }, "geometry": { "type": "Polygon", "coordinates": [ [ [ 16.192937520555279, 43.710280378091248 ], [ 16.23880762913684, 43.705848103160776 ], [ 16.241313174515522, 43.697475231719061 ], [ 16.235488148143997, 43.681047558933379 ], [ 16.198133560775648, 43.65879261314187 ], [ 16.185579756966909, 43.691423091005831 ], [ 16.192937520555279, 43.710280378091248 ] ] ] } },
{ "type": "Feature", "properties": { "population": 54, "longitude": 16.072605136012779, "latitude": 44.035072473223444, "BM": 29 }, "geometry": { "type": "Polygon", "coordinates": [ [ [ 16.033917392825039, 44.03194705887806 ], [ 16.071399389997723, 44.073618130164306 ], [ 16.109796136786422, 44.052058559699475 ], [ 16.099578593854879, 44.011835519140931 ], [ 16.077924526698421, 44.005386967211585 ], [ 16.037464178782344, 44.00973245893227 ], [ 16.033917392825039, 44.03194705887806 ] ] ] } },
{ "type": "Feature", "properties": { "population": 55, "longitude": 16.030814236769537, "latitude": 44.086686624046386, "BM": 30 }, "geometry": { "type": "Polygon", "coordinates": [ [ [ 16.006651066647414, 44.132141089217889 ], [ 16.058763938681263, 44.119640925653549 ], [ 16.071399389997723, 44.073618130164306 ], [ 16.033917392825039, 44.03194705887806 ], [ 15.988872804243508, 44.083998715765539 ], [ 16.006651066647414, 44.132141089217889 ] ] ] } },
{ "type": "Feature", "properties": { "population": 97, "longitude": 16.069793919174661, "latitude": 44.242302594207459, "BM": 31 }, "geometry": { "type": "Polygon", "coordinates": [ [ [ 16.069366056420996, 44.350762159150534 ], [ 16.157647792018626, 44.368973969914251 ], [ 16.122239287469114, 44.158919455772114 ], [ 16.072890032580194, 44.125418372522148 ], [ 16.058763938681263, 44.119640925653549 ], [ 16.006651066647414, 44.132141089217889 ], [ 15.985289591355032, 44.175300371084376 ], [ 16.005245091199782, 44.304109963430605 ], [ 16.069366056420996, 44.350762159150534 ] ] ] } },
{ "type": "Feature", "properties": { "population": 157, "longitude": 16.345397662211077, "latitude": 43.636461969867298, "BM": 32 }, "geometry": { "type": "Polygon", "coordinates": [ [ [ 16.311504405196704, 43.638285345009564 ], [ 16.3384942251488, 43.680040321332946 ], [ 16.380459505200406, 43.62803440137764 ], [ 16.365352047481938, 43.605528601028531 ], [ 16.361595822956058, 43.60497656845866 ], [ 16.337847071325339, 43.606298782579465 ], [ 16.311504405196704, 43.638285345009564 ] ] ] } },
{ "type": "Feature", "properties": { "population": 122, "longitude": 16.168761996834153, "latitude": 44.213073071278274, "BM": 33 }, "geometry": { "type": "Polygon", "coordinates": [ [ [ 16.157647792018626, 44.368973969914251 ], [ 16.164226357833208, 44.372347185648806 ], [ 16.222864234025437, 44.15017008872136 ], [ 16.163378435660658, 44.101043136612439 ], [ 16.122239287469114, 44.158919455772114 ], [ 16.157647792018626, 44.368973969914251 ] ] ] } },
{ "type": "Feature", "properties": { "population": 130, "longitude": 15.937271221993685, "latitude": 44.223531059916631, "BM": 34 }, "geometry": { "type": "Polygon", "coordinates": [ [ [ 15.867531615644493, 44.240923721317046 ], [ 15.971222605947233, 44.302101463932402 ], [ 16.005245091199782, 44.304109963430605 ], [ 15.985289591355032, 44.175300371084376 ], [ 15.907248383782571, 44.144705262854941 ], [ 15.864250946157203, 44.194806770013287 ], [ 15.867531615644493, 44.240923721317046 ] ] ] } },
{ "type": "Feature", "properties": { "population": 119, "longitude": 16.624641127125912, "latitude": 45.617897540521561, "BM": 35 }, "geometry": { "type": "Polygon", "coordinates": [ [ [ 16.607974761965458, 45.613792320038193 ], [ 16.605570633977511, 45.630816969937882 ], [ 16.612544054753343, 45.640177935097221 ], [ 16.645907057440997, 45.62413473918626 ], [ 16.640043902052593, 45.601415347257799 ], [ 16.634715491378532, 45.598964484102446 ], [ 16.623339881451258, 45.598279301698966 ], [ 16.613512334106776, 45.603912246668308 ], [ 16.607974761965458, 45.613792320038193 ] ] ] } },
{ "type": "Feature", "properties": { "population": 1148, "longitude": 15.963833267131266, "latitude": 43.973326475516814, "BM": 36 }, "geometry": { "type": "Polygon", "coordinates": [ [ [ 15.912822844240841, 44.002990661983986 ], [ 15.950922447723126, 44.022381434718035 ], [ 16.014746161112605, 43.982990173193336 ], [ 16.009704872141729, 43.938995135621212 ], [ 15.994824020714093, 43.928078416630093 ], [ 15.928746104242684, 43.943321372904343 ], [ 15.911189245554974, 43.999013760066006 ], [ 15.912822844240841, 44.002990661983986 ] ] ] } },
{ "type": "Feature", "properties": { "population": 163, "longitude": 15.920168552646446, "latitude": 44.054142858879068, "BM": 37 }, "geometry": { "type": "Polygon", "coordinates": [ [ [ 15.87524729042317, 44.092609334829554 ], [ 15.883712353650465, 44.098476674647159 ], [ 15.968879938906166, 44.070849711768219 ], [ 15.950922447723126, 44.022381434718035 ], [ 15.912822844240841, 44.002990661983986 ], [ 15.88183561063058, 44.06010176287932 ], [ 15.87524729042317, 44.092609334829554 ] ] ] } },
{ "type": "Feature", "properties": { "population": 550, "longitude": 16.572442164243455, "latitude": 45.361920512320665, "BM": 38 }, "geometry": { "type": "Polygon", "coordinates": [ [ [ 16.570070759668038, 45.347481121464561 ], [ 16.567576492730833, 45.368736195881553 ], [ 16.578712487848783, 45.373860648391378 ], [ 16.57238351174286, 45.347273457943061 ], [ 16.570070759668038, 45.347481121464561 ] ] ] } },
{ "type": "Feature", "properties": { "population": 126, "longitude": 16.027373492155498, "latitude": 44.745962122092315, "BM": 39 }, "geometry": { "type": "Polygon", "coordinates": [ [ [ 15.815833752739989, 44.6505896950666 ], [ 15.815690948483285, 44.676471341760504 ], [ 15.862175033696175, 44.806585409814566 ], [ 15.953853939338225, 44.903640121702544 ], [ 15.983805401065938, 44.931636770776876 ], [ 16.13243795850466, 44.869943839002438 ], [ 16.193128735724358, 44.817287804322454 ], [ 16.30159735615349, 44.699651696815096 ], [ 16.102358606544477, 44.63268781494633 ], [ 15.858988198234098, 44.590635473669536 ], [ 15.815833752739989, 44.6505896950666 ] ] ] } },
{ "type": "Feature", "properties": { "population": 666, "longitude": 15.779367672858079, "latitude": 44.534854501554072, "BM": 40 }, "geometry": { "type": "Polygon", "coordinates": [ [ [ 15.708810113885553, 44.584863756197556 ], [ 15.815833752739989, 44.6505896950666 ], [ 15.858988198234098, 44.590635473669536 ], [ 15.868296405734748, 44.504663481380575 ], [ 15.794083700734037, 44.430225097594231 ], [ 15.778123706402727, 44.432005596615554 ], [ 15.67238946288283, 44.49174322165112 ], [ 15.708810113885553, 44.584863756197556 ] ] ] } },
{ "type": "Feature", "properties": { "population": 140, "longitude": 16.210285066410083, "latitude": 43.544553284411037, "BM": 41 }, "geometry": { "type": "Polygon", "coordinates": [ [ [ 16.178941182773503, 43.543762219436893 ], [ 16.19550453195609, 43.564685027940016 ], [ 16.209482094755007, 43.570305714135841 ], [ 16.241304051734126, 43.551857906116702 ], [ 16.228050385087936, 43.526388134652983 ], [ 16.225270905530564, 43.522053174264364 ], [ 16.210845656272266, 43.519062149842647 ], [ 16.180216686895029, 43.538592995250376 ], [ 16.178941182773503, 43.543762219436893 ] ] ] } },
{ "type": "Feature", "properties": { "population": 42, "longitude": 16.313897147120088, "latitude": 43.906094970599398, "BM": 42 }, "geometry": { "type": "Polygon", "coordinates": [ [ [ 16.267275477366507, 43.906257829620714 ], [ 16.300336142411791, 43.957448151662796 ], [ 16.310487129928337, 43.957131750467468 ], [ 16.348828665313853, 43.933720670175717 ], [ 16.355609853600082, 43.915201997894826 ], [ 16.355992574805342, 43.904832651111199 ], [ 16.346991601827725, 43.863978811251016 ], [ 16.29020804152476, 43.866311495809995 ], [ 16.282308681345175, 43.869659422990679 ], [ 16.270337587543892, 43.896708512587736 ], [ 16.267275477366507, 43.906257829620714 ] ] ] } },
{ "type": "Feature", "properties": { "population": 541, "longitude": 15.860406998780501, "latitude": 44.141964458800381, "BM": 43 }, "geometry": { "type": "Polygon", "coordinates": [ [ [ 15.807662229848432, 44.15153317485133 ], [ 15.864250946157203, 44.194806770013287 ], [ 15.907248383782571, 44.144705262854941 ], [ 15.883712353650465, 44.098476674647159 ], [ 15.87524729042317, 44.092609334829554 ], [ 15.858062210580581, 44.09475697101707 ], [ 15.806817782554761, 44.147873918477153 ], [ 15.807662229848432, 44.15153317485133 ] ] ] } },
{ "type": "Feature", "properties": { "population": 78, "longitude": 15.749533615604271, "latitude": 43.930249947679627, "BM": 44 }, "geometry": { "type": "Polygon", "coordinates": [ [ [ 15.734487962991517, 43.90817713181935 ], [ 15.725586709319163, 43.933721627408154 ], [ 15.743272748361578, 43.954586569132516 ], [ 15.769901364189927, 43.943666640177177 ], [ 15.778251226979272, 43.92889978585611 ], [ 15.742529338222754, 43.904405872470207 ], [ 15.734487962991517, 43.90817713181935 ] ] ] } },
{ "type": "Feature", "properties": { "population": 444, "longitude": 15.760459239642978, "latitude": 43.982119407466527, "BM": 45 }, "geometry": { "type": "Polygon", "coordinates": [ [ [ 15.741796945829234, 43.957180886383476 ], [ 15.739592971474339, 44.002438367914202 ], [ 15.743057887476303, 44.01569778028864 ], [ 15.775873630878326, 44.010867918952016 ], [ 15.785493458296537, 43.986312708099717 ], [ 15.769901364189927, 43.943666640177177 ], [ 15.743272748361578, 43.954586569132516 ], [ 15.741796945829234, 43.957180886383476 ] ] ] } },
{ "type": "Feature", "properties": { "population": 97, "longitude": 16.833835077011607, "latitude": 43.611174218328159, "BM": 46 }, "geometry": { "type": "Polygon", "coordinates": [ [ [ 16.812809907758918, 43.613826806773886 ], [ 16.828351980399717, 43.636327995723185 ], [ 16.865768086058107, 43.624726795560463 ], [ 16.866774287894515, 43.623085502190001 ], [ 16.831296564124273, 43.584887725945286 ], [ 16.809542003296226, 43.589459750793587 ], [ 16.812809907758918, 43.613826806773886 ] ] ] } },
{ "type": "Feature", "properties": { "population": 246, "longitude": 16.801419033110736, "latitude": 43.631751956131687, "BM": 47 }, "geometry": { "type": "Polygon", "coordinates": [ [ [ 16.775054956111269, 43.618040613250244 ], [ 16.779132905939299, 43.632643983755834 ], [ 16.787931463278479, 43.645877424319671 ], [ 16.811161732172778, 43.653407607145198 ], [ 16.828351980399717, 43.636327995723185 ], [ 16.812809907758918, 43.613826806773886 ], [ 16.776240202359734, 43.616331648279434 ], [ 16.775054956111269, 43.618040613250244 ] ] ] } },
{ "type": "Feature", "properties": { "population": 563, "longitude": 15.71162996486273, "latitude": 43.949666070752158, "BM": 48 }, "geometry": { "type": "Polygon", "coordinates": [ [ [ 15.698008623566247, 43.963742638237157 ], [ 15.741796945829234, 43.957180886383476 ], [ 15.743272748361578, 43.954586569132516 ], [ 15.725586709319163, 43.933721627408154 ], [ 15.697195809308194, 43.937054929123121 ], [ 15.679398377917909, 43.958112379473661 ], [ 15.698008623566247, 43.963742638237157 ] ] ] } },
{ "type": "Feature", "properties": { "population": 106, "longitude": 16.462208467044452, "latitude": 44.372224784956948, "BM": 49 }, "geometry": { "type": "Polygon", "coordinates": [ [ [ 16.451350375991108, 44.594933489120926 ], [ 16.763807177703505, 44.556080869892163 ], [ 16.85407433179175, 44.506954375377873 ], [ 16.638840310177461, 44.317810883160526 ], [ 16.425290049923301, 44.136759955550538 ], [ 16.316935115921567, 44.100006953906984 ], [ 16.277780039132402, 44.111232543894758 ], [ 16.222864234025437, 44.15017008872136 ], [ 16.164226357833208, 44.372347185648806 ], [ 16.451350375991108, 44.594933489120926 ] ] ] } },
{ "type": "Feature", "properties": { "population": 152, "longitude": 15.770207998830358, "latitude": 44.041799915369239, "BM": 50 }, "geometry": { "type": "Polygon", "coordinates": [ [ [ 15.726096582270234, 44.045343090730462 ], [ 15.781892341821049, 44.077148717924025 ], [ 15.810100088397286, 44.058586671170978 ], [ 15.805888976202166, 44.032320478529194 ], [ 15.775873630878326, 44.010867918952016 ], [ 15.743057887476303, 44.01569778028864 ], [ 15.73038657694218, 44.028376719665118 ], [ 15.726096582270234, 44.045343090730462 ] ] ] } },
{ "type": "Feature", "properties": { "population": 125, "longitude": 16.000638870464222, "latitude": 43.81456156757389, "BM": 51 }, "geometry": { "type": "Polygon", "coordinates": [ [ [ 15.985978758704073, 43.845514135221315 ], [ 16.017673271278646, 43.828466787849145 ], [ 16.034336655241656, 43.798834937475327 ], [ 15.990942920363775, 43.787390822099368 ], [ 15.972267355523931, 43.82373074349676 ], [ 15.985978758704073, 43.845514135221315 ] ] ] } },
{ "type": "Feature", "properties": { "population": 249, "longitude": 15.7047320875796, "latitude": 43.992759090269857, "BM": 52 }, "geometry": { "type": "Polygon", "coordinates": [ [ [ 15.67494212810101, 43.962376768855599 ], [ 15.667586571408108, 43.980444033184533 ], [ 15.687407133412165, 44.00355351315212 ], [ 15.73038657694218, 44.028376719665118 ], [ 15.743057887476303, 44.01569778028864 ], [ 15.739592971474339, 44.002438367914202 ], [ 15.698008623566247, 43.963742638237157 ], [ 15.679398377917909, 43.958112379473661 ], [ 15.678786698822764, 43.958342156077926 ], [ 15.67494212810101, 43.962376768855599 ] ] ] } },
{ "type": "Feature", "properties": { "population": 118, "longitude": 16.020749103441851, "latitude": 43.848565013760741, "BM": 53 }, "geometry": { "type": "Polygon", "coordinates": [ [ [ 15.987475913874748, 43.864952792511133 ], [ 16.048857684412969, 43.862702910483236 ], [ 16.056206672593582, 43.837093991563457 ], [ 16.017673271278646, 43.828466787849145 ], [ 15.985978758704073, 43.845514135221315 ], [ 15.987475913874748, 43.864952792511133 ] ] ] } },
{ "type": "Feature", "properties": { "population": 204, "longitude": 15.743316565976718, "latitude": 44.235881838520854, "BM": 54 }, "geometry": { "type": "Polygon", "coordinates": [ [ [ 15.708524809894378, 44.211733495462056 ], [ 15.712204397597063, 44.280460823180128 ], [ 15.760412156465698, 44.277620797998232 ], [ 15.788403863727359, 44.2509762219645 ], [ 15.779462456753178, 44.213165425853759 ], [ 15.719428522772594, 44.18058939297574 ], [ 15.708524809894378, 44.211733495462056 ] ] ] } },
{ "type": "Feature", "properties": { "population": 317, "longitude": 15.75710826935922, "latitude": 44.163007908481859, "BM": 55 }, "geometry": { "type": "Polygon", "coordinates": [ [ [ 15.707954044200333, 44.146383720223014 ], [ 15.719428522772594, 44.18058939297574 ], [ 15.779462456753178, 44.213165425853759 ], [ 15.807662229848432, 44.15153317485133 ], [ 15.806817782554761, 44.147873918477153 ], [ 15.76584392458798, 44.126925866165813 ], [ 15.70712617416226, 44.131716230287907 ], [ 15.707954044200333, 44.146383720223014 ] ] ] } },
{ "type": "Feature", "properties": { "population": 68, "longitude": 15.749879630418803, "latitude": 44.34697405191752, "BM": 56 }, "geometry": { "type": "Polygon", "coordinates": [ [ [ 15.682102255481391, 44.296911857150668 ], [ 15.695921251101153, 44.344118574917317 ], [ 15.778123706402727, 44.432005596615554 ], [ 15.794083700734037, 44.430225097594231 ], [ 15.811487459471216, 44.389163542542143 ], [ 15.760412156465698, 44.277620797998232 ], [ 15.712204397597063, 44.280460823180128 ], [ 15.682102255481391, 44.296911857150668 ] ] ] } },
{ "type": "Feature", "properties": { "population": 831, "longitude": 15.692369374032459, "latitude": 44.188439520640912, "BM": 57 }, "geometry": { "type": "Polygon", "coordinates": [ [ [ 15.649497545050568, 44.212239452453233 ], [ 15.708524809894378, 44.211733495462056 ], [ 15.719428522772594, 44.18058939297574 ], [ 15.707954044200333, 44.146383720223014 ], [ 15.649497545050568, 44.212239452453233 ] ] ] } },
{ "type": "Feature", "properties": { "population": 149, "longitude": 15.665605486139112, "latitude": 44.252528574230681, "BM": 58 }, "geometry": { "type": "Polygon", "coordinates": [ [ [ 15.615728624030544, 44.230881138131878 ], [ 15.616207462928289, 44.262010690182343 ], [ 15.620191532593449, 44.284063592548193 ], [ 15.682102255481391, 44.296911857150668 ], [ 15.712204397597063, 44.280460823180128 ], [ 15.708524809894378, 44.211733495462056 ], [ 15.649497545050568, 44.212239452453233 ], [ 15.615728624030544, 44.230881138131878 ] ] ] } },
{ "type": "Feature", "properties": { "population": 166, "longitude": 16.371083966181949, "latitude": 45.61497360707785, "BM": 59 }, "geometry": { "type": "Polygon", "coordinates": [ [ [ 16.349025313671437, 45.622106686689278 ], [ 16.364091818752225, 45.63076302604297 ], [ 16.370873290658189, 45.633290787750312 ], [ 16.407521682912975, 45.620340286126599 ], [ 16.357615598414323, 45.59173532212651 ], [ 16.355284205885461, 45.595270263717765 ], [ 16.345706507182488, 45.614251035703703 ], [ 16.349025313671437, 45.622106686689278 ] ] ] } },
{ "type": "Feature", "properties": { "population": 164, "longitude": 15.822613497905177, "latitude": 44.210738131595576, "BM": 60 }, "geometry": { "type": "Polygon", "coordinates": [ [ [ 15.788403863727359, 44.2509762219645 ], [ 15.823124169667704, 44.252381040070368 ], [ 15.867531615644493, 44.240923721317046 ], [ 15.864250946157203, 44.194806770013287 ], [ 15.807662229848432, 44.15153317485133 ], [ 15.779462456753178, 44.213165425853759 ], [ 15.788403863727359, 44.2509762219645 ] ] ] } },
{ "type": "Feature", "properties": { "population": 118, "longitude": 16.020749103441851, "latitude": 43.848565013760741, "BM": 61 }, "geometry": { "type": "Polygon", "coordinates": [ [ [ 15.987475913874748, 43.864952792511133 ], [ 16.048857684412969, 43.862702910483236 ], [ 16.056206672593582, 43.837093991563457 ], [ 16.017673271278646, 43.828466787849145 ], [ 15.985978758704073, 43.845514135221315 ], [ 15.987475913874748, 43.864952792511133 ] ] ] } },
{ "type": "Feature", "properties": { "population": 565, "longitude": 15.695049956556536, "latitude": 43.903293028409941, "BM": 62 }, "geometry": { "type": "Polygon", "coordinates": [ [ [ 15.682754398095295, 43.89112549029182 ], [ 15.678338691311964, 43.900402903640625 ], [ 15.697948565297802, 43.924181655565221 ], [ 15.712239292545021, 43.902523034286816 ], [ 15.710778424175135, 43.900259469472672 ], [ 15.692562619165448, 43.88629298001279 ], [ 15.682754398095295, 43.89112549029182 ] ] ] } },
{ "type": "Feature", "properties": { "population": 105, "longitude": 16.658735543882305, "latitude": 45.299251269115508, "BM": 63 }, "geometry": { "type": "Polygon", "coordinates": [ [ [ 16.633891364613213, 45.291265119253396 ], [ 16.662073217471004, 45.332497488518719 ], [ 16.676047015841863, 45.328988561417667 ], [ 16.681185216966245, 45.326659085313857 ], [ 16.687615666366352, 45.319361862148305 ], [ 16.65723884268041, 45.266173603632282 ], [ 16.636704211713496, 45.268955597932617 ], [ 16.633891364613213, 45.291265119253396 ] ] ] } },
{ "type": "Feature", "properties": { "population": 657, "longitude": 16.780743323538438, "latitude": 45.480311112518244, "BM": 64 }, "geometry": { "type": "Polygon", "coordinates": [ [ [ 16.777280641445735, 45.481960868256614 ], [ 16.784140756207396, 45.481461871400448 ], [ 16.784304421309642, 45.47926172725213 ], [ 16.778230489896409, 45.478501319396742 ], [ 16.777280641445735, 45.481960868256614 ] ] ] } },
{ "type": "Feature", "properties": { "population": 109, "longitude": 16.173368940908365, "latitude": 45.390037029971943, "BM": 65 }, "geometry": { "type": "Polygon", "coordinates": [ [ [ 16.159271199253869, 45.411194111285695 ], [ 16.205259047340856, 45.38355231800508 ], [ 16.155576576130372, 45.375364660625053 ], [ 16.159271199253869, 45.411194111285695 ] ] ] } },
{ "type": "Feature", "properties": { "population": 157, "longitude": 15.700550917834592, "latitude": 44.658606097599765, "BM": 66 }, "geometry": { "type": "Polygon", "coordinates": [ [ [ 15.613762769824801, 44.718920891007023 ], [ 15.644927603480578, 44.713917944834513 ], [ 15.815690948483285, 44.676471341760504 ], [ 15.815833752739989, 44.6505896950666 ], [ 15.708810113885553, 44.584863756197556 ], [ 15.586041213004467, 44.676364939329062 ], [ 15.613762769824801, 44.718920891007023 ] ] ] } },
{ "type": "Feature", "properties": { "population": 322, "longitude": 15.680117568231566, "latitude": 43.927209859597788, "BM": 67 }, "geometry": { "type": "Polygon", "coordinates": [ [ [ 15.66028747651618, 43.912920334400404 ], [ 15.678786698822764, 43.958342156077926 ], [ 15.679398377917909, 43.958112379473661 ], [ 15.697195809308194, 43.937054929123121 ], [ 15.697948565297802, 43.924181655565221 ], [ 15.678338691311964, 43.900402903640625 ], [ 15.66028747651618, 43.912920334400404 ] ] ] } },
{ "type": "Feature", "properties": { "population": 212, "longitude": 16.184713693961271, "latitude": 43.873455514633342, "BM": 68 }, "geometry": { "type": "Polygon", "coordinates": [ [ [ 16.179196562111361, 43.912816336605623 ], [ 16.19440093995939, 43.907816213328402 ], [ 16.20587324332022, 43.871949407530238 ], [ 16.203530165298904, 43.8514418487729 ], [ 16.183314736940524, 43.831390259735443 ], [ 16.170298556390446, 43.845122031164294 ], [ 16.167628518680608, 43.865932302873027 ], [ 16.16535929501601, 43.898221673287175 ], [ 16.179196562111361, 43.912816336605623 ] ] ] } },
{ "type": "Feature", "properties": { "population": 102, "longitude": 16.809570451136, "latitude": 43.570610777144211, "BM": 69 }, "geometry": { "type": "Polygon", "coordinates": [ [ [ 16.789237806051208, 43.58000646536599 ], [ 16.809542003296226, 43.589459750793587 ], [ 16.831296564124273, 43.584887725945286 ], [ 16.835915100618219, 43.568862839136727 ], [ 16.801766849588123, 43.548948123703724 ], [ 16.787930427583817, 43.555377934926319 ], [ 16.789237806051208, 43.58000646536599 ] ] ] } },
{ "type": "Feature", "properties": { "population": 86, "longitude": 16.334453719348261, "latitude": 44.050273541381578, "BM": 70 }, "geometry": { "type": "Polygon", "coordinates": [ [ [ 16.272420157821035, 44.038661599390622 ], [ 16.316935115921567, 44.100006953906984 ], [ 16.425290049923301, 44.136759955550538 ], [ 16.416036638009171, 44.110130236897831 ], [ 16.310487129928337, 43.957131750467468 ], [ 16.300336142411791, 43.957448151662796 ], [ 16.27873648113783, 43.980644288007937 ], [ 16.272053487668845, 43.997254300094014 ], [ 16.269174237216408, 44.031417860418706 ], [ 16.272420157821035, 44.038661599390622 ] ] ] } },
{ "type": "Feature", "properties": { "population": 188, "longitude": 15.670174419668507, "latitude": 44.085668725378419, "BM": 71 }, "geometry": { "type": "Polygon", "coordinates": [ [ [ 15.621453894608925, 44.086389235617609 ], [ 15.636072215060684, 44.099381951617552 ], [ 15.695974746792235, 44.129365977620232 ], [ 15.70529138864994, 44.129890940528639 ], [ 15.709557559659682, 44.067908282424362 ], [ 15.662781531488742, 44.047688015031454 ], [ 15.660219099645239, 44.047453504778055 ], [ 15.633982215374806, 44.058173902584485 ], [ 15.624966681604242, 44.069387137168995 ], [ 15.621453894608925, 44.086389235617609 ] ] ] } },
{ "type": "Feature", "properties": { "population": 97, "longitude": 16.833835077011607, "latitude": 43.611174218328159, "BM": 72 }, "geometry": { "type": "Polygon", "coordinates": [ [ [ 16.812809907758918, 43.613826806773886 ], [ 16.828351980399717, 43.636327995723185 ], [ 16.865768086058107, 43.624726795560463 ], [ 16.866774287894515, 43.623085502190001 ], [ 16.831296564124273, 43.584887725945286 ], [ 16.809542003296226, 43.589459750793587 ], [ 16.812809907758918, 43.613826806773886 ] ] ] } },
{ "type": "Feature", "properties": { "population": 139, "longitude": 16.298674044697822, "latitude": 43.607529203390087, "BM": 73 }, "geometry": { "type": "Polygon", "coordinates": [ [ [ 16.264592632403186, 43.603462591347338 ], [ 16.285334388163513, 43.638707589716184 ], [ 16.311504405196704, 43.638285345009564 ], [ 16.337847071325339, 43.606298782579465 ], [ 16.321938082369076, 43.587517711997478 ], [ 16.285727307759618, 43.576834547925188 ], [ 16.271116283852749, 43.582189324706619 ], [ 16.264592632403186, 43.603462591347338 ] ] ] } },
{ "type": "Feature", "properties": { "population": 1206, "longitude": 15.651437341797143, "latitude": 44.178793783649922, "BM": 74 }, "geometry": { "type": "Polygon", "coordinates": [ [ [ 15.604266993095409, 44.19491701305224 ], [ 15.60441378300958, 44.204358122404187 ], [ 15.615728624030544, 44.230881138131878 ], [ 15.649497545050568, 44.212239452453233 ], [ 15.707954044200333, 44.146383720223014 ], [ 15.70712617416226, 44.131716230287907 ], [ 15.70529138864994, 44.129890940528639 ], [ 15.695974746792235, 44.129365977620232 ], [ 15.613927641927456, 44.174628505894482 ], [ 15.604266993095409, 44.19491701305224 ] ] ] } },
{ "type": "Feature", "properties": { "population": 346, "longitude": 15.649550240344608, "latitude": 43.885838142742379, "BM": 75 }, "geometry": { "type": "Polygon", "coordinates": [ [ [ 15.639362621394092, 43.905496110666803 ], [ 15.66028747651618, 43.912920334400404 ], [ 15.678338691311964, 43.900402903640625 ], [ 15.682754398095295, 43.89112549029182 ], [ 15.635785758694499, 43.855107589576214 ], [ 15.618745524590965, 43.869773049770714 ], [ 15.639362621394092, 43.905496110666803 ] ] ] } },
{ "type": "Feature", "properties": { "population": 182, "longitude": 15.844224533355398, "latitude": 44.055102423564414, "BM": 76 }, "geometry": { "type": "Polygon", "coordinates": [ [ [ 15.810100088397286, 44.058586671170978 ], [ 15.858062210580581, 44.09475697101707 ], [ 15.87524729042317, 44.092609334829554 ], [ 15.88183561063058, 44.06010176287932 ], [ 15.834917369334898, 44.012543923065508 ], [ 15.805888976202166, 44.032320478529194 ], [ 15.810100088397286, 44.058586671170978 ] ] ] } },
{ "type": "Feature", "properties": { "population": 321, "longitude": 16.932004456246208, "latitude": 45.464491503752299, "BM": 77 }, "geometry": { "type": "Polygon", "coordinates": [ [ [ 16.911562207649766, 45.484680617919814 ], [ 16.929382028799516, 45.491291794495069 ], [ 16.954353024939024, 45.473014913498233 ], [ 16.959694109694528, 45.447802378850326 ], [ 16.918053142313571, 45.441087349907427 ], [ 16.91704463832744, 45.44192361002051 ], [ 16.908470941368041, 45.461216823465165 ], [ 16.911562207649766, 45.484680617919814 ] ] ] } },
{ "type": "Feature", "properties": { "population": 328, "longitude": 15.622762059020276, "latitude": 44.357205225791866, "BM": 78 }, "geometry": { "type": "Polygon", "coordinates": [ [ [ 15.546366622742845, 44.356726401856548 ], [ 15.608121888456372, 44.454032807320296 ], [ 15.695921251101153, 44.344118574917317 ], [ 15.682102255481391, 44.296911857150668 ], [ 15.620191532593449, 44.284063592548193 ], [ 15.548561979470529, 44.352363834736749 ], [ 15.546366622742845, 44.356726401856548 ] ] ] } },
{ "type": "Feature", "properties": { "population": 81, "longitude": 15.633194656875942, "latitude": 45.214811679615948, "BM": 79 }, "geometry": { "type": "Polygon", "coordinates": [ [ [ 15.585197807677043, 45.200597600694216 ], [ 15.605690350657341, 45.247039553304333 ], [ 15.661111115712409, 45.252922563783152 ], [ 15.684344316858374, 45.200654205118539 ], [ 15.626107903608025, 45.177504310320103 ], [ 15.613760603428153, 45.176775119713213 ], [ 15.598430801480896, 45.185510544952386 ], [ 15.585197807677043, 45.200597600694216 ] ] ] } },
{ "type": "Feature", "properties": { "population": 1302, "longitude": 15.684938333329756, "latitude": 44.774694828211324, "BM": 80 }, "geometry": { "type": "Polygon", "coordinates": [ [ [ 15.617360253911317, 44.785032050576319 ], [ 15.673718505546002, 44.819011760470779 ], [ 15.804510304268474, 44.809043557246234 ], [ 15.644927603480578, 44.713917944834513 ], [ 15.613762769824801, 44.718920891007023 ], [ 15.617360253911317, 44.785032050576319 ] ] ] } },
{ "type": "Feature", "properties": { "population": 565, "longitude": 15.622982593601611, "latitude": 44.857848449811932, "BM": 81 }, "geometry": { "type": "Polygon", "coordinates": [ [ [ 15.558194840820624, 44.910973197427474 ], [ 15.6351901735887, 44.91052486943029 ], [ 15.66624784910247, 44.900539403114621 ], [ 15.669026670338591, 44.894058963714109 ], [ 15.673718505546002, 44.819011760470779 ], [ 15.617360253911317, 44.785032050576319 ], [ 15.603354738994609, 44.797238306746095 ], [ 15.558194840820624, 44.910973197427474 ] ] ] } },
{ "type": "Feature", "properties": { "population": 67, "longitude": 16.130670494023647, "latitude": 43.774710141865185, "BM": 82 }, "geometry": { "type": "Polygon", "coordinates": [ [ [ 16.123531432695675, 43.737722532626449 ], [ 16.098874260907106, 43.81213513603722 ], [ 16.103692979456053, 43.815454637067511 ], [ 16.141111529216477, 43.802838344775161 ], [ 16.16120468396127, 43.764464122007027 ], [ 16.149249593809014, 43.741674922508928 ], [ 16.130960456874632, 43.731398729039846 ], [ 16.123531432695675, 43.737722532626449 ] ] ] } },
{ "type": "Feature", "properties": { "population": 442, "longitude": 15.634643575934593, "latitude": 43.963066804227758, "BM": 83 }, "geometry": { "type": "Polygon", "coordinates": [ [ [ 15.599371587970493, 43.965044663838121 ], [ 15.610496457092578, 43.977965197392379 ], [ 15.619966785215489, 43.983217050329557 ], [ 15.666329496163058, 43.981108860058242 ], [ 15.667586571408108, 43.980444033184533 ], [ 15.67494212810101, 43.962376768855599 ], [ 15.627714551604424, 43.936779487391497 ], [ 15.601366773130271, 43.949891821025034 ], [ 15.599371587970493, 43.965044663838121 ] ] ] } },
{ "type": "Feature", "properties": { "population": 184, "longitude": 15.607683766830155, "latitude": 43.90748893651255, "BM": 84 }, "geometry": { "type": "Polygon", "coordinates": [ [ [ 15.575559039084393, 43.908165978428329 ], [ 15.601366773130271, 43.949891821025034 ], [ 15.627714551604424, 43.936779487391497 ], [ 15.639362621394092, 43.905496110666803 ], [ 15.618745524590965, 43.869773049770714 ], [ 15.590099723113672, 43.873195288899282 ], [ 15.575559039084393, 43.908165978428329 ] ] ] } },
{ "type": "Feature", "properties": { "population": 329, "longitude": 15.818847339943368, "latitude": 45.049440225470207, "BM": 85 }, "geometry": { "type": "Polygon", "coordinates": [ [ [ 15.76123787064115, 44.998693711060035 ], [ 15.693547741200309, 45.117038114867938 ], [ 15.713769969320058, 45.141904841660129 ], [ 15.886588931058707, 45.080275300631477 ], [ 15.96073747558105, 44.980841909734941 ], [ 15.962010021849405, 44.97128156083712 ], [ 15.762981331572544, 44.997952602442766 ], [ 15.76123787064115, 44.998693711060035 ] ] ] } },
{ "type": "Feature", "properties": { "population": 923, "longitude": 15.574359052354605, "latitude": 44.226084706410738, "BM": 86 }, "geometry": { "type": "Polygon", "coordinates": [ [ [ 15.527969730586289, 44.230455235478757 ], [ 15.616207462928289, 44.262010690182343 ], [ 15.615728624030544, 44.230881138131878 ], [ 15.60441378300958, 44.204358122404187 ], [ 15.521633001959206, 44.202546957226531 ], [ 15.527969730586289, 44.230455235478757 ] ] ] } },
{ "type": "Feature", "properties": { "population": 238, "longitude": 16.005062562838326, "latitude": 43.502868646752319, "BM": 87 }, "geometry": { "type": "Polygon", "coordinates": [ [ [ 16.009572253454323, 43.533979954880571 ], [ 16.024584872935591, 43.516714304945808 ], [ 15.996111216671643, 43.455500521227492 ], [ 15.992009902292631, 43.521922529828451 ], [ 16.009572253454323, 43.533979954880571 ] ] ] } },
{ "type": "Feature", "properties": { "population": 564, "longitude": 16.106795562941794, "latitude": 43.483187680656087, "BM": 88 }, "geometry": { "type": "Polygon", "coordinates": [ [ [ 16.074519739957623, 43.49837889047533 ], [ 16.112282936730939, 43.501868218280428 ], [ 16.124900578391049, 43.501776531069538 ], [ 16.147110161397343, 43.48703484226813 ], [ 16.115108009117101, 43.45628568552204 ], [ 16.06848271967835, 43.480879481483811 ], [ 16.070220230866681, 43.491097916247135 ], [ 16.074519739957623, 43.49837889047533 ] ] ] } },
{ "type": "Feature", "properties": { "population": 754, "longitude": 15.615755399800882, "latitude": 44.041831800068678, "BM": 89 }, "geometry": { "type": "Polygon", "coordinates": [ [ [ 15.593165912922748, 44.040976980874937 ], [ 15.624966681604242, 44.069387137168995 ], [ 15.633982215374806, 44.058173902584485 ], [ 15.624968302655407, 44.021486800987923 ], [ 15.621906322782761, 44.018436832824214 ], [ 15.603826878252077, 44.022374300004962 ], [ 15.593165912922748, 44.040976980874937 ] ] ] } },
{ "type": "Feature", "properties": { "population": 165, "longitude": 16.394432195370353, "latitude": 43.857611325921127, "BM": 90 }, "geometry": { "type": "Polygon", "coordinates": [ [ [ 16.355992574805342, 43.904832651111199 ], [ 16.398679009707077, 43.897739349353998 ], [ 16.432451832008393, 43.873598145262008 ], [ 16.444050414239193, 43.828110976724474 ], [ 16.441371651750231, 43.823345361962247 ], [ 16.408286767446434, 43.81371177726556 ], [ 16.401285189898449, 43.813321173782299 ], [ 16.378448204758151, 43.818903763141478 ], [ 16.346991601827725, 43.863978811251016 ], [ 16.355992574805342, 43.904832651111199 ] ] ] } },
{ "type": "Feature", "properties": { "population": 320, "longitude": 15.586926017135815, "latitude": 44.025935248872628, "BM": 91 }, "geometry": { "type": "Polygon", "coordinates": [ [ [ 15.570727399865248, 44.039261252843112 ], [ 15.593165912922748, 44.040976980874937 ], [ 15.603826878252077, 44.022374300004962 ], [ 15.593265396486109, 44.009409581349033 ], [ 15.578153358914642, 44.012035872427631 ], [ 15.570727399865248, 44.039261252843112 ] ] ] } },
{ "type": "Feature", "properties": { "population": 416, "longitude": 15.586602249005026, "latitude": 43.9881102643416, "BM": 92 }, "geometry": { "type": "Polygon", "coordinates": [ [ [ 15.560842910120332, 43.984783620237096 ], [ 15.578153358914642, 44.012035872427631 ], [ 15.593265396486109, 44.009409581349033 ], [ 15.610496457092578, 43.977965197392379 ], [ 15.599371587970493, 43.965044663838121 ], [ 15.578576823023486, 43.973038037065137 ], [ 15.560842910120332, 43.984783620237096 ] ] ] } },
{ "type": "Feature", "properties": { "population": 311, "longitude": 15.591968495192438, "latitude": 44.067251577436885, "BM": 93 }, "geometry": { "type": "Polygon", "coordinates": [ [ [ 15.55999341749391, 44.057608818306257 ], [ 15.589683178902911, 44.099002755040217 ], [ 15.621453894608925, 44.086389235617609 ], [ 15.624966681604242, 44.069387137168995 ], [ 15.593165912922748, 44.040976980874937 ], [ 15.570727399865248, 44.039261252843112 ], [ 15.563089522815174, 44.043476466209761 ], [ 15.55999341749391, 44.057608818306257 ] ] ] } },
{ "type": "Feature", "properties": { "population": 157, "longitude": 16.345397662211077, "latitude": 43.636461969867298, "BM": 94 }, "geometry": { "type": "Polygon", "coordinates": [ [ [ 16.311504405196704, 43.638285345009564 ], [ 16.3384942251488, 43.680040321332946 ], [ 16.380459505200406, 43.62803440137764 ], [ 16.365352047481938, 43.605528601028531 ], [ 16.361595822956058, 43.60497656845866 ], [ 16.337847071325339, 43.606298782579465 ], [ 16.311504405196704, 43.638285345009564 ] ] ] } },
{ "type": "Feature", "properties": { "population": 671, "longitude": 15.574640339006972, "latitude": 43.940235762508507, "BM": 95 }, "geometry": { "type": "Polygon", "coordinates": [ [ [ 15.541952375662564, 43.923243829470486 ], [ 15.541422239949659, 43.924075258771325 ], [ 15.578576823023486, 43.973038037065137 ], [ 15.599371587970493, 43.965044663838121 ], [ 15.601366773130271, 43.949891821025034 ], [ 15.575559039084393, 43.908165978428329 ], [ 15.541952375662564, 43.923243829470486 ] ] ] } },
{ "type": "Feature", "properties": { "population": 305, "longitude": 15.611105575092566, "latitude": 44.117484728241621, "BM": 96 }, "geometry": { "type": "Polygon", "coordinates": [ [ [ 15.584744124971905, 44.105904932481494 ], [ 15.612203760546285, 44.16467009758437 ], [ 15.636072215060684, 44.099381951617552 ], [ 15.621453894608925, 44.086389235617609 ], [ 15.589683178902911, 44.099002755040217 ], [ 15.584744124971905, 44.105904932481494 ] ] ] } },
{ "type": "Feature", "properties": { "population": 1187, "longitude": 15.646887001062359, "latitude": 44.135205259461515, "BM": 97 }, "geometry": { "type": "Polygon", "coordinates": [ [ [ 15.613927641927456, 44.174628505894482 ], [ 15.695974746792235, 44.129365977620232 ], [ 15.636072215060684, 44.099381951617552 ], [ 15.612203760546285, 44.16467009758437 ], [ 15.613927641927456, 44.174628505894482 ] ] ] } },
{ "type": "Feature", "properties": { "population": 153, "longitude": 15.848286912512913, "latitude": 43.955465890323168, "BM": 98 }, "geometry": { "type": "Polygon", "coordinates": [ [ [ 15.824941083501228, 43.966931968493597 ], [ 15.848609462564044, 43.988906943017483 ], [ 15.863008790019551, 43.98657951539996 ], [ 15.866967194742179, 43.926956604554626 ], [ 15.845202826363238, 43.921358214108622 ], [ 15.823786871018221, 43.957940885138342 ], [ 15.824941083501228, 43.966931968493597 ] ] ] } },
{ "type": "Feature", "properties": { "population": 799, "longitude": 15.880475439248503, "latitude": 44.298096274612902, "BM": 99 }, "geometry": { "type": "Polygon", "coordinates": [ [ [ 15.823124169667704, 44.252381040070368 ], [ 15.84198029184979, 44.364460402851961 ], [ 15.971222605947233, 44.302101463932402 ], [ 15.867531615644493, 44.240923721317046 ], [ 15.823124169667704, 44.252381040070368 ] ] ] } },
{ "type": "Feature", "properties": { "population": 233, "longitude": 15.814889276475963, "latitude": 43.923499424469441, "BM": 100 }, "geometry": { "type": "Polygon", "coordinates": [ [ [ 15.779125914641837, 43.928487822261054 ], [ 15.823786871018221, 43.957940885138342 ], [ 15.845202826363238, 43.921358214108622 ], [ 15.82234399197743, 43.888781805412414 ], [ 15.792840741909144, 43.910166813712372 ], [ 15.779125914641837, 43.928487822261054 ] ] ] } },
{ "type": "Feature", "properties": { "population": 394, "longitude": 15.334604459222765, "latitude": 43.970779947203198, "BM": 101 }, "geometry": { "type": "Polygon", "coordinates": [ [ [ 15.343520442253553, 44.006226997076993 ], [ 15.36228343490189, 43.987433822053056 ], [ 15.298009500512848, 43.918679022479552 ], [ 15.343520442253553, 44.006226997076993 ] ] ] } },
{ "type": "Feature", "properties": { "population": 440, "longitude": 15.368358693144872, "latitude": 44.006280866222298, "BM": 102 }, "geometry": { "type": "Polygon", "coordinates": [ [ [ 15.339017210805224, 44.021391329638355 ], [ 15.376458642895805, 44.028546547109137 ], [ 15.388677468636127, 44.00963845318617 ], [ 15.395491773007448, 43.993770349534998 ], [ 15.385370970475289, 43.983533545454534 ], [ 15.363008972705931, 43.987155265126347 ], [ 15.36228343490189, 43.987433822053056 ], [ 15.343520442253553, 44.006226997076993 ], [ 15.339017210805224, 44.021391329638355 ] ] ] } },
{ "type": "Feature", "properties": { "population": 261, "longitude": 16.326074861417702, "latitude": 43.782261193308635, "BM": 103 }, "geometry": { "type": "Polygon", "coordinates": [ [ [ 16.294448521930427, 43.796526128401197 ], [ 16.370549799542815, 43.813168176143243 ], [ 16.33265275327674, 43.74873652902631 ], [ 16.306251878241007, 43.755044399811553 ], [ 16.286578870974452, 43.789526838699622 ], [ 16.294448521930427, 43.796526128401197 ] ] ] } },
{ "type": "Feature", "properties": { "population": 252, "longitude": 15.30657724910038, "latitude": 43.960049304920467, "BM": 104 }, "geometry": { "type": "Polygon", "coordinates": [ [ [ 15.266861874182469, 43.891811024573713 ], [ 15.318480013848289, 44.019216739928311 ], [ 15.338730024850824, 44.021599100580026 ], [ 15.339017210805224, 44.021391329638355 ], [ 15.343520442253553, 44.006226997076993 ], [ 15.298009500512848, 43.918679022479552 ], [ 15.271370589715016, 43.878518998279695 ], [ 15.266861874182469, 43.891811024573713 ] ] ] } },
{ "type": "Feature", "properties": { "population": 935, "longitude": 15.368465802431283, "latitude": 44.171319710425948, "BM": 105 }, "geometry": { "type": "Polygon", "coordinates": [ [ [ 15.342261927304422, 44.171175140847126 ], [ 15.361280267925876, 44.191182631395002 ], [ 15.383300840213931, 44.189936501460032 ], [ 15.393487689700896, 44.175270026348151 ], [ 15.373289638787341, 44.146479373834723 ], [ 15.348488054868595, 44.160544422976059 ], [ 15.342261927304422, 44.171175140847126 ] ] ] } },
{ "type": "Feature", "properties": { "population": 261, "longitude": 16.326074861417702, "latitude": 43.782261193308635, "BM": 106 }, "geometry": { "type": "Polygon", "coordinates": [ [ [ 16.294448521930427, 43.796526128401197 ], [ 16.370549799542815, 43.813168176143243 ], [ 16.33265275327674, 43.74873652902631 ], [ 16.306251878241007, 43.755044399811553 ], [ 16.286578870974452, 43.789526838699622 ], [ 16.294448521930427, 43.796526128401197 ] ] ] } },
{ "type": "Feature", "properties": { "population": 513, "longitude": 15.401558399237873, "latitude": 44.154576187338741, "BM": 107 }, "geometry": { "type": "Polygon", "coordinates": [ [ [ 15.373289638787341, 44.146479373834723 ], [ 15.393487689700896, 44.175270026348151 ], [ 15.396555673074024, 44.175629651483092 ], [ 15.430722360278244, 44.160743820898709 ], [ 15.430813196472053, 44.160613794310215 ], [ 15.432738252036989, 44.149339670858438 ], [ 15.382672330923185, 44.135476052365028 ], [ 15.378123021393213, 44.137404258624727 ], [ 15.373289638787341, 44.146479373834723 ] ] ] } },
{ "type": "Feature", "properties": { "population": 766, "longitude": 16.173766675061483, "latitude": 43.565538554376673, "BM": 108 }, "geometry": { "type": "Polygon", "coordinates": [ [ [ 16.154014297726807, 43.553093996144675 ], [ 16.168634145912684, 43.594252998546601 ], [ 16.19550453195609, 43.564685027940016 ], [ 16.178941182773503, 43.543762219436893 ], [ 16.154014297726807, 43.553093996144675 ] ] ] } },
{ "type": "Feature", "properties": { "population": 309, "longitude": 15.344195583761213, "latitude": 44.202821490252624, "BM": 109 }, "geometry": { "type": "Polygon", "coordinates": [ [ [ 15.334123614617608, 44.175409036743027 ], [ 15.326524163684015, 44.220474029855588 ], [ 15.340372372194237, 44.232499892436181 ], [ 15.361890571999323, 44.215936076099212 ], [ 15.361280267925876, 44.191182631395002 ], [ 15.342261927304422, 44.171175140847126 ], [ 15.335117039835351, 44.174403450998533 ], [ 15.334123614617608, 44.175409036743027 ] ] ] } },
{ "type": "Feature", "properties": { "population": 227, "longitude": 16.027856220531607, "latitude": 43.897751468235441, "BM": 110 }, "geometry": { "type": "Polygon", "coordinates": [ [ [ 15.98634634637073, 43.868774001935009 ], [ 15.994824020714093, 43.928078416630093 ], [ 16.009704872141729, 43.938995135621212 ], [ 16.049244411177668, 43.925696874714859 ], [ 16.078124814644248, 43.910789350694742 ], [ 16.080034921624943, 43.904812983729983 ], [ 16.048857684412969, 43.862702910483236 ], [ 15.987475913874748, 43.864952792511133 ], [ 15.98634634637073, 43.868774001935009 ] ] ] } },
{ "type": "Feature", "properties": { "population": 130, "longitude": 16.536429790909715, "latitude": 43.747541071903477, "BM": 111 }, "geometry": { "type": "Polygon", "coordinates": [ [ [ 16.493787297465882, 43.764314194342177 ], [ 16.522700074041538, 43.77894326588352 ], [ 16.560796599989494, 43.767409955366446 ], [ 16.582040656400657, 43.747686530719392 ], [ 16.55345314389281, 43.710912901510859 ], [ 16.508170095378041, 43.732734660858647 ], [ 16.494859029569895, 43.747333692973399 ], [ 16.493787297465882, 43.764314194342177 ] ] ] } },
{ "type": "Feature", "properties": { "population": 259, "longitude": 16.544519983866302, "latitude": 43.610355362637456, "BM": 112 }, "geometry": { "type": "Polygon", "coordinates": [ [ [ 16.516206885664751, 43.637571296372279 ], [ 16.524964737900351, 43.640639195665415 ], [ 16.576762274378918, 43.612602409427794 ], [ 16.577851996811198, 43.61100293432991 ], [ 16.559203214296296, 43.578566290209579 ], [ 16.524238814719073, 43.598867420937481 ], [ 16.514973603541169, 43.635433420180327 ], [ 16.516206885664751, 43.637571296372279 ] ] ] } },
{ "type": "Feature", "properties": { "population": 82, "longitude": 15.717827976099414, "latitude": 43.860114213667408, "BM": 113 }, "geometry": { "type": "Polygon", "coordinates": [ [ [ 15.698819250008654, 43.867236774187113 ], [ 15.723721786795464, 43.874775431060144 ], [ 15.743126118702445, 43.872167539407499 ], [ 15.739446446487516, 43.854253507238951 ], [ 15.692752125078757, 43.842642250770645 ], [ 15.698819250008654, 43.867236774187113 ] ] ] } },
{ "type": "Feature", "properties": { "population": 729, "longitude": 14.865842888468844, "latitude": 43.119016700793573, "BM": 114 }, "geometry": { "type": "Polygon", "coordinates": [ [ [ 14.28220716060147, 42.4415921 ], [ 15.024369226548094, 43.750567561086605 ], [ 15.178760572199348, 43.989700342875544 ], [ 15.19479381969248, 43.993771813394936 ], [ 15.226698957627125, 43.965687798652766 ], [ 15.248504057423737, 43.930350303228167 ], [ 15.266861874182469, 43.891811024573713 ], [ 15.271370589715016, 43.878518998279695 ], [ 15.277707547270987, 43.839216548693521 ], [ 15.277615071916008, 43.803853760892721 ], [ 15.27218013407194, 43.647465380634756 ], [ 15.175192637157467, 43.245415674679492 ], [ 14.985270924108256, 42.825237978096816 ], [ 14.616008294424566, 42.4415921 ], [ 14.28220716060147, 42.4415921 ] ] ] } },
{ "type": "Feature", "properties": { "population": 76, "longitude": 15.327963666632657, "latitude": 43.799086568119868, "BM": 115 }, "geometry": { "type": "Polygon", "coordinates": [ [ [ 15.277615071916008, 43.803853760892721 ], [ 15.410529371990867, 43.947510864243917 ], [ 15.417757112562224, 43.94213127863059 ], [ 15.321746182557957, 43.715196796630394 ], [ 15.27218013407194, 43.647465380634756 ], [ 15.277615071916008, 43.803853760892721 ] ] ] } },
{ "type": "Feature", "properties": { "population": 1424, "longitude": 15.420672024005579, "latitude": 43.956808677197309, "BM": 116 }, "geometry": { "type": "Polygon", "coordinates": [ [ [ 15.422945170378219, 43.981292351402956 ], [ 15.429791932112911, 43.947815393994489 ], [ 15.420206866632396, 43.94179924060893 ], [ 15.417757112562224, 43.94213127863059 ], [ 15.410529371990867, 43.947510864243917 ], [ 15.409996410341106, 43.94821095591054 ], [ 15.422945170378219, 43.981292351402956 ] ] ] } },
{ "type": "Feature", "properties": { "population": 334, "longitude": 15.386430123229083, "latitude": 43.957314502995757, "BM": 117 }, "geometry": { "type": "Polygon", "coordinates": [ [ [ 15.385436382782395, 43.981080754209898 ], [ 15.406809743742333, 43.949699035628726 ], [ 15.367044243162519, 43.941163719148655 ], [ 15.385436382782395, 43.981080754209898 ] ] ] } },
{ "type": "Feature", "properties": { "population": 1024, "longitude": 15.40458114301542, "latitude": 43.974766782411727, "BM": 118 }, "geometry": { "type": "Polygon", "coordinates": [ [ [ 15.385370970475289, 43.983533545454534 ], [ 15.395491773007448, 43.993770349534998 ], [ 15.401215480664472, 43.994147661619955 ], [ 15.423103948581829, 43.981815513722651 ], [ 15.422945170378219, 43.981292351402956 ], [ 15.409996410341106, 43.94821095591054 ], [ 15.406809743742333, 43.949699035628726 ], [ 15.385436382782395, 43.981080754209898 ], [ 15.385370970475289, 43.983533545454534 ] ] ] } },
{ "type": "Feature", "properties": { "population": 149, "longitude": 16.116508485156587, "latitude": 43.554548740562112, "BM": 119 }, "geometry": { "type": "Polygon", "coordinates": [ [ [ 16.109581325435208, 43.56896296006736 ], [ 16.122936406555212, 43.574644365194608 ], [ 16.13492012731145, 43.561089521265423 ], [ 16.11593219681939, 43.529941964884067 ], [ 16.115072199174037, 43.530487948539225 ], [ 16.097894706212418, 43.553415442899329 ], [ 16.109581325435208, 43.56896296006736 ] ] ] } },
{ "type": "Feature", "properties": { "population": 813, "longitude": 15.357759638792468, "latitude": 44.052118447594786, "BM": 120 }, "geometry": { "type": "Polygon", "coordinates": [ [ [ 15.338730024850824, 44.021599100580026 ], [ 15.338275234638996, 44.085375369415026 ], [ 15.340249892003323, 44.085730616000788 ], [ 15.371668141655558, 44.076259377260186 ], [ 15.384935262753693, 44.042876025107546 ], [ 15.376458642895805, 44.028546547109137 ], [ 15.339017210805224, 44.021391329638355 ], [ 15.338730024850824, 44.021599100580026 ] ] ] } },
{ "type": "Feature", "properties": { "population": 415, "longitude": 15.404682166418711, "latitude": 44.01138130034213, "BM": 121 }, "geometry": { "type": "Polygon", "coordinates": [ [ [ 15.388677468636127, 44.00963845318617 ], [ 15.403008058458685, 44.023627516520392 ], [ 15.419919267829883, 44.026218017665265 ], [ 15.420757988507029, 44.025845778046026 ], [ 15.421916060753714, 44.018892993391653 ], [ 15.401215480664472, 43.994147661619955 ], [ 15.395491773007448, 43.993770349534998 ], [ 15.388677468636127, 44.00963845318617 ] ] ] } },
{ "type": "Feature", "properties": { "population": 1069, "longitude": 15.433166359591592, "latitude": 44.335781547658968, "BM": 122 }, "geometry": { "type": "Polygon", "coordinates": [ [ [ 15.407006578847854, 44.404702003791932 ], [ 15.498088511288648, 44.36501679077341 ], [ 15.453651611086466, 44.277584943627666 ], [ 15.431329456201587, 44.263831974612764 ], [ 15.424696915147852, 44.264137921279264 ], [ 15.419033990660182, 44.265568021655717 ], [ 15.391927873668896, 44.297679402678142 ], [ 15.383523007633267, 44.352931306339109 ], [ 15.407006578847854, 44.404702003791932 ] ] ] } },
{ "type": "Feature", "properties": { "population": 312, "longitude": 15.796280943317731, "latitude": 45.483168864813337, "BM": 123 }, "geometry": { "type": "Polygon", "coordinates": [ [ [ 15.785682259823435, 45.520742556999615 ], [ 15.824595858113222, 45.502019261607195 ], [ 15.832675925114527, 45.484178570899978 ], [ 15.829803124740172, 45.461899681394598 ], [ 15.773051220408359, 45.447703420326604 ], [ 15.762342145560993, 45.498516969006303 ], [ 15.785682259823435, 45.520742556999615 ] ] ] } },
{ "type": "Feature", "properties": { "population": 728, "longitude": 15.359794354260345, "latitude": 44.302773448019614, "BM": 124 }, "geometry": { "type": "Polygon", "coordinates": [ [ [ 15.336277905752162, 44.325467173563801 ], [ 15.383523007633267, 44.352931306339109 ], [ 15.391927873668896, 44.297679402678142 ], [ 15.359897855204629, 44.258314451738016 ], [ 15.35290572811396, 44.255179187924952 ], [ 15.324535374591846, 44.281414970542755 ], [ 15.336277905752162, 44.325467173563801 ] ] ] } },
{ "type": "Feature", "properties": { "population": 238, "longitude": 15.320480497790356, "latitude": 44.380841315459136, "BM": 125 }, "geometry": { "type": "Polygon", "coordinates": [ [ [ 15.268317989822842, 44.424700319916354 ], [ 15.318131269083663, 44.436941093990981 ], [ 15.386569203361029, 44.424356962038289 ], [ 15.404375790116347, 44.410137384329524 ], [ 15.407006578847854, 44.404702003791932 ], [ 15.383523007633267, 44.352931306339109 ], [ 15.336277905752162, 44.325467173563801 ], [ 15.260950236934555, 44.325058442505181 ], [ 15.241118232451884, 44.386669631663352 ], [ 15.268317989822842, 44.424700319916354 ] ] ] } },
{ "type": "Feature", "properties": { "population": 172, "longitude": 16.195911684919508, "latitude": 45.44793698148294, "BM": 126 }, "geometry": { "type": "Polygon", "coordinates": [ [ [ 16.165477699602715, 45.445302087514904 ], [ 16.177372446266901, 45.465404581315454 ], [ 16.18274265462971, 45.469122907660108 ], [ 16.223728572708122, 45.461254295047631 ], [ 16.22511565745344, 45.447592074425934 ], [ 16.214626454461708, 45.427432365225101 ], [ 16.166580884373001, 45.434575719863481 ], [ 16.165477699602715, 45.445302087514904 ] ] ] } },
{ "type": "Feature", "properties": { "population": 485, "longitude": 15.501301562035442, "latitude": 44.311440685025346, "BM": 127 }, "geometry": { "type": "Polygon", "coordinates": [ [ [ 15.498088511288648, 44.36501679077341 ], [ 15.546366622742845, 44.356726401856548 ], [ 15.548561979470529, 44.352363834736749 ], [ 15.513109670829378, 44.270671982110727 ], [ 15.488548665441199, 44.253632407000332 ], [ 15.453651611086466, 44.277584943627666 ], [ 15.498088511288648, 44.36501679077341 ] ] ] } },
{ "type": "Feature", "properties": { "population": 348, "longitude": 15.439469396106151, "latitude": 44.234156568894726, "BM": 128 }, "geometry": { "type": "Polygon", "coordinates": [ [ [ 15.430957008344199, 44.211825919112492 ], [ 15.424696915147852, 44.264137921279264 ], [ 15.431329456201587, 44.263831974612764 ], [ 15.458647391431469, 44.233286604462236 ], [ 15.447526665814975, 44.21034225947907 ], [ 15.435802154810569, 44.208450757839394 ], [ 15.430957008344199, 44.211825919112492 ] ] ] } },
{ "type": "Feature", "properties": { "population": 330, "longitude": 15.415689784206457, "latitude": 44.234935895757999, "BM": 129 }, "geometry": { "type": "Polygon", "coordinates": [ [ [ 15.419033990660182, 44.265568021655717 ], [ 15.424696915147852, 44.264137921279264 ], [ 15.430957008344199, 44.211825919112492 ], [ 15.396535844551668, 44.220636022347009 ], [ 15.395133813837152, 44.223073752642442 ], [ 15.395397500499405, 44.226557581812848 ], [ 15.419033990660182, 44.265568021655717 ] ] ] } },
{ "type": "Feature", "properties": { "population": 1036, "longitude": 15.398970110497661, "latitude": 44.067951033535245, "BM": 130 }, "geometry": { "type": "Polygon", "coordinates": [ [ [ 15.406662030001998, 44.091287031366264 ], [ 15.422655478745355, 44.080063182791264 ], [ 15.428696081860538, 44.068826684638111 ], [ 15.395427095447483, 44.043670007397452 ], [ 15.391587805272476, 44.043133195610046 ], [ 15.384935262753693, 44.042876025107546 ], [ 15.371668141655558, 44.076259377260186 ], [ 15.406662030001998, 44.091287031366264 ] ] ] } },
{ "type": "Feature", "properties": { "population": 291, "longitude": 15.404377638890606, "latitude": 44.032211006246158, "BM": 131 }, "geometry": { "type": "Polygon", "coordinates": [ [ [ 15.395427095447483, 44.043670007397452 ], [ 15.419919267829883, 44.026218017665265 ], [ 15.403008058458685, 44.023627516520392 ], [ 15.391587805272476, 44.043133195610046 ], [ 15.395427095447483, 44.043670007397452 ] ] ] } },
{ "type": "Feature", "properties": { "population": 483, "longitude": 16.378532340759119, "latitude": 45.492893588784838, "BM": 132 }, "geometry": { "type": "Polygon", "coordinates": [ [ [ 16.383068426846762, 45.497105587905629 ], [ 16.378874631665774, 45.488797682888055 ], [ 16.378145003917588, 45.48851186212076 ], [ 16.373752279323931, 45.491277037263146 ], [ 16.379377528461614, 45.496686578659073 ], [ 16.383068426846762, 45.497105587905629 ] ] ] } },
{ "type": "Feature", "properties": { "population": 123, "longitude": 16.322854943074368, "latitude": 45.611546561119674, "BM": 133 }, "geometry": { "type": "Polygon", "coordinates": [ [ [ 16.306420224254712, 45.611486666734883 ], [ 16.326719248221913, 45.633957327216926 ], [ 16.349025313671437, 45.622106686689278 ], [ 16.345706507182488, 45.614251035703703 ], [ 16.320339014032108, 45.597161972810682 ], [ 16.297938600894753, 45.583869989490019 ], [ 16.306420224254712, 45.611486666734883 ] ] ] } },
{ "type": "Feature", "properties": { "population": 1210, "longitude": 15.375979391066487, "latitude": 44.10176067073499, "BM": 134 }, "geometry": { "type": "Polygon", "coordinates": [ [ [ 15.378123021393213, 44.137404258624727 ], [ 15.382672330923185, 44.135476052365028 ], [ 15.406168278950068, 44.098832363528381 ], [ 15.406662030001998, 44.091287031366264 ], [ 15.371668141655558, 44.076259377260186 ], [ 15.340249892003323, 44.085730616000788 ], [ 15.378123021393213, 44.137404258624727 ] ] ] } },
{ "type": "Feature", "properties": { "population": 448, "longitude": 15.434457103505226, "latitude": 44.111461576394397, "BM": 135 }, "geometry": { "type": "Polygon", "coordinates": [ [ [ 15.406168278950068, 44.098832363528381 ], [ 15.440378655078547, 44.140739415376288 ], [ 15.465342355230714, 44.129274071160907 ], [ 15.466242647206109, 44.125519027493546 ], [ 15.422655478745355, 44.080063182791264 ], [ 15.406662030001998, 44.091287031366264 ], [ 15.406168278950068, 44.098832363528381 ] ] ] } },
{ "type": "Feature", "properties": { "population": 598, "longitude": 15.411452211018558, "latitude": 44.128271180144907, "BM": 136 }, "geometry": { "type": "Polygon", "coordinates": [ [ [ 15.382672330923185, 44.135476052365028 ], [ 15.432738252036989, 44.149339670858438 ], [ 15.440378655078547, 44.140739415376288 ], [ 15.406168278950068, 44.098832363528381 ], [ 15.382672330923185, 44.135476052365028 ] ] ] } },
{ "type": "Feature", "properties": { "population": 529, "longitude": 15.458150780158237, "latitude": 44.15673570025065, "BM": 137 }, "geometry": { "type": "Polygon", "coordinates": [ [ [ 15.430813196472053, 44.160613794310215 ], [ 15.46430333797233, 44.188962719366842 ], [ 15.483831268884966, 44.153488736020151 ], [ 15.483147964352234, 44.148951092960182 ], [ 15.465342355230714, 44.129274071160907 ], [ 15.440378655078547, 44.140739415376288 ], [ 15.432738252036989, 44.149339670858438 ], [ 15.430813196472053, 44.160613794310215 ] ] ] } },
{ "type": "Feature", "properties": { "population": 274, "longitude": 15.44293197164987, "latitude": 44.18861545376194, "BM": 138 }, "geometry": { "type": "Polygon", "coordinates": [ [ [ 15.430722360278244, 44.160743820898709 ], [ 15.427167608850494, 44.190805068928967 ], [ 15.435802154810569, 44.208450757839394 ], [ 15.447526665814975, 44.21034225947907 ], [ 15.464651743515132, 44.192332225140809 ], [ 15.46430333797233, 44.188962719366842 ], [ 15.430813196472053, 44.160613794310215 ], [ 15.430722360278244, 44.160743820898709 ] ] ] } },
{ "type": "Feature", "properties": { "population": 223, "longitude": 16.420396467410839, "latitude": 43.901596282886658, "BM": 139 }, "geometry": { "type": "Polygon", "coordinates": [ [ [ 16.413400504839998, 43.920187593045512 ], [ 16.432330885639804, 43.925223198336532 ], [ 16.433349879321206, 43.922494697350409 ], [ 16.432451832008393, 43.873598145262008 ], [ 16.398679009707077, 43.897739349353998 ], [ 16.413400504839998, 43.920187593045512 ] ] ] } },
{ "type": "Feature", "properties": { "population": 98, "longitude": 15.330439001777915, "latitude": 44.258268470348575, "BM": 140 }, "geometry": { "type": "Polygon", "coordinates": [ [ [ 15.311475868781395, 44.273752910192805 ], [ 15.324535374591846, 44.281414970542755 ], [ 15.35290572811396, 44.255179187924952 ], [ 15.340450766076403, 44.232960510732099 ], [ 15.312428139403195, 44.256322423769497 ], [ 15.310534217374064, 44.260455061053669 ], [ 15.311475868781395, 44.273752910192805 ] ] ] } },
{ "type": "Feature", "properties": { "population": 128, "longitude": 15.29807866346737, "latitude": 44.244753452248396, "BM": 141 }, "geometry": { "type": "Polygon", "coordinates": [ [ [ 15.279057143975086, 44.242780443349595 ], [ 15.310534217374064, 44.260455061053669 ], [ 15.312428139403195, 44.256322423769497 ], [ 15.301027573374478, 44.229557047844388 ], [ 15.279057143975086, 44.242780443349595 ] ] ] } },
{ "type": "Feature", "properties": { "population": 143, "longitude": 15.318953307657683, "latitude": 44.235036494948822, "BM": 142 }, "geometry": { "type": "Polygon", "coordinates": [ [ [ 15.301027573374478, 44.229557047844388 ], [ 15.312428139403195, 44.256322423769497 ], [ 15.340450766076403, 44.232960510732099 ], [ 15.340372372194237, 44.232499892436181 ], [ 15.326524163684015, 44.220474029855588 ], [ 15.316225911139346, 44.220563181897106 ], [ 15.304354686824713, 44.225655356908298 ], [ 15.301027573374478, 44.229557047844388 ] ] ] } },
{ "type": "Feature", "properties": { "population": 293, "longitude": 15.283087726870313, "latitude": 44.264889690676732, "BM": 143 }, "geometry": { "type": "Polygon", "coordinates": [ [ [ 15.262499108226772, 44.28755804235751 ], [ 15.311475868781395, 44.273752910192805 ], [ 15.310534217374064, 44.260455061053669 ], [ 15.279057143975086, 44.242780443349595 ], [ 15.263454731429205, 44.246452314471981 ], [ 15.262499108226772, 44.28755804235751 ] ] ] } },
{ "type": "Feature", "properties": { "population": 451, "longitude": 15.295701117047711, "latitude": 44.303354327049185, "BM": 144 }, "geometry": { "type": "Polygon", "coordinates": [ [ [ 15.254333652599296, 44.304815934632778 ], [ 15.260950236934555, 44.325058442505181 ], [ 15.336277905752162, 44.325467173563801 ], [ 15.324535374591846, 44.281414970542755 ], [ 15.311475868781395, 44.273752910192805 ], [ 15.262499108226772, 44.28755804235751 ], [ 15.254333652599296, 44.304815934632778 ] ] ] } },
{ "type": "Feature", "properties": { "population": 627, "longitude": 15.297664863011931, "latitude": 44.163214865684374, "BM": 145 }, "geometry": { "type": "Polygon", "coordinates": [ [ [ 15.282306418745005, 44.181783634917267 ], [ 15.293316074090079, 44.183701014281858 ], [ 15.334123614617608, 44.175409036743027 ], [ 15.335117039835351, 44.174403450998533 ], [ 15.292905784209315, 44.13606022468813 ], [ 15.285376843683789, 44.13701501333599 ], [ 15.27865389445118, 44.145296062075879 ], [ 15.270907791591085, 44.16796465564196 ], [ 15.282306418745005, 44.181783634917267 ] ] ] } },
{ "type": "Feature", "properties": { "population": 558, "longitude": 15.658800189278232, "latitude": 43.812153949604763, "BM": 146 }, "geometry": { "type": "Polygon", "coordinates": [ [ [ 15.663644862037291, 43.821618478182366 ], [ 15.685600963559875, 43.773786143600894 ], [ 15.685184516132928, 43.768974675542765 ], [ 15.63547960547564, 43.831687354873779 ], [ 15.636771132050262, 43.846387460151 ], [ 15.663644862037291, 43.821618478182366 ] ] ] } },
{ "type": "Feature", "properties": { "population": 260, "longitude": 16.150699352791783, "latitude": 43.437685298995326, "BM": 147 }, "geometry": { "type": "Polygon", "coordinates": [ [ [ 16.115108009117101, 43.45628568552204 ], [ 16.147110161397343, 43.48703484226813 ], [ 16.153510326186243, 43.48854895315241 ], [ 16.157198235818576, 43.488298414176903 ], [ 16.187550960897664, 43.46724385952102 ], [ 16.199973734518629, 43.448843458311487 ], [ 16.126323717096753, 43.367272431465636 ], [ 16.115108009117101, 43.45628568552204 ] ] ] } },
{ "type": "Feature", "properties": { "population": 1299, "longitude": 15.31782716338898, "latitude": 44.048500689671947, "BM": 148 }, "geometry": { "type": "Polygon", "coordinates": [ [ [ 15.283849117397056, 44.041538249353316 ], [ 15.309886578752346, 44.072595748641639 ], [ 15.334735709502151, 44.084787418986146 ], [ 15.337686327613575, 44.085607014058986 ], [ 15.338275234638996, 44.085375369415026 ], [ 15.338730024850824, 44.021599100580026 ], [ 15.318480013848289, 44.019216739928311 ], [ 15.29982067846327, 44.026619917809604 ], [ 15.283849117397056, 44.041538249353316 ] ] ] } },
{ "type": "Feature", "properties": { "population": 387, "longitude": 15.27851024951562, "latitude": 44.226449208613573, "BM": 149 }, "geometry": { "type": "Polygon", "coordinates": [ [ [ 15.263454731429205, 44.246452314471981 ], [ 15.279057143975086, 44.242780443349595 ], [ 15.301027573374478, 44.229557047844388 ], [ 15.304354686824713, 44.225655356908298 ], [ 15.278986964052562, 44.201442228824973 ], [ 15.25513591045199, 44.234737628939619 ], [ 15.263454731429205, 44.246452314471981 ] ] ] } },
{ "type": "Feature", "properties": { "population": 131, "longitude": 15.505358116923096, "latitude": 43.975180055862175, "BM": 150 }, "geometry": { "type": "Polygon", "coordinates": [ [ [ 15.475806603041677, 43.970992936168152 ], [ 15.503801264677035, 44.00519584902063 ], [ 15.533162620115185, 43.983240327700535 ], [ 15.516686730141819, 43.951617939590029 ], [ 15.500041372692527, 43.949014961525478 ], [ 15.475806603041677, 43.970992936168152 ] ] ] } },
{ "type": "Feature", "properties": { "population": 273, "longitude": 16.529572056275146, "latitude": 43.67010093822519, "BM": 151 }, "geometry": { "type": "Polygon", "coordinates": [ [ [ 16.500137790444832, 43.675973081851538 ], [ 16.558282771610703, 43.700235915710941 ], [ 16.561440622424922, 43.693955055358586 ], [ 16.56338564160751, 43.682750432056594 ], [ 16.524964737900351, 43.640639195665415 ], [ 16.516206885664751, 43.637571296372279 ], [ 16.497598554795971, 43.664482651278171 ], [ 16.500137790444832, 43.675973081851538 ] ] ] } },
{ "type": "Feature", "properties": { "population": 1463, "longitude": 15.237657991053927, "latitude": 44.269768469516279, "BM": 152 }, "geometry": { "type": "Polygon", "coordinates": [ [ [ 15.195756450940705, 44.283863074676347 ], [ 15.254333652599296, 44.304815934632778 ], [ 15.262499108226772, 44.28755804235751 ], [ 15.263454731429205, 44.246452314471981 ], [ 15.25513591045199, 44.234737628939619 ], [ 15.245158773149667, 44.229847293173819 ], [ 15.243346956721217, 44.230504935059777 ], [ 15.197317956575331, 44.279374378352642 ], [ 15.195756450940705, 44.283863074676347 ] ] ] } },
{ "type": "Feature", "properties": { "population": 822, "longitude": 15.281499863352119, "latitude": 44.098426805795562, "BM": 153 }, "geometry": { "type": "Polygon", "coordinates": [ [ [ 15.284250394229613, 44.11642332709809 ], [ 15.291536495807371, 44.101147593784589 ], [ 15.280856308757306, 44.08623276002055 ], [ 15.269618173323074, 44.085763728707406 ], [ 15.284250394229613, 44.11642332709809 ] ] ] } },
{ "type": "Feature", "properties": { "population": 201, "longitude": 15.305179135796768, "latitude": 44.086361313278175, "BM": 154 }, "geometry": { "type": "Polygon", "coordinates": [ [ [ 15.291536495807371, 44.101147593784589 ], [ 15.334735709502151, 44.084787418986146 ], [ 15.309886578752346, 44.072595748641639 ], [ 15.280856308757306, 44.08623276002055 ], [ 15.291536495807371, 44.101147593784589 ] ] ] } },
{ "type": "Feature", "properties": { "population": 929, "longitude": 15.271572325003039, "latitude": 44.106123184847121, "BM": 155 }, "geometry": { "type": "Polygon", "coordinates": [ [ [ 15.261126381838404, 44.103347741551993 ], [ 15.26479840651402, 44.113686423204982 ], [ 15.270891064993512, 44.119789683780049 ], [ 15.28298579081784, 44.130565949199365 ], [ 15.284250394229613, 44.11642332709809 ], [ 15.269618173323074, 44.085763728707406 ], [ 15.260968743796679, 44.082518991772666 ], [ 15.261126381838404, 44.103347741551993 ] ] ] } },
{ "type": "Feature", "properties": { "population": 1133, "longitude": 15.278434138223037, "latitude": 44.066364952635986, "BM": 156 }, "geometry": { "type": "Polygon", "coordinates": [ [ [ 15.252981485562568, 44.074022105458312 ], [ 15.260968743796679, 44.082518991772666 ], [ 15.269618173323074, 44.085763728707406 ], [ 15.280856308757306, 44.08623276002055 ], [ 15.309886578752346, 44.072595748641639 ], [ 15.283849117397056, 44.041538249353316 ], [ 15.277127971075455, 44.04189515841243 ], [ 15.248763605873307, 44.067932222590734 ], [ 15.252981485562568, 44.074022105458312 ] ] ] } },
{ "type": "Feature", "properties": { "population": 1273, "longitude": 15.257968099314704, "latitude": 44.153480720137871, "BM": 157 }, "geometry": { "type": "Polygon", "coordinates": [ [ [ 15.245284367306711, 44.173547996477538 ], [ 15.270907791591085, 44.16796465564196 ], [ 15.27865389445118, 44.145296062075879 ], [ 15.25994822240413, 44.136709323269422 ], [ 15.246583666823001, 44.134546376224399 ], [ 15.241402493505854, 44.141980200841651 ], [ 15.245284367306711, 44.173547996477538 ] ] ] } },
{ "type": "Feature", "properties": { "population": 1223, "longitude": 15.269563340676058, "latitude": 44.131389948012604, "BM": 158 }, "geometry": { "type": "Polygon", "coordinates": [ [ [ 15.25994822240413, 44.136709323269422 ], [ 15.27865389445118, 44.145296062075879 ], [ 15.285376843683789, 44.13701501333599 ], [ 15.28298579081784, 44.130565949199365 ], [ 15.270891064993512, 44.119789683780049 ], [ 15.251204938967788, 44.122412195242333 ], [ 15.25994822240413, 44.136709323269422 ] ] ] } },
{ "type": "Feature", "properties": { "population": 205, "longitude": 15.281624390662397, "latitude": 43.962160631555761, "BM": 159 }, "geometry": { "type": "Polygon", "coordinates": [ [ [ 15.248504057423737, 43.930350303228167 ], [ 15.29982067846327, 44.026619917809604 ], [ 15.318480013848289, 44.019216739928311 ], [ 15.266861874182469, 43.891811024573713 ], [ 15.248504057423737, 43.930350303228167 ] ] ] } },
{ "type": "Feature", "properties": { "population": 500, "longitude": 15.262422175571027, "latitude": 43.989410952374122, "BM": 160 }, "geometry": { "type": "Polygon", "coordinates": [ [ [ 15.226698957627125, 43.965687798652766 ], [ 15.277127971075455, 44.04189515841243 ], [ 15.283849117397056, 44.041538249353316 ], [ 15.29982067846327, 44.026619917809604 ], [ 15.248504057423737, 43.930350303228167 ], [ 15.226698957627125, 43.965687798652766 ] ] ] } },
{ "type": "Feature", "properties": { "population": 316, "longitude": 15.217304944005285, "latitude": 44.210960435203916, "BM": 161 }, "geometry": { "type": "Polygon", "coordinates": [ [ [ 15.194282178760714, 44.222748172005531 ], [ 15.200643965843085, 44.230706313542811 ], [ 15.243346956721217, 44.230504935059777 ], [ 15.245158773149667, 44.229847293173819 ], [ 15.228054593121813, 44.182669906815072 ], [ 15.192704060561509, 44.19869840729671 ], [ 15.194282178760714, 44.222748172005531 ] ] ] } },
{ "type": "Feature", "properties": { "population": 1396, "longitude": 15.230328012842664, "latitude": 44.157474328000838, "BM": 162 }, "geometry": { "type": "Polygon", "coordinates": [ [ [ 15.229366097438927, 44.179954453173387 ], [ 15.245284367306711, 44.173547996477538 ], [ 15.241402493505854, 44.141980200841651 ], [ 15.228322052970118, 44.137483170465735 ], [ 15.210403026867009, 44.14851703201883 ], [ 15.229366097438927, 44.179954453173387 ] ] ] } },
{ "type": "Feature", "properties": { "population": 703, "longitude": 15.184069717391584, "latitude": 44.16603078451687, "BM": 163 }, "geometry": { "type": "Polygon", "coordinates": [ [ [ 15.138885791736296, 44.174991180733009 ], [ 15.192704060561509, 44.19869840729671 ], [ 15.228054593121813, 44.182669906815072 ], [ 15.229366097438927, 44.179954453173387 ], [ 15.210403026867009, 44.14851703201883 ], [ 15.188139042125909, 44.131757280287836 ], [ 15.16417143815244, 44.138558190911468 ], [ 15.150395594565067, 44.147479693121937 ], [ 15.138885791736296, 44.174991180733009 ] ] ] } },
{ "type": "Feature", "properties": { "population": 1024, "longitude": 15.40458114301542, "latitude": 43.974766782411727, "BM": 164 }, "geometry": { "type": "Polygon", "coordinates": [ [ [ 15.385370970475289, 43.983533545454534 ], [ 15.395491773007448, 43.993770349534998 ], [ 15.401215480664472, 43.994147661619955 ], [ 15.423103948581829, 43.981815513722651 ], [ 15.422945170378219, 43.981292351402956 ], [ 15.409996410341106, 43.94821095591054 ], [ 15.406809743742333, 43.949699035628726 ], [ 15.385436382782395, 43.981080754209898 ], [ 15.385370970475289, 43.983533545454534 ] ] ] } },
{ "type": "Feature", "properties": { "population": 1142, "longitude": 15.250843975278116, "latitude": 44.129511594531401, "BM": 165 }, "geometry": { "type": "Polygon", "coordinates": [ [ [ 15.246583666823001, 44.134546376224399 ], [ 15.25994822240413, 44.136709323269422 ], [ 15.251204938967788, 44.122412195242333 ], [ 15.250381966940628, 44.121507416288857 ], [ 15.245025378070721, 44.121636804482506 ], [ 15.245975605897099, 44.133942286806679 ], [ 15.246583666823001, 44.134546376224399 ] ] ] } },
{ "type": "Feature", "properties": { "population": 628, "longitude": 15.229666978362284, "latitude": 44.115497964930277, "BM": 166 }, "geometry": { "type": "Polygon", "coordinates": [ [ [ 15.224017905403525, 44.119031588111369 ], [ 15.232763202332547, 44.117378496114476 ], [ 15.232219827350781, 44.110083810564987 ], [ 15.224017905403525, 44.119031588111369 ] ] ] } },
{ "type": "Feature", "properties": { "population": 597, "longitude": 15.234874830246676, "latitude": 44.112535311859915, "BM": 167 }, "geometry": { "type": "Polygon", "coordinates": [ [ [ 15.232219827350781, 44.110083810564987 ], [ 15.232763202332547, 44.117378496114476 ], [ 15.234009590121357, 44.118481457623467 ], [ 15.238670162206153, 44.113116374419242 ], [ 15.236259659630738, 44.108302649067326 ], [ 15.233630653793913, 44.106948794564723 ], [ 15.232219827350781, 44.110083810564987 ] ] ] } },
{ "type": "Feature", "properties": { "population": 854, "longitude": 15.215937364405526, "latitude": 44.107821375452652, "BM": 168 }, "geometry": { "type": "Polygon", "coordinates": [ [ [ 15.233630653793913, 44.106948794564723 ], [ 15.223376999477289, 44.090807592993755 ], [ 15.204736473939136, 44.100831796288553 ], [ 15.195703407874515, 44.119043205541743 ], [ 15.22318059819081, 44.119599363807737 ], [ 15.224017905403525, 44.119031588111369 ], [ 15.232219827350781, 44.110083810564987 ], [ 15.233630653793913, 44.106948794564723 ] ] ] } },
{ "type": "Feature", "properties": { "population": 909, "longitude": 15.230781886517878, "latitude": 44.121378733758071, "BM": 169 }, "geometry": { "type": "Polygon", "coordinates": [ [ [ 15.22318059819081, 44.119599363807737 ], [ 15.233857379299513, 44.126720518164419 ], [ 15.235938674022339, 44.124047352886443 ], [ 15.234009590121357, 44.118481457623467 ], [ 15.232763202332547, 44.117378496114476 ], [ 15.224017905403525, 44.119031588111369 ], [ 15.22318059819081, 44.119599363807737 ] ] ] } },
{ "type": "Feature", "properties": { "population": 245, "longitude": 15.207023619242728, "latitude": 44.334530972422804, "BM": 170 }, "geometry": { "type": "Polygon", "coordinates": [ [ [ 15.154042835610486, 44.304768276118118 ], [ 15.167749323864411, 44.367224902130815 ], [ 15.17698405552475, 44.378270494021166 ], [ 15.241118232451884, 44.386669631663352 ], [ 15.260950236934555, 44.325058442505181 ], [ 15.254333652599296, 44.304815934632778 ], [ 15.195756450940705, 44.283863074676347 ], [ 15.161846005347881, 44.293392232513284 ], [ 15.154042835610486, 44.304768276118118 ] ] ] } },
{ "type": "Feature", "properties": { "population": 902, "longitude": 15.238509252338002, "latitude": 44.11879503761751, "BM": 171 }, "geometry": { "type": "Polygon", "coordinates": [ [ [ 15.235938674022339, 44.124047352886443 ], [ 15.243175106310707, 44.120384572333279 ], [ 15.242910788083586, 44.117676718776032 ], [ 15.238670162206153, 44.113116374419242 ], [ 15.234009590121357, 44.118481457623467 ], [ 15.235938674022339, 44.124047352886443 ] ] ] } },
{ "type": "Feature", "properties": { "population": 726, "longitude": 15.242685836840687, "latitude": 44.111172967818874, "BM": 172 }, "geometry": { "type": "Polygon", "coordinates": [ [ [ 15.245125773680787, 44.106396597637641 ], [ 15.236259659630738, 44.108302649067326 ], [ 15.238670162206153, 44.113116374419242 ], [ 15.242910788083586, 44.117676718776032 ], [ 15.248336879993118, 44.111275969585364 ], [ 15.248305625978434, 44.109741998502976 ], [ 15.245125773680787, 44.106396597637641 ] ] ] } },
{ "type": "Feature", "properties": { "population": 900, "longitude": 15.248185766998596, "latitude": 44.117269946567831, "BM": 173 }, "geometry": { "type": "Polygon", "coordinates": [ [ [ 15.243175106310707, 44.120384572333279 ], [ 15.245025378070721, 44.121636804482506 ], [ 15.250381966940628, 44.121507416288857 ], [ 15.254051345674073, 44.116179127050358 ], [ 15.248336879993118, 44.111275969585364 ], [ 15.242910788083586, 44.117676718776032 ], [ 15.243175106310707, 44.120384572333279 ] ] ] } },
{ "type": "Feature", "properties": { "population": 1206, "longitude": 15.240540945445542, "latitude": 44.127381105088865, "BM": 174 }, "geometry": { "type": "Polygon", "coordinates": [ [ [ 15.233834706882501, 44.130535250902305 ], [ 15.245975605897099, 44.133942286806679 ], [ 15.245025378070721, 44.121636804482506 ], [ 15.243175106310707, 44.120384572333279 ], [ 15.235938674022339, 44.124047352886443 ], [ 15.233857379299513, 44.126720518164419 ], [ 15.233834706882501, 44.130535250902305 ] ] ] } },
{ "type": "Feature", "properties": { "population": 1306, "longitude": 15.211258871077582, "latitude": 44.131235598605407, "BM": 175 }, "geometry": { "type": "Polygon", "coordinates": [ [ [ 15.188139042125909, 44.131757280287836 ], [ 15.210403026867009, 44.14851703201883 ], [ 15.228322052970118, 44.137483170465735 ], [ 15.233834706882501, 44.130535250902305 ], [ 15.233857379299513, 44.126720518164419 ], [ 15.22318059819081, 44.119599363807737 ], [ 15.195703407874515, 44.119043205541743 ], [ 15.195370309386343, 44.119435807295616 ], [ 15.188139042125909, 44.131757280287836 ] ] ] } },
{ "type": "Feature", "properties": { "population": 836, "longitude": 15.254147997064385, "latitude": 44.093812566333796, "BM": 176 }, "geometry": { "type": "Polygon", "coordinates": [ [ [ 15.248305625978434, 44.109741998502976 ], [ 15.261126381838404, 44.103347741551993 ], [ 15.260968743796679, 44.082518991772666 ], [ 15.252981485562568, 44.074022105458312 ], [ 15.245125773680787, 44.106396597637641 ], [ 15.248305625978434, 44.109741998502976 ] ] ] } },
{ "type": "Feature", "properties": { "population": 1093, "longitude": 15.257010902181801, "latitude": 44.110485236762131, "BM": 177 }, "geometry": { "type": "Polygon", "coordinates": [ [ [ 15.254051345674073, 44.116179127050358 ], [ 15.26479840651402, 44.113686423204982 ], [ 15.261126381838404, 44.103347741551993 ], [ 15.248305625978434, 44.109741998502976 ], [ 15.248336879993118, 44.111275969585364 ], [ 15.254051345674073, 44.116179127050358 ] ] ] } },
{ "type": "Feature", "properties": { "population": 860, "longitude": 15.239498017618722, "latitude": 44.088023031582274, "BM": 178 }, "geometry": { "type": "Polygon", "coordinates": [ [ [ 15.223376999477289, 44.090807592993755 ], [ 15.233630653793913, 44.106948794564723 ], [ 15.236259659630738, 44.108302649067326 ], [ 15.245125773680787, 44.106396597637641 ], [ 15.252981485562568, 44.074022105458312 ], [ 15.248763605873307, 44.067932222590734 ], [ 15.242672557127648, 44.067480444841863 ], [ 15.238612360269215, 44.070915430849318 ], [ 15.223376999477289, 44.090807592993755 ] ] ] } },
{ "type": "Feature", "properties": { "population": 840, "longitude": 15.23409320520371, "latitude": 44.018465477619799, "BM": 179 }, "geometry": { "type": "Polygon", "coordinates": [ [ [ 15.194275069088768, 44.00589612033265 ], [ 15.242672557127648, 44.067480444841863 ], [ 15.248763605873307, 44.067932222590734 ], [ 15.277127971075455, 44.04189515841243 ], [ 15.226698957627125, 43.965687798652766 ], [ 15.19479381969248, 43.993771813394936 ], [ 15.194275069088768, 44.00589612033265 ] ] ] } },
{ "type": "Feature", "properties": { "population": 1122, "longitude": 15.260253886315102, "latitude": 44.11832869842835, "BM": 180 }, "geometry": { "type": "Polygon", "coordinates": [ [ [ 15.251204938967788, 44.122412195242333 ], [ 15.270891064993512, 44.119789683780049 ], [ 15.26479840651402, 44.113686423204982 ], [ 15.254051345674073, 44.116179127050358 ], [ 15.250381966940628, 44.121507416288857 ], [ 15.251204938967788, 44.122412195242333 ] ] ] } },
{ "type": "Feature", "properties": { "population": 166, "longitude": 16.671865061415996, "latitude": 43.84664516363744, "BM": 181 }, "geometry": { "type": "Polygon", "coordinates": [ [ [ 16.605934707051645, 43.808783389960816 ], [ 16.764595613010474, 43.976760788673928 ], [ 16.758184847282575, 43.95556439794381 ], [ 16.647025762733477, 43.760504956530852 ], [ 16.646972972285102, 43.760474069094336 ], [ 16.634508426163819, 43.761168422974478 ], [ 16.605378932784319, 43.783922885314759 ], [ 16.605934707051645, 43.808783389960816 ] ] ] } },
{ "type": "Feature", "properties": { "population": 1121, "longitude": 15.177076660935697, "latitude": 44.258801305456501, "BM": 182 }, "geometry": { "type": "Polygon", "coordinates": [ [ [ 15.161846005347881, 44.293392232513284 ], [ 15.195756450940705, 44.283863074676347 ], [ 15.197317956575331, 44.279374378352642 ], [ 15.200643965843085, 44.230706313542811 ], [ 15.194282178760714, 44.222748172005531 ], [ 15.147699201374245, 44.246203166861328 ], [ 15.161846005347881, 44.293392232513284 ] ] ] } },
{ "type": "Feature", "properties": { "population": 649, "longitude": 15.154092023883782, "latitude": 44.209097767493525, "BM": 183 }, "geometry": { "type": "Polygon", "coordinates": [ [ [ 15.110364564237683, 44.197165994962276 ], [ 15.147699201374245, 44.246203166861328 ], [ 15.194282178760714, 44.222748172005531 ], [ 15.192704060561509, 44.19869840729671 ], [ 15.138885791736296, 44.174991180733009 ], [ 15.110364564237683, 44.197165994962276 ] ] ] } },
{ "type": "Feature", "properties": { "population": 67, "longitude": 16.130670494023647, "latitude": 43.774710141865185, "BM": 184 }, "geometry": { "type": "Polygon", "coordinates": [ [ [ 16.123531432695675, 43.737722532626449 ], [ 16.098874260907106, 43.81213513603722 ], [ 16.103692979456053, 43.815454637067511 ], [ 16.141111529216477, 43.802838344775161 ], [ 16.16120468396127, 43.764464122007027 ], [ 16.149249593809014, 43.741674922508928 ], [ 16.130960456874632, 43.731398729039846 ], [ 16.123531432695675, 43.737722532626449 ] ] ] } },
{ "type": "Feature", "properties": { "population": 1318, "longitude": 15.178267252252923, "latitude": 44.068317147446749, "BM": 185 }, "geometry": { "type": "Polygon", "coordinates": [ [ [ 15.167315939732992, 44.077095692559048 ], [ 15.199968869786199, 44.092337952869151 ], [ 15.19559495110737, 44.069310910350715 ], [ 15.17444439712866, 44.044368056382595 ], [ 15.155099331194313, 44.061892125451983 ], [ 15.158720778648885, 44.069723277412514 ], [ 15.167315939732992, 44.077095692559048 ] ] ] } },
{ "type": "Feature", "properties": { "population": 338, "longitude": 15.189440802264253, "latitude": 44.097510029122859, "BM": 186 }, "geometry": { "type": "Polygon", "coordinates": [ [ [ 15.195370309386343, 44.119435807295616 ], [ 15.195703407874515, 44.119043205541743 ], [ 15.204736473939136, 44.100831796288553 ], [ 15.199968869786199, 44.092337952869151 ], [ 15.167315939732992, 44.077095692559048 ], [ 15.195370309386343, 44.119435807295616 ] ] ] } },
{ "type": "Feature", "properties": { "population": 1602, "longitude": 15.204673984126035, "latitude": 44.046048960845106, "BM": 187 }, "geometry": { "type": "Polygon", "coordinates": [ [ [ 15.17444439712866, 44.044368056382595 ], [ 15.19559495110737, 44.069310910350715 ], [ 15.238612360269215, 44.070915430849318 ], [ 15.242672557127648, 44.067480444841863 ], [ 15.194275069088768, 44.00589612033265 ], [ 15.17444439712866, 44.044368056382595 ] ] ] } },
{ "type": "Feature", "properties": { "population": 246, "longitude": 16.801419033110736, "latitude": 43.631751956131687, "BM": 188 }, "geometry": { "type": "Polygon", "coordinates": [ [ [ 16.775054956111269, 43.618040613250244 ], [ 16.779132905939299, 43.632643983755834 ], [ 16.787931463278479, 43.645877424319671 ], [ 16.811161732172778, 43.653407607145198 ], [ 16.828351980399717, 43.636327995723185 ], [ 16.812809907758918, 43.613826806773886 ], [ 16.776240202359734, 43.616331648279434 ], [ 16.775054956111269, 43.618040613250244 ] ] ] } },
{ "type": "Feature", "properties": { "population": 239, "longitude": 14.46160606849547, "latitude": 43.000842780526327, "BM": 189 }, "geometry": { "type": "Polygon", "coordinates": [ [ [ 13.897576242037475, 42.4415921 ], [ 14.04217307079246, 42.656351235424943 ], [ 15.126465504288982, 43.996852016577847 ], [ 15.140837032923717, 43.990818281113597 ], [ 15.024369226548094, 43.750567561086605 ], [ 14.28220716060147, 42.4415921 ], [ 13.897576242037475, 42.4415921 ] ] ] } },
{ "type": "Feature", "properties": { "population": 181, "longitude": 15.114655610557055, "latitude": 43.910362061691913, "BM": 190 }, "geometry": { "type": "Polygon", "coordinates": [ [ [ 15.140837032923717, 43.990818281113597 ], [ 15.178760572199348, 43.989700342875544 ], [ 15.024369226548094, 43.750567561086605 ], [ 15.140837032923717, 43.990818281113597 ] ] ] } },
{ "type": "Feature", "properties": { "population": 223, "longitude": 16.420396467410839, "latitude": 43.901596282886658, "BM": 191 }, "geometry": { "type": "Polygon", "coordinates": [ [ [ 16.413400504839998, 43.920187593045512 ], [ 16.432330885639804, 43.925223198336532 ], [ 16.433349879321206, 43.922494697350409 ], [ 16.432451832008393, 43.873598145262008 ], [ 16.398679009707077, 43.897739349353998 ], [ 16.413400504839998, 43.920187593045512 ] ] ] } },
{ "type": "Feature", "properties": { "population": 510, "longitude": 15.142464506610667, "latitude": 44.101455067501576, "BM": 192 }, "geometry": { "type": "Polygon", "coordinates": [ [ [ 15.108706142134904, 44.091870614817395 ], [ 15.150395594565067, 44.147479693121937 ], [ 15.16417143815244, 44.138558190911468 ], [ 15.158720778648885, 44.069723277412514 ], [ 15.155099331194313, 44.061892125451983 ], [ 15.140779625667358, 44.063586710292618 ], [ 15.108706142134904, 44.091870614817395 ] ] ] } },
{ "type": "Feature", "properties": { "population": 140, "longitude": 16.210285066410083, "latitude": 43.544553284411037, "BM": 193 }, "geometry": { "type": "Polygon", "coordinates": [ [ [ 16.178941182773503, 43.543762219436893 ], [ 16.19550453195609, 43.564685027940016 ], [ 16.209482094755007, 43.570305714135841 ], [ 16.241304051734126, 43.551857906116702 ], [ 16.228050385087936, 43.526388134652983 ], [ 16.225270905530564, 43.522053174264364 ], [ 16.210845656272266, 43.519062149842647 ], [ 16.180216686895029, 43.538592995250376 ], [ 16.178941182773503, 43.543762219436893 ] ] ] } },
{ "type": "Feature", "properties": { "population": 410, "longitude": 16.271864350754452, "latitude": 43.34097144221596, "BM": 194 }, "geometry": { "type": "Polygon", "coordinates": [ [ [ 16.239318297900756, 43.286680094452869 ], [ 16.263429760110569, 43.363254311151124 ], [ 16.286602670720654, 43.407020375021048 ], [ 16.303010550600984, 43.367058160749039 ], [ 16.300557401849332, 43.353487840929581 ], [ 16.23772308250301, 43.263073616933518 ], [ 16.239318297900756, 43.286680094452869 ] ] ] } },
{ "type": "Feature", "properties": { "population": 119, "longitude": 14.16756415808887, "latitude": 43.223224934804648, "BM": 195 }, "geometry": { "type": "Polygon", "coordinates": [ [ [ 13.4966578, 42.4415921 ], [ 13.4966578, 42.705041009554805 ], [ 14.576754356423915, 44.055987200212847 ], [ 14.720700839702383, 44.149910895066611 ], [ 14.809879919521476, 44.182963985203124 ], [ 14.842378651309092, 44.18410487209011 ], [ 14.865375240283777, 44.109976741284143 ], [ 14.861751027419094, 44.041047622426575 ], [ 14.745874732624554, 43.717621502227793 ], [ 14.740451520414339, 43.706543552469995 ], [ 14.04217307079246, 42.656351235424943 ], [ 13.897576242037475, 42.4415921 ], [ 13.4966578, 42.4415921 ] ] ] } },
{ "type": "Feature", "properties": { "population": 1277, "longitude": 15.109372261123442, "latitude": 44.249719019180816, "BM": 196 }, "geometry": { "type": "Polygon", "coordinates": [ [ [ 15.044239281178003, 44.231595216924305 ], [ 15.09700066911709, 44.277386530670462 ], [ 15.129102122400937, 44.304491287840825 ], [ 15.154042835610486, 44.304768276118118 ], [ 15.161846005347881, 44.293392232513284 ], [ 15.147699201374245, 44.246203166861328 ], [ 15.110364564237683, 44.197165994962276 ], [ 15.08699038641797, 44.199238721034703 ], [ 15.044239281178003, 44.231595216924305 ] ] ] } },
{ "type": "Feature", "properties": { "population": 362, "longitude": 15.173725275285998, "latitude": 44.109943869542555, "BM": 197 }, "geometry": { "type": "Polygon", "coordinates": [ [ [ 15.158720778648885, 44.069723277412514 ], [ 15.16417143815244, 44.138558190911468 ], [ 15.188139042125909, 44.131757280287836 ], [ 15.195370309386343, 44.119435807295616 ], [ 15.167315939732992, 44.077095692559048 ], [ 15.158720778648885, 44.069723277412514 ] ] ] } },
{ "type": "Feature", "properties": { "population": 1079, "longitude": 15.101464294511956, "latitude": 44.141765298913057, "BM": 198 }, "geometry": { "type": "Polygon", "coordinates": [ [ [ 15.08699038641797, 44.199238721034703 ], [ 15.110364564237683, 44.197165994962276 ], [ 15.138885791736296, 44.174991180733009 ], [ 15.150395594565067, 44.147479693121937 ], [ 15.108706142134904, 44.091870614817395 ], [ 15.064918879426294, 44.090070429273645 ], [ 15.055392890209653, 44.102063609987447 ], [ 15.08699038641797, 44.199238721034703 ] ] ] } },
{ "type": "Feature", "properties": { "population": 640, "longitude": 15.111395912324031, "latitude": 44.34628262442137, "BM": 199 }, "geometry": { "type": "Polygon", "coordinates": [ [ [ 15.032658139554421, 44.362959176141828 ], [ 15.059792144621184, 44.377914866083628 ], [ 15.167749323864411, 44.367224902130815 ], [ 15.154042835610486, 44.304768276118118 ], [ 15.129102122400937, 44.304491287840825 ], [ 15.057246986991716, 44.347912367119044 ], [ 15.032658139554421, 44.362959176141828 ] ] ] } },
{ "type": "Feature", "properties": { "population": 77, "longitude": 16.586207889919876, "latitude": 45.366061574435911, "BM": 200 }, "geometry": { "type": "Polygon", "coordinates": [ [ [ 16.584652119552768, 45.392000080626389 ], [ 16.590839841086641, 45.393955668202693 ], [ 16.595619353688122, 45.388922167203773 ], [ 16.595387735430926, 45.34568833024742 ], [ 16.578568602937192, 45.343744470936478 ], [ 16.57238351174286, 45.347273457943061 ], [ 16.578712487848783, 45.373860648391378 ], [ 16.582353221986001, 45.388008108463879 ], [ 16.584652119552768, 45.392000080626389 ] ] ] } },
{ "type": "Feature", "properties": { "population": 585, "longitude": 15.399475457002188, "latitude": 43.848588222367866, "BM": 201 }, "geometry": { "type": "Polygon", "coordinates": [ [ [ 15.417757112562224, 43.94213127863059 ], [ 15.420206866632396, 43.94179924060893 ], [ 15.44169121725432, 43.915355961670933 ], [ 15.454772721567837, 43.881049151592933 ], [ 15.321746182557957, 43.715196796630394 ], [ 15.417757112562224, 43.94213127863059 ] ] ] } },
{ "type": "Feature", "properties": { "population": 109, "longitude": 15.025976008922749, "latitude": 43.987374973843416, "BM": 202 }, "geometry": { "type": "Polygon", "coordinates": [ [ [ 15.06283375451134, 44.070423816481963 ], [ 15.102446687569332, 44.014832422605437 ], [ 14.91264758468758, 43.87686868244284 ], [ 15.06283375451134, 44.070423816481963 ] ] ] } },
{ "type": "Feature", "properties": { "population": 84, "longitude": 16.242707914503971, "latitude": 43.978190529930885, "BM": 203 }, "geometry": { "type": "Polygon", "coordinates": [ [ [ 16.206337865871017, 43.983337536041788 ], [ 16.272053487668845, 43.997254300094014 ], [ 16.27873648113783, 43.980644288007937 ], [ 16.229758975662754, 43.955421603015019 ], [ 16.208221615958333, 43.976846322077456 ], [ 16.206337865871017, 43.983337536041788 ] ] ] } },
{ "type": "Feature", "properties": { "population": 45, "longitude": 15.043283628785055, "latitude": 44.174486242190149, "BM": 204 }, "geometry": { "type": "Polygon", "coordinates": [ [ [ 15.009761101096068, 44.244004941245933 ], [ 15.044239281178003, 44.231595216924305 ], [ 15.08699038641797, 44.199238721034703 ], [ 15.055392890209653, 44.102063609987447 ], [ 15.047993822958698, 44.103496401741403 ], [ 15.019037636179204, 44.11678837682954 ], [ 15.009761101096068, 44.244004941245933 ] ] ] } },
{ "type": "Feature", "properties": { "population": 125, "longitude": 16.000638870464222, "latitude": 43.81456156757389, "BM": 205 }, "geometry": { "type": "Polygon", "coordinates": [ [ [ 15.985978758704073, 43.845514135221315 ], [ 16.017673271278646, 43.828466787849145 ], [ 16.034336655241656, 43.798834937475327 ], [ 15.990942920363775, 43.787390822099368 ], [ 15.972267355523931, 43.82373074349676 ], [ 15.985978758704073, 43.845514135221315 ] ] ] } },
{ "type": "Feature", "properties": { "population": 1147, "longitude": 16.369839552861212, "latitude": 45.46780044546999, "BM": 206 }, "geometry": { "type": "Polygon", "coordinates": [ [ [ 16.369919664326829, 45.475043116921881 ], [ 16.374949796419966, 45.465130411474767 ], [ 16.374742273431835, 45.464424954736252 ], [ 16.365321921142169, 45.462758842057575 ], [ 16.36778115289879, 45.472906965292005 ], [ 16.369919664326829, 45.475043116921881 ] ] ] } },
{ "type": "Feature", "properties": { "population": 102, "longitude": 16.809570451136, "latitude": 43.570610777144211, "BM": 207 }, "geometry": { "type": "Polygon", "coordinates": [ [ [ 16.789237806051208, 43.58000646536599 ], [ 16.809542003296226, 43.589459750793587 ], [ 16.831296564124273, 43.584887725945286 ], [ 16.835915100618219, 43.568862839136727 ], [ 16.801766849588123, 43.548948123703724 ], [ 16.787930427583817, 43.555377934926319 ], [ 16.789237806051208, 43.58000646536599 ] ] ] } },
{ "type": "Feature", "properties": { "population": 69, "longitude": 16.109326021077141, "latitude": 43.603679842570614, "BM": 208 }, "geometry": { "type": "Polygon", "coordinates": [ [ [ 16.111015115847067, 43.629352239013734 ], [ 16.12908294368173, 43.589606482530655 ], [ 16.123467473708818, 43.577294296306874 ], [ 16.083990196868534, 43.608342412487971 ], [ 16.111015115847067, 43.629352239013734 ] ] ] } },
{ "type": "Feature", "properties": { "population": 552, "longitude": 15.047055530457945, "latitude": 44.467100790144144, "BM": 209 }, "geometry": { "type": "Polygon", "coordinates": [ [ [ 15.006777532721621, 44.461834077410003 ], [ 15.04826350873533, 44.493014864041278 ], [ 15.097965985972674, 44.480130640285189 ], [ 15.061310975424412, 44.450118886438368 ], [ 15.003411794444615, 44.442526614310296 ], [ 15.006777532721621, 44.461834077410003 ] ] ] } },
{ "type": "Feature", "properties": { "population": 250, "longitude": 15.071799768068937, "latitude": 44.424455695640482, "BM": 210 }, "geometry": { "type": "Polygon", "coordinates": [ [ [ 15.097965985972674, 44.480130640285189 ], [ 15.128511822893163, 44.476542831435211 ], [ 15.128308359319014, 44.470536167052501 ], [ 15.059792144621184, 44.377914866083628 ], [ 15.032658139554421, 44.362959176141828 ], [ 15.014436319781041, 44.360019332444892 ], [ 15.061310975424412, 44.450118886438368 ], [ 15.097965985972674, 44.480130640285189 ] ] ] } },
{ "type": "Feature", "properties": { "population": 141, "longitude": 15.691908034123994, "latitude": 45.523084709892792, "BM": 211 }, "geometry": { "type": "Polygon", "coordinates": [ [ [ 15.678769806525994, 45.501041346959688 ], [ 15.690571016845102, 45.564693031345129 ], [ 15.705904365143983, 45.509112657822257 ], [ 15.703732493648884, 45.504316414741488 ], [ 15.679087108874761, 45.499250158529755 ], [ 15.678769806525994, 45.501041346959688 ] ] ] } },
{ "type": "Feature", "properties": { "population": 848, "longitude": 15.016634644578748, "latitude": 44.405707404218226, "BM": 212 }, "geometry": { "type": "Polygon", "coordinates": [ [ [ 15.003411794444615, 44.442526614310296 ], [ 15.061310975424412, 44.450118886438368 ], [ 15.014436319781041, 44.360019332444892 ], [ 14.981370256089457, 44.352997453850655 ], [ 15.003411794444615, 44.442526614310296 ] ] ] } },
{ "type": "Feature", "properties": { "population": 916, "longitude": 15.094449926169915, "latitude": 44.309930061876784, "BM": 213 }, "geometry": { "type": "Polygon", "coordinates": [ [ [ 15.129102122400937, 44.304491287840825 ], [ 15.09700066911709, 44.277386530670462 ], [ 15.057246986991716, 44.347912367119044 ], [ 15.129102122400937, 44.304491287840825 ] ] ] } },
{ "type": "Feature", "properties": { "population": 64, "longitude": 16.795539414000125, "latitude": 43.600912970708407, "BM": 214 }, "geometry": { "type": "Polygon", "coordinates": [ [ [ 16.788157268562411, 43.581187047765503 ], [ 16.776240202359734, 43.616331648279434 ], [ 16.812809907758918, 43.613826806773886 ], [ 16.809542003296226, 43.589459750793587 ], [ 16.789237806051208, 43.58000646536599 ], [ 16.788157268562411, 43.581187047765503 ] ] ] } },
{ "type": "Feature", "properties": { "population": 76, "longitude": 15.327963666632657, "latitude": 43.799086568119868, "BM": 215 }, "geometry": { "type": "Polygon", "coordinates": [ [ [ 15.277615071916008, 43.803853760892721 ], [ 15.410529371990867, 43.947510864243917 ], [ 15.417757112562224, 43.94213127863059 ], [ 15.321746182557957, 43.715196796630394 ], [ 15.27218013407194, 43.647465380634756 ], [ 15.277615071916008, 43.803853760892721 ] ] ] } },
{ "type": "Feature", "properties": { "population": 92, "longitude": 14.878621118358994, "latitude": 44.116443649779306, "BM": 216 }, "geometry": { "type": "Polygon", "coordinates": [ [ [ 14.865375240283777, 44.109976741284143 ], [ 14.876630835165827, 44.18438268504071 ], [ 14.893067372695699, 44.160026779751 ], [ 14.89504311454715, 44.103088945116944 ], [ 14.861751027419094, 44.041047622426575 ], [ 14.865375240283777, 44.109976741284143 ] ] ] } },
{ "type": "Feature", "properties": { "population": 77, "longitude": 14.890266855414049, "latitude": 44.261794427770639, "BM": 217 }, "geometry": { "type": "Polygon", "coordinates": [ [ [ 14.910225806144302, 44.345370020251501 ], [ 14.947462593578074, 44.328218390441108 ], [ 14.962456276829686, 44.278051320944954 ], [ 14.875473132341899, 44.18781814683161 ], [ 14.842378651309092, 44.18410487209011 ], [ 14.809879919521476, 44.182963985203124 ], [ 14.840989711814006, 44.255537285586712 ], [ 14.889381549218069, 44.335978817500624 ], [ 14.910225806144302, 44.345370020251501 ] ] ] } },
{ "type": "Feature", "properties": { "population": 169, "longitude": 14.907389577809568, "latitude": 44.134710174402812, "BM": 218 }, "geometry": { "type": "Polygon", "coordinates": [ [ [ 14.893067372695699, 44.160026779751 ], [ 14.934058246185856, 44.141014798340485 ], [ 14.89504311454715, 44.103088945116944 ], [ 14.893067372695699, 44.160026779751 ] ] ] } },
{ "type": "Feature", "properties": { "population": 744, "longitude": 14.88744265096733, "latitude": 44.451519096184938, "BM": 219 }, "geometry": { "type": "Polygon", "coordinates": [ [ [ 14.810837923688906, 44.480147393468599 ], [ 14.917499962029071, 44.524363808260524 ], [ 14.919789997921123, 44.522360946613482 ], [ 14.940739327356404, 44.48177652363173 ], [ 14.90821490856149, 44.349335799539602 ], [ 14.810837923688906, 44.480147393468599 ] ] ] } },
{ "type": "Feature", "properties": { "population": 742, "longitude": 15.129869146026023, "latitude": 44.988645012188208, "BM": 220 }, "geometry": { "type": "Polygon", "coordinates": [ [ [ 15.09500504572974, 45.010011948022729 ], [ 15.109414962973876, 45.023722509437555 ], [ 15.139180738111728, 45.021426884051699 ], [ 15.171862655173674, 44.97975684914033 ], [ 15.169843459422967, 44.966794206365968 ], [ 15.109889829579879, 44.954515448753654 ], [ 15.106615468540618, 44.954924137394784 ], [ 15.09500504572974, 45.010011948022729 ] ] ] } },
{ "type": "Feature", "properties": { "population": 169, "longitude": 14.907389577809568, "latitude": 44.134710174402812, "BM": 221 }, "geometry": { "type": "Polygon", "coordinates": [ [ [ 14.893067372695699, 44.160026779751 ], [ 14.934058246185856, 44.141014798340485 ], [ 14.89504311454715, 44.103088945116944 ], [ 14.893067372695699, 44.160026779751 ] ] ] } },
{ "type": "Feature", "properties": { "population": 1003, "longitude": 15.545486818893348, "latitude": 43.960201338100823, "BM": 222 }, "geometry": { "type": "Polygon", "coordinates": [ [ [ 15.516686730141819, 43.951617939590029 ], [ 15.533162620115185, 43.983240327700535 ], [ 15.538259986798874, 43.986517426286461 ], [ 15.560842910120332, 43.984783620237096 ], [ 15.578576823023486, 43.973038037065137 ], [ 15.541422239949659, 43.924075258771325 ], [ 15.516686730141819, 43.951617939590029 ] ] ] } },
{ "type": "Feature", "properties": { "population": 345, "longitude": 15.553540721987133, "latitude": 44.092170562276223, "BM": 223 }, "geometry": { "type": "Polygon", "coordinates": [ [ [ 15.521989004990258, 44.097636405007123 ], [ 15.54601258965292, 44.125308351008691 ], [ 15.584744124971905, 44.105904932481494 ], [ 15.589683178902911, 44.099002755040217 ], [ 15.55999341749391, 44.057608818306257 ], [ 15.526507191790966, 44.075035713483032 ], [ 15.521989004990258, 44.097636405007123 ] ] ] } },
{ "type": "Feature", "properties": { "population": 1310, "longitude": 15.580959942672235, "latitude": 44.147633288342746, "BM": 224 }, "geometry": { "type": "Polygon", "coordinates": [ [ [ 15.545789511828406, 44.144370483803797 ], [ 15.604266993095409, 44.19491701305224 ], [ 15.613927641927456, 44.174628505894482 ], [ 15.612203760546285, 44.16467009758437 ], [ 15.584744124971905, 44.105904932481494 ], [ 15.54601258965292, 44.125308351008691 ], [ 15.543758396212024, 44.135345389381833 ], [ 15.545789511828406, 44.144370483803797 ] ] ] } },
{ "type": "Feature", "properties": { "population": 44, "longitude": 15.549682549037641, "latitude": 44.846873896871344, "BM": 225 }, "geometry": { "type": "Polygon", "coordinates": [ [ [ 15.543530854145795, 44.92398590417762 ], [ 15.558194840820624, 44.910973197427474 ], [ 15.603354738994609, 44.797238306746095 ], [ 15.50476911417862, 44.800192718415474 ], [ 15.531358718056495, 44.919555038955096 ], [ 15.543530854145795, 44.92398590417762 ] ] ] } },
{ "type": "Feature", "properties": { "population": 430, "longitude": 15.888884952222478, "latitude": 43.726617591952589, "BM": 226 }, "geometry": { "type": "Polygon", "coordinates": [ [ [ 15.890979472558225, 43.735360598120579 ], [ 15.891990572600905, 43.735660522830194 ], [ 15.893641993581026, 43.733885300773622 ], [ 15.894424344482241, 43.732577929254823 ], [ 15.894443426207383, 43.732515543942476 ], [ 15.88842148808677, 43.72063644904518 ], [ 15.883964702324622, 43.717586898689518 ], [ 15.882677003169352, 43.718783735819628 ], [ 15.890979472558225, 43.735360598120579 ] ] ] } },
{ "type": "Feature", "properties": { "population": 1109, "longitude": 15.519598533645206, "latitude": 44.015093796134202, "BM": 227 }, "geometry": { "type": "Polygon", "coordinates": [ [ [ 15.496837156287121, 44.014325364457406 ], [ 15.498914140275494, 44.0420997867691 ], [ 15.504050884109013, 44.043925028662514 ], [ 15.541134394770214, 44.024950756262825 ], [ 15.538259986798874, 43.986517426286461 ], [ 15.533162620115185, 43.983240327700535 ], [ 15.503801264677035, 44.00519584902063 ], [ 15.496837156287121, 44.014325364457406 ] ] ] } },
{ "type": "Feature", "properties": { "population": 1075, "longitude": 15.504494006010455, "latitude": 43.914908708753124, "BM": 228 }, "geometry": { "type": "Polygon", "coordinates": [ [ [ 15.500041372692527, 43.949014961525478 ], [ 15.516686730141819, 43.951617939590029 ], [ 15.541422239949659, 43.924075258771325 ], [ 15.541952375662564, 43.923243829470486 ], [ 15.511743085599017, 43.882556262989354 ], [ 15.466203398625552, 43.888004080918172 ], [ 15.483773215302982, 43.928837675285877 ], [ 15.500041372692527, 43.949014961525478 ] ] ] } },
{ "type": "Feature", "properties": { "population": 131, "longitude": 15.505358116923096, "latitude": 43.975180055862175, "BM": 229 }, "geometry": { "type": "Polygon", "coordinates": [ [ [ 15.475806603041677, 43.970992936168152 ], [ 15.503801264677035, 44.00519584902063 ], [ 15.533162620115185, 43.983240327700535 ], [ 15.516686730141819, 43.951617939590029 ], [ 15.500041372692527, 43.949014961525478 ], [ 15.475806603041677, 43.970992936168152 ] ] ] } },
{ "type": "Feature", "properties": { "population": 469, "longitude": 15.496840763569523, "latitude": 44.073741332857125, "BM": 230 }, "geometry": { "type": "Polygon", "coordinates": [ [ [ 15.482006501216654, 44.102352810015866 ], [ 15.521989004990258, 44.097636405007123 ], [ 15.526507191790966, 44.075035713483032 ], [ 15.504050884109013, 44.043925028662514 ], [ 15.498914140275494, 44.0420997867691 ], [ 15.465709975603597, 44.056097247899494 ], [ 15.482006501216654, 44.102352810015866 ] ] ] } },
{ "type": "Feature", "properties": { "population": 891, "longitude": 15.504566813775121, "latitude": 44.123092230277493, "BM": 231 }, "geometry": { "type": "Polygon", "coordinates": [ [ [ 15.465342355230714, 44.129274071160907 ], [ 15.483147964352234, 44.148951092960182 ], [ 15.543758396212024, 44.135345389381833 ], [ 15.54601258965292, 44.125308351008691 ], [ 15.521989004990258, 44.097636405007123 ], [ 15.482006501216654, 44.102352810015866 ], [ 15.466242647206109, 44.125519027493546 ], [ 15.465342355230714, 44.129274071160907 ] ] ] } },
{ "type": "Feature", "properties": { "population": 437, "longitude": 15.557881301353991, "latitude": 44.183357536544499, "BM": 232 }, "geometry": { "type": "Polygon", "coordinates": [ [ [ 15.521633001959206, 44.202546957226531 ], [ 15.60441378300958, 44.204358122404187 ], [ 15.604266993095409, 44.19491701305224 ], [ 15.545789511828406, 44.144370483803797 ], [ 15.518203167156958, 44.195069570452098 ], [ 15.518302876976639, 44.199775735544335 ], [ 15.521633001959206, 44.202546957226531 ] ] ] } },
{ "type": "Feature", "properties": { "population": 302, "longitude": 15.532535816262698, "latitude": 45.507366379693643, "BM": 233 }, "geometry": { "type": "Polygon", "coordinates": [ [ [ 15.539800189946151, 45.513011281697295 ], [ 15.540218202192321, 45.504386169279442 ], [ 15.537944412750457, 45.501549341257146 ], [ 15.529828428866079, 45.50119946023608 ], [ 15.52739039269369, 45.501258731322935 ], [ 15.523289611306625, 45.512374090524737 ], [ 15.539800189946151, 45.513011281697295 ] ] ] } },
{ "type": "Feature", "properties": { "population": 87, "longitude": 15.515135786059918, "latitude": 45.591864138731488, "BM": 234 }, "geometry": { "type": "Polygon", "coordinates": [ [ [ 15.501941830720705, 45.595418831018051 ], [ 15.528179313843992, 45.601257061897826 ], [ 15.522415799222168, 45.583069200918878 ], [ 15.504865742314479, 45.585740012399022 ], [ 15.500771666474954, 45.594413102034203 ], [ 15.501941830720705, 45.595418831018051 ] ] ] } },
{ "type": "Feature", "properties": { "population": 558, "longitude": 15.490327359643409, "latitude": 44.185117811781026, "BM": 235 }, "geometry": { "type": "Polygon", "coordinates": [ [ [ 15.464651743515132, 44.192332225140809 ], [ 15.499077268794817, 44.207420454687679 ], [ 15.518302876976639, 44.199775735544335 ], [ 15.518203167156958, 44.195069570452098 ], [ 15.483831268884966, 44.153488736020151 ], [ 15.46430333797233, 44.188962719366842 ], [ 15.464651743515132, 44.192332225140809 ] ] ] } },
{ "type": "Feature", "properties": { "population": 1232, "longitude": 15.471908187625841, "latitude": 44.215120332096681, "BM": 236 }, "geometry": { "type": "Polygon", "coordinates": [ [ [ 15.458647391431469, 44.233286604462236 ], [ 15.480654106873589, 44.237389637545199 ], [ 15.499077268794817, 44.207420454687679 ], [ 15.464651743515132, 44.192332225140809 ], [ 15.447526665814975, 44.21034225947907 ], [ 15.458647391431469, 44.233286604462236 ] ] ] } },
{ "type": "Feature", "properties": { "population": 278, "longitude": 15.478452599492508, "latitude": 43.993067828099313, "BM": 237 }, "geometry": { "type": "Polygon", "coordinates": [ [ [ 15.455611549162228, 43.983348925121042 ], [ 15.457116350106253, 43.995738459590434 ], [ 15.496837156287121, 44.014325364457406 ], [ 15.503801264677035, 44.00519584902063 ], [ 15.475806603041677, 43.970992936168152 ], [ 15.455822032443585, 43.982957842883422 ], [ 15.455611549162228, 43.983348925121042 ] ] ] } },
{ "type": "Feature", "properties": { "population": 638, "longitude": 15.475207334131667, "latitude": 44.026729290712971, "BM": 238 }, "geometry": { "type": "Polygon", "coordinates": [ [ [ 15.454138797309014, 44.003630796100133 ], [ 15.461626803686579, 44.054644326116012 ], [ 15.465709975603597, 44.056097247899494 ], [ 15.498914140275494, 44.0420997867691 ], [ 15.496837156287121, 44.014325364457406 ], [ 15.457116350106253, 43.995738459590434 ], [ 15.454138797309014, 44.003630796100133 ] ] ] } },
{ "type": "Feature", "properties": { "population": 1174, "longitude": 15.455067259161725, "latitude": 44.086167366075898, "BM": 239 }, "geometry": { "type": "Polygon", "coordinates": [ [ [ 15.422655478745355, 44.080063182791264 ], [ 15.466242647206109, 44.125519027493546 ], [ 15.482006501216654, 44.102352810015866 ], [ 15.465709975603597, 44.056097247899494 ], [ 15.461626803686579, 44.054644326116012 ], [ 15.441785505135471, 44.058719952361358 ], [ 15.428696081860538, 44.068826684638111 ], [ 15.422655478745355, 44.080063182791264 ] ] ] } },
{ "type": "Feature", "properties": { "population": 899, "longitude": 15.460329973916023, "latitude": 43.915409208242401, "BM": 240 }, "geometry": { "type": "Polygon", "coordinates": [ [ [ 15.44169121725432, 43.915355961670933 ], [ 15.449541602659179, 43.945538174003254 ], [ 15.483773215302982, 43.928837675285877 ], [ 15.466203398625552, 43.888004080918172 ], [ 15.454772721567837, 43.881049151592933 ], [ 15.44169121725432, 43.915355961670933 ] ] ] } },
{ "type": "Feature", "properties": { "population": 969, "longitude": 15.437286803395269, "latitude": 43.937798742138355, "BM": 241 }, "geometry": { "type": "Polygon", "coordinates": [ [ [ 15.429791932112911, 43.947815393994489 ], [ 15.444504918057014, 43.954966036244514 ], [ 15.449541602659179, 43.945538174003254 ], [ 15.44169121725432, 43.915355961670933 ], [ 15.420206866632396, 43.94179924060893 ], [ 15.429791932112911, 43.947815393994489 ] ] ] } },
{ "type": "Feature", "properties": { "population": 1158, "longitude": 15.470230934534582, "latitude": 43.95433519747251, "BM": 242 }, "geometry": { "type": "Polygon", "coordinates": [ [ [ 15.444504918057014, 43.954966036244514 ], [ 15.455822032443585, 43.982957842883422 ], [ 15.475806603041677, 43.970992936168152 ], [ 15.500041372692527, 43.949014961525478 ], [ 15.483773215302982, 43.928837675285877 ], [ 15.449541602659179, 43.945538174003254 ], [ 15.444504918057014, 43.954966036244514 ] ] ] } },
{ "type": "Feature", "properties": { "population": 326, "longitude": 15.430993506124567, "latitude": 43.997456335344012, "BM": 243 }, "geometry": { "type": "Polygon", "coordinates": [ [ [ 15.401215480664472, 43.994147661619955 ], [ 15.421916060753714, 44.018892993391653 ], [ 15.454138797309014, 44.003630796100133 ], [ 15.457116350106253, 43.995738459590434 ], [ 15.455611549162228, 43.983348925121042 ], [ 15.423103948581829, 43.981815513722651 ], [ 15.401215480664472, 43.994147661619955 ] ] ] } },
{ "type": "Feature", "properties": { "population": 131, "longitude": 15.505358116923096, "latitude": 43.975180055862175, "BM": 244 }, "geometry": { "type": "Polygon", "coordinates": [ [ [ 15.475806603041677, 43.970992936168152 ], [ 15.503801264677035, 44.00519584902063 ], [ 15.533162620115185, 43.983240327700535 ], [ 15.516686730141819, 43.951617939590029 ], [ 15.500041372692527, 43.949014961525478 ], [ 15.475806603041677, 43.970992936168152 ] ] ] } },
{ "type": "Feature", "properties": { "population": 268, "longitude": 15.443456936337773, "latitude": 44.031982676921302, "BM": 245 }, "geometry": { "type": "Polygon", "coordinates": [ [ [ 15.441785505135471, 44.058719952361358 ], [ 15.461626803686579, 44.054644326116012 ], [ 15.454138797309014, 44.003630796100133 ], [ 15.421916060753714, 44.018892993391653 ], [ 15.420757988507029, 44.025845778046026 ], [ 15.441785505135471, 44.058719952361358 ] ] ] } },
{ "type": "Feature", "properties": { "population": 35, "longitude": 15.494362511220563, "latitude": 44.704088836947548, "BM": 246 }, "geometry": { "type": "Polygon", "coordinates": [ [ [ 15.432792932123409, 44.710170008526781 ], [ 15.461960513105327, 44.779257712400884 ], [ 15.485308347863226, 44.785278726402787 ], [ 15.565777381780032, 44.664760558661861 ], [ 15.531355409733866, 44.632551193385673 ], [ 15.455968376231422, 44.6700821783149 ], [ 15.432792932123409, 44.710170008526781 ] ] ] } },
{ "type": "Feature", "properties": { "population": 553, "longitude": 16.553824499269702, "latitude": 43.791123740031701, "BM": 247 }, "geometry": { "type": "Polygon", "coordinates": [ [ [ 16.550100588096335, 43.81369272465583 ], [ 16.582482763957401, 43.807520321408433 ], [ 16.560796599989494, 43.767409955366446 ], [ 16.522700074041538, 43.77894326588352 ], [ 16.550100588096335, 43.81369272465583 ] ] ] } },
{ "type": "Feature", "properties": { "population": 51, "longitude": 14.830462544141282, "latitude": 44.286023479772538, "BM": 248 }, "geometry": { "type": "Polygon", "coordinates": [ [ [ 14.840989711814006, 44.255537285586712 ], [ 14.773227131006886, 44.23108330539484 ], [ 14.819130675496545, 44.319035591645452 ], [ 14.889381549218069, 44.335978817500624 ], [ 14.840989711814006, 44.255537285586712 ] ] ] } },
{ "type": "Feature", "properties": { "population": 143, "longitude": 16.191348609578132, "latitude": 43.593768814060994, "BM": 249 }, "geometry": { "type": "Polygon", "coordinates": [ [ [ 16.164829213860436, 43.605049563859239 ], [ 16.194866469827129, 43.623134331783035 ], [ 16.212539407664476, 43.591408416015923 ], [ 16.209482094755007, 43.570305714135841 ], [ 16.19550453195609, 43.564685027940016 ], [ 16.168634145912684, 43.594252998546601 ], [ 16.164829213860436, 43.605049563859239 ] ] ] } },
{ "type": "Feature", "properties": { "population": 191, "longitude": 14.700537224009683, "latitude": 44.214838817613547, "BM": 250 }, "geometry": { "type": "Polygon", "coordinates": [ [ [ 14.720700839702383, 44.149910895066611 ], [ 14.576754356423915, 44.055987200212847 ], [ 14.672941904939833, 44.28496084165117 ], [ 14.73896669663387, 44.330733753518821 ], [ 14.819130675496545, 44.319035591645452 ], [ 14.773227131006886, 44.23108330539484 ], [ 14.720700839702383, 44.149910895066611 ] ] ] } },
{ "type": "Feature", "properties": { "population": 362, "longitude": 15.173725275285998, "latitude": 44.109943869542555, "BM": 251 }, "geometry": { "type": "Polygon", "coordinates": [ [ [ 15.158720778648885, 44.069723277412514 ], [ 15.16417143815244, 44.138558190911468 ], [ 15.188139042125909, 44.131757280287836 ], [ 15.195370309386343, 44.119435807295616 ], [ 15.167315939732992, 44.077095692559048 ], [ 15.158720778648885, 44.069723277412514 ] ] ] } },
{ "type": "Feature", "properties": { "population": 109, "longitude": 15.025976008922749, "latitude": 43.987374973843416, "BM": 252 }, "geometry": { "type": "Polygon", "coordinates": [ [ [ 15.06283375451134, 44.070423816481963 ], [ 15.102446687569332, 44.014832422605437 ], [ 14.91264758468758, 43.87686868244284 ], [ 15.06283375451134, 44.070423816481963 ] ] ] } }
]
}
