{
"type": "FeatureCollection",
"name": "output_zupanija_14",
"crs": { "type": "name", "properties": { "name": "urn:ogc:def:crs:EPSG::3765" } },
"features": [
{ "type": "Feature", "properties": { "population": 117, "longitude": 17.51742412488823, "latitude": 42.981599935550015, "BM": 1 }, "geometry": { "type": "Polygon", "coordinates": [ [ [ 17.486108170507684, 42.949994655389773 ], [ 17.486460886295696, 42.950851913818028 ], [ 17.519698332654613, 43.015735316018763 ], [ 17.53056504091742, 43.010883455319885 ], [ 17.544452271288556, 42.979163775042935 ], [ 17.537650936507461, 42.974098230348559 ], [ 17.487613856950137, 42.947268341982834 ], [ 17.486108170507684, 42.949994655389773 ] ] ] } },
{ "type": "Feature", "properties": { "population": 228, "longitude": 17.442899710381838, "latitude": 43.186205915850728, "BM": 2 }, "geometry": { "type": "Polygon", "coordinates": [ [ [ 17.420692200654557, 43.181308741840617 ], [ 17.458048504778827, 43.204713019486029 ], [ 17.473229069491115, 43.208075047182263 ], [ 17.45202757103241, 43.181810276085969 ], [ 17.421923117172533, 43.163188253969203 ], [ 17.420692200654557, 43.181308741840617 ] ] ] } },
{ "type": "Feature", "properties": { "population": 278, "longitude": 17.468234125985674, "latitude": 43.178975955549937, "BM": 3 }, "geometry": { "type": "Polygon", "coordinates": [ [ [ 17.473229069491115, 43.208075047182263 ], [ 17.502457714714083, 43.224099243374944 ], [ 17.467270532974275, 43.150363031806641 ], [ 17.456894434446834, 43.138274138354987 ], [ 17.441633477150241, 43.148315194637078 ], [ 17.45202757103241, 43.181810276085969 ], [ 17.473229069491115, 43.208075047182263 ] ] ] } },
{ "type": "Feature", "properties": { "population": 149, "longitude": 19.067432010334148, "latitude": 42.64330046679806, "BM": 4 }, "geometry": { "type": "Polygon", "coordinates": [ [ [ 19.4035844, 42.4415921 ], [ 18.455244963974511, 42.4415921 ], [ 18.456419533392069, 42.446040737355169 ], [ 18.546820805573212, 42.543850384845705 ], [ 19.4035844, 43.0398748866237 ], [ 19.4035844, 42.4415921 ] ] ] } },
{ "type": "Feature", "properties": { "population": 397, "longitude": 17.409759065024083, "latitude": 43.177462968723397, "BM": 5 }, "geometry": { "type": "Polygon", "coordinates": [ [ [ 17.397334496095858, 43.174987540484366 ], [ 17.400419292982839, 43.194701135549067 ], [ 17.420692200654557, 43.181308741840617 ], [ 17.421923117172533, 43.163188253969203 ], [ 17.421019496372622, 43.161338665067355 ], [ 17.398178885874664, 43.173037877283399 ], [ 17.397334496095858, 43.174987540484366 ] ] ] } },
{ "type": "Feature", "properties": { "population": 319, "longitude": 18.020646266560306, "latitude": 42.664345105983749, "BM": 6 }, "geometry": { "type": "Polygon", "coordinates": [ [ [ 17.996531693499428, 42.684063843061935 ], [ 18.056115645715437, 42.698406833168271 ], [ 18.064309674206505, 42.682423159630623 ], [ 18.063706806348726, 42.681434577916569 ], [ 18.054273226993534, 42.669950300130544 ], [ 17.991835618092789, 42.612839278035288 ], [ 17.9920378545436, 42.679468838958591 ], [ 17.996531693499428, 42.684063843061935 ] ] ] } },
{ "type": "Feature", "properties": { "population": 223, "longitude": 17.446105703240057, "latitude": 42.875018711894377, "BM": 7 }, "geometry": { "type": "Polygon", "coordinates": [ [ [ 17.440430719671799, 42.917934815354606 ], [ 17.48699022768346, 42.928796635027197 ], [ 17.491214685044721, 42.922664105063419 ], [ 17.495265462591004, 42.899951758210605 ], [ 17.48073684113713, 42.829334431784673 ], [ 17.440047384364171, 42.821143315093757 ], [ 17.382740870670553, 42.862999086428822 ], [ 17.408776842424846, 42.908284404263803 ], [ 17.440430719671799, 42.917934815354606 ] ] ] } },
{ "type": "Feature", "properties": { "population": 176, "longitude": 17.372469384640269, "latitude": 43.153987023271995, "BM": 8 }, "geometry": { "type": "Polygon", "coordinates": [ [ [ 17.353600774828973, 43.168810717368117 ], [ 17.397334496095858, 43.174987540484366 ], [ 17.398178885874664, 43.173037877283399 ], [ 17.382360206734177, 43.125250516806574 ], [ 17.376186942817746, 43.129073918029256 ], [ 17.351882098821378, 43.145164999071937 ], [ 17.343463639270755, 43.157076680022421 ], [ 17.353600774828973, 43.168810717368117 ] ] ] } },
{ "type": "Feature", "properties": { "population": 1073, "longitude": 17.343658520973236, "latitude": 43.080491140351356, "BM": 9 }, "geometry": { "type": "Polygon", "coordinates": [ [ [ 17.31465720223618, 43.077678819088696 ], [ 17.376186942817746, 43.129073918029256 ], [ 17.382360206734177, 43.125250516806574 ], [ 17.385161395869968, 43.122460744848382 ], [ 17.336256708411653, 43.035451915911516 ], [ 17.304604722632778, 43.060553027424284 ], [ 17.31465720223618, 43.077678819088696 ] ] ] } },
{ "type": "Feature", "properties": { "population": 101, "longitude": 17.779367717442096, "latitude": 42.944920700375384, "BM": 10 }, "geometry": { "type": "Polygon", "coordinates": [ [ [ 17.814309974179217, 43.027542037791314 ], [ 17.861888546020996, 43.049982902718348 ], [ 17.756857579870619, 42.85769367684378 ], [ 17.729380439084945, 42.86036437126716 ], [ 17.710975256614862, 42.875015957241075 ], [ 17.708244649767476, 42.878901774523193 ], [ 17.799856449156668, 43.017966796245112 ], [ 17.814309974179217, 43.027542037791314 ] ] ] } },
{ "type": "Feature", "properties": { "population": 209, "longitude": 17.390789684110395, "latitude": 43.248027074903895, "BM": 11 }, "geometry": { "type": "Polygon", "coordinates": [ [ [ 17.383335122664246, 43.283594299676658 ], [ 17.408387182702299, 43.307415971300422 ], [ 17.402018188012828, 43.2037581597884 ], [ 17.399052480309926, 43.199894361418792 ], [ 17.392147998978306, 43.200052910785189 ], [ 17.366895246261887, 43.222937777002166 ], [ 17.383335122664246, 43.283594299676658 ] ] ] } },
{ "type": "Feature", "properties": { "population": 42, "longitude": 18.307090003984786, "latitude": 42.687027805077975, "BM": 12 }, "geometry": { "type": "Polygon", "coordinates": [ [ [ 18.279097284163004, 42.705837039369761 ], [ 18.3239929156084, 42.823837996838023 ], [ 18.327830050456139, 42.585470960328323 ], [ 18.315272210216509, 42.578219844032745 ], [ 18.275238401962358, 42.660925040984978 ], [ 18.279097284163004, 42.705837039369761 ] ] ] } },
{ "type": "Feature", "properties": { "population": 1426, "longitude": 17.60720942062845, "latitude": 43.835271460973374, "BM": 13 }, "geometry": { "type": "Polygon", "coordinates": [ [ [ 17.260463796842199, 43.640748992791231 ], [ 17.621479796527435, 44.213085655535657 ], [ 18.083255554269478, 44.026125989569053 ], [ 18.064236690363366, 44.004671646199093 ], [ 17.607973771670043, 43.593698079689133 ], [ 17.555240318052086, 43.558773896759881 ], [ 17.242506390632872, 43.423797231396236 ], [ 17.209723121485574, 43.42949470588831 ], [ 17.206917758835502, 43.433000783073766 ], [ 17.196157861661103, 43.508733774665394 ], [ 17.260463796842199, 43.640748992791231 ] ] ] } },
{ "type": "Feature", "properties": { "population": 591, "longitude": 17.347575414625101, "latitude": 43.117305912063301, "BM": 14 }, "geometry": { "type": "Polygon", "coordinates": [ [ [ 17.351882098821378, 43.145164999071937 ], [ 17.376186942817746, 43.129073918029256 ], [ 17.31465720223618, 43.077678819088696 ], [ 17.351882098821378, 43.145164999071937 ] ] ] } },
{ "type": "Feature", "properties": { "population": 334, "longitude": 19.005971378267848, "latitude": 43.062478508605579, "BM": 15 }, "geometry": { "type": "Polygon", "coordinates": [ [ [ 19.4035844, 43.0398748866237 ], [ 18.546820805573212, 42.543850384845705 ], [ 18.484712754082661, 42.520392283749544 ], [ 18.401263177384429, 42.528329889878748 ], [ 18.403805609485719, 42.577851344239434 ], [ 18.415316126059615, 42.609686418991089 ], [ 19.199080470984477, 43.597776395287141 ], [ 19.290936563916247, 43.578542235127266 ], [ 19.4035844, 43.548178661502845 ], [ 19.4035844, 43.0398748866237 ] ] ] } },
{ "type": "Feature", "properties": { "population": 214, "longitude": 17.574780694518715, "latitude": 42.93769254390827, "BM": 16 }, "geometry": { "type": "Polygon", "coordinates": [ [ [ 17.586629740729663, 42.899052621708826 ], [ 17.551939038146958, 42.923440417221776 ], [ 17.553213978461148, 42.97641610992455 ], [ 17.573388903568109, 42.976830122562859 ], [ 17.582480900248708, 42.965922501111379 ], [ 17.606023724819028, 42.909745242892036 ], [ 17.586629740729663, 42.899052621708826 ] ] ] } },
{ "type": "Feature", "properties": { "population": 1830, "longitude": 17.370933476541481, "latitude": 43.203996660078843, "BM": 17 }, "geometry": { "type": "Polygon", "coordinates": [ [ [ 17.366895246261887, 43.222937777002166 ], [ 17.392147998978306, 43.200052910785189 ], [ 17.362183124569484, 43.185854877729241 ], [ 17.356836260102664, 43.213230639212583 ], [ 17.366895246261887, 43.222937777002166 ] ] ] } },
{ "type": "Feature", "properties": { "population": 147, "longitude": 17.352180738162257, "latitude": 43.243917224733941, "BM": 18 }, "geometry": { "type": "Polygon", "coordinates": [ [ [ 17.325743314273232, 43.222750879055546 ], [ 17.319869112340928, 43.236599016087482 ], [ 17.339149565079985, 43.260886457708438 ], [ 17.383335122664246, 43.283594299676658 ], [ 17.366895246261887, 43.222937777002166 ], [ 17.356836260102664, 43.213230639212583 ], [ 17.332996738071412, 43.216801495492412 ], [ 17.325743314273232, 43.222750879055546 ] ] ] } },
{ "type": "Feature", "properties": { "population": 48, "longitude": 17.278589373506993, "latitude": 43.2268374408631, "BM": 19 }, "geometry": { "type": "Polygon", "coordinates": [ [ [ 17.259103242184878, 43.228129680020587 ], [ 17.283936422491788, 43.249425426519984 ], [ 17.30068148424678, 43.236901897617606 ], [ 17.285239725595776, 43.207267386519533 ], [ 17.256036291519486, 43.213862313059948 ], [ 17.259103242184878, 43.228129680020587 ] ] ] } },
{ "type": "Feature", "properties": { "population": 240, "longitude": 17.439524253984448, "latitude": 43.088769929608809, "BM": 20 }, "geometry": { "type": "Polygon", "coordinates": [ [ [ 17.412752003785656, 43.107112340808435 ], [ 17.459770532259434, 43.106312196620536 ], [ 17.476017619684818, 43.094143942260672 ], [ 17.470381221530729, 43.084023248332066 ], [ 17.441940972136123, 43.066771935015325 ], [ 17.440569875427443, 43.066749563112424 ], [ 17.411646549021189, 43.071743744788662 ], [ 17.412752003785656, 43.107112340808435 ] ] ] } },
{ "type": "Feature", "properties": { "population": 121, "longitude": 17.304521917493389, "latitude": 43.212142827839109, "BM": 21 }, "geometry": { "type": "Polygon", "coordinates": [ [ [ 17.285239725595776, 43.207267386519533 ], [ 17.30068148424678, 43.236901897617606 ], [ 17.319869112340928, 43.236599016087482 ], [ 17.325743314273232, 43.222750879055546 ], [ 17.297956900042315, 43.175778986023346 ], [ 17.285239725595776, 43.207267386519533 ] ] ] } },
{ "type": "Feature", "properties": { "population": 44, "longitude": 17.595148742498612, "latitude": 42.981710353888147, "BM": 22 }, "geometry": { "type": "Polygon", "coordinates": [ [ [ 17.584445630936219, 42.995059022157434 ], [ 17.59547606369129, 43.000104785004041 ], [ 17.623455019302231, 42.976821082820237 ], [ 17.582480900248708, 42.965922501111379 ], [ 17.573388903568109, 42.976830122562859 ], [ 17.584445630936219, 42.995059022157434 ] ] ] } },
{ "type": "Feature", "properties": { "population": 154, "longitude": 17.260221770937818, "latitude": 43.25841204555018, "BM": 23 }, "geometry": { "type": "Polygon", "coordinates": [ [ [ 17.248373530406511, 43.284026471231471 ], [ 17.271058944429427, 43.282428785140759 ], [ 17.283936422491788, 43.249425426519984 ], [ 17.259103242184878, 43.228129680020587 ], [ 17.239834856467269, 43.250940567233386 ], [ 17.239344399384191, 43.262592331588159 ], [ 17.248373530406511, 43.284026471231471 ] ] ] } },
{ "type": "Feature", "properties": { "population": 48, "longitude": 17.278589373506993, "latitude": 43.2268374408631, "BM": 24 }, "geometry": { "type": "Polygon", "coordinates": [ [ [ 17.259103242184878, 43.228129680020587 ], [ 17.283936422491788, 43.249425426519984 ], [ 17.30068148424678, 43.236901897617606 ], [ 17.285239725595776, 43.207267386519533 ], [ 17.256036291519486, 43.213862313059948 ], [ 17.259103242184878, 43.228129680020587 ] ] ] } },
{ "type": "Feature", "properties": { "population": 211, "longitude": 17.350550841855721, "latitude": 43.387178809453403, "BM": 25 }, "geometry": { "type": "Polygon", "coordinates": [ [ [ 17.505030593561401, 43.518489362172573 ], [ 17.286358987677858, 43.29081656503989 ], [ 17.278042950212772, 43.287588336475622 ], [ 17.267454699263183, 43.359546245593641 ], [ 17.505030593561401, 43.518489362172573 ] ] ] } },
{ "type": "Feature", "properties": { "population": 73, "longitude": 17.257895647126539, "latitude": 43.312659039357257, "BM": 26 }, "geometry": { "type": "Polygon", "coordinates": [ [ [ 17.230737856415619, 43.299461206088296 ], [ 17.262778070789235, 43.357879926863902 ], [ 17.267454699263183, 43.359546245593641 ], [ 17.278042950212772, 43.287588336475622 ], [ 17.271058944429427, 43.282428785140759 ], [ 17.248373530406511, 43.284026471231471 ], [ 17.230737856415619, 43.299461206088296 ] ] ] } },
{ "type": "Feature", "properties": { "population": 153, "longitude": 17.346052098295328, "latitude": 43.441482261415352, "BM": 27 }, "geometry": { "type": "Polygon", "coordinates": [ [ [ 17.219377509861467, 43.393370458468958 ], [ 17.242506390632872, 43.423797231396236 ], [ 17.555240318052086, 43.558773896759881 ], [ 17.505030593561401, 43.518489362172573 ], [ 17.267454699263183, 43.359546245593641 ], [ 17.262778070789235, 43.357879926863902 ], [ 17.226234028711239, 43.364506371986202 ], [ 17.219377509861467, 43.393370458468958 ] ] ] } },
{ "type": "Feature", "properties": { "population": 114, "longitude": 17.321585635381755, "latitude": 43.184179335685464, "BM": 28 }, "geometry": { "type": "Polygon", "coordinates": [ [ [ 17.298156045227099, 43.171371104962347 ], [ 17.297956900042315, 43.175778986023346 ], [ 17.325743314273232, 43.222750879055546 ], [ 17.332996738071412, 43.216801495492412 ], [ 17.339590061920639, 43.158231693557255 ], [ 17.313357249658392, 43.159245682322528 ], [ 17.298156045227099, 43.171371104962347 ] ] ] } },
{ "type": "Feature", "properties": { "population": 328, "longitude": 17.272990848833039, "latitude": 43.122339646690641, "BM": 29 }, "geometry": { "type": "Polygon", "coordinates": [ [ [ 17.240502628346523, 43.077744337545383 ], [ 17.23699406422169, 43.101971035180675 ], [ 17.27202293646528, 43.167395675996438 ], [ 17.298156045227099, 43.171371104962347 ], [ 17.313357249658392, 43.159245682322528 ], [ 17.274013702036306, 43.074099359662064 ], [ 17.245788846239272, 43.075371761949896 ], [ 17.240502628346523, 43.077744337545383 ] ] ] } },
{ "type": "Feature", "properties": { "population": 509, "longitude": 16.998259546122316, "latitude": 43.491704612782222, "BM": 30 }, "geometry": { "type": "Polygon", "coordinates": [ [ [ 16.976538451160611, 43.52125663884118 ], [ 16.990188304194096, 43.52637029640298 ], [ 17.030560094547511, 43.48476886038619 ], [ 17.030525111930274, 43.483796549503055 ], [ 17.029891109134603, 43.482147933684118 ], [ 17.013568172619966, 43.459708467864566 ], [ 16.998216034691016, 43.459018470717247 ], [ 16.967216124151054, 43.505192332754035 ], [ 16.976538451160611, 43.52125663884118 ] ] ] } },
{ "type": "Feature", "properties": { "population": 195, "longitude": 17.001102054008562, "latitude": 43.435523408770614, "BM": 31 }, "geometry": { "type": "Polygon", "coordinates": [ [ [ 17.013568172619966, 43.459708467864566 ], [ 17.02036735450157, 43.428429471977111 ], [ 16.992737733618558, 43.400621469808293 ], [ 16.982920406330365, 43.455351186320463 ], [ 16.998216034691016, 43.459018470717247 ], [ 17.013568172619966, 43.459708467864566 ] ] ] } },
{ "type": "Feature", "properties": { "population": 269, "longitude": 16.971032552235073, "latitude": 43.474527385714026, "BM": 32 }, "geometry": { "type": "Polygon", "coordinates": [ [ [ 16.952889474732206, 43.490238055240738 ], [ 16.967216124151054, 43.505192332754035 ], [ 16.998216034691016, 43.459018470717247 ], [ 16.982920406330365, 43.455351186320463 ], [ 16.96687880411071, 43.452057864171707 ], [ 16.954083830284453, 43.464219106615602 ], [ 16.952889474732206, 43.490238055240738 ] ] ] } },
{ "type": "Feature", "properties": { "population": 370, "longitude": 16.964562207059803, "latitude": 43.553132368296602, "BM": 33 }, "geometry": { "type": "Polygon", "coordinates": [ [ [ 16.941363356632817, 43.58245713533892 ], [ 16.967961765825869, 43.586126199937105 ], [ 16.996279398127832, 43.54413502720336 ], [ 16.990188304194096, 43.52637029640298 ], [ 16.976538451160611, 43.52125663884118 ], [ 16.936387786111325, 43.540274695229137 ], [ 16.941363356632817, 43.58245713533892 ] ] ] } },
{ "type": "Feature", "properties": { "population": 367, "longitude": 16.94012692111448, "latitude": 43.515354227380641, "BM": 34 }, "geometry": { "type": "Polygon", "coordinates": [ [ [ 16.936387786111325, 43.540274695229137 ], [ 16.976538451160611, 43.52125663884118 ], [ 16.967216124151054, 43.505192332754035 ], [ 16.952889474732206, 43.490238055240738 ], [ 16.907101984119048, 43.507132014314998 ], [ 16.903173084770518, 43.519195389212072 ], [ 16.936387786111325, 43.540274695229137 ] ] ] } },
{ "type": "Feature", "properties": { "population": 161, "longitude": 17.061309276633494, "latitude": 43.461156198842623, "BM": 35 }, "geometry": { "type": "Polygon", "coordinates": [ [ [ 17.030525111930274, 43.483796549503055 ], [ 17.076799602355518, 43.469114203952302 ], [ 17.083521181213342, 43.444753146011685 ], [ 17.067748945242883, 43.438010954245236 ], [ 17.029891109134603, 43.482147933684118 ], [ 17.030525111930274, 43.483796549503055 ] ] ] } },
{ "type": "Feature", "properties": { "population": 325, "longitude": 17.067378033596697, "latitude": 43.492764272418526, "BM": 36 }, "geometry": { "type": "Polygon", "coordinates": [ [ [ 17.030560094547511, 43.48476886038619 ], [ 17.067297322889132, 43.52325183227272 ], [ 17.101842068437946, 43.488890231250799 ], [ 17.076799602355518, 43.469114203952302 ], [ 17.030525111930274, 43.483796549503055 ], [ 17.030560094547511, 43.48476886038619 ] ] ] } },
{ "type": "Feature", "properties": { "population": 417, "longitude": 17.037281713208912, "latitude": 43.535812619336077, "BM": 37 }, "geometry": { "type": "Polygon", "coordinates": [ [ [ 16.996279398127832, 43.54413502720336 ], [ 17.079388953448788, 43.589380875705835 ], [ 17.067297322889132, 43.52325183227272 ], [ 17.030560094547511, 43.48476886038619 ], [ 16.990188304194096, 43.52637029640298 ], [ 16.996279398127832, 43.54413502720336 ] ] ] } },
{ "type": "Feature", "properties": { "population": 100, "longitude": 17.038007359584743, "latitude": 43.445376969539694, "BM": 38 }, "geometry": { "type": "Polygon", "coordinates": [ [ [ 17.029891109134603, 43.482147933684118 ], [ 17.067748945242883, 43.438010954245236 ], [ 17.057724338677531, 43.420573756176879 ], [ 17.037018361312288, 43.418188179476978 ], [ 17.02036735450157, 43.428429471977111 ], [ 17.013568172619966, 43.459708467864566 ], [ 17.029891109134603, 43.482147933684118 ] ] ] } },
{ "type": "Feature", "properties": { "population": 1815, "longitude": 16.993986042678696, "latitude": 43.291611060833283, "BM": 39 }, "geometry": { "type": "Polygon", "coordinates": [ [ [ 16.977670876479245, 43.288740871558971 ], [ 17.001974572917753, 43.314607438494654 ], [ 17.030091764228448, 43.306990444455678 ], [ 17.021113519317833, 43.299149822187552 ], [ 16.951931568471053, 43.255354877158965 ], [ 16.977670876479245, 43.288740871558971 ] ] ] } },
{ "type": "Feature", "properties": { "population": 206, "longitude": 16.992089463966945, "latitude": 43.322257146554811, "BM": 40 }, "geometry": { "type": "Polygon", "coordinates": [ [ [ 16.984880633233878, 43.342308514728522 ], [ 17.008499818759834, 43.344176410558795 ], [ 17.001974572917753, 43.314607438494654 ], [ 16.977670876479245, 43.288740871558971 ], [ 16.984880633233878, 43.342308514728522 ] ] ] } },
{ "type": "Feature", "properties": { "population": 610, "longitude": 17.037051951610525, "latitude": 43.331084601332932, "BM": 41 }, "geometry": { "type": "Polygon", "coordinates": [ [ [ 17.008499818759834, 43.344176410558795 ], [ 17.02281205594085, 43.358299105887426 ], [ 17.038840908506479, 43.358314999705279 ], [ 17.063481819467938, 43.347832420281783 ], [ 17.072289248389794, 43.326154318115442 ], [ 17.072624040302486, 43.321647613074347 ], [ 17.060681989787454, 43.308915681691111 ], [ 17.030266379104184, 43.306992735977232 ], [ 17.030091764228448, 43.306990444455678 ], [ 17.001974572917753, 43.314607438494654 ], [ 17.008499818759834, 43.344176410558795 ] ] ] } },
{ "type": "Feature", "properties": { "population": 103, "longitude": 18.265156351102185, "latitude": 42.587195679344774, "BM": 42 }, "geometry": { "type": "Polygon", "coordinates": [ [ [ 18.278381712342526, 42.592634725020446 ], [ 18.274802304808873, 42.56396667358954 ], [ 18.266999934803426, 42.559775907948023 ], [ 18.254081227437617, 42.572459682910534 ], [ 18.251894692803834, 42.600238633912852 ], [ 18.266184357916188, 42.617511142482243 ], [ 18.278381712342526, 42.592634725020446 ] ] ] } },
{ "type": "Feature", "properties": { "population": 637, "longitude": 16.984321381436303, "latitude": 43.250661657471696, "BM": 43 }, "geometry": { "type": "Polygon", "coordinates": [ [ [ 16.951931568471053, 43.255354877158965 ], [ 17.021113519317833, 43.299149822187552 ], [ 17.020434606085171, 43.290381060002623 ], [ 17.000222329320618, 43.225334829147194 ], [ 16.992191272288142, 43.21446170018249 ], [ 16.97326227889555, 43.216890733722998 ], [ 16.948526932466702, 43.228773577138369 ], [ 16.94732092632988, 43.249937213484934 ], [ 16.951931568471053, 43.255354877158965 ] ] ] } },
{ "type": "Feature", "properties": { "population": 2145, "longitude": 17.023995073850944, "latitude": 43.298939078362949, "BM": 44 }, "geometry": { "type": "Polygon", "coordinates": [ [ [ 17.030091764228448, 43.306990444455678 ], [ 17.030266379104184, 43.306992735977232 ], [ 17.020434606085171, 43.290381060002623 ], [ 17.021113519317833, 43.299149822187552 ], [ 17.030091764228448, 43.306990444455678 ] ] ] } },
{ "type": "Feature", "properties": { "population": 113, "longitude": 17.545177085169492, "latitude": 42.951239615457126, "BM": 45 }, "geometry": { "type": "Polygon", "coordinates": [ [ [ 17.544452271288556, 42.979163775042935 ], [ 17.553213978461148, 42.97641610992455 ], [ 17.551939038146958, 42.923440417221776 ], [ 17.537450106158943, 42.925676238187819 ], [ 17.537650936507461, 42.974098230348559 ], [ 17.544452271288556, 42.979163775042935 ] ] ] } },
{ "type": "Feature", "properties": { "population": 177, "longitude": 17.558451312448252, "latitude": 42.995644491362427, "BM": 46 }, "geometry": { "type": "Polygon", "coordinates": [ [ [ 17.531912075310899, 43.011939514829265 ], [ 17.564428468766582, 43.012513595392541 ], [ 17.578307295234168, 43.008216643465715 ], [ 17.584445630936219, 42.995059022157434 ], [ 17.573388903568109, 42.976830122562859 ], [ 17.553213978461148, 42.97641610992455 ], [ 17.544452271288556, 42.979163775042935 ], [ 17.53056504091742, 43.010883455319885 ], [ 17.531912075310899, 43.011939514829265 ] ] ] } },
{ "type": "Feature", "properties": { "population": 124, "longitude": 18.046244247153545, "latitude": 42.819512597235665, "BM": 47 }, "geometry": { "type": "Polygon", "coordinates": [ [ [ 18.126270655998692, 43.012210162811094 ], [ 18.006828481430006, 42.695402307463091 ], [ 18.001689503378735, 42.690481205781879 ], [ 18.011427876862619, 42.765888944062326 ], [ 18.126270655998692, 43.012210162811094 ] ] ] } },
{ "type": "Feature", "properties": { "population": 447, "longitude": 16.951643469134027, "latitude": 43.321627436468781, "BM": 48 }, "geometry": { "type": "Polygon", "coordinates": [ [ [ 16.922533947284851, 43.307121911390126 ], [ 16.923850410033126, 43.308582600365852 ], [ 16.966592383654429, 43.353209040755175 ], [ 16.984717710521494, 43.342339011652399 ], [ 16.933025379176758, 43.285953373529267 ], [ 16.922533947284851, 43.307121911390126 ] ] ] } },
{ "type": "Feature", "properties": { "population": 1045, "longitude": 16.952332319818449, "latitude": 43.35346586040297, "BM": 49 }, "geometry": { "type": "Polygon", "coordinates": [ [ [ 16.966799569574352, 43.393530582192923 ], [ 16.966592383654429, 43.353209040755175 ], [ 16.923850410033126, 43.308582600365852 ], [ 16.964585612768762, 43.394712392317111 ], [ 16.966799569574352, 43.393530582192923 ] ] ] } },
{ "type": "Feature", "properties": { "population": 322, "longitude": 17.168377839301094, "latitude": 43.796143742178913, "BM": 50 }, "geometry": { "type": "Polygon", "coordinates": [ [ [ 16.967961765825869, 43.586126199937105 ], [ 17.487937717634537, 44.256623247877805 ], [ 17.079388953448788, 43.589380875705835 ], [ 16.996279398127832, 43.54413502720336 ], [ 16.967961765825869, 43.586126199937105 ] ] ] } },
{ "type": "Feature", "properties": { "population": 114, "longitude": 17.213381563718531, "latitude": 43.968779565580412, "BM": 51 }, "geometry": { "type": "Polygon", "coordinates": [ [ [ 16.919229447382445, 43.622695244023845 ], [ 17.398247575744872, 44.303155368955309 ], [ 17.494867737072688, 44.267056409581663 ], [ 17.487937717634537, 44.256623247877805 ], [ 16.967961765825869, 43.586126199937105 ], [ 16.941363356632817, 43.58245713533892 ], [ 16.938167545375482, 43.584539998305182 ], [ 16.919229447382445, 43.622695244023845 ] ] ] } },
{ "type": "Feature", "properties": { "population": 266, "longitude": 17.340858341913869, "latitude": 43.893538493639603, "BM": 52 }, "geometry": { "type": "Polygon", "coordinates": [ [ [ 17.494867737072688, 44.267056409581663 ], [ 17.530496372373133, 44.257998061446045 ], [ 17.621479796527435, 44.213085655535657 ], [ 17.260463796842199, 43.640748992791231 ], [ 17.108334417153131, 43.487128845261431 ], [ 17.101842068437946, 43.488890231250799 ], [ 17.067297322889132, 43.52325183227272 ], [ 17.079388953448788, 43.589380875705835 ], [ 17.487937717634537, 44.256623247877805 ], [ 17.494867737072688, 44.267056409581663 ] ] ] } },
{ "type": "Feature", "properties": { "population": 30, "longitude": 17.212439840573499, "latitude": 43.240984203120455, "BM": 53 }, "geometry": { "type": "Polygon", "coordinates": [ [ [ 17.239344399384191, 43.262592331588159 ], [ 17.239834856467269, 43.250940567233386 ], [ 17.224642946765766, 43.225508271007016 ], [ 17.176921552562181, 43.231636408785448 ], [ 17.172890241537715, 43.236048990102532 ], [ 17.239344399384191, 43.262592331588159 ] ] ] } },
{ "type": "Feature", "properties": { "population": 36, "longitude": 17.100828257637289, "latitude": 43.359756602652112, "BM": 54 }, "geometry": { "type": "Polygon", "coordinates": [ [ [ 17.063481819467938, 43.347832420281783 ], [ 17.090570612660652, 43.387540947089697 ], [ 17.099161170982065, 43.391738930292199 ], [ 17.131554189951363, 43.383539476735066 ], [ 17.136293443515566, 43.357628128046052 ], [ 17.132184114486932, 43.347323392880071 ], [ 17.072289248389794, 43.326154318115442 ], [ 17.063481819467938, 43.347832420281783 ] ] ] } },
{ "type": "Feature", "properties": { "population": 103, "longitude": 18.265156351102185, "latitude": 42.587195679344774, "BM": 55 }, "geometry": { "type": "Polygon", "coordinates": [ [ [ 18.278381712342526, 42.592634725020446 ], [ 18.274802304808873, 42.56396667358954 ], [ 18.266999934803426, 42.559775907948023 ], [ 18.254081227437617, 42.572459682910534 ], [ 18.251894692803834, 42.600238633912852 ], [ 18.266184357916188, 42.617511142482243 ], [ 18.278381712342526, 42.592634725020446 ] ] ] } },
{ "type": "Feature", "properties": { "population": 1921, "longitude": 17.029852409856758, "latitude": 43.279444455111985, "BM": 56 }, "geometry": { "type": "Polygon", "coordinates": [ [ [ 17.020434606085171, 43.290381060002623 ], [ 17.030266379104184, 43.306992735977232 ], [ 17.060681989787454, 43.308915681691111 ], [ 17.055075508270285, 43.296269178769464 ], [ 17.000222329320618, 43.225334829147194 ], [ 17.020434606085171, 43.290381060002623 ] ] ] } },
{ "type": "Feature", "properties": { "population": 619, "longitude": 17.0585556069666, "latitude": 43.385350985943226, "BM": 57 }, "geometry": { "type": "Polygon", "coordinates": [ [ [ 17.037018361312288, 43.418188179476978 ], [ 17.057724338677531, 43.420573756176879 ], [ 17.090570612660652, 43.387540947089697 ], [ 17.063481819467938, 43.347832420281783 ], [ 17.038840908506479, 43.358314999705279 ], [ 17.037018361312288, 43.418188179476978 ] ] ] } },
{ "type": "Feature", "properties": { "population": 136, "longitude": 17.611935021754356, "latitude": 43.032121845983845, "BM": 58 }, "geometry": { "type": "Polygon", "coordinates": [ [ [ 17.592378156773517, 43.043046998478772 ], [ 17.619338817814281, 43.05406084251544 ], [ 17.619922561556638, 43.053805108389909 ], [ 17.629123807519701, 43.032083324602894 ], [ 17.62710801944452, 43.017359429837526 ], [ 17.606489478319684, 43.010596023542924 ], [ 17.59843975199918, 43.022556211437632 ], [ 17.592378156773517, 43.043046998478772 ] ] ] } },
{ "type": "Feature", "properties": { "population": 170, "longitude": 18.359444451161139, "latitude": 42.540161745474393, "BM": 59 }, "geometry": { "type": "Polygon", "coordinates": [ [ [ 18.345254834902146, 42.531996543464352 ], [ 18.357329479594924, 42.552565951049168 ], [ 18.372366501672957, 42.550947667622083 ], [ 18.365771445001773, 42.531493849651163 ], [ 18.356464839275286, 42.527568950800379 ], [ 18.345254834902146, 42.531996543464352 ] ] ] } },
{ "type": "Feature", "properties": { "population": 302, "longitude": 17.172056685377591, "latitude": 43.11121295737528, "BM": 60 }, "geometry": { "type": "Polygon", "coordinates": [ [ [ 17.092569960436037, 43.112132654005926 ], [ 17.131184211062731, 43.138947666703437 ], [ 17.199703882192992, 43.16838342076089 ], [ 17.203244365071548, 43.167062681768627 ], [ 17.23699406422169, 43.101971035180675 ], [ 17.240502628346523, 43.077744337545383 ], [ 17.204170873994801, 43.06785113555302 ], [ 17.103480214038036, 43.085018910575315 ], [ 17.092344574184736, 43.101545616220506 ], [ 17.092569960436037, 43.112132654005926 ] ] ] } },
{ "type": "Feature", "properties": { "population": 273, "longitude": 17.10422309428051, "latitude": 43.209844372539813, "BM": 61 }, "geometry": { "type": "Polygon", "coordinates": [ [ [ 17.129641744694169, 43.269228834533266 ], [ 17.155705679852979, 43.24769241682074 ], [ 17.077666212323276, 43.144328459344372 ], [ 17.055391206965204, 43.17284305185273 ], [ 17.116127190557052, 43.260065257885543 ], [ 17.129641744694169, 43.269228834533266 ] ] ] } },
{ "type": "Feature", "properties": { "population": 1149, "longitude": 17.061181104868091, "latitude": 43.219199463460292, "BM": 62 }, "geometry": { "type": "Polygon", "coordinates": [ [ [ 17.072443792248855, 43.254388528893934 ], [ 17.116127190557052, 43.260065257885543 ], [ 17.055391206965204, 43.17284305185273 ], [ 17.008343370919842, 43.207084923826244 ], [ 17.072443792248855, 43.254388528893934 ] ] ] } },
{ "type": "Feature", "properties": { "population": 359, "longitude": 17.122444883608587, "latitude": 43.173930000806315, "BM": 63 }, "geometry": { "type": "Polygon", "coordinates": [ [ [ 17.077666212323276, 43.144328459344372 ], [ 17.155705679852979, 43.24769241682074 ], [ 17.162325245947098, 43.245260118989329 ], [ 17.166993393444692, 43.240171896486103 ], [ 17.131184211062731, 43.138947666703437 ], [ 17.092569960436037, 43.112132654005926 ], [ 17.077666212323276, 43.144328459344372 ] ] ] } },
{ "type": "Feature", "properties": { "population": 1520, "longitude": 17.036159418041244, "latitude": 43.248076861451992, "BM": 64 }, "geometry": { "type": "Polygon", "coordinates": [ [ [ 17.000222329320618, 43.225334829147194 ], [ 17.055075508270285, 43.296269178769464 ], [ 17.072443792248855, 43.254388528893934 ], [ 17.008343370919842, 43.207084923826244 ], [ 16.992191272288142, 43.21446170018249 ], [ 17.000222329320618, 43.225334829147194 ] ] ] } },
{ "type": "Feature", "properties": { "population": 169, "longitude": 16.944099319879889, "latitude": 43.437904910752607, "BM": 65 }, "geometry": { "type": "Polygon", "coordinates": [ [ [ 16.929186139894, 43.459418125884838 ], [ 16.954083830284453, 43.464219106615602 ], [ 16.96687880411071, 43.452057864171707 ], [ 16.954296493597909, 43.404214398052041 ], [ 16.953237603472022, 43.404431978460011 ], [ 16.918201817675858, 43.431119596931893 ], [ 16.928210480703392, 43.457381254520463 ], [ 16.929186139894, 43.459418125884838 ] ] ] } },
{ "type": "Feature", "properties": { "population": 137, "longitude": 17.479093717922421, "latitude": 42.605598180116715, "BM": 66 }, "geometry": { "type": "Polygon", "coordinates": [ [ [ 17.389088128755553, 42.4415921 ], [ 17.484302323105528, 42.682919544396896 ], [ 17.535681760625327, 42.807624970629085 ], [ 17.556231150214952, 42.809413704842157 ], [ 17.566644245100694, 42.80296115179722 ], [ 17.452216112187717, 42.4415921 ], [ 17.389088128755553, 42.4415921 ] ] ] } },
{ "type": "Feature", "properties": { "population": 836, "longitude": 16.934186505127052, "latitude": 43.342565257806456, "BM": 67 }, "geometry": { "type": "Polygon", "coordinates": [ [ [ 16.911486829046677, 43.318487252683099 ], [ 16.963253548743001, 43.395495132838811 ], [ 16.964585612768762, 43.394712392317111 ], [ 16.923850410033126, 43.308582600365852 ], [ 16.922533947284851, 43.307121911390126 ], [ 16.911486829046677, 43.318487252683099 ] ] ] } },
{ "type": "Feature", "properties": { "population": 1594, "longitude": 16.926133584295545, "latitude": 43.354956023470777, "BM": 68 }, "geometry": { "type": "Polygon", "coordinates": [ [ [ 16.893491626362739, 43.333239141925098 ], [ 16.958206292214978, 43.399562814255816 ], [ 16.963253548743001, 43.395495132838811 ], [ 16.911486829046677, 43.318487252683099 ], [ 16.893491626362739, 43.333239141925098 ] ] ] } },
{ "type": "Feature", "properties": { "population": 435, "longitude": 16.892227809221041, "latitude": 43.261786269756655, "BM": 69 }, "geometry": { "type": "Polygon", "coordinates": [ [ [ 16.881482101121719, 43.34041734937415 ], [ 16.893491626362739, 43.333239141925098 ], [ 16.911486829046677, 43.318487252683099 ], [ 16.922533947284851, 43.307121911390126 ], [ 16.933025379176758, 43.285953373529267 ], [ 16.94732092632988, 43.249937213484934 ], [ 16.948526932466702, 43.228773577138369 ], [ 16.901967077597362, 43.206851585372959 ], [ 16.828160586666641, 43.218941565898547 ], [ 16.881482101121719, 43.34041734937415 ] ] ] } },
{ "type": "Feature", "properties": { "population": 1381, "longitude": 16.911367436885939, "latitude": 43.370883662824824, "BM": 70 }, "geometry": { "type": "Polygon", "coordinates": [ [ [ 16.877060632085492, 43.344543050592222 ], [ 16.891556594418464, 43.383495921559309 ], [ 16.953237603472022, 43.404431978460011 ], [ 16.954296493597909, 43.404214398052041 ], [ 16.958206292214978, 43.399562814255816 ], [ 16.893491626362739, 43.333239141925098 ], [ 16.881482101121719, 43.34041734937415 ], [ 16.877060632085492, 43.344543050592222 ] ] ] } },
{ "type": "Feature", "properties": { "population": 111, "longitude": 16.914411640113407, "latitude": 43.5538546719335, "BM": 71 }, "geometry": { "type": "Polygon", "coordinates": [ [ [ 16.884595623928444, 43.567367299927355 ], [ 16.938167545375482, 43.584539998305182 ], [ 16.941363356632817, 43.58245713533892 ], [ 16.936387786111325, 43.540274695229137 ], [ 16.903173084770518, 43.519195389212072 ], [ 16.898536678306396, 43.521940995606023 ], [ 16.884595623928444, 43.567367299927355 ] ] ] } },
{ "type": "Feature", "properties": { "population": 233, "longitude": 16.904567418986925, "latitude": 43.463699840834337, "BM": 72 }, "geometry": { "type": "Polygon", "coordinates": [ [ [ 16.893979105528654, 43.474648527471807 ], [ 16.902208930400437, 43.482766580918991 ], [ 16.929186139894, 43.459418125884838 ], [ 16.928210480703392, 43.457381254520463 ], [ 16.892206668973138, 43.449797419546584 ], [ 16.884443264747073, 43.454538797851832 ], [ 16.893979105528654, 43.474648527471807 ] ] ] } },
{ "type": "Feature", "properties": { "population": 132, "longitude": 16.915298224903303, "latitude": 43.406610519582387, "BM": 73 }, "geometry": { "type": "Polygon", "coordinates": [ [ [ 16.887244535541615, 43.406842744413815 ], [ 16.91772156065382, 43.431084139416818 ], [ 16.918201817675858, 43.431119596931893 ], [ 16.953237603472022, 43.404431978460011 ], [ 16.891556594418464, 43.383495921559309 ], [ 16.887244535541615, 43.406842744413815 ] ] ] } },
{ "type": "Feature", "properties": { "population": 73, "longitude": 17.257895647126539, "latitude": 43.312659039357257, "BM": 74 }, "geometry": { "type": "Polygon", "coordinates": [ [ [ 17.230737856415619, 43.299461206088296 ], [ 17.262778070789235, 43.357879926863902 ], [ 17.267454699263183, 43.359546245593641 ], [ 17.278042950212772, 43.287588336475622 ], [ 17.271058944429427, 43.282428785140759 ], [ 17.248373530406511, 43.284026471231471 ], [ 17.230737856415619, 43.299461206088296 ] ] ] } },
{ "type": "Feature", "properties": { "population": 167, "longitude": 16.855189786232678, "latitude": 43.124948740320846, "BM": 75 }, "geometry": { "type": "Polygon", "coordinates": [ [ [ 16.808584134760611, 43.043889439952068 ], [ 16.828070621184747, 43.218942593551027 ], [ 16.828160586666641, 43.218941565898547 ], [ 16.901967077597362, 43.206851585372959 ], [ 16.884085847561387, 43.039346337256852 ], [ 16.850078950297345, 43.03266701988322 ], [ 16.808584134760611, 43.043889439952068 ] ] ] } },
{ "type": "Feature", "properties": { "population": 102, "longitude": 16.870982492610793, "latitude": 43.468465081559906, "BM": 76 }, "geometry": { "type": "Polygon", "coordinates": [ [ [ 16.850595373152128, 43.457502655823681 ], [ 16.858960942397875, 43.487024918081758 ], [ 16.893979105528654, 43.474648527471807 ], [ 16.884443264747073, 43.454538797851832 ], [ 16.883139383721243, 43.453722453483209 ], [ 16.851587243356384, 43.456438990605392 ], [ 16.850595373152128, 43.457502655823681 ] ] ] } },
{ "type": "Feature", "properties": { "population": 214, "longitude": 17.574780694518715, "latitude": 42.93769254390827, "BM": 77 }, "geometry": { "type": "Polygon", "coordinates": [ [ [ 17.586629740729663, 42.899052621708826 ], [ 17.551939038146958, 42.923440417221776 ], [ 17.553213978461148, 42.97641610992455 ], [ 17.573388903568109, 42.976830122562859 ], [ 17.582480900248708, 42.965922501111379 ], [ 17.606023724819028, 42.909745242892036 ], [ 17.586629740729663, 42.899052621708826 ] ] ] } },
{ "type": "Feature", "properties": { "population": 121, "longitude": 17.304521917493389, "latitude": 43.212142827839109, "BM": 78 }, "geometry": { "type": "Polygon", "coordinates": [ [ [ 17.285239725595776, 43.207267386519533 ], [ 17.30068148424678, 43.236901897617606 ], [ 17.319869112340928, 43.236599016087482 ], [ 17.325743314273232, 43.222750879055546 ], [ 17.297956900042315, 43.175778986023346 ], [ 17.285239725595776, 43.207267386519533 ] ] ] } },
{ "type": "Feature", "properties": { "population": 210, "longitude": 16.865627397599166, "latitude": 43.381939311160437, "BM": 79 }, "geometry": { "type": "Polygon", "coordinates": [ [ [ 16.841652696703463, 43.349388735130006 ], [ 16.848465608402908, 43.419313112180028 ], [ 16.878227887737694, 43.416286397717876 ], [ 16.887244535541615, 43.406842744413815 ], [ 16.891556594418464, 43.383495921559309 ], [ 16.877060632085492, 43.344543050592222 ], [ 16.862905164011526, 43.346338308645642 ], [ 16.841652696703463, 43.349388735130006 ] ] ] } },
{ "type": "Feature", "properties": { "population": 407, "longitude": 16.900917458788012, "latitude": 43.597937390101421, "BM": 80 }, "geometry": { "type": "Polygon", "coordinates": [ [ [ 16.868591070603706, 43.6218167510239 ], [ 16.919229447382445, 43.622695244023845 ], [ 16.938167545375482, 43.584539998305182 ], [ 16.884595623928444, 43.567367299927355 ], [ 16.881487094226802, 43.569774433369901 ], [ 16.868591070603706, 43.6218167510239 ] ] ] } },
{ "type": "Feature", "properties": { "population": 553, "longitude": 16.868260235231553, "latitude": 43.538673429950762, "BM": 81 }, "geometry": { "type": "Polygon", "coordinates": [ [ [ 16.848660692079186, 43.557588327703442 ], [ 16.881487094226802, 43.569774433369901 ], [ 16.884595623928444, 43.567367299927355 ], [ 16.898536678306396, 43.521940995606023 ], [ 16.85113374199528, 43.51331894562108 ], [ 16.838850140719071, 43.51756316073088 ], [ 16.848660692079186, 43.557588327703442 ] ] ] } },
{ "type": "Feature", "properties": { "population": 105, "longitude": 17.118232769124486, "latitude": 44.025890965307553, "BM": 82 }, "geometry": { "type": "Polygon", "coordinates": [ [ [ 16.906565095711347, 43.819524354667706 ], [ 17.235197366405973, 44.363129444346768 ], [ 17.257241530226821, 44.358129948011872 ], [ 17.290215995390927, 44.348231877101988 ], [ 17.398247575744872, 44.303155368955309 ], [ 16.919229447382445, 43.622695244023845 ], [ 16.868591070603706, 43.6218167510239 ], [ 16.866774287894515, 43.623085502190001 ], [ 16.865768086058107, 43.624726795560463 ], [ 16.905237052963635, 43.816207785387306 ], [ 16.906565095711347, 43.819524354667706 ] ] ] } },
{ "type": "Feature", "properties": { "population": 744, "longitude": 16.855442366902384, "latitude": 43.297552559721609, "BM": 83 }, "geometry": { "type": "Polygon", "coordinates": [ [ [ 16.828160586666641, 43.218941565898547 ], [ 16.828070621184747, 43.218942593551027 ], [ 16.825470351049351, 43.219930941427158 ], [ 16.862905164011526, 43.346338308645642 ], [ 16.877060632085492, 43.344543050592222 ], [ 16.881482101121719, 43.34041734937415 ], [ 16.828160586666641, 43.218941565898547 ] ] ] } },
{ "type": "Feature", "properties": { "population": 39, "longitude": 16.857492907545389, "latitude": 43.585569213161541, "BM": 84 }, "geometry": { "type": "Polygon", "coordinates": [ [ [ 16.831296564124273, 43.584887725945286 ], [ 16.866774287894515, 43.623085502190001 ], [ 16.868591070603706, 43.6218167510239 ], [ 16.881487094226802, 43.569774433369901 ], [ 16.848660692079186, 43.557588327703442 ], [ 16.835915100618219, 43.568862839136727 ], [ 16.831296564124273, 43.584887725945286 ] ] ] } },
{ "type": "Feature", "properties": { "population": 133, "longitude": 16.828908353165094, "latitude": 43.54386172489464, "BM": 85 }, "geometry": { "type": "Polygon", "coordinates": [ [ [ 16.835915100618219, 43.568862839136727 ], [ 16.848660692079186, 43.557588327703442 ], [ 16.838850140719071, 43.51756316073088 ], [ 16.831474887248689, 43.51582490459387 ], [ 16.801766849588123, 43.548948123703724 ], [ 16.835915100618219, 43.568862839136727 ] ] ] } },
{ "type": "Feature", "properties": { "population": 379, "longitude": 18.228813202047931, "latitude": 42.592249958305182, "BM": 86 }, "geometry": { "type": "Polygon", "coordinates": [ [ [ 18.209561769763464, 42.599809764137206 ], [ 18.24727217161432, 42.598143523716743 ], [ 18.233059390115375, 42.580829445238713 ], [ 18.223197220692036, 42.583973039414886 ], [ 18.209561769763464, 42.599809764137206 ] ] ] } },
{ "type": "Feature", "properties": { "population": 128, "longitude": 16.817166984970523, "latitude": 43.290485996448531, "BM": 87 }, "geometry": { "type": "Polygon", "coordinates": [ [ [ 16.813984234462698, 43.345425081584452 ], [ 16.841652696703463, 43.349388735130006 ], [ 16.862905164011526, 43.346338308645642 ], [ 16.825470351049351, 43.219930941427158 ], [ 16.782655742520337, 43.235659309055357 ], [ 16.784303922977319, 43.308705674596112 ], [ 16.798429433498093, 43.340185085960144 ], [ 16.813984234462698, 43.345425081584452 ] ] ] } },
{ "type": "Feature", "properties": { "population": 56, "longitude": 18.105572926701701, "latitude": 43.046200848285942, "BM": 88 }, "geometry": { "type": "Polygon", "coordinates": [ [ [ 18.188254037482537, 43.269095293539692 ], [ 18.208923240178333, 43.301409541302192 ], [ 18.271754823225436, 43.364072601101078 ], [ 18.165852464782887, 43.100061871171135 ], [ 18.153045507296415, 43.07313849737055 ], [ 17.968445144772378, 42.740226848458107 ], [ 17.952590203548564, 42.74167743684945 ], [ 17.945387033258989, 42.76732410714385 ], [ 18.163864376784481, 43.222400635965883 ], [ 18.188254037482537, 43.269095293539692 ] ] ] } },
{ "type": "Feature", "properties": { "population": 228, "longitude": 17.442899710381838, "latitude": 43.186205915850728, "BM": 89 }, "geometry": { "type": "Polygon", "coordinates": [ [ [ 17.420692200654557, 43.181308741840617 ], [ 17.458048504778827, 43.204713019486029 ], [ 17.473229069491115, 43.208075047182263 ], [ 17.45202757103241, 43.181810276085969 ], [ 17.421923117172533, 43.163188253969203 ], [ 17.420692200654557, 43.181308741840617 ] ] ] } },
{ "type": "Feature", "properties": { "population": 518, "longitude": 16.831000454375463, "latitude": 43.439456894760561, "BM": 90 }, "geometry": { "type": "Polygon", "coordinates": [ [ [ 16.800456415994649, 43.43607347844334 ], [ 16.836435106285379, 43.461452643712846 ], [ 16.850595373152128, 43.457502655823681 ], [ 16.851587243356384, 43.456438990605392 ], [ 16.84661725554048, 43.421213616378921 ], [ 16.822772919523374, 43.421803326828339 ], [ 16.800456415994649, 43.43607347844334 ] ] ] } },
{ "type": "Feature", "properties": { "population": 185, "longitude": 16.831579885010083, "latitude": 43.384098922873683, "BM": 91 }, "geometry": { "type": "Polygon", "coordinates": [ [ [ 16.822772919523374, 43.421803326828339 ], [ 16.84661725554048, 43.421213616378921 ], [ 16.848465608402908, 43.419313112180028 ], [ 16.841652696703463, 43.349388735130006 ], [ 16.813984234462698, 43.345425081584452 ], [ 16.822772919523374, 43.421803326828339 ] ] ] } },
{ "type": "Feature", "properties": { "population": 97, "longitude": 16.833835077011607, "latitude": 43.611174218328159, "BM": 92 }, "geometry": { "type": "Polygon", "coordinates": [ [ [ 16.812809907758918, 43.613826806773886 ], [ 16.828351980399717, 43.636327995723185 ], [ 16.865768086058107, 43.624726795560463 ], [ 16.866774287894515, 43.623085502190001 ], [ 16.831296564124273, 43.584887725945286 ], [ 16.809542003296226, 43.589459750793587 ], [ 16.812809907758918, 43.613826806773886 ] ] ] } },
{ "type": "Feature", "properties": { "population": 102, "longitude": 16.809570451136, "latitude": 43.570610777144211, "BM": 93 }, "geometry": { "type": "Polygon", "coordinates": [ [ [ 16.789237806051208, 43.58000646536599 ], [ 16.809542003296226, 43.589459750793587 ], [ 16.831296564124273, 43.584887725945286 ], [ 16.835915100618219, 43.568862839136727 ], [ 16.801766849588123, 43.548948123703724 ], [ 16.787930427583817, 43.555377934926319 ], [ 16.789237806051208, 43.58000646536599 ] ] ] } },
{ "type": "Feature", "properties": { "population": 244, "longitude": 16.806774407319626, "latitude": 43.386901066109743, "BM": 94 }, "geometry": { "type": "Polygon", "coordinates": [ [ [ 16.791989125329941, 43.348669842515413 ], [ 16.799977475717412, 43.436116964671299 ], [ 16.800456415994649, 43.43607347844334 ], [ 16.822772919523374, 43.421803326828339 ], [ 16.813984234462698, 43.345425081584452 ], [ 16.798429433498093, 43.340185085960144 ], [ 16.791989125329941, 43.348669842515413 ] ] ] } },
{ "type": "Feature", "properties": { "population": 68, "longitude": 18.477270660570916, "latitude": 42.49404538866132, "BM": 95 }, "geometry": { "type": "Polygon", "coordinates": [ [ [ 18.438956032293255, 42.493827903260666 ], [ 18.484712754082661, 42.520392283749544 ], [ 18.546820805573212, 42.543850384845705 ], [ 18.456419533392069, 42.446040737355169 ], [ 18.430268473986896, 42.473708802739175 ], [ 18.43450013031574, 42.486669922633801 ], [ 18.438956032293255, 42.493827903260666 ] ] ] } },
{ "type": "Feature", "properties": { "population": 30, "longitude": 17.212439840573499, "latitude": 43.240984203120455, "BM": 96 }, "geometry": { "type": "Polygon", "coordinates": [ [ [ 17.239344399384191, 43.262592331588159 ], [ 17.239834856467269, 43.250940567233386 ], [ 17.224642946765766, 43.225508271007016 ], [ 17.176921552562181, 43.231636408785448 ], [ 17.172890241537715, 43.236048990102532 ], [ 17.239344399384191, 43.262592331588159 ] ] ] } },
{ "type": "Feature", "properties": { "population": 39, "longitude": 17.208727215692523, "latitude": 43.269458260149513, "BM": 97 }, "geometry": { "type": "Polygon", "coordinates": [ [ [ 17.162325245947098, 43.245260118989329 ], [ 17.215438233979121, 43.302997416697252 ], [ 17.230737856415619, 43.299461206088296 ], [ 17.248373530406511, 43.284026471231471 ], [ 17.239344399384191, 43.262592331588159 ], [ 17.172890241537715, 43.236048990102532 ], [ 17.166993393444692, 43.240171896486103 ], [ 17.162325245947098, 43.245260118989329 ] ] ] } },
{ "type": "Feature", "properties": { "population": 198, "longitude": 18.306746651476058, "latitude": 42.539000504234536, "BM": 98 }, "geometry": { "type": "Polygon", "coordinates": [ [ [ 18.309620297677665, 42.563093379027542 ], [ 18.329549186191102, 42.544133334077195 ], [ 18.330934201292099, 42.539800733133674 ], [ 18.283426111314022, 42.510221696577688 ], [ 18.300279818388521, 42.55770658019987 ], [ 18.309620297677665, 42.563093379027542 ] ] ] } },
{ "type": "Feature", "properties": { "population": 445, "longitude": 17.237647368225499, "latitude": 43.152168300766263, "BM": 99 }, "geometry": { "type": "Polygon", "coordinates": [ [ [ 17.239887894889879, 43.187312306424488 ], [ 17.27202293646528, 43.167395675996438 ], [ 17.23699406422169, 43.101971035180675 ], [ 17.203244365071548, 43.167062681768627 ], [ 17.239887894889879, 43.187312306424488 ] ] ] } },
{ "type": "Feature", "properties": { "population": 470, "longitude": 17.167014893052407, "latitude": 43.184698217651743, "BM": 100 }, "geometry": { "type": "Polygon", "coordinates": [ [ [ 17.166993393444692, 43.240171896486103 ], [ 17.172890241537715, 43.236048990102532 ], [ 17.176921552562181, 43.231636408785448 ], [ 17.199703882192992, 43.16838342076089 ], [ 17.131184211062731, 43.138947666703437 ], [ 17.166993393444692, 43.240171896486103 ] ] ] } },
{ "type": "Feature", "properties": { "population": 735, "longitude": 17.213726702366717, "latitude": 43.411628718514685, "BM": 101 }, "geometry": { "type": "Polygon", "coordinates": [ [ [ 17.191356319547658, 43.412693841927918 ], [ 17.209723121485574, 43.42949470588831 ], [ 17.242506390632872, 43.423797231396236 ], [ 17.219377509861467, 43.393370458468958 ], [ 17.194612340741767, 43.39632593074861 ], [ 17.190058582290757, 43.404752592961941 ], [ 17.191356319547658, 43.412693841927918 ] ] ] } },
{ "type": "Feature", "properties": { "population": 34, "longitude": 17.202858231756927, "latitude": 43.371212786041447, "BM": 102 }, "geometry": { "type": "Polygon", "coordinates": [ [ [ 17.188083770623418, 43.346606456141657 ], [ 17.181311138945876, 43.370620753485618 ], [ 17.194612340741767, 43.39632593074861 ], [ 17.219377509861467, 43.393370458468958 ], [ 17.226234028711239, 43.364506371986202 ], [ 17.192029962843474, 43.341155432819569 ], [ 17.188083770623418, 43.346606456141657 ] ] ] } },
{ "type": "Feature", "properties": { "population": 89, "longitude": 17.170666374065679, "latitude": 43.290573734641058, "BM": 103 }, "geometry": { "type": "Polygon", "coordinates": [ [ [ 17.128484268344696, 43.273463454373811 ], [ 17.14944354255363, 43.311377881527775 ], [ 17.191788370546938, 43.334823625876787 ], [ 17.215438233979121, 43.302997416697252 ], [ 17.162325245947098, 43.245260118989329 ], [ 17.155705679852979, 43.24769241682074 ], [ 17.129641744694169, 43.269228834533266 ], [ 17.128484268344696, 43.273463454373811 ] ] ] } },
{ "type": "Feature", "properties": { "population": 1439, "longitude": 17.189697954960153, "latitude": 43.465354633450566, "BM": 104 }, "geometry": { "type": "Polygon", "coordinates": [ [ [ 17.170021927894108, 43.470030955834304 ], [ 17.196157861661103, 43.508733774665394 ], [ 17.206917758835502, 43.433000783073766 ], [ 17.178970785461079, 43.441329639894356 ], [ 17.170021927894108, 43.470030955834304 ] ] ] } },
{ "type": "Feature", "properties": { "population": 407, "longitude": 17.191801979318306, "latitude": 43.428454283296148, "BM": 105 }, "geometry": { "type": "Polygon", "coordinates": [ [ [ 17.178970785461079, 43.441329639894356 ], [ 17.206917758835502, 43.433000783073766 ], [ 17.209723121485574, 43.42949470588831 ], [ 17.191356319547658, 43.412693841927918 ], [ 17.177192455762427, 43.431205602910858 ], [ 17.178970785461079, 43.441329639894356 ] ] ] } },
{ "type": "Feature", "properties": { "population": 360, "longitude": 17.176630588335879, "latitude": 43.526617208852741, "BM": 106 }, "geometry": { "type": "Polygon", "coordinates": [ [ [ 17.12409476840724, 43.459879341958711 ], [ 17.119455033783051, 43.463086408771019 ], [ 17.108334417153131, 43.487128845261431 ], [ 17.260463796842199, 43.640748992791231 ], [ 17.196157861661103, 43.508733774665394 ], [ 17.170021927894108, 43.470030955834304 ], [ 17.169465375095843, 43.469741290873806 ], [ 17.126767628086618, 43.459059150819201 ], [ 17.12409476840724, 43.459879341958711 ] ] ] } },
{ "type": "Feature", "properties": { "population": 423, "longitude": 17.173169151715332, "latitude": 43.391473024897849, "BM": 107 }, "geometry": { "type": "Polygon", "coordinates": [ [ [ 17.162252470007083, 43.405543749686977 ], [ 17.190058582290757, 43.404752592961941 ], [ 17.194612340741767, 43.39632593074861 ], [ 17.181311138945876, 43.370620753485618 ], [ 17.146484946468671, 43.391435079453181 ], [ 17.162252470007083, 43.405543749686977 ] ] ] } },
{ "type": "Feature", "properties": { "population": 537, "longitude": 17.176118181950208, "latitude": 43.415205493985155, "BM": 108 }, "geometry": { "type": "Polygon", "coordinates": [ [ [ 17.163958767069992, 43.421788608191072 ], [ 17.177192455762427, 43.431205602910858 ], [ 17.191356319547658, 43.412693841927918 ], [ 17.190058582290757, 43.404752592961941 ], [ 17.162252470007083, 43.405543749686977 ], [ 17.163958767069992, 43.421788608191072 ] ] ] } },
{ "type": "Feature", "properties": { "population": 323, "longitude": 17.167025050168942, "latitude": 43.441789735502979, "BM": 109 }, "geometry": { "type": "Polygon", "coordinates": [ [ [ 17.169465375095843, 43.469741290873806 ], [ 17.170021927894108, 43.470030955834304 ], [ 17.178970785461079, 43.441329639894356 ], [ 17.177192455762427, 43.431205602910858 ], [ 17.163958767069992, 43.421788608191072 ], [ 17.152182579284769, 43.430608630695993 ], [ 17.169465375095843, 43.469741290873806 ] ] ] } },
{ "type": "Feature", "properties": { "population": 23, "longitude": 17.159706195939979, "latitude": 43.337184306149204, "BM": 110 }, "geometry": { "type": "Polygon", "coordinates": [ [ [ 17.136293443515566, 43.357628128046052 ], [ 17.188083770623418, 43.346606456141657 ], [ 17.192029962843474, 43.341155432819569 ], [ 17.191788370546938, 43.334823625876787 ], [ 17.14944354255363, 43.311377881527775 ], [ 17.132184114486932, 43.347323392880071 ], [ 17.136293443515566, 43.357628128046052 ] ] ] } },
{ "type": "Feature", "properties": { "population": 80, "longitude": 17.157690486538559, "latitude": 43.368083016804839, "BM": 111 }, "geometry": { "type": "Polygon", "coordinates": [ [ [ 17.131554189951363, 43.383539476735066 ], [ 17.144164605551055, 43.391166841589289 ], [ 17.146484946468671, 43.391435079453181 ], [ 17.181311138945876, 43.370620753485618 ], [ 17.188083770623418, 43.346606456141657 ], [ 17.136293443515566, 43.357628128046052 ], [ 17.131554189951363, 43.383539476735066 ] ] ] } },
{ "type": "Feature", "properties": { "population": 223, "longitude": 17.446105703240057, "latitude": 42.875018711894377, "BM": 112 }, "geometry": { "type": "Polygon", "coordinates": [ [ [ 17.440430719671799, 42.917934815354606 ], [ 17.48699022768346, 42.928796635027197 ], [ 17.491214685044721, 42.922664105063419 ], [ 17.495265462591004, 42.899951758210605 ], [ 17.48073684113713, 42.829334431784673 ], [ 17.440047384364171, 42.821143315093757 ], [ 17.382740870670553, 42.862999086428822 ], [ 17.408776842424846, 42.908284404263803 ], [ 17.440430719671799, 42.917934815354606 ] ] ] } },
{ "type": "Feature", "properties": { "population": 653, "longitude": 17.123238810736073, "latitude": 43.404272332147585, "BM": 113 }, "geometry": { "type": "Polygon", "coordinates": [ [ [ 17.136483833426048, 43.429100500789446 ], [ 17.138044059143276, 43.427905359060546 ], [ 17.144164605551055, 43.391166841589289 ], [ 17.131554189951363, 43.383539476735066 ], [ 17.099161170982065, 43.391738930292199 ], [ 17.103379582186381, 43.414682721525963 ], [ 17.136483833426048, 43.429100500789446 ] ] ] } },
{ "type": "Feature", "properties": { "population": 252, "longitude": 18.16140250936812, "latitude": 42.652860016347041, "BM": 114 }, "geometry": { "type": "Polygon", "coordinates": [ [ [ 18.146496067459449, 42.658461955470621 ], [ 18.164774408923829, 42.689093634593043 ], [ 18.17807924117125, 42.640199498866814 ], [ 18.155598562519096, 42.622739605825551 ], [ 18.146549918557625, 42.649567133866235 ], [ 18.146496067459449, 42.658461955470621 ] ] ] } },
{ "type": "Feature", "properties": { "population": 387, "longitude": 17.121621590681485, "latitude": 43.435327466315471, "BM": 115 }, "geometry": { "type": "Polygon", "coordinates": [ [ [ 17.103271342189331, 43.415204052720505 ], [ 17.12409476840724, 43.459879341958711 ], [ 17.126767628086618, 43.459059150819201 ], [ 17.136483833426048, 43.429100500789446 ], [ 17.103379582186381, 43.414682721525963 ], [ 17.103271342189331, 43.415204052720505 ] ] ] } },
{ "type": "Feature", "properties": { "population": 152, "longitude": 17.997009098068883, "latitude": 42.907419301545417, "BM": 116 }, "geometry": { "type": "Polygon", "coordinates": [ [ [ 18.163864376784481, 43.222400635965883 ], [ 17.945387033258989, 42.76732410714385 ], [ 17.909044528037118, 42.741968568486406 ], [ 17.8957466342994, 42.745227437257817 ], [ 17.89172680327081, 42.75108117134495 ], [ 18.163864376784481, 43.222400635965883 ] ] ] } },
{ "type": "Feature", "properties": { "population": 149, "longitude": 19.067432010334148, "latitude": 42.64330046679806, "BM": 117 }, "geometry": { "type": "Polygon", "coordinates": [ [ [ 19.4035844, 42.4415921 ], [ 18.455244963974511, 42.4415921 ], [ 18.456419533392069, 42.446040737355169 ], [ 18.546820805573212, 42.543850384845705 ], [ 19.4035844, 43.0398748866237 ], [ 19.4035844, 42.4415921 ] ] ] } },
{ "type": "Feature", "properties": { "population": 70, "longitude": 17.097152990557746, "latitude": 43.466868490666577, "BM": 118 }, "geometry": { "type": "Polygon", "coordinates": [ [ [ 17.076799602355518, 43.469114203952302 ], [ 17.101842068437946, 43.488890231250799 ], [ 17.108334417153131, 43.487128845261431 ], [ 17.119455033783051, 43.463086408771019 ], [ 17.084988544119991, 43.444346950927617 ], [ 17.083521181213342, 43.444753146011685 ], [ 17.076799602355518, 43.469114203952302 ] ] ] } },
{ "type": "Feature", "properties": { "population": 582, "longitude": 16.638140082075079, "latitude": 43.723422515427416, "BM": 119 }, "geometry": { "type": "Polygon", "coordinates": [ [ [ 16.619245778186272, 43.72206137250361 ], [ 16.61905678338255, 43.725944230125968 ], [ 16.643205094780726, 43.735958775530165 ], [ 16.646608924403299, 43.734192339581945 ], [ 16.652587466219099, 43.716788104041726 ], [ 16.648781431597953, 43.710506431762006 ], [ 16.619245778186272, 43.72206137250361 ] ] ] } },
{ "type": "Feature", "properties": { "population": 407, "longitude": 16.900917458788012, "latitude": 43.597937390101421, "BM": 120 }, "geometry": { "type": "Polygon", "coordinates": [ [ [ 16.868591070603706, 43.6218167510239 ], [ 16.919229447382445, 43.622695244023845 ], [ 16.938167545375482, 43.584539998305182 ], [ 16.884595623928444, 43.567367299927355 ], [ 16.881487094226802, 43.569774433369901 ], [ 16.868591070603706, 43.6218167510239 ] ] ] } },
{ "type": "Feature", "properties": { "population": 1683, "longitude": 16.665603647411167, "latitude": 43.704026891175147, "BM": 121 }, "geometry": { "type": "Polygon", "coordinates": [ [ [ 16.648781431597953, 43.710506431762006 ], [ 16.652587466219099, 43.716788104041726 ], [ 16.662606401085895, 43.720507772067293 ], [ 16.690138378004235, 43.690311535695059 ], [ 16.655481589076118, 43.695087422072277 ], [ 16.651227239640551, 43.703390662657611 ], [ 16.649356834995867, 43.708462613888408 ], [ 16.648781431597953, 43.710506431762006 ] ] ] } },
{ "type": "Feature", "properties": { "population": 511, "longitude": 16.632299574212908, "latitude": 43.743572101512179, "BM": 122 }, "geometry": { "type": "Polygon", "coordinates": [ [ [ 16.614087197824983, 43.733368259533812 ], [ 16.634508426163819, 43.761168422974478 ], [ 16.646972972285102, 43.760474069094336 ], [ 16.643205094780726, 43.735958775530165 ], [ 16.61905678338255, 43.725944230125968 ], [ 16.614087197824983, 43.733368259533812 ] ] ] } },
{ "type": "Feature", "properties": { "population": 1833, "longitude": 16.630357438060532, "latitude": 43.711280395887222, "BM": 123 }, "geometry": { "type": "Polygon", "coordinates": [ [ [ 16.616993642247255, 43.715485819488265 ], [ 16.619245778186272, 43.72206137250361 ], [ 16.648781431597953, 43.710506431762006 ], [ 16.649356834995867, 43.708462613888408 ], [ 16.637347813410017, 43.704001845050968 ], [ 16.630544053621414, 43.703672548443038 ], [ 16.619228027899151, 43.7058740181185 ], [ 16.616993642247255, 43.715485819488265 ] ] ] } },
{ "type": "Feature", "properties": { "population": 524, "longitude": 16.586053034566731, "latitude": 43.721749226760487, "BM": 124 }, "geometry": { "type": "Polygon", "coordinates": [ [ [ 16.55345314389281, 43.710912901510859 ], [ 16.582040656400657, 43.747686530719392 ], [ 16.590058323894151, 43.75044668323455 ], [ 16.614087197824983, 43.733368259533812 ], [ 16.61905678338255, 43.725944230125968 ], [ 16.619245778186272, 43.72206137250361 ], [ 16.616993642247255, 43.715485819488265 ], [ 16.561440622424922, 43.693955055358586 ], [ 16.558282771610703, 43.700235915710941 ], [ 16.55345314389281, 43.710912901510859 ] ] ] } },
{ "type": "Feature", "properties": { "population": 274, "longitude": 16.65699742985133, "latitude": 43.727607397679272, "BM": 125 }, "geometry": { "type": "Polygon", "coordinates": [ [ [ 16.646608924403299, 43.734192339581945 ], [ 16.667660807809096, 43.735378990615821 ], [ 16.662606401085895, 43.720507772067293 ], [ 16.652587466219099, 43.716788104041726 ], [ 16.646608924403299, 43.734192339581945 ] ] ] } },
{ "type": "Feature", "properties": { "population": 166, "longitude": 16.671865061415996, "latitude": 43.84664516363744, "BM": 126 }, "geometry": { "type": "Polygon", "coordinates": [ [ [ 16.605934707051645, 43.808783389960816 ], [ 16.764595613010474, 43.976760788673928 ], [ 16.758184847282575, 43.95556439794381 ], [ 16.647025762733477, 43.760504956530852 ], [ 16.646972972285102, 43.760474069094336 ], [ 16.634508426163819, 43.761168422974478 ], [ 16.605378932784319, 43.783922885314759 ], [ 16.605934707051645, 43.808783389960816 ] ] ] } },
{ "type": "Feature", "properties": { "population": 457, "longitude": 16.704229087912307, "latitude": 43.820243274612437, "BM": 127 }, "geometry": { "type": "Polygon", "coordinates": [ [ [ 16.758184847282575, 43.95556439794381 ], [ 16.720449550206418, 43.781451242874816 ], [ 16.686577748320566, 43.742381256039785 ], [ 16.67485679466375, 43.740719630718935 ], [ 16.647025762733477, 43.760504956530852 ], [ 16.758184847282575, 43.95556439794381 ] ] ] } },
{ "type": "Feature", "properties": { "population": 1450, "longitude": 16.679066431731155, "latitude": 43.720045933258284, "BM": 128 }, "geometry": { "type": "Polygon", "coordinates": [ [ [ 16.67485679466375, 43.740719630718935 ], [ 16.686577748320566, 43.742381256039785 ], [ 16.691772569527089, 43.689755238077275 ], [ 16.690138378004235, 43.690311535695059 ], [ 16.662606401085895, 43.720507772067293 ], [ 16.667660807809096, 43.735378990615821 ], [ 16.67485679466375, 43.740719630718935 ] ] ] } },
{ "type": "Feature", "properties": { "population": 126, "longitude": 16.643273771556615, "latitude": 43.559676535895278, "BM": 129 }, "geometry": { "type": "Polygon", "coordinates": [ [ [ 16.617896686875095, 43.578887939637283 ], [ 16.657148177154532, 43.586737557938783 ], [ 16.660685731339779, 43.586031147099483 ], [ 16.671071116626148, 43.545299989335696 ], [ 16.669674264703737, 43.536481226122362 ], [ 16.642210484759129, 43.533814259749981 ], [ 16.612346787171315, 43.55248430879513 ], [ 16.617896686875095, 43.578887939637283 ] ] ] } },
{ "type": "Feature", "properties": { "population": 404, "longitude": 16.65149196575269, "latitude": 43.614730073292613, "BM": 130 }, "geometry": { "type": "Polygon", "coordinates": [ [ [ 16.631909686157069, 43.640824486695152 ], [ 16.672784561881436, 43.622118184381179 ], [ 16.678008985451523, 43.608752239284676 ], [ 16.660685731339779, 43.586031147099483 ], [ 16.657148177154532, 43.586737557938783 ], [ 16.62318159825135, 43.624166344905895 ], [ 16.631909686157069, 43.640824486695152 ] ] ] } },
{ "type": "Feature", "properties": { "population": 248, "longitude": 18.435241997562223, "latitude": 42.513799054471718, "BM": 131 }, "geometry": { "type": "Polygon", "coordinates": [ [ [ 18.396956782979071, 42.5145137716286 ], [ 18.397138750476369, 42.520359698313626 ], [ 18.401263177384429, 42.528329889878748 ], [ 18.484712754082661, 42.520392283749544 ], [ 18.438956032293255, 42.493827903260666 ], [ 18.397174971550498, 42.51402400833436 ], [ 18.396956782979071, 42.5145137716286 ] ] ] } },
{ "type": "Feature", "properties": { "population": 103, "longitude": 16.628621074939833, "latitude": 43.598413689033457, "BM": 132 }, "geometry": { "type": "Polygon", "coordinates": [ [ [ 16.62318159825135, 43.624166344905895 ], [ 16.657148177154532, 43.586737557938783 ], [ 16.617896686875095, 43.578887939637283 ], [ 16.608325348815988, 43.608256723849038 ], [ 16.62318159825135, 43.624166344905895 ] ] ] } },
{ "type": "Feature", "properties": { "population": 130, "longitude": 16.612948817312038, "latitude": 43.530025309981504, "BM": 133 }, "geometry": { "type": "Polygon", "coordinates": [ [ [ 16.585466609728858, 43.545216044632589 ], [ 16.612346787171315, 43.55248430879513 ], [ 16.642210484759129, 43.533814259749981 ], [ 16.629249942728617, 43.507239976659299 ], [ 16.604704828322923, 43.509533954268235 ], [ 16.584700165905847, 43.534753184821668 ], [ 16.585466609728858, 43.545216044632589 ] ] ] } },
{ "type": "Feature", "properties": { "population": 722, "longitude": 16.600636454790962, "latitude": 43.574277145264965, "BM": 134 }, "geometry": { "type": "Polygon", "coordinates": [ [ [ 16.580082784353088, 43.548281004461025 ], [ 16.597714592100068, 43.608656972123008 ], [ 16.608325348815988, 43.608256723849038 ], [ 16.617896686875095, 43.578887939637283 ], [ 16.612346787171315, 43.55248430879513 ], [ 16.585466609728858, 43.545216044632589 ], [ 16.580082784353088, 43.548281004461025 ] ] ] } },
{ "type": "Feature", "properties": { "population": 76, "longitude": 16.704524506319981, "latitude": 43.555075069851085, "BM": 135 }, "geometry": { "type": "Polygon", "coordinates": [ [ [ 16.671071116626148, 43.545299989335696 ], [ 16.707813085652369, 43.584477604954024 ], [ 16.709907094697481, 43.584108712768469 ], [ 16.732993184544863, 43.567745265599484 ], [ 16.734325423871407, 43.561730178064572 ], [ 16.723888479216424, 43.539898823304192 ], [ 16.716702836517879, 43.535579052051311 ], [ 16.671125466967606, 43.535175451626266 ], [ 16.669674264703737, 43.536481226122362 ], [ 16.671071116626148, 43.545299989335696 ] ] ] } },
{ "type": "Feature", "properties": { "population": 296, "longitude": 16.681323257012799, "latitude": 43.580741069003061, "BM": 136 }, "geometry": { "type": "Polygon", "coordinates": [ [ [ 16.660685731339779, 43.586031147099483 ], [ 16.678008985451523, 43.608752239284676 ], [ 16.690383699310601, 43.604490335594946 ], [ 16.707813085652369, 43.584477604954024 ], [ 16.671071116626148, 43.545299989335696 ], [ 16.660685731339779, 43.586031147099483 ] ] ] } },
{ "type": "Feature", "properties": { "population": 954, "longitude": 16.644859256948358, "latitude": 43.70458770194292, "BM": 137 }, "geometry": { "type": "Polygon", "coordinates": [ [ [ 16.649356834995867, 43.708462613888408 ], [ 16.651227239640551, 43.703390662657611 ], [ 16.638530488648726, 43.70171005101988 ], [ 16.637347813410017, 43.704001845050968 ], [ 16.649356834995867, 43.708462613888408 ] ] ] } },
{ "type": "Feature", "properties": { "population": 680, "longitude": 16.635465818754117, "latitude": 43.702876941054505, "BM": 138 }, "geometry": { "type": "Polygon", "coordinates": [ [ [ 16.630544053621414, 43.703672548443038 ], [ 16.637347813410017, 43.704001845050968 ], [ 16.638530488648726, 43.70171005101988 ], [ 16.637257328210037, 43.701263163403468 ], [ 16.630544053621414, 43.703672548443038 ] ] ] } },
{ "type": "Feature", "properties": { "population": 1549, "longitude": 16.645302467543999, "latitude": 43.695056551659782, "BM": 139 }, "geometry": { "type": "Polygon", "coordinates": [ [ [ 16.637257328210037, 43.701263163403468 ], [ 16.638530488648726, 43.70171005101988 ], [ 16.651227239640551, 43.703390662657611 ], [ 16.655481589076118, 43.695087422072277 ], [ 16.640098082462149, 43.682852957438961 ], [ 16.637257328210037, 43.701263163403468 ] ] ] } },
{ "type": "Feature", "properties": { "population": 257, "longitude": 16.952412894155646, "latitude": 44.09807184287542, "BM": 140 }, "geometry": { "type": "Polygon", "coordinates": [ [ [ 16.764595613010474, 43.976760788673928 ], [ 16.968874271727348, 44.368975265786403 ], [ 17.015985142222618, 44.435819777673977 ], [ 17.23139363441005, 44.364427479442988 ], [ 17.235197366405973, 44.363129444346768 ], [ 16.906565095711347, 43.819524354667706 ], [ 16.761798885056923, 43.704618131357662 ], [ 16.750091722808762, 43.710705250806413 ], [ 16.736451392010547, 43.717974803819899 ], [ 16.720449550206418, 43.781451242874816 ], [ 16.758184847282575, 43.95556439794381 ], [ 16.764595613010474, 43.976760788673928 ] ] ] } },
{ "type": "Feature", "properties": { "population": 1678, "longitude": 16.826199222593342, "latitude": 43.731185530669819, "BM": 141 }, "geometry": { "type": "Polygon", "coordinates": [ [ [ 16.906565095711347, 43.819524354667706 ], [ 16.905237052963635, 43.816207785387306 ], [ 16.813770295269638, 43.672565362203947 ], [ 16.76307565652969, 43.696395707412464 ], [ 16.761798885056923, 43.704618131357662 ], [ 16.906565095711347, 43.819524354667706 ] ] ] } },
{ "type": "Feature", "properties": { "population": 986, "longitude": 16.742424488203998, "latitude": 43.687047326545155, "BM": 142 }, "geometry": { "type": "Polygon", "coordinates": [ [ [ 16.713709684720193, 43.658224504555633 ], [ 16.750091722808762, 43.710705250806413 ], [ 16.761798885056923, 43.704618131357662 ], [ 16.76307565652969, 43.696395707412464 ], [ 16.762197963866011, 43.69316403360655 ], [ 16.716077076567082, 43.656879914400321 ], [ 16.713709684720193, 43.658224504555633 ] ] ] } },
{ "type": "Feature", "properties": { "population": 769, "longitude": 16.70988187038645, "latitude": 43.731642427445429, "BM": 143 }, "geometry": { "type": "Polygon", "coordinates": [ [ [ 16.691772569527089, 43.689755238077275 ], [ 16.686577748320566, 43.742381256039785 ], [ 16.720449550206418, 43.781451242874816 ], [ 16.736451392010547, 43.717974803819899 ], [ 16.694197218208821, 43.687221200303256 ], [ 16.691772569527089, 43.689755238077275 ] ] ] } },
{ "type": "Feature", "properties": { "population": 780, "longitude": 16.719749433296467, "latitude": 43.688985873455984, "BM": 144 }, "geometry": { "type": "Polygon", "coordinates": [ [ [ 16.694197218208821, 43.687221200303256 ], [ 16.736451392010547, 43.717974803819899 ], [ 16.750091722808762, 43.710705250806413 ], [ 16.713709684720193, 43.658224504555633 ], [ 16.703372358164689, 43.663977342901134 ], [ 16.69535178705495, 43.677681805876553 ], [ 16.694197218208821, 43.687221200303256 ] ] ] } },
{ "type": "Feature", "properties": { "population": 133, "longitude": 16.715392388724979, "latitude": 44.0281854625566, "BM": 145 }, "geometry": { "type": "Polygon", "coordinates": [ [ [ 16.527656065957572, 43.892165536079396 ], [ 16.664253245909386, 44.058011111577706 ], [ 16.968874271727348, 44.368975265786403 ], [ 16.764595613010474, 43.976760788673928 ], [ 16.605934707051645, 43.808783389960816 ], [ 16.582482763957401, 43.807520321408433 ], [ 16.550100588096335, 43.81369272465583 ], [ 16.524198704759435, 43.886189174680375 ], [ 16.527656065957572, 43.892165536079396 ] ] ] } },
{ "type": "Feature", "properties": { "population": 543, "longitude": 16.602733239253322, "latitude": 43.638076489040657, "BM": 146 }, "geometry": { "type": "Polygon", "coordinates": [ [ [ 16.585385373002037, 43.668793923081608 ], [ 16.621091822766935, 43.663416702022936 ], [ 16.630507849418507, 43.649063571509593 ], [ 16.631909686157069, 43.640824486695152 ], [ 16.62318159825135, 43.624166344905895 ], [ 16.608325348815988, 43.608256723849038 ], [ 16.597714592100068, 43.608656972123008 ], [ 16.577851996811198, 43.61100293432991 ], [ 16.576762274378918, 43.612602409427794 ], [ 16.585385373002037, 43.668793923081608 ] ] ] } },
{ "type": "Feature", "properties": { "population": 1481, "longitude": 16.697719819891155, "latitude": 43.632648754463887, "BM": 147 }, "geometry": { "type": "Polygon", "coordinates": [ [ [ 16.703372358164689, 43.663977342901134 ], [ 16.713709684720193, 43.658224504555633 ], [ 16.716077076567082, 43.656879914400321 ], [ 16.720810344605738, 43.651095493576186 ], [ 16.710740753402245, 43.619995918908991 ], [ 16.690383699310601, 43.604490335594946 ], [ 16.678008985451523, 43.608752239284676 ], [ 16.672784561881436, 43.622118184381179 ], [ 16.703372358164689, 43.663977342901134 ] ] ] } },
{ "type": "Feature", "properties": { "population": 921, "longitude": 16.669140310273335, "latitude": 43.649605673100204, "BM": 148 }, "geometry": { "type": "Polygon", "coordinates": [ [ [ 16.630507849418507, 43.649063571509593 ], [ 16.69535178705495, 43.677681805876553 ], [ 16.703372358164689, 43.663977342901134 ], [ 16.672784561881436, 43.622118184381179 ], [ 16.631909686157069, 43.640824486695152 ], [ 16.630507849418507, 43.649063571509593 ] ] ] } },
{ "type": "Feature", "properties": { "population": 1753, "longitude": 16.656878831990717, "latitude": 43.674678790408024, "BM": 149 }, "geometry": { "type": "Polygon", "coordinates": [ [ [ 16.622365070100415, 43.666862469303318 ], [ 16.640098082462149, 43.682852957438961 ], [ 16.655481589076118, 43.695087422072277 ], [ 16.690138378004235, 43.690311535695059 ], [ 16.691772569527089, 43.689755238077275 ], [ 16.694197218208821, 43.687221200303256 ], [ 16.69535178705495, 43.677681805876553 ], [ 16.630507849418507, 43.649063571509593 ], [ 16.621091822766935, 43.663416702022936 ], [ 16.622365070100415, 43.666862469303318 ] ] ] } },
{ "type": "Feature", "properties": { "population": 1629, "longitude": 16.628725727873345, "latitude": 43.688816975328706, "BM": 150 }, "geometry": { "type": "Polygon", "coordinates": [ [ [ 16.619228027899151, 43.7058740181185 ], [ 16.630544053621414, 43.703672548443038 ], [ 16.637257328210037, 43.701263163403468 ], [ 16.640098082462149, 43.682852957438961 ], [ 16.622365070100415, 43.666862469303318 ], [ 16.619228027899151, 43.7058740181185 ] ] ] } },
{ "type": "Feature", "properties": { "population": 326, "longitude": 16.650074814220069, "latitude": 43.47345108989456, "BM": 151 }, "geometry": { "type": "Polygon", "coordinates": [ [ [ 16.627529058594362, 43.484370627030209 ], [ 16.676043096419196, 43.485994139618235 ], [ 16.659874730778107, 43.457200592549846 ], [ 16.655052648417353, 43.455216967462775 ], [ 16.643804710699538, 43.459156368619944 ], [ 16.638524451013854, 43.462412412870584 ], [ 16.624587153884789, 43.477918813665106 ], [ 16.627088055279543, 43.483708834549887 ], [ 16.627529058594362, 43.484370627030209 ] ] ] } },
{ "type": "Feature", "properties": { "population": 50, "longitude": 16.616922403769301, "latitude": 43.49923924512558, "BM": 152 }, "geometry": { "type": "Polygon", "coordinates": [ [ [ 16.604704828322923, 43.509533954268235 ], [ 16.629249942728617, 43.507239976659299 ], [ 16.627529058594362, 43.484370627030209 ], [ 16.627088055279543, 43.483708834549887 ], [ 16.599979442821478, 43.500210532055704 ], [ 16.604704828322923, 43.509533954268235 ] ] ] } },
{ "type": "Feature", "properties": { "population": 35, "longitude": 16.697160458848611, "latitude": 43.512083537954844, "BM": 153 }, "geometry": { "type": "Polygon", "coordinates": [ [ [ 16.681263115518497, 43.489617909577056 ], [ 16.671125466967606, 43.535175451626266 ], [ 16.716702836517879, 43.535579052051311 ], [ 16.72105015632631, 43.506164832566398 ], [ 16.708433888335083, 43.483661611966895 ], [ 16.688897745204844, 43.485516094236765 ], [ 16.681263115518497, 43.489617909577056 ] ] ] } },
{ "type": "Feature", "properties": { "population": 214, "longitude": 17.574780694518715, "latitude": 42.93769254390827, "BM": 154 }, "geometry": { "type": "Polygon", "coordinates": [ [ [ 17.586629740729663, 42.899052621708826 ], [ 17.551939038146958, 42.923440417221776 ], [ 17.553213978461148, 42.97641610992455 ], [ 17.573388903568109, 42.976830122562859 ], [ 17.582480900248708, 42.965922501111379 ], [ 17.606023724819028, 42.909745242892036 ], [ 17.586629740729663, 42.899052621708826 ] ] ] } },
{ "type": "Feature", "properties": { "population": 570, "longitude": 16.681522600520648, "latitude": 43.203120615500822, "BM": 155 }, "geometry": { "type": "Polygon", "coordinates": [ [ [ 16.637328826895313, 43.216202752311482 ], [ 16.713756868842133, 43.232488412599828 ], [ 16.732925511074711, 43.224487813391058 ], [ 16.675683050075001, 43.164514837013456 ], [ 16.6641725460271, 43.166354295829358 ], [ 16.661813378279124, 43.168073478641716 ], [ 16.637280855324015, 43.215355703892016 ], [ 16.637328826895313, 43.216202752311482 ] ] ] } },
{ "type": "Feature", "properties": { "population": 1464, "longitude": 16.658504693695225, "latitude": 43.2591208954574, "BM": 156 }, "geometry": { "type": "Polygon", "coordinates": [ [ [ 16.624701118189279, 43.300730646317916 ], [ 16.650624442010024, 43.310187128867575 ], [ 16.685969343581508, 43.28420699493217 ], [ 16.713756868842133, 43.232488412599828 ], [ 16.637328826895313, 43.216202752311482 ], [ 16.620247687575731, 43.228599775170778 ], [ 16.624701118189279, 43.300730646317916 ] ] ] } },
{ "type": "Feature", "properties": { "population": 408, "longitude": 16.641811450276659, "latitude": 43.181555842079717, "BM": 157 }, "geometry": { "type": "Polygon", "coordinates": [ [ [ 16.637280855324015, 43.215355703892016 ], [ 16.661813378279124, 43.168073478641716 ], [ 16.657828850571825, 43.165749207138276 ], [ 16.629018151010669, 43.158928156615112 ], [ 16.631460937627885, 43.20043939899471 ], [ 16.637280855324015, 43.215355703892016 ] ] ] } },
{ "type": "Feature", "properties": { "population": 1051, "longitude": 16.60931636115015, "latitude": 43.206471237231426, "BM": 158 }, "geometry": { "type": "Polygon", "coordinates": [ [ [ 16.582350906638563, 43.22460670885723 ], [ 16.620247687575731, 43.228599775170778 ], [ 16.637328826895313, 43.216202752311482 ], [ 16.637280855324015, 43.215355703892016 ], [ 16.631460937627885, 43.20043939899471 ], [ 16.601114171178242, 43.172214590387249 ], [ 16.582806444984623, 43.222977510294641 ], [ 16.582350906638563, 43.22460670885723 ] ] ] } },
{ "type": "Feature", "properties": { "population": 232, "longitude": 16.740907118234905, "latitude": 43.272728833171435, "BM": 159 }, "geometry": { "type": "Polygon", "coordinates": [ [ [ 16.685969343581508, 43.28420699493217 ], [ 16.722430244659428, 43.323493232082804 ], [ 16.784303922977319, 43.308705674596112 ], [ 16.782655742520337, 43.235659309055357 ], [ 16.755903696879528, 43.222826890542208 ], [ 16.73882019760919, 43.22324001258437 ], [ 16.732925511074711, 43.224487813391058 ], [ 16.713756868842133, 43.232488412599828 ], [ 16.685969343581508, 43.28420699493217 ] ] ] } },
{ "type": "Feature", "properties": { "population": 927, "longitude": 16.656578951084906, "latitude": 43.158804898019355, "BM": 160 }, "geometry": { "type": "Polygon", "coordinates": [ [ [ 16.6641725460271, 43.166354295829358 ], [ 16.66056881833957, 43.154023214652376 ], [ 16.645219858989151, 43.151150658974608 ], [ 16.657828850571825, 43.165749207138276 ], [ 16.661813378279124, 43.168073478641716 ], [ 16.6641725460271, 43.166354295829358 ] ] ] } },
{ "type": "Feature", "properties": { "population": 81, "longitude": 16.669500428535041, "latitude": 43.144383523756517, "BM": 161 }, "geometry": { "type": "Polygon", "coordinates": [ [ [ 16.6641725460271, 43.166354295829358 ], [ 16.675683050075001, 43.164514837013456 ], [ 16.685778942201779, 43.143314539498029 ], [ 16.657565472667169, 43.115802742622087 ], [ 16.66056881833957, 43.154023214652376 ], [ 16.6641725460271, 43.166354295829358 ] ] ] } },
{ "type": "Feature", "properties": { "population": 738, "longitude": 16.704420091856608, "latitude": 43.17822044118364, "BM": 162 }, "geometry": { "type": "Polygon", "coordinates": [ [ [ 16.675683050075001, 43.164514837013456 ], [ 16.732925511074711, 43.224487813391058 ], [ 16.73882019760919, 43.22324001258437 ], [ 16.698758859892642, 43.143182932513703 ], [ 16.685778942201779, 43.143314539498029 ], [ 16.675683050075001, 43.164514837013456 ] ] ] } },
{ "type": "Feature", "properties": { "population": 421, "longitude": 16.61124290625061, "latitude": 43.757858700285595, "BM": 163 }, "geometry": { "type": "Polygon", "coordinates": [ [ [ 16.605378932784319, 43.783922885314759 ], [ 16.634508426163819, 43.761168422974478 ], [ 16.614087197824983, 43.733368259533812 ], [ 16.590058323894151, 43.75044668323455 ], [ 16.605378932784319, 43.783922885314759 ] ] ] } },
{ "type": "Feature", "properties": { "population": 573, "longitude": 16.596948609480624, "latitude": 43.687443255432491, "BM": 164 }, "geometry": { "type": "Polygon", "coordinates": [ [ [ 16.561440622424922, 43.693955055358586 ], [ 16.616993642247255, 43.715485819488265 ], [ 16.619228027899151, 43.7058740181185 ], [ 16.622365070100415, 43.666862469303318 ], [ 16.621091822766935, 43.663416702022936 ], [ 16.585385373002037, 43.668793923081608 ], [ 16.56338564160751, 43.682750432056594 ], [ 16.561440622424922, 43.693955055358586 ] ] ] } },
{ "type": "Feature", "properties": { "population": 1451, "longitude": 16.664389875317585, "latitude": 43.424416873810195, "BM": 165 }, "geometry": { "type": "Polygon", "coordinates": [ [ [ 16.64989653439395, 43.430840416511117 ], [ 16.655052648417353, 43.455216967462775 ], [ 16.659874730778107, 43.457200592549846 ], [ 16.67596309291244, 43.444313722284384 ], [ 16.679537003183889, 43.432567870402742 ], [ 16.679591180982015, 43.43216887944147 ], [ 16.680405747058057, 43.425698232769101 ], [ 16.681740310697364, 43.414500986510951 ], [ 16.674222496711565, 43.39382574074547 ], [ 16.645303698602216, 43.408689724210916 ], [ 16.64989653439395, 43.430840416511117 ] ] ] } },
{ "type": "Feature", "properties": { "population": 744, "longitude": 16.855442366902384, "latitude": 43.297552559721609, "BM": 166 }, "geometry": { "type": "Polygon", "coordinates": [ [ [ 16.828160586666641, 43.218941565898547 ], [ 16.828070621184747, 43.218942593551027 ], [ 16.825470351049351, 43.219930941427158 ], [ 16.862905164011526, 43.346338308645642 ], [ 16.877060632085492, 43.344543050592222 ], [ 16.881482101121719, 43.34041734937415 ], [ 16.828160586666641, 43.218941565898547 ] ] ] } },
{ "type": "Feature", "properties": { "population": 1101, "longitude": 16.647240180320349, "latitude": 43.447327920248981, "BM": 167 }, "geometry": { "type": "Polygon", "coordinates": [ [ [ 16.643804710699538, 43.459156368619944 ], [ 16.655052648417353, 43.455216967462775 ], [ 16.64989653439395, 43.430840416511117 ], [ 16.63855403513649, 43.447640155977027 ], [ 16.643804710699538, 43.459156368619944 ] ] ] } },
{ "type": "Feature", "properties": { "population": 817, "longitude": 16.618877165177548, "latitude": 43.446756542689194, "BM": 168 }, "geometry": { "type": "Polygon", "coordinates": [ [ [ 16.624587153884789, 43.477918813665106 ], [ 16.638524451013854, 43.462412412870584 ], [ 16.611111806452307, 43.414750343076868 ], [ 16.599611285613481, 43.417986400984937 ], [ 16.619787606526682, 43.475092403882435 ], [ 16.624587153884789, 43.477918813665106 ] ] ] } },
{ "type": "Feature", "properties": { "population": 578, "longitude": 16.599404560550347, "latitude": 43.485756364071449, "BM": 169 }, "geometry": { "type": "Polygon", "coordinates": [ [ [ 16.567927986391503, 43.484207886355293 ], [ 16.599979442821478, 43.500210532055704 ], [ 16.627088055279543, 43.483708834549887 ], [ 16.624587153884789, 43.477918813665106 ], [ 16.619787606526682, 43.475092403882435 ], [ 16.567469075988125, 43.481179949537157 ], [ 16.567927986391503, 43.484207886355293 ] ] ] } },
{ "type": "Feature", "properties": { "population": 105, "longitude": 16.633124103894133, "latitude": 43.332914616293962, "BM": 170 }, "geometry": { "type": "Polygon", "coordinates": [ [ [ 16.616330370783093, 43.363397861888373 ], [ 16.618548800802294, 43.364924811410376 ], [ 16.666512995293303, 43.350818557604299 ], [ 16.650624442010024, 43.310187128867575 ], [ 16.624701118189279, 43.300730646317916 ], [ 16.612254833202321, 43.305714211340074 ], [ 16.60567006265557, 43.323208486063344 ], [ 16.616330370783093, 43.363397861888373 ] ] ] } },
{ "type": "Feature", "properties": { "population": 25, "longitude": 17.498735640972601, "latitude": 43.183355803157077, "BM": 171 }, "geometry": { "type": "Polygon", "coordinates": [ [ [ 17.502457714714083, 43.224099243374944 ], [ 17.530716169760552, 43.248363644326062 ], [ 17.496979640787547, 43.130039771713555 ], [ 17.467270532974275, 43.150363031806641 ], [ 17.502457714714083, 43.224099243374944 ] ] ] } },
{ "type": "Feature", "properties": { "population": 294, "longitude": 16.685100654742005, "latitude": 43.326082991205119, "BM": 172 }, "geometry": { "type": "Polygon", "coordinates": [ [ [ 16.666512995293303, 43.350818557604299 ], [ 16.685357389468955, 43.373506284488172 ], [ 16.722430244659428, 43.323493232082804 ], [ 16.685969343581508, 43.28420699493217 ], [ 16.650624442010024, 43.310187128867575 ], [ 16.666512995293303, 43.350818557604299 ] ] ] } },
{ "type": "Feature", "properties": { "population": 1285, "longitude": 16.647619468711493, "latitude": 43.381549993066137, "BM": 173 }, "geometry": { "type": "Polygon", "coordinates": [ [ [ 16.617313283305091, 43.41224666752062 ], [ 16.621530979689211, 43.412013319354621 ], [ 16.645303698602216, 43.408689724210916 ], [ 16.674222496711565, 43.39382574074547 ], [ 16.685575715291524, 43.374275457739706 ], [ 16.685357389468955, 43.373506284488172 ], [ 16.666512995293303, 43.350818557604299 ], [ 16.618548800802294, 43.364924811410376 ], [ 16.617313283305091, 43.41224666752062 ] ] ] } },
{ "type": "Feature", "properties": { "population": 1052, "longitude": 16.637650099871909, "latitude": 43.424454019494156, "BM": 174 }, "geometry": { "type": "Polygon", "coordinates": [ [ [ 16.645303698602216, 43.408689724210916 ], [ 16.621530979689211, 43.412013319354621 ], [ 16.63855403513649, 43.447640155977027 ], [ 16.64989653439395, 43.430840416511117 ], [ 16.645303698602216, 43.408689724210916 ] ] ] } },
{ "type": "Feature", "properties": { "population": 375, "longitude": 16.601133462820513, "latitude": 43.389334083999657, "BM": 175 }, "geometry": { "type": "Polygon", "coordinates": [ [ [ 16.58973798385426, 43.41725702530146 ], [ 16.599611285613481, 43.417986400984937 ], [ 16.611111806452307, 43.414750343076868 ], [ 16.617313283305091, 43.41224666752062 ], [ 16.618548800802294, 43.364924811410376 ], [ 16.616330370783093, 43.363397861888373 ], [ 16.579769755069236, 43.367493079663163 ], [ 16.58973798385426, 43.41725702530146 ] ] ] } },
{ "type": "Feature", "properties": { "population": 1194, "longitude": 16.745674746356414, "latitude": 43.348084905362285, "BM": 176 }, "geometry": { "type": "Polygon", "coordinates": [ [ [ 16.685575715291524, 43.374275457739706 ], [ 16.701442928573325, 43.378703216234861 ], [ 16.753332236477533, 43.381600417387268 ], [ 16.791989125329941, 43.348669842515413 ], [ 16.798429433498093, 43.340185085960144 ], [ 16.784303922977319, 43.308705674596112 ], [ 16.722430244659428, 43.323493232082804 ], [ 16.685357389468955, 43.373506284488172 ], [ 16.685575715291524, 43.374275457739706 ] ] ] } },
{ "type": "Feature", "properties": { "population": 405, "longitude": 16.698117633956596, "latitude": 43.404918800631414, "BM": 177 }, "geometry": { "type": "Polygon", "coordinates": [ [ [ 16.695819132948323, 43.426971627214044 ], [ 16.727747651477593, 43.433884244585379 ], [ 16.701442928573325, 43.378703216234861 ], [ 16.685575715291524, 43.374275457739706 ], [ 16.674222496711565, 43.39382574074547 ], [ 16.681740310697364, 43.414500986510951 ], [ 16.695819132948323, 43.426971627214044 ] ] ] } },
{ "type": "Feature", "properties": { "population": 1572, "longitude": 16.685197074508942, "latitude": 43.44658267241919, "BM": 178 }, "geometry": { "type": "Polygon", "coordinates": [ [ [ 16.67596309291244, 43.444313722284384 ], [ 16.689614564362927, 43.459108846970963 ], [ 16.695586217586509, 43.45176327841385 ], [ 16.693328206974282, 43.448543655632292 ], [ 16.679537003183889, 43.432567870402742 ], [ 16.67596309291244, 43.444313722284384 ] ] ] } },
{ "type": "Feature", "properties": { "population": 119, "longitude": 17.711709890833088, "latitude": 42.853629295080196, "BM": 179 }, "geometry": { "type": "Polygon", "coordinates": [ [ [ 17.710975256614862, 42.875015957241075 ], [ 17.729380439084945, 42.86036437126716 ], [ 17.712988054946532, 42.832018950527434 ], [ 17.69373870997563, 42.847622725387879 ], [ 17.710975256614862, 42.875015957241075 ] ] ] } },
{ "type": "Feature", "properties": { "population": 134, "longitude": 17.736804418838656, "latitude": 42.589894679404047, "BM": 180 }, "geometry": { "type": "Polygon", "coordinates": [ [ [ 17.665050897330644, 42.4415921 ], [ 17.692652752446758, 42.774463161981323 ], [ 17.700087632992744, 42.775079395634023 ], [ 17.744682202953296, 42.766075252822596 ], [ 17.783598961196901, 42.732745468266259 ], [ 17.806752247610333, 42.523748853021218 ], [ 17.806621545422598, 42.490337263872064 ], [ 17.80224414121184, 42.4415921 ], [ 17.665050897330644, 42.4415921 ] ] ] } },
{ "type": "Feature", "properties": { "population": 1038, "longitude": 16.688287631466142, "latitude": 43.441166158304839, "BM": 181 }, "geometry": { "type": "Polygon", "coordinates": [ [ [ 16.679537003183889, 43.432567870402742 ], [ 16.693328206974282, 43.448543655632292 ], [ 16.693201805012485, 43.443822281983103 ], [ 16.679591180982015, 43.43216887944147 ], [ 16.679537003183889, 43.432567870402742 ] ] ] } },
{ "type": "Feature", "properties": { "population": 973, "longitude": 16.582906157631257, "latitude": 43.451660475291227, "BM": 182 }, "geometry": { "type": "Polygon", "coordinates": [ [ [ 16.542360929130986, 43.443529487633924 ], [ 16.567469075988125, 43.481179949537157 ], [ 16.619787606526682, 43.475092403882435 ], [ 16.599611285613481, 43.417986400984937 ], [ 16.58973798385426, 43.41725702530146 ], [ 16.549856813434104, 43.438167123497657 ], [ 16.542360929130986, 43.443529487633924 ] ] ] } },
{ "type": "Feature", "properties": { "population": 369, "longitude": 16.636832695785962, "latitude": 43.152109051650775, "BM": 183 }, "geometry": { "type": "Polygon", "coordinates": [ [ [ 16.629018151010669, 43.158928156615112 ], [ 16.657828850571825, 43.165749207138276 ], [ 16.645219858989151, 43.151150658974608 ], [ 16.622390734382979, 43.133498365002168 ], [ 16.621922662746943, 43.134899447633991 ], [ 16.629018151010669, 43.158928156615112 ] ] ] } },
{ "type": "Feature", "properties": { "population": 264, "longitude": 18.31644843591943, "latitude": 43.217367400838953, "BM": 184 }, "geometry": { "type": "Polygon", "coordinates": [ [ [ 18.271754823225436, 43.364072601101078 ], [ 18.593403949029899, 43.746060302096573 ], [ 18.626563485288269, 43.734175325438208 ], [ 18.522039565449838, 43.465139546189242 ], [ 18.23600313712754, 42.893891538922261 ], [ 18.160620538778659, 42.781097643624292 ], [ 18.114545234699118, 42.717920141283024 ], [ 18.095817268301236, 42.699221552134645 ], [ 18.072045341225905, 42.684248949002686 ], [ 18.064309674206505, 42.682423159630623 ], [ 18.056115645715437, 42.698406833168271 ], [ 18.050460153031896, 42.721707465733417 ], [ 18.165852464782887, 43.100061871171135 ], [ 18.271754823225436, 43.364072601101078 ] ] ] } },
{ "type": "Feature", "properties": { "population": 358, "longitude": 16.585986013214725, "latitude": 43.779857838377346, "BM": 185 }, "geometry": { "type": "Polygon", "coordinates": [ [ [ 16.560796599989494, 43.767409955366446 ], [ 16.582482763957401, 43.807520321408433 ], [ 16.605934707051645, 43.808783389960816 ], [ 16.605378932784319, 43.783922885314759 ], [ 16.590058323894151, 43.75044668323455 ], [ 16.582040656400657, 43.747686530719392 ], [ 16.560796599989494, 43.767409955366446 ] ] ] } },
{ "type": "Feature", "properties": { "population": 157, "longitude": 16.641683453902566, "latitude": 43.122101557698407, "BM": 186 }, "geometry": { "type": "Polygon", "coordinates": [ [ [ 16.622390734382979, 43.133498365002168 ], [ 16.645219858989151, 43.151150658974608 ], [ 16.66056881833957, 43.154023214652376 ], [ 16.657565472667169, 43.115802742622087 ], [ 16.632339153217213, 43.078858208251752 ], [ 16.622390734382979, 43.133498365002168 ] ] ] } },
{ "type": "Feature", "properties": { "population": 169, "longitude": 16.944099319879889, "latitude": 43.437904910752607, "BM": 187 }, "geometry": { "type": "Polygon", "coordinates": [ [ [ 16.929186139894, 43.459418125884838 ], [ 16.954083830284453, 43.464219106615602 ], [ 16.96687880411071, 43.452057864171707 ], [ 16.954296493597909, 43.404214398052041 ], [ 16.953237603472022, 43.404431978460011 ], [ 16.918201817675858, 43.431119596931893 ], [ 16.928210480703392, 43.457381254520463 ], [ 16.929186139894, 43.459418125884838 ] ] ] } },
{ "type": "Feature", "properties": { "population": 755, "longitude": 16.564609553955485, "latitude": 43.191136036412416, "BM": 188 }, "geometry": { "type": "Polygon", "coordinates": [ [ [ 16.542305299395601, 43.225185842917412 ], [ 16.582350906638563, 43.22460670885723 ], [ 16.582806444984623, 43.222977510294641 ], [ 16.595790805645393, 43.165393414770861 ], [ 16.593145546449641, 43.160530000082893 ], [ 16.536284185664229, 43.162599093370787 ], [ 16.542305299395601, 43.225185842917412 ] ] ] } },
{ "type": "Feature", "properties": { "population": 865, "longitude": 16.593237140602753, "latitude": 43.186861838484248, "BM": 189 }, "geometry": { "type": "Polygon", "coordinates": [ [ [ 16.595790805645393, 43.165393414770861 ], [ 16.582806444984623, 43.222977510294641 ], [ 16.601114171178242, 43.172214590387249 ], [ 16.595790805645393, 43.165393414770861 ] ] ] } },
{ "type": "Feature", "properties": { "population": 170, "longitude": 18.359444451161139, "latitude": 42.540161745474393, "BM": 190 }, "geometry": { "type": "Polygon", "coordinates": [ [ [ 18.345254834902146, 42.531996543464352 ], [ 18.357329479594924, 42.552565951049168 ], [ 18.372366501672957, 42.550947667622083 ], [ 18.365771445001773, 42.531493849651163 ], [ 18.356464839275286, 42.527568950800379 ], [ 18.345254834902146, 42.531996543464352 ] ] ] } },
{ "type": "Feature", "properties": { "population": 202, "longitude": 16.69097178720153, "latitude": 43.083104208574504, "BM": 191 }, "geometry": { "type": "Polygon", "coordinates": [ [ [ 16.632339153217213, 43.078858208251752 ], [ 16.657565472667169, 43.115802742622087 ], [ 16.685778942201779, 43.143314539498029 ], [ 16.698758859892642, 43.143182932513703 ], [ 16.754709593916491, 43.084745732171577 ], [ 16.761748429597869, 43.054986859865238 ], [ 16.626513784467274, 43.036391549683692 ], [ 16.632339153217213, 43.078858208251752 ] ] ] } },
{ "type": "Feature", "properties": { "population": 236, "longitude": 16.586020102277999, "latitude": 43.507918260803706, "BM": 192 }, "geometry": { "type": "Polygon", "coordinates": [ [ [ 16.567878927883342, 43.484945058023982 ], [ 16.574227724409027, 43.506878074205098 ], [ 16.584700165905847, 43.534753184821668 ], [ 16.604704828322923, 43.509533954268235 ], [ 16.599979442821478, 43.500210532055704 ], [ 16.567927986391503, 43.484207886355293 ], [ 16.567878927883342, 43.484945058023982 ] ] ] } },
{ "type": "Feature", "properties": { "population": 1452, "longitude": 16.567512894433264, "latitude": 43.532484411712531, "BM": 193 }, "geometry": { "type": "Polygon", "coordinates": [ [ [ 16.547675258254852, 43.538603054562728 ], [ 16.554359032776766, 43.544491935070859 ], [ 16.569316777905641, 43.553530143223675 ], [ 16.580082784353088, 43.548281004461025 ], [ 16.585466609728858, 43.545216044632589 ], [ 16.584700165905847, 43.534753184821668 ], [ 16.574227724409027, 43.506878074205098 ], [ 16.548863676717588, 43.525817326663564 ], [ 16.547675258254852, 43.538603054562728 ] ] ] } },
{ "type": "Feature", "properties": { "population": 1476, "longitude": 16.546477917696858, "latitude": 43.479046294232297, "BM": 194 }, "geometry": { "type": "Polygon", "coordinates": [ [ [ 16.53216621208605, 43.477501268024653 ], [ 16.536828718267582, 43.511780489522828 ], [ 16.547630767077603, 43.50935387839943 ], [ 16.567878927883342, 43.484945058023982 ], [ 16.567927986391503, 43.484207886355293 ], [ 16.567469075988125, 43.481179949537157 ], [ 16.542360929130986, 43.443529487633924 ], [ 16.535784417156826, 43.443167265573173 ], [ 16.53216621208605, 43.477501268024653 ] ] ] } },
{ "type": "Feature", "properties": { "population": 172, "longitude": 17.476812849691484, "latitude": 43.120103338572953, "BM": 195 }, "geometry": { "type": "Polygon", "coordinates": [ [ [ 17.459770532259434, 43.106312196620536 ], [ 17.456894434446834, 43.138274138354987 ], [ 17.467270532974275, 43.150363031806641 ], [ 17.496979640787547, 43.130039771713555 ], [ 17.495055633314287, 43.095718068469878 ], [ 17.476017619684818, 43.094143942260672 ], [ 17.459770532259434, 43.106312196620536 ] ] ] } },
{ "type": "Feature", "properties": { "population": 577, "longitude": 16.579688395014987, "latitude": 43.318003298685042, "BM": 196 }, "geometry": { "type": "Polygon", "coordinates": [ [ [ 16.552041822591274, 43.311317780744403 ], [ 16.580003387942522, 43.354173711408961 ], [ 16.60567006265557, 43.323208486063344 ], [ 16.612254833202321, 43.305714211340074 ], [ 16.550693793884367, 43.291605325319701 ], [ 16.552041822591274, 43.311317780744403 ] ] ] } },
{ "type": "Feature", "properties": { "population": 823, "longitude": 16.568433600206344, "latitude": 43.400984295333821, "BM": 197 }, "geometry": { "type": "Polygon", "coordinates": [ [ [ 16.549856813434104, 43.438167123497657 ], [ 16.58973798385426, 43.41725702530146 ], [ 16.579769755069236, 43.367493079663163 ], [ 16.576991206543205, 43.363309086617335 ], [ 16.566241330784521, 43.362756991812205 ], [ 16.55080626110232, 43.400008514620147 ], [ 16.549856813434104, 43.438167123497657 ] ] ] } },
{ "type": "Feature", "properties": { "population": 553, "longitude": 16.553824499269702, "latitude": 43.791123740031701, "BM": 198 }, "geometry": { "type": "Polygon", "coordinates": [ [ [ 16.550100588096335, 43.81369272465583 ], [ 16.582482763957401, 43.807520321408433 ], [ 16.560796599989494, 43.767409955366446 ], [ 16.522700074041538, 43.77894326588352 ], [ 16.550100588096335, 43.81369272465583 ] ] ] } },
{ "type": "Feature", "properties": { "population": 130, "longitude": 16.536429790909715, "latitude": 43.747541071903477, "BM": 199 }, "geometry": { "type": "Polygon", "coordinates": [ [ [ 16.493787297465882, 43.764314194342177 ], [ 16.522700074041538, 43.77894326588352 ], [ 16.560796599989494, 43.767409955366446 ], [ 16.582040656400657, 43.747686530719392 ], [ 16.55345314389281, 43.710912901510859 ], [ 16.508170095378041, 43.732734660858647 ], [ 16.494859029569895, 43.747333692973399 ], [ 16.493787297465882, 43.764314194342177 ] ] ] } },
{ "type": "Feature", "properties": { "population": 156, "longitude": 16.559244381883509, "latitude": 43.344564545476054, "BM": 200 }, "geometry": { "type": "Polygon", "coordinates": [ [ [ 16.566241330784521, 43.362756991812205 ], [ 16.576991206543205, 43.363309086617335 ], [ 16.580003387942522, 43.354173711408961 ], [ 16.552041822591274, 43.311317780744403 ], [ 16.541872849748092, 43.35806847864454 ], [ 16.548936883091375, 43.360888962552949 ], [ 16.566241330784521, 43.362756991812205 ] ] ] } },
{ "type": "Feature", "properties": { "population": 388, "longitude": 16.560957619339501, "latitude": 43.648089304505973, "BM": 201 }, "geometry": { "type": "Polygon", "coordinates": [ [ [ 16.56338564160751, 43.682750432056594 ], [ 16.585385373002037, 43.668793923081608 ], [ 16.576762274378918, 43.612602409427794 ], [ 16.524964737900351, 43.640639195665415 ], [ 16.56338564160751, 43.682750432056594 ] ] ] } },
{ "type": "Feature", "properties": { "population": 1268, "longitude": 16.577890765785529, "latitude": 43.582214923315277, "BM": 202 }, "geometry": { "type": "Polygon", "coordinates": [ [ [ 16.559203214296296, 43.578566290209579 ], [ 16.577851996811198, 43.61100293432991 ], [ 16.597714592100068, 43.608656972123008 ], [ 16.580082784353088, 43.548281004461025 ], [ 16.569316777905641, 43.553530143223675 ], [ 16.559760670779202, 43.574350683835718 ], [ 16.559203214296296, 43.578566290209579 ] ] ] } },
{ "type": "Feature", "properties": { "population": 259, "longitude": 16.544519983866302, "latitude": 43.610355362637456, "BM": 203 }, "geometry": { "type": "Polygon", "coordinates": [ [ [ 16.516206885664751, 43.637571296372279 ], [ 16.524964737900351, 43.640639195665415 ], [ 16.576762274378918, 43.612602409427794 ], [ 16.577851996811198, 43.61100293432991 ], [ 16.559203214296296, 43.578566290209579 ], [ 16.524238814719073, 43.598867420937481 ], [ 16.514973603541169, 43.635433420180327 ], [ 16.516206885664751, 43.637571296372279 ] ] ] } },
{ "type": "Feature", "properties": { "population": 273, "longitude": 16.529572056275146, "latitude": 43.67010093822519, "BM": 204 }, "geometry": { "type": "Polygon", "coordinates": [ [ [ 16.500137790444832, 43.675973081851538 ], [ 16.558282771610703, 43.700235915710941 ], [ 16.561440622424922, 43.693955055358586 ], [ 16.56338564160751, 43.682750432056594 ], [ 16.524964737900351, 43.640639195665415 ], [ 16.516206885664751, 43.637571296372279 ], [ 16.497598554795971, 43.664482651278171 ], [ 16.500137790444832, 43.675973081851538 ] ] ] } },
{ "type": "Feature", "properties": { "population": 213, "longitude": 16.758089329340763, "latitude": 43.632051639447461, "BM": 205 }, "geometry": { "type": "Polygon", "coordinates": [ [ [ 16.730316627690208, 43.646095741924718 ], [ 16.739522735050436, 43.647927362172837 ], [ 16.779132905939299, 43.632643983755834 ], [ 16.775054956111269, 43.618040613250244 ], [ 16.763458353705751, 43.615701540777273 ], [ 16.730379170953679, 43.64596234042412 ], [ 16.730316627690208, 43.646095741924718 ] ] ] } },
{ "type": "Feature", "properties": { "population": 1273, "longitude": 16.537686144255069, "latitude": 43.408063772325015, "BM": 206 }, "geometry": { "type": "Polygon", "coordinates": [ [ [ 16.516927799000076, 43.439688185620739 ], [ 16.535784417156826, 43.443167265573173 ], [ 16.542360929130986, 43.443529487633924 ], [ 16.549856813434104, 43.438167123497657 ], [ 16.55080626110232, 43.400008514620147 ], [ 16.548936883091375, 43.360888962552949 ], [ 16.541872849748092, 43.35806847864454 ], [ 16.539738040653948, 43.358581450961445 ], [ 16.515785913508644, 43.439405186109376 ], [ 16.516927799000076, 43.439688185620739 ] ] ] } },
{ "type": "Feature", "properties": { "population": 1001, "longitude": 16.555328158326073, "latitude": 43.374551489661769, "BM": 207 }, "geometry": { "type": "Polygon", "coordinates": [ [ [ 16.548936883091375, 43.360888962552949 ], [ 16.55080626110232, 43.400008514620147 ], [ 16.566241330784521, 43.362756991812205 ], [ 16.548936883091375, 43.360888962552949 ] ] ] } },
{ "type": "Feature", "properties": { "population": 79, "longitude": 16.522720965033677, "latitude": 43.309684979724153, "BM": 208 }, "geometry": { "type": "Polygon", "coordinates": [ [ [ 16.493585380144104, 43.29524311148112 ], [ 16.509752825219778, 43.352281465059434 ], [ 16.539738040653948, 43.358581450961445 ], [ 16.541872849748092, 43.35806847864454 ], [ 16.552041822591274, 43.311317780744403 ], [ 16.550693793884367, 43.291605325319701 ], [ 16.51571515950365, 43.261458468965564 ], [ 16.496003002803924, 43.267464083107569 ], [ 16.493585380144104, 43.29524311148112 ] ] ] } },
{ "type": "Feature", "properties": { "population": 687, "longitude": 16.524125756060357, "latitude": 43.70424529022057, "BM": 209 }, "geometry": { "type": "Polygon", "coordinates": [ [ [ 16.508170095378041, 43.732734660858647 ], [ 16.55345314389281, 43.710912901510859 ], [ 16.558282771610703, 43.700235915710941 ], [ 16.500137790444832, 43.675973081851538 ], [ 16.508170095378041, 43.732734660858647 ] ] ] } },
{ "type": "Feature", "properties": { "population": 1282, "longitude": 16.539340369433809, "latitude": 43.523795370906143, "BM": 210 }, "geometry": { "type": "Polygon", "coordinates": [ [ [ 16.532148583240758, 43.534050413464662 ], [ 16.547675258254852, 43.538603054562728 ], [ 16.548863676717588, 43.525817326663564 ], [ 16.547630767077603, 43.50935387839943 ], [ 16.536828718267582, 43.511780489522828 ], [ 16.530676088674795, 43.514308772456701 ], [ 16.526881994266603, 43.52538973417726 ], [ 16.532148583240758, 43.534050413464662 ] ] ] } },
{ "type": "Feature", "properties": { "population": 71, "longitude": 16.501210545309117, "latitude": 43.822114218131397, "BM": 211 }, "geometry": { "type": "Polygon", "coordinates": [ [ [ 16.444050414239193, 43.828110976724474 ], [ 16.524198704759435, 43.886189174680375 ], [ 16.550100588096335, 43.81369272465583 ], [ 16.522700074041538, 43.77894326588352 ], [ 16.493787297465882, 43.764314194342177 ], [ 16.441371651750231, 43.823345361962247 ], [ 16.444050414239193, 43.828110976724474 ] ] ] } },
{ "type": "Feature", "properties": { "population": 1550, "longitude": 16.519521055870854, "latitude": 43.517421163757689, "BM": 212 }, "geometry": { "type": "Polygon", "coordinates": [ [ [ 16.505792409575768, 43.521664536736402 ], [ 16.526881994266603, 43.52538973417726 ], [ 16.530676088674795, 43.514308772456701 ], [ 16.52947111286597, 43.512300533646936 ], [ 16.517355984677199, 43.508596110670474 ], [ 16.513317997194751, 43.512380408329371 ], [ 16.505675182576628, 43.52092128893289 ], [ 16.505792409575768, 43.521664536736402 ] ] ] } },
{ "type": "Feature", "properties": { "population": 350, "longitude": 16.53582159639749, "latitude": 43.544880651937021, "BM": 213 }, "geometry": { "type": "Polygon", "coordinates": [ [ [ 16.520527735967757, 43.546126592564534 ], [ 16.528743830078373, 43.557005588122699 ], [ 16.554359032776766, 43.544491935070859 ], [ 16.547675258254852, 43.538603054562728 ], [ 16.532148583240758, 43.534050413464662 ], [ 16.520527735967757, 43.546126592564534 ] ] ] } },
{ "type": "Feature", "properties": { "population": 66, "longitude": 16.532133073532219, "latitude": 43.500484751152214, "BM": 214 }, "geometry": { "type": "Polygon", "coordinates": [ [ [ 16.52947111286597, 43.512300533646936 ], [ 16.530676088674795, 43.514308772456701 ], [ 16.536828718267582, 43.511780489522828 ], [ 16.53216621208605, 43.477501268024653 ], [ 16.528211323068422, 43.501674929317389 ], [ 16.528431017940807, 43.508189862867525 ], [ 16.52947111286597, 43.512300533646936 ] ] ] } },
{ "type": "Feature", "properties": { "population": 453, "longitude": 16.516205479889759, "latitude": 43.534556152898801, "BM": 215 }, "geometry": { "type": "Polygon", "coordinates": [ [ [ 16.50660425266668, 43.545363980573484 ], [ 16.512070171318268, 43.548603855417326 ], [ 16.520527735967757, 43.546126592564534 ], [ 16.532148583240758, 43.534050413464662 ], [ 16.526881994266603, 43.52538973417726 ], [ 16.505792409575768, 43.521664536736402 ], [ 16.505641380340244, 43.521874183986654 ], [ 16.504911118634865, 43.526075738147902 ], [ 16.50467690533797, 43.539085926888134 ], [ 16.50660425266668, 43.545363980573484 ] ] ] } },
{ "type": "Feature", "properties": { "population": 1289, "longitude": 16.525077935531833, "latitude": 43.468819503185699, "BM": 216 }, "geometry": { "type": "Polygon", "coordinates": [ [ [ 16.518302690398496, 43.503146081828611 ], [ 16.528211323068422, 43.501674929317389 ], [ 16.53216621208605, 43.477501268024653 ], [ 16.535784417156826, 43.443167265573173 ], [ 16.516927799000076, 43.439688185620739 ], [ 16.518302690398496, 43.503146081828611 ] ] ] } },
{ "type": "Feature", "properties": { "population": 276, "longitude": 16.533844682472399, "latitude": 43.580560007631988, "BM": 217 }, "geometry": { "type": "Polygon", "coordinates": [ [ [ 16.524238814719073, 43.598867420937481 ], [ 16.559203214296296, 43.578566290209579 ], [ 16.559760670779202, 43.574350683835718 ], [ 16.532188315746406, 43.566436691006089 ], [ 16.511464365654245, 43.577338207452378 ], [ 16.524238814719073, 43.598867420937481 ] ] ] } },
{ "type": "Feature", "properties": { "population": 111, "longitude": 16.55007749752987, "latitude": 43.559467141149142, "BM": 218 }, "geometry": { "type": "Polygon", "coordinates": [ [ [ 16.528726538969888, 43.557907927569865 ], [ 16.532188315746406, 43.566436691006089 ], [ 16.559760670779202, 43.574350683835718 ], [ 16.569316777905641, 43.553530143223675 ], [ 16.554359032776766, 43.544491935070859 ], [ 16.528743830078373, 43.557005588122699 ], [ 16.528726538969888, 43.557907927569865 ] ] ] } },
{ "type": "Feature", "properties": { "population": 64, "longitude": 16.795539414000125, "latitude": 43.600912970708407, "BM": 219 }, "geometry": { "type": "Polygon", "coordinates": [ [ [ 16.788157268562411, 43.581187047765503 ], [ 16.776240202359734, 43.616331648279434 ], [ 16.812809907758918, 43.613826806773886 ], [ 16.809542003296226, 43.589459750793587 ], [ 16.789237806051208, 43.58000646536599 ], [ 16.788157268562411, 43.581187047765503 ] ] ] } },
{ "type": "Feature", "properties": { "population": 41, "longitude": 16.858100625828165, "latitude": 43.697786397024018, "BM": 220 }, "geometry": { "type": "Polygon", "coordinates": [ [ [ 16.813770295269638, 43.672565362203947 ], [ 16.905237052963635, 43.816207785387306 ], [ 16.865768086058107, 43.624726795560463 ], [ 16.828351980399717, 43.636327995723185 ], [ 16.811161732172778, 43.653407607145198 ], [ 16.813770295269638, 43.672565362203947 ] ] ] } },
{ "type": "Feature", "properties": { "population": 246, "longitude": 16.801419033110736, "latitude": 43.631751956131687, "BM": 221 }, "geometry": { "type": "Polygon", "coordinates": [ [ [ 16.775054956111269, 43.618040613250244 ], [ 16.779132905939299, 43.632643983755834 ], [ 16.787931463278479, 43.645877424319671 ], [ 16.811161732172778, 43.653407607145198 ], [ 16.828351980399717, 43.636327995723185 ], [ 16.812809907758918, 43.613826806773886 ], [ 16.776240202359734, 43.616331648279434 ], [ 16.775054956111269, 43.618040613250244 ] ] ] } },
{ "type": "Feature", "properties": { "population": 123, "longitude": 17.492886844322555, "latitude": 43.007098422627593, "BM": 222 }, "geometry": { "type": "Polygon", "coordinates": [ [ [ 17.50147979116236, 43.007774850574052 ], [ 17.47620157860062, 42.97921974174173 ], [ 17.493591211235049, 43.024918316880012 ], [ 17.50783756666895, 43.019395989326171 ], [ 17.50147979116236, 43.007774850574052 ] ] ] } },
{ "type": "Feature", "properties": { "population": 155, "longitude": 17.269528565054816, "latitude": 42.629725402782917, "BM": 223 }, "geometry": { "type": "Polygon", "coordinates": [ [ [ 17.142773414273265, 42.4415921 ], [ 17.134499304412266, 42.668530754348865 ], [ 17.276033733314421, 42.865832470869087 ], [ 17.358102007819909, 42.861907127229976 ], [ 17.396085936759977, 42.624101038327993 ], [ 17.363877375266352, 42.4415921 ], [ 17.142773414273265, 42.4415921 ] ] ] } },
{ "type": "Feature", "properties": { "population": 280, "longitude": 16.763915454224385, "latitude": 43.568594033579004, "BM": 224 }, "geometry": { "type": "Polygon", "coordinates": [ [ [ 16.732993184544863, 43.567745265599484 ], [ 16.747054479192968, 43.585856176376701 ], [ 16.788157268562411, 43.581187047765503 ], [ 16.789237806051208, 43.58000646536599 ], [ 16.787930427583817, 43.555377934926319 ], [ 16.779473680968749, 43.54922177240703 ], [ 16.734325423871407, 43.561730178064572 ], [ 16.732993184544863, 43.567745265599484 ] ] ] } },
{ "type": "Feature", "properties": { "population": 148, "longitude": 16.766416195347059, "latitude": 43.597824315947982, "BM": 225 }, "geometry": { "type": "Polygon", "coordinates": [ [ [ 16.763458353705751, 43.615701540777273 ], [ 16.775054956111269, 43.618040613250244 ], [ 16.776240202359734, 43.616331648279434 ], [ 16.788157268562411, 43.581187047765503 ], [ 16.747054479192968, 43.585856176376701 ], [ 16.746925056218537, 43.604082076245938 ], [ 16.763458353705751, 43.615701540777273 ] ] ] } },
{ "type": "Feature", "properties": { "population": 144, "longitude": 16.78342167162991, "latitude": 43.493095655504817, "BM": 226 }, "geometry": { "type": "Polygon", "coordinates": [ [ [ 16.762404128865768, 43.512549831359088 ], [ 16.768888958831127, 43.517721282023373 ], [ 16.817600890747606, 43.500131470389704 ], [ 16.816483298721085, 43.495553085655494 ], [ 16.785086393792618, 43.465461666605151 ], [ 16.758907585431601, 43.482912250182011 ], [ 16.759014688799009, 43.503175554272623 ], [ 16.762404128865768, 43.512549831359088 ] ] ] } },
{ "type": "Feature", "properties": { "population": 756, "longitude": 16.787162821269142, "latitude": 43.669269013192334, "BM": 227 }, "geometry": { "type": "Polygon", "coordinates": [ [ [ 16.76307565652969, 43.696395707412464 ], [ 16.813770295269638, 43.672565362203947 ], [ 16.811161732172778, 43.653407607145198 ], [ 16.787931463278479, 43.645877424319671 ], [ 16.766995471043483, 43.664805772454244 ], [ 16.762197963866011, 43.69316403360655 ], [ 16.76307565652969, 43.696395707412464 ] ] ] } },
{ "type": "Feature", "properties": { "population": 241, "longitude": 16.767047002952221, "latitude": 43.451295542566264, "BM": 228 }, "geometry": { "type": "Polygon", "coordinates": [ [ [ 16.756514549936472, 43.481504294963187 ], [ 16.758907585431601, 43.482912250182011 ], [ 16.785086393792618, 43.465461666605151 ], [ 16.789811286614583, 43.441570143335831 ], [ 16.758208266100993, 43.422798535925217 ], [ 16.747231866656666, 43.43075644371531 ], [ 16.756514549936472, 43.481504294963187 ] ] ] } },
{ "type": "Feature", "properties": { "population": 492, "longitude": 16.778531166079429, "latitude": 43.39888829810512, "BM": 229 }, "geometry": { "type": "Polygon", "coordinates": [ [ [ 16.758208266100993, 43.422798535925217 ], [ 16.789811286614583, 43.441570143335831 ], [ 16.799977475717412, 43.436116964671299 ], [ 16.791989125329941, 43.348669842515413 ], [ 16.753332236477533, 43.381600417387268 ], [ 16.758208266100993, 43.422798535925217 ] ] ] } },
{ "type": "Feature", "properties": { "population": 213, "longitude": 16.758089329340763, "latitude": 43.632051639447461, "BM": 230 }, "geometry": { "type": "Polygon", "coordinates": [ [ [ 16.730316627690208, 43.646095741924718 ], [ 16.739522735050436, 43.647927362172837 ], [ 16.779132905939299, 43.632643983755834 ], [ 16.775054956111269, 43.618040613250244 ], [ 16.763458353705751, 43.615701540777273 ], [ 16.730379170953679, 43.64596234042412 ], [ 16.730316627690208, 43.646095741924718 ] ] ] } },
{ "type": "Feature", "properties": { "population": 635, "longitude": 16.766555931943287, "latitude": 43.648261187188297, "BM": 231 }, "geometry": { "type": "Polygon", "coordinates": [ [ [ 16.766995471043483, 43.664805772454244 ], [ 16.787931463278479, 43.645877424319671 ], [ 16.779132905939299, 43.632643983755834 ], [ 16.739522735050436, 43.647927362172837 ], [ 16.766995471043483, 43.664805772454244 ] ] ] } },
{ "type": "Feature", "properties": { "population": 328, "longitude": 16.74485150018759, "latitude": 43.665923342571489, "BM": 232 }, "geometry": { "type": "Polygon", "coordinates": [ [ [ 16.716077076567082, 43.656879914400321 ], [ 16.762197963866011, 43.69316403360655 ], [ 16.766995471043483, 43.664805772454244 ], [ 16.739522735050436, 43.647927362172837 ], [ 16.730316627690208, 43.646095741924718 ], [ 16.720810344605738, 43.651095493576186 ], [ 16.716077076567082, 43.656879914400321 ] ] ] } },
{ "type": "Feature", "properties": { "population": 719, "longitude": 16.744165707408563, "latitude": 43.621339057184883, "BM": 233 }, "geometry": { "type": "Polygon", "coordinates": [ [ [ 16.730379170953679, 43.64596234042412 ], [ 16.763458353705751, 43.615701540777273 ], [ 16.746925056218537, 43.604082076245938 ], [ 16.735681330584974, 43.60989175722726 ], [ 16.730379170953679, 43.64596234042412 ] ] ] } },
{ "type": "Feature", "properties": { "population": 1120, "longitude": 16.724177687229247, "latitude": 43.627295329195618, "BM": 234 }, "geometry": { "type": "Polygon", "coordinates": [ [ [ 16.720810344605738, 43.651095493576186 ], [ 16.730316627690208, 43.646095741924718 ], [ 16.730379170953679, 43.64596234042412 ], [ 16.735681330584974, 43.60989175722726 ], [ 16.726629954744855, 43.607097952743977 ], [ 16.710740753402245, 43.619995918908991 ], [ 16.720810344605738, 43.651095493576186 ] ] ] } },
{ "type": "Feature", "properties": { "population": 102, "longitude": 16.809570451136, "latitude": 43.570610777144211, "BM": 235 }, "geometry": { "type": "Polygon", "coordinates": [ [ [ 16.789237806051208, 43.58000646536599 ], [ 16.809542003296226, 43.589459750793587 ], [ 16.831296564124273, 43.584887725945286 ], [ 16.835915100618219, 43.568862839136727 ], [ 16.801766849588123, 43.548948123703724 ], [ 16.787930427583817, 43.555377934926319 ], [ 16.789237806051208, 43.58000646536599 ] ] ] } },
{ "type": "Feature", "properties": { "population": 295, "longitude": 16.731316981880781, "latitude": 43.589857230090544, "BM": 236 }, "geometry": { "type": "Polygon", "coordinates": [ [ [ 16.726629954744855, 43.607097952743977 ], [ 16.735681330584974, 43.60989175722726 ], [ 16.746925056218537, 43.604082076245938 ], [ 16.747054479192968, 43.585856176376701 ], [ 16.732993184544863, 43.567745265599484 ], [ 16.709907094697481, 43.584108712768469 ], [ 16.726629954744855, 43.607097952743977 ] ] ] } },
{ "type": "Feature", "properties": { "population": 61, "longitude": 18.402544226833879, "latitude": 42.467229375385863, "BM": 237 }, "geometry": { "type": "Polygon", "coordinates": [ [ [ 18.373122864273093, 42.4415921 ], [ 18.394232357393598, 42.487398640817801 ], [ 18.43450013031574, 42.486669922633801 ], [ 18.430268473986896, 42.473708802739175 ], [ 18.391305353342975, 42.4415921 ], [ 18.373122864273093, 42.4415921 ] ] ] } },
{ "type": "Feature", "properties": { "population": 53, "longitude": 16.744388091521845, "latitude": 43.452700473764445, "BM": 238 }, "geometry": { "type": "Polygon", "coordinates": [ [ [ 16.729791530464254, 43.440656769637435 ], [ 16.751322165274228, 43.479786483524386 ], [ 16.756514549936472, 43.481504294963187 ], [ 16.747231866656666, 43.43075644371531 ], [ 16.731460217826417, 43.437137866430874 ], [ 16.729791530464254, 43.440656769637435 ] ] ] } },
{ "type": "Feature", "properties": { "population": 688, "longitude": 16.73389301414641, "latitude": 43.404046682967241, "BM": 239 }, "geometry": { "type": "Polygon", "coordinates": [ [ [ 16.731460217826417, 43.437137866430874 ], [ 16.747231866656666, 43.43075644371531 ], [ 16.758208266100993, 43.422798535925217 ], [ 16.753332236477533, 43.381600417387268 ], [ 16.701442928573325, 43.378703216234861 ], [ 16.727747651477593, 43.433884244585379 ], [ 16.731460217826417, 43.437137866430874 ] ] ] } },
{ "type": "Feature", "properties": { "population": 27, "longitude": 16.736176124531951, "latitude": 43.518162378945981, "BM": 240 }, "geometry": { "type": "Polygon", "coordinates": [ [ [ 16.716702836517879, 43.535579052051311 ], [ 16.723888479216424, 43.539898823304192 ], [ 16.762404128865768, 43.512549831359088 ], [ 16.759014688799009, 43.503175554272623 ], [ 16.72105015632631, 43.506164832566398 ], [ 16.716702836517879, 43.535579052051311 ] ] ] } },
{ "type": "Feature", "properties": { "population": 272, "longitude": 16.730438264975877, "latitude": 43.46482542193197, "BM": 241 }, "geometry": { "type": "Polygon", "coordinates": [ [ [ 16.715192914034724, 43.478219535456944 ], [ 16.751322165274228, 43.479786483524386 ], [ 16.729791530464254, 43.440656769637435 ], [ 16.718623213789233, 43.452362608458749 ], [ 16.715192914034724, 43.478219535456944 ] ] ] } },
{ "type": "Feature", "properties": { "population": 118, "longitude": 16.703063789723508, "latitude": 43.466873820890058, "BM": 242 }, "geometry": { "type": "Polygon", "coordinates": [ [ [ 16.689614564362927, 43.459108846970963 ], [ 16.688897745204844, 43.485516094236765 ], [ 16.708433888335083, 43.483661611966895 ], [ 16.715192914034724, 43.478219535456944 ], [ 16.718623213789233, 43.452362608458749 ], [ 16.703678496133783, 43.447300970701328 ], [ 16.695586217586509, 43.45176327841385 ], [ 16.689614564362927, 43.459108846970963 ] ] ] } },
{ "type": "Feature", "properties": { "population": 164, "longitude": 17.515307012945662, "latitude": 42.943255224120314, "BM": 243 }, "geometry": { "type": "Polygon", "coordinates": [ [ [ 17.487613856950137, 42.947268341982834 ], [ 17.537650936507461, 42.974098230348559 ], [ 17.537450106158943, 42.925676238187819 ], [ 17.491214685044721, 42.922664105063419 ], [ 17.48699022768346, 42.928796635027197 ], [ 17.487613856950137, 42.947268341982834 ] ] ] } },
{ "type": "Feature", "properties": { "population": 777, "longitude": 16.735658732896464, "latitude": 43.157213006666701, "BM": 244 }, "geometry": { "type": "Polygon", "coordinates": [ [ [ 16.73882019760919, 43.22324001258437 ], [ 16.755903696879528, 43.222826890542208 ], [ 16.754709593916491, 43.084745732171577 ], [ 16.698758859892642, 43.143182932513703 ], [ 16.73882019760919, 43.22324001258437 ] ] ] } },
{ "type": "Feature", "properties": { "population": 1339, "longitude": 16.697920338404348, "latitude": 43.444686902193077, "BM": 245 }, "geometry": { "type": "Polygon", "coordinates": [ [ [ 16.695586217586509, 43.45176327841385 ], [ 16.703678496133783, 43.447300970701328 ], [ 16.699002611798875, 43.435732593442061 ], [ 16.693268069555618, 43.443599005530302 ], [ 16.693201805012485, 43.443822281983103 ], [ 16.693328206974282, 43.448543655632292 ], [ 16.695586217586509, 43.45176327841385 ] ] ] } },
{ "type": "Feature", "properties": { "population": 64, "longitude": 16.795539414000125, "latitude": 43.600912970708407, "BM": 246 }, "geometry": { "type": "Polygon", "coordinates": [ [ [ 16.788157268562411, 43.581187047765503 ], [ 16.776240202359734, 43.616331648279434 ], [ 16.812809907758918, 43.613826806773886 ], [ 16.809542003296226, 43.589459750793587 ], [ 16.789237806051208, 43.58000646536599 ], [ 16.788157268562411, 43.581187047765503 ] ] ] } },
{ "type": "Feature", "properties": { "population": 692, "longitude": 16.429022704934834, "latitude": 43.509047704851241, "BM": 247 }, "geometry": { "type": "Polygon", "coordinates": [ [ [ 16.432930839558786, 43.504083822958883 ], [ 16.422760300862539, 43.511673410929298 ], [ 16.42241046471646, 43.512975882677381 ], [ 16.433035463251393, 43.509912246419468 ], [ 16.433186025390551, 43.507613686416271 ], [ 16.432930839558786, 43.504083822958883 ] ] ] } },
{ "type": "Feature", "properties": { "population": 691, "longitude": 16.437265225381395, "latitude": 43.50333703409698, "BM": 248 }, "geometry": { "type": "Polygon", "coordinates": [ [ [ 16.433186025390551, 43.507613686416271 ], [ 16.437737324586109, 43.510342350104693 ], [ 16.438298665929491, 43.51009067873153 ], [ 16.440946530449281, 43.505940657264347 ], [ 16.441172050586271, 43.503026520853702 ], [ 16.438246084199452, 43.493856625870443 ], [ 16.432930839558786, 43.504083822958883 ], [ 16.433186025390551, 43.507613686416271 ] ] ] } },
{ "type": "Feature", "properties": { "population": 796, "longitude": 16.426732099957285, "latitude": 43.514801592015459, "BM": 249 }, "geometry": { "type": "Polygon", "coordinates": [ [ [ 16.41898458526509, 43.520637432479241 ], [ 16.428864632558685, 43.517064921805158 ], [ 16.434736935442299, 43.512293311329707 ], [ 16.434769301515523, 43.512152018462011 ], [ 16.433035463251393, 43.509912246419468 ], [ 16.42241046471646, 43.512975882677381 ], [ 16.41898458526509, 43.520637432479241 ] ] ] } },
{ "type": "Feature", "properties": { "population": 781, "longitude": 16.399854969929578, "latitude": 43.477618123612721, "BM": 250 }, "geometry": { "type": "Polygon", "coordinates": [ [ [ 16.412057069534935, 43.424461908634058 ], [ 16.378825747015014, 43.440352084866966 ], [ 16.374538879365865, 43.507006518314448 ], [ 16.386374697977057, 43.516128172108488 ], [ 16.392189397208163, 43.520391622740611 ], [ 16.407701704822546, 43.527785541835854 ], [ 16.413922414926589, 43.526955903385492 ], [ 16.41898458526509, 43.520637432479241 ], [ 16.42241046471646, 43.512975882677381 ], [ 16.422760300862539, 43.511673410929298 ], [ 16.417803135855571, 43.427588224804175 ], [ 16.412057069534935, 43.424461908634058 ] ] ] } },
{ "type": "Feature", "properties": { "population": 623, "longitude": 16.42829744490917, "latitude": 43.467839160822152, "BM": 251 }, "geometry": { "type": "Polygon", "coordinates": [ [ [ 16.438246084199452, 43.493856625870443 ], [ 16.438167459872659, 43.486569938315853 ], [ 16.436114473672294, 43.435964384073422 ], [ 16.417803135855571, 43.427588224804175 ], [ 16.422760300862539, 43.511673410929298 ], [ 16.432930839558786, 43.504083822958883 ], [ 16.438246084199452, 43.493856625870443 ] ] ] } },
{ "type": "Feature", "properties": { "population": 813, "longitude": 16.434902933098325, "latitude": 43.510006018970266, "BM": 252 }, "geometry": { "type": "Polygon", "coordinates": [ [ [ 16.433035463251393, 43.509912246419468 ], [ 16.434769301515523, 43.512152018462011 ], [ 16.437737324586109, 43.510342350104693 ], [ 16.433186025390551, 43.507613686416271 ], [ 16.433035463251393, 43.509912246419468 ] ] ] } },
{ "type": "Feature", "properties": { "population": 462, "longitude": 16.440902456037925, "latitude": 43.510742714978157, "BM": 253 }, "geometry": { "type": "Polygon", "coordinates": [ [ [ 16.440008149438022, 43.514854211491198 ], [ 16.440531336095461, 43.51495100664733 ], [ 16.443832260044463, 43.51167945634689 ], [ 16.440946530449281, 43.505940657264347 ], [ 16.438298665929491, 43.51009067873153 ], [ 16.440008149438022, 43.514854211491198 ] ] ] } },
{ "type": "Feature", "properties": { "population": 608, "longitude": 16.444512622784895, "latitude": 43.508227538416961, "BM": 254 }, "geometry": { "type": "Polygon", "coordinates": [ [ [ 16.441172050586271, 43.503026520853702 ], [ 16.440946530449281, 43.505940657264347 ], [ 16.443832260044463, 43.51167945634689 ], [ 16.445355710850755, 43.512358543426153 ], [ 16.447934723673793, 43.511695164506179 ], [ 16.448426612826236, 43.511238514097251 ], [ 16.448724946033412, 43.510378414860035 ], [ 16.444988853521181, 43.50536752429106 ], [ 16.441172050586271, 43.503026520853702 ] ] ] } },
{ "type": "Feature", "properties": { "population": 408, "longitude": 16.641811450276659, "latitude": 43.181555842079717, "BM": 255 }, "geometry": { "type": "Polygon", "coordinates": [ [ [ 16.637280855324015, 43.215355703892016 ], [ 16.661813378279124, 43.168073478641716 ], [ 16.657828850571825, 43.165749207138276 ], [ 16.629018151010669, 43.158928156615112 ], [ 16.631460937627885, 43.20043939899471 ], [ 16.637280855324015, 43.215355703892016 ] ] ] } },
{ "type": "Feature", "properties": { "population": 787, "longitude": 16.442934040879237, "latitude": 43.498318000116015, "BM": 256 }, "geometry": { "type": "Polygon", "coordinates": [ [ [ 16.444988853521181, 43.50536752429106 ], [ 16.44595697184916, 43.505489209557084 ], [ 16.450298965732035, 43.505182831795764 ], [ 16.438167459872659, 43.486569938315853 ], [ 16.438246084199452, 43.493856625870443 ], [ 16.441172050586271, 43.503026520853702 ], [ 16.444988853521181, 43.50536752429106 ] ] ] } },
{ "type": "Feature", "properties": { "population": 615, "longitude": 16.429097031297509, "latitude": 43.525505562183653, "BM": 257 }, "geometry": { "type": "Polygon", "coordinates": [ [ [ 16.413922414926589, 43.526955903385492 ], [ 16.42032038012869, 43.529680278571682 ], [ 16.440018929161834, 43.53524145355901 ], [ 16.440087653310897, 43.529813858358018 ], [ 16.43768696837726, 43.520718747831232 ], [ 16.435823610157453, 43.517258265726944 ], [ 16.428864632558685, 43.517064921805158 ], [ 16.41898458526509, 43.520637432479241 ], [ 16.413922414926589, 43.526955903385492 ] ] ] } },
{ "type": "Feature", "properties": { "population": 1212, "longitude": 16.4355254515803, "latitude": 43.554361394767653, "BM": 258 }, "geometry": { "type": "Polygon", "coordinates": [ [ [ 16.438803953888609, 43.581875864066561 ], [ 16.446771705650789, 43.57444741985811 ], [ 16.444012067643666, 43.538088183701781 ], [ 16.440018929161834, 43.53524145355901 ], [ 16.42032038012869, 43.529680278571682 ], [ 16.433541402814473, 43.580018915825917 ], [ 16.438803953888609, 43.581875864066561 ] ] ] } },
{ "type": "Feature", "properties": { "population": 2432, "longitude": 16.419935037189074, "latitude": 43.553417267917197, "BM": 259 }, "geometry": { "type": "Polygon", "coordinates": [ [ [ 16.418214814763857, 43.575702803386378 ], [ 16.433541402814473, 43.580018915825917 ], [ 16.42032038012869, 43.529680278571682 ], [ 16.413922414926589, 43.526955903385492 ], [ 16.407701704822546, 43.527785541835854 ], [ 16.407895442189343, 43.530264662412399 ], [ 16.418214814763857, 43.575702803386378 ] ] ] } },
{ "type": "Feature", "properties": { "population": 1039, "longitude": 17.171558091827748, "latitude": 42.827950345714214, "BM": 260 }, "geometry": { "type": "Polygon", "coordinates": [ [ [ 17.080342761020283, 42.762868548186994 ], [ 17.14666843140477, 42.951338068368798 ], [ 17.147320117916795, 42.951866828969578 ], [ 17.192916094669258, 42.945155305606519 ], [ 17.240720085946759, 42.928260019288651 ], [ 17.274533337681273, 42.882644416802918 ], [ 17.276033733314421, 42.865832470869087 ], [ 17.134499304412266, 42.668530754348865 ], [ 17.080342761020283, 42.762868548186994 ] ] ] } },
{ "type": "Feature", "properties": { "population": 662, "longitude": 16.433619012324915, "latitude": 43.515435361698295, "BM": 261 }, "geometry": { "type": "Polygon", "coordinates": [ [ [ 16.428864632558685, 43.517064921805158 ], [ 16.435823610157453, 43.517258265726944 ], [ 16.436899831527246, 43.515322964880852 ], [ 16.434736935442299, 43.512293311329707 ], [ 16.428864632558685, 43.517064921805158 ] ] ] } },
{ "type": "Feature", "properties": { "population": 680, "longitude": 16.440260003088358, "latitude": 43.521189518241187, "BM": 262 }, "geometry": { "type": "Polygon", "coordinates": [ [ [ 16.440087653310897, 43.529813858358018 ], [ 16.44298589231061, 43.517943672871041 ], [ 16.440531336095461, 43.51495100664733 ], [ 16.440008149438022, 43.514854211491198 ], [ 16.439998840421456, 43.514858465440234 ], [ 16.43768696837726, 43.520718747831232 ], [ 16.440087653310897, 43.529813858358018 ] ] ] } },
{ "type": "Feature", "properties": { "population": 855, "longitude": 16.43777739851545, "latitude": 43.517206873855109, "BM": 263 }, "geometry": { "type": "Polygon", "coordinates": [ [ [ 16.43768696837726, 43.520718747831232 ], [ 16.439998840421456, 43.514858465440234 ], [ 16.436899831527246, 43.515322964880852 ], [ 16.435823610157453, 43.517258265726944 ], [ 16.43768696837726, 43.520718747831232 ] ] ] } },
{ "type": "Feature", "properties": { "population": 40, "longitude": 16.408237445416045, "latitude": 43.608912976141767, "BM": 264 }, "geometry": { "type": "Polygon", "coordinates": [ [ [ 16.365352047481938, 43.605528601028531 ], [ 16.380459505200406, 43.62803440137764 ], [ 16.421683823245381, 43.650659836405104 ], [ 16.442453231634445, 43.621730428672606 ], [ 16.438803953888609, 43.581875864066561 ], [ 16.433541402814473, 43.580018915825917 ], [ 16.418214814763857, 43.575702803386378 ], [ 16.390528508203502, 43.578511929507805 ], [ 16.384331080118539, 43.581110332381662 ], [ 16.365352047481938, 43.605528601028531 ] ] ] } },
{ "type": "Feature", "properties": { "population": 471, "longitude": 16.457268481416332, "latitude": 43.554594338500543, "BM": 265 }, "geometry": { "type": "Polygon", "coordinates": [ [ [ 16.444012067643666, 43.538088183701781 ], [ 16.446771705650789, 43.57444741985811 ], [ 16.471695436820152, 43.568960582808195 ], [ 16.473025154559632, 43.560461691860333 ], [ 16.465195927814843, 43.538011919618405 ], [ 16.449797030059603, 43.534194666643295 ], [ 16.444012067643666, 43.538088183701781 ] ] ] } },
{ "type": "Feature", "properties": { "population": 100, "longitude": 16.464449983666039, "latitude": 43.597755169213443, "BM": 266 }, "geometry": { "type": "Polygon", "coordinates": [ [ [ 16.438803953888609, 43.581875864066561 ], [ 16.442453231634445, 43.621730428672606 ], [ 16.490430799025958, 43.623175326614962 ], [ 16.484615070051706, 43.575561603552806 ], [ 16.474361977914729, 43.569777033523472 ], [ 16.471695436820152, 43.568960582808195 ], [ 16.446771705650789, 43.57444741985811 ], [ 16.438803953888609, 43.581875864066561 ] ] ] } },
{ "type": "Feature", "properties": { "population": 379, "longitude": 16.448007523959198, "latitude": 43.768835542512534, "BM": 267 }, "geometry": { "type": "Polygon", "coordinates": [ [ [ 16.441371651750231, 43.823345361962247 ], [ 16.493787297465882, 43.764314194342177 ], [ 16.494859029569895, 43.747333692973399 ], [ 16.479556613701419, 43.734287456934304 ], [ 16.448160649170489, 43.719118079725796 ], [ 16.424043943864753, 43.726232656372275 ], [ 16.408286767446434, 43.81371177726556 ], [ 16.441371651750231, 43.823345361962247 ] ] ] } },
{ "type": "Feature", "properties": { "population": 141, "longitude": 16.404342941428286, "latitude": 43.75862939323347, "BM": 268 }, "geometry": { "type": "Polygon", "coordinates": [ [ [ 16.401285189898449, 43.813321173782299 ], [ 16.408286767446434, 43.81371177726556 ], [ 16.424043943864753, 43.726232656372275 ], [ 16.403311109166825, 43.714926277018122 ], [ 16.383991507283056, 43.745625052044829 ], [ 16.401285189898449, 43.813321173782299 ] ] ] } },
{ "type": "Feature", "properties": { "population": 194, "longitude": 16.421776929527805, "latitude": 43.693525183185393, "BM": 269 }, "geometry": { "type": "Polygon", "coordinates": [ [ [ 16.403311109166825, 43.714926277018122 ], [ 16.424043943864753, 43.726232656372275 ], [ 16.448160649170489, 43.719118079725796 ], [ 16.436173920105347, 43.664955608373432 ], [ 16.42194975954542, 43.652392715994665 ], [ 16.392275751240298, 43.692469184436924 ], [ 16.403311109166825, 43.714926277018122 ] ] ] } },
{ "type": "Feature", "properties": { "population": 439, "longitude": 16.458822008702043, "latitude": 43.697188716674425, "BM": 270 }, "geometry": { "type": "Polygon", "coordinates": [ [ [ 16.448160649170489, 43.719118079725796 ], [ 16.479556613701419, 43.734287456934304 ], [ 16.470123012315419, 43.672319769412752 ], [ 16.436173920105347, 43.664955608373432 ], [ 16.448160649170489, 43.719118079725796 ] ] ] } },
{ "type": "Feature", "properties": { "population": 382, "longitude": 16.489735647068279, "latitude": 43.704346719710649, "BM": 271 }, "geometry": { "type": "Polygon", "coordinates": [ [ [ 16.494859029569895, 43.747333692973399 ], [ 16.508170095378041, 43.732734660858647 ], [ 16.500137790444832, 43.675973081851538 ], [ 16.497598554795971, 43.664482651278171 ], [ 16.470123012315419, 43.672319769412752 ], [ 16.479556613701419, 43.734287456934304 ], [ 16.494859029569895, 43.747333692973399 ] ] ] } },
{ "type": "Feature", "properties": { "population": 165, "longitude": 16.394432195370353, "latitude": 43.857611325921127, "BM": 272 }, "geometry": { "type": "Polygon", "coordinates": [ [ [ 16.355992574805342, 43.904832651111199 ], [ 16.398679009707077, 43.897739349353998 ], [ 16.432451832008393, 43.873598145262008 ], [ 16.444050414239193, 43.828110976724474 ], [ 16.441371651750231, 43.823345361962247 ], [ 16.408286767446434, 43.81371177726556 ], [ 16.401285189898449, 43.813321173782299 ], [ 16.378448204758151, 43.818903763141478 ], [ 16.346991601827725, 43.863978811251016 ], [ 16.355992574805342, 43.904832651111199 ] ] ] } },
{ "type": "Feature", "properties": { "population": 1325, "longitude": 16.397079597339829, "latitude": 43.539080587998427, "BM": 273 }, "geometry": { "type": "Polygon", "coordinates": [ [ [ 16.391800573738877, 43.566824818711623 ], [ 16.407895442189343, 43.530264662412399 ], [ 16.407701704822546, 43.527785541835854 ], [ 16.392189397208163, 43.520391622740611 ], [ 16.390545273272586, 43.54940884602631 ], [ 16.391800573738877, 43.566824818711623 ] ] ] } },
{ "type": "Feature", "properties": { "population": 1485, "longitude": 16.404673572096545, "latitude": 43.561199817798602, "BM": 274 }, "geometry": { "type": "Polygon", "coordinates": [ [ [ 16.390528508203502, 43.578511929507805 ], [ 16.418214814763857, 43.575702803386378 ], [ 16.407895442189343, 43.530264662412399 ], [ 16.391800573738877, 43.566824818711623 ], [ 16.390528508203502, 43.578511929507805 ] ] ] } },
{ "type": "Feature", "properties": { "population": 88, "longitude": 16.468116034574876, "latitude": 43.645741828932216, "BM": 275 }, "geometry": { "type": "Polygon", "coordinates": [ [ [ 16.42194975954542, 43.652392715994665 ], [ 16.436173920105347, 43.664955608373432 ], [ 16.470123012315419, 43.672319769412752 ], [ 16.497598554795971, 43.664482651278171 ], [ 16.516206885664751, 43.637571296372279 ], [ 16.514973603541169, 43.635433420180327 ], [ 16.490430799025958, 43.623175326614962 ], [ 16.442453231634445, 43.621730428672606 ], [ 16.421683823245381, 43.650659836405104 ], [ 16.42194975954542, 43.652392715994665 ] ] ] } },
{ "type": "Feature", "properties": { "population": 237, "longitude": 16.503952512670452, "latitude": 43.602308564785957, "BM": 276 }, "geometry": { "type": "Polygon", "coordinates": [ [ [ 16.514973603541169, 43.635433420180327 ], [ 16.524238814719073, 43.598867420937481 ], [ 16.511464365654245, 43.577338207452378 ], [ 16.509644553440129, 43.575876098835678 ], [ 16.490926034832984, 43.574977493435902 ], [ 16.484615070051706, 43.575561603552806 ], [ 16.490430799025958, 43.623175326614962 ], [ 16.514973603541169, 43.635433420180327 ] ] ] } },
{ "type": "Feature", "properties": { "population": 168, "longitude": 16.378684104708832, "latitude": 43.666784785519262, "BM": 277 }, "geometry": { "type": "Polygon", "coordinates": [ [ [ 16.340365666007479, 43.696997799062828 ], [ 16.342003620645347, 43.698600321194917 ], [ 16.392275751240298, 43.692469184436924 ], [ 16.42194975954542, 43.652392715994665 ], [ 16.421683823245381, 43.650659836405104 ], [ 16.380459505200406, 43.62803440137764 ], [ 16.3384942251488, 43.680040321332946 ], [ 16.340365666007479, 43.696997799062828 ] ] ] } },
{ "type": "Feature", "properties": { "population": 158, "longitude": 16.384299335324876, "latitude": 43.910482239919375, "BM": 278 }, "geometry": { "type": "Polygon", "coordinates": [ [ [ 16.387912175178595, 43.920759810681602 ], [ 16.413400504839998, 43.920187593045512 ], [ 16.398679009707077, 43.897739349353998 ], [ 16.355992574805342, 43.904832651111199 ], [ 16.355609853600082, 43.915201997894826 ], [ 16.387912175178595, 43.920759810681602 ] ] ] } },
{ "type": "Feature", "properties": { "population": 223, "longitude": 16.420396467410839, "latitude": 43.901596282886658, "BM": 279 }, "geometry": { "type": "Polygon", "coordinates": [ [ [ 16.413400504839998, 43.920187593045512 ], [ 16.432330885639804, 43.925223198336532 ], [ 16.433349879321206, 43.922494697350409 ], [ 16.432451832008393, 43.873598145262008 ], [ 16.398679009707077, 43.897739349353998 ], [ 16.413400504839998, 43.920187593045512 ] ] ] } },
{ "type": "Feature", "properties": { "population": 1435, "longitude": 16.388286275808237, "latitude": 43.533852322740344, "BM": 280 }, "geometry": { "type": "Polygon", "coordinates": [ [ [ 16.384324002250644, 43.549310992331819 ], [ 16.390545273272586, 43.54940884602631 ], [ 16.392189397208163, 43.520391622740611 ], [ 16.386374697977057, 43.516128172108488 ], [ 16.384324002250644, 43.549310992331819 ] ] ] } },
{ "type": "Feature", "properties": { "population": 775, "longitude": 16.38503766802928, "latitude": 43.564183452893069, "BM": 281 }, "geometry": { "type": "Polygon", "coordinates": [ [ [ 16.384331080118539, 43.581110332381662 ], [ 16.390528508203502, 43.578511929507805 ], [ 16.391800573738877, 43.566824818711623 ], [ 16.390545273272586, 43.54940884602631 ], [ 16.384324002250644, 43.549310992331819 ], [ 16.375786334642811, 43.558058288896113 ], [ 16.380226546411617, 43.573369913395574 ], [ 16.384331080118539, 43.581110332381662 ] ] ] } },
{ "type": "Feature", "properties": { "population": 98, "longitude": 16.373592192446178, "latitude": 43.714834142903975, "BM": 282 }, "geometry": { "type": "Polygon", "coordinates": [ [ [ 16.383991507283056, 43.745625052044829 ], [ 16.403311109166825, 43.714926277018122 ], [ 16.392275751240298, 43.692469184436924 ], [ 16.342003620645347, 43.698600321194917 ], [ 16.343650474841343, 43.718547108924412 ], [ 16.383991507283056, 43.745625052044829 ] ] ] } },
{ "type": "Feature", "properties": { "population": 264, "longitude": 16.367628603486253, "latitude": 43.769868353732448, "BM": 283 }, "geometry": { "type": "Polygon", "coordinates": [ [ [ 16.378448204758151, 43.818903763141478 ], [ 16.401285189898449, 43.813321173782299 ], [ 16.383991507283056, 43.745625052044829 ], [ 16.343650474841343, 43.718547108924412 ], [ 16.33265275327674, 43.74873652902631 ], [ 16.370549799542815, 43.813168176143243 ], [ 16.378448204758151, 43.818903763141478 ] ] ] } },
{ "type": "Feature", "properties": { "population": 207, "longitude": 16.538940494459116, "latitude": 43.95867192280263, "BM": 284 }, "geometry": { "type": "Polygon", "coordinates": [ [ [ 16.432330885639804, 43.925223198336532 ], [ 16.432964516966209, 43.930535719841536 ], [ 16.664253245909386, 44.058011111577706 ], [ 16.527656065957572, 43.892165536079396 ], [ 16.433349879321206, 43.922494697350409 ], [ 16.432330885639804, 43.925223198336532 ] ] ] } },
{ "type": "Feature", "properties": { "population": 53, "longitude": 16.467203446021809, "latitude": 43.88017028958744, "BM": 285 }, "geometry": { "type": "Polygon", "coordinates": [ [ [ 16.432451832008393, 43.873598145262008 ], [ 16.433349879321206, 43.922494697350409 ], [ 16.527656065957572, 43.892165536079396 ], [ 16.524198704759435, 43.886189174680375 ], [ 16.444050414239193, 43.828110976724474 ], [ 16.432451832008393, 43.873598145262008 ] ] ] } },
{ "type": "Feature", "properties": { "population": 2168, "longitude": 16.375990739744925, "latitude": 43.530315374692407, "BM": 286 }, "geometry": { "type": "Polygon", "coordinates": [ [ [ 16.364857214253686, 43.52981454542207 ], [ 16.375786334642811, 43.558058288896113 ], [ 16.384324002250644, 43.549310992331819 ], [ 16.386374697977057, 43.516128172108488 ], [ 16.374538879365865, 43.507006518314448 ], [ 16.363748721982091, 43.518274784361274 ], [ 16.364857214253686, 43.52981454542207 ] ] ] } },
{ "type": "Feature", "properties": { "population": 1403, "longitude": 16.367305955139351, "latitude": 43.553380685149214, "BM": 287 }, "geometry": { "type": "Polygon", "coordinates": [ [ [ 16.355851177604972, 43.556900510982778 ], [ 16.380226546411617, 43.573369913395574 ], [ 16.375786334642811, 43.558058288896113 ], [ 16.364857214253686, 43.52981454542207 ], [ 16.355851177604972, 43.556900510982778 ] ] ] } },
{ "type": "Feature", "properties": { "population": 1526, "longitude": 16.354848212543939, "latitude": 43.536972723472594, "BM": 288 }, "geometry": { "type": "Polygon", "coordinates": [ [ [ 16.345027231218456, 43.550920975703747 ], [ 16.3545917695347, 43.55771449933674 ], [ 16.355851177604972, 43.556900510982778 ], [ 16.364857214253686, 43.52981454542207 ], [ 16.363748721982091, 43.518274784361274 ], [ 16.349137325290442, 43.523154299074143 ], [ 16.345027231218456, 43.550920975703747 ] ] ] } },
{ "type": "Feature", "properties": { "population": 1041, "longitude": 16.343809704786615, "latitude": 43.479482956073475, "BM": 289 }, "geometry": { "type": "Polygon", "coordinates": [ [ [ 16.306155421734928, 43.45584599769564 ], [ 16.309037032111817, 43.485711313255784 ], [ 16.324028329824579, 43.522562687090641 ], [ 16.339500821317642, 43.524554221619702 ], [ 16.349137325290442, 43.523154299074143 ], [ 16.363748721982091, 43.518274784361274 ], [ 16.374538879365865, 43.507006518314448 ], [ 16.378825747015014, 43.440352084866966 ], [ 16.374331604026185, 43.439671385525543 ], [ 16.332551111342017, 43.441826990356944 ], [ 16.306803444642675, 43.45055033486976 ], [ 16.306155421734928, 43.45584599769564 ] ] ] } },
{ "type": "Feature", "properties": { "population": 964, "longitude": 16.365602009612314, "latitude": 43.580059300167569, "BM": 290 }, "geometry": { "type": "Polygon", "coordinates": [ [ [ 16.349487960912562, 43.563807367805396 ], [ 16.361595822956058, 43.60497656845866 ], [ 16.365352047481938, 43.605528601028531 ], [ 16.384331080118539, 43.581110332381662 ], [ 16.380226546411617, 43.573369913395574 ], [ 16.355851177604972, 43.556900510982778 ], [ 16.3545917695347, 43.55771449933674 ], [ 16.349487960912562, 43.563807367805396 ] ] ] } },
{ "type": "Feature", "properties": { "population": 157, "longitude": 16.345397662211077, "latitude": 43.636461969867298, "BM": 291 }, "geometry": { "type": "Polygon", "coordinates": [ [ [ 16.311504405196704, 43.638285345009564 ], [ 16.3384942251488, 43.680040321332946 ], [ 16.380459505200406, 43.62803440137764 ], [ 16.365352047481938, 43.605528601028531 ], [ 16.361595822956058, 43.60497656845866 ], [ 16.337847071325339, 43.606298782579465 ], [ 16.311504405196704, 43.638285345009564 ] ] ] } },
{ "type": "Feature", "properties": { "population": 2507, "longitude": 16.346757400985283, "latitude": 43.557893452403285, "BM": 292 }, "geometry": { "type": "Polygon", "coordinates": [ [ [ 16.349487960912562, 43.563807367805396 ], [ 16.3545917695347, 43.55771449933674 ], [ 16.345027231218456, 43.550920975703747 ], [ 16.338877668469404, 43.559915626319793 ], [ 16.349487960912562, 43.563807367805396 ] ] ] } },
{ "type": "Feature", "properties": { "population": 1996, "longitude": 16.340299366718501, "latitude": 43.542384659037438, "BM": 293 }, "geometry": { "type": "Polygon", "coordinates": [ [ [ 16.330062524605577, 43.56108783028818 ], [ 16.338877668469404, 43.559915626319793 ], [ 16.345027231218456, 43.550920975703747 ], [ 16.349137325290442, 43.523154299074143 ], [ 16.339500821317642, 43.524554221619702 ], [ 16.330062524605577, 43.56108783028818 ] ] ] } },
{ "type": "Feature", "properties": { "population": 2249, "longitude": 16.341054191357603, "latitude": 43.584309319371755, "BM": 294 }, "geometry": { "type": "Polygon", "coordinates": [ [ [ 16.328522329085143, 43.562192958217345 ], [ 16.321938082369076, 43.587517711997478 ], [ 16.337847071325339, 43.606298782579465 ], [ 16.361595822956058, 43.60497656845866 ], [ 16.349487960912562, 43.563807367805396 ], [ 16.338877668469404, 43.559915626319793 ], [ 16.330062524605577, 43.56108783028818 ], [ 16.328522329085143, 43.562192958217345 ] ] ] } },
{ "type": "Feature", "properties": { "population": 970, "longitude": 16.464122102483611, "latitude": 43.406056369358105, "BM": 295 }, "geometry": { "type": "Polygon", "coordinates": [ [ [ 16.417803135855571, 43.427588224804175 ], [ 16.436114473672294, 43.435964384073422 ], [ 16.469752018482399, 43.445154364616819 ], [ 16.484878171998162, 43.446161894143572 ], [ 16.489102729844841, 43.445730978204914 ], [ 16.512875869289161, 43.439214441895324 ], [ 16.499910294366046, 43.366151768591784 ], [ 16.445651187758319, 43.36758474863592 ], [ 16.416627487595257, 43.384324121344356 ], [ 16.412057069534935, 43.424461908634058 ], [ 16.417803135855571, 43.427588224804175 ] ] ] } },
{ "type": "Feature", "properties": { "population": 379, "longitude": 16.448007523959198, "latitude": 43.768835542512534, "BM": 296 }, "geometry": { "type": "Polygon", "coordinates": [ [ [ 16.441371651750231, 43.823345361962247 ], [ 16.493787297465882, 43.764314194342177 ], [ 16.494859029569895, 43.747333692973399 ], [ 16.479556613701419, 43.734287456934304 ], [ 16.448160649170489, 43.719118079725796 ], [ 16.424043943864753, 43.726232656372275 ], [ 16.408286767446434, 43.81371177726556 ], [ 16.441371651750231, 43.823345361962247 ] ] ] } },
{ "type": "Feature", "properties": { "population": 376, "longitude": 16.517715090720127, "latitude": 43.385836915803011, "BM": 297 }, "geometry": { "type": "Polygon", "coordinates": [ [ [ 16.515785913508644, 43.439405186109376 ], [ 16.539738040653948, 43.358581450961445 ], [ 16.509752825219778, 43.352281465059434 ], [ 16.499910294366046, 43.366151768591784 ], [ 16.512875869289161, 43.439214441895324 ], [ 16.515785913508644, 43.439405186109376 ] ] ] } },
{ "type": "Feature", "properties": { "population": 1395, "longitude": 16.506859825873974, "latitude": 43.468876645166432, "BM": 298 }, "geometry": { "type": "Polygon", "coordinates": [ [ [ 16.50371837512672, 43.500326025289567 ], [ 16.513292996398679, 43.503815619483511 ], [ 16.517548709337483, 43.504428907460607 ], [ 16.518158218301238, 43.503653885439924 ], [ 16.518302690398496, 43.503146081828611 ], [ 16.516927799000076, 43.439688185620739 ], [ 16.515785913508644, 43.439405186109376 ], [ 16.512875869289161, 43.439214441895324 ], [ 16.489102729844841, 43.445730978204914 ], [ 16.50371837512672, 43.500326025289567 ] ] ] } },
{ "type": "Feature", "properties": { "population": 1582, "longitude": 16.493029152753198, "latitude": 43.485532602025387, "BM": 299 }, "geometry": { "type": "Polygon", "coordinates": [ [ [ 16.489102729844841, 43.445730978204914 ], [ 16.484878171998162, 43.446161894143572 ], [ 16.484772682751331, 43.478022125142225 ], [ 16.489076419571973, 43.510162990169746 ], [ 16.504124969834411, 43.517569649712385 ], [ 16.50371837512672, 43.500326025289567 ], [ 16.489102729844841, 43.445730978204914 ] ] ] } },
{ "type": "Feature", "properties": { "population": 221, "longitude": 16.483331859137746, "latitude": 43.342129888075412, "BM": 300 }, "geometry": { "type": "Polygon", "coordinates": [ [ [ 16.445651187758319, 43.36758474863592 ], [ 16.499910294366046, 43.366151768591784 ], [ 16.509752825219778, 43.352281465059434 ], [ 16.493585380144104, 43.29524311148112 ], [ 16.445651187758319, 43.36758474863592 ] ] ] } },
{ "type": "Feature", "properties": { "population": 815, "longitude": 16.450989729621419, "latitude": 43.466626103463845, "BM": 301 }, "geometry": { "type": "Polygon", "coordinates": [ [ [ 16.438167459872659, 43.486569938315853 ], [ 16.450298965732035, 43.505182831795764 ], [ 16.450889496463901, 43.505390281416801 ], [ 16.453526733314014, 43.502860789607574 ], [ 16.456657163875491, 43.499024736432148 ], [ 16.468298009779652, 43.456733476490321 ], [ 16.469752018482399, 43.445154364616819 ], [ 16.436114473672294, 43.435964384073422 ], [ 16.438167459872659, 43.486569938315853 ] ] ] } },
{ "type": "Feature", "properties": { "population": 1011, "longitude": 16.476308293401623, "latitude": 43.473099184173336, "BM": 302 }, "geometry": { "type": "Polygon", "coordinates": [ [ [ 16.467753914932523, 43.481126356984198 ], [ 16.473491027857431, 43.508881058452403 ], [ 16.478474616466009, 43.507459543846053 ], [ 16.484772682751331, 43.478022125142225 ], [ 16.484878171998162, 43.446161894143572 ], [ 16.469752018482399, 43.445154364616819 ], [ 16.468298009779652, 43.456733476490321 ], [ 16.467753914932523, 43.481126356984198 ] ] ] } },
{ "type": "Feature", "properties": { "population": 903, "longitude": 18.064417075620611, "latitude": 42.542085337901419, "BM": 303 }, "geometry": { "type": "Polygon", "coordinates": [ [ [ 18.022850637432274, 42.4415921 ], [ 18.07981333369975, 42.606232143770342 ], [ 18.09382114928346, 42.639881341915093 ], [ 18.09677266216093, 42.642991489702233 ], [ 18.107018191244848, 42.645007916652965 ], [ 18.035762269041509, 42.4415921 ], [ 18.022850637432274, 42.4415921 ] ] ] } },
{ "type": "Feature", "properties": { "population": 1434, "longitude": 16.515134920692457, "latitude": 43.507363288494886, "BM": 304 }, "geometry": { "type": "Polygon", "coordinates": [ [ [ 16.513317997194751, 43.512380408329371 ], [ 16.517355984677199, 43.508596110670474 ], [ 16.517548709337483, 43.504428907460607 ], [ 16.513292996398679, 43.503815619483511 ], [ 16.513317997194751, 43.512380408329371 ] ] ] } },
{ "type": "Feature", "properties": { "population": 1474, "longitude": 16.5229170259623, "latitude": 43.508073025654106, "BM": 305 }, "geometry": { "type": "Polygon", "coordinates": [ [ [ 16.517548709337483, 43.504428907460607 ], [ 16.517355984677199, 43.508596110670474 ], [ 16.52947111286597, 43.512300533646936 ], [ 16.528431017940807, 43.508189862867525 ], [ 16.518158218301238, 43.503653885439924 ], [ 16.517548709337483, 43.504428907460607 ] ] ] } },
{ "type": "Feature", "properties": { "population": 1108, "longitude": 16.508033455261156, "latitude": 43.509705346601571, "BM": 306 }, "geometry": { "type": "Polygon", "coordinates": [ [ [ 16.505675182576628, 43.52092128893289 ], [ 16.513317997194751, 43.512380408329371 ], [ 16.513292996398679, 43.503815619483511 ], [ 16.50371837512672, 43.500326025289567 ], [ 16.504124969834411, 43.517569649712385 ], [ 16.505675182576628, 43.52092128893289 ] ] ] } },
{ "type": "Feature", "properties": { "population": 1433, "longitude": 16.492564983910984, "latitude": 43.518423724353262, "BM": 307 }, "geometry": { "type": "Polygon", "coordinates": [ [ [ 16.483998617221815, 43.525019328840898 ], [ 16.505641380340244, 43.521874183986654 ], [ 16.505792409575768, 43.521664536736402 ], [ 16.505675182576628, 43.52092128893289 ], [ 16.504124969834411, 43.517569649712385 ], [ 16.489076419571973, 43.510162990169746 ], [ 16.483132040115976, 43.515418550442128 ], [ 16.482868251425408, 43.52023447169077 ], [ 16.483998617221815, 43.525019328840898 ] ] ] } },
{ "type": "Feature", "properties": { "population": 1127, "longitude": 16.524703555191, "latitude": 43.504391706377135, "BM": 308 }, "geometry": { "type": "Polygon", "coordinates": [ [ [ 16.518158218301238, 43.503653885439924 ], [ 16.528431017940807, 43.508189862867525 ], [ 16.528211323068422, 43.501674929317389 ], [ 16.518302690398496, 43.503146081828611 ], [ 16.518158218301238, 43.503653885439924 ] ] ] } },
{ "type": "Feature", "properties": { "population": 357, "longitude": 16.520450479325941, "latitude": 43.567447315337688, "BM": 309 }, "geometry": { "type": "Polygon", "coordinates": [ [ [ 16.509644553440129, 43.575876098835678 ], [ 16.511464365654245, 43.577338207452378 ], [ 16.532188315746406, 43.566436691006089 ], [ 16.528726538969888, 43.557907927569865 ], [ 16.511849107183753, 43.565949804022473 ], [ 16.509644553440129, 43.575876098835678 ] ] ] } },
{ "type": "Feature", "properties": { "population": 370, "longitude": 16.518531202837515, "latitude": 43.555524252989741, "BM": 310 }, "geometry": { "type": "Polygon", "coordinates": [ [ [ 16.511849107183753, 43.565949804022473 ], [ 16.528726538969888, 43.557907927569865 ], [ 16.528743830078373, 43.557005588122699 ], [ 16.520527735967757, 43.546126592564534 ], [ 16.512070171318268, 43.548603855417326 ], [ 16.511849107183753, 43.565949804022473 ] ] ] } },
{ "type": "Feature", "properties": { "population": 1437, "longitude": 16.503984169514936, "latitude": 43.563073662729735, "BM": 311 }, "geometry": { "type": "Polygon", "coordinates": [ [ [ 16.50106301007899, 43.552785515532733 ], [ 16.490926034832984, 43.574977493435902 ], [ 16.509644553440129, 43.575876098835678 ], [ 16.511849107183753, 43.565949804022473 ], [ 16.512070171318268, 43.548603855417326 ], [ 16.50660425266668, 43.545363980573484 ], [ 16.505589437521138, 43.54587894654005 ], [ 16.50106301007899, 43.552785515532733 ] ] ] } },
{ "type": "Feature", "properties": { "population": 931, "longitude": 16.48389300331208, "latitude": 43.501146307874151, "BM": 312 }, "geometry": { "type": "Polygon", "coordinates": [ [ [ 16.478474616466009, 43.507459543846053 ], [ 16.479806072840724, 43.512677212853333 ], [ 16.483132040115976, 43.515418550442128 ], [ 16.489076419571973, 43.510162990169746 ], [ 16.484772682751331, 43.478022125142225 ], [ 16.478474616466009, 43.507459543846053 ] ] ] } },
{ "type": "Feature", "properties": { "population": 875, "longitude": 16.491518880062429, "latitude": 43.543386301653861, "BM": 313 }, "geometry": { "type": "Polygon", "coordinates": [ [ [ 16.494224474696566, 43.547346060729936 ], [ 16.492366731579857, 43.540365812619825 ], [ 16.48825426399554, 43.541562528475474 ], [ 16.490792744147072, 43.545185936612576 ], [ 16.494224474696566, 43.547346060729936 ] ] ] } },
{ "type": "Feature", "properties": { "population": 557, "longitude": 16.499146538146686, "latitude": 43.542873414559239, "BM": 314 }, "geometry": { "type": "Polygon", "coordinates": [ [ [ 16.494917882384868, 43.547953819610797 ], [ 16.505589437521138, 43.54587894654005 ], [ 16.50660425266668, 43.545363980573484 ], [ 16.50467690533797, 43.539085926888134 ], [ 16.494531947552943, 43.538333529620871 ], [ 16.492366731579857, 43.540365812619825 ], [ 16.494224474696566, 43.547346060729936 ], [ 16.494917882384868, 43.547953819610797 ] ] ] } },
{ "type": "Feature", "properties": { "population": 546, "longitude": 16.491227549976195, "latitude": 43.539029808286564, "BM": 315 }, "geometry": { "type": "Polygon", "coordinates": [ [ [ 16.487709384629976, 43.54127052775587 ], [ 16.48825426399554, 43.541562528475474 ], [ 16.492366731579857, 43.540365812619825 ], [ 16.494531947552943, 43.538333529620871 ], [ 16.491565618165019, 43.536107164633243 ], [ 16.487709384629976, 43.54127052775587 ] ] ] } },
{ "type": "Feature", "properties": { "population": 1027, "longitude": 16.483119733527307, "latitude": 43.545069906361071, "BM": 316 }, "geometry": { "type": "Polygon", "coordinates": [ [ [ 16.476617436427961, 43.551674108619977 ], [ 16.490792744147072, 43.545185936612576 ], [ 16.48825426399554, 43.541562528475474 ], [ 16.487709384629976, 43.54127052775587 ], [ 16.480128348711538, 43.539990593738729 ], [ 16.476617436427961, 43.551674108619977 ] ] ] } },
{ "type": "Feature", "properties": { "population": 888, "longitude": 16.481661077665485, "latitude": 43.556286606156995, "BM": 317 }, "geometry": { "type": "Polygon", "coordinates": [ [ [ 16.473025154559632, 43.560461691860333 ], [ 16.471695436820152, 43.568960582808195 ], [ 16.474361977914729, 43.569777033523472 ], [ 16.48382466691908, 43.560348530873839 ], [ 16.494917882384868, 43.547953819610797 ], [ 16.494224474696566, 43.547346060729936 ], [ 16.490792744147072, 43.545185936612576 ], [ 16.476617436427961, 43.551674108619977 ], [ 16.473025154559632, 43.560461691860333 ] ] ] } },
{ "type": "Feature", "properties": { "population": 808, "longitude": 16.495672597911192, "latitude": 43.552097683908045, "BM": 318 }, "geometry": { "type": "Polygon", "coordinates": [ [ [ 16.48382466691908, 43.560348530873839 ], [ 16.50106301007899, 43.552785515532733 ], [ 16.505589437521138, 43.54587894654005 ], [ 16.494917882384868, 43.547953819610797 ], [ 16.48382466691908, 43.560348530873839 ] ] ] } },
{ "type": "Feature", "properties": { "population": 976, "longitude": 16.499396086118292, "latitude": 43.533900285609413, "BM": 319 }, "geometry": { "type": "Polygon", "coordinates": [ [ [ 16.491565618165019, 43.536107164633243 ], [ 16.494531947552943, 43.538333529620871 ], [ 16.50467690533797, 43.539085926888134 ], [ 16.504911118634865, 43.526075738147902 ], [ 16.490667092760685, 43.534360465261223 ], [ 16.491565618165019, 43.536107164633243 ] ] ] } },
{ "type": "Feature", "properties": { "population": 921, "longitude": 16.669140310273335, "latitude": 43.649605673100204, "BM": 320 }, "geometry": { "type": "Polygon", "coordinates": [ [ [ 16.630507849418507, 43.649063571509593 ], [ 16.69535178705495, 43.677681805876553 ], [ 16.703372358164689, 43.663977342901134 ], [ 16.672784561881436, 43.622118184381179 ], [ 16.631909686157069, 43.640824486695152 ], [ 16.630507849418507, 43.649063571509593 ] ] ] } },
{ "type": "Feature", "properties": { "population": 459, "longitude": 16.487974105849979, "latitude": 43.5656282646964, "BM": 321 }, "geometry": { "type": "Polygon", "coordinates": [ [ [ 16.484615070051706, 43.575561603552806 ], [ 16.490926034832984, 43.574977493435902 ], [ 16.50106301007899, 43.552785515532733 ], [ 16.48382466691908, 43.560348530873839 ], [ 16.474361977914729, 43.569777033523472 ], [ 16.484615070051706, 43.575561603552806 ] ] ] } },
{ "type": "Feature", "properties": { "population": 987, "longitude": 16.493123652232708, "latitude": 43.52759619832721, "BM": 322 }, "geometry": { "type": "Polygon", "coordinates": [ [ [ 16.481067531163127, 43.529695471118671 ], [ 16.490667092760685, 43.534360465261223 ], [ 16.504911118634865, 43.526075738147902 ], [ 16.505641380340244, 43.521874183986654 ], [ 16.483998617221815, 43.525019328840898 ], [ 16.481067531163127, 43.529695471118671 ] ] ] } },
{ "type": "Feature", "properties": { "population": 629, "longitude": 16.477852440385067, "latitude": 43.523780403692776, "BM": 323 }, "geometry": { "type": "Polygon", "coordinates": [ [ [ 16.470485349408392, 43.51813505495803 ], [ 16.477293083852665, 43.531233989022098 ], [ 16.478809671345267, 43.531545058214135 ], [ 16.481067531163127, 43.529695471118671 ], [ 16.483998617221815, 43.525019328840898 ], [ 16.482868251425408, 43.52023447169077 ], [ 16.472202793371171, 43.517376170673764 ], [ 16.470678740594561, 43.517805885284957 ], [ 16.470485349408392, 43.51813505495803 ] ] ] } },
{ "type": "Feature", "properties": { "population": 950, "longitude": 16.47337315253607, "latitude": 43.543004252841001, "BM": 324 }, "geometry": { "type": "Polygon", "coordinates": [ [ [ 16.465195927814843, 43.538011919618405 ], [ 16.473025154559632, 43.560461691860333 ], [ 16.476617436427961, 43.551674108619977 ], [ 16.480128348711538, 43.539990593738729 ], [ 16.478809671345267, 43.531545058214135 ], [ 16.477293083852665, 43.531233989022098 ], [ 16.47445010684153, 43.5314305331339 ], [ 16.465195927814843, 43.538011919618405 ] ] ] } },
{ "type": "Feature", "properties": { "population": 1263, "longitude": 16.476551513714956, "latitude": 43.510477071918537, "BM": 325 }, "geometry": { "type": "Polygon", "coordinates": [ [ [ 16.473160255625775, 43.509277102104612 ], [ 16.473124258073558, 43.510928070812668 ], [ 16.475973519890879, 43.513170872248423 ], [ 16.479806072840724, 43.512677212853333 ], [ 16.478474616466009, 43.507459543846053 ], [ 16.473491027857431, 43.508881058452403 ], [ 16.473160255625775, 43.509277102104612 ] ] ] } },
{ "type": "Feature", "properties": { "population": 1061, "longitude": 16.478566814552988, "latitude": 43.516330034533375, "BM": 326 }, "geometry": { "type": "Polygon", "coordinates": [ [ [ 16.482868251425408, 43.52023447169077 ], [ 16.483132040115976, 43.515418550442128 ], [ 16.479806072840724, 43.512677212853333 ], [ 16.475973519890879, 43.513170872248423 ], [ 16.472202793371171, 43.517376170673764 ], [ 16.482868251425408, 43.52023447169077 ] ] ] } },
{ "type": "Feature", "properties": { "population": 609, "longitude": 16.470389046455988, "latitude": 43.510536480564745, "BM": 327 }, "geometry": { "type": "Polygon", "coordinates": [ [ [ 16.468186294173314, 43.509677759734302 ], [ 16.468466884422511, 43.512628548417993 ], [ 16.469389422218025, 43.513453335883952 ], [ 16.473124258073558, 43.510928070812668 ], [ 16.473160255625775, 43.509277102104612 ], [ 16.469046160430427, 43.507970235310609 ], [ 16.468186294173314, 43.509677759734302 ] ] ] } },
{ "type": "Feature", "properties": { "population": 1092, "longitude": 16.469745381261973, "latitude": 43.498285019437461, "BM": 328 }, "geometry": { "type": "Polygon", "coordinates": [ [ [ 16.467167499638126, 43.489207429121329 ], [ 16.469046160430427, 43.507970235310609 ], [ 16.473160255625775, 43.509277102104612 ], [ 16.473491027857431, 43.508881058452403 ], [ 16.467753914932523, 43.481126356984198 ], [ 16.467167499638126, 43.489207429121329 ] ] ] } },
{ "type": "Feature", "properties": { "population": 1566, "longitude": 16.472361882492621, "latitude": 43.514213909974195, "BM": 329 }, "geometry": { "type": "Polygon", "coordinates": [ [ [ 16.470678740594561, 43.517805885284957 ], [ 16.472202793371171, 43.517376170673764 ], [ 16.475973519890879, 43.513170872248423 ], [ 16.473124258073558, 43.510928070812668 ], [ 16.469389422218025, 43.513453335883952 ], [ 16.470678740594561, 43.517805885284957 ] ] ] } },
{ "type": "Feature", "properties": { "population": 1690, "longitude": 16.408044052725447, "latitude": 43.106034967529759, "BM": 330 }, "geometry": { "type": "Polygon", "coordinates": [ [ [ 16.449300841791406, 42.898007085275516 ], [ 16.323069435012854, 43.109177848569153 ], [ 16.281950660140833, 43.200030274239225 ], [ 16.372928018888924, 43.250801348384094 ], [ 16.431626767360282, 43.248768599455808 ], [ 16.504932079460993, 43.104211334461596 ], [ 16.465657523395016, 42.918969273157181 ], [ 16.449300841791406, 42.898007085275516 ] ] ] } },
{ "type": "Feature", "properties": { "population": 673, "longitude": 16.46096472990704, "latitude": 43.508463766514929, "BM": 331 }, "geometry": { "type": "Polygon", "coordinates": [ [ [ 16.463004166637205, 43.509103247830332 ], [ 16.46371903645138, 43.505303449533635 ], [ 16.463852935049328, 43.50375168524581 ], [ 16.457132946155454, 43.509825480795101 ], [ 16.460297623148858, 43.51209363118798 ], [ 16.463004166637205, 43.509103247830332 ] ] ] } },
{ "type": "Feature", "properties": { "population": 833, "longitude": 16.464619198768208, "latitude": 43.508028200439597, "BM": 332 }, "geometry": { "type": "Polygon", "coordinates": [ [ [ 16.464389344155233, 43.509437621261497 ], [ 16.467099340069769, 43.509461711114689 ], [ 16.46371903645138, 43.505303449533635 ], [ 16.463004166637205, 43.509103247830332 ], [ 16.464389344155233, 43.509437621261497 ] ] ] } },
{ "type": "Feature", "properties": { "population": 541, "longitude": 16.463207899012673, "latitude": 43.511951444157908, "BM": 333 }, "geometry": { "type": "Polygon", "coordinates": [ [ [ 16.460297623148858, 43.51209363118798 ], [ 16.461082404201225, 43.514401699156444 ], [ 16.461294655020364, 43.514524285097984 ], [ 16.466601524869791, 43.512885790918482 ], [ 16.464389344155233, 43.509437621261497 ], [ 16.463004166637205, 43.509103247830332 ], [ 16.460297623148858, 43.51209363118798 ] ] ] } },
{ "type": "Feature", "properties": { "population": 877, "longitude": 16.466619196616147, "latitude": 43.501718007223559, "BM": 334 }, "geometry": { "type": "Polygon", "coordinates": [ [ [ 16.463852935049328, 43.50375168524581 ], [ 16.46371903645138, 43.505303449533635 ], [ 16.467099340069769, 43.509461711114689 ], [ 16.468186294173314, 43.509677759734302 ], [ 16.469046160430427, 43.507970235310609 ], [ 16.467167499638126, 43.489207429121329 ], [ 16.463852935049328, 43.50375168524581 ] ] ] } },
{ "type": "Feature", "properties": { "population": 847, "longitude": 16.463049509188377, "latitude": 43.48837459544896, "BM": 335 }, "geometry": { "type": "Polygon", "coordinates": [ [ [ 16.468298009779652, 43.456733476490321 ], [ 16.456657163875491, 43.499024736432148 ], [ 16.456745107431683, 43.509624972170982 ], [ 16.457132946155454, 43.509825480795101 ], [ 16.463852935049328, 43.50375168524581 ], [ 16.467167499638126, 43.489207429121329 ], [ 16.467753914932523, 43.481126356984198 ], [ 16.468298009779652, 43.456733476490321 ] ] ] } },
{ "type": "Feature", "properties": { "population": 670, "longitude": 16.456823981679797, "latitude": 43.51414779894742, "BM": 336 }, "geometry": { "type": "Polygon", "coordinates": [ [ [ 16.454253551103822, 43.519787971222954 ], [ 16.461082404201225, 43.514401699156444 ], [ 16.460297623148858, 43.51209363118798 ], [ 16.457132946155454, 43.509825480795101 ], [ 16.456745107431683, 43.509624972170982 ], [ 16.455459239707753, 43.510044837578199 ], [ 16.453792801435121, 43.512717923295931 ], [ 16.454253551103822, 43.519787971222954 ] ] ] } },
{ "type": "Feature", "properties": { "population": 711, "longitude": 16.46680273157726, "latitude": 43.510950149373066, "BM": 337 }, "geometry": { "type": "Polygon", "coordinates": [ [ [ 16.468466884422511, 43.512628548417993 ], [ 16.468186294173314, 43.509677759734302 ], [ 16.467099340069769, 43.509461711114689 ], [ 16.464389344155233, 43.509437621261497 ], [ 16.466601524869791, 43.512885790918482 ], [ 16.468466884422511, 43.512628548417993 ] ] ] } },
{ "type": "Feature", "properties": { "population": 719, "longitude": 16.466403476179426, "latitude": 43.51622889874649, "BM": 338 }, "geometry": { "type": "Polygon", "coordinates": [ [ [ 16.466601524869791, 43.512885790918482 ], [ 16.461294655020364, 43.514524285097984 ], [ 16.465286779683268, 43.520439079997033 ], [ 16.470485349408392, 43.51813505495803 ], [ 16.470678740594561, 43.517805885284957 ], [ 16.469389422218025, 43.513453335883952 ], [ 16.468466884422511, 43.512628548417993 ], [ 16.466601524869791, 43.512885790918482 ] ] ] } },
{ "type": "Feature", "properties": { "population": 1029, "longitude": 16.458721489152808, "latitude": 43.522114069383193, "BM": 339 }, "geometry": { "type": "Polygon", "coordinates": [ [ [ 16.452987458795704, 43.529339406522048 ], [ 16.463399718698017, 43.525308483445556 ], [ 16.465286779683268, 43.520439079997033 ], [ 16.461294655020364, 43.514524285097984 ], [ 16.461082404201225, 43.514401699156444 ], [ 16.454253551103822, 43.519787971222954 ], [ 16.453031215352475, 43.521814550134891 ], [ 16.452987458795704, 43.529339406522048 ] ] ] } },
{ "type": "Feature", "properties": { "population": 896, "longitude": 16.470074173342997, "latitude": 43.524954632195737, "BM": 340 }, "geometry": { "type": "Polygon", "coordinates": [ [ [ 16.463399718698017, 43.525308483445556 ], [ 16.47445010684153, 43.5314305331339 ], [ 16.477293083852665, 43.531233989022098 ], [ 16.470485349408392, 43.51813505495803 ], [ 16.465286779683268, 43.520439079997033 ], [ 16.463399718698017, 43.525308483445556 ] ] ] } },
{ "type": "Feature", "properties": { "population": 911, "longitude": 16.462021071413904, "latitude": 43.531863786919466, "BM": 341 }, "geometry": { "type": "Polygon", "coordinates": [ [ [ 16.449797030059603, 43.534194666643295 ], [ 16.465195927814843, 43.538011919618405 ], [ 16.47445010684153, 43.5314305331339 ], [ 16.463399718698017, 43.525308483445556 ], [ 16.452987458795704, 43.529339406522048 ], [ 16.449797030059603, 43.534194666643295 ] ] ] } },
{ "type": "Feature", "properties": { "population": 494, "longitude": 16.452100435419325, "latitude": 43.506287627631188, "BM": 342 }, "geometry": { "type": "Polygon", "coordinates": [ [ [ 16.450889496463901, 43.505390281416801 ], [ 16.450824895086612, 43.50766766313221 ], [ 16.451085486101441, 43.508648579019116 ], [ 16.452657225654871, 43.508970140323882 ], [ 16.453526733314014, 43.502860789607574 ], [ 16.450889496463901, 43.505390281416801 ] ] ] } },
{ "type": "Feature", "properties": { "population": 643, "longitude": 16.455061709258171, "latitude": 43.505448067385302, "BM": 343 }, "geometry": { "type": "Polygon", "coordinates": [ [ [ 16.455459239707753, 43.510044837578199 ], [ 16.456745107431683, 43.509624972170982 ], [ 16.456657163875491, 43.499024736432148 ], [ 16.453526733314014, 43.502860789607574 ], [ 16.452657225654871, 43.508970140323882 ], [ 16.455459239707753, 43.510044837578199 ] ] ] } },
{ "type": "Feature", "properties": { "population": 630, "longitude": 16.449208381609484, "latitude": 43.506109595867656, "BM": 344 }, "geometry": { "type": "Polygon", "coordinates": [ [ [ 16.450824895086612, 43.50766766313221 ], [ 16.450889496463901, 43.505390281416801 ], [ 16.450298965732035, 43.505182831795764 ], [ 16.44595697184916, 43.505489209557084 ], [ 16.450824895086612, 43.50766766313221 ] ] ] } },
{ "type": "Feature", "properties": { "population": 612, "longitude": 16.448348909694982, "latitude": 43.507826741358024, "BM": 345 }, "geometry": { "type": "Polygon", "coordinates": [ [ [ 16.44595697184916, 43.505489209557084 ], [ 16.444988853521181, 43.50536752429106 ], [ 16.448724946033412, 43.510378414860035 ], [ 16.451085486101441, 43.508648579019116 ], [ 16.450824895086612, 43.50766766313221 ], [ 16.44595697184916, 43.505489209557084 ] ] ] } },
{ "type": "Feature", "properties": { "population": 563, "longitude": 16.451925832566399, "latitude": 43.51084033910643, "BM": 346 }, "geometry": { "type": "Polygon", "coordinates": [ [ [ 16.448724946033412, 43.510378414860035 ], [ 16.448426612826236, 43.511238514097251 ], [ 16.45127868772077, 43.512933416379958 ], [ 16.453792801435121, 43.512717923295931 ], [ 16.455459239707753, 43.510044837578199 ], [ 16.452657225654871, 43.508970140323882 ], [ 16.451085486101441, 43.508648579019116 ], [ 16.448724946033412, 43.510378414860035 ] ] ] } },
{ "type": "Feature", "properties": { "population": 515, "longitude": 16.452405122143702, "latitude": 43.516899489843418, "BM": 347 }, "geometry": { "type": "Polygon", "coordinates": [ [ [ 16.454253551103822, 43.519787971222954 ], [ 16.453792801435121, 43.512717923295931 ], [ 16.45127868772077, 43.512933416379958 ], [ 16.450065307121054, 43.517287950828553 ], [ 16.45130760707352, 43.51976570971442 ], [ 16.453031215352475, 43.521814550134891 ], [ 16.454253551103822, 43.519787971222954 ] ] ] } },
{ "type": "Feature", "properties": { "population": 261, "longitude": 16.443381667471499, "latitude": 43.514771836128531, "BM": 348 }, "geometry": { "type": "Polygon", "coordinates": [ [ [ 16.44298589231061, 43.517943672871041 ], [ 16.444002799596721, 43.517411447625548 ], [ 16.445378199103455, 43.515464848279372 ], [ 16.445355710850755, 43.512358543426153 ], [ 16.443832260044463, 43.51167945634689 ], [ 16.440531336095461, 43.51495100664733 ], [ 16.44298589231061, 43.517943672871041 ] ] ] } },
{ "type": "Feature", "properties": { "population": 1154, "longitude": 16.447085504115847, "latitude": 43.514066121297887, "BM": 349 }, "geometry": { "type": "Polygon", "coordinates": [ [ [ 16.445355710850755, 43.512358543426153 ], [ 16.445378199103455, 43.515464848279372 ], [ 16.449194343640631, 43.516333535592828 ], [ 16.447934723673793, 43.511695164506179 ], [ 16.445355710850755, 43.512358543426153 ] ] ] } },
{ "type": "Feature", "properties": { "population": 575, "longitude": 16.447660411039319, "latitude": 43.517419188449161, "BM": 350 }, "geometry": { "type": "Polygon", "coordinates": [ [ [ 16.450065307121054, 43.517287950828553 ], [ 16.449194343640631, 43.516333535592828 ], [ 16.445378199103455, 43.515464848279372 ], [ 16.444002799596721, 43.517411447625548 ], [ 16.45130760707352, 43.51976570971442 ], [ 16.450065307121054, 43.517287950828553 ] ] ] } },
{ "type": "Feature", "properties": { "population": 277, "longitude": 16.313024196704831, "latitude": 43.282174511138571, "BM": 351 }, "geometry": { "type": "Polygon", "coordinates": [ [ [ 16.23772308250301, 43.263073616933518 ], [ 16.300557401849332, 43.353487840929581 ], [ 16.335470378656222, 43.369793005214213 ], [ 16.392332495973545, 43.329394318169662 ], [ 16.372928018888924, 43.250801348384094 ], [ 16.281950660140833, 43.200030274239225 ], [ 16.226179863724987, 43.226965118459056 ], [ 16.23772308250301, 43.263073616933518 ] ] ] } },
{ "type": "Feature", "properties": { "population": 586, "longitude": 16.44961039470062, "latitude": 43.513920303842923, "BM": 352 }, "geometry": { "type": "Polygon", "coordinates": [ [ [ 16.449194343640631, 43.516333535592828 ], [ 16.450065307121054, 43.517287950828553 ], [ 16.45127868772077, 43.512933416379958 ], [ 16.448426612826236, 43.511238514097251 ], [ 16.447934723673793, 43.511695164506179 ], [ 16.449194343640631, 43.516333535592828 ] ] ] } },
{ "type": "Feature", "properties": { "population": 668, "longitude": 16.249987093529338, "latitude": 43.531795738221241, "BM": 353 }, "geometry": { "type": "Polygon", "coordinates": [ [ [ 16.241304051734126, 43.551857906116702 ], [ 16.245958632853224, 43.553068992920942 ], [ 16.273126308744413, 43.524487593111864 ], [ 16.272282062344257, 43.518399877175511 ], [ 16.257229680328564, 43.517499968553025 ], [ 16.255915825289033, 43.517456677291356 ], [ 16.251947750374313, 43.517342859196297 ], [ 16.228050385087936, 43.526388134652983 ], [ 16.241304051734126, 43.551857906116702 ] ] ] } },
{ "type": "Feature", "properties": { "population": 100, "longitude": 16.464449983666039, "latitude": 43.597755169213443, "BM": 354 }, "geometry": { "type": "Polygon", "coordinates": [ [ [ 16.438803953888609, 43.581875864066561 ], [ 16.442453231634445, 43.621730428672606 ], [ 16.490430799025958, 43.623175326614962 ], [ 16.484615070051706, 43.575561603552806 ], [ 16.474361977914729, 43.569777033523472 ], [ 16.471695436820152, 43.568960582808195 ], [ 16.446771705650789, 43.57444741985811 ], [ 16.438803953888609, 43.581875864066561 ] ] ] } },
{ "type": "Feature", "properties": { "population": 140, "longitude": 16.210285066410083, "latitude": 43.544553284411037, "BM": 355 }, "geometry": { "type": "Polygon", "coordinates": [ [ [ 16.178941182773503, 43.543762219436893 ], [ 16.19550453195609, 43.564685027940016 ], [ 16.209482094755007, 43.570305714135841 ], [ 16.241304051734126, 43.551857906116702 ], [ 16.228050385087936, 43.526388134652983 ], [ 16.225270905530564, 43.522053174264364 ], [ 16.210845656272266, 43.519062149842647 ], [ 16.180216686895029, 43.538592995250376 ], [ 16.178941182773503, 43.543762219436893 ] ] ] } },
{ "type": "Feature", "properties": { "population": 573, "longitude": 16.596948609480624, "latitude": 43.687443255432491, "BM": 356 }, "geometry": { "type": "Polygon", "coordinates": [ [ [ 16.561440622424922, 43.693955055358586 ], [ 16.616993642247255, 43.715485819488265 ], [ 16.619228027899151, 43.7058740181185 ], [ 16.622365070100415, 43.666862469303318 ], [ 16.621091822766935, 43.663416702022936 ], [ 16.585385373002037, 43.668793923081608 ], [ 16.56338564160751, 43.682750432056594 ], [ 16.561440622424922, 43.693955055358586 ] ] ] } },
{ "type": "Feature", "properties": { "population": 882, "longitude": 16.254099597732051, "latitude": 43.506160959979667, "BM": 357 }, "geometry": { "type": "Polygon", "coordinates": [ [ [ 16.249031331645156, 43.513259534419426 ], [ 16.257229680328564, 43.517499968553025 ], [ 16.272282062344257, 43.518399877175511 ], [ 16.272276627638643, 43.517260842478287 ], [ 16.270644598103342, 43.511411160410205 ], [ 16.243563874692441, 43.489128876919096 ], [ 16.238071980220923, 43.500067644069688 ], [ 16.249031331645156, 43.513259534419426 ] ] ] } },
{ "type": "Feature", "properties": { "population": 364, "longitude": 16.252304159494141, "latitude": 43.516027745938665, "BM": 358 }, "geometry": { "type": "Polygon", "coordinates": [ [ [ 16.251947750374313, 43.517342859196297 ], [ 16.255915825289033, 43.517456677291356 ], [ 16.249048902819073, 43.513283701328348 ], [ 16.251947750374313, 43.517342859196297 ] ] ] } },
{ "type": "Feature", "properties": { "population": 927, "longitude": 16.288781724838348, "latitude": 43.521717696909626, "BM": 359 }, "geometry": { "type": "Polygon", "coordinates": [ [ [ 16.272282062344257, 43.518399877175511 ], [ 16.273126308744413, 43.524487593111864 ], [ 16.302625854776963, 43.537603598820183 ], [ 16.296099939409093, 43.506727656123886 ], [ 16.272276627638643, 43.517260842478287 ], [ 16.272282062344257, 43.518399877175511 ] ] ] } },
{ "type": "Feature", "properties": { "population": 623, "longitude": 16.237855048056431, "latitude": 43.514834873115753, "BM": 360 }, "geometry": { "type": "Polygon", "coordinates": [ [ [ 16.228050385087936, 43.526388134652983 ], [ 16.251947750374313, 43.517342859196297 ], [ 16.249048902819073, 43.513283701328348 ], [ 16.249031331645156, 43.513259534419426 ], [ 16.238071980220923, 43.500067644069688 ], [ 16.225270905530564, 43.522053174264364 ], [ 16.228050385087936, 43.526388134652983 ] ] ] } },
{ "type": "Feature", "properties": { "population": 837, "longitude": 16.254011368253419, "latitude": 43.516047539257592, "BM": 361 }, "geometry": { "type": "Polygon", "coordinates": [ [ [ 16.249048902819073, 43.513283701328348 ], [ 16.255915825289033, 43.517456677291356 ], [ 16.257229680328564, 43.517499968553025 ], [ 16.249031331645156, 43.513259534419426 ], [ 16.249048902819073, 43.513283701328348 ] ] ] } },
{ "type": "Feature", "properties": { "population": 40, "longitude": 16.408237445416045, "latitude": 43.608912976141767, "BM": 362 }, "geometry": { "type": "Polygon", "coordinates": [ [ [ 16.365352047481938, 43.605528601028531 ], [ 16.380459505200406, 43.62803440137764 ], [ 16.421683823245381, 43.650659836405104 ], [ 16.442453231634445, 43.621730428672606 ], [ 16.438803953888609, 43.581875864066561 ], [ 16.433541402814473, 43.580018915825917 ], [ 16.418214814763857, 43.575702803386378 ], [ 16.390528508203502, 43.578511929507805 ], [ 16.384331080118539, 43.581110332381662 ], [ 16.365352047481938, 43.605528601028531 ] ] ] } },
{ "type": "Feature", "properties": { "population": 115, "longitude": 16.223834792182956, "latitude": 43.655858575669853, "BM": 363 }, "geometry": { "type": "Polygon", "coordinates": [ [ [ 16.198133560775648, 43.65879261314187 ], [ 16.235488148143997, 43.681047558933379 ], [ 16.253047560763072, 43.65487153488602 ], [ 16.223540709036762, 43.635479185274093 ], [ 16.200974203331743, 43.639378561575448 ], [ 16.196736151844217, 43.651174496857514 ], [ 16.198133560775648, 43.65879261314187 ] ] ] } },
{ "type": "Feature", "properties": { "population": 137, "longitude": 16.306091758505943, "latitude": 43.671500589141488, "BM": 364 }, "geometry": { "type": "Polygon", "coordinates": [ [ [ 16.277998726677929, 43.649211013873966 ], [ 16.279919520596042, 43.684313401037286 ], [ 16.297887746628472, 43.702139020404353 ], [ 16.340365666007479, 43.696997799062828 ], [ 16.3384942251488, 43.680040321332946 ], [ 16.311504405196704, 43.638285345009564 ], [ 16.285334388163513, 43.638707589716184 ], [ 16.277998726677929, 43.649211013873966 ] ] ] } },
{ "type": "Feature", "properties": { "population": 89, "longitude": 16.25689716875231, "latitude": 43.631720944724577, "BM": 365 }, "geometry": { "type": "Polygon", "coordinates": [ [ [ 16.223540709036762, 43.635479185274093 ], [ 16.253047560763072, 43.65487153488602 ], [ 16.277998726677929, 43.649211013873966 ], [ 16.285334388163513, 43.638707589716184 ], [ 16.264592632403186, 43.603462591347338 ], [ 16.253982734378251, 43.606397003101968 ], [ 16.223540709036762, 43.635479185274093 ] ] ] } },
{ "type": "Feature", "properties": { "population": 410, "longitude": 16.271864350754452, "latitude": 43.34097144221596, "BM": 366 }, "geometry": { "type": "Polygon", "coordinates": [ [ [ 16.239318297900756, 43.286680094452869 ], [ 16.263429760110569, 43.363254311151124 ], [ 16.286602670720654, 43.407020375021048 ], [ 16.303010550600984, 43.367058160749039 ], [ 16.300557401849332, 43.353487840929581 ], [ 16.23772308250301, 43.263073616933518 ], [ 16.239318297900756, 43.286680094452869 ] ] ] } },
{ "type": "Feature", "properties": { "population": 271, "longitude": 16.175284531535862, "latitude": 43.320160105659056, "BM": 367 }, "geometry": { "type": "Polygon", "coordinates": [ [ [ 16.080157445608599, 43.243537485799578 ], [ 16.126323717096753, 43.367272431465636 ], [ 16.199973734518629, 43.448843458311487 ], [ 16.23086549042041, 43.4450954200803 ], [ 16.239318297900756, 43.286680094452869 ], [ 16.23772308250301, 43.263073616933518 ], [ 16.226179863724987, 43.226965118459056 ], [ 16.213477050365785, 43.227273072521037 ], [ 16.110034872996639, 43.233686654339699 ], [ 16.080157445608599, 43.243537485799578 ] ] ] } },
{ "type": "Feature", "properties": { "population": 156, "longitude": 16.306016831271442, "latitude": 43.417755262937604, "BM": 368 }, "geometry": { "type": "Polygon", "coordinates": [ [ [ 16.290951870061505, 43.446010244573905 ], [ 16.306803444642675, 43.45055033486976 ], [ 16.332551111342017, 43.441826990356944 ], [ 16.303010550600984, 43.367058160749039 ], [ 16.286602670720654, 43.407020375021048 ], [ 16.290951870061505, 43.446010244573905 ] ] ] } },
{ "type": "Feature", "properties": { "population": 121, "longitude": 16.276866501542369, "latitude": 43.41421423282933, "BM": 369 }, "geometry": { "type": "Polygon", "coordinates": [ [ [ 16.290951870061505, 43.446010244573905 ], [ 16.286602670720654, 43.407020375021048 ], [ 16.263429760110569, 43.363254311151124 ], [ 16.271544780186872, 43.445238975677277 ], [ 16.290951870061505, 43.446010244573905 ] ] ] } },
{ "type": "Feature", "properties": { "population": 367, "longitude": 16.335223345165851, "latitude": 43.403253650030194, "BM": 370 }, "geometry": { "type": "Polygon", "coordinates": [ [ [ 16.303010550600984, 43.367058160749039 ], [ 16.332551111342017, 43.441826990356944 ], [ 16.374331604026185, 43.439671385525543 ], [ 16.335470378656222, 43.369793005214213 ], [ 16.300557401849332, 43.353487840929581 ], [ 16.303010550600984, 43.367058160749039 ] ] ] } },
{ "type": "Feature", "properties": { "population": 211, "longitude": 16.2490937913193, "latitude": 43.388634055618198, "BM": 371 }, "geometry": { "type": "Polygon", "coordinates": [ [ [ 16.239016992197051, 43.448568541849852 ], [ 16.271544780186872, 43.445238975677277 ], [ 16.263429760110569, 43.363254311151124 ], [ 16.239318297900756, 43.286680094452869 ], [ 16.23086549042041, 43.4450954200803 ], [ 16.239016992197051, 43.448568541849852 ] ] ] } },
{ "type": "Feature", "properties": { "population": 276, "longitude": 16.533844682472399, "latitude": 43.580560007631988, "BM": 372 }, "geometry": { "type": "Polygon", "coordinates": [ [ [ 16.524238814719073, 43.598867420937481 ], [ 16.559203214296296, 43.578566290209579 ], [ 16.559760670779202, 43.574350683835718 ], [ 16.532188315746406, 43.566436691006089 ], [ 16.511464365654245, 43.577338207452378 ], [ 16.524238814719073, 43.598867420937481 ] ] ] } },
{ "type": "Feature", "properties": { "population": 968, "longitude": 16.183997994064335, "latitude": 43.503211447281579, "BM": 373 }, "geometry": { "type": "Polygon", "coordinates": [ [ [ 16.180216686895029, 43.538592995250376 ], [ 16.210845656272266, 43.519062149842647 ], [ 16.187550960897664, 43.46724385952102 ], [ 16.157198235818576, 43.488298414176903 ], [ 16.180216686895029, 43.538592995250376 ] ] ] } },
{ "type": "Feature", "properties": { "population": 260, "longitude": 16.150699352791783, "latitude": 43.437685298995326, "BM": 374 }, "geometry": { "type": "Polygon", "coordinates": [ [ [ 16.115108009117101, 43.45628568552204 ], [ 16.147110161397343, 43.48703484226813 ], [ 16.153510326186243, 43.48854895315241 ], [ 16.157198235818576, 43.488298414176903 ], [ 16.187550960897664, 43.46724385952102 ], [ 16.199973734518629, 43.448843458311487 ], [ 16.126323717096753, 43.367272431465636 ], [ 16.115108009117101, 43.45628568552204 ] ] ] } },
{ "type": "Feature", "properties": { "population": 835, "longitude": 16.269320421102975, "latitude": 43.471061100843961, "BM": 375 }, "geometry": { "type": "Polygon", "coordinates": [ [ [ 16.243563874692441, 43.489128876919096 ], [ 16.270644598103342, 43.511411160410205 ], [ 16.306155421734928, 43.45584599769564 ], [ 16.306803444642675, 43.45055033486976 ], [ 16.290951870061505, 43.446010244573905 ], [ 16.271544780186872, 43.445238975677277 ], [ 16.239016992197051, 43.448568541849852 ], [ 16.243563874692441, 43.489128876919096 ] ] ] } },
{ "type": "Feature", "properties": { "population": 84, "longitude": 16.242707914503971, "latitude": 43.978190529930885, "BM": 376 }, "geometry": { "type": "Polygon", "coordinates": [ [ [ 16.206337865871017, 43.983337536041788 ], [ 16.272053487668845, 43.997254300094014 ], [ 16.27873648113783, 43.980644288007937 ], [ 16.229758975662754, 43.955421603015019 ], [ 16.208221615958333, 43.976846322077456 ], [ 16.206337865871017, 43.983337536041788 ] ] ] } },
{ "type": "Feature", "properties": { "population": 143, "longitude": 16.191348609578132, "latitude": 43.593768814060994, "BM": 377 }, "geometry": { "type": "Polygon", "coordinates": [ [ [ 16.164829213860436, 43.605049563859239 ], [ 16.194866469827129, 43.623134331783035 ], [ 16.212539407664476, 43.591408416015923 ], [ 16.209482094755007, 43.570305714135841 ], [ 16.19550453195609, 43.564685027940016 ], [ 16.168634145912684, 43.594252998546601 ], [ 16.164829213860436, 43.605049563859239 ] ] ] } },
{ "type": "Feature", "properties": { "population": 611, "longitude": 16.169709063245374, "latitude": 43.634148810136004, "BM": 378 }, "geometry": { "type": "Polygon", "coordinates": [ [ [ 16.135581188173006, 43.652341749424686 ], [ 16.136736445160157, 43.653101171155697 ], [ 16.196736151844217, 43.651174496857514 ], [ 16.200974203331743, 43.639378561575448 ], [ 16.194866469827129, 43.623134331783035 ], [ 16.164829213860436, 43.605049563859239 ], [ 16.162608309638177, 43.605442949799524 ], [ 16.134072283932273, 43.650371858489571 ], [ 16.135581188173006, 43.652341749424686 ] ] ] } },
{ "type": "Feature", "properties": { "population": 139, "longitude": 16.298674044697822, "latitude": 43.607529203390087, "BM": 379 }, "geometry": { "type": "Polygon", "coordinates": [ [ [ 16.264592632403186, 43.603462591347338 ], [ 16.285334388163513, 43.638707589716184 ], [ 16.311504405196704, 43.638285345009564 ], [ 16.337847071325339, 43.606298782579465 ], [ 16.321938082369076, 43.587517711997478 ], [ 16.285727307759618, 43.576834547925188 ], [ 16.271116283852749, 43.582189324706619 ], [ 16.264592632403186, 43.603462591347338 ] ] ] } },
{ "type": "Feature", "properties": { "population": 498, "longitude": 16.24723535457403, "latitude": 43.134731739808316, "BM": 380 }, "geometry": { "type": "Polygon", "coordinates": [ [ [ 16.190053395674003, 43.04104071196307 ], [ 16.19240904412873, 43.063873311067724 ], [ 16.213477050365785, 43.227273072521037 ], [ 16.226179863724987, 43.226965118459056 ], [ 16.281950660140833, 43.200030274239225 ], [ 16.323069435012854, 43.109177848569153 ], [ 16.193728931456494, 43.038382263734576 ], [ 16.190053395674003, 43.04104071196307 ] ] ] } },
{ "type": "Feature", "properties": { "population": 263, "longitude": 16.313257495419137, "latitude": 42.794312348652092, "BM": 381 }, "geometry": { "type": "Polygon", "coordinates": [ [ [ 16.249187422332074, 42.4415921 ], [ 16.193728931456494, 43.038382263734576 ], [ 16.323069435012854, 43.109177848569153 ], [ 16.449300841791406, 42.898007085275516 ], [ 16.415434114026802, 42.664699841124119 ], [ 16.310793794170465, 42.4415921 ], [ 16.249187422332074, 42.4415921 ] ] ] } },
{ "type": "Feature", "properties": { "population": 88, "longitude": 17.633911154292555, "latitude": 42.571078202366259, "BM": 382 }, "geometry": { "type": "Polygon", "coordinates": [ [ [ 17.559929740077976, 42.4415921 ], [ 17.579723875985721, 42.554560583055924 ], [ 17.603635452707803, 42.630019512120619 ], [ 17.684068996552504, 42.77640552862421 ], [ 17.692652752446758, 42.774463161981323 ], [ 17.665050897330644, 42.4415921 ], [ 17.559929740077976, 42.4415921 ] ] ] } },
{ "type": "Feature", "properties": { "population": 620, "longitude": 16.182958153919376, "latitude": 43.05100487136847, "BM": 383 }, "geometry": { "type": "Polygon", "coordinates": [ [ [ 16.19240904412873, 43.063873311067724 ], [ 16.190053395674003, 43.04104071196307 ], [ 16.166412021955392, 43.048100591074622 ], [ 16.19240904412873, 43.063873311067724 ] ] ] } },
{ "type": "Feature", "properties": { "population": 402, "longitude": 16.16310320713476, "latitude": 43.153365358766756, "BM": 384 }, "geometry": { "type": "Polygon", "coordinates": [ [ [ 16.132648734411102, 43.086877614344857 ], [ 16.110034872996639, 43.233686654339699 ], [ 16.213477050365785, 43.227273072521037 ], [ 16.19240904412873, 43.063873311067724 ], [ 16.166412021955392, 43.048100591074622 ], [ 16.156858442794569, 43.050859026240161 ], [ 16.132648734411102, 43.086877614344857 ] ] ] } },
{ "type": "Feature", "properties": { "population": 122, "longitude": 16.069891179887478, "latitude": 42.673025098188205, "BM": 385 }, "geometry": { "type": "Polygon", "coordinates": [ [ [ 15.896700653237861, 42.4415921 ], [ 16.094564115288346, 42.983711888442272 ], [ 16.132648734411102, 43.086877614344857 ], [ 16.156858442794569, 43.050859026240161 ], [ 16.159770864527463, 42.4415921 ], [ 15.896700653237861, 42.4415921 ] ] ] } },
{ "type": "Feature", "properties": { "population": 274, "longitude": 16.65699742985133, "latitude": 43.727607397679272, "BM": 386 }, "geometry": { "type": "Polygon", "coordinates": [ [ [ 16.646608924403299, 43.734192339581945 ], [ 16.667660807809096, 43.735378990615821 ], [ 16.662606401085895, 43.720507772067293 ], [ 16.652587466219099, 43.716788104041726 ], [ 16.646608924403299, 43.734192339581945 ] ] ] } },
{ "type": "Feature", "properties": { "population": 72, "longitude": 16.169037831529476, "latitude": 43.669418928863195, "BM": 387 }, "geometry": { "type": "Polygon", "coordinates": [ [ [ 16.196736151844217, 43.651174496857514 ], [ 16.136736445160157, 43.653101171155697 ], [ 16.152210402786707, 43.689702081906411 ], [ 16.185579756966909, 43.691423091005831 ], [ 16.198133560775648, 43.65879261314187 ], [ 16.196736151844217, 43.651174496857514 ] ] ] } },
{ "type": "Feature", "properties": { "population": 766, "longitude": 16.173766675061483, "latitude": 43.565538554376673, "BM": 388 }, "geometry": { "type": "Polygon", "coordinates": [ [ [ 16.154014297726807, 43.553093996144675 ], [ 16.168634145912684, 43.594252998546601 ], [ 16.19550453195609, 43.564685027940016 ], [ 16.178941182773503, 43.543762219436893 ], [ 16.154014297726807, 43.553093996144675 ] ] ] } },
{ "type": "Feature", "properties": { "population": 256, "longitude": 16.147082349304743, "latitude": 43.579396122361885, "BM": 389 }, "geometry": { "type": "Polygon", "coordinates": [ [ [ 16.12908294368173, 43.589606482530655 ], [ 16.162608309638177, 43.605442949799524 ], [ 16.164829213860436, 43.605049563859239 ], [ 16.168634145912684, 43.594252998546601 ], [ 16.154014297726807, 43.553093996144675 ], [ 16.148044016570378, 43.553260527502417 ], [ 16.13492012731145, 43.561089521265423 ], [ 16.122936406555212, 43.574644365194608 ], [ 16.123467473708818, 43.577294296306874 ], [ 16.12908294368173, 43.589606482530655 ] ] ] } },
{ "type": "Feature", "properties": { "population": 654, "longitude": 16.102553221543189, "latitude": 43.128924130855474, "BM": 390 }, "geometry": { "type": "Polygon", "coordinates": [ [ [ 16.080157445608599, 43.243537485799578 ], [ 16.110034872996639, 43.233686654339699 ], [ 16.132648734411102, 43.086877614344857 ], [ 16.094564115288346, 42.983711888442272 ], [ 16.076103120180864, 43.243484462455889 ], [ 16.080157445608599, 43.243537485799578 ] ] ] } },
{ "type": "Feature", "properties": { "population": 375, "longitude": 16.308679764905307, "latitude": 43.513531551108464, "BM": 391 }, "geometry": { "type": "Polygon", "coordinates": [ [ [ 16.302804929805628, 43.537725874578918 ], [ 16.324028329824579, 43.522562687090641 ], [ 16.309037032111817, 43.485711313255784 ], [ 16.296099939409093, 43.506727656123886 ], [ 16.302625854776963, 43.537603598820183 ], [ 16.302804929805628, 43.537725874578918 ] ] ] } },
{ "type": "Feature", "properties": { "population": 157, "longitude": 16.345397662211077, "latitude": 43.636461969867298, "BM": 392 }, "geometry": { "type": "Polygon", "coordinates": [ [ [ 16.311504405196704, 43.638285345009564 ], [ 16.3384942251488, 43.680040321332946 ], [ 16.380459505200406, 43.62803440137764 ], [ 16.365352047481938, 43.605528601028531 ], [ 16.361595822956058, 43.60497656845866 ], [ 16.337847071325339, 43.606298782579465 ], [ 16.311504405196704, 43.638285345009564 ] ] ] } },
{ "type": "Feature", "properties": { "population": 40, "longitude": 16.408237445416045, "latitude": 43.608912976141767, "BM": 393 }, "geometry": { "type": "Polygon", "coordinates": [ [ [ 16.365352047481938, 43.605528601028531 ], [ 16.380459505200406, 43.62803440137764 ], [ 16.421683823245381, 43.650659836405104 ], [ 16.442453231634445, 43.621730428672606 ], [ 16.438803953888609, 43.581875864066561 ], [ 16.433541402814473, 43.580018915825917 ], [ 16.418214814763857, 43.575702803386378 ], [ 16.390528508203502, 43.578511929507805 ], [ 16.384331080118539, 43.581110332381662 ], [ 16.365352047481938, 43.605528601028531 ] ] ] } },
{ "type": "Feature", "properties": { "population": 643, "longitude": 16.135734797146085, "latitude": 43.509770115673874, "BM": 394 }, "geometry": { "type": "Polygon", "coordinates": [ [ [ 16.118108200220405, 43.526469179849315 ], [ 16.140090545227995, 43.529538517687527 ], [ 16.153510326186243, 43.48854895315241 ], [ 16.147110161397343, 43.48703484226813 ], [ 16.124900578391049, 43.501776531069538 ], [ 16.118108200220405, 43.526469179849315 ] ] ] } },
{ "type": "Feature", "properties": { "population": 149, "longitude": 16.116508485156587, "latitude": 43.554548740562112, "BM": 395 }, "geometry": { "type": "Polygon", "coordinates": [ [ [ 16.109581325435208, 43.56896296006736 ], [ 16.122936406555212, 43.574644365194608 ], [ 16.13492012731145, 43.561089521265423 ], [ 16.11593219681939, 43.529941964884067 ], [ 16.115072199174037, 43.530487948539225 ], [ 16.097894706212418, 43.553415442899329 ], [ 16.109581325435208, 43.56896296006736 ] ] ] } },
{ "type": "Feature", "properties": { "population": 130, "longitude": 16.536429790909715, "latitude": 43.747541071903477, "BM": 396 }, "geometry": { "type": "Polygon", "coordinates": [ [ [ 16.493787297465882, 43.764314194342177 ], [ 16.522700074041538, 43.77894326588352 ], [ 16.560796599989494, 43.767409955366446 ], [ 16.582040656400657, 43.747686530719392 ], [ 16.55345314389281, 43.710912901510859 ], [ 16.508170095378041, 43.732734660858647 ], [ 16.494859029569895, 43.747333692973399 ], [ 16.493787297465882, 43.764314194342177 ] ] ] } },
{ "type": "Feature", "properties": { "population": 190, "longitude": 16.100584951584498, "latitude": 43.585670681742549, "BM": 397 }, "geometry": { "type": "Polygon", "coordinates": [ [ [ 16.080945558711708, 43.60731526113409 ], [ 16.083990196868534, 43.608342412487971 ], [ 16.123467473708818, 43.577294296306874 ], [ 16.122936406555212, 43.574644365194608 ], [ 16.109581325435208, 43.56896296006736 ], [ 16.090610794813408, 43.578464962717028 ], [ 16.080945558711708, 43.60731526113409 ] ] ] } },
{ "type": "Feature", "properties": { "population": 83, "longitude": 16.080821472508916, "latitude": 43.560985054999449, "BM": 398 }, "geometry": { "type": "Polygon", "coordinates": [ [ [ 16.064792489066747, 43.571868688705791 ], [ 16.090610794813408, 43.578464962717028 ], [ 16.109581325435208, 43.56896296006736 ], [ 16.097894706212418, 43.553415442899329 ], [ 16.073732019578316, 43.540333399786476 ], [ 16.05627051030012, 43.554655411521026 ], [ 16.055390749615384, 43.561144067955183 ], [ 16.064792489066747, 43.571868688705791 ] ] ] } },
{ "type": "Feature", "properties": { "population": 298, "longitude": 16.09262913245102, "latitude": 43.537867088184086, "BM": 399 }, "geometry": { "type": "Polygon", "coordinates": [ [ [ 16.073732019578316, 43.540333399786476 ], [ 16.097894706212418, 43.553415442899329 ], [ 16.115072199174037, 43.530487948539225 ], [ 16.076048929339542, 43.527047558367002 ], [ 16.073732019578316, 43.540333399786476 ] ] ] } },
{ "type": "Feature", "properties": { "population": 134, "longitude": 16.095214149406068, "latitude": 43.507172882333528, "BM": 400 }, "geometry": { "type": "Polygon", "coordinates": [ [ [ 16.075925397126518, 43.505981336827212 ], [ 16.107379547005664, 43.520305435772627 ], [ 16.112282936730939, 43.501868218280428 ], [ 16.074519739957623, 43.49837889047533 ], [ 16.075925397126518, 43.505981336827212 ] ] ] } },
{ "type": "Feature", "properties": { "population": 1004, "longitude": 16.1159041008837, "latitude": 43.513025116147105, "BM": 401 }, "geometry": { "type": "Polygon", "coordinates": [ [ [ 16.117009143963873, 43.527441912811554 ], [ 16.118108200220405, 43.526469179849315 ], [ 16.124900578391049, 43.501776531069538 ], [ 16.112282936730939, 43.501868218280428 ], [ 16.107379547005664, 43.520305435772627 ], [ 16.117009143963873, 43.527441912811554 ] ] ] } },
{ "type": "Feature", "properties": { "population": 105, "longitude": 17.118232769124486, "latitude": 44.025890965307553, "BM": 402 }, "geometry": { "type": "Polygon", "coordinates": [ [ [ 16.906565095711347, 43.819524354667706 ], [ 17.235197366405973, 44.363129444346768 ], [ 17.257241530226821, 44.358129948011872 ], [ 17.290215995390927, 44.348231877101988 ], [ 17.398247575744872, 44.303155368955309 ], [ 16.919229447382445, 43.622695244023845 ], [ 16.868591070603706, 43.6218167510239 ], [ 16.866774287894515, 43.623085502190001 ], [ 16.865768086058107, 43.624726795560463 ], [ 16.905237052963635, 43.816207785387306 ], [ 16.906565095711347, 43.819524354667706 ] ] ] } },
{ "type": "Feature", "properties": { "population": 564, "longitude": 16.106795562941794, "latitude": 43.483187680656087, "BM": 403 }, "geometry": { "type": "Polygon", "coordinates": [ [ [ 16.074519739957623, 43.49837889047533 ], [ 16.112282936730939, 43.501868218280428 ], [ 16.124900578391049, 43.501776531069538 ], [ 16.147110161397343, 43.48703484226813 ], [ 16.115108009117101, 43.45628568552204 ], [ 16.06848271967835, 43.480879481483811 ], [ 16.070220230866681, 43.491097916247135 ], [ 16.074519739957623, 43.49837889047533 ] ] ] } },
{ "type": "Feature", "properties": { "population": 69, "longitude": 16.109326021077141, "latitude": 43.603679842570614, "BM": 404 }, "geometry": { "type": "Polygon", "coordinates": [ [ [ 16.111015115847067, 43.629352239013734 ], [ 16.12908294368173, 43.589606482530655 ], [ 16.123467473708818, 43.577294296306874 ], [ 16.083990196868534, 43.608342412487971 ], [ 16.111015115847067, 43.629352239013734 ] ] ] } },
{ "type": "Feature", "properties": { "population": 1436, "longitude": 16.323536871423606, "latitude": 43.539414137276573, "BM": 405 }, "geometry": { "type": "Polygon", "coordinates": [ [ [ 16.302804929805628, 43.537725874578918 ], [ 16.30280014871515, 43.538088223215674 ], [ 16.328522329085143, 43.562192958217345 ], [ 16.330062524605577, 43.56108783028818 ], [ 16.339500821317642, 43.524554221619702 ], [ 16.324028329824579, 43.522562687090641 ], [ 16.302804929805628, 43.537725874578918 ] ] ] } },
{ "type": "Feature", "properties": { "population": 1989, "longitude": 16.308312615706633, "latitude": 43.565829676220702, "BM": 406 }, "geometry": { "type": "Polygon", "coordinates": [ [ [ 16.285727307759618, 43.576834547925188 ], [ 16.321938082369076, 43.587517711997478 ], [ 16.328522329085143, 43.562192958217345 ], [ 16.30280014871515, 43.538088223215674 ], [ 16.285727307759618, 43.576834547925188 ] ] ] } },
{ "type": "Feature", "properties": { "population": 375, "longitude": 16.308679764905307, "latitude": 43.513531551108464, "BM": 407 }, "geometry": { "type": "Polygon", "coordinates": [ [ [ 16.302804929805628, 43.537725874578918 ], [ 16.324028329824579, 43.522562687090641 ], [ 16.309037032111817, 43.485711313255784 ], [ 16.296099939409093, 43.506727656123886 ], [ 16.302625854776963, 43.537603598820183 ], [ 16.302804929805628, 43.537725874578918 ] ] ] } },
{ "type": "Feature", "properties": { "population": 123, "longitude": 16.293100862539994, "latitude": 43.490991333893355, "BM": 408 }, "geometry": { "type": "Polygon", "coordinates": [ [ [ 16.272276627638643, 43.517260842478287 ], [ 16.296099939409093, 43.506727656123886 ], [ 16.309037032111817, 43.485711313255784 ], [ 16.306155421734928, 43.45584599769564 ], [ 16.270644598103342, 43.511411160410205 ], [ 16.272276627638643, 43.517260842478287 ] ] ] } },
{ "type": "Feature", "properties": { "population": 286, "longitude": 16.027160954929158, "latitude": 43.471864285786211, "BM": 409 }, "geometry": { "type": "Polygon", "coordinates": [ [ [ 15.996111216671643, 43.455500521227492 ], [ 16.024584872935591, 43.516714304945808 ], [ 16.03568282966604, 43.517304495749997 ], [ 16.070220230866681, 43.491097916247135 ], [ 16.06848271967835, 43.480879481483811 ], [ 15.988996981430494, 43.410613238609692 ], [ 15.996111216671643, 43.455500521227492 ] ] ] } },
{ "type": "Feature", "properties": { "population": 679, "longitude": 15.49982936096553, "latitude": 42.775902716338614, "BM": 410 }, "geometry": { "type": "Polygon", "coordinates": [ [ [ 14.616008294424566, 42.4415921 ], [ 14.985270924108256, 42.825237978096816 ], [ 15.544140876819407, 43.158980928459123 ], [ 15.881436321561997, 43.241161058080557 ], [ 16.076103120180864, 43.243484462455889 ], [ 16.094564115288346, 42.983711888442272 ], [ 15.896700653237861, 42.4415921 ], [ 14.616008294424566, 42.4415921 ] ] ] } },
{ "type": "Feature", "properties": { "population": 47, "longitude": 16.270590859177929, "latitude": 43.761021064831269, "BM": 411 }, "geometry": { "type": "Polygon", "coordinates": [ [ [ 16.243048330355041, 43.786557027789343 ], [ 16.27943977792421, 43.789061402594349 ], [ 16.286578870974452, 43.789526838699622 ], [ 16.306251878241007, 43.755044399811553 ], [ 16.282057206012585, 43.728135939043341 ], [ 16.251420342562426, 43.736661876495994 ], [ 16.238369130890462, 43.765996217069379 ], [ 16.241364511948493, 43.785045256792849 ], [ 16.243048330355041, 43.786557027789343 ] ] ] } },
{ "type": "Feature", "properties": { "population": 53, "longitude": 16.467203446021809, "latitude": 43.88017028958744, "BM": 412 }, "geometry": { "type": "Polygon", "coordinates": [ [ [ 16.432451832008393, 43.873598145262008 ], [ 16.433349879321206, 43.922494697350409 ], [ 16.527656065957572, 43.892165536079396 ], [ 16.524198704759435, 43.886189174680375 ], [ 16.444050414239193, 43.828110976724474 ], [ 16.432451832008393, 43.873598145262008 ] ] ] } },
{ "type": "Feature", "properties": { "population": 238, "longitude": 16.005062562838326, "latitude": 43.502868646752319, "BM": 413 }, "geometry": { "type": "Polygon", "coordinates": [ [ [ 16.009572253454323, 43.533979954880571 ], [ 16.024584872935591, 43.516714304945808 ], [ 15.996111216671643, 43.455500521227492 ], [ 15.992009902292631, 43.521922529828451 ], [ 16.009572253454323, 43.533979954880571 ] ] ] } }
]
}
