{
"type": "FeatureCollection",
"name": "output_zupanija_5",
"crs": { "type": "name", "properties": { "name": "urn:ogc:def:crs:EPSG::3765" } },
"features": [
{ "type": "Feature", "properties": { "population": 63, "longitude": 16.521041592292349, "latitude": 45.451598696125771, "BM": 1 }, "geometry": { "type": "Polygon", "coordinates": [ [ [ 16.505880419080547, 45.492979796410836 ], [ 16.519920443352866, 45.488594708267797 ], [ 16.550333398317807, 45.435212164716894 ], [ 16.544852404264709, 45.424843739011344 ], [ 16.500806946450066, 45.424008878948825 ], [ 16.505132208956429, 45.4919197814475 ], [ 16.505880419080547, 45.492979796410836 ] ] ] } },
{ "type": "Feature", "properties": { "population": 105, "longitude": 16.658735543882305, "latitude": 45.299251269115508, "BM": 2 }, "geometry": { "type": "Polygon", "coordinates": [ [ [ 16.633891364613213, 45.291265119253396 ], [ 16.662073217471004, 45.332497488518719 ], [ 16.676047015841863, 45.328988561417667 ], [ 16.681185216966245, 45.326659085313857 ], [ 16.687615666366352, 45.319361862148305 ], [ 16.65723884268041, 45.266173603632282 ], [ 16.636704211713496, 45.268955597932617 ], [ 16.633891364613213, 45.291265119253396 ] ] ] } },
{ "type": "Feature", "properties": { "population": 138, "longitude": 16.651070935418787, "latitude": 45.576826908276246, "BM": 3 }, "geometry": { "type": "Polygon", "coordinates": [ [ [ 16.640043902052593, 45.601415347257799 ], [ 16.665065040448578, 45.590696159585534 ], [ 16.674031323688503, 45.573956590118812 ], [ 16.640638508876435, 45.546338482572665 ], [ 16.634715491378532, 45.598964484102446 ], [ 16.640043902052593, 45.601415347257799 ] ] ] } },
{ "type": "Feature", "properties": { "population": 52, "longitude": 15.715809713313588, "latitude": 45.494941943323937, "BM": 4 }, "geometry": { "type": "Polygon", "coordinates": [ [ [ 15.703732493648884, 45.504316414741488 ], [ 15.705904365143983, 45.509112657822257 ], [ 15.720186898269791, 45.508477785697018 ], [ 15.728554495273228, 45.486559150722258 ], [ 15.726017817321667, 45.481023214468529 ], [ 15.709792950311446, 45.482338536800619 ], [ 15.703732493648884, 45.504316414741488 ] ] ] } },
{ "type": "Feature", "properties": { "population": 54, "longitude": 15.710477860068023, "latitude": 45.541102779275832, "BM": 5 }, "geometry": { "type": "Polygon", "coordinates": [ [ [ 15.690124737221508, 45.571810992790283 ], [ 15.720463215120969, 45.567386352287592 ], [ 15.728514960311205, 45.515849495493008 ], [ 15.720186898269791, 45.508477785697018 ], [ 15.705904365143983, 45.509112657822257 ], [ 15.690571016845102, 45.564693031345129 ], [ 15.690124737221508, 45.571810992790283 ] ] ] } },
{ "type": "Feature", "properties": { "population": 366, "longitude": 15.763316455960423, "latitude": 45.530652511886508, "BM": 6 }, "geometry": { "type": "Polygon", "coordinates": [ [ [ 15.761459904979684, 45.571763798959886 ], [ 15.785682259823435, 45.520742556999615 ], [ 15.762342145560993, 45.498516969006303 ], [ 15.747147352245328, 45.504005720223425 ], [ 15.746533567459528, 45.505275984802559 ], [ 15.755106947540645, 45.570027205996261 ], [ 15.761459904979684, 45.571763798959886 ] ] ] } },
{ "type": "Feature", "properties": { "population": 323, "longitude": 15.790920911955761, "latitude": 45.143764891350067, "BM": 7 }, "geometry": { "type": "Polygon", "coordinates": [ [ [ 15.886588931058707, 45.080275300631477 ], [ 15.713769969320058, 45.141904841660129 ], [ 15.70910853039668, 45.188261853213163 ], [ 15.785484884512753, 45.190892844024035 ], [ 15.866962592805741, 45.126465949453774 ], [ 15.886588931058707, 45.080275300631477 ] ] ] } },
{ "type": "Feature", "properties": { "population": 329, "longitude": 15.818847339943368, "latitude": 45.049440225470207, "BM": 8 }, "geometry": { "type": "Polygon", "coordinates": [ [ [ 15.76123787064115, 44.998693711060035 ], [ 15.693547741200309, 45.117038114867938 ], [ 15.713769969320058, 45.141904841660129 ], [ 15.886588931058707, 45.080275300631477 ], [ 15.96073747558105, 44.980841909734941 ], [ 15.962010021849405, 44.97128156083712 ], [ 15.762981331572544, 44.997952602442766 ], [ 15.76123787064115, 44.998693711060035 ] ] ] } },
{ "type": "Feature", "properties": { "population": 189, "longitude": 16.063417560177363, "latitude": 45.275895405942592, "BM": 9 }, "geometry": { "type": "Polygon", "coordinates": [ [ [ 16.050586259775894, 45.201555597343095 ], [ 16.029255855416686, 45.324385708053413 ], [ 16.060503654603259, 45.334162050452925 ], [ 16.093098741121945, 45.307592121318869 ], [ 16.103242120942976, 45.297164415569668 ], [ 16.071939992707804, 45.212538867914425 ], [ 16.050586259775894, 45.201555597343095 ] ] ] } },
{ "type": "Feature", "properties": { "population": 215, "longitude": 16.389200989611169, "latitude": 45.532110820667008, "BM": 10 }, "geometry": { "type": "Polygon", "coordinates": [ [ [ 16.37659940496626, 45.535155225484921 ], [ 16.390822806507188, 45.540830712725359 ], [ 16.400365083080292, 45.534703349234555 ], [ 16.394856591057017, 45.52338911971701 ], [ 16.383847880605511, 45.525269981895256 ], [ 16.37659940496626, 45.535155225484921 ] ] ] } },
{ "type": "Feature", "properties": { "population": 312, "longitude": 15.796280943317731, "latitude": 45.483168864813337, "BM": 11 }, "geometry": { "type": "Polygon", "coordinates": [ [ [ 15.785682259823435, 45.520742556999615 ], [ 15.824595858113222, 45.502019261607195 ], [ 15.832675925114527, 45.484178570899978 ], [ 15.829803124740172, 45.461899681394598 ], [ 15.773051220408359, 45.447703420326604 ], [ 15.762342145560993, 45.498516969006303 ], [ 15.785682259823435, 45.520742556999615 ] ] ] } },
{ "type": "Feature", "properties": { "population": 176, "longitude": 16.565862729554166, "latitude": 45.467208707613175, "BM": 12 }, "geometry": { "type": "Polygon", "coordinates": [ [ [ 16.519920443352866, 45.488594708267797 ], [ 16.572368032759162, 45.496866402190435 ], [ 16.611687545864086, 45.466118069986486 ], [ 16.597830582085013, 45.445113452423143 ], [ 16.550333398317807, 45.435212164716894 ], [ 16.519920443352866, 45.488594708267797 ] ] ] } },
{ "type": "Feature", "properties": { "population": 117, "longitude": 15.694669110101245, "latitude": 45.490419337519604, "BM": 13 }, "geometry": { "type": "Polygon", "coordinates": [ [ [ 15.679087108874761, 45.499250158529755 ], [ 15.703732493648884, 45.504316414741488 ], [ 15.709792950311446, 45.482338536800619 ], [ 15.703125312065566, 45.478222231802604 ], [ 15.685890426384232, 45.478091911410388 ], [ 15.678449552990356, 45.497523146874727 ], [ 15.679087108874761, 45.499250158529755 ] ] ] } },
{ "type": "Feature", "properties": { "population": 91, "longitude": 15.689754557721368, "latitude": 45.46623974119295, "BM": 14 }, "geometry": { "type": "Polygon", "coordinates": [ [ [ 15.677010423028204, 45.466566847678422 ], [ 15.685890426384232, 45.478091911410388 ], [ 15.703125312065566, 45.478222231802604 ], [ 15.704826817993233, 45.460268462304349 ], [ 15.671624684410531, 45.453218613472643 ], [ 15.671409939778366, 45.455060731320216 ], [ 15.677010423028204, 45.466566847678422 ] ] ] } },
{ "type": "Feature", "properties": { "population": 142, "longitude": 16.206166651138219, "latitude": 45.480212649401807, "BM": 15 }, "geometry": { "type": "Polygon", "coordinates": [ [ [ 16.184017593865963, 45.495632796118201 ], [ 16.220589469833989, 45.497430513972638 ], [ 16.231100606848049, 45.475066031371782 ], [ 16.223728572708122, 45.461254295047631 ], [ 16.18274265462971, 45.469122907660108 ], [ 16.184017593865963, 45.495632796118201 ] ] ] } },
{ "type": "Feature", "properties": { "population": 139, "longitude": 15.701254626255364, "latitude": 45.053844697143631, "BM": 16 }, "geometry": { "type": "Polygon", "coordinates": [ [ [ 15.68046262039987, 45.112983370912765 ], [ 15.693547741200309, 45.117038114867938 ], [ 15.76123787064115, 44.998693711060035 ], [ 15.728581524618104, 45.003268345748303 ], [ 15.726228277778382, 45.00443595521876 ], [ 15.651507400027631, 45.048996156917852 ], [ 15.67779516199638, 45.11105590452437 ], [ 15.68046262039987, 45.112983370912765 ] ] ] } },
{ "type": "Feature", "properties": { "population": 539, "longitude": 15.701335328022484, "latitude": 44.964816035004567, "BM": 17 }, "geometry": { "type": "Polygon", "coordinates": [ [ [ 15.669183585158951, 44.974511201514964 ], [ 15.728581524618104, 45.003268345748303 ], [ 15.76123787064115, 44.998693711060035 ], [ 15.762981331572544, 44.997952602442766 ], [ 15.671507540954648, 44.910290766990244 ], [ 15.65870032861592, 44.958050446251526 ], [ 15.669183585158951, 44.974511201514964 ] ] ] } },
{ "type": "Feature", "properties": { "population": 141, "longitude": 15.691908034123994, "latitude": 45.523084709892792, "BM": 18 }, "geometry": { "type": "Polygon", "coordinates": [ [ [ 15.678769806525994, 45.501041346959688 ], [ 15.690571016845102, 45.564693031345129 ], [ 15.705904365143983, 45.509112657822257 ], [ 15.703732493648884, 45.504316414741488 ], [ 15.679087108874761, 45.499250158529755 ], [ 15.678769806525994, 45.501041346959688 ] ] ] } },
{ "type": "Feature", "properties": { "population": 155, "longitude": 15.673350245872172, "latitude": 45.484159028743399, "BM": 19 }, "geometry": { "type": "Polygon", "coordinates": [ [ [ 15.656429925708434, 45.492331626835366 ], [ 15.678449552990356, 45.497523146874727 ], [ 15.685890426384232, 45.478091911410388 ], [ 15.677010423028204, 45.466566847678422 ], [ 15.656429925708434, 45.492331626835366 ] ] ] } },
{ "type": "Feature", "properties": { "population": 263, "longitude": 15.650542391266871, "latitude": 45.510042115014834, "BM": 20 }, "geometry": { "type": "Polygon", "coordinates": [ [ [ 15.629627591236275, 45.537968661552675 ], [ 15.678769806525994, 45.501041346959688 ], [ 15.679087108874761, 45.499250158529755 ], [ 15.678449552990356, 45.497523146874727 ], [ 15.656429925708434, 45.492331626835366 ], [ 15.646362563953385, 45.492617481288114 ], [ 15.631356279530966, 45.51613676645475 ], [ 15.629627591236275, 45.537968661552675 ] ] ] } },
{ "type": "Feature", "properties": { "population": 279, "longitude": 15.66439961927574, "latitude": 45.542625769305417, "BM": 21 }, "geometry": { "type": "Polygon", "coordinates": [ [ [ 15.627585332858969, 45.54796301211303 ], [ 15.679674898024118, 45.578157194555629 ], [ 15.690124737221508, 45.571810992790283 ], [ 15.690571016845102, 45.564693031345129 ], [ 15.678769806525994, 45.501041346959688 ], [ 15.629627591236275, 45.537968661552675 ], [ 15.627585332858969, 45.54796301211303 ] ] ] } },
{ "type": "Feature", "properties": { "population": 28, "longitude": 15.659498429216114, "latitude": 45.475068575644094, "BM": 22 }, "geometry": { "type": "Polygon", "coordinates": [ [ [ 15.646362563953385, 45.492617481288114 ], [ 15.656429925708434, 45.492331626835366 ], [ 15.677010423028204, 45.466566847678422 ], [ 15.671409939778366, 45.455060731320216 ], [ 15.644292822851137, 45.475184186321684 ], [ 15.646362563953385, 45.492617481288114 ] ] ] } },
{ "type": "Feature", "properties": { "population": 117, "longitude": 15.694669110101245, "latitude": 45.490419337519604, "BM": 23 }, "geometry": { "type": "Polygon", "coordinates": [ [ [ 15.679087108874761, 45.499250158529755 ], [ 15.703732493648884, 45.504316414741488 ], [ 15.709792950311446, 45.482338536800619 ], [ 15.703125312065566, 45.478222231802604 ], [ 15.685890426384232, 45.478091911410388 ], [ 15.678449552990356, 45.497523146874727 ], [ 15.679087108874761, 45.499250158529755 ] ] ] } },
{ "type": "Feature", "properties": { "population": 101, "longitude": 16.753694657545797, "latitude": 45.519722779595732, "BM": 24 }, "geometry": { "type": "Polygon", "coordinates": [ [ [ 16.733263565889221, 45.506206406855178 ], [ 16.740992370733334, 45.532743764194329 ], [ 16.744931894895739, 45.538230979715259 ], [ 16.772399173420322, 45.535999995242271 ], [ 16.769240689042341, 45.506022359625639 ], [ 16.766970910506839, 45.504231742908793 ], [ 16.734117632547871, 45.502434609921224 ], [ 16.733263565889221, 45.506206406855178 ] ] ] } },
{ "type": "Feature", "properties": { "population": 176, "longitude": 16.565862729554166, "latitude": 45.467208707613175, "BM": 25 }, "geometry": { "type": "Polygon", "coordinates": [ [ [ 16.519920443352866, 45.488594708267797 ], [ 16.572368032759162, 45.496866402190435 ], [ 16.611687545864086, 45.466118069986486 ], [ 16.597830582085013, 45.445113452423143 ], [ 16.550333398317807, 45.435212164716894 ], [ 16.519920443352866, 45.488594708267797 ] ] ] } },
{ "type": "Feature", "properties": { "population": 333, "longitude": 15.65266542289335, "latitude": 44.927836493594121, "BM": 26 }, "geometry": { "type": "Polygon", "coordinates": [ [ [ 15.640547298751784, 44.954085865558177 ], [ 15.65870032861592, 44.958050446251526 ], [ 15.671507540954648, 44.910290766990244 ], [ 15.66624784910247, 44.900539403114621 ], [ 15.6351901735887, 44.91052486943029 ], [ 15.640547298751784, 44.954085865558177 ] ] ] } },
{ "type": "Feature", "properties": { "population": 295, "longitude": 16.943747423151212, "latitude": 45.425117925237977, "BM": 27 }, "geometry": { "type": "Polygon", "coordinates": [ [ [ 16.925213111327981, 45.401852501156576 ], [ 16.918053142313571, 45.441087349907427 ], [ 16.959694109694528, 45.447802378850326 ], [ 16.975738117819976, 45.42972831562777 ], [ 16.941470178054136, 45.39742798638364 ], [ 16.925213111327981, 45.401852501156576 ] ] ] } },
{ "type": "Feature", "properties": { "population": 435, "longitude": 16.523477530487696, "latitude": 45.071233952088939, "BM": 28 }, "geometry": { "type": "Polygon", "coordinates": [ [ [ 16.418680928855927, 45.122916424601321 ], [ 16.457852412241724, 45.197743704146482 ], [ 16.463065243336501, 45.195617363577426 ], [ 16.517958611089448, 45.15647277987992 ], [ 16.587965304568275, 45.075882813396589 ], [ 16.634986230193174, 44.911457844814599 ], [ 16.453435594706619, 45.06975528628449 ], [ 16.418680928855927, 45.122916424601321 ] ] ] } },
{ "type": "Feature", "properties": { "population": 665, "longitude": 15.666469765705477, "latitude": 44.99150959006171, "BM": 29 }, "geometry": { "type": "Polygon", "coordinates": [ [ [ 15.5988080570043, 44.99526143329846 ], [ 15.726228277778382, 45.00443595521876 ], [ 15.728581524618104, 45.003268345748303 ], [ 15.669183585158951, 44.974511201514964 ], [ 15.5988080570043, 44.99526143329846 ] ] ] } },
{ "type": "Feature", "properties": { "population": 281, "longitude": 15.638216525985587, "latitude": 45.138303418977273, "BM": 30 }, "geometry": { "type": "Polygon", "coordinates": [ [ [ 15.615831603284246, 45.124872744338404 ], [ 15.613760603428153, 45.176775119713213 ], [ 15.626107903608025, 45.177504310320103 ], [ 15.68046262039987, 45.112983370912765 ], [ 15.67779516199638, 45.11105590452437 ], [ 15.623499505155445, 45.114960629751572 ], [ 15.615831603284246, 45.124872744338404 ] ] ] } },
{ "type": "Feature", "properties": { "population": 248, "longitude": 16.383210759139772, "latitude": 45.583249758642005, "BM": 31 }, "geometry": { "type": "Polygon", "coordinates": [ [ [ 16.35000365858544, 45.563339498624117 ], [ 16.40988826763461, 45.620050617516135 ], [ 16.415053521296642, 45.6197071909519 ], [ 16.389792821761908, 45.569090732602284 ], [ 16.378942942062064, 45.562664895930709 ], [ 16.347985794201698, 45.557818270099339 ], [ 16.35000365858544, 45.563339498624117 ] ] ] } },
{ "type": "Feature", "properties": { "population": 80, "longitude": 15.634783338639572, "latitude": 45.018659793951002, "BM": 32 }, "geometry": { "type": "Polygon", "coordinates": [ [ [ 15.563628543092392, 45.005054692818355 ], [ 15.561928628257274, 45.018632550743931 ], [ 15.605908110741987, 45.04274837765599 ], [ 15.651507400027631, 45.048996156917852 ], [ 15.726228277778382, 45.00443595521876 ], [ 15.5988080570043, 44.99526143329846 ], [ 15.580198704946909, 44.998625631739898 ], [ 15.563628543092392, 45.005054692818355 ] ] ] } },
{ "type": "Feature", "properties": { "population": 347, "longitude": 15.634094864823522, "latitude": 45.582502347760084, "BM": 33 }, "geometry": { "type": "Polygon", "coordinates": [ [ [ 15.605445390883078, 45.562521244691382 ], [ 15.609362977205237, 45.612432992542843 ], [ 15.618348231815894, 45.619531390333762 ], [ 15.620989649419521, 45.620600980375102 ], [ 15.679422972193018, 45.580079510716708 ], [ 15.679674898024118, 45.578157194555629 ], [ 15.627585332858969, 45.54796301211303 ], [ 15.626782291983382, 45.548108922866 ], [ 15.619314543923256, 45.552162848269532 ], [ 15.605445390883078, 45.562521244691382 ] ] ] } },
{ "type": "Feature", "properties": { "population": 42, "longitude": 15.613241267688881, "latitude": 45.516381562540452, "BM": 34 }, "geometry": { "type": "Polygon", "coordinates": [ [ [ 15.595119001518936, 45.517765759423867 ], [ 15.626782291983382, 45.548108922866 ], [ 15.627585332858969, 45.54796301211303 ], [ 15.629627591236275, 45.537968661552675 ], [ 15.631356279530966, 45.51613676645475 ], [ 15.616394331973282, 45.49448841162296 ], [ 15.601608858521679, 45.492898033518692 ], [ 15.591089180673853, 45.501881885692754 ], [ 15.595119001518936, 45.517765759423867 ] ] ] } },
{ "type": "Feature", "properties": { "population": 770, "longitude": 15.612650625350273, "latitude": 45.431420872966285, "BM": 35 }, "geometry": { "type": "Polygon", "coordinates": [ [ [ 15.594975047370948, 45.446517927321345 ], [ 15.598975001703367, 45.449154865030934 ], [ 15.619153209464322, 45.451262282601967 ], [ 15.631063681431995, 45.435265430113908 ], [ 15.631576783144125, 45.428675746809041 ], [ 15.629995466122795, 45.408905419516266 ], [ 15.627185752993562, 45.408406535201856 ], [ 15.598550112080616, 45.419955770469365 ], [ 15.589183443915063, 45.438978506657456 ], [ 15.594975047370948, 45.446517927321345 ] ] ] } },
{ "type": "Feature", "properties": { "population": 32, "longitude": 15.63041790440851, "latitude": 45.487077052139931, "BM": 36 }, "geometry": { "type": "Polygon", "coordinates": [ [ [ 15.616394331973282, 45.49448841162296 ], [ 15.631356279530966, 45.51613676645475 ], [ 15.646362563953385, 45.492617481288114 ], [ 15.644292822851137, 45.475184186321684 ], [ 15.623051344869735, 45.45990318179593 ], [ 15.615328263753426, 45.483706391219137 ], [ 15.616394331973282, 45.49448841162296 ] ] ] } },
{ "type": "Feature", "properties": { "population": 223, "longitude": 15.58539307764519, "latitude": 45.067509302780344, "BM": 37 }, "geometry": { "type": "Polygon", "coordinates": [ [ [ 15.537821416220758, 45.043047316998603 ], [ 15.59633165539476, 45.112490593710525 ], [ 15.605894868601277, 45.121675242076854 ], [ 15.615831603284246, 45.124872744338404 ], [ 15.623499505155445, 45.114960629751572 ], [ 15.605908110741987, 45.04274837765599 ], [ 15.561928628257274, 45.018632550743931 ], [ 15.537821416220758, 45.043047316998603 ] ] ] } },
{ "type": "Feature", "properties": { "population": 336, "longitude": 15.598500876414169, "latitude": 45.150005728418165, "BM": 38 }, "geometry": { "type": "Polygon", "coordinates": [ [ [ 15.598430801480896, 45.185510544952386 ], [ 15.613760603428153, 45.176775119713213 ], [ 15.615831603284246, 45.124872744338404 ], [ 15.605894868601277, 45.121675242076854 ], [ 15.589340710373607, 45.12399469094192 ], [ 15.573368448271342, 45.142698222994781 ], [ 15.598430801480896, 45.185510544952386 ] ] ] } },
{ "type": "Feature", "properties": { "population": 718, "longitude": 15.62654532115903, "latitude": 45.382119791529682, "BM": 39 }, "geometry": { "type": "Polygon", "coordinates": [ [ [ 15.595972504409232, 45.390820234763773 ], [ 15.627185752993562, 45.408406535201856 ], [ 15.629995466122795, 45.408905419516266 ], [ 15.649728025222663, 45.387387980007112 ], [ 15.650395381056876, 45.367919277366937 ], [ 15.644469386139026, 45.357149078646088 ], [ 15.624784391571572, 45.359256920136971 ], [ 15.596011162634413, 45.384173233781176 ], [ 15.595897643236212, 45.390633072352323 ], [ 15.595972504409232, 45.390820234763773 ] ] ] } },
{ "type": "Feature", "properties": { "population": 168, "longitude": 15.774227094897206, "latitude": 45.362906542721731, "BM": 40 }, "geometry": { "type": "Polygon", "coordinates": [ [ [ 15.741611102240062, 45.41039214832454 ], [ 15.741797919689411, 45.410529048495377 ], [ 15.812925610260946, 45.381640869524887 ], [ 15.78061076122785, 45.295604900393656 ], [ 15.780341175327676, 45.295981740655357 ], [ 15.737272277634796, 45.387669944656729 ], [ 15.741611102240062, 45.41039214832454 ] ] ] } },
{ "type": "Feature", "properties": { "population": 1076, "longitude": 15.60261414321652, "latitude": 45.463117909023296, "BM": 41 }, "geometry": { "type": "Polygon", "coordinates": [ [ [ 15.592734499651852, 45.480151329243967 ], [ 15.592831364638434, 45.48018876754827 ], [ 15.599882647923925, 45.479147419379736 ], [ 15.619689495004096, 45.452810172509778 ], [ 15.619153209464322, 45.451262282601967 ], [ 15.598975001703367, 45.449154865030934 ], [ 15.589206078944416, 45.473809694801744 ], [ 15.592734499651852, 45.480151329243967 ] ] ] } },
{ "type": "Feature", "properties": { "population": 135, "longitude": 15.693026076471426, "latitude": 45.241375122925405, "BM": 42 }, "geometry": { "type": "Polygon", "coordinates": [ [ [ 15.665533127388766, 45.262883820026417 ], [ 15.701630998948582, 45.282631431130397 ], [ 15.718611658128379, 45.279855325769709 ], [ 15.707844039762822, 45.194544335389011 ], [ 15.706505727817257, 45.192172899816939 ], [ 15.684344316858374, 45.200654205118539 ], [ 15.661111115712409, 45.252922563783152 ], [ 15.665533127388766, 45.262883820026417 ] ] ] } },
{ "type": "Feature", "properties": { "population": 215, "longitude": 16.389200989611169, "latitude": 45.532110820667008, "BM": 43 }, "geometry": { "type": "Polygon", "coordinates": [ [ [ 16.37659940496626, 45.535155225484921 ], [ 16.390822806507188, 45.540830712725359 ], [ 16.400365083080292, 45.534703349234555 ], [ 16.394856591057017, 45.52338911971701 ], [ 16.383847880605511, 45.525269981895256 ], [ 16.37659940496626, 45.535155225484921 ] ] ] } },
{ "type": "Feature", "properties": { "population": 408, "longitude": 15.57938344676343, "latitude": 45.483306602850078, "BM": 44 }, "geometry": { "type": "Polygon", "coordinates": [ [ [ 15.568222751537681, 45.478670901601745 ], [ 15.569060189931566, 45.488043658795725 ], [ 15.572575877557433, 45.494517091315522 ], [ 15.582888361727635, 45.494628815732092 ], [ 15.592734499651852, 45.480151329243967 ], [ 15.589206078944416, 45.473809694801744 ], [ 15.571357135267117, 45.474009114322321 ], [ 15.568222751537681, 45.478670901601745 ] ] ] } },
{ "type": "Feature", "properties": { "population": 377, "longitude": 15.613280997498034, "latitude": 45.470519534504938, "BM": 45 }, "geometry": { "type": "Polygon", "coordinates": [ [ [ 15.599882647923925, 45.479147419379736 ], [ 15.615328263753426, 45.483706391219137 ], [ 15.623051344869735, 45.45990318179593 ], [ 15.619689495004096, 45.452810172509778 ], [ 15.599882647923925, 45.479147419379736 ] ] ] } },
{ "type": "Feature", "properties": { "population": 441, "longitude": 16.781378128293639, "latitude": 45.484390015845641, "BM": 46 }, "geometry": { "type": "Polygon", "coordinates": [ [ [ 16.776762451854207, 45.482382105122291 ], [ 16.776184820422696, 45.48447704998695 ], [ 16.783505447332079, 45.487993778025171 ], [ 16.785800804579157, 45.487383077728182 ], [ 16.784140756207396, 45.481461871400448 ], [ 16.777280641445735, 45.481960868256614 ], [ 16.776762451854207, 45.482382105122291 ] ] ] } },
{ "type": "Feature", "properties": { "population": 162, "longitude": 16.42345959938735, "latitude": 45.529592210711854, "BM": 47 }, "geometry": { "type": "Polygon", "coordinates": [ [ [ 16.400365083080292, 45.534703349234555 ], [ 16.417712727594637, 45.543532797394782 ], [ 16.456542834014485, 45.542764679275422 ], [ 16.436773761245369, 45.516019314743886 ], [ 16.396118754823821, 45.515865424733725 ], [ 16.394856591057017, 45.52338911971701 ], [ 16.400365083080292, 45.534703349234555 ] ] ] } },
{ "type": "Feature", "properties": { "population": 256, "longitude": 15.594047749119206, "latitude": 45.360716387234447, "BM": 48 }, "geometry": { "type": "Polygon", "coordinates": [ [ [ 15.567217046217165, 45.347943546484963 ], [ 15.596011162634413, 45.384173233781176 ], [ 15.624784391571572, 45.359256920136971 ], [ 15.570367958014852, 45.340795832953503 ], [ 15.566720207556886, 45.34300328629169 ], [ 15.567217046217165, 45.347943546484963 ] ] ] } },
{ "type": "Feature", "properties": { "population": 299, "longitude": 15.605436159406436, "latitude": 45.335766958408044, "BM": 49 }, "geometry": { "type": "Polygon", "coordinates": [ [ [ 15.597407574628074, 45.302787201218827 ], [ 15.570367958014852, 45.340795832953503 ], [ 15.624784391571572, 45.359256920136971 ], [ 15.644469386139026, 45.357149078646088 ], [ 15.644490901659536, 45.356942540565008 ], [ 15.59801375557689, 45.302285281954923 ], [ 15.597407574628074, 45.302787201218827 ] ] ] } },
{ "type": "Feature", "properties": { "population": 201, "longitude": 16.137105594833155, "latitude": 45.438085591338925, "BM": 50 }, "geometry": { "type": "Polygon", "coordinates": [ [ [ 16.117160892968524, 45.468851740943549 ], [ 16.128625676651403, 45.467324638310885 ], [ 16.165477699602715, 45.445302087514904 ], [ 16.166580884373001, 45.434575719863481 ], [ 16.156201158587695, 45.416476165705326 ], [ 16.120529140928976, 45.413195019090395 ], [ 16.114468752435709, 45.414723747483535 ], [ 16.117160892968524, 45.468851740943549 ] ] ] } },
{ "type": "Feature", "properties": { "population": 86, "longitude": 15.575731777397134, "latitude": 45.375650691144877, "BM": 51 }, "geometry": { "type": "Polygon", "coordinates": [ [ [ 15.563704665341733, 45.360827198898576 ], [ 15.561780015331177, 45.390440629148607 ], [ 15.595897643236212, 45.390633072352323 ], [ 15.596011162634413, 45.384173233781176 ], [ 15.567217046217165, 45.347943546484963 ], [ 15.563704665341733, 45.360827198898576 ] ] ] } },
{ "type": "Feature", "properties": { "population": 221, "longitude": 15.633617276909726, "latitude": 45.320342941715388, "BM": 52 }, "geometry": { "type": "Polygon", "coordinates": [ [ [ 15.59801375557689, 45.302285281954923 ], [ 15.644490901659536, 45.356942540565008 ], [ 15.659846481684854, 45.327046159142284 ], [ 15.647286747629495, 45.299158105065196 ], [ 15.599817114935577, 45.298743378364371 ], [ 15.59801375557689, 45.302285281954923 ] ] ] } },
{ "type": "Feature", "properties": { "population": 78, "longitude": 15.628483727211302, "latitude": 45.273482354480791, "BM": 53 }, "geometry": { "type": "Polygon", "coordinates": [ [ [ 15.599817114935577, 45.298743378364371 ], [ 15.647286747629495, 45.299158105065196 ], [ 15.665533127388766, 45.262883820026417 ], [ 15.661111115712409, 45.252922563783152 ], [ 15.605690350657341, 45.247039553304333 ], [ 15.597230681350453, 45.268502917167311 ], [ 15.599817114935577, 45.298743378364371 ] ] ] } },
{ "type": "Feature", "properties": { "population": 710, "longitude": 18.527712541543302, "latitude": 45.378504764249016, "BM": 54 }, "geometry": { "type": "Polygon", "coordinates": [ [ [ 18.507365983474195, 45.383032837493964 ], [ 18.514127508234473, 45.394269816651004 ], [ 18.524282707028171, 45.399052058512048 ], [ 18.551384717469862, 45.373868974409994 ], [ 18.544111121219537, 45.361061086094473 ], [ 18.510608290633634, 45.369084873251659 ], [ 18.507365983474195, 45.383032837493964 ] ] ] } },
{ "type": "Feature", "properties": { "population": 173, "longitude": 15.583176587944761, "latitude": 45.422230605336466, "BM": 55 }, "geometry": { "type": "Polygon", "coordinates": [ [ [ 15.569036847950112, 45.424586854134652 ], [ 15.573261549098447, 45.431841808877437 ], [ 15.589183443915063, 45.438978506657456 ], [ 15.598550112080616, 45.419955770469365 ], [ 15.587430996668683, 45.406029952462063 ], [ 15.567481072162543, 45.416064536715893 ], [ 15.569036847950112, 45.424586854134652 ] ] ] } },
{ "type": "Feature", "properties": { "population": 225, "longitude": 15.549311348320503, "latitude": 45.235730907379079, "BM": 56 }, "geometry": { "type": "Polygon", "coordinates": [ [ [ 15.513499582175143, 45.269960722916593 ], [ 15.597230681350453, 45.268502917167311 ], [ 15.605690350657341, 45.247039553304333 ], [ 15.585197807677043, 45.200597600694216 ], [ 15.487563668997373, 45.206749245727522 ], [ 15.513499582175143, 45.269960722916593 ] ] ] } },
{ "type": "Feature", "properties": { "population": 438, "longitude": 15.47469254355587, "latitude": 45.421736794389538, "BM": 57 }, "geometry": { "type": "Polygon", "coordinates": [ [ [ 15.46449405708961, 45.427078763665641 ], [ 15.48334184605994, 45.433501911523194 ], [ 15.484133809321921, 45.432387120159902 ], [ 15.48212400011132, 45.413995862966239 ], [ 15.474796994287294, 45.410235813213454 ], [ 15.467235089481459, 45.413597083894921 ], [ 15.464167319053864, 45.422392279164782 ], [ 15.46449405708961, 45.427078763665641 ] ] ] } },
{ "type": "Feature", "properties": { "population": 110, "longitude": 16.825637918320059, "latitude": 45.496572719456971, "BM": 58 }, "geometry": { "type": "Polygon", "coordinates": [ [ [ 16.803041402595962, 45.495993481857631 ], [ 16.803121289291813, 45.49726842102983 ], [ 16.817875038791225, 45.510194581880242 ], [ 16.84376517576322, 45.510585850728198 ], [ 16.841230980553068, 45.486376132698396 ], [ 16.827874755999463, 45.480530745291688 ], [ 16.818972448948919, 45.481604246397453 ], [ 16.803304027481069, 45.495131763231448 ], [ 16.803041402595962, 45.495993481857631 ] ] ] } },
{ "type": "Feature", "properties": { "population": 754, "longitude": 16.803743161755925, "latitude": 45.465400021619097, "BM": 59 }, "geometry": { "type": "Polygon", "coordinates": [ [ [ 16.794067843779516, 45.454764529902832 ], [ 16.803304027481069, 45.495131763231448 ], [ 16.818972448948919, 45.481604246397453 ], [ 16.795017864496501, 45.428264934809583 ], [ 16.792920813240592, 45.425513797259853 ], [ 16.794067843779516, 45.454764529902832 ] ] ] } },
{ "type": "Feature", "properties": { "population": 136, "longitude": 15.483472638788864, "latitude": 45.342014527265754, "BM": 60 }, "geometry": { "type": "Polygon", "coordinates": [ [ [ 15.46523219316639, 45.372767769759726 ], [ 15.501985656883823, 45.347196534763093 ], [ 15.51169446621866, 45.32206842552057 ], [ 15.510762522686749, 45.320514195083071 ], [ 15.466612144288293, 45.325447267563284 ], [ 15.462486219514291, 45.370955079030288 ], [ 15.46523219316639, 45.372767769759726 ] ] ] } },
{ "type": "Feature", "properties": { "population": 182, "longitude": 15.408885870174471, "latitude": 45.19863004645962, "BM": 61 }, "geometry": { "type": "Polygon", "coordinates": [ [ [ 15.344057928104622, 45.212624282435662 ], [ 15.400955650110156, 45.264422980643481 ], [ 15.408885438484663, 45.265400145866835 ], [ 15.469838336421949, 45.19518962621818 ], [ 15.450227118253988, 45.137021099936916 ], [ 15.423833411653034, 45.141929892933945 ], [ 15.350345576409604, 45.183605382535774 ], [ 15.343911838898059, 45.20013618005796 ], [ 15.344057928104622, 45.212624282435662 ] ] ] } },
{ "type": "Feature", "properties": { "population": 232, "longitude": 15.34955161483291, "latitude": 45.266809354610288, "BM": 62 }, "geometry": { "type": "Polygon", "coordinates": [ [ [ 15.332091405253136, 45.288471149269434 ], [ 15.387863689087792, 45.267112256413398 ], [ 15.333626065168673, 45.243377406774741 ], [ 15.32732832171085, 45.285142082098801 ], [ 15.332091405253136, 45.288471149269434 ] ] ] } },
{ "type": "Feature", "properties": { "population": 221, "longitude": 15.633617276909726, "latitude": 45.320342941715388, "BM": 63 }, "geometry": { "type": "Polygon", "coordinates": [ [ [ 15.59801375557689, 45.302285281954923 ], [ 15.644490901659536, 45.356942540565008 ], [ 15.659846481684854, 45.327046159142284 ], [ 15.647286747629495, 45.299158105065196 ], [ 15.599817114935577, 45.298743378364371 ], [ 15.59801375557689, 45.302285281954923 ] ] ] } },
{ "type": "Feature", "properties": { "population": 46, "longitude": 16.758028238392598, "latitude": 45.588757037829232, "BM": 64 }, "geometry": { "type": "Polygon", "coordinates": [ [ [ 16.731722902418912, 45.590337974092328 ], [ 16.737110109514816, 45.616653571138414 ], [ 16.76743360767756, 45.609603434257089 ], [ 16.788161795265491, 45.56887120221382 ], [ 16.786685498731782, 45.56664858066685 ], [ 16.778367545856344, 45.561007856531894 ], [ 16.740693783259843, 45.57592837124394 ], [ 16.731722902418912, 45.590337974092328 ] ] ] } },
{ "type": "Feature", "properties": { "population": 162, "longitude": 16.42345959938735, "latitude": 45.529592210711854, "BM": 65 }, "geometry": { "type": "Polygon", "coordinates": [ [ [ 16.400365083080292, 45.534703349234555 ], [ 16.417712727594637, 45.543532797394782 ], [ 16.456542834014485, 45.542764679275422 ], [ 16.436773761245369, 45.516019314743886 ], [ 16.396118754823821, 45.515865424733725 ], [ 16.394856591057017, 45.52338911971701 ], [ 16.400365083080292, 45.534703349234555 ] ] ] } },
{ "type": "Feature", "properties": { "population": 139, "longitude": 15.701254626255364, "latitude": 45.053844697143631, "BM": 66 }, "geometry": { "type": "Polygon", "coordinates": [ [ [ 15.68046262039987, 45.112983370912765 ], [ 15.693547741200309, 45.117038114867938 ], [ 15.76123787064115, 44.998693711060035 ], [ 15.728581524618104, 45.003268345748303 ], [ 15.726228277778382, 45.00443595521876 ], [ 15.651507400027631, 45.048996156917852 ], [ 15.67779516199638, 45.11105590452437 ], [ 15.68046262039987, 45.112983370912765 ] ] ] } },
{ "type": "Feature", "properties": { "population": 33, "longitude": 16.647201044388698, "latitude": 45.652376856441769, "BM": 67 }, "geometry": { "type": "Polygon", "coordinates": [ [ [ 16.646178287178309, 45.672021632872195 ], [ 16.66616446640624, 45.679688025296443 ], [ 16.679625048875469, 45.669739756269436 ], [ 16.645907057440997, 45.62413473918626 ], [ 16.612544054753343, 45.640177935097221 ], [ 16.6129574535755, 45.642363478291969 ], [ 16.646178287178309, 45.672021632872195 ] ] ] } },
{ "type": "Feature", "properties": { "population": 145, "longitude": 16.169625925405334, "latitude": 45.49270426008259, "BM": 68 }, "geometry": { "type": "Polygon", "coordinates": [ [ [ 16.158961120534187, 45.518975492781919 ], [ 16.166076061131463, 45.521881384431474 ], [ 16.184017593865963, 45.495632796118201 ], [ 16.18274265462971, 45.469122907660108 ], [ 16.177372446266901, 45.465404581315454 ], [ 16.15493108473116, 45.483323040087868 ], [ 16.158961120534187, 45.518975492781919 ] ] ] } },
{ "type": "Feature", "properties": { "population": 214, "longitude": 15.398615733205331, "latitude": 45.407002772774611, "BM": 69 }, "geometry": { "type": "Polygon", "coordinates": [ [ [ 15.371601166557779, 45.397950748321783 ], [ 15.392376935914118, 45.428184303800784 ], [ 15.410667332995173, 45.426870192270052 ], [ 15.420267950035219, 45.423129765567268 ], [ 15.423381128205806, 45.419858181541258 ], [ 15.423621585969663, 45.411900184680292 ], [ 15.407613650765329, 45.389131672584995 ], [ 15.384338480432458, 45.385066567112837 ], [ 15.371601166557779, 45.397950748321783 ] ] ] } },
{ "type": "Feature", "properties": { "population": 51, "longitude": 16.531595982977997, "latitude": 45.552728370541786, "BM": 70 }, "geometry": { "type": "Polygon", "coordinates": [ [ [ 16.486092636138604, 45.537922617514781 ], [ 16.549117799841351, 45.585712607853395 ], [ 16.551286691087864, 45.584806923000684 ], [ 16.56388652727458, 45.57351591720726 ], [ 16.564041687825188, 45.543944301288839 ], [ 16.494242874044424, 45.52541716102543 ], [ 16.486092636138604, 45.537922617514781 ] ] ] } },
{ "type": "Feature", "properties": { "population": 268, "longitude": 15.360258873417099, "latitude": 45.381002482828933, "BM": 71 }, "geometry": { "type": "Polygon", "coordinates": [ [ [ 15.331473298317697, 45.402910469649711 ], [ 15.371601166557779, 45.397950748321783 ], [ 15.384338480432458, 45.385066567112837 ], [ 15.384146064183305, 45.362848993673794 ], [ 15.363014747473724, 45.353255894141334 ], [ 15.3277369893769, 45.396495263464899 ], [ 15.331473298317697, 45.402910469649711 ] ] ] } },
{ "type": "Feature", "properties": { "population": 299, "longitude": 15.605436159406436, "latitude": 45.335766958408044, "BM": 72 }, "geometry": { "type": "Polygon", "coordinates": [ [ [ 15.597407574628074, 45.302787201218827 ], [ 15.570367958014852, 45.340795832953503 ], [ 15.624784391571572, 45.359256920136971 ], [ 15.644469386139026, 45.357149078646088 ], [ 15.644490901659536, 45.356942540565008 ], [ 15.59801375557689, 45.302285281954923 ], [ 15.597407574628074, 45.302787201218827 ] ] ] } },
{ "type": "Feature", "properties": { "population": 236, "longitude": 16.373668418788711, "latitude": 45.592863905427194, "BM": 73 }, "geometry": { "type": "Polygon", "coordinates": [ [ [ 16.357615598414323, 45.59173532212651 ], [ 16.407521682912975, 45.620340286126599 ], [ 16.40988826763461, 45.620050617516135 ], [ 16.35000365858544, 45.563339498624117 ], [ 16.357615598414323, 45.59173532212651 ] ] ] } },
{ "type": "Feature", "properties": { "population": 83, "longitude": 15.398789417706151, "latitude": 45.486709021590883, "BM": 74 }, "geometry": { "type": "Polygon", "coordinates": [ [ [ 15.3770411602013, 45.505225359445085 ], [ 15.386671754020583, 45.510726402521932 ], [ 15.413911941594616, 45.495458502252426 ], [ 15.425985251888344, 45.48240120906928 ], [ 15.4211647533134, 45.470805367742614 ], [ 15.40802714515957, 45.467226718537326 ], [ 15.386273529985857, 45.469294754988084 ], [ 15.374738651835035, 45.499884201419647 ], [ 15.3770411602013, 45.505225359445085 ] ] ] } },
{ "type": "Feature", "properties": { "population": 70, "longitude": 16.340548003165662, "latitude": 45.636779362521786, "BM": 75 }, "geometry": { "type": "Polygon", "coordinates": [ [ [ 16.322593470711166, 45.656266077642073 ], [ 16.364091818752225, 45.63076302604297 ], [ 16.349025313671437, 45.622106686689278 ], [ 16.326719248221913, 45.633957327216926 ], [ 16.322593470711166, 45.656266077642073 ] ] ] } },
{ "type": "Feature", "properties": { "population": 75, "longitude": 16.554185183169956, "latitude": 45.357656391472226, "BM": 76 }, "geometry": { "type": "Polygon", "coordinates": [ [ [ 16.564406958079871, 45.374415277091238 ], [ 16.567576492730833, 45.368736195881553 ], [ 16.570070759668038, 45.347481121464561 ], [ 16.526272298956965, 45.350265359013996 ], [ 16.564406958079871, 45.374415277091238 ] ] ] } },
{ "type": "Feature", "properties": { "population": 45, "longitude": 15.391717012256244, "latitude": 45.570799150148765, "BM": 77 }, "geometry": { "type": "Polygon", "coordinates": [ [ [ 15.367692575725036, 45.563052889132571 ], [ 15.380703556029671, 45.596567141749034 ], [ 15.409676705542919, 45.590403780172039 ], [ 15.414425659507137, 45.570573456515312 ], [ 15.413503563663006, 45.5660270035102 ], [ 15.395650704706521, 45.5418666716484 ], [ 15.368030941444077, 45.559478821616928 ], [ 15.367692575725036, 45.563052889132571 ] ] ] } },
{ "type": "Feature", "properties": { "population": 102, "longitude": 16.295903246551994, "latitude": 45.491460733572971, "BM": 78 }, "geometry": { "type": "Polygon", "coordinates": [ [ [ 16.284762013484173, 45.507192051395634 ], [ 16.311430115675133, 45.497283801542096 ], [ 16.315273553071123, 45.488967308453006 ], [ 16.300231679960369, 45.476026868206837 ], [ 16.278057375029363, 45.487236840167306 ], [ 16.284762013484173, 45.507192051395634 ] ] ] } },
{ "type": "Feature", "properties": { "population": 100, "longitude": 16.367179497026225, "latitude": 45.549442827707857, "BM": 79 }, "geometry": { "type": "Polygon", "coordinates": [ [ [ 16.347985794201698, 45.557818270099339 ], [ 16.378942942062064, 45.562664895930709 ], [ 16.390822806507188, 45.540830712725359 ], [ 16.37659940496626, 45.535155225484921 ], [ 16.337159453476357, 45.550044386286473 ], [ 16.347985794201698, 45.557818270099339 ] ] ] } },
{ "type": "Feature", "properties": { "population": 42, "longitude": 15.613241267688881, "latitude": 45.516381562540452, "BM": 80 }, "geometry": { "type": "Polygon", "coordinates": [ [ [ 15.595119001518936, 45.517765759423867 ], [ 15.626782291983382, 45.548108922866 ], [ 15.627585332858969, 45.54796301211303 ], [ 15.629627591236275, 45.537968661552675 ], [ 15.631356279530966, 45.51613676645475 ], [ 15.616394331973282, 45.49448841162296 ], [ 15.601608858521679, 45.492898033518692 ], [ 15.591089180673853, 45.501881885692754 ], [ 15.595119001518936, 45.517765759423867 ] ] ] } },
{ "type": "Feature", "properties": { "population": 230, "longitude": 15.380045666839187, "latitude": 45.078701171739588, "BM": 81 }, "geometry": { "type": "Polygon", "coordinates": [ [ [ 15.320224251407398, 45.115211862699809 ], [ 15.423833411653034, 45.141929892933945 ], [ 15.450227118253988, 45.137021099936916 ], [ 15.462229243640657, 45.093830782473823 ], [ 15.385062588516121, 45.004051157432635 ], [ 15.339010957731764, 45.019854726110097 ], [ 15.316155115663198, 45.042302629400517 ], [ 15.296640283357943, 45.07448118313993 ], [ 15.320224251407398, 45.115211862699809 ] ] ] } },
{ "type": "Feature", "properties": { "population": 534, "longitude": 15.561291055454717, "latitude": 45.078916366007931, "BM": 82 }, "geometry": { "type": "Polygon", "coordinates": [ [ [ 15.529082475394963, 45.050242158572587 ], [ 15.585041101699128, 45.113905673852202 ], [ 15.59633165539476, 45.112490593710525 ], [ 15.537821416220758, 45.043047316998603 ], [ 15.529082475394963, 45.050242158572587 ] ] ] } },
{ "type": "Feature", "properties": { "population": 458, "longitude": 16.773705174167489, "latitude": 45.438827169606888, "BM": 83 }, "geometry": { "type": "Polygon", "coordinates": [ [ [ 16.743407384808304, 45.419361194354387 ], [ 16.778230489896409, 45.478501319396742 ], [ 16.784304421309642, 45.47926172725213 ], [ 16.794067843779516, 45.454764529902832 ], [ 16.792920813240592, 45.425513797259853 ], [ 16.789449995551916, 45.416409433004063 ], [ 16.786095161764859, 45.413805916158971 ], [ 16.757570787938022, 45.410837759135568 ], [ 16.749123808734154, 45.414534502940512 ], [ 16.743407384808304, 45.419361194354387 ] ] ] } },
{ "type": "Feature", "properties": { "population": 596, "longitude": 15.538619426520707, "latitude": 45.080314174150779, "BM": 84 }, "geometry": { "type": "Polygon", "coordinates": [ [ [ 15.499451169375901, 45.074105814777774 ], [ 15.584197428106341, 45.115140378243595 ], [ 15.585041101699128, 45.113905673852202 ], [ 15.529082475394963, 45.050242158572587 ], [ 15.499451169375901, 45.074105814777774 ] ] ] } },
{ "type": "Feature", "properties": { "population": 381, "longitude": 16.584578550918199, "latitude": 45.551614252104386, "BM": 85 }, "geometry": { "type": "Polygon", "coordinates": [ [ [ 16.56388652727458, 45.57351591720726 ], [ 16.579859037542352, 45.574029464231664 ], [ 16.606261070162088, 45.561174753938083 ], [ 16.613512551024517, 45.545183502085656 ], [ 16.577465908917219, 45.525307076816866 ], [ 16.564041687825188, 45.543944301288839 ], [ 16.56388652727458, 45.57351591720726 ] ] ] } },
{ "type": "Feature", "properties": { "population": 109, "longitude": 16.173368940908365, "latitude": 45.390037029971943, "BM": 86 }, "geometry": { "type": "Polygon", "coordinates": [ [ [ 16.159271199253869, 45.411194111285695 ], [ 16.205259047340856, 45.38355231800508 ], [ 16.155576576130372, 45.375364660625053 ], [ 16.159271199253869, 45.411194111285695 ] ] ] } },
{ "type": "Feature", "properties": { "population": 103, "longitude": 15.435949807230328, "latitude": 45.552590284149126, "BM": 87 }, "geometry": { "type": "Polygon", "coordinates": [ [ [ 15.414425659507137, 45.570573456515312 ], [ 15.457522067892249, 45.555747479890407 ], [ 15.449003805121645, 45.534995555869941 ], [ 15.427529249517525, 45.541910021626471 ], [ 15.413503563663006, 45.5660270035102 ], [ 15.414425659507137, 45.570573456515312 ] ] ] } },
{ "type": "Feature", "properties": { "population": 106, "longitude": 16.410957234341048, "latitude": 45.508926485846274, "BM": 88 }, "geometry": { "type": "Polygon", "coordinates": [ [ [ 16.394001843167665, 45.507748958118214 ], [ 16.396118754823821, 45.515865424733725 ], [ 16.436773761245369, 45.516019314743886 ], [ 16.434544295372316, 45.511161717687131 ], [ 16.397483190939155, 45.496495326087107 ], [ 16.394426638507653, 45.500443268408127 ], [ 16.394001843167665, 45.507748958118214 ] ] ] } },
{ "type": "Feature", "properties": { "population": 122, "longitude": 15.402337339811533, "latitude": 45.611581297084335, "BM": 89 }, "geometry": { "type": "Polygon", "coordinates": [ [ [ 15.381422083312447, 45.614303493370222 ], [ 15.41152695084825, 45.638600105840091 ], [ 15.421783440188314, 45.629754738458672 ], [ 15.419002319971897, 45.597216816746744 ], [ 15.409676705542919, 45.590403780172039 ], [ 15.380703556029671, 45.596567141749034 ], [ 15.375763749538409, 45.601816356558906 ], [ 15.381422083312447, 45.614303493370222 ] ] ] } },
{ "type": "Feature", "properties": { "population": 212, "longitude": 15.672484656197446, "latitude": 45.294860064476488, "BM": 90 }, "geometry": { "type": "Polygon", "coordinates": [ [ [ 15.659846481684854, 45.327046159142284 ], [ 15.669129366623196, 45.324831763798116 ], [ 15.693562313108972, 45.303468227381167 ], [ 15.701630998948582, 45.282631431130397 ], [ 15.665533127388766, 45.262883820026417 ], [ 15.647286747629495, 45.299158105065196 ], [ 15.659846481684854, 45.327046159142284 ] ] ] } },
{ "type": "Feature", "properties": { "population": 193, "longitude": 15.548940334462795, "latitude": 45.312413988626872, "BM": 91 }, "geometry": { "type": "Polygon", "coordinates": [ [ [ 15.51169446621866, 45.32206842552057 ], [ 15.525836881990786, 45.330656735898884 ], [ 15.566720207556886, 45.34300328629169 ], [ 15.570367958014852, 45.340795832953503 ], [ 15.597407574628074, 45.302787201218827 ], [ 15.514584507021588, 45.282258233326012 ], [ 15.510762522686749, 45.320514195083071 ], [ 15.51169446621866, 45.32206842552057 ] ] ] } },
{ "type": "Feature", "properties": { "population": 164, "longitude": 15.822613497905177, "latitude": 44.210738131595576, "BM": 92 }, "geometry": { "type": "Polygon", "coordinates": [ [ [ 15.788403863727359, 44.2509762219645 ], [ 15.823124169667704, 44.252381040070368 ], [ 15.867531615644493, 44.240923721317046 ], [ 15.864250946157203, 44.194806770013287 ], [ 15.807662229848432, 44.15153317485133 ], [ 15.779462456753178, 44.213165425853759 ], [ 15.788403863727359, 44.2509762219645 ] ] ] } },
{ "type": "Feature", "properties": { "population": 287, "longitude": 15.500405731464898, "latitude": 45.514271614713124, "BM": 93 }, "geometry": { "type": "Polygon", "coordinates": [ [ [ 15.487015664969169, 45.515481363498161 ], [ 15.507584666141897, 45.53196535027255 ], [ 15.514613568912544, 45.513730540627684 ], [ 15.510086218456845, 45.505910433842018 ], [ 15.489672008625098, 45.501054017365171 ], [ 15.485761522244646, 45.504478046724074 ], [ 15.487015664969169, 45.515481363498161 ] ] ] } },
{ "type": "Feature", "properties": { "population": 359, "longitude": 15.395603430561769, "latitude": 45.637673330835021, "BM": 94 }, "geometry": { "type": "Polygon", "coordinates": [ [ [ 15.390732432716405, 45.654172900959452 ], [ 15.402237201575671, 45.653843737212476 ], [ 15.41152695084825, 45.638600105840091 ], [ 15.381422083312447, 45.614303493370222 ], [ 15.390732432716405, 45.654172900959452 ] ] ] } },
{ "type": "Feature", "properties": { "population": 155, "longitude": 15.673350245872172, "latitude": 45.484159028743399, "BM": 95 }, "geometry": { "type": "Polygon", "coordinates": [ [ [ 15.656429925708434, 45.492331626835366 ], [ 15.678449552990356, 45.497523146874727 ], [ 15.685890426384232, 45.478091911410388 ], [ 15.677010423028204, 45.466566847678422 ], [ 15.656429925708434, 45.492331626835366 ] ] ] } },
{ "type": "Feature", "properties": { "population": 201, "longitude": 16.137105594833155, "latitude": 45.438085591338925, "BM": 96 }, "geometry": { "type": "Polygon", "coordinates": [ [ [ 16.117160892968524, 45.468851740943549 ], [ 16.128625676651403, 45.467324638310885 ], [ 16.165477699602715, 45.445302087514904 ], [ 16.166580884373001, 45.434575719863481 ], [ 16.156201158587695, 45.416476165705326 ], [ 16.120529140928976, 45.413195019090395 ], [ 16.114468752435709, 45.414723747483535 ], [ 16.117160892968524, 45.468851740943549 ] ] ] } },
{ "type": "Feature", "properties": { "population": 64, "longitude": 15.42654696238095, "latitude": 45.495707148854564, "BM": 97 }, "geometry": { "type": "Polygon", "coordinates": [ [ [ 15.413911941594616, 45.495458502252426 ], [ 15.425045126488689, 45.511544916178998 ], [ 15.440321293748484, 45.491356243257087 ], [ 15.425985251888344, 45.48240120906928 ], [ 15.413911941594616, 45.495458502252426 ] ] ] } },
{ "type": "Feature", "properties": { "population": 213, "longitude": 15.979763720597125, "latitude": 45.813098641905455, "BM": 98 }, "geometry": { "type": "Polygon", "coordinates": [ [ [ 15.97728305897815, 45.81269062605201 ], [ 15.979136403453499, 45.815536831136384 ], [ 15.979275107642685, 45.815555544673295 ], [ 15.982356088242218, 45.813166965298919 ], [ 15.982131284021623, 45.812203576344466 ], [ 15.979801574411445, 45.811187542230201 ], [ 15.978345310307269, 45.811544549515247 ], [ 15.97728305897815, 45.81269062605201 ] ] ] } },
{ "type": "Feature", "properties": { "population": 243, "longitude": 15.426431688443166, "latitude": 45.387069920874197, "BM": 99 }, "geometry": { "type": "Polygon", "coordinates": [ [ [ 15.423621585969663, 45.411900184680292 ], [ 15.440452082159279, 45.394587986630576 ], [ 15.43878581084566, 45.368999210256064 ], [ 15.43380661528726, 45.364555580110469 ], [ 15.428013325569637, 45.364281631378503 ], [ 15.407613650765329, 45.389131672584995 ], [ 15.423621585969663, 45.411900184680292 ] ] ] } },
{ "type": "Feature", "properties": { "population": 348, "longitude": 15.439469396106151, "latitude": 44.234156568894726, "BM": 100 }, "geometry": { "type": "Polygon", "coordinates": [ [ [ 15.430957008344199, 44.211825919112492 ], [ 15.424696915147852, 44.264137921279264 ], [ 15.431329456201587, 44.263831974612764 ], [ 15.458647391431469, 44.233286604462236 ], [ 15.447526665814975, 44.21034225947907 ], [ 15.435802154810569, 44.208450757839394 ], [ 15.430957008344199, 44.211825919112492 ] ] ] } },
{ "type": "Feature", "properties": { "population": 140, "longitude": 15.440331099911443, "latitude": 45.407608728721357, "BM": 101 }, "geometry": { "type": "Polygon", "coordinates": [ [ [ 15.423381128205806, 45.419858181541258 ], [ 15.424296214109971, 45.420126480626649 ], [ 15.445919109716645, 45.416418356020998 ], [ 15.45787723939805, 45.403574726923075 ], [ 15.455732156700801, 45.397882017353062 ], [ 15.440452082159279, 45.394587986630576 ], [ 15.423621585969663, 45.411900184680292 ], [ 15.423381128205806, 45.419858181541258 ] ] ] } },
{ "type": "Feature", "properties": { "population": 96, "longitude": 16.439109854300533, "latitude": 45.38461606519882, "BM": 102 }, "geometry": { "type": "Polygon", "coordinates": [ [ [ 16.439824007113348, 45.409451920169126 ], [ 16.455465926643765, 45.398585177756843 ], [ 16.449580298242761, 45.363964822267434 ], [ 16.428556186111884, 45.364214555958483 ], [ 16.420788655190435, 45.387479357030927 ], [ 16.439824007113348, 45.409451920169126 ] ] ] } },
{ "type": "Feature", "properties": { "population": 132, "longitude": 16.336366998953071, "latitude": 45.209665968036013, "BM": 103 }, "geometry": { "type": "Polygon", "coordinates": [ [ [ 16.266430454123434, 45.207275594760176 ], [ 16.293644727445002, 45.251787792109475 ], [ 16.326265943725552, 45.263525125852688 ], [ 16.394613432601393, 45.237128071860568 ], [ 16.406534263197113, 45.225586281650351 ], [ 16.374955623920744, 45.162137029382194 ], [ 16.318413009720423, 45.157140131161306 ], [ 16.277798358588033, 45.193663628650661 ], [ 16.266430454123434, 45.207275594760176 ] ] ] } },
{ "type": "Feature", "properties": { "population": 327, "longitude": 15.31775255463689, "latitude": 45.649988232741705, "BM": 104 }, "geometry": { "type": "Polygon", "coordinates": [ [ [ 15.314785040926459, 45.626404988240537 ], [ 15.289742680691573, 45.669737264559672 ], [ 15.32736999675892, 45.674339293795803 ], [ 15.339347473843574, 45.630169725168557 ], [ 15.326729573300028, 45.620350318148212 ], [ 15.326359511215538, 45.620393691299455 ], [ 15.314785040926459, 45.626404988240537 ] ] ] } },
{ "type": "Feature", "properties": { "population": 68, "longitude": 15.749879630418803, "latitude": 44.34697405191752, "BM": 105 }, "geometry": { "type": "Polygon", "coordinates": [ [ [ 15.682102255481391, 44.296911857150668 ], [ 15.695921251101153, 44.344118574917317 ], [ 15.778123706402727, 44.432005596615554 ], [ 15.794083700734037, 44.430225097594231 ], [ 15.811487459471216, 44.389163542542143 ], [ 15.760412156465698, 44.277620797998232 ], [ 15.712204397597063, 44.280460823180128 ], [ 15.682102255481391, 44.296911857150668 ] ] ] } },
{ "type": "Feature", "properties": { "population": 96, "longitude": 16.439109854300533, "latitude": 45.38461606519882, "BM": 106 }, "geometry": { "type": "Polygon", "coordinates": [ [ [ 16.439824007113348, 45.409451920169126 ], [ 16.455465926643765, 45.398585177756843 ], [ 16.449580298242761, 45.363964822267434 ], [ 16.428556186111884, 45.364214555958483 ], [ 16.420788655190435, 45.387479357030927 ], [ 16.439824007113348, 45.409451920169126 ] ] ] } },
{ "type": "Feature", "properties": { "population": 76, "longitude": 15.329577252573804, "latitude": 45.592908670620005, "BM": 107 }, "geometry": { "type": "Polygon", "coordinates": [ [ [ 15.314786887081887, 45.593056306224241 ], [ 15.326926518600049, 45.607465696491801 ], [ 15.349473827313361, 45.59640878886588 ], [ 15.324416428560054, 45.576454213158719 ], [ 15.314212937875418, 45.590828455612524 ], [ 15.314786887081887, 45.593056306224241 ] ] ] } },
{ "type": "Feature", "properties": { "population": 66, "longitude": 15.341381872007414, "latitude": 45.580945199287072, "BM": 108 }, "geometry": { "type": "Polygon", "coordinates": [ [ [ 15.324416428560054, 45.576454213158719 ], [ 15.349473827313361, 45.59640878886588 ], [ 15.361514379945335, 45.600016443256251 ], [ 15.343064621788768, 45.567472115827371 ], [ 15.324589676057043, 45.567285319719275 ], [ 15.324416428560054, 45.576454213158719 ] ] ] } },
{ "type": "Feature", "properties": { "population": 145, "longitude": 16.169625925405334, "latitude": 45.49270426008259, "BM": 109 }, "geometry": { "type": "Polygon", "coordinates": [ [ [ 16.158961120534187, 45.518975492781919 ], [ 16.166076061131463, 45.521881384431474 ], [ 16.184017593865963, 45.495632796118201 ], [ 16.18274265462971, 45.469122907660108 ], [ 16.177372446266901, 45.465404581315454 ], [ 16.15493108473116, 45.483323040087868 ], [ 16.158961120534187, 45.518975492781919 ] ] ] } },
{ "type": "Feature", "properties": { "population": 378, "longitude": 16.483911092371873, "latitude": 45.450402958236864, "BM": 110 }, "geometry": { "type": "Polygon", "coordinates": [ [ [ 16.464409062231645, 45.466121356981603 ], [ 16.505132208956429, 45.4919197814475 ], [ 16.500806946450066, 45.424008878948825 ], [ 16.492199666791876, 45.413267701900509 ], [ 16.491161684950438, 45.413076495436506 ], [ 16.454187337517673, 45.438794340612205 ], [ 16.464409062231645, 45.466121356981603 ] ] ] } },
{ "type": "Feature", "properties": { "population": 309, "longitude": 15.311554128703273, "latitude": 45.25782764137842, "BM": 111 }, "geometry": { "type": "Polygon", "coordinates": [ [ [ 15.281508569531338, 45.270250432768272 ], [ 15.32732832171085, 45.285142082098801 ], [ 15.333626065168673, 45.243377406774741 ], [ 15.328354763572793, 45.231636294745186 ], [ 15.299765364330076, 45.236986439804525 ], [ 15.281806884698433, 45.268980626782756 ], [ 15.281508569531338, 45.270250432768272 ] ] ] } },
{ "type": "Feature", "properties": { "population": 295, "longitude": 16.943747423151212, "latitude": 45.425117925237977, "BM": 112 }, "geometry": { "type": "Polygon", "coordinates": [ [ [ 16.925213111327981, 45.401852501156576 ], [ 16.918053142313571, 45.441087349907427 ], [ 16.959694109694528, 45.447802378850326 ], [ 16.975738117819976, 45.42972831562777 ], [ 16.941470178054136, 45.39742798638364 ], [ 16.925213111327981, 45.401852501156576 ] ] ] } },
{ "type": "Feature", "properties": { "population": 132, "longitude": 16.336366998953071, "latitude": 45.209665968036013, "BM": 113 }, "geometry": { "type": "Polygon", "coordinates": [ [ [ 16.266430454123434, 45.207275594760176 ], [ 16.293644727445002, 45.251787792109475 ], [ 16.326265943725552, 45.263525125852688 ], [ 16.394613432601393, 45.237128071860568 ], [ 16.406534263197113, 45.225586281650351 ], [ 16.374955623920744, 45.162137029382194 ], [ 16.318413009720423, 45.157140131161306 ], [ 16.277798358588033, 45.193663628650661 ], [ 16.266430454123434, 45.207275594760176 ] ] ] } },
{ "type": "Feature", "properties": { "population": 99, "longitude": 16.128220838947371, "latitude": 45.496240916186089, "BM": 114 }, "geometry": { "type": "Polygon", "coordinates": [ [ [ 16.096519103165807, 45.494645524551551 ], [ 16.101382661194997, 45.516819294329466 ], [ 16.158961120534187, 45.518975492781919 ], [ 16.15493108473116, 45.483323040087868 ], [ 16.128625676651403, 45.467324638310885 ], [ 16.117160892968524, 45.468851740943549 ], [ 16.10107136827062, 45.487048994617943 ], [ 16.096519103165807, 45.494645524551551 ] ] ] } },
{ "type": "Feature", "properties": { "population": 784, "longitude": 15.300863816261216, "latitude": 45.525350367670363, "BM": 115 }, "geometry": { "type": "Polygon", "coordinates": [ [ [ 15.251823628694739, 45.525312060898052 ], [ 15.321296307138724, 45.560036503531443 ], [ 15.345326490753337, 45.53518168015674 ], [ 15.295295722367722, 45.487095140545975 ], [ 15.251823628694739, 45.525312060898052 ] ] ] } },
{ "type": "Feature", "properties": { "population": 29, "longitude": 15.439829866050664, "latitude": 45.619191960474751, "BM": 116 }, "geometry": { "type": "Polygon", "coordinates": [ [ [ 15.421783440188314, 45.629754738458672 ], [ 15.445152627490167, 45.644331809036302 ], [ 15.458040980841789, 45.640924934782042 ], [ 15.460866051588392, 45.63318091650428 ], [ 15.452198605162634, 45.598340550822158 ], [ 15.419002319971897, 45.597216816746744 ], [ 15.421783440188314, 45.629754738458672 ] ] ] } },
{ "type": "Feature", "properties": { "population": 121, "longitude": 15.305401893697338, "latitude": 45.150166427172174, "BM": 117 }, "geometry": { "type": "Polygon", "coordinates": [ [ [ 15.300551961873618, 45.172560047842701 ], [ 15.318636476410662, 45.166449191135939 ], [ 15.316966778426377, 45.124004458572067 ], [ 15.2854709599735, 45.14564434241079 ], [ 15.300551961873618, 45.172560047842701 ] ] ] } },
{ "type": "Feature", "properties": { "population": 47, "longitude": 15.275233980139333, "latitude": 45.160765834733454, "BM": 118 }, "geometry": { "type": "Polygon", "coordinates": [ [ [ 15.263232965303883, 45.176811282244799 ], [ 15.299317926040253, 45.17384932931332 ], [ 15.300551961873618, 45.172560047842701 ], [ 15.2854709599735, 45.14564434241079 ], [ 15.263455489699332, 45.142486790800092 ], [ 15.252915985738356, 45.156814435315326 ], [ 15.263232965303883, 45.176811282244799 ] ] ] } },
{ "type": "Feature", "properties": { "population": 103, "longitude": 15.435949807230328, "latitude": 45.552590284149126, "BM": 119 }, "geometry": { "type": "Polygon", "coordinates": [ [ [ 15.414425659507137, 45.570573456515312 ], [ 15.457522067892249, 45.555747479890407 ], [ 15.449003805121645, 45.534995555869941 ], [ 15.427529249517525, 45.541910021626471 ], [ 15.413503563663006, 45.5660270035102 ], [ 15.414425659507137, 45.570573456515312 ] ] ] } },
{ "type": "Feature", "properties": { "population": 939, "longitude": 15.278000254510079, "latitude": 45.188543331442773, "BM": 120 }, "geometry": { "type": "Polygon", "coordinates": [ [ [ 15.275768218871505, 45.206754623299766 ], [ 15.299040046606263, 45.185942690448513 ], [ 15.299317926040253, 45.17384932931332 ], [ 15.263232965303883, 45.176811282244799 ], [ 15.259099297568406, 45.202239914521478 ], [ 15.275768218871505, 45.206754623299766 ] ] ] } },
{ "type": "Feature", "properties": { "population": 153, "longitude": 16.593306178962308, "latitude": 45.324956377747547, "BM": 121 }, "geometry": { "type": "Polygon", "coordinates": [ [ [ 16.57593812232415, 45.304143050798132 ], [ 16.578568602937192, 45.343744470936478 ], [ 16.595387735430926, 45.34568833024742 ], [ 16.617825564467243, 45.337283470650284 ], [ 16.600750177728191, 45.305276160783087 ], [ 16.578462351838947, 45.301825758667214 ], [ 16.577025979123302, 45.302445584674004 ], [ 16.57593812232415, 45.304143050798132 ] ] ] } },
{ "type": "Feature", "properties": { "population": 778, "longitude": 15.278112997042827, "latitude": 45.230665559509269, "BM": 122 }, "geometry": { "type": "Polygon", "coordinates": [ [ [ 15.254190396033389, 45.210750500888388 ], [ 15.281806884698433, 45.268980626782756 ], [ 15.299765364330076, 45.236986439804525 ], [ 15.295365446396678, 45.22111593160443 ], [ 15.275768218871505, 45.206754623299766 ], [ 15.259099297568406, 45.202239914521478 ], [ 15.255895137836148, 45.20489657587413 ], [ 15.254190396033389, 45.210750500888388 ] ] ] } },
{ "type": "Feature", "properties": { "population": 463, "longitude": 16.192332854447102, "latitude": 45.410494472412871, "BM": 123 }, "geometry": { "type": "Polygon", "coordinates": [ [ [ 16.166580884373001, 45.434575719863481 ], [ 16.214626454461708, 45.427432365225101 ], [ 16.22079170606013, 45.384803194479929 ], [ 16.217935914763554, 45.378955947703908 ], [ 16.205259047340856, 45.38355231800508 ], [ 16.159271199253869, 45.411194111285695 ], [ 16.156201158587695, 45.416476165705326 ], [ 16.166580884373001, 45.434575719863481 ] ] ] } },
{ "type": "Feature", "properties": { "population": 260, "longitude": 15.821890189085329, "latitude": 45.214757676686567, "BM": 124 }, "geometry": { "type": "Polygon", "coordinates": [ [ [ 15.866962592805741, 45.126465949453774 ], [ 15.785484884512753, 45.190892844024035 ], [ 15.776531061896435, 45.265026501704163 ], [ 15.78444121508582, 45.291671038903637 ], [ 15.802564783828585, 45.289051563507016 ], [ 15.859846809315268, 45.233465953448345 ], [ 15.866962592805741, 45.126465949453774 ] ] ] } },
{ "type": "Feature", "properties": { "population": 112, "longitude": 16.414692326070142, "latitude": 45.176602892399664, "BM": 125 }, "geometry": { "type": "Polygon", "coordinates": [ [ [ 16.374955623920744, 45.162137029382194 ], [ 16.406534263197113, 45.225586281650351 ], [ 16.422470712411847, 45.223706578225588 ], [ 16.457852412241724, 45.197743704146482 ], [ 16.418680928855927, 45.122916424601321 ], [ 16.381995423751246, 45.145492915606916 ], [ 16.374955623920744, 45.162137029382194 ] ] ] } },
{ "type": "Feature", "properties": { "population": 38, "longitude": 15.504430313895504, "latitude": 44.857442303500029, "BM": 126 }, "geometry": { "type": "Polygon", "coordinates": [ [ [ 15.477165317353531, 44.845474193269901 ], [ 15.521123884293319, 44.918275164845738 ], [ 15.531358718056495, 44.919555038955096 ], [ 15.50476911417862, 44.800192718415474 ], [ 15.498664358936788, 44.797710326534201 ], [ 15.477165317353531, 44.845474193269901 ] ] ] } },
{ "type": "Feature", "properties": { "population": 268, "longitude": 15.360258873417099, "latitude": 45.381002482828933, "BM": 127 }, "geometry": { "type": "Polygon", "coordinates": [ [ [ 15.331473298317697, 45.402910469649711 ], [ 15.371601166557779, 45.397950748321783 ], [ 15.384338480432458, 45.385066567112837 ], [ 15.384146064183305, 45.362848993673794 ], [ 15.363014747473724, 45.353255894141334 ], [ 15.3277369893769, 45.396495263464899 ], [ 15.331473298317697, 45.402910469649711 ] ] ] } },
{ "type": "Feature", "properties": { "population": 246, "longitude": 15.235332511019907, "latitude": 45.21289464682684, "BM": 128 }, "geometry": { "type": "Polygon", "coordinates": [ [ [ 15.214226542901852, 45.224674762557612 ], [ 15.237775194970276, 45.227197528003508 ], [ 15.254190396033389, 45.210750500888388 ], [ 15.255895137836148, 45.20489657587413 ], [ 15.231190341099758, 45.196476735037415 ], [ 15.214226542901852, 45.224674762557612 ] ] ] } },
{ "type": "Feature", "properties": { "population": 900, "longitude": 15.253265347396516, "latitude": 45.266587227031522, "BM": 129 }, "geometry": { "type": "Polygon", "coordinates": [ [ [ 15.232344210831458, 45.262150853749354 ], [ 15.263748242824354, 45.287322137019693 ], [ 15.270340352791488, 45.283405344767317 ], [ 15.277688215664396, 45.272956442539559 ], [ 15.2404105115713, 45.24553152238984 ], [ 15.236352618894813, 45.247357515837962 ], [ 15.230576855927689, 45.257275675454615 ], [ 15.232344210831458, 45.262150853749354 ] ] ] } },
{ "type": "Feature", "properties": { "population": 329, "longitude": 15.818847339943368, "latitude": 45.049440225470207, "BM": 130 }, "geometry": { "type": "Polygon", "coordinates": [ [ [ 15.76123787064115, 44.998693711060035 ], [ 15.693547741200309, 45.117038114867938 ], [ 15.713769969320058, 45.141904841660129 ], [ 15.886588931058707, 45.080275300631477 ], [ 15.96073747558105, 44.980841909734941 ], [ 15.962010021849405, 44.97128156083712 ], [ 15.762981331572544, 44.997952602442766 ], [ 15.76123787064115, 44.998693711060035 ] ] ] } },
{ "type": "Feature", "properties": { "population": 699, "longitude": 15.228305914783512, "latitude": 45.261137008588314, "BM": 131 }, "geometry": { "type": "Polygon", "coordinates": [ [ [ 15.227002991908906, 45.264922654636194 ], [ 15.229453814982758, 45.264085016496708 ], [ 15.232344210831458, 45.262150853749354 ], [ 15.230576855927689, 45.257275675454615 ], [ 15.223563811498142, 45.260130553041208 ], [ 15.227002991908906, 45.264922654636194 ] ] ] } },
{ "type": "Feature", "properties": { "population": 464, "longitude": 15.239368853578332, "latitude": 45.279053342641461, "BM": 132 }, "geometry": { "type": "Polygon", "coordinates": [ [ [ 15.251542247321803, 45.296049368983411 ], [ 15.253201088653542, 45.294835213057453 ], [ 15.229453814982758, 45.264085016496708 ], [ 15.227002991908906, 45.264922654636194 ], [ 15.227028141433205, 45.265949150178052 ], [ 15.251542247321803, 45.296049368983411 ] ] ] } },
{ "type": "Feature", "properties": { "population": 932, "longitude": 15.229310145930114, "latitude": 45.292745596478454, "BM": 133 }, "geometry": { "type": "Polygon", "coordinates": [ [ [ 15.213852121936124, 45.285418101869567 ], [ 15.215510335126195, 45.30362407162707 ], [ 15.224210770603415, 45.319084865453334 ], [ 15.251542247321803, 45.296049368983411 ], [ 15.227028141433205, 45.265949150178052 ], [ 15.221513895280111, 45.270219306530166 ], [ 15.213852121936124, 45.285418101869567 ] ] ] } },
{ "type": "Feature", "properties": { "population": 362, "longitude": 15.183914241007797, "latitude": 45.314729454423649, "BM": 134 }, "geometry": { "type": "Polygon", "coordinates": [ [ [ 15.172389050355658, 45.347789844267147 ], [ 15.195683863573731, 45.344913433924788 ], [ 15.222079817733784, 45.325571517930115 ], [ 15.224210770603415, 45.319084865453334 ], [ 15.215510335126195, 45.30362407162707 ], [ 15.186367692545232, 45.280682347575123 ], [ 15.140359146858744, 45.301035364582098 ], [ 15.172389050355658, 45.347789844267147 ] ] ] } },
{ "type": "Feature", "properties": { "population": 1341, "longitude": 15.213949146283468, "latitude": 45.265671829457872, "BM": 135 }, "geometry": { "type": "Polygon", "coordinates": [ [ [ 15.213852121936124, 45.285418101869567 ], [ 15.221513895280111, 45.270219306530166 ], [ 15.222148820013734, 45.25987106937994 ], [ 15.20387604690475, 45.249400499524107 ], [ 15.213852121936124, 45.285418101869567 ] ] ] } },
{ "type": "Feature", "properties": { "population": 762, "longitude": 15.221147743832411, "latitude": 45.252075719404736, "BM": 136 }, "geometry": { "type": "Polygon", "coordinates": [ [ [ 15.222148820013734, 45.25987106937994 ], [ 15.223563811498142, 45.260130553041208 ], [ 15.230576855927689, 45.257275675454615 ], [ 15.236352618894813, 45.247357515837962 ], [ 15.202612246707444, 45.247340308755298 ], [ 15.20387604690475, 45.249400499524107 ], [ 15.222148820013734, 45.25987106937994 ] ] ] } },
{ "type": "Feature", "properties": { "population": 564, "longitude": 15.223761155060586, "latitude": 45.264879657522336, "BM": 137 }, "geometry": { "type": "Polygon", "coordinates": [ [ [ 15.223563811498142, 45.260130553041208 ], [ 15.222148820013734, 45.25987106937994 ], [ 15.221513895280111, 45.270219306530166 ], [ 15.227028141433205, 45.265949150178052 ], [ 15.227002991908906, 45.264922654636194 ], [ 15.223563811498142, 45.260130553041208 ] ] ] } },
{ "type": "Feature", "properties": { "population": 888, "longitude": 15.196702268350519, "latitude": 45.266161772592277, "BM": 138 }, "geometry": { "type": "Polygon", "coordinates": [ [ [ 15.186367692545232, 45.280682347575123 ], [ 15.215510335126195, 45.30362407162707 ], [ 15.213852121936124, 45.285418101869567 ], [ 15.20387604690475, 45.249400499524107 ], [ 15.202612246707444, 45.247340308755298 ], [ 15.184138219054315, 45.231421225938881 ], [ 15.178545593894635, 45.229749269202088 ], [ 15.186367692545232, 45.280682347575123 ] ] ] } },
{ "type": "Feature", "properties": { "population": 1079, "longitude": 15.561245238792949, "latitude": 45.483186618548096, "BM": 139 }, "geometry": { "type": "Polygon", "coordinates": [ [ [ 15.553454698138809, 45.484622084173296 ], [ 15.558365255794126, 45.489517902614651 ], [ 15.561502434422003, 45.489796914819742 ], [ 15.569060189931566, 45.488043658795725 ], [ 15.568222751537681, 45.478670901601745 ], [ 15.554498968189494, 45.476377642517839 ], [ 15.553454698138809, 45.484622084173296 ] ] ] } },
{ "type": "Feature", "properties": { "population": 201, "longitude": 16.137105594833155, "latitude": 45.438085591338925, "BM": 140 }, "geometry": { "type": "Polygon", "coordinates": [ [ [ 16.117160892968524, 45.468851740943549 ], [ 16.128625676651403, 45.467324638310885 ], [ 16.165477699602715, 45.445302087514904 ], [ 16.166580884373001, 45.434575719863481 ], [ 16.156201158587695, 45.416476165705326 ], [ 16.120529140928976, 45.413195019090395 ], [ 16.114468752435709, 45.414723747483535 ], [ 16.117160892968524, 45.468851740943549 ] ] ] } },
{ "type": "Feature", "properties": { "population": 293, "longitude": 15.283087726870313, "latitude": 44.264889690676732, "BM": 141 }, "geometry": { "type": "Polygon", "coordinates": [ [ [ 15.262499108226772, 44.28755804235751 ], [ 15.311475868781395, 44.273752910192805 ], [ 15.310534217374064, 44.260455061053669 ], [ 15.279057143975086, 44.242780443349595 ], [ 15.263454731429205, 44.246452314471981 ], [ 15.262499108226772, 44.28755804235751 ] ] ] } },
{ "type": "Feature", "properties": { "population": 226, "longitude": 15.581963890576299, "latitude": 45.54644807573019, "BM": 142 }, "geometry": { "type": "Polygon", "coordinates": [ [ [ 15.55319473587593, 45.527877246313153 ], [ 15.556200304825143, 45.549040725740049 ], [ 15.596518108237969, 45.565926398316648 ], [ 15.605445390883078, 45.562521244691382 ], [ 15.619314543923256, 45.552162848269532 ], [ 15.561886051082778, 45.52493048520973 ], [ 15.555110468742686, 45.526431153441166 ], [ 15.55319473587593, 45.527877246313153 ] ] ] } },
{ "type": "Feature", "properties": { "population": 62, "longitude": 15.298343740152129, "latitude": 44.543302857526278, "BM": 143 }, "geometry": { "type": "Polygon", "coordinates": [ [ [ 15.301740096909429, 44.507183929974858 ], [ 15.273586149396197, 44.565873945083922 ], [ 15.280933852795579, 44.576195605539809 ], [ 15.322500684263735, 44.543176191707524 ], [ 15.316864388258493, 44.527282927257076 ], [ 15.301742440690994, 44.507181945175695 ], [ 15.301740096909429, 44.507183929974858 ] ] ] } },
{ "type": "Feature", "properties": { "population": 125, "longitude": 15.862269699448124, "latitude": 45.282381536586129, "BM": 144 }, "geometry": { "type": "Polygon", "coordinates": [ [ [ 15.845802023816121, 45.318875330296983 ], [ 15.873227718413235, 45.320163568216131 ], [ 15.91608640277833, 45.294627691490163 ], [ 15.916257114461695, 45.291448191058251 ], [ 15.909040843659355, 45.271599954651897 ], [ 15.859846809315268, 45.233465953448345 ], [ 15.802564783828585, 45.289051563507016 ], [ 15.845802023816121, 45.318875330296983 ] ] ] } },
{ "type": "Feature", "properties": { "population": 193, "longitude": 15.548940334462795, "latitude": 45.312413988626872, "BM": 145 }, "geometry": { "type": "Polygon", "coordinates": [ [ [ 15.51169446621866, 45.32206842552057 ], [ 15.525836881990786, 45.330656735898884 ], [ 15.566720207556886, 45.34300328629169 ], [ 15.570367958014852, 45.340795832953503 ], [ 15.597407574628074, 45.302787201218827 ], [ 15.514584507021588, 45.282258233326012 ], [ 15.510762522686749, 45.320514195083071 ], [ 15.51169446621866, 45.32206842552057 ] ] ] } },
{ "type": "Feature", "properties": { "population": 226, "longitude": 15.581963890576299, "latitude": 45.54644807573019, "BM": 146 }, "geometry": { "type": "Polygon", "coordinates": [ [ [ 15.55319473587593, 45.527877246313153 ], [ 15.556200304825143, 45.549040725740049 ], [ 15.596518108237969, 45.565926398316648 ], [ 15.605445390883078, 45.562521244691382 ], [ 15.619314543923256, 45.552162848269532 ], [ 15.561886051082778, 45.52493048520973 ], [ 15.555110468742686, 45.526431153441166 ], [ 15.55319473587593, 45.527877246313153 ] ] ] } },
{ "type": "Feature", "properties": { "population": 511, "longitude": 15.595524606038175, "latitude": 45.590745831073249, "BM": 147 }, "geometry": { "type": "Polygon", "coordinates": [ [ [ 15.57493296146826, 45.589533097760459 ], [ 15.593729951116664, 45.615052117917074 ], [ 15.609362977205237, 45.612432992542843 ], [ 15.605445390883078, 45.562521244691382 ], [ 15.596518108237969, 45.565926398316648 ], [ 15.57493296146826, 45.589533097760459 ] ] ] } },
{ "type": "Feature", "properties": { "population": 689, "longitude": 15.594217148103199, "latitude": 45.531444401958225, "BM": 148 }, "geometry": { "type": "Polygon", "coordinates": [ [ [ 15.619314543923256, 45.552162848269532 ], [ 15.626782291983382, 45.548108922866 ], [ 15.595119001518936, 45.517765759423867 ], [ 15.575097163000219, 45.51466989984155 ], [ 15.561886051082778, 45.52493048520973 ], [ 15.619314543923256, 45.552162848269532 ] ] ] } },
{ "type": "Feature", "properties": { "population": 244, "longitude": 15.569500060770771, "latitude": 45.570509818240531, "BM": 149 }, "geometry": { "type": "Polygon", "coordinates": [ [ [ 15.548968677369933, 45.558440319312147 ], [ 15.561910904790521, 45.593773341616703 ], [ 15.569141343525574, 45.592257213222958 ], [ 15.57493296146826, 45.589533097760459 ], [ 15.596518108237969, 45.565926398316648 ], [ 15.556200304825143, 45.549040725740049 ], [ 15.55506046744126, 45.550005510779769 ], [ 15.548968677369933, 45.558440319312147 ] ] ] } },
{ "type": "Feature", "properties": { "population": 341, "longitude": 15.565170109613513, "latitude": 45.51313592031908, "BM": 150 }, "geometry": { "type": "Polygon", "coordinates": [ [ [ 15.555110468742686, 45.526431153441166 ], [ 15.561886051082778, 45.52493048520973 ], [ 15.575097163000219, 45.51466989984155 ], [ 15.57160792185266, 45.497214834414017 ], [ 15.557057487894307, 45.511160785543304 ], [ 15.555110468742686, 45.526431153441166 ] ] ] } },
{ "type": "Feature", "properties": { "population": 419, "longitude": 15.541939027908327, "latitude": 45.538843284100629, "BM": 151 }, "geometry": { "type": "Polygon", "coordinates": [ [ [ 15.527178577554789, 45.545638638944915 ], [ 15.55506046744126, 45.550005510779769 ], [ 15.556200304825143, 45.549040725740049 ], [ 15.55319473587593, 45.527877246313153 ], [ 15.549207064846875, 45.526604597414376 ], [ 15.53298095211866, 45.531369727770624 ], [ 15.523913673094482, 45.537416303815505 ], [ 15.527178577554789, 45.545638638944915 ] ] ] } },
{ "type": "Feature", "properties": { "population": 269, "longitude": 15.727753860246345, "latitude": 45.301602108932023, "BM": 152 }, "geometry": { "type": "Polygon", "coordinates": [ [ [ 15.693562313108972, 45.303468227381167 ], [ 15.708853583542025, 45.330707805854701 ], [ 15.780341175327676, 45.295981740655357 ], [ 15.78061076122785, 45.295604900393656 ], [ 15.780831420665709, 45.294930275603484 ], [ 15.718611658128379, 45.279855325769709 ], [ 15.701630998948582, 45.282631431130397 ], [ 15.693562313108972, 45.303468227381167 ] ] ] } },
{ "type": "Feature", "properties": { "population": 544, "longitude": 15.56069531584944, "latitude": 45.470657904548077, "BM": 153 }, "geometry": { "type": "Polygon", "coordinates": [ [ [ 15.554498968189494, 45.476377642517839 ], [ 15.568222751537681, 45.478670901601745 ], [ 15.571357135267117, 45.474009114322321 ], [ 15.569843506970619, 45.464631083963049 ], [ 15.550455414029138, 45.463830598661389 ], [ 15.549350454955416, 45.466534952535973 ], [ 15.551396104439554, 45.474905449974784 ], [ 15.554498968189494, 45.476377642517839 ] ] ] } },
{ "type": "Feature", "properties": { "population": 286, "longitude": 15.558761633408682, "latitude": 45.457417985117971, "BM": 154 }, "geometry": { "type": "Polygon", "coordinates": [ [ [ 15.550455414029138, 45.463830598661389 ], [ 15.569843506970619, 45.464631083963049 ], [ 15.570131274972411, 45.463090796363296 ], [ 15.56150407011881, 45.448132602902817 ], [ 15.549951524447206, 45.450873197163276 ], [ 15.550455414029138, 45.463830598661389 ] ] ] } },
{ "type": "Feature", "properties": { "population": 320, "longitude": 15.996307521194423, "latitude": 45.433063248591928, "BM": 155 }, "geometry": { "type": "Polygon", "coordinates": [ [ [ 15.967793487624119, 45.468117003277762 ], [ 16.00442744513348, 45.470863676070948 ], [ 16.035863985676116, 45.430740100291104 ], [ 16.035000404552537, 45.412637778157531 ], [ 15.994002158511217, 45.388695795017803 ], [ 15.956249855242692, 45.436727559047249 ], [ 15.967793487624119, 45.468117003277762 ] ] ] } },
{ "type": "Feature", "properties": { "population": 112, "longitude": 16.414692326070142, "latitude": 45.176602892399664, "BM": 156 }, "geometry": { "type": "Polygon", "coordinates": [ [ [ 16.374955623920744, 45.162137029382194 ], [ 16.406534263197113, 45.225586281650351 ], [ 16.422470712411847, 45.223706578225588 ], [ 16.457852412241724, 45.197743704146482 ], [ 16.418680928855927, 45.122916424601321 ], [ 16.381995423751246, 45.145492915606916 ], [ 16.374955623920744, 45.162137029382194 ] ] ] } },
{ "type": "Feature", "properties": { "population": 428, "longitude": 15.566002583517554, "latitude": 45.124895629334958, "BM": 157 }, "geometry": { "type": "Polygon", "coordinates": [ [ [ 15.573368448271342, 45.142698222994781 ], [ 15.589340710373607, 45.12399469094192 ], [ 15.585914232971934, 45.122382893813715 ], [ 15.534963577476187, 45.108536461335383 ], [ 15.573368448271342, 45.142698222994781 ] ] ] } },
{ "type": "Feature", "properties": { "population": 120, "longitude": 15.543437761214776, "latitude": 45.355247771183123, "BM": 158 }, "geometry": { "type": "Polygon", "coordinates": [ [ [ 15.529355593951063, 45.381437482334739 ], [ 15.533272103583768, 45.384449982995172 ], [ 15.563704665341733, 45.360827198898576 ], [ 15.567217046217165, 45.347943546484963 ], [ 15.566720207556886, 45.34300328629169 ], [ 15.525836881990786, 45.330656735898884 ], [ 15.529355593951063, 45.381437482334739 ] ] ] } },
{ "type": "Feature", "properties": { "population": 1090, "longitude": 15.549910771565356, "latitude": 45.481181040951796, "BM": 159 }, "geometry": { "type": "Polygon", "coordinates": [ [ [ 15.543173919958809, 45.480905384234255 ], [ 15.544052334136083, 45.481839616752161 ], [ 15.550920621466268, 45.488106994189181 ], [ 15.551453863029952, 45.48815240890481 ], [ 15.553454698138809, 45.484622084173296 ], [ 15.554498968189494, 45.476377642517839 ], [ 15.551396104439554, 45.474905449974784 ], [ 15.54316521544588, 45.480850926500416 ], [ 15.543173919958809, 45.480905384234255 ] ] ] } },
{ "type": "Feature", "properties": { "population": 189, "longitude": 16.063417560177363, "latitude": 45.275895405942592, "BM": 160 }, "geometry": { "type": "Polygon", "coordinates": [ [ [ 16.050586259775894, 45.201555597343095 ], [ 16.029255855416686, 45.324385708053413 ], [ 16.060503654603259, 45.334162050452925 ], [ 16.093098741121945, 45.307592121318869 ], [ 16.103242120942976, 45.297164415569668 ], [ 16.071939992707804, 45.212538867914425 ], [ 16.050586259775894, 45.201555597343095 ] ] ] } },
{ "type": "Feature", "properties": { "population": 541, "longitude": 15.860406998780501, "latitude": 44.141964458800381, "BM": 161 }, "geometry": { "type": "Polygon", "coordinates": [ [ [ 15.807662229848432, 44.15153317485133 ], [ 15.864250946157203, 44.194806770013287 ], [ 15.907248383782571, 44.144705262854941 ], [ 15.883712353650465, 44.098476674647159 ], [ 15.87524729042317, 44.092609334829554 ], [ 15.858062210580581, 44.09475697101707 ], [ 15.806817782554761, 44.147873918477153 ], [ 15.807662229848432, 44.15153317485133 ] ] ] } },
{ "type": "Feature", "properties": { "population": 1173, "longitude": 15.554421972976064, "latitude": 45.487976952866767, "BM": 162 }, "geometry": { "type": "Polygon", "coordinates": [ [ [ 15.553427895018062, 45.490182444549092 ], [ 15.558365255794126, 45.489517902614651 ], [ 15.553454698138809, 45.484622084173296 ], [ 15.551453863029952, 45.48815240890481 ], [ 15.553427895018062, 45.490182444549092 ] ] ] } },
{ "type": "Feature", "properties": { "population": 1079, "longitude": 15.561245238792949, "latitude": 45.483186618548096, "BM": 163 }, "geometry": { "type": "Polygon", "coordinates": [ [ [ 15.553454698138809, 45.484622084173296 ], [ 15.558365255794126, 45.489517902614651 ], [ 15.561502434422003, 45.489796914819742 ], [ 15.569060189931566, 45.488043658795725 ], [ 15.568222751537681, 45.478670901601745 ], [ 15.554498968189494, 45.476377642517839 ], [ 15.553454698138809, 45.484622084173296 ] ] ] } },
{ "type": "Feature", "properties": { "population": 804, "longitude": 15.97807569897128, "latitude": 45.309510828930669, "BM": 164 }, "geometry": { "type": "Polygon", "coordinates": [ [ [ 15.975983951535133, 45.267651788852291 ], [ 15.959987035875095, 45.352045528787919 ], [ 15.979544252173275, 45.360820677652526 ], [ 15.996075947128789, 45.251782878766541 ], [ 15.975983951535133, 45.267651788852291 ] ] ] } },
{ "type": "Feature", "properties": { "population": 518, "longitude": 15.544599871626549, "latitude": 45.487967155625434, "BM": 165 }, "geometry": { "type": "Polygon", "coordinates": [ [ [ 15.542387906589603, 45.491144093462097 ], [ 15.54653458895933, 45.492945623266408 ], [ 15.548225960584352, 45.490438928549523 ], [ 15.544052334136083, 45.481839616752161 ], [ 15.543173919958809, 45.480905384234255 ], [ 15.541770325391809, 45.489283680898232 ], [ 15.542387906589603, 45.491144093462097 ] ] ] } },
{ "type": "Feature", "properties": { "population": 1795, "longitude": 15.536593513466761, "latitude": 45.472415376045824, "BM": 166 }, "geometry": { "type": "Polygon", "coordinates": [ [ [ 15.54316521544588, 45.480850926500416 ], [ 15.551396104439554, 45.474905449974784 ], [ 15.549350454955416, 45.466534952535973 ], [ 15.521663842427788, 45.466877975549792 ], [ 15.519636818454337, 45.47382982275505 ], [ 15.54316521544588, 45.480850926500416 ] ] ] } },
{ "type": "Feature", "properties": { "population": 452, "longitude": 15.549569535557355, "latitude": 45.418437091205178, "BM": 167 }, "geometry": { "type": "Polygon", "coordinates": [ [ [ 15.540965299666475, 45.436183467563957 ], [ 15.569036847950112, 45.424586854134652 ], [ 15.567481072162543, 45.416064536715893 ], [ 15.555179913057421, 45.402872154921106 ], [ 15.543910208921357, 45.403458268849747 ], [ 15.530816903626681, 45.413845594911123 ], [ 15.540965299666475, 45.436183467563957 ] ] ] } },
{ "type": "Feature", "properties": { "population": 593, "longitude": 15.556264268149768, "latitude": 45.438507824755369, "BM": 168 }, "geometry": { "type": "Polygon", "coordinates": [ [ [ 15.539793984478285, 45.445287251510102 ], [ 15.549951524447206, 45.450873197163276 ], [ 15.56150407011881, 45.448132602902817 ], [ 15.573261549098447, 45.431841808877437 ], [ 15.569036847950112, 45.424586854134652 ], [ 15.540965299666475, 45.436183467563957 ], [ 15.539793984478285, 45.445287251510102 ] ] ] } },
{ "type": "Feature", "properties": { "population": 248, "longitude": 16.383210759139772, "latitude": 45.583249758642005, "BM": 169 }, "geometry": { "type": "Polygon", "coordinates": [ [ [ 16.35000365858544, 45.563339498624117 ], [ 16.40988826763461, 45.620050617516135 ], [ 16.415053521296642, 45.6197071909519 ], [ 16.389792821761908, 45.569090732602284 ], [ 16.378942942062064, 45.562664895930709 ], [ 16.347985794201698, 45.557818270099339 ], [ 16.35000365858544, 45.563339498624117 ] ] ] } },
{ "type": "Feature", "properties": { "population": 152, "longitude": 15.522208718677012, "latitude": 45.399109810837167, "BM": 170 }, "geometry": { "type": "Polygon", "coordinates": [ [ [ 15.50770036145583, 45.409543958223942 ], [ 15.512432422586633, 45.415782160428137 ], [ 15.530816903626681, 45.413845594911123 ], [ 15.543910208921357, 45.403458268849747 ], [ 15.533272103583768, 45.384449982995172 ], [ 15.529355593951063, 45.381437482334739 ], [ 15.501406690440156, 45.389610160163798 ], [ 15.50770036145583, 45.409543958223942 ] ] ] } },
{ "type": "Feature", "properties": { "population": 228, "longitude": 16.759037295952297, "latitude": 45.5534749407432, "BM": 171 }, "geometry": { "type": "Polygon", "coordinates": [ [ [ 16.740693783259843, 45.57592837124394 ], [ 16.778367545856344, 45.561007856531894 ], [ 16.776780021887852, 45.538453339495419 ], [ 16.772399173420322, 45.535999995242271 ], [ 16.744931894895739, 45.538230979715259 ], [ 16.740693783259843, 45.57592837124394 ] ] ] } },
{ "type": "Feature", "properties": { "population": 587, "longitude": 15.552393071231608, "latitude": 45.499983578902636, "BM": 172 }, "geometry": { "type": "Polygon", "coordinates": [ [ [ 15.554058916941889, 45.503940183858958 ], [ 15.5555130719831, 45.500361072258372 ], [ 15.554638397308853, 45.497625345596163 ], [ 15.548970477936074, 45.49619261378816 ], [ 15.550834422111464, 45.503054023129863 ], [ 15.554058916941889, 45.503940183858958 ] ] ] } },
{ "type": "Feature", "properties": { "population": 417, "longitude": 16.140782570394204, "latitude": 45.611275855006603, "BM": 173 }, "geometry": { "type": "Polygon", "coordinates": [ [ [ 16.121856945350693, 45.605031086836213 ], [ 16.141486758260047, 45.629523186962494 ], [ 16.158906468356726, 45.629588259863105 ], [ 16.150561573889551, 45.599625691725507 ], [ 16.127106889096638, 45.591701727633769 ], [ 16.121856945350693, 45.605031086836213 ] ] ] } },
{ "type": "Feature", "properties": { "population": 319, "longitude": 15.558948333584384, "latitude": 45.497925508539289, "BM": 174 }, "geometry": { "type": "Polygon", "coordinates": [ [ [ 15.5555130719831, 45.500361072258372 ], [ 15.566824278842182, 45.49752747332959 ], [ 15.555309728227522, 45.495900586575054 ], [ 15.555107870904772, 45.496059222176662 ], [ 15.554638397308853, 45.497625345596163 ], [ 15.5555130719831, 45.500361072258372 ] ] ] } },
{ "type": "Feature", "properties": { "population": 400, "longitude": 15.561100724235764, "latitude": 45.502829506050169, "BM": 175 }, "geometry": { "type": "Polygon", "coordinates": [ [ [ 15.554058916941889, 45.503940183858958 ], [ 15.557057487894307, 45.511160785543304 ], [ 15.57160792185266, 45.497214834414017 ], [ 15.571723769937863, 45.496500505427939 ], [ 15.566824278842182, 45.49752747332959 ], [ 15.5555130719831, 45.500361072258372 ], [ 15.554058916941889, 45.503940183858958 ] ] ] } },
{ "type": "Feature", "properties": { "population": 397, "longitude": 15.950024191634117, "latitude": 45.3045141529932, "BM": 176 }, "geometry": { "type": "Polygon", "coordinates": [ [ [ 15.91608640277833, 45.294627691490163 ], [ 15.957992790419739, 45.351456364626181 ], [ 15.959987035875095, 45.352045528787919 ], [ 15.975983951535133, 45.267651788852291 ], [ 15.916257114461695, 45.291448191058251 ], [ 15.91608640277833, 45.294627691490163 ] ] ] } },
{ "type": "Feature", "properties": { "population": 179, "longitude": 15.547205059647551, "latitude": 45.578692758105063, "BM": 177 }, "geometry": { "type": "Polygon", "coordinates": [ [ [ 15.533983345458065, 45.56740037946301 ], [ 15.534299980486789, 45.579081745362984 ], [ 15.552064578263211, 45.598653312910294 ], [ 15.561910904790521, 45.593773341616703 ], [ 15.548968677369933, 45.558440319312147 ], [ 15.534647805869618, 45.566095566688105 ], [ 15.533983345458065, 45.56740037946301 ] ] ] } },
{ "type": "Feature", "properties": { "population": 376, "longitude": 15.538996933062142, "latitude": 45.554441069868709, "BM": 178 }, "geometry": { "type": "Polygon", "coordinates": [ [ [ 15.526806060821038, 45.55194712367733 ], [ 15.534647805869618, 45.566095566688105 ], [ 15.548968677369933, 45.558440319312147 ], [ 15.55506046744126, 45.550005510779769 ], [ 15.527178577554789, 45.545638638944915 ], [ 15.526806060821038, 45.55194712367733 ] ] ] } },
{ "type": "Feature", "properties": { "population": 1377, "longitude": 15.556364503994402, "latitude": 45.492000076657334, "BM": 179 }, "geometry": { "type": "Polygon", "coordinates": [ [ [ 15.555107870904772, 45.496059222176662 ], [ 15.555309728227522, 45.495900586575054 ], [ 15.561502434422003, 45.489796914819742 ], [ 15.558365255794126, 45.489517902614651 ], [ 15.553427895018062, 45.490182444549092 ], [ 15.552703338778626, 45.492247575157954 ], [ 15.555107870904772, 45.496059222176662 ] ] ] } },
{ "type": "Feature", "properties": { "population": 783, "longitude": 15.542356795638783, "latitude": 45.497447369034013, "BM": 180 }, "geometry": { "type": "Polygon", "coordinates": [ [ [ 15.537944412750457, 45.501549341257146 ], [ 15.540218202192321, 45.504386169279442 ], [ 15.541504108833166, 45.503753045340183 ], [ 15.54792392608416, 45.495379918038516 ], [ 15.547839119330726, 45.494739531917944 ], [ 15.54653458895933, 45.492945623266408 ], [ 15.542387906589603, 45.491144093462097 ], [ 15.537763698123918, 45.498189497604834 ], [ 15.537944412750457, 45.501549341257146 ] ] ] } },
{ "type": "Feature", "properties": { "population": 670, "longitude": 15.537481492691878, "latitude": 45.458001509910382, "BM": 181 }, "geometry": { "type": "Polygon", "coordinates": [ [ [ 15.521663842427788, 45.466877975549792 ], [ 15.549350454955416, 45.466534952535973 ], [ 15.550455414029138, 45.463830598661389 ], [ 15.549951524447206, 45.450873197163276 ], [ 15.539793984478285, 45.445287251510102 ], [ 15.531035675435001, 45.449875820225486 ], [ 15.521700570642464, 45.461668782584702 ], [ 15.521663842427788, 45.466877975549792 ] ] ] } },
{ "type": "Feature", "properties": { "population": 766, "longitude": 16.306727476975965, "latitude": 45.524252512473936, "BM": 182 }, "geometry": { "type": "Polygon", "coordinates": [ [ [ 16.314171671891074, 45.555958679861597 ], [ 16.324475610405784, 45.551308454301946 ], [ 16.311430115675133, 45.497283801542096 ], [ 16.284762013484173, 45.507192051395634 ], [ 16.28456172729236, 45.509477945613703 ], [ 16.314171671891074, 45.555958679861597 ] ] ] } },
{ "type": "Feature", "properties": { "population": 87, "longitude": 15.515135786059918, "latitude": 45.591864138731488, "BM": 183 }, "geometry": { "type": "Polygon", "coordinates": [ [ [ 15.501941830720705, 45.595418831018051 ], [ 15.528179313843992, 45.601257061897826 ], [ 15.522415799222168, 45.583069200918878 ], [ 15.504865742314479, 45.585740012399022 ], [ 15.500771666474954, 45.594413102034203 ], [ 15.501941830720705, 45.595418831018051 ] ] ] } },
{ "type": "Feature", "properties": { "population": 171, "longitude": 16.790157974693219, "latitude": 45.547295991604642, "BM": 184 }, "geometry": { "type": "Polygon", "coordinates": [ [ [ 16.786685498731782, 45.56664858066685 ], [ 16.808737811896339, 45.54140364833426 ], [ 16.805046311754634, 45.536010216657409 ], [ 16.791682283158391, 45.532909991245539 ], [ 16.776780021887852, 45.538453339495419 ], [ 16.778367545856344, 45.561007856531894 ], [ 16.786685498731782, 45.56664858066685 ] ] ] } },
{ "type": "Feature", "properties": { "population": 149, "longitude": 15.665605486139112, "latitude": 44.252528574230681, "BM": 185 }, "geometry": { "type": "Polygon", "coordinates": [ [ [ 15.615728624030544, 44.230881138131878 ], [ 15.616207462928289, 44.262010690182343 ], [ 15.620191532593449, 44.284063592548193 ], [ 15.682102255481391, 44.296911857150668 ], [ 15.712204397597063, 44.280460823180128 ], [ 15.708524809894378, 44.211733495462056 ], [ 15.649497545050568, 44.212239452453233 ], [ 15.615728624030544, 44.230881138131878 ] ] ] } },
{ "type": "Feature", "properties": { "population": 380, "longitude": 15.487212338851688, "latitude": 45.581444546842178, "BM": 186 }, "geometry": { "type": "Polygon", "coordinates": [ [ [ 15.463739836822645, 45.588782566731943 ], [ 15.46979511729084, 45.590828436141599 ], [ 15.493840554799281, 45.596868642070881 ], [ 15.500771666474954, 45.594413102034203 ], [ 15.504865742314479, 45.585740012399022 ], [ 15.503820486222237, 45.567993159869687 ], [ 15.500961220406372, 45.562420858410299 ], [ 15.464206637939791, 45.578880059114596 ], [ 15.463739836822645, 45.588782566731943 ] ] ] } },
{ "type": "Feature", "properties": { "population": 158, "longitude": 16.63074551169446, "latitude": 45.318906961581462, "BM": 187 }, "geometry": { "type": "Polygon", "coordinates": [ [ [ 16.600750177728191, 45.305276160783087 ], [ 16.617825564467243, 45.337283470650284 ], [ 16.644701208985566, 45.345773910516904 ], [ 16.662073217471004, 45.332497488518719 ], [ 16.633891364613213, 45.291265119253396 ], [ 16.607146901244629, 45.298474108323752 ], [ 16.600750177728191, 45.305276160783087 ] ] ] } },
{ "type": "Feature", "properties": { "population": 531, "longitude": 16.247514609344446, "latitude": 45.460106033670165, "BM": 188 }, "geometry": { "type": "Polygon", "coordinates": [ [ [ 16.223728572708122, 45.461254295047631 ], [ 16.231100606848049, 45.475066031371782 ], [ 16.253991646579927, 45.480880238992988 ], [ 16.263416000294455, 45.47925905985614 ], [ 16.271760339074557, 45.458737818225607 ], [ 16.267608226972644, 45.450497899362418 ], [ 16.251181191252094, 45.437862021963753 ], [ 16.22511565745344, 45.447592074425934 ], [ 16.223728572708122, 45.461254295047631 ] ] ] } },
{ "type": "Feature", "properties": { "population": 1343, "longitude": 15.519897365558403, "latitude": 45.526035160284053, "BM": 189 }, "geometry": { "type": "Polygon", "coordinates": [ [ [ 15.507885339512477, 45.533511455196361 ], [ 15.523913673094482, 45.537416303815505 ], [ 15.53298095211866, 45.531369727770624 ], [ 15.522975081291497, 45.512545048520124 ], [ 15.514613568912544, 45.513730540627684 ], [ 15.507584666141897, 45.53196535027255 ], [ 15.507885339512477, 45.533511455196361 ] ] ] } },
{ "type": "Feature", "properties": { "population": 80, "longitude": 15.634783338639572, "latitude": 45.018659793951002, "BM": 190 }, "geometry": { "type": "Polygon", "coordinates": [ [ [ 15.563628543092392, 45.005054692818355 ], [ 15.561928628257274, 45.018632550743931 ], [ 15.605908110741987, 45.04274837765599 ], [ 15.651507400027631, 45.048996156917852 ], [ 15.726228277778382, 45.00443595521876 ], [ 15.5988080570043, 44.99526143329846 ], [ 15.580198704946909, 44.998625631739898 ], [ 15.563628543092392, 45.005054692818355 ] ] ] } },
{ "type": "Feature", "properties": { "population": 554, "longitude": 15.537332535242767, "latitude": 45.492514237308583, "BM": 191 }, "geometry": { "type": "Polygon", "coordinates": [ [ [ 15.532769937506956, 45.492067353881218 ], [ 15.537763698123918, 45.498189497604834 ], [ 15.542387906589603, 45.491144093462097 ], [ 15.541770325391809, 45.489283680898232 ], [ 15.531226996476974, 45.489874956282343 ], [ 15.532769937506956, 45.492067353881218 ] ] ] } },
{ "type": "Feature", "properties": { "population": 423, "longitude": 15.509447786505415, "latitude": 45.464752520739722, "BM": 192 }, "geometry": { "type": "Polygon", "coordinates": [ [ [ 15.493353503350473, 45.462773526858307 ], [ 15.510509557946454, 45.476977657802202 ], [ 15.517917032116261, 45.476120513305361 ], [ 15.519636818454337, 45.47382982275505 ], [ 15.521663842427788, 45.466877975549792 ], [ 15.521700570642464, 45.461668782584702 ], [ 15.512516467910411, 45.453753191056265 ], [ 15.512433304175609, 45.453732295601597 ], [ 15.5110567417402, 45.453579270973229 ], [ 15.499732673484138, 45.456134339252479 ], [ 15.496613467544316, 45.458762632628691 ], [ 15.493353503350473, 45.462773526858307 ] ] ] } },
{ "type": "Feature", "properties": { "population": 623, "longitude": 15.505552009709294, "latitude": 45.491290717529544, "BM": 193 }, "geometry": { "type": "Polygon", "coordinates": [ [ [ 15.489672008625098, 45.501054017365171 ], [ 15.510086218456845, 45.505910433842018 ], [ 15.518965988292331, 45.487519377157007 ], [ 15.519327783800314, 45.481930464122847 ], [ 15.517917032116261, 45.476120513305361 ], [ 15.510509557946454, 45.476977657802202 ], [ 15.493355037141654, 45.486548060666493 ], [ 15.489672008625098, 45.501054017365171 ] ] ] } },
{ "type": "Feature", "properties": { "population": 787, "longitude": 16.223695210137564, "latitude": 45.596882397485984, "BM": 194 }, "geometry": { "type": "Polygon", "coordinates": [ [ [ 16.209867047546808, 45.638065478033745 ], [ 16.213263847822926, 45.636917434027303 ], [ 16.247963560132725, 45.611685016609478 ], [ 16.251818455034741, 45.607109146590616 ], [ 16.266083292131007, 45.583167531496123 ], [ 16.236293685955012, 45.56701636943297 ], [ 16.184051603854662, 45.578430694636637 ], [ 16.209867047546808, 45.638065478033745 ] ] ] } },
{ "type": "Feature", "properties": { "population": 221, "longitude": 15.633617276909726, "latitude": 45.320342941715388, "BM": 195 }, "geometry": { "type": "Polygon", "coordinates": [ [ [ 15.59801375557689, 45.302285281954923 ], [ 15.644490901659536, 45.356942540565008 ], [ 15.659846481684854, 45.327046159142284 ], [ 15.647286747629495, 45.299158105065196 ], [ 15.599817114935577, 45.298743378364371 ], [ 15.59801375557689, 45.302285281954923 ] ] ] } },
{ "type": "Feature", "properties": { "population": 302, "longitude": 15.532535816262698, "latitude": 45.507366379693643, "BM": 196 }, "geometry": { "type": "Polygon", "coordinates": [ [ [ 15.539800189946151, 45.513011281697295 ], [ 15.540218202192321, 45.504386169279442 ], [ 15.537944412750457, 45.501549341257146 ], [ 15.529828428866079, 45.50119946023608 ], [ 15.52739039269369, 45.501258731322935 ], [ 15.523289611306625, 45.512374090524737 ], [ 15.539800189946151, 45.513011281697295 ] ] ] } },
{ "type": "Feature", "properties": { "population": 1223, "longitude": 15.518895675231786, "latitude": 45.502744639648753, "BM": 197 }, "geometry": { "type": "Polygon", "coordinates": [ [ [ 15.514613568912544, 45.513730540627684 ], [ 15.522975081291497, 45.512545048520124 ], [ 15.523289611306625, 45.512374090524737 ], [ 15.52739039269369, 45.501258731322935 ], [ 15.518965988292331, 45.487519377157007 ], [ 15.510086218456845, 45.505910433842018 ], [ 15.514613568912544, 45.513730540627684 ] ] ] } },
{ "type": "Feature", "properties": { "population": 115, "longitude": 15.514430309658872, "latitude": 45.358609998529495, "BM": 198 }, "geometry": { "type": "Polygon", "coordinates": [ [ [ 15.501985656883823, 45.347196534763093 ], [ 15.49938370181159, 45.387557593806129 ], [ 15.501406690440156, 45.389610160163798 ], [ 15.529355593951063, 45.381437482334739 ], [ 15.525836881990786, 45.330656735898884 ], [ 15.51169446621866, 45.32206842552057 ], [ 15.501985656883823, 45.347196534763093 ] ] ] } },
{ "type": "Feature", "properties": { "population": 326, "longitude": 15.533970710818744, "latitude": 45.498098913270006, "BM": 199 }, "geometry": { "type": "Polygon", "coordinates": [ [ [ 15.529828428866079, 45.50119946023608 ], [ 15.537944412750457, 45.501549341257146 ], [ 15.537763698123918, 45.498189497604834 ], [ 15.532769937506956, 45.492067353881218 ], [ 15.529828428866079, 45.50119946023608 ] ] ] } },
{ "type": "Feature", "properties": { "population": 398, "longitude": 15.519184371893951, "latitude": 45.445353909000474, "BM": 200 }, "geometry": { "type": "Polygon", "coordinates": [ [ [ 15.511580576795629, 45.425221444277653 ], [ 15.512516467910411, 45.453753191056265 ], [ 15.521700570642464, 45.461668782584702 ], [ 15.531035675435001, 45.449875820225486 ], [ 15.51206228949146, 45.423772223821899 ], [ 15.511580576795629, 45.425221444277653 ] ] ] } },
{ "type": "Feature", "properties": { "population": 498, "longitude": 16.109268786185165, "latitude": 45.322473317754614, "BM": 201 }, "geometry": { "type": "Polygon", "coordinates": [ [ [ 16.087926436805766, 45.335689345792275 ], [ 16.089728425180073, 45.336865916232348 ], [ 16.101752187206845, 45.339170798601231 ], [ 16.141018178112734, 45.333024006176295 ], [ 16.141180443406714, 45.332662393852004 ], [ 16.103242120942976, 45.297164415569668 ], [ 16.093098741121945, 45.307592121318869 ], [ 16.087926436805766, 45.335689345792275 ] ] ] } },
{ "type": "Feature", "properties": { "population": 474, "longitude": 15.49654246623037, "latitude": 45.449237359402687, "BM": 202 }, "geometry": { "type": "Polygon", "coordinates": [ [ [ 15.499373306199532, 45.448434328763803 ], [ 15.494371039974418, 45.447003138989999 ], [ 15.49489439055813, 45.450780333643074 ], [ 15.497350324973338, 45.451506069892893 ], [ 15.499373306199532, 45.448434328763803 ] ] ] } },
{ "type": "Feature", "properties": { "population": 459, "longitude": 15.494953215137588, "latitude": 45.444728941815633, "BM": 203 }, "geometry": { "type": "Polygon", "coordinates": [ [ [ 15.499764150417079, 45.448248049683436 ], [ 15.493760957769574, 45.441135747769977 ], [ 15.490751229884342, 45.441447680722881 ], [ 15.494371039974418, 45.447003138989999 ], [ 15.499373306199532, 45.448434328763803 ], [ 15.499764150417079, 45.448248049683436 ] ] ] } },
{ "type": "Feature", "properties": { "population": 732, "longitude": 15.504848974164029, "latitude": 45.446449216917308, "BM": 204 }, "geometry": { "type": "Polygon", "coordinates": [ [ [ 15.5110567417402, 45.453579270973229 ], [ 15.512433304175609, 45.453732295601597 ], [ 15.501530156989745, 45.438728898667549 ], [ 15.499912894267995, 45.43997537416022 ], [ 15.501612489614123, 45.447775426016065 ], [ 15.5110567417402, 45.453579270973229 ] ] ] } },
{ "type": "Feature", "properties": { "population": 626, "longitude": 15.498416762686038, "latitude": 45.443630579312554, "BM": 205 }, "geometry": { "type": "Polygon", "coordinates": [ [ [ 15.499912894267995, 45.43997537416022 ], [ 15.493760957769574, 45.441135747769977 ], [ 15.499764150417079, 45.448248049683436 ], [ 15.501612489614123, 45.447775426016065 ], [ 15.499912894267995, 45.43997537416022 ] ] ] } },
{ "type": "Feature", "properties": { "population": 560, "longitude": 15.496741378454814, "latitude": 45.454451232801631, "BM": 206 }, "geometry": { "type": "Polygon", "coordinates": [ [ [ 15.493872769869375, 45.451656853224293 ], [ 15.496613467544316, 45.458762632628691 ], [ 15.499732673484138, 45.456134339252479 ], [ 15.497350324973338, 45.451506069892893 ], [ 15.49489439055813, 45.450780333643074 ], [ 15.493872769869375, 45.451656853224293 ] ] ] } },
{ "type": "Feature", "properties": { "population": 240, "longitude": 16.155566141514004, "latitude": 45.465084670249155, "BM": 207 }, "geometry": { "type": "Polygon", "coordinates": [ [ [ 16.128625676651403, 45.467324638310885 ], [ 16.15493108473116, 45.483323040087868 ], [ 16.177372446266901, 45.465404581315454 ], [ 16.165477699602715, 45.445302087514904 ], [ 16.128625676651403, 45.467324638310885 ] ] ] } },
{ "type": "Feature", "properties": { "population": 312, "longitude": 15.796280943317731, "latitude": 45.483168864813337, "BM": 208 }, "geometry": { "type": "Polygon", "coordinates": [ [ [ 15.785682259823435, 45.520742556999615 ], [ 15.824595858113222, 45.502019261607195 ], [ 15.832675925114527, 45.484178570899978 ], [ 15.829803124740172, 45.461899681394598 ], [ 15.773051220408359, 45.447703420326604 ], [ 15.762342145560993, 45.498516969006303 ], [ 15.785682259823435, 45.520742556999615 ] ] ] } },
{ "type": "Feature", "properties": { "population": 418, "longitude": 16.468124705926385, "latitude": 45.506753455391632, "BM": 209 }, "geometry": { "type": "Polygon", "coordinates": [ [ [ 16.434544295372316, 45.511161717687131 ], [ 16.436773761245369, 45.516019314743886 ], [ 16.456542834014485, 45.542764679275422 ], [ 16.468691807712833, 45.549360341441016 ], [ 16.486092636138604, 45.537922617514781 ], [ 16.494242874044424, 45.52541716102543 ], [ 16.505880419080547, 45.492979796410836 ], [ 16.505132208956429, 45.4919197814475 ], [ 16.464409062231645, 45.466121356981603 ], [ 16.459810814764907, 45.468127256391156 ], [ 16.432883899599709, 45.493646813040783 ], [ 16.434544295372316, 45.511161717687131 ] ] ] } },
{ "type": "Feature", "properties": { "population": 311, "longitude": 16.602892024154958, "latitude": 45.583086386699776, "BM": 210 }, "geometry": { "type": "Polygon", "coordinates": [ [ [ 16.596475637362772, 45.595749374990596 ], [ 16.613512334106776, 45.603912246668308 ], [ 16.623339881451258, 45.598279301698966 ], [ 16.606261070162088, 45.561174753938083 ], [ 16.579859037542352, 45.574029464231664 ], [ 16.594865281446477, 45.594302079235206 ], [ 16.596475637362772, 45.595749374990596 ] ] ] } },
{ "type": "Feature", "properties": { "population": 378, "longitude": 16.483911092371873, "latitude": 45.450402958236864, "BM": 211 }, "geometry": { "type": "Polygon", "coordinates": [ [ [ 16.464409062231645, 45.466121356981603 ], [ 16.505132208956429, 45.4919197814475 ], [ 16.500806946450066, 45.424008878948825 ], [ 16.492199666791876, 45.413267701900509 ], [ 16.491161684950438, 45.413076495436506 ], [ 16.454187337517673, 45.438794340612205 ], [ 16.464409062231645, 45.466121356981603 ] ] ] } },
{ "type": "Feature", "properties": { "population": 580, "longitude": 16.093487483538858, "latitude": 45.339977715298922, "BM": 212 }, "geometry": { "type": "Polygon", "coordinates": [ [ [ 16.101752187206845, 45.339170798601231 ], [ 16.089728425180073, 45.336865916232348 ], [ 16.088981838229646, 45.343896431063179 ], [ 16.101752187206845, 45.339170798601231 ] ] ] } },
{ "type": "Feature", "properties": { "population": 504, "longitude": 15.495040870305433, "latitude": 45.47456739428015, "BM": 213 }, "geometry": { "type": "Polygon", "coordinates": [ [ [ 15.482739526497811, 45.471221460551462 ], [ 15.489028008150347, 45.482688823633374 ], [ 15.493355037141654, 45.486548060666493 ], [ 15.510509557946454, 45.476977657802202 ], [ 15.493353503350473, 45.462773526858307 ], [ 15.490493327679408, 45.462657875302511 ], [ 15.482739526497811, 45.471221460551462 ] ] ] } },
{ "type": "Feature", "properties": { "population": 301, "longitude": 15.498122175629481, "latitude": 45.431158263826113, "BM": 214 }, "geometry": { "type": "Polygon", "coordinates": [ [ [ 15.51206228949146, 45.423772223821899 ], [ 15.512026461333413, 45.416896538135447 ], [ 15.484133809321921, 45.432387120159902 ], [ 15.48334184605994, 45.433501911523194 ], [ 15.484395597975441, 45.439802465097124 ], [ 15.490751229884342, 45.441447680722881 ], [ 15.493760957769574, 45.441135747769977 ], [ 15.499912894267995, 45.43997537416022 ], [ 15.501530156989745, 45.438728898667549 ], [ 15.511580576795629, 45.425221444277653 ], [ 15.51206228949146, 45.423772223821899 ] ] ] } },
{ "type": "Feature", "properties": { "population": 774, "longitude": 15.508543365563733, "latitude": 45.439266775957535, "BM": 215 }, "geometry": { "type": "Polygon", "coordinates": [ [ [ 15.501530156989745, 45.438728898667549 ], [ 15.512433304175609, 45.453732295601597 ], [ 15.512516467910411, 45.453753191056265 ], [ 15.511580576795629, 45.425221444277653 ], [ 15.501530156989745, 45.438728898667549 ] ] ] } },
{ "type": "Feature", "properties": { "population": 151, "longitude": 15.490913611385059, "latitude": 45.401158562069618, "BM": 216 }, "geometry": { "type": "Polygon", "coordinates": [ [ [ 15.48212400011132, 45.413995862966239 ], [ 15.50770036145583, 45.409543958223942 ], [ 15.501406690440156, 45.389610160163798 ], [ 15.49938370181159, 45.387557593806129 ], [ 15.481073608701623, 45.389097625330777 ], [ 15.474796994287294, 45.410235813213454 ], [ 15.48212400011132, 45.413995862966239 ] ] ] } },
{ "type": "Feature", "properties": { "population": 272, "longitude": 15.495091040814643, "latitude": 45.418941867493167, "BM": 217 }, "geometry": { "type": "Polygon", "coordinates": [ [ [ 15.484133809321921, 45.432387120159902 ], [ 15.512026461333413, 45.416896538135447 ], [ 15.512432422586633, 45.415782160428137 ], [ 15.50770036145583, 45.409543958223942 ], [ 15.48212400011132, 45.413995862966239 ], [ 15.484133809321921, 45.432387120159902 ] ] ] } },
{ "type": "Feature", "properties": { "population": 287, "longitude": 15.500405731464898, "latitude": 45.514271614713124, "BM": 218 }, "geometry": { "type": "Polygon", "coordinates": [ [ [ 15.487015664969169, 45.515481363498161 ], [ 15.507584666141897, 45.53196535027255 ], [ 15.514613568912544, 45.513730540627684 ], [ 15.510086218456845, 45.505910433842018 ], [ 15.489672008625098, 45.501054017365171 ], [ 15.485761522244646, 45.504478046724074 ], [ 15.487015664969169, 45.515481363498161 ] ] ] } },
{ "type": "Feature", "properties": { "population": 147, "longitude": 16.641945381714756, "latitude": 45.387946993944745, "BM": 219 }, "geometry": { "type": "Polygon", "coordinates": [ [ [ 16.624066532116682, 45.375675683553489 ], [ 16.630063904590742, 45.404979041399748 ], [ 16.658593715695858, 45.415433241471938 ], [ 16.656685942478095, 45.387467448837754 ], [ 16.642886402632836, 45.356241579587532 ], [ 16.624066532116682, 45.375675683553489 ] ] ] } },
{ "type": "Feature", "properties": { "population": 123, "longitude": 16.322854943074368, "latitude": 45.611546561119674, "BM": 220 }, "geometry": { "type": "Polygon", "coordinates": [ [ [ 16.306420224254712, 45.611486666734883 ], [ 16.326719248221913, 45.633957327216926 ], [ 16.349025313671437, 45.622106686689278 ], [ 16.345706507182488, 45.614251035703703 ], [ 16.320339014032108, 45.597161972810682 ], [ 16.297938600894753, 45.583869989490019 ], [ 16.306420224254712, 45.611486666734883 ] ] ] } },
{ "type": "Feature", "properties": { "population": 352, "longitude": 15.479156691742277, "latitude": 45.561022336456404, "BM": 221 }, "geometry": { "type": "Polygon", "coordinates": [ [ [ 15.464206637939791, 45.578880059114596 ], [ 15.500961220406372, 45.562420858410299 ], [ 15.500522375512345, 45.558725205165928 ], [ 15.49686418076084, 45.548844045993604 ], [ 15.485447570266222, 45.546701622188621 ], [ 15.459016895296443, 45.556976972724179 ], [ 15.464206637939791, 45.578880059114596 ] ] ] } },
{ "type": "Feature", "properties": { "population": 283, "longitude": 15.491881268011193, "latitude": 45.533178326548096, "BM": 222 }, "geometry": { "type": "Polygon", "coordinates": [ [ [ 15.485447570266222, 45.546701622188621 ], [ 15.49686418076084, 45.548844045993604 ], [ 15.507885339512477, 45.533511455196361 ], [ 15.507584666141897, 45.53196535027255 ], [ 15.487015664969169, 45.515481363498161 ], [ 15.477828280835043, 45.527095162339307 ], [ 15.485447570266222, 45.546701622188621 ] ] ] } },
{ "type": "Feature", "properties": { "population": 109, "longitude": 16.173368940908365, "latitude": 45.390037029971943, "BM": 223 }, "geometry": { "type": "Polygon", "coordinates": [ [ [ 16.159271199253869, 45.411194111285695 ], [ 16.205259047340856, 45.38355231800508 ], [ 16.155576576130372, 45.375364660625053 ], [ 16.159271199253869, 45.411194111285695 ] ] ] } },
{ "type": "Feature", "properties": { "population": 149, "longitude": 15.665605486139112, "latitude": 44.252528574230681, "BM": 224 }, "geometry": { "type": "Polygon", "coordinates": [ [ [ 15.615728624030544, 44.230881138131878 ], [ 15.616207462928289, 44.262010690182343 ], [ 15.620191532593449, 44.284063592548193 ], [ 15.682102255481391, 44.296911857150668 ], [ 15.712204397597063, 44.280460823180128 ], [ 15.708524809894378, 44.211733495462056 ], [ 15.649497545050568, 44.212239452453233 ], [ 15.615728624030544, 44.230881138131878 ] ] ] } },
{ "type": "Feature", "properties": { "population": 60, "longitude": 16.675568716670139, "latitude": 45.631473629628196, "BM": 225 }, "geometry": { "type": "Polygon", "coordinates": [ [ [ 16.645907057440997, 45.62413473918626 ], [ 16.679625048875469, 45.669739756269436 ], [ 16.684595990125288, 45.668475140539385 ], [ 16.712181952025539, 45.657176866705342 ], [ 16.716647766895626, 45.652156639027162 ], [ 16.665065040448578, 45.590696159585534 ], [ 16.640043902052593, 45.601415347257799 ], [ 16.645907057440997, 45.62413473918626 ] ] ] } },
{ "type": "Feature", "properties": { "population": 178, "longitude": 15.473016723837496, "latitude": 45.478394919345021, "BM": 226 }, "geometry": { "type": "Polygon", "coordinates": [ [ [ 15.457609241611248, 45.486158693545505 ], [ 15.489028008150347, 45.482688823633374 ], [ 15.482739526497811, 45.471221460551462 ], [ 15.473400873970137, 45.469335276578263 ], [ 15.459954426411537, 45.476997036185118 ], [ 15.457609241611248, 45.486158693545505 ] ] ] } },
{ "type": "Feature", "properties": { "population": 332, "longitude": 15.477886573389824, "latitude": 45.517577408442406, "BM": 227 }, "geometry": { "type": "Polygon", "coordinates": [ [ [ 15.463981713731142, 45.526313974601749 ], [ 15.477828280835043, 45.527095162339307 ], [ 15.487015664969169, 45.515481363498161 ], [ 15.485761522244646, 45.504478046724074 ], [ 15.483636088473725, 45.504066681780273 ], [ 15.463981713731142, 45.526313974601749 ] ] ] } },
{ "type": "Feature", "properties": { "population": 173, "longitude": 15.583176587944761, "latitude": 45.422230605336466, "BM": 228 }, "geometry": { "type": "Polygon", "coordinates": [ [ [ 15.569036847950112, 45.424586854134652 ], [ 15.573261549098447, 45.431841808877437 ], [ 15.589183443915063, 45.438978506657456 ], [ 15.598550112080616, 45.419955770469365 ], [ 15.587430996668683, 45.406029952462063 ], [ 15.567481072162543, 45.416064536715893 ], [ 15.569036847950112, 45.424586854134652 ] ] ] } },
{ "type": "Feature", "properties": { "population": 110, "longitude": 16.825637918320059, "latitude": 45.496572719456971, "BM": 229 }, "geometry": { "type": "Polygon", "coordinates": [ [ [ 16.803041402595962, 45.495993481857631 ], [ 16.803121289291813, 45.49726842102983 ], [ 16.817875038791225, 45.510194581880242 ], [ 16.84376517576322, 45.510585850728198 ], [ 16.841230980553068, 45.486376132698396 ], [ 16.827874755999463, 45.480530745291688 ], [ 16.818972448948919, 45.481604246397453 ], [ 16.803304027481069, 45.495131763231448 ], [ 16.803041402595962, 45.495993481857631 ] ] ] } },
{ "type": "Feature", "properties": { "population": 806, "longitude": 15.481968800627746, "latitude": 45.602275584642328, "BM": 230 }, "geometry": { "type": "Polygon", "coordinates": [ [ [ 15.470720391647763, 45.593930092979193 ], [ 15.478871314712675, 45.614860048367596 ], [ 15.481303598693959, 45.616868864806328 ], [ 15.492476950706932, 45.603952119089016 ], [ 15.493840554799281, 45.596868642070881 ], [ 15.46979511729084, 45.590828436141599 ], [ 15.470720391647763, 45.593930092979193 ] ] ] } },
{ "type": "Feature", "properties": { "population": 129, "longitude": 15.475184778416617, "latitude": 45.621975844154171, "BM": 231 }, "geometry": { "type": "Polygon", "coordinates": [ [ [ 15.468184823552196, 45.630441778774532 ], [ 15.475687161146194, 45.628137948150226 ], [ 15.481303598693959, 45.616868864806328 ], [ 15.478871314712675, 45.614860048367596 ], [ 15.476201885412344, 45.613070589071071 ], [ 15.468184823552196, 45.630441778774532 ] ] ] } },
{ "type": "Feature", "properties": { "population": 192, "longitude": 16.729396535122177, "latitude": 45.346838373370005, "BM": 232 }, "geometry": { "type": "Polygon", "coordinates": [ [ [ 16.681185216966245, 45.326659085313857 ], [ 16.749123808734154, 45.414534502940512 ], [ 16.757570787938022, 45.410837759135568 ], [ 16.758662690702742, 45.337040509650002 ], [ 16.741874812890163, 45.297300342132026 ], [ 16.723156128418704, 45.297606927872543 ], [ 16.687615666366352, 45.319361862148305 ], [ 16.681185216966245, 45.326659085313857 ] ] ] } },
{ "type": "Feature", "properties": { "population": 248, "longitude": 16.383210759139772, "latitude": 45.583249758642005, "BM": 233 }, "geometry": { "type": "Polygon", "coordinates": [ [ [ 16.35000365858544, 45.563339498624117 ], [ 16.40988826763461, 45.620050617516135 ], [ 16.415053521296642, 45.6197071909519 ], [ 16.389792821761908, 45.569090732602284 ], [ 16.378942942062064, 45.562664895930709 ], [ 16.347985794201698, 45.557818270099339 ], [ 16.35000365858544, 45.563339498624117 ] ] ] } },
{ "type": "Feature", "properties": { "population": 136, "longitude": 15.483472638788864, "latitude": 45.342014527265754, "BM": 234 }, "geometry": { "type": "Polygon", "coordinates": [ [ [ 15.46523219316639, 45.372767769759726 ], [ 15.501985656883823, 45.347196534763093 ], [ 15.51169446621866, 45.32206842552057 ], [ 15.510762522686749, 45.320514195083071 ], [ 15.466612144288293, 45.325447267563284 ], [ 15.462486219514291, 45.370955079030288 ], [ 15.46523219316639, 45.372767769759726 ] ] ] } },
{ "type": "Feature", "properties": { "population": 110, "longitude": 16.825637918320059, "latitude": 45.496572719456971, "BM": 235 }, "geometry": { "type": "Polygon", "coordinates": [ [ [ 16.803041402595962, 45.495993481857631 ], [ 16.803121289291813, 45.49726842102983 ], [ 16.817875038791225, 45.510194581880242 ], [ 16.84376517576322, 45.510585850728198 ], [ 16.841230980553068, 45.486376132698396 ], [ 16.827874755999463, 45.480530745291688 ], [ 16.818972448948919, 45.481604246397453 ], [ 16.803304027481069, 45.495131763231448 ], [ 16.803041402595962, 45.495993481857631 ] ] ] } },
{ "type": "Feature", "properties": { "population": 438, "longitude": 15.47469254355587, "latitude": 45.421736794389538, "BM": 236 }, "geometry": { "type": "Polygon", "coordinates": [ [ [ 15.46449405708961, 45.427078763665641 ], [ 15.48334184605994, 45.433501911523194 ], [ 15.484133809321921, 45.432387120159902 ], [ 15.48212400011132, 45.413995862966239 ], [ 15.474796994287294, 45.410235813213454 ], [ 15.467235089481459, 45.413597083894921 ], [ 15.464167319053864, 45.422392279164782 ], [ 15.46449405708961, 45.427078763665641 ] ] ] } },
{ "type": "Feature", "properties": { "population": 107, "longitude": 15.468965176961566, "latitude": 45.398338730897066, "BM": 237 }, "geometry": { "type": "Polygon", "coordinates": [ [ [ 15.455732156700801, 45.397882017353062 ], [ 15.45787723939805, 45.403574726923075 ], [ 15.467235089481459, 45.413597083894921 ], [ 15.474796994287294, 45.410235813213454 ], [ 15.481073608701623, 45.389097625330777 ], [ 15.470106032445921, 45.383437279544474 ], [ 15.455732156700801, 45.397882017353062 ] ] ] } },
{ "type": "Feature", "properties": { "population": 41, "longitude": 16.388769384475903, "latitude": 45.359384640624903, "BM": 238 }, "geometry": { "type": "Polygon", "coordinates": [ [ [ 16.363856018718472, 45.396787159565967 ], [ 16.373813793923556, 45.393414840613175 ], [ 16.412586216689515, 45.34563129988905 ], [ 16.407238334237221, 45.33330871726627 ], [ 16.387432982219099, 45.333713630764855 ], [ 16.363856018718472, 45.396787159565967 ] ] ] } },
{ "type": "Feature", "properties": { "population": 218, "longitude": 15.45268310984644, "latitude": 45.382513938632592, "BM": 239 }, "geometry": { "type": "Polygon", "coordinates": [ [ [ 15.440452082159279, 45.394587986630576 ], [ 15.455732156700801, 45.397882017353062 ], [ 15.470106032445921, 45.383437279544474 ], [ 15.46523219316639, 45.372767769759726 ], [ 15.462486219514291, 45.370955079030288 ], [ 15.43878581084566, 45.368999210256064 ], [ 15.440452082159279, 45.394587986630576 ] ] ] } },
{ "type": "Feature", "properties": { "population": 95, "longitude": 16.717063473027899, "latitude": 45.53010259258987, "BM": 240 }, "geometry": { "type": "Polygon", "coordinates": [ [ [ 16.696623035789877, 45.551047867615644 ], [ 16.740992370733334, 45.532743764194329 ], [ 16.733263565889221, 45.506206406855178 ], [ 16.691507980505889, 45.533522249563852 ], [ 16.696623035789877, 45.551047867615644 ] ] ] } },
{ "type": "Feature", "properties": { "population": 160, "longitude": 16.815076772845934, "latitude": 45.45960857299184, "BM": 241 }, "geometry": { "type": "Polygon", "coordinates": [ [ [ 16.818972448948919, 45.481604246397453 ], [ 16.827874755999463, 45.480530745291688 ], [ 16.825366399508891, 45.459613330233282 ], [ 16.795017864496501, 45.428264934809583 ], [ 16.818972448948919, 45.481604246397453 ] ] ] } },
{ "type": "Feature", "properties": { "population": 110, "longitude": 16.825637918320059, "latitude": 45.496572719456971, "BM": 242 }, "geometry": { "type": "Polygon", "coordinates": [ [ [ 16.803041402595962, 45.495993481857631 ], [ 16.803121289291813, 45.49726842102983 ], [ 16.817875038791225, 45.510194581880242 ], [ 16.84376517576322, 45.510585850728198 ], [ 16.841230980553068, 45.486376132698396 ], [ 16.827874755999463, 45.480530745291688 ], [ 16.818972448948919, 45.481604246397453 ], [ 16.803304027481069, 45.495131763231448 ], [ 16.803041402595962, 45.495993481857631 ] ] ] } },
{ "type": "Feature", "properties": { "population": 48, "longitude": 16.796892033232872, "latitude": 45.594156889315911, "BM": 243 }, "geometry": { "type": "Polygon", "coordinates": [ [ [ 16.76743360767756, 45.609603434257089 ], [ 16.807565288195143, 45.611966472407133 ], [ 16.813257065839849, 45.610809476809543 ], [ 16.821779511118244, 45.601906890201491 ], [ 16.820878416064954, 45.584323648901652 ], [ 16.788161795265491, 45.56887120221382 ], [ 16.76743360767756, 45.609603434257089 ] ] ] } },
{ "type": "Feature", "properties": { "population": 29, "longitude": 15.439829866050664, "latitude": 45.619191960474751, "BM": 244 }, "geometry": { "type": "Polygon", "coordinates": [ [ [ 15.421783440188314, 45.629754738458672 ], [ 15.445152627490167, 45.644331809036302 ], [ 15.458040980841789, 45.640924934782042 ], [ 15.460866051588392, 45.63318091650428 ], [ 15.452198605162634, 45.598340550822158 ], [ 15.419002319971897, 45.597216816746744 ], [ 15.421783440188314, 45.629754738458672 ] ] ] } },
{ "type": "Feature", "properties": { "population": 48, "longitude": 16.796892033232872, "latitude": 45.594156889315911, "BM": 245 }, "geometry": { "type": "Polygon", "coordinates": [ [ [ 16.76743360767756, 45.609603434257089 ], [ 16.807565288195143, 45.611966472407133 ], [ 16.813257065839849, 45.610809476809543 ], [ 16.821779511118244, 45.601906890201491 ], [ 16.820878416064954, 45.584323648901652 ], [ 16.788161795265491, 45.56887120221382 ], [ 16.76743360767756, 45.609603434257089 ] ] ] } },
{ "type": "Feature", "properties": { "population": 145, "longitude": 16.169625925405334, "latitude": 45.49270426008259, "BM": 246 }, "geometry": { "type": "Polygon", "coordinates": [ [ [ 16.158961120534187, 45.518975492781919 ], [ 16.166076061131463, 45.521881384431474 ], [ 16.184017593865963, 45.495632796118201 ], [ 16.18274265462971, 45.469122907660108 ], [ 16.177372446266901, 45.465404581315454 ], [ 16.15493108473116, 45.483323040087868 ], [ 16.158961120534187, 45.518975492781919 ] ] ] } }
]
}
