{
    "type": "FeatureCollection",
    "name": "output_zupanija_0",
    "crs": {
        "type": "name",
        "properties": {
            "name": "urn:ogc:def:crs:EPSG::3765"
        }
    },
    "features": [
        {
            "type": "Feature",
            "properties": {
                "population": 339,
                "longitude": 17.431470711100854,
                "latitude": 45.608061595582605,
                "BM": 1
            },
            "geometry": {
                "type": "Polygon",
                "coordinates": [
                    [
                        [
                            17.412029767124782,
                            45.550741124085015
                        ],
                        [
                            17.389625913650356,
                            45.688284517320739
                        ],
                        [
                            17.39189348352938,
                            45.68884301137129
                        ],
                        [
                            17.401557022757242,
                            45.687470022813891
                        ],
                        [
                            17.478723604122617,
                            45.615889075450582
                        ],
                        [
                            17.450182248589616,
                            45.533670932655504
                        ],
                        [
                            17.448008781554595,
                            45.533080306386914
                        ],
                        [
                            17.412029767124782,
                            45.550741124085015
                        ]
                    ]
                ]
            }
        },
        {
            "type": "Feature",
            "properties": {
                "population": 122,
                "longitude": 17.453110530272635,
                "latitude": 45.658656678103696,
                "BM": 2
            },
            "geometry": {
                "type": "Polygon",
                "coordinates": [
                    [
                        [
                            17.401557022757242,
                            45.687470022813891
                        ],
                        [
                            17.459787892460014,
                            45.680833431052797
                        ],
                        [
                            17.476471266658262,
                            45.66492470728776
                        ],
                        [
                            17.480548900690682,
                            45.65656759914075
                        ],
                        [
                            17.48312963343389,
                            45.627987084707513
                        ],
                        [
                            17.478723604122617,
                            45.615889075450582
                        ],
                        [
                            17.401557022757242,
                            45.687470022813891
                        ]
                    ]
                ]
            }
        },
        {
            "type": "Feature",
            "properties": {
                "population": 173,
                "longitude": 17.37605537264556,
                "latitude": 45.623112583714999,
                "BM": 3
            },
            "geometry": {
                "type": "Polygon",
                "coordinates": [
                    [
                        [
                            17.351874784911779,
                            45.586102654248627
                        ],
                        [
                            17.340199320756646,
                            45.659831216572975
                        ],
                        [
                            17.3763296089612,
                            45.696592799421651
                        ],
                        [
                            17.389625913650356,
                            45.688284517320739
                        ],
                        [
                            17.412029767124782,
                            45.550741124085015
                        ],
                        [
                            17.398126168812315,
                            45.552844861980354
                        ],
                        [
                            17.351874784911779,
                            45.586102654248627
                        ]
                    ]
                ]
            }
        },
        {
            "type": "Feature",
            "properties": {
                "population": 492,
                "longitude": 17.322829516880837,
                "latitude": 45.626885906267432,
                "BM": 4
            },
            "geometry": {
                "type": "Polygon",
                "coordinates": [
                    [
                        [
                            17.293819607015472,
                            45.605926274907397
                        ],
                        [
                            17.304313143350374,
                            45.667528466472533
                        ],
                        [
                            17.340199320756646,
                            45.659831216572975
                        ],
                        [
                            17.351874784911779,
                            45.586102654248627
                        ],
                        [
                            17.294133862354993,
                            45.604995830029878
                        ],
                        [
                            17.293819607015472,
                            45.605926274907397
                        ]
                    ]
                ]
            }
        },
        {
            "type": "Feature",
            "properties": {
                "population": 54,
                "longitude": 17.336670663693091,
                "latitude": 45.694030874758447,
                "BM": 5
            },
            "geometry": {
                "type": "Polygon",
                "coordinates": [
                    [
                        [
                            17.303879270891596,
                            45.668286947296608
                        ],
                        [
                            17.304876887895322,
                            45.709566973041618
                        ],
                        [
                            17.355655679476936,
                            45.730713241419465
                        ],
                        [
                            17.3763296089612,
                            45.696592799421651
                        ],
                        [
                            17.340199320756646,
                            45.659831216572975
                        ],
                        [
                            17.304313143350374,
                            45.667528466472533
                        ],
                        [
                            17.303879270891596,
                            45.668286947296608
                        ]
                    ]
                ]
            }
        },
        {
            "type": "Feature",
            "properties": {
                "population": 196,
                "longitude": 17.284000854071756,
                "latitude": 45.643764155070983,
                "BM": 6
            },
            "geometry": {
                "type": "Polygon",
                "coordinates": [
                    [
                        [
                            17.262836072322155,
                            45.659341954158876
                        ],
                        [
                            17.268495238303451,
                            45.66659048507146
                        ],
                        [
                            17.303879270891596,
                            45.668286947296608
                        ],
                        [
                            17.304313143350374,
                            45.667528466472533
                        ],
                        [
                            17.293819607015472,
                            45.605926274907397
                        ],
                        [
                            17.266316225146067,
                            45.632596956013479
                        ],
                        [
                            17.262836072322155,
                            45.659341954158876
                        ]
                    ]
                ]
            }
        },
        {
            "type": "Feature",
            "properties": {
                "population": 196,
                "longitude": 17.284000854071756,
                "latitude": 45.643764155070983,
                "BM": 7
            },
            "geometry": {
                "type": "Polygon",
                "coordinates": [
                    [
                        [
                            17.262836072322155,
                            45.659341954158876
                        ],
                        [
                            17.268495238303451,
                            45.66659048507146
                        ],
                        [
                            17.303879270891596,
                            45.668286947296608
                        ],
                        [
                            17.304313143350374,
                            45.667528466472533
                        ],
                        [
                            17.293819607015472,
                            45.605926274907397
                        ],
                        [
                            17.266316225146067,
                            45.632596956013479
                        ],
                        [
                            17.262836072322155,
                            45.659341954158876
                        ]
                    ]
                ]
            }
        },
        {
            "type": "Feature",
            "properties": {
                "population": 68,
                "longitude": 17.326789812494216,
                "latitude": 45.559198298698476,
                "BM": 8
            },
            "geometry": {
                "type": "Polygon",
                "coordinates": [
                    [
                        [
                            17.295615319420452,
                            45.516395987781856
                        ],
                        [
                            17.278046465743724,
                            45.593102327592064
                        ],
                        [
                            17.294133862354993,
                            45.604995830029878
                        ],
                        [
                            17.351874784911779,
                            45.586102654248627
                        ],
                        [
                            17.398126168812315,
                            45.552844861980354
                        ],
                        [
                            17.319552869433029,
                            45.515880730800852
                        ],
                        [
                            17.297253350456248,
                            45.514310786088544
                        ],
                        [
                            17.295615319420452,
                            45.516395987781856
                        ]
                    ]
                ]
            }
        },
        {
            "type": "Feature",
            "properties": {
                "population": 89,
                "longitude": 17.300706474957551,
                "latitude": 45.758036471387832,
                "BM": 9
            },
            "geometry": {
                "type": "Polygon",
                "coordinates": [
                    [
                        [
                            17.233272193341396,
                            45.800481429668373
                        ],
                        [
                            17.271485504133757,
                            45.800891147482844
                        ],
                        [
                            17.322536604494886,
                            45.78617468455429
                        ],
                        [
                            17.332080604492056,
                            45.783334685510525
                        ],
                        [
                            17.357900783376657,
                            45.757169742569467
                        ],
                        [
                            17.358654186024797,
                            45.756047530222745
                        ],
                        [
                            17.359514368509384,
                            45.754150597997395
                        ],
                        [
                            17.355655679476936,
                            45.730713241419465
                        ],
                        [
                            17.304876887895322,
                            45.709566973041618
                        ],
                        [
                            17.283537508631778,
                            45.71768317001014
                        ],
                        [
                            17.233272193341396,
                            45.800481429668373
                        ]
                    ]
                ]
            }
        },
        {
            "type": "Feature",
            "properties": {
                "population": 80,
                "longitude": 17.284983965560691,
                "latitude": 45.689931384603149,
                "BM": 10
            },
            "geometry": {
                "type": "Polygon",
                "coordinates": [
                    [
                        [
                            17.264229613384803,
                            45.699718266286915
                        ],
                        [
                            17.283537508631778,
                            45.71768317001014
                        ],
                        [
                            17.304876887895322,
                            45.709566973041618
                        ],
                        [
                            17.303879270891596,
                            45.668286947296608
                        ],
                        [
                            17.268495238303451,
                            45.66659048507146
                        ],
                        [
                            17.262596804003344,
                            45.684108919387562
                        ],
                        [
                            17.264229613384803,
                            45.699718266286915
                        ]
                    ]
                ]
            }
        },
        {
            "type": "Feature",
            "properties": {
                "population": 99,
                "longitude": 17.241661119629779,
                "latitude": 45.740705548254688,
                "BM": 11
            },
            "geometry": {
                "type": "Polygon",
                "coordinates": [
                    [
                        [
                            17.232558847228322,
                            45.800452963689139
                        ],
                        [
                            17.233099905663696,
                            45.800547508524566
                        ],
                        [
                            17.233272193341396,
                            45.800481429668373
                        ],
                        [
                            17.283537508631778,
                            45.71768317001014
                        ],
                        [
                            17.264229613384803,
                            45.699718266286915
                        ],
                        [
                            17.22306760777391,
                            45.700556386114172
                        ],
                        [
                            17.222455329230286,
                            45.700980170964243
                        ],
                        [
                            17.209910568626135,
                            45.769330997199106
                        ],
                        [
                            17.232558847228322,
                            45.800452963689139
                        ]
                    ]
                ]
            }
        },
        {
            "type": "Feature",
            "properties": {
                "population": 79,
                "longitude": 16.986936318415449,
                "latitude": 45.960998313381644,
                "BM": 12
            },
            "geometry": {
                "type": "Polygon",
                "coordinates": [
                    [
                        [
                            16.978481255543691,
                            45.982207697087652
                        ],
                        [
                            17.012984595526362,
                            45.963361653223693
                        ],
                        [
                            17.016200007106281,
                            45.957947789655137
                        ],
                        [
                            17.013808920169616,
                            45.950672549410669
                        ],
                        [
                            16.957092079964035,
                            45.947387766006024
                        ],
                        [
                            16.978481255543691,
                            45.982207697087652
                        ]
                    ]
                ]
            }
        },
        {
            "type": "Feature",
            "properties": {
                "population": 34,
                "longitude": 16.95793765555171,
                "latitude": 45.963078794431574,
                "BM": 13
            },
            "geometry": {
                "type": "Polygon",
                "coordinates": [
                    [
                        [
                            16.936648070697029,
                            45.952103506379906
                        ],
                        [
                            16.973285189897716,
                            45.988260116157399
                        ],
                        [
                            16.978481255543691,
                            45.982207697087652
                        ],
                        [
                            16.957092079964035,
                            45.947387766006024
                        ],
                        [
                            16.949978175901979,
                            45.941409882985226
                        ],
                        [
                            16.936648070697029,
                            45.952103506379906
                        ]
                    ]
                ]
            }
        },
        {
            "type": "Feature",
            "properties": {
                "population": 74,
                "longitude": 16.980357321111271,
                "latitude": 45.93113233369202,
                "BM": 14
            },
            "geometry": {
                "type": "Polygon",
                "coordinates": [
                    [
                        [
                            16.952836915172117,
                            45.930655849145097
                        ],
                        [
                            16.949978175901979,
                            45.941409882985226
                        ],
                        [
                            16.957092079964035,
                            45.947387766006024
                        ],
                        [
                            17.013808920169616,
                            45.950672549410669
                        ],
                        [
                            17.011949950352477,
                            45.94073000074917
                        ],
                        [
                            16.991870962824951,
                            45.912175274757054
                        ],
                        [
                            16.970614570206067,
                            45.903047304722044
                        ],
                        [
                            16.968219032367767,
                            45.905158337686565
                        ],
                        [
                            16.952836915172117,
                            45.930655849145097
                        ]
                    ]
                ]
            }
        },
        {
            "type": "Feature",
            "properties": {
                "population": 89,
                "longitude": 17.300706474957551,
                "latitude": 45.758036471387832,
                "BM": 15
            },
            "geometry": {
                "type": "Polygon",
                "coordinates": [
                    [
                        [
                            17.233272193341396,
                            45.800481429668373
                        ],
                        [
                            17.271485504133757,
                            45.800891147482844
                        ],
                        [
                            17.322536604494886,
                            45.78617468455429
                        ],
                        [
                            17.332080604492056,
                            45.783334685510525
                        ],
                        [
                            17.357900783376657,
                            45.757169742569467
                        ],
                        [
                            17.358654186024797,
                            45.756047530222745
                        ],
                        [
                            17.359514368509384,
                            45.754150597997395
                        ],
                        [
                            17.355655679476936,
                            45.730713241419465
                        ],
                        [
                            17.304876887895322,
                            45.709566973041618
                        ],
                        [
                            17.283537508631778,
                            45.71768317001014
                        ],
                        [
                            17.233272193341396,
                            45.800481429668373
                        ]
                    ]
                ]
            }
        },
        {
            "type": "Feature",
            "properties": {
                "population": 241,
                "longitude": 16.978068263816048,
                "latitude": 45.8648526011063,
                "BM": 16
            },
            "geometry": {
                "type": "Polygon",
                "coordinates": [
                    [
                        [
                            16.962555181447154,
                            45.886301162830286
                        ],
                        [
                            16.968553310838971,
                            45.89465388298418
                        ],
                        [
                            16.996853348220469,
                            45.862200528226538
                        ],
                        [
                            17.000511127274091,
                            45.848825748165631
                        ],
                        [
                            16.990003313999779,
                            45.83959347505553
                        ],
                        [
                            16.958405128295635,
                            45.860635883564775
                        ],
                        [
                            16.962555181447154,
                            45.886301162830286
                        ]
                    ]
                ]
            }
        },
        {
            "type": "Feature",
            "properties": {
                "population": 72,
                "longitude": 16.944735425215164,
                "latitude": 45.895373749842769,
                "BM": 17
            },
            "geometry": {
                "type": "Polygon",
                "coordinates": [
                    [
                        [
                            16.921451139696828,
                            45.906877791965094
                        ],
                        [
                            16.968219032367767,
                            45.905158337686565
                        ],
                        [
                            16.970614570206067,
                            45.903047304722044
                        ],
                        [
                            16.968553310838971,
                            45.89465388298418
                        ],
                        [
                            16.962555181447154,
                            45.886301162830286
                        ],
                        [
                            16.930469792439645,
                            45.880156178461661
                        ],
                        [
                            16.919719241210387,
                            45.904686560560911
                        ],
                        [
                            16.921451139696828,
                            45.906877791965094
                        ]
                    ]
                ]
            }
        },
        {
            "type": "Feature",
            "properties": {
                "population": 84,
                "longitude": 17.011836321261125,
                "latitude": 45.864633316398844,
                "BM": 18
            },
            "geometry": {
                "type": "Polygon",
                "coordinates": [
                    [
                        [
                            16.996853348220469,
                            45.862200528226538
                        ],
                        [
                            17.018269696409266,
                            45.885327090951002
                        ],
                        [
                            17.027346319135745,
                            45.866875224664916
                        ],
                        [
                            17.009677405860522,
                            45.8480580716231
                        ],
                        [
                            17.000511127274091,
                            45.848825748165631
                        ],
                        [
                            16.996853348220469,
                            45.862200528226538
                        ]
                    ]
                ]
            }
        },
        {
            "type": "Feature",
            "properties": {
                "population": 507,
                "longitude": 17.226355979598978,
                "latitude": 45.591946302290168,
                "BM": 19
            },
            "geometry": {
                "type": "Polygon",
                "coordinates": [
                    [
                        [
                            17.229374557138158,
                            45.596565196026063
                        ],
                        [
                            17.229003738217486,
                            45.588619509297288
                        ],
                        [
                            17.221431312834049,
                            45.589773820161334
                        ],
                        [
                            17.224080957522794,
                            45.593436094156139
                        ],
                        [
                            17.227042166544187,
                            45.595378031795661
                        ],
                        [
                            17.229374557138158,
                            45.596565196026063
                        ]
                    ]
                ]
            }
        },
        {
            "type": "Feature",
            "properties": {
                "population": 106,
                "longitude": 17.042923582622162,
                "latitude": 45.880107666279727,
                "BM": 20
            },
            "geometry": {
                "type": "Polygon",
                "coordinates": [
                    [
                        [
                            17.018106002300488,
                            45.888114079484509
                        ],
                        [
                            17.055586960983863,
                            45.900851495523135
                        ],
                        [
                            17.059415443470289,
                            45.899856782531813
                        ],
                        [
                            17.060573861923217,
                            45.859659629113253
                        ],
                        [
                            17.027346319135745,
                            45.866875224664916
                        ],
                        [
                            17.018269696409266,
                            45.885327090951002
                        ],
                        [
                            17.018106002300488,
                            45.888114079484509
                        ]
                    ]
                ]
            }
        },
        {
            "type": "Feature",
            "properties": {
                "population": 308,
                "longitude": 17.000769424578468,
                "latitude": 45.650663690808194,
                "BM": 21
            },
            "geometry": {
                "type": "Polygon",
                "coordinates": [
                    [
                        [
                            16.982667160401807,
                            45.673194678499776
                        ],
                        [
                            16.98733008726267,
                            45.673301902084241
                        ],
                        [
                            17.023105548807106,
                            45.640804380037409
                        ],
                        [
                            17.012720886829673,
                            45.630447668325964
                        ],
                        [
                            17.005405585217627,
                            45.630707845597755
                        ],
                        [
                            16.978999474867145,
                            45.667154002660965
                        ],
                        [
                            16.982667160401807,
                            45.673194678499776
                        ]
                    ]
                ]
            }
        },
        {
            "type": "Feature",
            "properties": {
                "population": 171,
                "longitude": 16.986546150620278,
                "latitude": 45.793996709759256,
                "BM": 22
            },
            "geometry": {
                "type": "Polygon",
                "coordinates": [
                    [
                        [
                            16.967497935562069,
                            45.803037340951164
                        ],
                        [
                            16.997592769889792,
                            45.811800689783439
                        ],
                        [
                            17.009644043843469,
                            45.801503857735
                        ],
                        [
                            17.009739938762408,
                            45.799622988760539
                        ],
                        [
                            16.994579471819893,
                            45.77787820891723
                        ],
                        [
                            16.967012933126448,
                            45.779016137924955
                        ],
                        [
                            16.967497935562069,
                            45.803037340951164
                        ]
                    ]
                ]
            }
        },
        {
            "type": "Feature",
            "properties": {
                "population": 243,
                "longitude": 16.979013239430351,
                "latitude": 45.817937977073569,
                "BM": 23
            },
            "geometry": {
                "type": "Polygon",
                "coordinates": [
                    [
                        [
                            16.965038167417152,
                            45.807070836768013
                        ],
                        [
                            16.962075333564989,
                            45.823278201419001
                        ],
                        [
                            16.988390735126799,
                            45.834367322974423
                        ],
                        [
                            16.997592769889792,
                            45.811800689783439
                        ],
                        [
                            16.967497935562069,
                            45.803037340951164
                        ],
                        [
                            16.965038167417152,
                            45.807070836768013
                        ]
                    ]
                ]
            }
        },
        {
            "type": "Feature",
            "properties": {
                "population": 148,
                "longitude": 16.965440114558643,
                "latitude": 45.840399282236675,
                "BM": 24
            },
            "geometry": {
                "type": "Polygon",
                "coordinates": [
                    [
                        [
                            16.946659542533727,
                            45.83897849384654
                        ],
                        [
                            16.950744660205075,
                            45.851567847255438
                        ],
                        [
                            16.958405128295635,
                            45.860635883564775
                        ],
                        [
                            16.990003313999779,
                            45.83959347505553
                        ],
                        [
                            16.988390735126799,
                            45.834367322974423
                        ],
                        [
                            16.962075333564989,
                            45.823278201419001
                        ],
                        [
                            16.948307509012793,
                            45.831721607049062
                        ],
                        [
                            16.946659542533727,
                            45.83897849384654
                        ]
                    ]
                ]
            }
        },
        {
            "type": "Feature",
            "properties": {
                "population": 199,
                "longitude": 17.142086809376764,
                "latitude": 45.696606109434242,
                "BM": 25
            },
            "geometry": {
                "type": "Polygon",
                "coordinates": [
                    [
                        [
                            17.133239194548093,
                            45.715203271861867
                        ],
                        [
                            17.149664279182105,
                            45.71582646495699
                        ],
                        [
                            17.155732580057666,
                            45.693055489326852
                        ],
                        [
                            17.150652370962003,
                            45.675018682518264
                        ],
                        [
                            17.146853323351369,
                            45.672176073652501
                        ],
                        [
                            17.125393953960778,
                            45.695773789899363
                        ],
                        [
                            17.133239194548093,
                            45.715203271861867
                        ]
                    ]
                ]
            }
        },
        {
            "type": "Feature",
            "properties": {
                "population": 340,
                "longitude": 17.033712425757248,
                "latitude": 45.851884596822913,
                "BM": 26
            },
            "geometry": {
                "type": "Polygon",
                "coordinates": [
                    [
                        [
                            17.027346319135745,
                            45.866875224664916
                        ],
                        [
                            17.060573861923217,
                            45.859659629113253
                        ],
                        [
                            17.062209608224514,
                            45.856629752641155
                        ],
                        [
                            17.026198064565659,
                            45.833537812366643
                        ],
                        [
                            17.009677405860522,
                            45.8480580716231
                        ],
                        [
                            17.027346319135745,
                            45.866875224664916
                        ]
                    ]
                ]
            }
        },
        {
            "type": "Feature",
            "properties": {
                "population": 342,
                "longitude": 17.034563593349201,
                "latitude": 45.799428104461413,
                "BM": 27
            },
            "geometry": {
                "type": "Polygon",
                "coordinates": [
                    [
                        [
                            17.009644043843469,
                            45.801503857735
                        ],
                        [
                            17.02669015698266,
                            45.818900665531338
                        ],
                        [
                            17.051393683210669,
                            45.811776844014652
                        ],
                        [
                            17.052220361036635,
                            45.783166820903034
                        ],
                        [
                            17.041247165067166,
                            45.777810924242964
                        ],
                        [
                            17.009739938762408,
                            45.799622988760539
                        ],
                        [
                            17.009644043843469,
                            45.801503857735
                        ]
                    ]
                ]
            }
        },
        {
            "type": "Feature",
            "properties": {
                "population": 257,
                "longitude": 17.000923807230855,
                "latitude": 45.691234753407407,
                "BM": 28
            },
            "geometry": {
                "type": "Polygon",
                "coordinates": [
                    [
                        [
                            16.978993727058338,
                            45.696741093077272
                        ],
                        [
                            16.994982525239195,
                            45.710255413479381
                        ],
                        [
                            17.02953074356002,
                            45.700671933881665
                        ],
                        [
                            17.010448115943834,
                            45.674881839408762
                        ],
                        [
                            16.98733008726267,
                            45.673301902084241
                        ],
                        [
                            16.982667160401807,
                            45.673194678499776
                        ],
                        [
                            16.978993727058338,
                            45.696741093077272
                        ]
                    ]
                ]
            }
        },
        {
            "type": "Feature",
            "properties": {
                "population": 308,
                "longitude": 17.000769424578468,
                "latitude": 45.650663690808194,
                "BM": 29
            },
            "geometry": {
                "type": "Polygon",
                "coordinates": [
                    [
                        [
                            16.982667160401807,
                            45.673194678499776
                        ],
                        [
                            16.98733008726267,
                            45.673301902084241
                        ],
                        [
                            17.023105548807106,
                            45.640804380037409
                        ],
                        [
                            17.012720886829673,
                            45.630447668325964
                        ],
                        [
                            17.005405585217627,
                            45.630707845597755
                        ],
                        [
                            16.978999474867145,
                            45.667154002660965
                        ],
                        [
                            16.982667160401807,
                            45.673194678499776
                        ]
                    ]
                ]
            }
        },
        {
            "type": "Feature",
            "properties": {
                "population": 84,
                "longitude": 17.011836321261125,
                "latitude": 45.864633316398844,
                "BM": 30
            },
            "geometry": {
                "type": "Polygon",
                "coordinates": [
                    [
                        [
                            16.996853348220469,
                            45.862200528226538
                        ],
                        [
                            17.018269696409266,
                            45.885327090951002
                        ],
                        [
                            17.027346319135745,
                            45.866875224664916
                        ],
                        [
                            17.009677405860522,
                            45.8480580716231
                        ],
                        [
                            17.000511127274091,
                            45.848825748165631
                        ],
                        [
                            16.996853348220469,
                            45.862200528226538
                        ]
                    ]
                ]
            }
        },
        {
            "type": "Feature",
            "properties": {
                "population": 434,
                "longitude": 16.960974202903909,
                "latitude": 45.68561795273277,
                "BM": 31
            },
            "geometry": {
                "type": "Polygon",
                "coordinates": [
                    [
                        [
                            16.933292731528923,
                            45.687199887272897
                        ],
                        [
                            16.960849123905088,
                            45.709965960691648
                        ],
                        [
                            16.978993727058338,
                            45.696741093077272
                        ],
                        [
                            16.982667160401807,
                            45.673194678499776
                        ],
                        [
                            16.978999474867145,
                            45.667154002660965
                        ],
                        [
                            16.972379017858177,
                            45.663210564811266
                        ],
                        [
                            16.934955926213636,
                            45.679849827746793
                        ],
                        [
                            16.93327443339772,
                            45.686904304685882
                        ],
                        [
                            16.933292731528923,
                            45.687199887272897
                        ]
                    ]
                ]
            }
        },
        {
            "type": "Feature",
            "properties": {
                "population": 105,
                "longitude": 17.200016136064754,
                "latitude": 45.639311275315904,
                "BM": 32
            },
            "geometry": {
                "type": "Polygon",
                "coordinates": [
                    [
                        [
                            17.183858784642794,
                            45.646100028143223
                        ],
                        [
                            17.194174523156068,
                            45.663235536095364
                        ],
                        [
                            17.207698448680638,
                            45.657028634087247
                        ],
                        [
                            17.217152684926909,
                            45.625465238273875
                        ],
                        [
                            17.202360694461369,
                            45.615523695065747
                        ],
                        [
                            17.201559018045419,
                            45.616017524525297
                        ],
                        [
                            17.183944206137671,
                            45.636558017341009
                        ],
                        [
                            17.183858784642794,
                            45.646100028143223
                        ]
                    ]
                ]
            }
        },
        {
            "type": "Feature",
            "properties": {
                "population": 484,
                "longitude": 17.013393400165043,
                "latitude": 45.660049247507153,
                "BM": 33
            },
            "geometry": {
                "type": "Polygon",
                "coordinates": [
                    [
                        [
                            17.010448115943834,
                            45.674881839408762
                        ],
                        [
                            17.035192317649418,
                            45.6513745377178
                        ],
                        [
                            17.023105548807106,
                            45.640804380037409
                        ],
                        [
                            16.98733008726267,
                            45.673301902084241
                        ],
                        [
                            17.010448115943834,
                            45.674881839408762
                        ]
                    ]
                ]
            }
        },
        {
            "type": "Feature",
            "properties": {
                "population": 227,
                "longitude": 17.044542759149376,
                "latitude": 45.678836941413977,
                "BM": 34
            },
            "geometry": {
                "type": "Polygon",
                "coordinates": [
                    [
                        [
                            17.02953074356002,
                            45.700671933881665
                        ],
                        [
                            17.042687131116974,
                            45.706160741147613
                        ],
                        [
                            17.068822353265205,
                            45.701852210511753
                        ],
                        [
                            17.070606057671153,
                            45.696824289702725
                        ],
                        [
                            17.069103641399163,
                            45.664110574502182
                        ],
                        [
                            17.05896442721717,
                            45.653749476797763
                        ],
                        [
                            17.035192317649418,
                            45.6513745377178
                        ],
                        [
                            17.010448115943834,
                            45.674881839408762
                        ],
                        [
                            17.02953074356002,
                            45.700671933881665
                        ]
                    ]
                ]
            }
        },
        {
            "type": "Feature",
            "properties": {
                "population": 193,
                "longitude": 17.002191664674477,
                "latitude": 45.751430325964215,
                "BM": 35
            },
            "geometry": {
                "type": "Polygon",
                "coordinates": [
                    [
                        [
                            16.995419801488168,
                            45.77601417258866
                        ],
                        [
                            17.021154493046499,
                            45.751374280170346
                        ],
                        [
                            17.01713716889104,
                            45.740778774625994
                        ],
                        [
                            16.999776616982359,
                            45.733406233407194
                        ],
                        [
                            16.985690424396203,
                            45.741336301562804
                        ],
                        [
                            16.995419801488168,
                            45.77601417258866
                        ]
                    ]
                ]
            }
        },
        {
            "type": "Feature",
            "properties": {
                "population": 111,
                "longitude": 17.017521634563977,
                "latitude": 45.775730386259674,
                "BM": 36
            },
            "geometry": {
                "type": "Polygon",
                "coordinates": [
                    [
                        [
                            16.994579471819893,
                            45.77787820891723
                        ],
                        [
                            17.009739938762408,
                            45.799622988760539
                        ],
                        [
                            17.041247165067166,
                            45.777810924242964
                        ],
                        [
                            17.040885819388855,
                            45.776887705325315
                        ],
                        [
                            17.026050500406843,
                            45.754385115021549
                        ],
                        [
                            17.021154493046499,
                            45.751374280170346
                        ],
                        [
                            16.995419801488168,
                            45.77601417258866
                        ],
                        [
                            16.994579471819893,
                            45.77787820891723
                        ]
                    ]
                ]
            }
        },
        {
            "type": "Feature",
            "properties": {
                "population": 93,
                "longitude": 16.9775191475917,
                "latitude": 45.762352457121082,
                "BM": 37
            },
            "geometry": {
                "type": "Polygon",
                "coordinates": [
                    [
                        [
                            16.964784690235557,
                            45.777346969032784
                        ],
                        [
                            16.967012933126448,
                            45.779016137924955
                        ],
                        [
                            16.994579471819893,
                            45.77787820891723
                        ],
                        [
                            16.995419801488168,
                            45.77601417258866
                        ],
                        [
                            16.985690424396203,
                            45.741336301562804
                        ],
                        [
                            16.972185958651892,
                            45.741541338419609
                        ],
                        [
                            16.958743430510836,
                            45.768008090695147
                        ],
                        [
                            16.964784690235557,
                            45.777346969032784
                        ]
                    ]
                ]
            }
        },
        {
            "type": "Feature",
            "properties": {
                "population": 206,
                "longitude": 17.045973607744532,
                "latitude": 45.726380178919349,
                "BM": 38
            },
            "geometry": {
                "type": "Polygon",
                "coordinates": [
                    [
                        [
                            17.021154493046499,
                            45.751374280170346
                        ],
                        [
                            17.026050500406843,
                            45.754385115021549
                        ],
                        [
                            17.038738650858448,
                            45.748620251738487
                        ],
                        [
                            17.076054672810102,
                            45.719210970003353
                        ],
                        [
                            17.068822353265205,
                            45.701852210511753
                        ],
                        [
                            17.042687131116974,
                            45.706160741147613
                        ],
                        [
                            17.01713716889104,
                            45.740778774625994
                        ],
                        [
                            17.021154493046499,
                            45.751374280170346
                        ]
                    ]
                ]
            }
        },
        {
            "type": "Feature",
            "properties": {
                "population": 343,
                "longitude": 16.955907085752415,
                "latitude": 45.794962017229913,
                "BM": 39
            },
            "geometry": {
                "type": "Polygon",
                "coordinates": [
                    [
                        [
                            16.936133078897853,
                            45.799699876644091
                        ],
                        [
                            16.935453554657713,
                            45.802135984358721
                        ],
                        [
                            16.965038167417152,
                            45.807070836768013
                        ],
                        [
                            16.967497935562069,
                            45.803037340951164
                        ],
                        [
                            16.967012933126448,
                            45.779016137924955
                        ],
                        [
                            16.964784690235557,
                            45.777346969032784
                        ],
                        [
                            16.936133078897853,
                            45.799699876644091
                        ]
                    ]
                ]
            }
        },
        {
            "type": "Feature",
            "properties": {
                "population": 272,
                "longitude": 17.004660898166065,
                "latitude": 45.60800223781483,
                "BM": 40
            },
            "geometry": {
                "type": "Polygon",
                "coordinates": [
                    [
                        [
                            16.985384048457615,
                            45.614179227970652
                        ],
                        [
                            17.005405585217627,
                            45.630707845597755
                        ],
                        [
                            17.012720886829673,
                            45.630447668325964
                        ],
                        [
                            17.026923783125326,
                            45.606059915685897
                        ],
                        [
                            16.999411105204157,
                            45.58140442094377
                        ],
                        [
                            16.983885938104322,
                            45.608596994327208
                        ],
                        [
                            16.985384048457615,
                            45.614179227970652
                        ]
                    ]
                ]
            }
        },
        {
            "type": "Feature",
            "properties": {
                "population": 193,
                "longitude": 17.002191664674477,
                "latitude": 45.751430325964215,
                "BM": 41
            },
            "geometry": {
                "type": "Polygon",
                "coordinates": [
                    [
                        [
                            16.995419801488168,
                            45.77601417258866
                        ],
                        [
                            17.021154493046499,
                            45.751374280170346
                        ],
                        [
                            17.01713716889104,
                            45.740778774625994
                        ],
                        [
                            16.999776616982359,
                            45.733406233407194
                        ],
                        [
                            16.985690424396203,
                            45.741336301562804
                        ],
                        [
                            16.995419801488168,
                            45.77601417258866
                        ]
                    ]
                ]
            }
        },
        {
            "type": "Feature",
            "properties": {
                "population": 321,
                "longitude": 16.964522852750207,
                "latitude": 45.621398309045084,
                "BM": 42
            },
            "geometry": {
                "type": "Polygon",
                "coordinates": [
                    [
                        [
                            16.95540934397858,
                            45.641616475591142
                        ],
                        [
                            16.959845828517707,
                            45.643889243847724
                        ],
                        [
                            16.985384048457615,
                            45.614179227970652
                        ],
                        [
                            16.983885938104322,
                            45.608596994327208
                        ],
                        [
                            16.963155484549215,
                            45.602755276751104
                        ],
                        [
                            16.945341480059017,
                            45.625169563081045
                        ],
                        [
                            16.95540934397858,
                            45.641616475591142
                        ]
                    ]
                ]
            }
        },
        {
            "type": "Feature",
            "properties": {
                "population": 380,
                "longitude": 16.981956929153579,
                "latitude": 45.64014561267571,
                "BM": 43
            },
            "geometry": {
                "type": "Polygon",
                "coordinates": [
                    [
                        [
                            16.972379017858177,
                            45.663210564811266
                        ],
                        [
                            16.978999474867145,
                            45.667154002660965
                        ],
                        [
                            17.005405585217627,
                            45.630707845597755
                        ],
                        [
                            16.985384048457615,
                            45.614179227970652
                        ],
                        [
                            16.959845828517707,
                            45.643889243847724
                        ],
                        [
                            16.972379017858177,
                            45.663210564811266
                        ]
                    ]
                ]
            }
        },
        {
            "type": "Feature",
            "properties": {
                "population": 163,
                "longitude": 17.022521040254826,
                "latitude": 45.58498816640639,
                "BM": 44
            },
            "geometry": {
                "type": "Polygon",
                "coordinates": [
                    [
                        [
                            16.999411105204157,
                            45.58140442094377
                        ],
                        [
                            17.026923783125326,
                            45.606059915685897
                        ],
                        [
                            17.034732700065209,
                            45.60438842287224
                        ],
                        [
                            17.042412913854903,
                            45.591814578271922
                        ],
                        [
                            17.034384315743075,
                            45.570195218114463
                        ],
                        [
                            17.007405172344164,
                            45.568781678727952
                        ],
                        [
                            16.999114356909374,
                            45.577668469304712
                        ],
                        [
                            16.999411105204157,
                            45.58140442094377
                        ]
                    ]
                ]
            }
        },
        {
            "type": "Feature",
            "properties": {
                "population": 114,
                "longitude": 17.218222241255425,
                "latitude": 45.52343283035426,
                "BM": 45
            },
            "geometry": {
                "type": "Polygon",
                "coordinates": [
                    [
                        [
                            17.196048593376236,
                            45.514212618741567
                        ],
                        [
                            17.209236309880534,
                            45.550212076971057
                        ],
                        [
                            17.21030738142969,
                            45.550697344000426
                        ],
                        [
                            17.236527741930647,
                            45.544846264585573
                        ],
                        [
                            17.230915156104732,
                            45.497119570806689
                        ],
                        [
                            17.220314006455119,
                            45.494476473698434
                        ],
                        [
                            17.196048593376236,
                            45.514212618741567
                        ]
                    ]
                ]
            }
        },
        {
            "type": "Feature",
            "properties": {
                "population": 149,
                "longitude": 17.039941912365272,
                "latitude": 45.760018464733307,
                "BM": 46
            },
            "geometry": {
                "type": "Polygon",
                "coordinates": [
                    [
                        [
                            17.040885819388855,
                            45.776887705325315
                        ],
                        [
                            17.053293983042181,
                            45.754900098784553
                        ],
                        [
                            17.041323417901559,
                            45.749531604084922
                        ],
                        [
                            17.038738650858448,
                            45.748620251738487
                        ],
                        [
                            17.026050500406843,
                            45.754385115021549
                        ],
                        [
                            17.040885819388855,
                            45.776887705325315
                        ]
                    ]
                ]
            }
        },
        {
            "type": "Feature",
            "properties": {
                "population": 280,
                "longitude": 17.067110936418718,
                "latitude": 45.761228841887643,
                "BM": 47
            },
            "geometry": {
                "type": "Polygon",
                "coordinates": [
                    [
                        [
                            17.041247165067166,
                            45.777810924242964
                        ],
                        [
                            17.052220361036635,
                            45.783166820903034
                        ],
                        [
                            17.079518064197476,
                            45.776098110250473
                        ],
                        [
                            17.088921485704155,
                            45.737016054256173
                        ],
                        [
                            17.084786330957041,
                            45.732438902382363
                        ],
                        [
                            17.057770273843996,
                            45.751208201850048
                        ],
                        [
                            17.053293983042181,
                            45.754900098784553
                        ],
                        [
                            17.040885819388855,
                            45.776887705325315
                        ],
                        [
                            17.041247165067166,
                            45.777810924242964
                        ]
                    ]
                ]
            }
        },
        {
            "type": "Feature",
            "properties": {
                "population": 272,
                "longitude": 17.004660898166065,
                "latitude": 45.60800223781483,
                "BM": 48
            },
            "geometry": {
                "type": "Polygon",
                "coordinates": [
                    [
                        [
                            16.985384048457615,
                            45.614179227970652
                        ],
                        [
                            17.005405585217627,
                            45.630707845597755
                        ],
                        [
                            17.012720886829673,
                            45.630447668325964
                        ],
                        [
                            17.026923783125326,
                            45.606059915685897
                        ],
                        [
                            16.999411105204157,
                            45.58140442094377
                        ],
                        [
                            16.983885938104322,
                            45.608596994327208
                        ],
                        [
                            16.985384048457615,
                            45.614179227970652
                        ]
                    ]
                ]
            }
        },
        {
            "type": "Feature",
            "properties": {
                "population": 979,
                "longitude": 16.936744132724421,
                "latitude": 45.580652021391238,
                "BM": 49
            },
            "geometry": {
                "type": "Polygon",
                "coordinates": [
                    [
                        [
                            16.956406055216007,
                            45.584250547001865
                        ],
                        [
                            16.940151713011417,
                            45.575303120264742
                        ],
                        [
                            16.91578464093887,
                            45.579211083103942
                        ],
                        [
                            16.915683569561924,
                            45.581230805142773
                        ],
                        [
                            16.95577043962362,
                            45.58594707898763
                        ],
                        [
                            16.956406055216007,
                            45.584250547001865
                        ]
                    ]
                ]
            }
        },
        {
            "type": "Feature",
            "properties": {
                "population": 303,
                "longitude": 16.937600690059874,
                "latitude": 45.55090402524371,
                "BM": 50
            },
            "geometry": {
                "type": "Polygon",
                "coordinates": [
                    [
                        [
                            16.915524235934129,
                            45.569800468281095
                        ],
                        [
                            16.949336516840489,
                            45.56088813082691
                        ],
                        [
                            16.962697721402424,
                            45.556252279851577
                        ],
                        [
                            16.960939466755182,
                            45.532420669095593
                        ],
                        [
                            16.955740716622632,
                            45.52991578454003
                        ],
                        [
                            16.907130857068729,
                            45.551532739907486
                        ],
                        [
                            16.915524235934129,
                            45.569800468281095
                        ]
                    ]
                ]
            }
        },
        {
            "type": "Feature",
            "properties": {
                "population": 1052,
                "longitude": 16.954214862484584,
                "latitude": 45.569771547345155,
                "BM": 51
            },
            "geometry": {
                "type": "Polygon",
                "coordinates": [
                    [
                        [
                            16.949336516840489,
                            45.56088813082691
                        ],
                        [
                            16.940151713011417,
                            45.575303120264742
                        ],
                        [
                            16.956406055216007,
                            45.584250547001865
                        ],
                        [
                            16.966281967453213,
                            45.563381413609747
                        ],
                        [
                            16.962697721402424,
                            45.556252279851577
                        ],
                        [
                            16.949336516840489,
                            45.56088813082691
                        ]
                    ]
                ]
            }
        },
        {
            "type": "Feature",
            "properties": {
                "population": 414,
                "longitude": 16.893512965009407,
                "latitude": 45.573484174041823,
                "BM": 52
            },
            "geometry": {
                "type": "Polygon",
                "coordinates": [
                    [
                        [
                            16.875583915532708,
                            45.596251069061488
                        ],
                        [
                            16.912534101638375,
                            45.590484660161323
                        ],
                        [
                            16.915683569561924,
                            45.581230805142773
                        ],
                        [
                            16.91578464093887,
                            45.579211083103942
                        ],
                        [
                            16.915524235934129,
                            45.569800468281095
                        ],
                        [
                            16.907130857068729,
                            45.551532739907486
                        ],
                        [
                            16.899831024491682,
                            45.546422338044138
                        ],
                        [
                            16.899562912713463,
                            45.546332663124744
                        ],
                        [
                            16.869158209920347,
                            45.566511086116193
                        ],
                        [
                            16.875583915532708,
                            45.596251069061488
                        ]
                    ]
                ]
            }
        },
        {
            "type": "Feature",
            "properties": {
                "population": 970,
                "longitude": 16.933086071651882,
                "latitude": 45.935228224742524,
                "BM": 53
            },
            "geometry": {
                "type": "Polygon",
                "coordinates": [
                    [
                        [
                            16.936640139441735,
                            45.952107600215321
                        ],
                        [
                            16.936648070697029,
                            45.952103506379906
                        ],
                        [
                            16.949978175901979,
                            45.941409882985226
                        ],
                        [
                            16.952836915172117,
                            45.930655849145097
                        ],
                        [
                            16.919043856620451,
                            45.92130610711471
                        ],
                        [
                            16.911518387177694,
                            45.930567837872267
                        ],
                        [
                            16.936640139441735,
                            45.952107600215321
                        ]
                    ]
                ]
            }
        },
        {
            "type": "Feature",
            "properties": {
                "population": 676,
                "longitude": 16.931296048803677,
                "latitude": 45.592729414218333,
                "BM": 54
            },
            "geometry": {
                "type": "Polygon",
                "coordinates": [
                    [
                        [
                            16.912534101638375,
                            45.590484660161323
                        ],
                        [
                            16.922020242596748,
                            45.609363619942201
                        ],
                        [
                            16.956005050372301,
                            45.590893522257815
                        ],
                        [
                            16.95577043962362,
                            45.58594707898763
                        ],
                        [
                            16.915683569561924,
                            45.581230805142773
                        ],
                        [
                            16.912534101638375,
                            45.590484660161323
                        ]
                    ]
                ]
            }
        },
        {
            "type": "Feature",
            "properties": {
                "population": 340,
                "longitude": 17.033712425757248,
                "latitude": 45.851884596822913,
                "BM": 55
            },
            "geometry": {
                "type": "Polygon",
                "coordinates": [
                    [
                        [
                            17.027346319135745,
                            45.866875224664916
                        ],
                        [
                            17.060573861923217,
                            45.859659629113253
                        ],
                        [
                            17.062209608224514,
                            45.856629752641155
                        ],
                        [
                            17.026198064565659,
                            45.833537812366643
                        ],
                        [
                            17.009677405860522,
                            45.8480580716231
                        ],
                        [
                            17.027346319135745,
                            45.866875224664916
                        ]
                    ]
                ]
            }
        },
        {
            "type": "Feature",
            "properties": {
                "population": 711,
                "longitude": 16.943855973322368,
                "latitude": 45.608531631988441,
                "BM": 56
            },
            "geometry": {
                "type": "Polygon",
                "coordinates": [
                    [
                        [
                            16.922504254396788,
                            45.612896038810639
                        ],
                        [
                            16.929297793262712,
                            45.61805218797857
                        ],
                        [
                            16.945341480059017,
                            45.625169563081045
                        ],
                        [
                            16.963155484549215,
                            45.602755276751104
                        ],
                        [
                            16.956005050372301,
                            45.590893522257815
                        ],
                        [
                            16.922020242596748,
                            45.609363619942201
                        ],
                        [
                            16.922504254396788,
                            45.612896038810639
                        ]
                    ]
                ]
            }
        },
        {
            "type": "Feature",
            "properties": {
                "population": 66,
                "longitude": 16.946565307972744,
                "latitude": 45.781181322859311,
                "BM": 57
            },
            "geometry": {
                "type": "Polygon",
                "coordinates": [
                    [
                        [
                            16.936133078897853,
                            45.799699876644091
                        ],
                        [
                            16.964784690235557,
                            45.777346969032784
                        ],
                        [
                            16.958743430510836,
                            45.768008090695147
                        ],
                        [
                            16.951173578351316,
                            45.765736869897204
                        ],
                        [
                            16.930236937344461,
                            45.783333582137281
                        ],
                        [
                            16.936133078897853,
                            45.799699876644091
                        ]
                    ]
                ]
            }
        },
        {
            "type": "Feature",
            "properties": {
                "population": 229,
                "longitude": 17.168630453522283,
                "latitude": 45.70250037041852,
                "BM": 58
            },
            "geometry": {
                "type": "Polygon",
                "coordinates": [
                    [
                        [
                            17.16896421132806,
                            45.710326714535839
                        ],
                        [
                            17.169664495054619,
                            45.699959908573916
                        ],
                        [
                            17.167262654184174,
                            45.697214488145796
                        ],
                        [
                            17.16896421132806,
                            45.710326714535839
                        ]
                    ]
                ]
            }
        },
        {
            "type": "Feature",
            "properties": {
                "population": 76,
                "longitude": 16.919171096346453,
                "latitude": 45.792700166770821,
                "BM": 59
            },
            "geometry": {
                "type": "Polygon",
                "coordinates": [
                    [
                        [
                            16.907507039403022,
                            45.79877106880182
                        ],
                        [
                            16.923606250244848,
                            45.811274274492504
                        ],
                        [
                            16.929118184679268,
                            45.810809897847108
                        ],
                        [
                            16.935453554657713,
                            45.802135984358721
                        ],
                        [
                            16.936133078897853,
                            45.799699876644091
                        ],
                        [
                            16.930236937344461,
                            45.783333582137281
                        ],
                        [
                            16.906237665574825,
                            45.774408832061894
                        ],
                        [
                            16.901361491253841,
                            45.78087826862361
                        ],
                        [
                            16.907507039403022,
                            45.79877106880182
                        ]
                    ]
                ]
            }
        },
        {
            "type": "Feature",
            "properties": {
                "population": 208,
                "longitude": 16.937798279312041,
                "latitude": 45.636631369597886,
                "BM": 60
            },
            "geometry": {
                "type": "Polygon",
                "coordinates": [
                    [
                        [
                            16.92518913858612,
                            45.648677345902286
                        ],
                        [
                            16.932447209804124,
                            45.653108137326569
                        ],
                        [
                            16.95540934397858,
                            45.641616475591142
                        ],
                        [
                            16.945341480059017,
                            45.625169563081045
                        ],
                        [
                            16.929297793262712,
                            45.61805218797857
                        ],
                        [
                            16.92518913858612,
                            45.648677345902286
                        ]
                    ]
                ]
            }
        },
        {
            "type": "Feature",
            "properties": {
                "population": 61,
                "longitude": 17.176326406267677,
                "latitude": 45.619073931116816,
                "BM": 61
            },
            "geometry": {
                "type": "Polygon",
                "coordinates": [
                    [
                        [
                            17.154099379438083,
                            45.615738478334869
                        ],
                        [
                            17.183944206137671,
                            45.636558017341009
                        ],
                        [
                            17.201559018045419,
                            45.616017524525297
                        ],
                        [
                            17.153437368511085,
                            45.604704820902626
                        ],
                        [
                            17.154099379438083,
                            45.615738478334869
                        ]
                    ]
                ]
            }
        },
        {
            "type": "Feature",
            "properties": {
                "population": 233,
                "longitude": 16.945171919151139,
                "latitude": 45.870058596236127,
                "BM": 62
            },
            "geometry": {
                "type": "Polygon",
                "coordinates": [
                    [
                        [
                            16.930469792439645,
                            45.880156178461661
                        ],
                        [
                            16.962555181447154,
                            45.886301162830286
                        ],
                        [
                            16.958405128295635,
                            45.860635883564775
                        ],
                        [
                            16.950744660205075,
                            45.851567847255438
                        ],
                        [
                            16.928533144554255,
                            45.862040289445382
                        ],
                        [
                            16.926313791943478,
                            45.87688346099128
                        ],
                        [
                            16.930469792439645,
                            45.880156178461661
                        ]
                    ]
                ]
            }
        },
        {
            "type": "Feature",
            "properties": {
                "population": 113,
                "longitude": 16.952778599491975,
                "latitude": 45.743957958286096,
                "BM": 63
            },
            "geometry": {
                "type": "Polygon",
                "coordinates": [
                    [
                        [
                            16.951173578351316,
                            45.765736869897204
                        ],
                        [
                            16.958743430510836,
                            45.768008090695147
                        ],
                        [
                            16.972185958651892,
                            45.741541338419609
                        ],
                        [
                            16.957208151693834,
                            45.719490360842244
                        ],
                        [
                            16.942847033828528,
                            45.726140178289171
                        ],
                        [
                            16.932667797034227,
                            45.751392196425556
                        ],
                        [
                            16.951173578351316,
                            45.765736869897204
                        ]
                    ]
                ]
            }
        },
        {
            "type": "Feature",
            "properties": {
                "population": 71,
                "longitude": 17.011836710455938,
                "latitude": 45.513043330822249,
                "BM": 64
            },
            "geometry": {
                "type": "Polygon",
                "coordinates": [
                    [
                        [
                            16.980708341654381,
                            45.521962336085579
                        ],
                        [
                            17.003450377756753,
                            45.536056353978509
                        ],
                        [
                            17.037330167567809,
                            45.510386130608929
                        ],
                        [
                            17.030128272760475,
                            45.490056399854346
                        ],
                        [
                            17.025207656222136,
                            45.487925074527872
                        ],
                        [
                            16.98093978441549,
                            45.521377110224101
                        ],
                        [
                            16.980708341654381,
                            45.521962336085579
                        ]
                    ]
                ]
            }
        },
        {
            "type": "Feature",
            "properties": {
                "population": 290,
                "longitude": 17.183723382959737,
                "latitude": 45.587053114667874,
                "BM": 65
            },
            "geometry": {
                "type": "Polygon",
                "coordinates": [
                    [
                        [
                            17.158332681535292,
                            45.589103650976817
                        ],
                        [
                            17.201581482617254,
                            45.602280546137294
                        ],
                        [
                            17.202865422671824,
                            45.584917316440375
                        ],
                        [
                            17.177641012400247,
                            45.571055032820816
                        ],
                        [
                            17.158332681535292,
                            45.589103650976817
                        ]
                    ]
                ]
            }
        },
        {
            "type": "Feature",
            "properties": {
                "population": 158,
                "longitude": 17.031905781777887,
                "latitude": 45.554253889747741,
                "BM": 66
            },
            "geometry": {
                "type": "Polygon",
                "coordinates": [
                    [
                        [
                            17.009514127369847,
                            45.548595405005088
                        ],
                        [
                            17.007405172344164,
                            45.568781678727952
                        ],
                        [
                            17.034384315743075,
                            45.570195218114463
                        ],
                        [
                            17.058736289012714,
                            45.546247545778542
                        ],
                        [
                            17.060209158941721,
                            45.53854022792936
                        ],
                        [
                            17.05886202978472,
                            45.536254462233813
                        ],
                        [
                            17.009514127369847,
                            45.548595405005088
                        ]
                    ]
                ]
            }
        },
        {
            "type": "Feature",
            "properties": {
                "population": 38,
                "longitude": 17.134113589289672,
                "latitude": 45.831594411391102,
                "BM": 67
            },
            "geometry": {
                "type": "Polygon",
                "coordinates": [
                    [
                        [
                            17.158955934721103,
                            45.853730467988356
                        ],
                        [
                            17.167958033003757,
                            45.843202455362146
                        ],
                        [
                            17.13527591836381,
                            45.811800121582188
                        ],
                        [
                            17.101952666089559,
                            45.81876718625805
                        ],
                        [
                            17.103544880719962,
                            45.832659374306381
                        ],
                        [
                            17.158955934721103,
                            45.853730467988356
                        ]
                    ]
                ]
            }
        },
        {
            "type": "Feature",
            "properties": {
                "population": 259,
                "longitude": 16.92037027386931,
                "latitude": 45.735444027693099,
                "BM": 68
            },
            "geometry": {
                "type": "Polygon",
                "coordinates": [
                    [
                        [
                            16.897507103024171,
                            45.738631998324976
                        ],
                        [
                            16.910730924178008,
                            45.755048670909957
                        ],
                        [
                            16.932667797034227,
                            45.751392196425556
                        ],
                        [
                            16.942847033828528,
                            45.726140178289171
                        ],
                        [
                            16.91750060013678,
                            45.71325483743388
                        ],
                        [
                            16.897832765931614,
                            45.737248662494693
                        ],
                        [
                            16.897507103024171,
                            45.738631998324976
                        ]
                    ]
                ]
            }
        },
        {
            "type": "Feature",
            "properties": {
                "population": 45,
                "longitude": 16.911942038407645,
                "latitude": 45.691637753758954,
                "BM": 69
            },
            "geometry": {
                "type": "Polygon",
                "coordinates": [
                    [
                        [
                            16.891731796066971,
                            45.69046203147694
                        ],
                        [
                            16.916872853988743,
                            45.707313570915204
                        ],
                        [
                            16.933292731528923,
                            45.687199887272897
                        ],
                        [
                            16.93327443339772,
                            45.686904304685882
                        ],
                        [
                            16.899105006047026,
                            45.679500222159014
                        ],
                        [
                            16.891731796066971,
                            45.69046203147694
                        ]
                    ]
                ]
            }
        },
        {
            "type": "Feature",
            "properties": {
                "population": 24,
                "longitude": 16.898016849286567,
                "latitude": 45.710696283535825,
                "BM": 70
            },
            "geometry": {
                "type": "Polygon",
                "coordinates": [
                    [
                        [
                            16.897832765931614,
                            45.737248662494693
                        ],
                        [
                            16.91750060013678,
                            45.71325483743388
                        ],
                        [
                            16.916872853988743,
                            45.707313570915204
                        ],
                        [
                            16.891731796066971,
                            45.69046203147694
                        ],
                        [
                            16.877682005685717,
                            45.694807480414738
                        ],
                        [
                            16.897832765931614,
                            45.737248662494693
                        ]
                    ]
                ]
            }
        },
        {
            "type": "Feature",
            "properties": {
                "population": 241,
                "longitude": 16.978068263816048,
                "latitude": 45.8648526011063,
                "BM": 71
            },
            "geometry": {
                "type": "Polygon",
                "coordinates": [
                    [
                        [
                            16.962555181447154,
                            45.886301162830286
                        ],
                        [
                            16.968553310838971,
                            45.89465388298418
                        ],
                        [
                            16.996853348220469,
                            45.862200528226538
                        ],
                        [
                            17.000511127274091,
                            45.848825748165631
                        ],
                        [
                            16.990003313999779,
                            45.83959347505553
                        ],
                        [
                            16.958405128295635,
                            45.860635883564775
                        ],
                        [
                            16.962555181447154,
                            45.886301162830286
                        ]
                    ]
                ]
            }
        },
        {
            "type": "Feature",
            "properties": {
                "population": 92,
                "longitude": 16.916182683590893,
                "latitude": 45.948272947623757,
                "BM": 72
            },
            "geometry": {
                "type": "Polygon",
                "coordinates": [
                    [
                        [
                            16.909308248313312,
                            45.962081868456231
                        ],
                        [
                            16.934413334728969,
                            45.955415604620107
                        ],
                        [
                            16.936640139441735,
                            45.952107600215321
                        ],
                        [
                            16.911518387177694,
                            45.930567837872267
                        ],
                        [
                            16.910581765238721,
                            45.930760839229499
                        ],
                        [
                            16.901907218276527,
                            45.943365058016234
                        ],
                        [
                            16.903506669810969,
                            45.956668911904586
                        ],
                        [
                            16.909308248313312,
                            45.962081868456231
                        ]
                    ]
                ]
            }
        },
        {
            "type": "Feature",
            "properties": {
                "population": 148,
                "longitude": 16.965440114558643,
                "latitude": 45.840399282236675,
                "BM": 73
            },
            "geometry": {
                "type": "Polygon",
                "coordinates": [
                    [
                        [
                            16.946659542533727,
                            45.83897849384654
                        ],
                        [
                            16.950744660205075,
                            45.851567847255438
                        ],
                        [
                            16.958405128295635,
                            45.860635883564775
                        ],
                        [
                            16.990003313999779,
                            45.83959347505553
                        ],
                        [
                            16.988390735126799,
                            45.834367322974423
                        ],
                        [
                            16.962075333564989,
                            45.823278201419001
                        ],
                        [
                            16.948307509012793,
                            45.831721607049062
                        ],
                        [
                            16.946659542533727,
                            45.83897849384654
                        ]
                    ]
                ]
            }
        },
        {
            "type": "Feature",
            "properties": {
                "population": 138,
                "longitude": 16.914611780040762,
                "latitude": 45.633996368305731,
                "BM": 74
            },
            "geometry": {
                "type": "Polygon",
                "coordinates": [
                    [
                        [
                            16.896823147505035,
                            45.646406073801401
                        ],
                        [
                            16.92518913858612,
                            45.648677345902286
                        ],
                        [
                            16.929297793262712,
                            45.61805218797857
                        ],
                        [
                            16.922504254396788,
                            45.612896038810639
                        ],
                        [
                            16.894736571715882,
                            45.638690838432794
                        ],
                        [
                            16.895800096422647,
                            45.645231919704472
                        ],
                        [
                            16.896823147505035,
                            45.646406073801401
                        ]
                    ]
                ]
            }
        },
        {
            "type": "Feature",
            "properties": {
                "population": 83,
                "longitude": 16.915794074630284,
                "latitude": 45.657379910423217,
                "BM": 75
            },
            "geometry": {
                "type": "Polygon",
                "coordinates": [
                    [
                        [
                            16.902753554782368,
                            45.664341900496915
                        ],
                        [
                            16.929660814027969,
                            45.670404038094297
                        ],
                        [
                            16.932447209804124,
                            45.653108137326569
                        ],
                        [
                            16.92518913858612,
                            45.648677345902286
                        ],
                        [
                            16.896823147505035,
                            45.646406073801401
                        ],
                        [
                            16.902753554782368,
                            45.664341900496915
                        ]
                    ]
                ]
            }
        },
        {
            "type": "Feature",
            "properties": {
                "population": 192,
                "longitude": 16.928754916141312,
                "latitude": 45.829092920555603,
                "BM": 76
            },
            "geometry": {
                "type": "Polygon",
                "coordinates": [
                    [
                        [
                            16.918383911243126,
                            45.843463187676193
                        ],
                        [
                            16.946659542533727,
                            45.83897849384654
                        ],
                        [
                            16.948307509012793,
                            45.831721607049062
                        ],
                        [
                            16.929118184679268,
                            45.810809897847108
                        ],
                        [
                            16.923606250244848,
                            45.811274274492504
                        ],
                        [
                            16.910430022929365,
                            45.831222221447618
                        ],
                        [
                            16.918383911243126,
                            45.843463187676193
                        ]
                    ]
                ]
            }
        },
        {
            "type": "Feature",
            "properties": {
                "population": 195,
                "longitude": 16.933634155792188,
                "latitude": 45.849436711978143,
                "BM": 77
            },
            "geometry": {
                "type": "Polygon",
                "coordinates": [
                    [
                        [
                            16.916645928378539,
                            45.85054651714379
                        ],
                        [
                            16.928533144554255,
                            45.862040289445382
                        ],
                        [
                            16.950744660205075,
                            45.851567847255438
                        ],
                        [
                            16.946659542533727,
                            45.83897849384654
                        ],
                        [
                            16.918383911243126,
                            45.843463187676193
                        ],
                        [
                            16.916645928378539,
                            45.85054651714379
                        ]
                    ]
                ]
            }
        },
        {
            "type": "Feature",
            "properties": {
                "population": 139,
                "longitude": 16.905365035598642,
                "latitude": 45.817026050388577,
                "BM": 78
            },
            "geometry": {
                "type": "Polygon",
                "coordinates": [
                    [
                        [
                            16.893018831165911,
                            45.830914621040421
                        ],
                        [
                            16.910430022929365,
                            45.831222221447618
                        ],
                        [
                            16.923606250244848,
                            45.811274274492504
                        ],
                        [
                            16.907507039403022,
                            45.79877106880182
                        ],
                        [
                            16.887754114471932,
                            45.819105687018457
                        ],
                        [
                            16.893018831165911,
                            45.830914621040421
                        ]
                    ]
                ]
            }
        },
        {
            "type": "Feature",
            "properties": {
                "population": 134,
                "longitude": 16.903015185906497,
                "latitude": 45.844586833507947,
                "BM": 79
            },
            "geometry": {
                "type": "Polygon",
                "coordinates": [
                    [
                        [
                            16.88710401766831,
                            45.841128973969717
                        ],
                        [
                            16.901325359844773,
                            45.863860145526679
                        ],
                        [
                            16.916645928378539,
                            45.85054651714379
                        ],
                        [
                            16.918383911243126,
                            45.843463187676193
                        ],
                        [
                            16.910430022929365,
                            45.831222221447618
                        ],
                        [
                            16.893018831165911,
                            45.830914621040421
                        ],
                        [
                            16.88710401766831,
                            45.841128973969717
                        ]
                    ]
                ]
            }
        },
        {
            "type": "Feature",
            "properties": {
                "population": 389,
                "longitude": 16.914801010554619,
                "latitude": 45.866298594307025,
                "BM": 80
            },
            "geometry": {
                "type": "Polygon",
                "coordinates": [
                    [
                        [
                            16.902071412467361,
                            45.876575002279296
                        ],
                        [
                            16.926313791943478,
                            45.87688346099128
                        ],
                        [
                            16.928533144554255,
                            45.862040289445382
                        ],
                        [
                            16.916645928378539,
                            45.85054651714379
                        ],
                        [
                            16.901325359844773,
                            45.863860145526679
                        ],
                        [
                            16.900066511568404,
                            45.871305483499818
                        ],
                        [
                            16.902071412467361,
                            45.876575002279296
                        ]
                    ]
                ]
            }
        },
        {
            "type": "Feature",
            "properties": {
                "population": 265,
                "longitude": 16.894577130769484,
                "latitude": 45.6117871282595,
                "BM": 81
            },
            "geometry": {
                "type": "Polygon",
                "coordinates": [
                    [
                        [
                            16.864982431868246,
                            45.614797926747876
                        ],
                        [
                            16.894736571715882,
                            45.638690838432794
                        ],
                        [
                            16.922504254396788,
                            45.612896038810639
                        ],
                        [
                            16.922020242596748,
                            45.609363619942201
                        ],
                        [
                            16.912534101638375,
                            45.590484660161323
                        ],
                        [
                            16.875583915532708,
                            45.596251069061488
                        ],
                        [
                            16.86449317476627,
                            45.613473959519965
                        ],
                        [
                            16.864982431868246,
                            45.614797926747876
                        ]
                    ]
                ]
            }
        },
        {
            "type": "Feature",
            "properties": {
                "population": 155,
                "longitude": 16.926735570556477,
                "latitude": 45.76660659675187,
                "BM": 82
            },
            "geometry": {
                "type": "Polygon",
                "coordinates": [
                    [
                        [
                            16.930236937344461,
                            45.783333582137281
                        ],
                        [
                            16.951173578351316,
                            45.765736869897204
                        ],
                        [
                            16.932667797034227,
                            45.751392196425556
                        ],
                        [
                            16.910730924178008,
                            45.755048670909957
                        ],
                        [
                            16.906237665574825,
                            45.774408832061894
                        ],
                        [
                            16.930236937344461,
                            45.783333582137281
                        ]
                    ]
                ]
            }
        },
        {
            "type": "Feature",
            "properties": {
                "population": 21,
                "longitude": 16.917016042502993,
                "latitude": 45.675772681001362,
                "BM": 83
            },
            "geometry": {
                "type": "Polygon",
                "coordinates": [
                    [
                        [
                            16.899105006047026,
                            45.679500222159014
                        ],
                        [
                            16.93327443339772,
                            45.686904304685882
                        ],
                        [
                            16.934955926213636,
                            45.679849827746793
                        ],
                        [
                            16.929660814027969,
                            45.670404038094297
                        ],
                        [
                            16.902753554782368,
                            45.664341900496915
                        ],
                        [
                            16.899105006047026,
                            45.679500222159014
                        ]
                    ]
                ]
            }
        },
        {
            "type": "Feature",
            "properties": {
                "population": 329,
                "longitude": 16.928145153773791,
                "latitude": 45.528809211608817,
                "BM": 84
            },
            "geometry": {
                "type": "Polygon",
                "coordinates": [
                    [
                        [
                            16.907130857068729,
                            45.551532739907486
                        ],
                        [
                            16.955740716622632,
                            45.52991578454003
                        ],
                        [
                            16.933371733537179,
                            45.501493009261118
                        ],
                        [
                            16.899831024491682,
                            45.546422338044138
                        ],
                        [
                            16.907130857068729,
                            45.551532739907486
                        ]
                    ]
                ]
            }
        },
        {
            "type": "Feature",
            "properties": {
                "population": 92,
                "longitude": 16.916182683590893,
                "latitude": 45.948272947623757,
                "BM": 85
            },
            "geometry": {
                "type": "Polygon",
                "coordinates": [
                    [
                        [
                            16.909308248313312,
                            45.962081868456231
                        ],
                        [
                            16.934413334728969,
                            45.955415604620107
                        ],
                        [
                            16.936640139441735,
                            45.952107600215321
                        ],
                        [
                            16.911518387177694,
                            45.930567837872267
                        ],
                        [
                            16.910581765238721,
                            45.930760839229499
                        ],
                        [
                            16.901907218276527,
                            45.943365058016234
                        ],
                        [
                            16.903506669810969,
                            45.956668911904586
                        ],
                        [
                            16.909308248313312,
                            45.962081868456231
                        ]
                    ]
                ]
            }
        },
        {
            "type": "Feature",
            "properties": {
                "population": 185,
                "longitude": 16.91548394728337,
                "latitude": 45.887411706787816,
                "BM": 86
            },
            "geometry": {
                "type": "Polygon",
                "coordinates": [
                    [
                        [
                            16.900297832867491,
                            45.882744032068906
                        ],
                        [
                            16.912250716145984,
                            45.901225536750573
                        ],
                        [
                            16.919719241210387,
                            45.904686560560911
                        ],
                        [
                            16.930469792439645,
                            45.880156178461661
                        ],
                        [
                            16.926313791943478,
                            45.87688346099128
                        ],
                        [
                            16.902071412467361,
                            45.876575002279296
                        ],
                        [
                            16.900297832867491,
                            45.882744032068906
                        ]
                    ]
                ]
            }
        },
        {
            "type": "Feature",
            "properties": {
                "population": 175,
                "longitude": 16.884742742501146,
                "latitude": 45.761767329433411,
                "BM": 87
            },
            "geometry": {
                "type": "Polygon",
                "coordinates": [
                    [
                        [
                            16.867605149405012,
                            45.785061035938313
                        ],
                        [
                            16.901361491253841,
                            45.78087826862361
                        ],
                        [
                            16.906237665574825,
                            45.774408832061894
                        ],
                        [
                            16.910730924178008,
                            45.755048670909957
                        ],
                        [
                            16.897507103024171,
                            45.738631998324976
                        ],
                        [
                            16.860245281476217,
                            45.745768197265008
                        ],
                        [
                            16.858999867779481,
                            45.749013227767286
                        ],
                        [
                            16.867115945167548,
                            45.784136234457982
                        ],
                        [
                            16.867605149405012,
                            45.785061035938313
                        ]
                    ]
                ]
            }
        },
        {
            "type": "Feature",
            "properties": {
                "population": 239,
                "longitude": 16.885059909137858,
                "latitude": 45.797890368608698,
                "BM": 88
            },
            "geometry": {
                "type": "Polygon",
                "coordinates": [
                    [
                        [
                            16.861890078407683,
                            45.803833795554439
                        ],
                        [
                            16.887754114471932,
                            45.819105687018457
                        ],
                        [
                            16.907507039403022,
                            45.79877106880182
                        ],
                        [
                            16.901361491253841,
                            45.78087826862361
                        ],
                        [
                            16.867605149405012,
                            45.785061035938313
                        ],
                        [
                            16.861890078407683,
                            45.803833795554439
                        ]
                    ]
                ]
            }
        },
        {
            "type": "Feature",
            "properties": {
                "population": 78,
                "longitude": 16.888214265713057,
                "latitude": 45.670749982399911,
                "BM": 89
            },
            "geometry": {
                "type": "Polygon",
                "coordinates": [
                    [
                        [
                            16.877382103377769,
                            45.694760507813534
                        ],
                        [
                            16.877682005685717,
                            45.694807480414738
                        ],
                        [
                            16.891731796066971,
                            45.69046203147694
                        ],
                        [
                            16.899105006047026,
                            45.679500222159014
                        ],
                        [
                            16.902753554782368,
                            45.664341900496915
                        ],
                        [
                            16.896823147505035,
                            45.646406073801401
                        ],
                        [
                            16.895800096422647,
                            45.645231919704472
                        ],
                        [
                            16.876178475461781,
                            45.659068641232636
                        ],
                        [
                            16.876015848826736,
                            45.693695763107016
                        ],
                        [
                            16.877382103377769,
                            45.694760507813534
                        ]
                    ]
                ]
            }
        },
        {
            "type": "Feature",
            "properties": {
                "population": 280,
                "longitude": 17.067110936418718,
                "latitude": 45.761228841887643,
                "BM": 90
            },
            "geometry": {
                "type": "Polygon",
                "coordinates": [
                    [
                        [
                            17.041247165067166,
                            45.777810924242964
                        ],
                        [
                            17.052220361036635,
                            45.783166820903034
                        ],
                        [
                            17.079518064197476,
                            45.776098110250473
                        ],
                        [
                            17.088921485704155,
                            45.737016054256173
                        ],
                        [
                            17.084786330957041,
                            45.732438902382363
                        ],
                        [
                            17.057770273843996,
                            45.751208201850048
                        ],
                        [
                            17.053293983042181,
                            45.754900098784553
                        ],
                        [
                            17.040885819388855,
                            45.776887705325315
                        ],
                        [
                            17.041247165067166,
                            45.777810924242964
                        ]
                    ]
                ]
            }
        },
        {
            "type": "Feature",
            "properties": {
                "population": 73,
                "longitude": 16.923332664733376,
                "latitude": 45.970451804332264,
                "BM": 91
            },
            "geometry": {
                "type": "Polygon",
                "coordinates": [
                    [
                        [
                            16.909172090658842,
                            45.96299740547888
                        ],
                        [
                            16.916038715880887,
                            45.983218127408172
                        ],
                        [
                            16.927199507331515,
                            45.987925301565063
                        ],
                        [
                            16.935059470168465,
                            45.9690068924874
                        ],
                        [
                            16.934413334728969,
                            45.955415604620107
                        ],
                        [
                            16.909308248313312,
                            45.962081868456231
                        ],
                        [
                            16.909172090658842,
                            45.96299740547888
                        ]
                    ]
                ]
            }
        },
        {
            "type": "Feature",
            "properties": {
                "population": 257,
                "longitude": 17.000923807230855,
                "latitude": 45.691234753407407,
                "BM": 92
            },
            "geometry": {
                "type": "Polygon",
                "coordinates": [
                    [
                        [
                            16.978993727058338,
                            45.696741093077272
                        ],
                        [
                            16.994982525239195,
                            45.710255413479381
                        ],
                        [
                            17.02953074356002,
                            45.700671933881665
                        ],
                        [
                            17.010448115943834,
                            45.674881839408762
                        ],
                        [
                            16.98733008726267,
                            45.673301902084241
                        ],
                        [
                            16.982667160401807,
                            45.673194678499776
                        ],
                        [
                            16.978993727058338,
                            45.696741093077272
                        ]
                    ]
                ]
            }
        },
        {
            "type": "Feature",
            "properties": {
                "population": 99,
                "longitude": 17.241661119629779,
                "latitude": 45.740705548254688,
                "BM": 93
            },
            "geometry": {
                "type": "Polygon",
                "coordinates": [
                    [
                        [
                            17.232558847228322,
                            45.800452963689139
                        ],
                        [
                            17.233099905663696,
                            45.800547508524566
                        ],
                        [
                            17.233272193341396,
                            45.800481429668373
                        ],
                        [
                            17.283537508631778,
                            45.71768317001014
                        ],
                        [
                            17.264229613384803,
                            45.699718266286915
                        ],
                        [
                            17.22306760777391,
                            45.700556386114172
                        ],
                        [
                            17.222455329230286,
                            45.700980170964243
                        ],
                        [
                            17.209910568626135,
                            45.769330997199106
                        ],
                        [
                            17.232558847228322,
                            45.800452963689139
                        ]
                    ]
                ]
            }
        },
        {
            "type": "Feature",
            "properties": {
                "population": 132,
                "longitude": 16.887806767264752,
                "latitude": 45.949546940894301,
                "BM": 94
            },
            "geometry": {
                "type": "Polygon",
                "coordinates": [
                    [
                        [
                            16.871339839185787,
                            45.949758754310494
                        ],
                        [
                            16.886235929409921,
                            45.960975974979455
                        ],
                        [
                            16.903506669810969,
                            45.956668911904586
                        ],
                        [
                            16.901907218276527,
                            45.943365058016234
                        ],
                        [
                            16.875508765608377,
                            45.938857369071826
                        ],
                        [
                            16.873925503700004,
                            45.940410395362818
                        ],
                        [
                            16.871339839185787,
                            45.949758754310494
                        ]
                    ]
                ]
            }
        },
        {
            "type": "Feature",
            "properties": {
                "population": 71,
                "longitude": 17.011836710455938,
                "latitude": 45.513043330822249,
                "BM": 95
            },
            "geometry": {
                "type": "Polygon",
                "coordinates": [
                    [
                        [
                            16.980708341654381,
                            45.521962336085579
                        ],
                        [
                            17.003450377756753,
                            45.536056353978509
                        ],
                        [
                            17.037330167567809,
                            45.510386130608929
                        ],
                        [
                            17.030128272760475,
                            45.490056399854346
                        ],
                        [
                            17.025207656222136,
                            45.487925074527872
                        ],
                        [
                            16.98093978441549,
                            45.521377110224101
                        ],
                        [
                            16.980708341654381,
                            45.521962336085579
                        ]
                    ]
                ]
            }
        },
        {
            "type": "Feature",
            "properties": {
                "population": 189,
                "longitude": 16.896310701053611,
                "latitude": 45.900263950018996,
                "BM": 96
            },
            "geometry": {
                "type": "Polygon",
                "coordinates": [
                    [
                        [
                            16.889899626000563,
                            45.91666185526131
                        ],
                        [
                            16.891769820500862,
                            45.916985708373993
                        ],
                        [
                            16.912250716145984,
                            45.901225536750573
                        ],
                        [
                            16.900297832867491,
                            45.882744032068906
                        ],
                        [
                            16.886663906412817,
                            45.892976976680856
                        ],
                        [
                            16.882686310682526,
                            45.905089368675746
                        ],
                        [
                            16.889899626000563,
                            45.91666185526131
                        ]
                    ]
                ]
            }
        },
        {
            "type": "Feature",
            "properties": {
                "population": 142,
                "longitude": 16.873124636345462,
                "latitude": 45.826624660408797,
                "BM": 97
            },
            "geometry": {
                "type": "Polygon",
                "coordinates": [
                    [
                        [
                            16.855192873659721,
                            45.826492460632224
                        ],
                        [
                            16.869932559549447,
                            45.846968040289248
                        ],
                        [
                            16.88710401766831,
                            45.841128973969717
                        ],
                        [
                            16.893018831165911,
                            45.830914621040421
                        ],
                        [
                            16.887754114471932,
                            45.819105687018457
                        ],
                        [
                            16.861890078407683,
                            45.803833795554439
                        ],
                        [
                            16.861219997477942,
                            45.804397490309071
                        ],
                        [
                            16.855192873659721,
                            45.826492460632224
                        ]
                    ]
                ]
            }
        },
        {
            "type": "Feature",
            "properties": {
                "population": 504,
                "longitude": 16.885482733211781,
                "latitude": 45.8783028737192,
                "BM": 98
            },
            "geometry": {
                "type": "Polygon",
                "coordinates": [
                    [
                        [
                            16.87445052715098,
                            45.884933677028442
                        ],
                        [
                            16.886663906412817,
                            45.892976976680856
                        ],
                        [
                            16.900297832867491,
                            45.882744032068906
                        ],
                        [
                            16.902071412467361,
                            45.876575002279296
                        ],
                        [
                            16.900066511568404,
                            45.871305483499818
                        ],
                        [
                            16.868490885487223,
                            45.866021311524278
                        ],
                        [
                            16.87445052715098,
                            45.884933677028442
                        ]
                    ]
                ]
            }
        },
        {
            "type": "Feature",
            "properties": {
                "population": 209,
                "longitude": 16.903491657989338,
                "latitude": 45.97951956379228,
                "BM": 99
            },
            "geometry": {
                "type": "Polygon",
                "coordinates": [
                    [
                        [
                            16.892530828925246,
                            45.992013004746433
                        ],
                        [
                            16.916038715880887,
                            45.983218127408172
                        ],
                        [
                            16.909172090658842,
                            45.96299740547888
                        ],
                        [
                            16.889814280896793,
                            45.984409609271147
                        ],
                        [
                            16.892530828925246,
                            45.992013004746433
                        ]
                    ]
                ]
            }
        },
        {
            "type": "Feature",
            "properties": {
                "population": 30,
                "longitude": 16.84868228764374,
                "latitude": 45.586334243827224,
                "BM": 100
            },
            "geometry": {
                "type": "Polygon",
                "coordinates": [
                    [
                        [
                            16.821779511118244,
                            45.601906890201491
                        ],
                        [
                            16.86449317476627,
                            45.613473959519965
                        ],
                        [
                            16.875583915532708,
                            45.596251069061488
                        ],
                        [
                            16.869158209920347,
                            45.566511086116193
                        ],
                        [
                            16.85302406203532,
                            45.55936170892609
                        ],
                        [
                            16.829996806703271,
                            45.565678718139146
                        ],
                        [
                            16.820878416064954,
                            45.584323648901652
                        ],
                        [
                            16.821779511118244,
                            45.601906890201491
                        ]
                    ]
                ]
            }
        },
        {
            "type": "Feature",
            "properties": {
                "population": 20,
                "longitude": 16.863638333751311,
                "latitude": 45.673093396766426,
                "BM": 101
            },
            "geometry": {
                "type": "Polygon",
                "coordinates": [
                    [
                        [
                            16.855164738419628,
                            45.687402317294357
                        ],
                        [
                            16.876015848826736,
                            45.693695763107016
                        ],
                        [
                            16.876178475461781,
                            45.659068641232636
                        ],
                        [
                            16.846971259867509,
                            45.656167566810794
                        ],
                        [
                            16.846534504404328,
                            45.656507547627434
                        ],
                        [
                            16.855164738419628,
                            45.687402317294357
                        ]
                    ]
                ]
            }
        },
        {
            "type": "Feature",
            "properties": {
                "population": 1379,
                "longitude": 16.876819222246223,
                "latitude": 45.916945893696095,
                "BM": 102
            },
            "geometry": {
                "type": "Polygon",
                "coordinates": [
                    [
                        [
                            16.863786943622593,
                            45.912270968342881
                        ],
                        [
                            16.876760600599425,
                            45.935001164625675
                        ],
                        [
                            16.889899626000563,
                            45.91666185526131
                        ],
                        [
                            16.882686310682526,
                            45.905089368675746
                        ],
                        [
                            16.866551220786626,
                            45.906380987193678
                        ],
                        [
                            16.863786943622593,
                            45.912270968342881
                        ]
                    ]
                ]
            }
        },
        {
            "type": "Feature",
            "properties": {
                "population": 652,
                "longitude": 16.855761702851392,
                "latitude": 45.912259954992983,
                "BM": 103
            },
            "geometry": {
                "type": "Polygon",
                "coordinates": [
                    [
                        [
                            16.844730769822029,
                            45.925096375417574
                        ],
                        [
                            16.847438397593802,
                            45.924966394172237
                        ],
                        [
                            16.863786943622593,
                            45.912270968342881
                        ],
                        [
                            16.866551220786626,
                            45.906380987193678
                        ],
                        [
                            16.863552124602325,
                            45.902872994685175
                        ],
                        [
                            16.859174936138839,
                            45.901208266687263
                        ],
                        [
                            16.850016862424223,
                            45.909846046054966
                        ],
                        [
                            16.844730769822029,
                            45.925096375417574
                        ]
                    ]
                ]
            }
        },
        {
            "type": "Feature",
            "properties": {
                "population": 1723,
                "longitude": 16.863603755378097,
                "latitude": 45.926571337530604,
                "BM": 104
            },
            "geometry": {
                "type": "Polygon",
                "coordinates": [
                    [
                        [
                            16.847438397593802,
                            45.924966394172237
                        ],
                        [
                            16.873925503700004,
                            45.940410395362818
                        ],
                        [
                            16.875508765608377,
                            45.938857369071826
                        ],
                        [
                            16.876760600599425,
                            45.935001164625675
                        ],
                        [
                            16.863786943622593,
                            45.912270968342881
                        ],
                        [
                            16.847438397593802,
                            45.924966394172237
                        ]
                    ]
                ]
            }
        },
        {
            "type": "Feature",
            "properties": {
                "population": 453,
                "longitude": 16.874511692370067,
                "latitude": 45.896689363041432,
                "BM": 105
            },
            "geometry": {
                "type": "Polygon",
                "coordinates": [
                    [
                        [
                            16.866551220786626,
                            45.906380987193678
                        ],
                        [
                            16.882686310682526,
                            45.905089368675746
                        ],
                        [
                            16.886663906412817,
                            45.892976976680856
                        ],
                        [
                            16.87445052715098,
                            45.884933677028442
                        ],
                        [
                            16.865922426715983,
                            45.889843417555412
                        ],
                        [
                            16.863552124602325,
                            45.902872994685175
                        ],
                        [
                            16.866551220786626,
                            45.906380987193678
                        ]
                    ]
                ]
            }
        },
        {
            "type": "Feature",
            "properties": {
                "population": 20,
                "longitude": 16.863638333751311,
                "latitude": 45.673093396766426,
                "BM": 106
            },
            "geometry": {
                "type": "Polygon",
                "coordinates": [
                    [
                        [
                            16.855164738419628,
                            45.687402317294357
                        ],
                        [
                            16.876015848826736,
                            45.693695763107016
                        ],
                        [
                            16.876178475461781,
                            45.659068641232636
                        ],
                        [
                            16.846971259867509,
                            45.656167566810794
                        ],
                        [
                            16.846534504404328,
                            45.656507547627434
                        ],
                        [
                            16.855164738419628,
                            45.687402317294357
                        ]
                    ]
                ]
            }
        },
        {
            "type": "Feature",
            "properties": {
                "population": 64,
                "longitude": 16.854468420089315,
                "latitude": 45.708189265192516,
                "BM": 107
            },
            "geometry": {
                "type": "Polygon",
                "coordinates": [
                    [
                        [
                            16.837102118906358,
                            45.72073928480215
                        ],
                        [
                            16.85531919570472,
                            45.73446298959886
                        ],
                        [
                            16.877382103377769,
                            45.694760507813534
                        ],
                        [
                            16.876015848826736,
                            45.693695763107016
                        ],
                        [
                            16.855164738419628,
                            45.687402317294357
                        ],
                        [
                            16.838912678892207,
                            45.697688290884784
                        ],
                        [
                            16.836558880800201,
                            45.715041314008836
                        ],
                        [
                            16.837102118906358,
                            45.72073928480215
                        ]
                    ]
                ]
            }
        },
        {
            "type": "Feature",
            "properties": {
                "population": 168,
                "longitude": 16.883387239785154,
                "latitude": 45.515444236115883,
                "BM": 108
            },
            "geometry": {
                "type": "Polygon",
                "coordinates": [
                    [
                        [
                            16.858042760975465,
                            45.518363039852034
                        ],
                        [
                            16.897930787575262,
                            45.543645719992988
                        ],
                        [
                            16.897528890254478,
                            45.491321535245696
                        ],
                        [
                            16.886987364653017,
                            45.491537184564351
                        ],
                        [
                            16.856939045129195,
                            45.515919069362276
                        ],
                        [
                            16.858042760975465,
                            45.518363039852034
                        ]
                    ]
                ]
            }
        },
        {
            "type": "Feature",
            "properties": {
                "population": 137,
                "longitude": 16.871432962201197,
                "latitude": 45.544766100498713,
                "BM": 109
            },
            "geometry": {
                "type": "Polygon",
                "coordinates": [
                    [
                        [
                            16.85302406203532,
                            45.55936170892609
                        ],
                        [
                            16.869158209920347,
                            45.566511086116193
                        ],
                        [
                            16.899562912713463,
                            45.546332663124744
                        ],
                        [
                            16.897930787575262,
                            45.543645719992988
                        ],
                        [
                            16.858042760975465,
                            45.518363039852034
                        ],
                        [
                            16.85302406203532,
                            45.55936170892609
                        ]
                    ]
                ]
            }
        },
        {
            "type": "Feature",
            "properties": {
                "population": 342,
                "longitude": 16.84218059998457,
                "latitude": 45.540465654211296,
                "BM": 110
            },
            "geometry": {
                "type": "Polygon",
                "coordinates": [
                    [
                        [
                            16.822242718667269,
                            45.550623377339782
                        ],
                        [
                            16.829996806703271,
                            45.565678718139146
                        ],
                        [
                            16.85302406203532,
                            45.55936170892609
                        ],
                        [
                            16.858042760975465,
                            45.518363039852034
                        ],
                        [
                            16.856939045129195,
                            45.515919069362276
                        ],
                        [
                            16.844455656369956,
                            45.511201652256837
                        ],
                        [
                            16.822242718667269,
                            45.550623377339782
                        ]
                    ]
                ]
            }
        },
        {
            "type": "Feature",
            "properties": {
                "population": 254,
                "longitude": 16.860306176433021,
                "latitude": 45.490775367380998,
                "BM": 111
            },
            "geometry": {
                "type": "Polygon",
                "coordinates": [
                    [
                        [
                            16.844455656369956,
                            45.511201652256837
                        ],
                        [
                            16.856939045129195,
                            45.515919069362276
                        ],
                        [
                            16.886987364653017,
                            45.491537184564351
                        ],
                        [
                            16.860073861981988,
                            45.46317790417433
                        ],
                        [
                            16.852932646665035,
                            45.468258844182017
                        ],
                        [
                            16.841230980553068,
                            45.486376132698396
                        ],
                        [
                            16.84376517576322,
                            45.510585850728198
                        ],
                        [
                            16.844455656369956,
                            45.511201652256837
                        ]
                    ]
                ]
            }
        },
        {
            "type": "Feature",
            "properties": {
                "population": 77,
                "longitude": 16.887583635688042,
                "latitude": 46.016941733210139,
                "BM": 112
            },
            "geometry": {
                "type": "Polygon",
                "coordinates": [
                    [
                        [
                            16.892413156689624,
                            46.041654355900057
                        ],
                        [
                            16.896905253385341,
                            46.03010722742647
                        ],
                        [
                            16.891142388793948,
                            45.996392248420605
                        ],
                        [
                            16.876972842911023,
                            46.004802017929869
                        ],
                        [
                            16.874852777050343,
                            46.007810290622302
                        ],
                        [
                            16.891295058460969,
                            46.040930904358021
                        ],
                        [
                            16.892413156689624,
                            46.041654355900057
                        ]
                    ]
                ]
            }
        },
        {
            "type": "Feature",
            "properties": {
                "population": 85,
                "longitude": 17.159092449133116,
                "latitude": 45.563219910987449,
                "BM": 113
            },
            "geometry": {
                "type": "Polygon",
                "coordinates": [
                    [
                        [
                            17.157630945942103,
                            45.589466779756641
                        ],
                        [
                            17.158332681535292,
                            45.589103650976817
                        ],
                        [
                            17.177641012400247,
                            45.571055032820816
                        ],
                        [
                            17.180416821096813,
                            45.557073680120709
                        ],
                        [
                            17.171692988598124,
                            45.544657905351002
                        ],
                        [
                            17.155017019589554,
                            45.544342118979323
                        ],
                        [
                            17.13320527351198,
                            45.556506017296051
                        ],
                        [
                            17.133060031445403,
                            45.556781454133862
                        ],
                        [
                            17.157630945942103,
                            45.589466779756641
                        ]
                    ]
                ]
            }
        },
        {
            "type": "Feature",
            "properties": {
                "population": 102,
                "longitude": 17.086170444206857,
                "latitude": 45.883389257414663,
                "BM": 114
            },
            "geometry": {
                "type": "Polygon",
                "coordinates": [
                    [
                        [
                            17.060573861923217,
                            45.859659629113253
                        ],
                        [
                            17.059415443470289,
                            45.899856782531813
                        ],
                        [
                            17.074618103496878,
                            45.911255219778404
                        ],
                        [
                            17.089036840141567,
                            45.911689193039564
                        ],
                        [
                            17.121470074377402,
                            45.891020071213923
                        ],
                        [
                            17.127064734922019,
                            45.881669977559916
                        ],
                        [
                            17.072240812238277,
                            45.851028145953926
                        ],
                        [
                            17.069935381182521,
                            45.850676779002363
                        ],
                        [
                            17.062209608224514,
                            45.856629752641155
                        ],
                        [
                            17.060573861923217,
                            45.859659629113253
                        ]
                    ]
                ]
            }
        },
        {
            "type": "Feature",
            "properties": {
                "population": 85,
                "longitude": 17.159092449133116,
                "latitude": 45.563219910987449,
                "BM": 115
            },
            "geometry": {
                "type": "Polygon",
                "coordinates": [
                    [
                        [
                            17.157630945942103,
                            45.589466779756641
                        ],
                        [
                            17.158332681535292,
                            45.589103650976817
                        ],
                        [
                            17.177641012400247,
                            45.571055032820816
                        ],
                        [
                            17.180416821096813,
                            45.557073680120709
                        ],
                        [
                            17.171692988598124,
                            45.544657905351002
                        ],
                        [
                            17.155017019589554,
                            45.544342118979323
                        ],
                        [
                            17.13320527351198,
                            45.556506017296051
                        ],
                        [
                            17.133060031445403,
                            45.556781454133862
                        ],
                        [
                            17.157630945942103,
                            45.589466779756641
                        ]
                    ]
                ]
            }
        },
        {
            "type": "Feature",
            "properties": {
                "population": 620,
                "longitude": 16.86332972545803,
                "latitude": 45.877115211184893,
                "BM": 116
            },
            "geometry": {
                "type": "Polygon",
                "coordinates": [
                    [
                        [
                            16.850468316767515,
                            45.87841528436217
                        ],
                        [
                            16.865922426715983,
                            45.889843417555412
                        ],
                        [
                            16.87445052715098,
                            45.884933677028442
                        ],
                        [
                            16.868490885487223,
                            45.866021311524278
                        ],
                        [
                            16.865005093679414,
                            45.863423498678941
                        ],
                        [
                            16.853473859367433,
                            45.8719683759766
                        ],
                        [
                            16.850468316767515,
                            45.87841528436217
                        ]
                    ]
                ]
            }
        },
        {
            "type": "Feature",
            "properties": {
                "population": 166,
                "longitude": 16.882928784885291,
                "latitude": 45.857535299882677,
                "BM": 117
            },
            "geometry": {
                "type": "Polygon",
                "coordinates": [
                    [
                        [
                            16.868490885487223,
                            45.866021311524278
                        ],
                        [
                            16.900066511568404,
                            45.871305483499818
                        ],
                        [
                            16.901325359844773,
                            45.863860145526679
                        ],
                        [
                            16.88710401766831,
                            45.841128973969717
                        ],
                        [
                            16.869932559549447,
                            45.846968040289248
                        ],
                        [
                            16.86510963460789,
                            45.859641019602698
                        ],
                        [
                            16.865005093679414,
                            45.863423498678941
                        ],
                        [
                            16.868490885487223,
                            45.866021311524278
                        ]
                    ]
                ]
            }
        },
        {
            "type": "Feature",
            "properties": {
                "population": 145,
                "longitude": 16.843876137070033,
                "latitude": 45.791366993257526,
                "BM": 118
            },
            "geometry": {
                "type": "Polygon",
                "coordinates": [
                    [
                        [
                            16.829664269577965,
                            45.802546636853691
                        ],
                        [
                            16.861219997477942,
                            45.804397490309071
                        ],
                        [
                            16.861890078407683,
                            45.803833795554439
                        ],
                        [
                            16.867605149405012,
                            45.785061035938313
                        ],
                        [
                            16.867115945167548,
                            45.784136234457982
                        ],
                        [
                            16.82388516407293,
                            45.777252282956013
                        ],
                        [
                            16.821859218244192,
                            45.790354826986089
                        ],
                        [
                            16.829664269577965,
                            45.802546636853691
                        ]
                    ]
                ]
            }
        },
        {
            "type": "Feature",
            "properties": {
                "population": 50,
                "longitude": 16.877166822631832,
                "latitude": 45.966578685355564,
                "BM": 119
            },
            "geometry": {
                "type": "Polygon",
                "coordinates": [
                    [
                        [
                            16.869140618514542,
                            45.951558522174231
                        ],
                        [
                            16.869255199887881,
                            45.97741598772555
                        ],
                        [
                            16.886025588302559,
                            45.980435631875039
                        ],
                        [
                            16.886235929409921,
                            45.960975974979455
                        ],
                        [
                            16.871339839185787,
                            45.949758754310494
                        ],
                        [
                            16.869140618514542,
                            45.951558522174231
                        ]
                    ]
                ]
            }
        },
        {
            "type": "Feature",
            "properties": {
                "population": 123,
                "longitude": 16.849301812774065,
                "latitude": 45.859494064429072,
                "BM": 120
            },
            "geometry": {
                "type": "Polygon",
                "coordinates": [
                    [
                        [
                            16.835193470447511,
                            45.859304694162262
                        ],
                        [
                            16.853473859367433,
                            45.8719683759766
                        ],
                        [
                            16.865005093679414,
                            45.863423498678941
                        ],
                        [
                            16.86510963460789,
                            45.859641019602698
                        ],
                        [
                            16.838244590159139,
                            45.846076430755211
                        ],
                        [
                            16.835193470447511,
                            45.859304694162262
                        ]
                    ]
                ]
            }
        },
        {
            "type": "Feature",
            "properties": {
                "population": 1118,
                "longitude": 16.856819006419197,
                "latitude": 45.891034128330794,
                "BM": 121
            },
            "geometry": {
                "type": "Polygon",
                "coordinates": [
                    [
                        [
                            16.850223189436701,
                            45.893214381986354
                        ],
                        [
                            16.851808089706733,
                            45.896898304892311
                        ],
                        [
                            16.851987373796433,
                            45.897225065790941
                        ],
                        [
                            16.859174936138839,
                            45.901208266687263
                        ],
                        [
                            16.863552124602325,
                            45.902872994685175
                        ],
                        [
                            16.865922426715983,
                            45.889843417555412
                        ],
                        [
                            16.850468316767515,
                            45.87841528436217
                        ],
                        [
                            16.848057417552802,
                            45.881014020539659
                        ],
                        [
                            16.850002090402302,
                            45.892301504061386
                        ],
                        [
                            16.850223189436701,
                            45.893214381986354
                        ]
                    ]
                ]
            }
        },
        {
            "type": "Feature",
            "properties": {
                "population": 823,
                "longitude": 16.837093597088685,
                "latitude": 45.872123211909944,
                "BM": 122
            },
            "geometry": {
                "type": "Polygon",
                "coordinates": [
                    [
                        [
                            16.82109845209056,
                            45.870526339275365
                        ],
                        [
                            16.832690644438745,
                            45.883074481175946
                        ],
                        [
                            16.837045842768969,
                            45.882631787478161
                        ],
                        [
                            16.848057417552802,
                            45.881014020539659
                        ],
                        [
                            16.850468316767515,
                            45.87841528436217
                        ],
                        [
                            16.853473859367433,
                            45.8719683759766
                        ],
                        [
                            16.835193470447511,
                            45.859304694162262
                        ],
                        [
                            16.822912597626193,
                            45.866614652503422
                        ],
                        [
                            16.82109845209056,
                            45.870526339275365
                        ]
                    ]
                ]
            }
        },
        {
            "type": "Feature",
            "properties": {
                "population": 324,
                "longitude": 16.855470392643269,
                "latitude": 45.940025413817445,
                "BM": 123
            },
            "geometry": {
                "type": "Polygon",
                "coordinates": [
                    [
                        [
                            16.842869715548538,
                            45.945669842582696
                        ],
                        [
                            16.861155402671361,
                            45.953479305509148
                        ],
                        [
                            16.869140618514542,
                            45.951558522174231
                        ],
                        [
                            16.871339839185787,
                            45.949758754310494
                        ],
                        [
                            16.873925503700004,
                            45.940410395362818
                        ],
                        [
                            16.847438397593802,
                            45.924966394172237
                        ],
                        [
                            16.844730769822029,
                            45.925096375417574
                        ],
                        [
                            16.843067279628197,
                            45.925413131702584
                        ],
                        [
                            16.839728659940061,
                            45.930619796709898
                        ],
                        [
                            16.841369806311548,
                            45.943632784644485
                        ],
                        [
                            16.842869715548538,
                            45.945669842582696
                        ]
                    ]
                ]
            }
        },
        {
            "type": "Feature",
            "properties": {
                "population": 531,
                "longitude": 16.843795511456317,
                "latitude": 45.913306636849697,
                "BM": 124
            },
            "geometry": {
                "type": "Polygon",
                "coordinates": [
                    [
                        [
                            16.835830905141933,
                            45.913213946710215
                        ],
                        [
                            16.843067279628197,
                            45.925413131702584
                        ],
                        [
                            16.844730769822029,
                            45.925096375417574
                        ],
                        [
                            16.850016862424223,
                            45.909846046054966
                        ],
                        [
                            16.848843081034069,
                            45.901297164791274
                        ],
                        [
                            16.840592403295723,
                            45.907871764917722
                        ],
                        [
                            16.835830905141933,
                            45.913213946710215
                        ]
                    ]
                ]
            }
        },
        {
            "type": "Feature",
            "properties": {
                "population": 1242,
                "longitude": 16.852889093748733,
                "latitude": 45.902766997176855,
                "BM": 125
            },
            "geometry": {
                "type": "Polygon",
                "coordinates": [
                    [
                        [
                            16.848843081034069,
                            45.901297164791274
                        ],
                        [
                            16.850016862424223,
                            45.909846046054966
                        ],
                        [
                            16.859174936138839,
                            45.901208266687263
                        ],
                        [
                            16.851987373796433,
                            45.897225065790941
                        ],
                        [
                            16.848843081034069,
                            45.901297164791274
                        ]
                    ]
                ]
            }
        },
        {
            "type": "Feature",
            "properties": {
                "population": 227,
                "longitude": 17.044542759149376,
                "latitude": 45.678836941413977,
                "BM": 126
            },
            "geometry": {
                "type": "Polygon",
                "coordinates": [
                    [
                        [
                            17.02953074356002,
                            45.700671933881665
                        ],
                        [
                            17.042687131116974,
                            45.706160741147613
                        ],
                        [
                            17.068822353265205,
                            45.701852210511753
                        ],
                        [
                            17.070606057671153,
                            45.696824289702725
                        ],
                        [
                            17.069103641399163,
                            45.664110574502182
                        ],
                        [
                            17.05896442721717,
                            45.653749476797763
                        ],
                        [
                            17.035192317649418,
                            45.6513745377178
                        ],
                        [
                            17.010448115943834,
                            45.674881839408762
                        ],
                        [
                            17.02953074356002,
                            45.700671933881665
                        ]
                    ]
                ]
            }
        },
        {
            "type": "Feature",
            "properties": {
                "population": 324,
                "longitude": 16.855470392643269,
                "latitude": 45.940025413817445,
                "BM": 127
            },
            "geometry": {
                "type": "Polygon",
                "coordinates": [
                    [
                        [
                            16.842869715548538,
                            45.945669842582696
                        ],
                        [
                            16.861155402671361,
                            45.953479305509148
                        ],
                        [
                            16.869140618514542,
                            45.951558522174231
                        ],
                        [
                            16.871339839185787,
                            45.949758754310494
                        ],
                        [
                            16.873925503700004,
                            45.940410395362818
                        ],
                        [
                            16.847438397593802,
                            45.924966394172237
                        ],
                        [
                            16.844730769822029,
                            45.925096375417574
                        ],
                        [
                            16.843067279628197,
                            45.925413131702584
                        ],
                        [
                            16.839728659940061,
                            45.930619796709898
                        ],
                        [
                            16.841369806311548,
                            45.943632784644485
                        ],
                        [
                            16.842869715548538,
                            45.945669842582696
                        ]
                    ]
                ]
            }
        },
        {
            "type": "Feature",
            "properties": {
                "population": 47,
                "longitude": 16.849120528681446,
                "latitude": 46.032770372713301,
                "BM": 128
            },
            "geometry": {
                "type": "Polygon",
                "coordinates": [
                    [
                        [
                            16.837422205281015,
                            46.049479022090082
                        ],
                        [
                            16.854352503245043,
                            46.047302925679226
                        ],
                        [
                            16.865751861721183,
                            46.035920421662183
                        ],
                        [
                            16.854732038197962,
                            46.01484471132251
                        ],
                        [
                            16.850130016502707,
                            46.013545529314172
                        ],
                        [
                            16.835827629659764,
                            46.025589539201505
                        ],
                        [
                            16.837422205281015,
                            46.049479022090082
                        ]
                    ]
                ]
            }
        },
        {
            "type": "Feature",
            "properties": {
                "population": 320,
                "longitude": 16.847963094384994,
                "latitude": 45.986072368436915,
                "BM": 129
            },
            "geometry": {
                "type": "Polygon",
                "coordinates": [
                    [
                        [
                            16.834533719747071,
                            45.990601148763659
                        ],
                        [
                            16.846316470903098,
                            46.002295480815313
                        ],
                        [
                            16.862899856648003,
                            45.985803486474808
                        ],
                        [
                            16.863613790863123,
                            45.980758436958233
                        ],
                        [
                            16.847345473788156,
                            45.972165202709938
                        ],
                        [
                            16.845874469001327,
                            45.972415984097132
                        ],
                        [
                            16.834985113113373,
                            45.981787243547508
                        ],
                        [
                            16.834533719747071,
                            45.990601148763659
                        ]
                    ]
                ]
            }
        },
        {
            "type": "Feature",
            "properties": {
                "population": 102,
                "longitude": 17.086170444206857,
                "latitude": 45.883389257414663,
                "BM": 130
            },
            "geometry": {
                "type": "Polygon",
                "coordinates": [
                    [
                        [
                            17.060573861923217,
                            45.859659629113253
                        ],
                        [
                            17.059415443470289,
                            45.899856782531813
                        ],
                        [
                            17.074618103496878,
                            45.911255219778404
                        ],
                        [
                            17.089036840141567,
                            45.911689193039564
                        ],
                        [
                            17.121470074377402,
                            45.891020071213923
                        ],
                        [
                            17.127064734922019,
                            45.881669977559916
                        ],
                        [
                            17.072240812238277,
                            45.851028145953926
                        ],
                        [
                            17.069935381182521,
                            45.850676779002363
                        ],
                        [
                            17.062209608224514,
                            45.856629752641155
                        ],
                        [
                            17.060573861923217,
                            45.859659629113253
                        ]
                    ]
                ]
            }
        },
        {
            "type": "Feature",
            "properties": {
                "population": 40,
                "longitude": 16.861255838369022,
                "latitude": 45.967074642951822,
                "BM": 131
            },
            "geometry": {
                "type": "Polygon",
                "coordinates": [
                    [
                        [
                            16.847345473788156,
                            45.972165202709938
                        ],
                        [
                            16.863613790863123,
                            45.980758436958233
                        ],
                        [
                            16.869255199887881,
                            45.97741598772555
                        ],
                        [
                            16.869140618514542,
                            45.951558522174231
                        ],
                        [
                            16.861155402671361,
                            45.953479305509148
                        ],
                        [
                            16.847345473788156,
                            45.972165202709938
                        ]
                    ]
                ]
            }
        },
        {
            "type": "Feature",
            "properties": {
                "population": 111,
                "longitude": 17.017521634563977,
                "latitude": 45.775730386259674,
                "BM": 132
            },
            "geometry": {
                "type": "Polygon",
                "coordinates": [
                    [
                        [
                            16.994579471819893,
                            45.77787820891723
                        ],
                        [
                            17.009739938762408,
                            45.799622988760539
                        ],
                        [
                            17.041247165067166,
                            45.777810924242964
                        ],
                        [
                            17.040885819388855,
                            45.776887705325315
                        ],
                        [
                            17.026050500406843,
                            45.754385115021549
                        ],
                        [
                            17.021154493046499,
                            45.751374280170346
                        ],
                        [
                            16.995419801488168,
                            45.77601417258866
                        ],
                        [
                            16.994579471819893,
                            45.77787820891723
                        ]
                    ]
                ]
            }
        },
        {
            "type": "Feature",
            "properties": {
                "population": 311,
                "longitude": 16.853706517901465,
                "latitude": 45.842929848686779,
                "BM": 133
            },
            "geometry": {
                "type": "Polygon",
                "coordinates": [
                    [
                        [
                            16.83580064850447,
                            45.83711323849122
                        ],
                        [
                            16.838244590159139,
                            45.846076430755211
                        ],
                        [
                            16.86510963460789,
                            45.859641019602698
                        ],
                        [
                            16.869932559549447,
                            45.846968040289248
                        ],
                        [
                            16.855192873659721,
                            45.826492460632224
                        ],
                        [
                            16.83580064850447,
                            45.83711323849122
                        ]
                    ]
                ]
            }
        },
        {
            "type": "Feature",
            "properties": {
                "population": 38,
                "longitude": 17.134113589289672,
                "latitude": 45.831594411391102,
                "BM": 134
            },
            "geometry": {
                "type": "Polygon",
                "coordinates": [
                    [
                        [
                            17.158955934721103,
                            45.853730467988356
                        ],
                        [
                            17.167958033003757,
                            45.843202455362146
                        ],
                        [
                            17.13527591836381,
                            45.811800121582188
                        ],
                        [
                            17.101952666089559,
                            45.81876718625805
                        ],
                        [
                            17.103544880719962,
                            45.832659374306381
                        ],
                        [
                            17.158955934721103,
                            45.853730467988356
                        ]
                    ]
                ]
            }
        },
        {
            "type": "Feature",
            "properties": {
                "population": 65,
                "longitude": 16.818266242916263,
                "latitude": 45.698561585790934,
                "BM": 135
            },
            "geometry": {
                "type": "Polygon",
                "coordinates": [
                    [
                        [
                            16.836558880800201,
                            45.715041314008836
                        ],
                        [
                            16.838912678892207,
                            45.697688290884784
                        ],
                        [
                            16.823967774027984,
                            45.688550220109342
                        ],
                        [
                            16.803232820993109,
                            45.68553447559681
                        ],
                        [
                            16.791788843898697,
                            45.697526196795003
                        ],
                        [
                            16.836558880800201,
                            45.715041314008836
                        ]
                    ]
                ]
            }
        },
        {
            "type": "Feature",
            "properties": {
                "population": 79,
                "longitude": 16.986936318415449,
                "latitude": 45.960998313381644,
                "BM": 136
            },
            "geometry": {
                "type": "Polygon",
                "coordinates": [
                    [
                        [
                            16.978481255543691,
                            45.982207697087652
                        ],
                        [
                            17.012984595526362,
                            45.963361653223693
                        ],
                        [
                            17.016200007106281,
                            45.957947789655137
                        ],
                        [
                            17.013808920169616,
                            45.950672549410669
                        ],
                        [
                            16.957092079964035,
                            45.947387766006024
                        ],
                        [
                            16.978481255543691,
                            45.982207697087652
                        ]
                    ]
                ]
            }
        },
        {
            "type": "Feature",
            "properties": {
                "population": 106,
                "longitude": 17.042923582622162,
                "latitude": 45.880107666279727,
                "BM": 137
            },
            "geometry": {
                "type": "Polygon",
                "coordinates": [
                    [
                        [
                            17.018106002300488,
                            45.888114079484509
                        ],
                        [
                            17.055586960983863,
                            45.900851495523135
                        ],
                        [
                            17.059415443470289,
                            45.899856782531813
                        ],
                        [
                            17.060573861923217,
                            45.859659629113253
                        ],
                        [
                            17.027346319135745,
                            45.866875224664916
                        ],
                        [
                            17.018269696409266,
                            45.885327090951002
                        ],
                        [
                            17.018106002300488,
                            45.888114079484509
                        ]
                    ]
                ]
            }
        },
        {
            "type": "Feature",
            "properties": {
                "population": 83,
                "longitude": 16.915794074630284,
                "latitude": 45.657379910423217,
                "BM": 138
            },
            "geometry": {
                "type": "Polygon",
                "coordinates": [
                    [
                        [
                            16.902753554782368,
                            45.664341900496915
                        ],
                        [
                            16.929660814027969,
                            45.670404038094297
                        ],
                        [
                            16.932447209804124,
                            45.653108137326569
                        ],
                        [
                            16.92518913858612,
                            45.648677345902286
                        ],
                        [
                            16.896823147505035,
                            45.646406073801401
                        ],
                        [
                            16.902753554782368,
                            45.664341900496915
                        ]
                    ]
                ]
            }
        },
        {
            "type": "Feature",
            "properties": {
                "population": 80,
                "longitude": 17.284983965560691,
                "latitude": 45.689931384603149,
                "BM": 139
            },
            "geometry": {
                "type": "Polygon",
                "coordinates": [
                    [
                        [
                            17.264229613384803,
                            45.699718266286915
                        ],
                        [
                            17.283537508631778,
                            45.71768317001014
                        ],
                        [
                            17.304876887895322,
                            45.709566973041618
                        ],
                        [
                            17.303879270891596,
                            45.668286947296608
                        ],
                        [
                            17.268495238303451,
                            45.66659048507146
                        ],
                        [
                            17.262596804003344,
                            45.684108919387562
                        ],
                        [
                            17.264229613384803,
                            45.699718266286915
                        ]
                    ]
                ]
            }
        },
        {
            "type": "Feature",
            "properties": {
                "population": 617,
                "longitude": 16.840482695702669,
                "latitude": 45.895215758306399,
                "BM": 140
            },
            "geometry": {
                "type": "Polygon",
                "coordinates": [
                    [
                        [
                            16.839798369905552,
                            45.895926343618619
                        ],
                        [
                            16.841667887777948,
                            45.894937015218389
                        ],
                        [
                            16.839981829424506,
                            45.89478391608219
                        ],
                        [
                            16.839798369905552,
                            45.895926343618619
                        ]
                    ]
                ]
            }
        },
        {
            "type": "Feature",
            "properties": {
                "population": 1067,
                "longitude": 16.835712402656405,
                "latitude": 45.89004680265549,
                "BM": 141
            },
            "geometry": {
                "type": "Polygon",
                "coordinates": [
                    [
                        [
                            16.83591662368266,
                            45.898177436839894
                        ],
                        [
                            16.837921482514513,
                            45.89786100821523
                        ],
                        [
                            16.838870532353869,
                            45.897314289235169
                        ],
                        [
                            16.839798369905552,
                            45.895926343618619
                        ],
                        [
                            16.839981829424506,
                            45.89478391608219
                        ],
                        [
                            16.837045842768969,
                            45.882631787478161
                        ],
                        [
                            16.832690644438745,
                            45.883074481175946
                        ],
                        [
                            16.830900384594838,
                            45.887224157295293
                        ],
                        [
                            16.83591662368266,
                            45.898177436839894
                        ]
                    ]
                ]
            }
        },
        {
            "type": "Feature",
            "properties": {
                "population": 985,
                "longitude": 16.843685134462913,
                "latitude": 45.88776443367852,
                "BM": 142
            },
            "geometry": {
                "type": "Polygon",
                "coordinates": [
                    [
                        [
                            16.837045842768969,
                            45.882631787478161
                        ],
                        [
                            16.839981829424506,
                            45.89478391608219
                        ],
                        [
                            16.841667887777948,
                            45.894937015218389
                        ],
                        [
                            16.850002090402302,
                            45.892301504061386
                        ],
                        [
                            16.848057417552802,
                            45.881014020539659
                        ],
                        [
                            16.837045842768969,
                            45.882631787478161
                        ]
                    ]
                ]
            }
        },
        {
            "type": "Feature",
            "properties": {
                "population": 626,
                "longitude": 16.844417398419139,
                "latitude": 45.8949606510417,
                "BM": 143
            },
            "geometry": {
                "type": "Polygon",
                "coordinates": [
                    [
                        [
                            16.850002090402302,
                            45.892301504061386
                        ],
                        [
                            16.841667887777948,
                            45.894937015218389
                        ],
                        [
                            16.839798369905552,
                            45.895926343618619
                        ],
                        [
                            16.838870532353869,
                            45.897314289235169
                        ],
                        [
                            16.843055628264814,
                            45.896638872576936
                        ],
                        [
                            16.850223189436701,
                            45.893214381986354
                        ],
                        [
                            16.850002090402302,
                            45.892301504061386
                        ]
                    ]
                ]
            }
        },
        {
            "type": "Feature",
            "properties": {
                "population": 346,
                "longitude": 16.840612519535359,
                "latitude": 45.897851427537489,
                "BM": 144
            },
            "geometry": {
                "type": "Polygon",
                "coordinates": [
                    [
                        [
                            16.841047274271759,
                            45.899267585876274
                        ],
                        [
                            16.841274833020282,
                            45.899140573813298
                        ],
                        [
                            16.843055628264814,
                            45.896638872576936
                        ],
                        [
                            16.838870532353869,
                            45.897314289235169
                        ],
                        [
                            16.837921482514513,
                            45.89786100821523
                        ],
                        [
                            16.841047274271759,
                            45.899267585876274
                        ]
                    ]
                ]
            }
        },
        {
            "type": "Feature",
            "properties": {
                "population": 1439,
                "longitude": 16.829852506451541,
                "latitude": 45.898137247661907,
                "BM": 145
            },
            "geometry": {
                "type": "Polygon",
                "coordinates": [
                    [
                        [
                            16.821128570868407,
                            45.896388085937723
                        ],
                        [
                            16.833854371764367,
                            45.91035492337204
                        ],
                        [
                            16.83591662368266,
                            45.898177436839894
                        ],
                        [
                            16.830900384594838,
                            45.887224157295293
                        ],
                        [
                            16.821128570868407,
                            45.896388085937723
                        ]
                    ]
                ]
            }
        },
        {
            "type": "Feature",
            "properties": {
                "population": 350,
                "longitude": 16.837607469493996,
                "latitude": 45.905009283037892,
                "BM": 146
            },
            "geometry": {
                "type": "Polygon",
                "coordinates": [
                    [
                        [
                            16.834526367911618,
                            45.912247721917986
                        ],
                        [
                            16.835830905141933,
                            45.913213946710215
                        ],
                        [
                            16.840592403295723,
                            45.907871764917722
                        ],
                        [
                            16.841490912245867,
                            45.900936779195924
                        ],
                        [
                            16.841047274271759,
                            45.899267585876274
                        ],
                        [
                            16.837921482514513,
                            45.89786100821523
                        ],
                        [
                            16.83591662368266,
                            45.898177436839894
                        ],
                        [
                            16.833854371764367,
                            45.91035492337204
                        ],
                        [
                            16.834526367911618,
                            45.912247721917986
                        ]
                    ]
                ]
            }
        },
        {
            "type": "Feature",
            "properties": {
                "population": 753,
                "longitude": 16.817332763895696,
                "latitude": 45.883198617296735,
                "BM": 147
            },
            "geometry": {
                "type": "Polygon",
                "coordinates": [
                    [
                        [
                            16.802356745927565,
                            45.884192155134919
                        ],
                        [
                            16.817677286733925,
                            45.896899997999853
                        ],
                        [
                            16.821128570868407,
                            45.896388085937723
                        ],
                        [
                            16.830900384594838,
                            45.887224157295293
                        ],
                        [
                            16.832690644438745,
                            45.883074481175946
                        ],
                        [
                            16.82109845209056,
                            45.870526339275365
                        ],
                        [
                            16.80372892762275,
                            45.875675533804099
                        ],
                        [
                            16.802356745927565,
                            45.884192155134919
                        ]
                    ]
                ]
            }
        },
        {
            "type": "Feature",
            "properties": {
                "population": 461,
                "longitude": 16.841998071268371,
                "latitude": 45.899824763181613,
                "BM": 148
            },
            "geometry": {
                "type": "Polygon",
                "coordinates": [
                    [
                        [
                            16.84347305138272,
                            45.899411440953045
                        ],
                        [
                            16.841274833020282,
                            45.899140573813298
                        ],
                        [
                            16.841047274271759,
                            45.899267585876274
                        ],
                        [
                            16.841490912245867,
                            45.900936779195924
                        ],
                        [
                            16.84347305138272,
                            45.899411440953045
                        ]
                    ]
                ]
            }
        },
        {
            "type": "Feature",
            "properties": {
                "population": 434,
                "longitude": 16.960974202903909,
                "latitude": 45.68561795273277,
                "BM": 149
            },
            "geometry": {
                "type": "Polygon",
                "coordinates": [
                    [
                        [
                            16.933292731528923,
                            45.687199887272897
                        ],
                        [
                            16.960849123905088,
                            45.709965960691648
                        ],
                        [
                            16.978993727058338,
                            45.696741093077272
                        ],
                        [
                            16.982667160401807,
                            45.673194678499776
                        ],
                        [
                            16.978999474867145,
                            45.667154002660965
                        ],
                        [
                            16.972379017858177,
                            45.663210564811266
                        ],
                        [
                            16.934955926213636,
                            45.679849827746793
                        ],
                        [
                            16.93327443339772,
                            45.686904304685882
                        ],
                        [
                            16.933292731528923,
                            45.687199887272897
                        ]
                    ]
                ]
            }
        },
        {
            "type": "Feature",
            "properties": {
                "population": 641,
                "longitude": 16.846929102622017,
                "latitude": 45.896660638090971,
                "BM": 150
            },
            "geometry": {
                "type": "Polygon",
                "coordinates": [
                    [
                        [
                            16.843055628264814,
                            45.896638872576936
                        ],
                        [
                            16.841274833020282,
                            45.899140573813298
                        ],
                        [
                            16.84347305138272,
                            45.899411440953045
                        ],
                        [
                            16.851808089706733,
                            45.896898304892311
                        ],
                        [
                            16.850223189436701,
                            45.893214381986354
                        ],
                        [
                            16.843055628264814,
                            45.896638872576936
                        ]
                    ]
                ]
            }
        },
        {
            "type": "Feature",
            "properties": {
                "population": 103,
                "longitude": 16.834088243144279,
                "latitude": 45.953492589264116,
                "BM": 151
            },
            "geometry": {
                "type": "Polygon",
                "coordinates": [
                    [
                        [
                            16.823812630363797,
                            45.95890772779169
                        ],
                        [
                            16.839927714516552,
                            45.960403674296074
                        ],
                        [
                            16.842869715548538,
                            45.945669842582696
                        ],
                        [
                            16.841369806311548,
                            45.943632784644485
                        ],
                        [
                            16.823576958882043,
                            45.953723279127239
                        ],
                        [
                            16.823007741431109,
                            45.956183285415506
                        ],
                        [
                            16.823812630363797,
                            45.95890772779169
                        ]
                    ]
                ]
            }
        },
        {
            "type": "Feature",
            "properties": {
                "population": 1170,
                "longitude": 16.823718482763958,
                "latitude": 45.923255950410741,
                "BM": 152
            },
            "geometry": {
                "type": "Polygon",
                "coordinates": [
                    [
                        [
                            16.803872363163652,
                            45.926446334766702
                        ],
                        [
                            16.817283699171849,
                            45.933734128156772
                        ],
                        [
                            16.839728659940061,
                            45.930619796709898
                        ],
                        [
                            16.843067279628197,
                            45.925413131702584
                        ],
                        [
                            16.835830905141933,
                            45.913213946710215
                        ],
                        [
                            16.834526367911618,
                            45.912247721917986
                        ],
                        [
                            16.810131457232984,
                            45.915938761230038
                        ],
                        [
                            16.804684581804167,
                            45.920469616160453
                        ],
                        [
                            16.803872363163652,
                            45.926446334766702
                        ]
                    ]
                ]
            }
        },
        {
            "type": "Feature",
            "properties": {
                "population": 133,
                "longitude": 16.82928765378071,
                "latitude": 45.940621730495735,
                "BM": 153
            },
            "geometry": {
                "type": "Polygon",
                "coordinates": [
                    [
                        [
                            16.823576958882043,
                            45.953723279127239
                        ],
                        [
                            16.841369806311548,
                            45.943632784644485
                        ],
                        [
                            16.839728659940061,
                            45.930619796709898
                        ],
                        [
                            16.817283699171849,
                            45.933734128156772
                        ],
                        [
                            16.819084530824348,
                            45.943809492250665
                        ],
                        [
                            16.823576958882043,
                            45.953723279127239
                        ]
                    ]
                ]
            }
        },
        {
            "type": "Feature",
            "properties": {
                "population": 148,
                "longitude": 16.965440114558643,
                "latitude": 45.840399282236675,
                "BM": 154
            },
            "geometry": {
                "type": "Polygon",
                "coordinates": [
                    [
                        [
                            16.946659542533727,
                            45.83897849384654
                        ],
                        [
                            16.950744660205075,
                            45.851567847255438
                        ],
                        [
                            16.958405128295635,
                            45.860635883564775
                        ],
                        [
                            16.990003313999779,
                            45.83959347505553
                        ],
                        [
                            16.988390735126799,
                            45.834367322974423
                        ],
                        [
                            16.962075333564989,
                            45.823278201419001
                        ],
                        [
                            16.948307509012793,
                            45.831721607049062
                        ],
                        [
                            16.946659542533727,
                            45.83897849384654
                        ]
                    ]
                ]
            }
        },
        {
            "type": "Feature",
            "properties": {
                "population": 102,
                "longitude": 17.086170444206857,
                "latitude": 45.883389257414663,
                "BM": 155
            },
            "geometry": {
                "type": "Polygon",
                "coordinates": [
                    [
                        [
                            17.060573861923217,
                            45.859659629113253
                        ],
                        [
                            17.059415443470289,
                            45.899856782531813
                        ],
                        [
                            17.074618103496878,
                            45.911255219778404
                        ],
                        [
                            17.089036840141567,
                            45.911689193039564
                        ],
                        [
                            17.121470074377402,
                            45.891020071213923
                        ],
                        [
                            17.127064734922019,
                            45.881669977559916
                        ],
                        [
                            17.072240812238277,
                            45.851028145953926
                        ],
                        [
                            17.069935381182521,
                            45.850676779002363
                        ],
                        [
                            17.062209608224514,
                            45.856629752641155
                        ],
                        [
                            17.060573861923217,
                            45.859659629113253
                        ]
                    ]
                ]
            }
        },
        {
            "type": "Feature",
            "properties": {
                "population": 53,
                "longitude": 16.814979183810571,
                "latitude": 45.95183449480627,
                "BM": 156
            },
            "geometry": {
                "type": "Polygon",
                "coordinates": [
                    [
                        [
                            16.801531996660778,
                            45.95562393430972
                        ],
                        [
                            16.823007741431109,
                            45.956183285415506
                        ],
                        [
                            16.823576958882043,
                            45.953723279127239
                        ],
                        [
                            16.819084530824348,
                            45.943809492250665
                        ],
                        [
                            16.801531996660778,
                            45.95562393430972
                        ]
                    ]
                ]
            }
        },
        {
            "type": "Feature",
            "properties": {
                "population": 155,
                "longitude": 16.926735570556477,
                "latitude": 45.76660659675187,
                "BM": 157
            },
            "geometry": {
                "type": "Polygon",
                "coordinates": [
                    [
                        [
                            16.930236937344461,
                            45.783333582137281
                        ],
                        [
                            16.951173578351316,
                            45.765736869897204
                        ],
                        [
                            16.932667797034227,
                            45.751392196425556
                        ],
                        [
                            16.910730924178008,
                            45.755048670909957
                        ],
                        [
                            16.906237665574825,
                            45.774408832061894
                        ],
                        [
                            16.930236937344461,
                            45.783333582137281
                        ]
                    ]
                ]
            }
        },
        {
            "type": "Feature",
            "properties": {
                "population": 380,
                "longitude": 16.981956929153579,
                "latitude": 45.64014561267571,
                "BM": 158
            },
            "geometry": {
                "type": "Polygon",
                "coordinates": [
                    [
                        [
                            16.972379017858177,
                            45.663210564811266
                        ],
                        [
                            16.978999474867145,
                            45.667154002660965
                        ],
                        [
                            17.005405585217627,
                            45.630707845597755
                        ],
                        [
                            16.985384048457615,
                            45.614179227970652
                        ],
                        [
                            16.959845828517707,
                            45.643889243847724
                        ],
                        [
                            16.972379017858177,
                            45.663210564811266
                        ]
                    ]
                ]
            }
        },
        {
            "type": "Feature",
            "properties": {
                "population": 48,
                "longitude": 16.796892033232872,
                "latitude": 45.594156889315911,
                "BM": 159
            },
            "geometry": {
                "type": "Polygon",
                "coordinates": [
                    [
                        [
                            16.76743360767756,
                            45.609603434257089
                        ],
                        [
                            16.807565288195143,
                            45.611966472407133
                        ],
                        [
                            16.813257065839849,
                            45.610809476809543
                        ],
                        [
                            16.821779511118244,
                            45.601906890201491
                        ],
                        [
                            16.820878416064954,
                            45.584323648901652
                        ],
                        [
                            16.788161795265491,
                            45.56887120221382
                        ],
                        [
                            16.76743360767756,
                            45.609603434257089
                        ]
                    ]
                ]
            }
        },
        {
            "type": "Feature",
            "properties": {
                "population": 864,
                "longitude": 16.821478236942013,
                "latitude": 45.907521287566951,
                "BM": 160
            },
            "geometry": {
                "type": "Polygon",
                "coordinates": [
                    [
                        [
                            16.810131457232984,
                            45.915938761230038
                        ],
                        [
                            16.834526367911618,
                            45.912247721917986
                        ],
                        [
                            16.833854371764367,
                            45.91035492337204
                        ],
                        [
                            16.821128570868407,
                            45.896388085937723
                        ],
                        [
                            16.817677286733925,
                            45.896899997999853
                        ],
                        [
                            16.810131457232984,
                            45.915938761230038
                        ]
                    ]
                ]
            }
        },
        {
            "type": "Feature",
            "properties": {
                "population": 34,
                "longitude": 16.95793765555171,
                "latitude": 45.963078794431574,
                "BM": 161
            },
            "geometry": {
                "type": "Polygon",
                "coordinates": [
                    [
                        [
                            16.936648070697029,
                            45.952103506379906
                        ],
                        [
                            16.973285189897716,
                            45.988260116157399
                        ],
                        [
                            16.978481255543691,
                            45.982207697087652
                        ],
                        [
                            16.957092079964035,
                            45.947387766006024
                        ],
                        [
                            16.949978175901979,
                            45.941409882985226
                        ],
                        [
                            16.936648070697029,
                            45.952103506379906
                        ]
                    ]
                ]
            }
        },
        {
            "type": "Feature",
            "properties": {
                "population": 472,
                "longitude": 17.248398378181395,
                "latitude": 45.512776715572187,
                "BM": 162
            },
            "geometry": {
                "type": "Polygon",
                "coordinates": [
                    [
                        [
                            17.236527741930647,
                            45.544846264585573
                        ],
                        [
                            17.242763937155139,
                            45.549179527172853
                        ],
                        [
                            17.272407612491115,
                            45.495188854911433
                        ],
                        [
                            17.262974540269116,
                            45.486929050820251
                        ],
                        [
                            17.230915156104732,
                            45.497119570806689
                        ],
                        [
                            17.236527741930647,
                            45.544846264585573
                        ]
                    ]
                ]
            }
        },
        {
            "type": "Feature",
            "properties": {
                "population": 583,
                "longitude": 17.269120227024739,
                "latitude": 45.524744478497098,
                "BM": 163
            },
            "geometry": {
                "type": "Polygon",
                "coordinates": [
                    [
                        [
                            17.250856491634639,
                            45.55591582159169
                        ],
                        [
                            17.295615319420452,
                            45.516395987781856
                        ],
                        [
                            17.297253350456248,
                            45.514310786088544
                        ],
                        [
                            17.272407612491115,
                            45.495188854911433
                        ],
                        [
                            17.242763937155139,
                            45.549179527172853
                        ],
                        [
                            17.250856491634639,
                            45.55591582159169
                        ]
                    ]
                ]
            }
        },
        {
            "type": "Feature",
            "properties": {
                "population": 114,
                "longitude": 17.218222241255425,
                "latitude": 45.52343283035426,
                "BM": 164
            },
            "geometry": {
                "type": "Polygon",
                "coordinates": [
                    [
                        [
                            17.196048593376236,
                            45.514212618741567
                        ],
                        [
                            17.209236309880534,
                            45.550212076971057
                        ],
                        [
                            17.21030738142969,
                            45.550697344000426
                        ],
                        [
                            17.236527741930647,
                            45.544846264585573
                        ],
                        [
                            17.230915156104732,
                            45.497119570806689
                        ],
                        [
                            17.220314006455119,
                            45.494476473698434
                        ],
                        [
                            17.196048593376236,
                            45.514212618741567
                        ]
                    ]
                ]
            }
        },
        {
            "type": "Feature",
            "properties": {
                "population": 537,
                "longitude": 17.230161324861474,
                "latitude": 45.56209674848467,
                "BM": 165
            },
            "geometry": {
                "type": "Polygon",
                "coordinates": [
                    [
                        [
                            17.211580734526041,
                            45.577168030968465
                        ],
                        [
                            17.232187714744079,
                            45.577692491528794
                        ],
                        [
                            17.25403235794656,
                            45.568366738859311
                        ],
                        [
                            17.250856491634639,
                            45.55591582159169
                        ],
                        [
                            17.242763937155139,
                            45.549179527172853
                        ],
                        [
                            17.236527741930647,
                            45.544846264585573
                        ],
                        [
                            17.21030738142969,
                            45.550697344000426
                        ],
                        [
                            17.211580734526041,
                            45.577168030968465
                        ]
                    ]
                ]
            }
        },
        {
            "type": "Feature",
            "properties": {
                "population": 563,
                "longitude": 17.222893240187741,
                "latitude": 45.594380144597345,
                "BM": 166
            },
            "geometry": {
                "type": "Polygon",
                "coordinates": [
                    [
                        [
                            17.219230214311814,
                            45.594711174891536
                        ],
                        [
                            17.227042166544187,
                            45.595378031795661
                        ],
                        [
                            17.224080957522794,
                            45.593436094156139
                        ],
                        [
                            17.219848668855466,
                            45.593723806907455
                        ],
                        [
                            17.219230214311814,
                            45.594711174891536
                        ]
                    ]
                ]
            }
        },
        {
            "type": "Feature",
            "properties": {
                "population": 391,
                "longitude": 17.221485766047955,
                "latitude": 45.598974990035764,
                "BM": 167
            },
            "geometry": {
                "type": "Polygon",
                "coordinates": [
                    [
                        [
                            17.210571160601944,
                            45.603811973417507
                        ],
                        [
                            17.230785738092287,
                            45.600140849847584
                        ],
                        [
                            17.229374557138158,
                            45.596565196026063
                        ],
                        [
                            17.227042166544187,
                            45.595378031795661
                        ],
                        [
                            17.219230214311814,
                            45.594711174891536
                        ],
                        [
                            17.210571160601944,
                            45.603811973417507
                        ]
                    ]
                ]
            }
        },
        {
            "type": "Feature",
            "properties": {
                "population": 287,
                "longitude": 17.221592419058396,
                "latitude": 45.592087708384604,
                "BM": 168
            },
            "geometry": {
                "type": "Polygon",
                "coordinates": [
                    [
                        [
                            17.219848668855466,
                            45.593723806907455
                        ],
                        [
                            17.224080957522794,
                            45.593436094156139
                        ],
                        [
                            17.221431312834049,
                            45.589773820161334
                        ],
                        [
                            17.220678048554419,
                            45.589526470012459
                        ],
                        [
                            17.219848668855466,
                            45.593723806907455
                        ]
                    ]
                ]
            }
        },
        {
            "type": "Feature",
            "properties": {
                "population": 507,
                "longitude": 17.226355979598978,
                "latitude": 45.591946302290168,
                "BM": 169
            },
            "geometry": {
                "type": "Polygon",
                "coordinates": [
                    [
                        [
                            17.229374557138158,
                            45.596565196026063
                        ],
                        [
                            17.229003738217486,
                            45.588619509297288
                        ],
                        [
                            17.221431312834049,
                            45.589773820161334
                        ],
                        [
                            17.224080957522794,
                            45.593436094156139
                        ],
                        [
                            17.227042166544187,
                            45.595378031795661
                        ],
                        [
                            17.229374557138158,
                            45.596565196026063
                        ]
                    ]
                ]
            }
        },
        {
            "type": "Feature",
            "properties": {
                "population": 373,
                "longitude": 17.209885688100549,
                "latitude": 45.592468275991358,
                "BM": 170
            },
            "geometry": {
                "type": "Polygon",
                "coordinates": [
                    [
                        [
                            17.203053134135832,
                            45.606625318075039
                        ],
                        [
                            17.210571160601944,
                            45.603811973417507
                        ],
                        [
                            17.219230214311814,
                            45.594711174891536
                        ],
                        [
                            17.219848668855466,
                            45.593723806907455
                        ],
                        [
                            17.220678048554419,
                            45.589526470012459
                        ],
                        [
                            17.2109982491564,
                            45.577944655732729
                        ],
                        [
                            17.202865422671824,
                            45.584917316440375
                        ],
                        [
                            17.201581482617254,
                            45.602280546137294
                        ],
                        [
                            17.203053134135832,
                            45.606625318075039
                        ]
                    ]
                ]
            }
        },
        {
            "type": "Feature",
            "properties": {
                "population": 525,
                "longitude": 17.247444405653408,
                "latitude": 45.587257421538951,
                "BM": 171
            },
            "geometry": {
                "type": "Polygon",
                "coordinates": [
                    [
                        [
                            17.232187714744079,
                            45.577692491528794
                        ],
                        [
                            17.229003738217486,
                            45.588619509297288
                        ],
                        [
                            17.229374557138158,
                            45.596565196026063
                        ],
                        [
                            17.230785738092287,
                            45.600140849847584
                        ],
                        [
                            17.239686112166186,
                            45.605393683323278
                        ],
                        [
                            17.27189913866723,
                            45.590093269408605
                        ],
                        [
                            17.25403235794656,
                            45.568366738859311
                        ],
                        [
                            17.232187714744079,
                            45.577692491528794
                        ]
                    ]
                ]
            }
        },
        {
            "type": "Feature",
            "properties": {
                "population": 88,
                "longitude": 17.273654285797296,
                "latitude": 45.557148539527709,
                "BM": 172
            },
            "geometry": {
                "type": "Polygon",
                "coordinates": [
                    [
                        [
                            17.25403235794656,
                            45.568366738859311
                        ],
                        [
                            17.27189913866723,
                            45.590093269408605
                        ],
                        [
                            17.278046465743724,
                            45.593102327592064
                        ],
                        [
                            17.295615319420452,
                            45.516395987781856
                        ],
                        [
                            17.250856491634639,
                            45.55591582159169
                        ],
                        [
                            17.25403235794656,
                            45.568366738859311
                        ]
                    ]
                ]
            }
        },
        {
            "type": "Feature",
            "properties": {
                "population": 692,
                "longitude": 17.221006217895528,
                "latitude": 45.61267600095892,
                "BM": 173
            },
            "geometry": {
                "type": "Polygon",
                "coordinates": [
                    [
                        [
                            17.203053134135832,
                            45.606625318075039
                        ],
                        [
                            17.202360694461369,
                            45.615523695065747
                        ],
                        [
                            17.217152684926909,
                            45.625465238273875
                        ],
                        [
                            17.229476249998921,
                            45.626342657517149
                        ],
                        [
                            17.239686112166186,
                            45.605393683323278
                        ],
                        [
                            17.230785738092287,
                            45.600140849847584
                        ],
                        [
                            17.210571160601944,
                            45.603811973417507
                        ],
                        [
                            17.203053134135832,
                            45.606625318075039
                        ]
                    ]
                ]
            }
        },
        {
            "type": "Feature",
            "properties": {
                "population": 814,
                "longitude": 17.222656636638799,
                "latitude": 45.582473493421382,
                "BM": 174
            },
            "geometry": {
                "type": "Polygon",
                "coordinates": [
                    [
                        [
                            17.220678048554419,
                            45.589526470012459
                        ],
                        [
                            17.221431312834049,
                            45.589773820161334
                        ],
                        [
                            17.229003738217486,
                            45.588619509297288
                        ],
                        [
                            17.232187714744079,
                            45.577692491528794
                        ],
                        [
                            17.211580734526041,
                            45.577168030968465
                        ],
                        [
                            17.2109982491564,
                            45.577944655732729
                        ],
                        [
                            17.220678048554419,
                            45.589526470012459
                        ]
                    ]
                ]
            }
        },
        {
            "type": "Feature",
            "properties": {
                "population": 54,
                "longitude": 17.336670663693091,
                "latitude": 45.694030874758447,
                "BM": 175
            },
            "geometry": {
                "type": "Polygon",
                "coordinates": [
                    [
                        [
                            17.303879270891596,
                            45.668286947296608
                        ],
                        [
                            17.304876887895322,
                            45.709566973041618
                        ],
                        [
                            17.355655679476936,
                            45.730713241419465
                        ],
                        [
                            17.3763296089612,
                            45.696592799421651
                        ],
                        [
                            17.340199320756646,
                            45.659831216572975
                        ],
                        [
                            17.304313143350374,
                            45.667528466472533
                        ],
                        [
                            17.303879270891596,
                            45.668286947296608
                        ]
                    ]
                ]
            }
        },
        {
            "type": "Feature",
            "properties": {
                "population": 117,
                "longitude": 17.223460527901359,
                "latitude": 45.643407868780571,
                "BM": 176
            },
            "geometry": {
                "type": "Polygon",
                "coordinates": [
                    [
                        [
                            17.207698448680638,
                            45.657028634087247
                        ],
                        [
                            17.233348842803856,
                            45.659573257661052
                        ],
                        [
                            17.236800163045952,
                            45.633928039987801
                        ],
                        [
                            17.229476249998921,
                            45.626342657517149
                        ],
                        [
                            17.217152684926909,
                            45.625465238273875
                        ],
                        [
                            17.207698448680638,
                            45.657028634087247
                        ]
                    ]
                ]
            }
        },
        {
            "type": "Feature",
            "properties": {
                "population": 54,
                "longitude": 17.336670663693091,
                "latitude": 45.694030874758447,
                "BM": 177
            },
            "geometry": {
                "type": "Polygon",
                "coordinates": [
                    [
                        [
                            17.303879270891596,
                            45.668286947296608
                        ],
                        [
                            17.304876887895322,
                            45.709566973041618
                        ],
                        [
                            17.355655679476936,
                            45.730713241419465
                        ],
                        [
                            17.3763296089612,
                            45.696592799421651
                        ],
                        [
                            17.340199320756646,
                            45.659831216572975
                        ],
                        [
                            17.304313143350374,
                            45.667528466472533
                        ],
                        [
                            17.303879270891596,
                            45.668286947296608
                        ]
                    ]
                ]
            }
        },
        {
            "type": "Feature",
            "properties": {
                "population": 161,
                "longitude": 17.252236108951934,
                "latitude": 45.670223673404742,
                "BM": 178
            },
            "geometry": {
                "type": "Polygon",
                "coordinates": [
                    [
                        [
                            17.235055206748132,
                            45.67454382300965
                        ],
                        [
                            17.262596804003344,
                            45.684108919387562
                        ],
                        [
                            17.268495238303451,
                            45.66659048507146
                        ],
                        [
                            17.262836072322155,
                            45.659341954158876
                        ],
                        [
                            17.235475083656873,
                            45.662180399428543
                        ],
                        [
                            17.235055206748132,
                            45.67454382300965
                        ]
                    ]
                ]
            }
        },
        {
            "type": "Feature",
            "properties": {
                "population": 162,
                "longitude": 17.21510997563599,
                "latitude": 45.674919349940552,
                "BM": 179
            },
            "geometry": {
                "type": "Polygon",
                "coordinates": [
                    [
                        [
                            17.193957925455042,
                            45.679003051785571
                        ],
                        [
                            17.222455329230286,
                            45.700980170964243
                        ],
                        [
                            17.22306760777391,
                            45.700556386114172
                        ],
                        [
                            17.235055206748132,
                            45.67454382300965
                        ],
                        [
                            17.235475083656873,
                            45.662180399428543
                        ],
                        [
                            17.233348842803856,
                            45.659573257661052
                        ],
                        [
                            17.207698448680638,
                            45.657028634087247
                        ],
                        [
                            17.194174523156068,
                            45.663235536095364
                        ],
                        [
                            17.191864108451583,
                            45.672470574813865
                        ],
                        [
                            17.193957925455042,
                            45.679003051785571
                        ]
                    ]
                ]
            }
        },
        {
            "type": "Feature",
            "properties": {
                "population": 127,
                "longitude": 17.189572662186038,
                "latitude": 45.537102573695549,
                "BM": 180
            },
            "geometry": {
                "type": "Polygon",
                "coordinates": [
                    [
                        [
                            17.180416821096813,
                            45.557073680120709
                        ],
                        [
                            17.209236309880534,
                            45.550212076971057
                        ],
                        [
                            17.196048593376236,
                            45.514212618741567
                        ],
                        [
                            17.181748437097969,
                            45.516116921295314
                        ],
                        [
                            17.171692988598124,
                            45.544657905351002
                        ],
                        [
                            17.180416821096813,
                            45.557073680120709
                        ]
                    ]
                ]
            }
        },
        {
            "type": "Feature",
            "properties": {
                "population": 140,
                "longitude": 17.196826300326215,
                "latitude": 45.566715747254314,
                "BM": 181
            },
            "geometry": {
                "type": "Polygon",
                "coordinates": [
                    [
                        [
                            17.202865422671824,
                            45.584917316440375
                        ],
                        [
                            17.2109982491564,
                            45.577944655732729
                        ],
                        [
                            17.211580734526041,
                            45.577168030968465
                        ],
                        [
                            17.21030738142969,
                            45.550697344000426
                        ],
                        [
                            17.209236309880534,
                            45.550212076971057
                        ],
                        [
                            17.180416821096813,
                            45.557073680120709
                        ],
                        [
                            17.177641012400247,
                            45.571055032820816
                        ],
                        [
                            17.202865422671824,
                            45.584917316440375
                        ]
                    ]
                ]
            }
        },
        {
            "type": "Feature",
            "properties": {
                "population": 222,
                "longitude": 17.199625807101668,
                "latitude": 45.723429020092823,
                "BM": 182
            },
            "geometry": {
                "type": "Polygon",
                "coordinates": [
                    [
                        [
                            17.186951935596174,
                            45.756282508654003
                        ],
                        [
                            17.209910568626135,
                            45.769330997199106
                        ],
                        [
                            17.222455329230286,
                            45.700980170964243
                        ],
                        [
                            17.193957925455042,
                            45.679003051785571
                        ],
                        [
                            17.185922089816355,
                            45.690548516473733
                        ],
                        [
                            17.181432181342856,
                            45.709940606265981
                        ],
                        [
                            17.179118309136616,
                            45.742150503825705
                        ],
                        [
                            17.186951935596174,
                            45.756282508654003
                        ]
                    ]
                ]
            }
        },
        {
            "type": "Feature",
            "properties": {
                "population": 86,
                "longitude": 17.174471026696164,
                "latitude": 45.795162499905167,
                "BM": 183
            },
            "geometry": {
                "type": "Polygon",
                "coordinates": [
                    [
                        [
                            17.12251171425617,
                            45.790230038149595
                        ],
                        [
                            17.13527591836381,
                            45.811800121582188
                        ],
                        [
                            17.167958033003757,
                            45.843202455362146
                        ],
                        [
                            17.185519978923811,
                            45.834956679475958
                        ],
                        [
                            17.232558847228322,
                            45.800452963689139
                        ],
                        [
                            17.209910568626135,
                            45.769330997199106
                        ],
                        [
                            17.186951935596174,
                            45.756282508654003
                        ],
                        [
                            17.134630744650664,
                            45.762698803159388
                        ],
                        [
                            17.12251171425617,
                            45.790230038149595
                        ]
                    ]
                ]
            }
        },
        {
            "type": "Feature",
            "properties": {
                "population": 105,
                "longitude": 17.200016136064754,
                "latitude": 45.639311275315904,
                "BM": 184
            },
            "geometry": {
                "type": "Polygon",
                "coordinates": [
                    [
                        [
                            17.183858784642794,
                            45.646100028143223
                        ],
                        [
                            17.194174523156068,
                            45.663235536095364
                        ],
                        [
                            17.207698448680638,
                            45.657028634087247
                        ],
                        [
                            17.217152684926909,
                            45.625465238273875
                        ],
                        [
                            17.202360694461369,
                            45.615523695065747
                        ],
                        [
                            17.201559018045419,
                            45.616017524525297
                        ],
                        [
                            17.183944206137671,
                            45.636558017341009
                        ],
                        [
                            17.183858784642794,
                            45.646100028143223
                        ]
                    ]
                ]
            }
        },
        {
            "type": "Feature",
            "properties": {
                "population": 120,
                "longitude": 17.177857513761559,
                "latitude": 45.602931587726403,
                "BM": 185
            },
            "geometry": {
                "type": "Polygon",
                "coordinates": [
                    [
                        [
                            17.157630945942103,
                            45.589466779756641
                        ],
                        [
                            17.152611834473586,
                            45.602073156117399
                        ],
                        [
                            17.153437368511085,
                            45.604704820902626
                        ],
                        [
                            17.201559018045419,
                            45.616017524525297
                        ],
                        [
                            17.202360694461369,
                            45.615523695065747
                        ],
                        [
                            17.203053134135832,
                            45.606625318075039
                        ],
                        [
                            17.201581482617254,
                            45.602280546137294
                        ],
                        [
                            17.158332681535292,
                            45.589103650976817
                        ],
                        [
                            17.157630945942103,
                            45.589466779756641
                        ]
                    ]
                ]
            }
        },
        {
            "type": "Feature",
            "properties": {
                "population": 42,
                "longitude": 17.167646621308755,
                "latitude": 45.661532879390691,
                "BM": 186
            },
            "geometry": {
                "type": "Polygon",
                "coordinates": [
                    [
                        [
                            17.146853323351369,
                            45.672176073652501
                        ],
                        [
                            17.150652370962003,
                            45.675018682518264
                        ],
                        [
                            17.191864108451583,
                            45.672470574813865
                        ],
                        [
                            17.194174523156068,
                            45.663235536095364
                        ],
                        [
                            17.183858784642794,
                            45.646100028143223
                        ],
                        [
                            17.138374203352242,
                            45.653749063276166
                        ],
                        [
                            17.146853323351369,
                            45.672176073652501
                        ]
                    ]
                ]
            }
        },
        {
            "type": "Feature",
            "properties": {
                "population": 481,
                "longitude": 17.159977880641691,
                "latitude": 45.63782372359249,
                "BM": 187
            },
            "geometry": {
                "type": "Polygon",
                "coordinates": [
                    [
                        [
                            17.138374203352242,
                            45.653749063276166
                        ],
                        [
                            17.183858784642794,
                            45.646100028143223
                        ],
                        [
                            17.183944206137671,
                            45.636558017341009
                        ],
                        [
                            17.154099379438083,
                            45.615738478334869
                        ],
                        [
                            17.136101256033019,
                            45.651524985720584
                        ],
                        [
                            17.138374203352242,
                            45.653749063276166
                        ]
                    ]
                ]
            }
        },
        {
            "type": "Feature",
            "properties": {
                "population": 61,
                "longitude": 17.176326406267677,
                "latitude": 45.619073931116816,
                "BM": 188
            },
            "geometry": {
                "type": "Polygon",
                "coordinates": [
                    [
                        [
                            17.154099379438083,
                            45.615738478334869
                        ],
                        [
                            17.183944206137671,
                            45.636558017341009
                        ],
                        [
                            17.201559018045419,
                            45.616017524525297
                        ],
                        [
                            17.153437368511085,
                            45.604704820902626
                        ],
                        [
                            17.154099379438083,
                            45.615738478334869
                        ]
                    ]
                ]
            }
        },
        {
            "type": "Feature",
            "properties": {
                "population": 167,
                "longitude": 17.164267817097048,
                "latitude": 45.525473714275329,
                "BM": 189
            },
            "geometry": {
                "type": "Polygon",
                "coordinates": [
                    [
                        [
                            17.148186722682187,
                            45.513593055408947
                        ],
                        [
                            17.155017019589554,
                            45.544342118979323
                        ],
                        [
                            17.171692988598124,
                            45.544657905351002
                        ],
                        [
                            17.181748437097969,
                            45.516116921295314
                        ],
                        [
                            17.170523997830827,
                            45.50849752372676
                        ],
                        [
                            17.152757533120539,
                            45.509876214798737
                        ],
                        [
                            17.148186722682187,
                            45.513593055408947
                        ]
                    ]
                ]
            }
        },
        {
            "type": "Feature",
            "properties": {
                "population": 85,
                "longitude": 17.159092449133116,
                "latitude": 45.563219910987449,
                "BM": 190
            },
            "geometry": {
                "type": "Polygon",
                "coordinates": [
                    [
                        [
                            17.157630945942103,
                            45.589466779756641
                        ],
                        [
                            17.158332681535292,
                            45.589103650976817
                        ],
                        [
                            17.177641012400247,
                            45.571055032820816
                        ],
                        [
                            17.180416821096813,
                            45.557073680120709
                        ],
                        [
                            17.171692988598124,
                            45.544657905351002
                        ],
                        [
                            17.155017019589554,
                            45.544342118979323
                        ],
                        [
                            17.13320527351198,
                            45.556506017296051
                        ],
                        [
                            17.133060031445403,
                            45.556781454133862
                        ],
                        [
                            17.157630945942103,
                            45.589466779756641
                        ]
                    ]
                ]
            }
        },
        {
            "type": "Feature",
            "properties": {
                "population": 290,
                "longitude": 17.183723382959737,
                "latitude": 45.587053114667874,
                "BM": 191
            },
            "geometry": {
                "type": "Polygon",
                "coordinates": [
                    [
                        [
                            17.158332681535292,
                            45.589103650976817
                        ],
                        [
                            17.201581482617254,
                            45.602280546137294
                        ],
                        [
                            17.202865422671824,
                            45.584917316440375
                        ],
                        [
                            17.177641012400247,
                            45.571055032820816
                        ],
                        [
                            17.158332681535292,
                            45.589103650976817
                        ]
                    ]
                ]
            }
        },
        {
            "type": "Feature",
            "properties": {
                "population": 170,
                "longitude": 17.17186789058972,
                "latitude": 45.682859757058083,
                "BM": 192
            },
            "geometry": {
                "type": "Polygon",
                "coordinates": [
                    [
                        [
                            17.150652370962003,
                            45.675018682518264
                        ],
                        [
                            17.155732580057666,
                            45.693055489326852
                        ],
                        [
                            17.165964039376892,
                            45.695067783556553
                        ],
                        [
                            17.185922089816355,
                            45.690548516473733
                        ],
                        [
                            17.193957925455042,
                            45.679003051785571
                        ],
                        [
                            17.191864108451583,
                            45.672470574813865
                        ],
                        [
                            17.150652370962003,
                            45.675018682518264
                        ]
                    ]
                ]
            }
        },
        {
            "type": "Feature",
            "properties": {
                "population": 313,
                "longitude": 17.129011884098762,
                "latitude": 45.6740135420307,
                "BM": 193
            },
            "geometry": {
                "type": "Polygon",
                "coordinates": [
                    [
                        [
                            17.128765518874456,
                            45.650763006853495
                        ],
                        [
                            17.109741202327331,
                            45.690443131813318
                        ],
                        [
                            17.125393953960778,
                            45.695773789899363
                        ],
                        [
                            17.146853323351369,
                            45.672176073652501
                        ],
                        [
                            17.138374203352242,
                            45.653749063276166
                        ],
                        [
                            17.136101256033019,
                            45.651524985720584
                        ],
                        [
                            17.128765518874456,
                            45.650763006853495
                        ]
                    ]
                ]
            }
        },
        {
            "type": "Feature",
            "properties": {
                "population": 199,
                "longitude": 17.142086809376764,
                "latitude": 45.696606109434242,
                "BM": 194
            },
            "geometry": {
                "type": "Polygon",
                "coordinates": [
                    [
                        [
                            17.133239194548093,
                            45.715203271861867
                        ],
                        [
                            17.149664279182105,
                            45.71582646495699
                        ],
                        [
                            17.155732580057666,
                            45.693055489326852
                        ],
                        [
                            17.150652370962003,
                            45.675018682518264
                        ],
                        [
                            17.146853323351369,
                            45.672176073652501
                        ],
                        [
                            17.125393953960778,
                            45.695773789899363
                        ],
                        [
                            17.133239194548093,
                            45.715203271861867
                        ]
                    ]
                ]
            }
        },
        {
            "type": "Feature",
            "properties": {
                "population": 105,
                "longitude": 17.200016136064754,
                "latitude": 45.639311275315904,
                "BM": 195
            },
            "geometry": {
                "type": "Polygon",
                "coordinates": [
                    [
                        [
                            17.183858784642794,
                            45.646100028143223
                        ],
                        [
                            17.194174523156068,
                            45.663235536095364
                        ],
                        [
                            17.207698448680638,
                            45.657028634087247
                        ],
                        [
                            17.217152684926909,
                            45.625465238273875
                        ],
                        [
                            17.202360694461369,
                            45.615523695065747
                        ],
                        [
                            17.201559018045419,
                            45.616017524525297
                        ],
                        [
                            17.183944206137671,
                            45.636558017341009
                        ],
                        [
                            17.183858784642794,
                            45.646100028143223
                        ]
                    ]
                ]
            }
        },
        {
            "type": "Feature",
            "properties": {
                "population": 455,
                "longitude": 17.12871004609698,
                "latitude": 45.623864327108272,
                "BM": 196
            },
            "geometry": {
                "type": "Polygon",
                "coordinates": [
                    [
                        [
                            17.104924529558865,
                            45.60996450460005
                        ],
                        [
                            17.108237132809109,
                            45.642686772147655
                        ],
                        [
                            17.128765518874456,
                            45.650763006853495
                        ],
                        [
                            17.136101256033019,
                            45.651524985720584
                        ],
                        [
                            17.154099379438083,
                            45.615738478334869
                        ],
                        [
                            17.153437368511085,
                            45.604704820902626
                        ],
                        [
                            17.152611834473586,
                            45.602073156117399
                        ],
                        [
                            17.123626106571642,
                            45.602114096740223
                        ],
                        [
                            17.104924529558865,
                            45.60996450460005
                        ]
                    ]
                ]
            }
        },
        {
            "type": "Feature",
            "properties": {
                "population": 160,
                "longitude": 17.136208988950216,
                "latitude": 45.582931825637466,
                "BM": 197
            },
            "geometry": {
                "type": "Polygon",
                "coordinates": [
                    [
                        [
                            17.120170195912067,
                            45.560964115752391
                        ],
                        [
                            17.123626106571642,
                            45.602114096740223
                        ],
                        [
                            17.152611834473586,
                            45.602073156117399
                        ],
                        [
                            17.157630945942103,
                            45.589466779756641
                        ],
                        [
                            17.133060031445403,
                            45.556781454133862
                        ],
                        [
                            17.120170195912067,
                            45.560964115752391
                        ]
                    ]
                ]
            }
        },
        {
            "type": "Feature",
            "properties": {
                "population": 633,
                "longitude": 17.177443782521237,
                "latitude": 45.698680885375261,
                "BM": 198
            },
            "geometry": {
                "type": "Polygon",
                "coordinates": [
                    [
                        [
                            17.167262654184174,
                            45.697214488145796
                        ],
                        [
                            17.169664495054619,
                            45.699959908573916
                        ],
                        [
                            17.181432181342856,
                            45.709940606265981
                        ],
                        [
                            17.185922089816355,
                            45.690548516473733
                        ],
                        [
                            17.165964039376892,
                            45.695067783556553
                        ],
                        [
                            17.167262654184174,
                            45.697214488145796
                        ]
                    ]
                ]
            }
        },
        {
            "type": "Feature",
            "properties": {
                "population": 475,
                "longitude": 17.174996763173958,
                "latitude": 45.72038012326793,
                "BM": 199
            },
            "geometry": {
                "type": "Polygon",
                "coordinates": [
                    [
                        [
                            17.170636255429525,
                            45.734051488442937
                        ],
                        [
                            17.179118309136616,
                            45.742150503825705
                        ],
                        [
                            17.181432181342856,
                            45.709940606265981
                        ],
                        [
                            17.169664495054619,
                            45.699959908573916
                        ],
                        [
                            17.16896421132806,
                            45.710326714535839
                        ],
                        [
                            17.170636255429525,
                            45.734051488442937
                        ]
                    ]
                ]
            }
        },
        {
            "type": "Feature",
            "properties": {
                "population": 229,
                "longitude": 17.168630453522283,
                "latitude": 45.70250037041852,
                "BM": 200
            },
            "geometry": {
                "type": "Polygon",
                "coordinates": [
                    [
                        [
                            17.16896421132806,
                            45.710326714535839
                        ],
                        [
                            17.169664495054619,
                            45.699959908573916
                        ],
                        [
                            17.167262654184174,
                            45.697214488145796
                        ],
                        [
                            17.16896421132806,
                            45.710326714535839
                        ]
                    ]
                ]
            }
        },
        {
            "type": "Feature",
            "properties": {
                "population": 706,
                "longitude": 17.161265051349798,
                "latitude": 45.711486898504852,
                "BM": 201
            },
            "geometry": {
                "type": "Polygon",
                "coordinates": [
                    [
                        [
                            17.149664279182105,
                            45.71582646495699
                        ],
                        [
                            17.170636255429525,
                            45.734051488442937
                        ],
                        [
                            17.16896421132806,
                            45.710326714535839
                        ],
                        [
                            17.167262654184174,
                            45.697214488145796
                        ],
                        [
                            17.165964039376892,
                            45.695067783556553
                        ],
                        [
                            17.155732580057666,
                            45.693055489326852
                        ],
                        [
                            17.149664279182105,
                            45.71582646495699
                        ]
                    ]
                ]
            }
        },
        {
            "type": "Feature",
            "properties": {
                "population": 255,
                "longitude": 17.145877017442459,
                "latitude": 45.74061950306406,
                "BM": 202
            },
            "geometry": {
                "type": "Polygon",
                "coordinates": [
                    [
                        [
                            17.106858970708096,
                            45.738873407369383
                        ],
                        [
                            17.134630744650664,
                            45.762698803159388
                        ],
                        [
                            17.186951935596174,
                            45.756282508654003
                        ],
                        [
                            17.179118309136616,
                            45.742150503825705
                        ],
                        [
                            17.170636255429525,
                            45.734051488442937
                        ],
                        [
                            17.149664279182105,
                            45.71582646495699
                        ],
                        [
                            17.133239194548093,
                            45.715203271861867
                        ],
                        [
                            17.106858970708096,
                            45.738873407369383
                        ]
                    ]
                ]
            }
        },
        {
            "type": "Feature",
            "properties": {
                "population": 229,
                "longitude": 17.168630453522283,
                "latitude": 45.70250037041852,
                "BM": 203
            },
            "geometry": {
                "type": "Polygon",
                "coordinates": [
                    [
                        [
                            17.16896421132806,
                            45.710326714535839
                        ],
                        [
                            17.169664495054619,
                            45.699959908573916
                        ],
                        [
                            17.167262654184174,
                            45.697214488145796
                        ],
                        [
                            17.16896421132806,
                            45.710326714535839
                        ]
                    ]
                ]
            }
        },
        {
            "type": "Feature",
            "properties": {
                "population": 89,
                "longitude": 17.300706474957551,
                "latitude": 45.758036471387832,
                "BM": 204
            },
            "geometry": {
                "type": "Polygon",
                "coordinates": [
                    [
                        [
                            17.233272193341396,
                            45.800481429668373
                        ],
                        [
                            17.271485504133757,
                            45.800891147482844
                        ],
                        [
                            17.322536604494886,
                            45.78617468455429
                        ],
                        [
                            17.332080604492056,
                            45.783334685510525
                        ],
                        [
                            17.357900783376657,
                            45.757169742569467
                        ],
                        [
                            17.358654186024797,
                            45.756047530222745
                        ],
                        [
                            17.359514368509384,
                            45.754150597997395
                        ],
                        [
                            17.355655679476936,
                            45.730713241419465
                        ],
                        [
                            17.304876887895322,
                            45.709566973041618
                        ],
                        [
                            17.283537508631778,
                            45.71768317001014
                        ],
                        [
                            17.233272193341396,
                            45.800481429668373
                        ]
                    ]
                ]
            }
        },
        {
            "type": "Feature",
            "properties": {
                "population": 367,
                "longitude": 17.096433507151289,
                "latitude": 45.670307498968093,
                "BM": 205
            },
            "geometry": {
                "type": "Polygon",
                "coordinates": [
                    [
                        [
                            17.070606057671153,
                            45.696824289702725
                        ],
                        [
                            17.109741202327331,
                            45.690443131813318
                        ],
                        [
                            17.128765518874456,
                            45.650763006853495
                        ],
                        [
                            17.108237132809109,
                            45.642686772147655
                        ],
                        [
                            17.069103641399163,
                            45.664110574502182
                        ],
                        [
                            17.070606057671153,
                            45.696824289702725
                        ]
                    ]
                ]
            }
        },
        {
            "type": "Feature",
            "properties": {
                "population": 220,
                "longitude": 17.104990190326966,
                "latitude": 45.766427957876687,
                "BM": 206
            },
            "geometry": {
                "type": "Polygon",
                "coordinates": [
                    [
                        [
                            17.09130482233633,
                            45.791860076010231
                        ],
                        [
                            17.12251171425617,
                            45.790230038149595
                        ],
                        [
                            17.134630744650664,
                            45.762698803159388
                        ],
                        [
                            17.106858970708096,
                            45.738873407369383
                        ],
                        [
                            17.088921485704155,
                            45.737016054256173
                        ],
                        [
                            17.079518064197476,
                            45.776098110250473
                        ],
                        [
                            17.09130482233633,
                            45.791860076010231
                        ]
                    ]
                ]
            }
        },
        {
            "type": "Feature",
            "properties": {
                "population": 146,
                "longitude": 17.100957028470294,
                "latitude": 45.712832555195057,
                "BM": 207
            },
            "geometry": {
                "type": "Polygon",
                "coordinates": [
                    [
                        [
                            17.076054672810102,
                            45.719210970003353
                        ],
                        [
                            17.084786330957041,
                            45.732438902382363
                        ],
                        [
                            17.088921485704155,
                            45.737016054256173
                        ],
                        [
                            17.106858970708096,
                            45.738873407369383
                        ],
                        [
                            17.133239194548093,
                            45.715203271861867
                        ],
                        [
                            17.125393953960778,
                            45.695773789899363
                        ],
                        [
                            17.109741202327331,
                            45.690443131813318
                        ],
                        [
                            17.070606057671153,
                            45.696824289702725
                        ],
                        [
                            17.068822353265205,
                            45.701852210511753
                        ],
                        [
                            17.076054672810102,
                            45.719210970003353
                        ]
                    ]
                ]
            }
        },
        {
            "type": "Feature",
            "properties": {
                "population": 179,
                "longitude": 17.114251135226478,
                "latitude": 45.541687905066382,
                "BM": 208
            },
            "geometry": {
                "type": "Polygon",
                "coordinates": [
                    [
                        [
                            17.091230243785638,
                            45.54240150402245
                        ],
                        [
                            17.108134823821821,
                            45.560946665586108
                        ],
                        [
                            17.120170195912067,
                            45.560964115752391
                        ],
                        [
                            17.133060031445403,
                            45.556781454133862
                        ],
                        [
                            17.13320527351198,
                            45.556506017296051
                        ],
                        [
                            17.126312713974102,
                            45.520447525413637
                        ],
                        [
                            17.105507485913801,
                            45.523392649489558
                        ],
                        [
                            17.091230243785638,
                            45.54240150402245
                        ]
                    ]
                ]
            }
        },
        {
            "type": "Feature",
            "properties": {
                "population": 27,
                "longitude": 17.084952534050291,
                "latitude": 45.828265328271137,
                "BM": 209
            },
            "geometry": {
                "type": "Polygon",
                "coordinates": [
                    [
                        [
                            17.068318124122374,
                            45.826323141005425
                        ],
                        [
                            17.069935381182521,
                            45.850676779002363
                        ],
                        [
                            17.072240812238277,
                            45.851028145953926
                        ],
                        [
                            17.103544880719962,
                            45.832659374306381
                        ],
                        [
                            17.101952666089559,
                            45.81876718625805
                        ],
                        [
                            17.088860350829481,
                            45.804519460397529
                        ],
                        [
                            17.068318124122374,
                            45.826323141005425
                        ]
                    ]
                ]
            }
        },
        {
            "type": "Feature",
            "properties": {
                "population": 32,
                "longitude": 17.117587814058414,
                "latitude": 45.856149729399071,
                "BM": 210
            },
            "geometry": {
                "type": "Polygon",
                "coordinates": [
                    [
                        [
                            17.127064734922019,
                            45.881669977559916
                        ],
                        [
                            17.147094977422071,
                            45.869847309649415
                        ],
                        [
                            17.156230337348667,
                            45.858792211297235
                        ],
                        [
                            17.158955934721103,
                            45.853730467988356
                        ],
                        [
                            17.103544880719962,
                            45.832659374306381
                        ],
                        [
                            17.072240812238277,
                            45.851028145953926
                        ],
                        [
                            17.127064734922019,
                            45.881669977559916
                        ]
                    ]
                ]
            }
        },
        {
            "type": "Feature",
            "properties": {
                "population": 38,
                "longitude": 17.134113589289672,
                "latitude": 45.831594411391102,
                "BM": 211
            },
            "geometry": {
                "type": "Polygon",
                "coordinates": [
                    [
                        [
                            17.158955934721103,
                            45.853730467988356
                        ],
                        [
                            17.167958033003757,
                            45.843202455362146
                        ],
                        [
                            17.13527591836381,
                            45.811800121582188
                        ],
                        [
                            17.101952666089559,
                            45.81876718625805
                        ],
                        [
                            17.103544880719962,
                            45.832659374306381
                        ],
                        [
                            17.158955934721103,
                            45.853730467988356
                        ]
                    ]
                ]
            }
        },
        {
            "type": "Feature",
            "properties": {
                "population": 38,
                "longitude": 17.134113589289672,
                "latitude": 45.831594411391102,
                "BM": 212
            },
            "geometry": {
                "type": "Polygon",
                "coordinates": [
                    [
                        [
                            17.158955934721103,
                            45.853730467988356
                        ],
                        [
                            17.167958033003757,
                            45.843202455362146
                        ],
                        [
                            17.13527591836381,
                            45.811800121582188
                        ],
                        [
                            17.101952666089559,
                            45.81876718625805
                        ],
                        [
                            17.103544880719962,
                            45.832659374306381
                        ],
                        [
                            17.158955934721103,
                            45.853730467988356
                        ]
                    ]
                ]
            }
        },
        {
            "type": "Feature",
            "properties": {
                "population": 354,
                "longitude": 17.069833057098379,
                "latitude": 45.799063227435973,
                "BM": 213
            },
            "geometry": {
                "type": "Polygon",
                "coordinates": [
                    [
                        [
                            17.051393683210669,
                            45.811776844014652
                        ],
                        [
                            17.068318124122374,
                            45.826323141005425
                        ],
                        [
                            17.088860350829481,
                            45.804519460397529
                        ],
                        [
                            17.09130482233633,
                            45.791860076010231
                        ],
                        [
                            17.079518064197476,
                            45.776098110250473
                        ],
                        [
                            17.052220361036635,
                            45.783166820903034
                        ],
                        [
                            17.051393683210669,
                            45.811776844014652
                        ]
                    ]
                ]
            }
        },
        {
            "type": "Feature",
            "properties": {
                "population": 403,
                "longitude": 17.082073061272833,
                "latitude": 45.563402917803487,
                "BM": 214
            },
            "geometry": {
                "type": "Polygon",
                "coordinates": [
                    [
                        [
                            17.058736289012714,
                            45.546247545778542
                        ],
                        [
                            17.071683911807849,
                            45.585420680710293
                        ],
                        [
                            17.084868551326558,
                            45.595397199127646
                        ],
                        [
                            17.086246432566082,
                            45.595421715936617
                        ],
                        [
                            17.108134823821821,
                            45.560946665586108
                        ],
                        [
                            17.091230243785638,
                            45.54240150402245
                        ],
                        [
                            17.060209158941721,
                            45.53854022792936
                        ],
                        [
                            17.058736289012714,
                            45.546247545778542
                        ]
                    ]
                ]
            }
        },
        {
            "type": "Feature",
            "properties": {
                "population": 67,
                "longitude": 17.083488041479104,
                "latitude": 45.522625794635772,
                "BM": 215
            },
            "geometry": {
                "type": "Polygon",
                "coordinates": [
                    [
                        [
                            17.05886202978472,
                            45.536254462233813
                        ],
                        [
                            17.060209158941721,
                            45.53854022792936
                        ],
                        [
                            17.091230243785638,
                            45.54240150402245
                        ],
                        [
                            17.105507485913801,
                            45.523392649489558
                        ],
                        [
                            17.092168879051279,
                            45.497935755767159
                        ],
                        [
                            17.086244126816769,
                            45.494775042450463
                        ],
                        [
                            17.058201609176916,
                            45.533503539663428
                        ],
                        [
                            17.05886202978472,
                            45.536254462233813
                        ]
                    ]
                ]
            }
        },
        {
            "type": "Feature",
            "properties": {
                "population": 70,
                "longitude": 17.053024028878358,
                "latitude": 45.572621879632671,
                "BM": 216
            },
            "geometry": {
                "type": "Polygon",
                "coordinates": [
                    [
                        [
                            17.042412913854903,
                            45.591814578271922
                        ],
                        [
                            17.071683911807849,
                            45.585420680710293
                        ],
                        [
                            17.058736289012714,
                            45.546247545778542
                        ],
                        [
                            17.034384315743075,
                            45.570195218114463
                        ],
                        [
                            17.042412913854903,
                            45.591814578271922
                        ]
                    ]
                ]
            }
        },
        {
            "type": "Feature",
            "properties": {
                "population": 101,
                "longitude": 17.059307013437738,
                "latitude": 45.602800866964898,
                "BM": 217
            },
            "geometry": {
                "type": "Polygon",
                "coordinates": [
                    [
                        [
                            17.034732700065209,
                            45.60438842287224
                        ],
                        [
                            17.05909160401481,
                            45.626115234516838
                        ],
                        [
                            17.084868551326558,
                            45.595397199127646
                        ],
                        [
                            17.071683911807849,
                            45.585420680710293
                        ],
                        [
                            17.042412913854903,
                            45.591814578271922
                        ],
                        [
                            17.034732700065209,
                            45.60438842287224
                        ]
                    ]
                ]
            }
        },
        {
            "type": "Feature",
            "properties": {
                "population": 122,
                "longitude": 17.453110530272635,
                "latitude": 45.658656678103696,
                "BM": 218
            },
            "geometry": {
                "type": "Polygon",
                "coordinates": [
                    [
                        [
                            17.401557022757242,
                            45.687470022813891
                        ],
                        [
                            17.459787892460014,
                            45.680833431052797
                        ],
                        [
                            17.476471266658262,
                            45.66492470728776
                        ],
                        [
                            17.480548900690682,
                            45.65656759914075
                        ],
                        [
                            17.48312963343389,
                            45.627987084707513
                        ],
                        [
                            17.478723604122617,
                            45.615889075450582
                        ],
                        [
                            17.401557022757242,
                            45.687470022813891
                        ]
                    ]
                ]
            }
        },
        {
            "type": "Feature",
            "properties": {
                "population": 419,
                "longitude": 17.050795891595914,
                "latitude": 45.751879968239841,
                "BM": 219
            },
            "geometry": {
                "type": "Polygon",
                "coordinates": [
                    [
                        [
                            17.053293983042181,
                            45.754900098784553
                        ],
                        [
                            17.057770273843996,
                            45.751208201850048
                        ],
                        [
                            17.041323417901559,
                            45.749531604084922
                        ],
                        [
                            17.053293983042181,
                            45.754900098784553
                        ]
                    ]
                ]
            }
        },
        {
            "type": "Feature",
            "properties": {
                "population": 102,
                "longitude": 17.947221594660999,
                "latitude": 45.418897145655002,
                "BM": 220
            },
            "geometry": {
                "type": "Polygon",
                "coordinates": [
                    [
                        [
                            17.9280200569311,
                            45.446011048678372
                        ],
                        [
                            17.935676725624266,
                            45.445988353856656
                        ],
                        [
                            17.972984802034837,
                            45.43003528687418
                        ],
                        [
                            17.962609644963337,
                            45.402472788632451
                        ],
                        [
                            17.941251943418983,
                            45.382538933857703
                        ],
                        [
                            17.924925076815345,
                            45.437939741282882
                        ],
                        [
                            17.9280200569311,
                            45.446011048678372
                        ]
                    ]
                ]
            }
        },
        {
            "type": "Feature",
            "properties": {
                "population": 299,
                "longitude": 16.650771184560863,
                "latitude": 45.746453333198247,
                "BM": 221
            },
            "geometry": {
                "type": "Polygon",
                "coordinates": [
                    [
                        [
                            16.632122286349134,
                            45.739764894748312
                        ],
                        [
                            16.6337707748716,
                            45.748477008077046
                        ],
                        [
                            16.653039337269401,
                            45.765779481269846
                        ],
                        [
                            16.659302650511052,
                            45.7653042575933
                        ],
                        [
                            16.669082087769137,
                            45.757223908235893
                        ],
                        [
                            16.653339319437954,
                            45.723550144941711
                        ],
                        [
                            16.632122286349134,
                            45.739764894748312
                        ]
                    ]
                ]
            }
        },
        {
            "type": "Feature",
            "properties": {
                "population": 60,
                "longitude": 16.672093876725263,
                "latitude": 45.729917048569362,
                "BM": 222
            },
            "geometry": {
                "type": "Polygon",
                "coordinates": [
                    [
                        [
                            16.66069074261344,
                            45.689419377569493
                        ],
                        [
                            16.653339319437954,
                            45.723550144941711
                        ],
                        [
                            16.669082087769137,
                            45.757223908235893
                        ],
                        [
                            16.696105819294505,
                            45.758177361823137
                        ],
                        [
                            16.69287577424798,
                            45.744681057085486
                        ],
                        [
                            16.662614633616357,
                            45.686940012296517
                        ],
                        [
                            16.66069074261344,
                            45.689419377569493
                        ]
                    ]
                ]
            }
        },
        {
            "type": "Feature",
            "properties": {
                "population": 294,
                "longitude": 16.651942313909064,
                "latitude": 45.784141702118134,
                "BM": 223
            },
            "geometry": {
                "type": "Polygon",
                "coordinates": [
                    [
                        [
                            16.638295577216056,
                            45.776841298231489
                        ],
                        [
                            16.643786988887634,
                            45.799378566895548
                        ],
                        [
                            16.66327766682808,
                            45.800558404548774
                        ],
                        [
                            16.664402385537173,
                            45.799189880091888
                        ],
                        [
                            16.659302650511052,
                            45.7653042575933
                        ],
                        [
                            16.653039337269401,
                            45.765779481269846
                        ],
                        [
                            16.638487652140938,
                            45.775334311789337
                        ],
                        [
                            16.638295577216056,
                            45.776841298231489
                        ]
                    ]
                ]
            }
        },
        {
            "type": "Feature",
            "properties": {
                "population": 120,
                "longitude": 17.177857513761559,
                "latitude": 45.602931587726403,
                "BM": 224
            },
            "geometry": {
                "type": "Polygon",
                "coordinates": [
                    [
                        [
                            17.157630945942103,
                            45.589466779756641
                        ],
                        [
                            17.152611834473586,
                            45.602073156117399
                        ],
                        [
                            17.153437368511085,
                            45.604704820902626
                        ],
                        [
                            17.201559018045419,
                            45.616017524525297
                        ],
                        [
                            17.202360694461369,
                            45.615523695065747
                        ],
                        [
                            17.203053134135832,
                            45.606625318075039
                        ],
                        [
                            17.201581482617254,
                            45.602280546137294
                        ],
                        [
                            17.158332681535292,
                            45.589103650976817
                        ],
                        [
                            17.157630945942103,
                            45.589466779756641
                        ]
                    ]
                ]
            }
        },
        {
            "type": "Feature",
            "properties": {
                "population": 604,
                "longitude": 16.622923235210465,
                "latitude": 45.752999639406944,
                "BM": 225
            },
            "geometry": {
                "type": "Polygon",
                "coordinates": [
                    [
                        [
                            16.613265061914898,
                            45.768412508992348
                        ],
                        [
                            16.620391626374595,
                            45.767428409782354
                        ],
                        [
                            16.6337707748716,
                            45.748477008077046
                        ],
                        [
                            16.632122286349134,
                            45.739764894748312
                        ],
                        [
                            16.624302136852503,
                            45.737847615694299
                        ],
                        [
                            16.618093614403918,
                            45.74862777593458
                        ],
                        [
                            16.612091735893735,
                            45.762217726083584
                        ],
                        [
                            16.613265061914898,
                            45.768412508992348
                        ]
                    ]
                ]
            }
        },
        {
            "type": "Feature",
            "properties": {
                "population": 153,
                "longitude": 16.63716785094357,
                "latitude": 45.71699940800935,
                "BM": 226
            },
            "geometry": {
                "type": "Polygon",
                "coordinates": [
                    [
                        [
                            16.611230996553232,
                            45.729572383316949
                        ],
                        [
                            16.624302136852503,
                            45.737847615694299
                        ],
                        [
                            16.632122286349134,
                            45.739764894748312
                        ],
                        [
                            16.653339319437954,
                            45.723550144941711
                        ],
                        [
                            16.66069074261344,
                            45.689419377569493
                        ],
                        [
                            16.641784639390927,
                            45.696684313064452
                        ],
                        [
                            16.607694419171196,
                            45.726880797297305
                        ],
                        [
                            16.611230996553232,
                            45.729572383316949
                        ]
                    ]
                ]
            }
        },
        {
            "type": "Feature",
            "properties": {
                "population": 292,
                "longitude": 16.677584204155828,
                "latitude": 45.775233110122841,
                "BM": 227
            },
            "geometry": {
                "type": "Polygon",
                "coordinates": [
                    [
                        [
                            16.664402385537173,
                            45.799189880091888
                        ],
                        [
                            16.683556495911652,
                            45.794642944222481
                        ],
                        [
                            16.701482743095891,
                            45.761054231072826
                        ],
                        [
                            16.696105819294505,
                            45.758177361823137
                        ],
                        [
                            16.669082087769137,
                            45.757223908235893
                        ],
                        [
                            16.659302650511052,
                            45.7653042575933
                        ],
                        [
                            16.664402385537173,
                            45.799189880091888
                        ]
                    ]
                ]
            }
        },
        {
            "type": "Feature",
            "properties": {
                "population": 137,
                "longitude": 16.871432962201197,
                "latitude": 45.544766100498713,
                "BM": 228
            },
            "geometry": {
                "type": "Polygon",
                "coordinates": [
                    [
                        [
                            16.85302406203532,
                            45.55936170892609
                        ],
                        [
                            16.869158209920347,
                            45.566511086116193
                        ],
                        [
                            16.899562912713463,
                            45.546332663124744
                        ],
                        [
                            16.897930787575262,
                            45.543645719992988
                        ],
                        [
                            16.858042760975465,
                            45.518363039852034
                        ],
                        [
                            16.85302406203532,
                            45.55936170892609
                        ]
                    ]
                ]
            }
        },
        {
            "type": "Feature",
            "properties": {
                "population": 143,
                "longitude": 16.631884085520298,
                "latitude": 45.683946404705985,
                "BM": 229
            },
            "geometry": {
                "type": "Polygon",
                "coordinates": [
                    [
                        [
                            16.599663396296524,
                            45.673665483972691
                        ],
                        [
                            16.60916797944552,
                            45.696072624932228
                        ],
                        [
                            16.641784639390927,
                            45.696684313064452
                        ],
                        [
                            16.66069074261344,
                            45.689419377569493
                        ],
                        [
                            16.662614633616357,
                            45.686940012296517
                        ],
                        [
                            16.66616446640624,
                            45.679688025296443
                        ],
                        [
                            16.646178287178309,
                            45.672021632872195
                        ],
                        [
                            16.599663396296524,
                            45.673665483972691
                        ]
                    ]
                ]
            }
        },
        {
            "type": "Feature",
            "properties": {
                "population": 85,
                "longitude": 17.159092449133116,
                "latitude": 45.563219910987449,
                "BM": 230
            },
            "geometry": {
                "type": "Polygon",
                "coordinates": [
                    [
                        [
                            17.157630945942103,
                            45.589466779756641
                        ],
                        [
                            17.158332681535292,
                            45.589103650976817
                        ],
                        [
                            17.177641012400247,
                            45.571055032820816
                        ],
                        [
                            17.180416821096813,
                            45.557073680120709
                        ],
                        [
                            17.171692988598124,
                            45.544657905351002
                        ],
                        [
                            17.155017019589554,
                            45.544342118979323
                        ],
                        [
                            17.13320527351198,
                            45.556506017296051
                        ],
                        [
                            17.133060031445403,
                            45.556781454133862
                        ],
                        [
                            17.157630945942103,
                            45.589466779756641
                        ]
                    ]
                ]
            }
        },
        {
            "type": "Feature",
            "properties": {
                "population": 134,
                "longitude": 16.903015185906497,
                "latitude": 45.844586833507947,
                "BM": 231
            },
            "geometry": {
                "type": "Polygon",
                "coordinates": [
                    [
                        [
                            16.88710401766831,
                            45.841128973969717
                        ],
                        [
                            16.901325359844773,
                            45.863860145526679
                        ],
                        [
                            16.916645928378539,
                            45.85054651714379
                        ],
                        [
                            16.918383911243126,
                            45.843463187676193
                        ],
                        [
                            16.910430022929365,
                            45.831222221447618
                        ],
                        [
                            16.893018831165911,
                            45.830914621040421
                        ],
                        [
                            16.88710401766831,
                            45.841128973969717
                        ]
                    ]
                ]
            }
        },
        {
            "type": "Feature",
            "properties": {
                "population": 102,
                "longitude": 17.086170444206857,
                "latitude": 45.883389257414663,
                "BM": 232
            },
            "geometry": {
                "type": "Polygon",
                "coordinates": [
                    [
                        [
                            17.060573861923217,
                            45.859659629113253
                        ],
                        [
                            17.059415443470289,
                            45.899856782531813
                        ],
                        [
                            17.074618103496878,
                            45.911255219778404
                        ],
                        [
                            17.089036840141567,
                            45.911689193039564
                        ],
                        [
                            17.121470074377402,
                            45.891020071213923
                        ],
                        [
                            17.127064734922019,
                            45.881669977559916
                        ],
                        [
                            17.072240812238277,
                            45.851028145953926
                        ],
                        [
                            17.069935381182521,
                            45.850676779002363
                        ],
                        [
                            17.062209608224514,
                            45.856629752641155
                        ],
                        [
                            17.060573861923217,
                            45.859659629113253
                        ]
                    ]
                ]
            }
        },
        {
            "type": "Feature",
            "properties": {
                "population": 67,
                "longitude": 17.083488041479104,
                "latitude": 45.522625794635772,
                "BM": 233
            },
            "geometry": {
                "type": "Polygon",
                "coordinates": [
                    [
                        [
                            17.05886202978472,
                            45.536254462233813
                        ],
                        [
                            17.060209158941721,
                            45.53854022792936
                        ],
                        [
                            17.091230243785638,
                            45.54240150402245
                        ],
                        [
                            17.105507485913801,
                            45.523392649489558
                        ],
                        [
                            17.092168879051279,
                            45.497935755767159
                        ],
                        [
                            17.086244126816769,
                            45.494775042450463
                        ],
                        [
                            17.058201609176916,
                            45.533503539663428
                        ],
                        [
                            17.05886202978472,
                            45.536254462233813
                        ]
                    ]
                ]
            }
        },
        {
            "type": "Feature",
            "properties": {
                "population": 30,
                "longitude": 16.84868228764374,
                "latitude": 45.586334243827224,
                "BM": 234
            },
            "geometry": {
                "type": "Polygon",
                "coordinates": [
                    [
                        [
                            16.821779511118244,
                            45.601906890201491
                        ],
                        [
                            16.86449317476627,
                            45.613473959519965
                        ],
                        [
                            16.875583915532708,
                            45.596251069061488
                        ],
                        [
                            16.869158209920347,
                            45.566511086116193
                        ],
                        [
                            16.85302406203532,
                            45.55936170892609
                        ],
                        [
                            16.829996806703271,
                            45.565678718139146
                        ],
                        [
                            16.820878416064954,
                            45.584323648901652
                        ],
                        [
                            16.821779511118244,
                            45.601906890201491
                        ]
                    ]
                ]
            }
        },
        {
            "type": "Feature",
            "properties": {
                "population": 608,
                "longitude": 16.616336726463171,
                "latitude": 45.739873307908397,
                "BM": 235
            },
            "geometry": {
                "type": "Polygon",
                "coordinates": [
                    [
                        [
                            16.611548699055724,
                            45.743404151656648
                        ],
                        [
                            16.612739274378676,
                            45.748148260077507
                        ],
                        [
                            16.618093614403918,
                            45.74862777593458
                        ],
                        [
                            16.624302136852503,
                            45.737847615694299
                        ],
                        [
                            16.611230996553232,
                            45.729572383316949
                        ],
                        [
                            16.611548699055724,
                            45.743404151656648
                        ]
                    ]
                ]
            }
        },
        {
            "type": "Feature",
            "properties": {
                "population": 130,
                "longitude": 16.612982392556695,
                "latitude": 45.753941578526145,
                "BM": 236
            },
            "geometry": {
                "type": "Polygon",
                "coordinates": [
                    [
                        [
                            16.60886311200688,
                            45.756672105486118
                        ],
                        [
                            16.612091735893735,
                            45.762217726083584
                        ],
                        [
                            16.618093614403918,
                            45.74862777593458
                        ],
                        [
                            16.612739274378676,
                            45.748148260077507
                        ],
                        [
                            16.610783322912408,
                            45.750743725269501
                        ],
                        [
                            16.60886311200688,
                            45.756672105486118
                        ]
                    ]
                ]
            }
        },
        {
            "type": "Feature",
            "properties": {
                "population": 553,
                "longitude": 16.611690432115605,
                "latitude": 45.747432045667878,
                "BM": 237
            },
            "geometry": {
                "type": "Polygon",
                "coordinates": [
                    [
                        [
                            16.612739274378676,
                            45.748148260077507
                        ],
                        [
                            16.611548699055724,
                            45.743404151656648
                        ],
                        [
                            16.610783322912408,
                            45.750743725269501
                        ],
                        [
                            16.612739274378676,
                            45.748148260077507
                        ]
                    ]
                ]
            }
        },
        {
            "type": "Feature",
            "properties": {
                "population": 324,
                "longitude": 16.855470392643269,
                "latitude": 45.940025413817445,
                "BM": 238
            },
            "geometry": {
                "type": "Polygon",
                "coordinates": [
                    [
                        [
                            16.842869715548538,
                            45.945669842582696
                        ],
                        [
                            16.861155402671361,
                            45.953479305509148
                        ],
                        [
                            16.869140618514542,
                            45.951558522174231
                        ],
                        [
                            16.871339839185787,
                            45.949758754310494
                        ],
                        [
                            16.873925503700004,
                            45.940410395362818
                        ],
                        [
                            16.847438397593802,
                            45.924966394172237
                        ],
                        [
                            16.844730769822029,
                            45.925096375417574
                        ],
                        [
                            16.843067279628197,
                            45.925413131702584
                        ],
                        [
                            16.839728659940061,
                            45.930619796709898
                        ],
                        [
                            16.841369806311548,
                            45.943632784644485
                        ],
                        [
                            16.842869715548538,
                            45.945669842582696
                        ]
                    ]
                ]
            }
        },
        {
            "type": "Feature",
            "properties": {
                "population": 203,
                "longitude": 16.660715308577128,
                "latitude": 46.119830782916331,
                "BM": 239
            },
            "geometry": {
                "type": "Polygon",
                "coordinates": [
                    [
                        [
                            16.633925399760667,
                            46.124022416054046
                        ],
                        [
                            16.646929387680522,
                            46.136938540844987
                        ],
                        [
                            16.684692211695989,
                            46.131251105577384
                        ],
                        [
                            16.686738229793903,
                            46.125948662792034
                        ],
                        [
                            16.685153066423684,
                            46.113397089030478
                        ],
                        [
                            16.651711035394761,
                            46.098183436180591
                        ],
                        [
                            16.633925399760667,
                            46.124022416054046
                        ]
                    ]
                ]
            }
        },
        {
            "type": "Feature",
            "properties": {
                "population": 63,
                "longitude": 16.58832584962267,
                "latitude": 45.694643000714308,
                "BM": 240
            },
            "geometry": {
                "type": "Polygon",
                "coordinates": [
                    [
                        [
                            16.567725536515233,
                            45.69845536387998
                        ],
                        [
                            16.581275139918603,
                            45.714860090702736
                        ],
                        [
                            16.588543941875532,
                            45.717363519008671
                        ],
                        [
                            16.60916797944552,
                            45.696072624932228
                        ],
                        [
                            16.599663396296524,
                            45.673665483972691
                        ],
                        [
                            16.597630780378708,
                            45.672725602455124
                        ],
                        [
                            16.571573224389574,
                            45.684342509018435
                        ],
                        [
                            16.567725536515233,
                            45.69845536387998
                        ]
                    ]
                ]
            }
        },
        {
            "type": "Feature",
            "properties": {
                "population": 272,
                "longitude": 17.004660898166065,
                "latitude": 45.60800223781483,
                "BM": 241
            },
            "geometry": {
                "type": "Polygon",
                "coordinates": [
                    [
                        [
                            16.985384048457615,
                            45.614179227970652
                        ],
                        [
                            17.005405585217627,
                            45.630707845597755
                        ],
                        [
                            17.012720886829673,
                            45.630447668325964
                        ],
                        [
                            17.026923783125326,
                            45.606059915685897
                        ],
                        [
                            16.999411105204157,
                            45.58140442094377
                        ],
                        [
                            16.983885938104322,
                            45.608596994327208
                        ],
                        [
                            16.985384048457615,
                            45.614179227970652
                        ]
                    ]
                ]
            }
        },
        {
            "type": "Feature",
            "properties": {
                "population": 174,
                "longitude": 16.598567119101485,
                "latitude": 45.762728612430251,
                "BM": 242
            },
            "geometry": {
                "type": "Polygon",
                "coordinates": [
                    [
                        [
                            16.598307457729323,
                            45.783587851092221
                        ],
                        [
                            16.613265061914898,
                            45.768412508992348
                        ],
                        [
                            16.612091735893735,
                            45.762217726083584
                        ],
                        [
                            16.60886311200688,
                            45.756672105486118
                        ],
                        [
                            16.596034192998488,
                            45.741593689827042
                        ],
                        [
                            16.58338245394707,
                            45.759932899065689
                        ],
                        [
                            16.598307457729323,
                            45.783587851092221
                        ]
                    ]
                ]
            }
        },
        {
            "type": "Feature",
            "properties": {
                "population": 108,
                "longitude": 16.617320876388465,
                "latitude": 45.662341032322324,
                "BM": 243
            },
            "geometry": {
                "type": "Polygon",
                "coordinates": [
                    [
                        [
                            16.597630780378708,
                            45.672725602455124
                        ],
                        [
                            16.599663396296524,
                            45.673665483972691
                        ],
                        [
                            16.646178287178309,
                            45.672021632872195
                        ],
                        [
                            16.6129574535755,
                            45.642363478291969
                        ],
                        [
                            16.59824079384876,
                            45.66148897139422
                        ],
                        [
                            16.597630780378708,
                            45.672725602455124
                        ]
                    ]
                ]
            }
        },
        {
            "type": "Feature",
            "properties": {
                "population": 229,
                "longitude": 17.168630453522283,
                "latitude": 45.70250037041852,
                "BM": 244
            },
            "geometry": {
                "type": "Polygon",
                "coordinates": [
                    [
                        [
                            17.16896421132806,
                            45.710326714535839
                        ],
                        [
                            17.169664495054619,
                            45.699959908573916
                        ],
                        [
                            17.167262654184174,
                            45.697214488145796
                        ],
                        [
                            17.16896421132806,
                            45.710326714535839
                        ]
                    ]
                ]
            }
        },
        {
            "type": "Feature",
            "properties": {
                "population": 87,
                "longitude": 16.642214111495491,
                "latitude": 45.922958942332791,
                "BM": 245
            },
            "geometry": {
                "type": "Polygon",
                "coordinates": [
                    [
                        [
                            16.626815672035999,
                            45.93099957112404
                        ],
                        [
                            16.63079442118795,
                            45.937471389776846
                        ],
                        [
                            16.635899322014673,
                            45.937255236934654
                        ],
                        [
                            16.658785500836832,
                            45.924299974891241
                        ],
                        [
                            16.659514668045123,
                            45.918070614536155
                        ],
                        [
                            16.646388480605559,
                            45.907941650151194
                        ],
                        [
                            16.630685843581666,
                            45.917080422216195
                        ],
                        [
                            16.626815672035999,
                            45.93099957112404
                        ]
                    ]
                ]
            }
        },
        {
            "type": "Feature",
            "properties": {
                "population": 93,
                "longitude": 16.9775191475917,
                "latitude": 45.762352457121082,
                "BM": 246
            },
            "geometry": {
                "type": "Polygon",
                "coordinates": [
                    [
                        [
                            16.964784690235557,
                            45.777346969032784
                        ],
                        [
                            16.967012933126448,
                            45.779016137924955
                        ],
                        [
                            16.994579471819893,
                            45.77787820891723
                        ],
                        [
                            16.995419801488168,
                            45.77601417258866
                        ],
                        [
                            16.985690424396203,
                            45.741336301562804
                        ],
                        [
                            16.972185958651892,
                            45.741541338419609
                        ],
                        [
                            16.958743430510836,
                            45.768008090695147
                        ],
                        [
                            16.964784690235557,
                            45.777346969032784
                        ]
                    ]
                ]
            }
        },
        {
            "type": "Feature",
            "properties": {
                "population": 146,
                "longitude": 17.100957028470294,
                "latitude": 45.712832555195057,
                "BM": 247
            },
            "geometry": {
                "type": "Polygon",
                "coordinates": [
                    [
                        [
                            17.076054672810102,
                            45.719210970003353
                        ],
                        [
                            17.084786330957041,
                            45.732438902382363
                        ],
                        [
                            17.088921485704155,
                            45.737016054256173
                        ],
                        [
                            17.106858970708096,
                            45.738873407369383
                        ],
                        [
                            17.133239194548093,
                            45.715203271861867
                        ],
                        [
                            17.125393953960778,
                            45.695773789899363
                        ],
                        [
                            17.109741202327331,
                            45.690443131813318
                        ],
                        [
                            17.070606057671153,
                            45.696824289702725
                        ],
                        [
                            17.068822353265205,
                            45.701852210511753
                        ],
                        [
                            17.076054672810102,
                            45.719210970003353
                        ]
                    ]
                ]
            }
        },
        {
            "type": "Feature",
            "properties": {
                "population": 383,
                "longitude": 16.502395420213958,
                "latitude": 45.723680289229435,
                "BM": 248
            },
            "geometry": {
                "type": "Polygon",
                "coordinates": [
                    [
                        [
                            16.498307943436838,
                            45.745629132058347
                        ],
                        [
                            16.512102128801381,
                            45.737646069215025
                        ],
                        [
                            16.521273579462587,
                            45.712084154509157
                        ],
                        [
                            16.521765293875532,
                            45.706974244094184
                        ],
                        [
                            16.518925212473462,
                            45.704548323734095
                        ],
                        [
                            16.49081770290698,
                            45.708371092526527
                        ],
                        [
                            16.483679015043915,
                            45.737020578368259
                        ],
                        [
                            16.498307943436838,
                            45.745629132058347
                        ]
                    ]
                ]
            }
        },
        {
            "type": "Feature",
            "properties": {
                "population": 81,
                "longitude": 16.523315606595631,
                "latitude": 45.750613816889796,
                "BM": 249
            },
            "geometry": {
                "type": "Polygon",
                "coordinates": [
                    [
                        [
                            16.498307943436838,
                            45.745629132058347
                        ],
                        [
                            16.504913993447975,
                            45.760591576785203
                        ],
                        [
                            16.515934443783294,
                            45.767995092010473
                        ],
                        [
                            16.551193518856131,
                            45.75352119065154
                        ],
                        [
                            16.54110004065025,
                            45.738763294739314
                        ],
                        [
                            16.534578265608864,
                            45.737204972296531
                        ],
                        [
                            16.512102128801381,
                            45.737646069215025
                        ],
                        [
                            16.498307943436838,
                            45.745629132058347
                        ]
                    ]
                ]
            }
        },
        {
            "type": "Feature",
            "properties": {
                "population": 515,
                "longitude": 16.804164617943361,
                "latitude": 45.901416949579612,
                "BM": 250
            },
            "geometry": {
                "type": "Polygon",
                "coordinates": [
                    [
                        [
                            16.804684581804167,
                            45.920469616160453
                        ],
                        [
                            16.810131457232984,
                            45.915938761230038
                        ],
                        [
                            16.817677286733925,
                            45.896899997999853
                        ],
                        [
                            16.802356745927565,
                            45.884192155134919
                        ],
                        [
                            16.789633959027203,
                            45.898366031860299
                        ],
                        [
                            16.804684581804167,
                            45.920469616160453
                        ]
                    ]
                ]
            }
        },
        {
            "type": "Feature",
            "properties": {
                "population": 649,
                "longitude": 16.785589591242154,
                "latitude": 45.915036393696013,
                "BM": 251
            },
            "geometry": {
                "type": "Polygon",
                "coordinates": [
                    [
                        [
                            16.79825944967132,
                            45.931113468300225
                        ],
                        [
                            16.803872363163652,
                            45.926446334766702
                        ],
                        [
                            16.804684581804167,
                            45.920469616160453
                        ],
                        [
                            16.789633959027203,
                            45.898366031860299
                        ],
                        [
                            16.775467738467487,
                            45.898255625384792
                        ],
                        [
                            16.765455573398743,
                            45.922151579121916
                        ],
                        [
                            16.79825944967132,
                            45.931113468300225
                        ]
                    ]
                ]
            }
        },
        {
            "type": "Feature",
            "properties": {
                "population": 95,
                "longitude": 16.805499321048472,
                "latitude": 45.941165500431339,
                "BM": 252
            },
            "geometry": {
                "type": "Polygon",
                "coordinates": [
                    [
                        [
                            16.792787721252761,
                            45.949955485151435
                        ],
                        [
                            16.800699448391043,
                            45.955742982543931
                        ],
                        [
                            16.801531996660778,
                            45.95562393430972
                        ],
                        [
                            16.819084530824348,
                            45.943809492250665
                        ],
                        [
                            16.817283699171849,
                            45.933734128156772
                        ],
                        [
                            16.803872363163652,
                            45.926446334766702
                        ],
                        [
                            16.79825944967132,
                            45.931113468300225
                        ],
                        [
                            16.792787721252761,
                            45.949955485151435
                        ]
                    ]
                ]
            }
        },
        {
            "type": "Feature",
            "properties": {
                "population": 155,
                "longitude": 16.926735570556477,
                "latitude": 45.76660659675187,
                "BM": 253
            },
            "geometry": {
                "type": "Polygon",
                "coordinates": [
                    [
                        [
                            16.930236937344461,
                            45.783333582137281
                        ],
                        [
                            16.951173578351316,
                            45.765736869897204
                        ],
                        [
                            16.932667797034227,
                            45.751392196425556
                        ],
                        [
                            16.910730924178008,
                            45.755048670909957
                        ],
                        [
                            16.906237665574825,
                            45.774408832061894
                        ],
                        [
                            16.930236937344461,
                            45.783333582137281
                        ]
                    ]
                ]
            }
        },
        {
            "type": "Feature",
            "properties": {
                "population": 185,
                "longitude": 16.91548394728337,
                "latitude": 45.887411706787816,
                "BM": 254
            },
            "geometry": {
                "type": "Polygon",
                "coordinates": [
                    [
                        [
                            16.900297832867491,
                            45.882744032068906
                        ],
                        [
                            16.912250716145984,
                            45.901225536750573
                        ],
                        [
                            16.919719241210387,
                            45.904686560560911
                        ],
                        [
                            16.930469792439645,
                            45.880156178461661
                        ],
                        [
                            16.926313791943478,
                            45.87688346099128
                        ],
                        [
                            16.902071412467361,
                            45.876575002279296
                        ],
                        [
                            16.900297832867491,
                            45.882744032068906
                        ]
                    ]
                ]
            }
        },
        {
            "type": "Feature",
            "properties": {
                "population": 131,
                "longitude": 16.811894634952836,
                "latitude": 45.804746019018786,
                "BM": 255
            },
            "geometry": {
                "type": "Polygon",
                "coordinates": [
                    [
                        [
                            16.795958787873264,
                            45.815775085339837
                        ],
                        [
                            16.821515151185523,
                            45.816777717723738
                        ],
                        [
                            16.829664269577965,
                            45.802546636853691
                        ],
                        [
                            16.821859218244192,
                            45.790354826986089
                        ],
                        [
                            16.799853957624091,
                            45.795338972520923
                        ],
                        [
                            16.793604049960599,
                            45.813837619606154
                        ],
                        [
                            16.795958787873264,
                            45.815775085339837
                        ]
                    ]
                ]
            }
        },
        {
            "type": "Feature",
            "properties": {
                "population": 302,
                "longitude": 16.781598166250742,
                "latitude": 45.83698547955867,
                "BM": 256
            },
            "geometry": {
                "type": "Polygon",
                "coordinates": [
                    [
                        [
                            16.764467855865977,
                            45.855909534460075
                        ],
                        [
                            16.787421889108629,
                            45.857103442230184
                        ],
                        [
                            16.799743279113287,
                            45.84558576871455
                        ],
                        [
                            16.799950382698913,
                            45.833625586333632
                        ],
                        [
                            16.795958787873264,
                            45.815775085339837
                        ],
                        [
                            16.793604049960599,
                            45.813837619606154
                        ],
                        [
                            16.785108237548332,
                            45.814509895863388
                        ],
                        [
                            16.764003050379593,
                            45.827407012645843
                        ],
                        [
                            16.762348819904098,
                            45.854318758355575
                        ],
                        [
                            16.764467855865977,
                            45.855909534460075
                        ]
                    ]
                ]
            }
        },
        {
            "type": "Feature",
            "properties": {
                "population": 21,
                "longitude": 16.917016042502993,
                "latitude": 45.675772681001362,
                "BM": 257
            },
            "geometry": {
                "type": "Polygon",
                "coordinates": [
                    [
                        [
                            16.899105006047026,
                            45.679500222159014
                        ],
                        [
                            16.93327443339772,
                            45.686904304685882
                        ],
                        [
                            16.934955926213636,
                            45.679849827746793
                        ],
                        [
                            16.929660814027969,
                            45.670404038094297
                        ],
                        [
                            16.902753554782368,
                            45.664341900496915
                        ],
                        [
                            16.899105006047026,
                            45.679500222159014
                        ]
                    ]
                ]
            }
        },
        {
            "type": "Feature",
            "properties": {
                "population": 19,
                "longitude": 16.804017747801964,
                "latitude": 45.991778003191136,
                "BM": 258
            },
            "geometry": {
                "type": "Polygon",
                "coordinates": [
                    [
                        [
                            16.787643807521686,
                            45.996799723392137
                        ],
                        [
                            16.815708750934775,
                            46.000656800344728
                        ],
                        [
                            16.816385358824558,
                            45.999835920730852
                        ],
                        [
                            16.80908498535748,
                            45.978014362466077
                        ],
                        [
                            16.787457139286637,
                            45.995559163519701
                        ],
                        [
                            16.787643807521686,
                            45.996799723392137
                        ]
                    ]
                ]
            }
        },
        {
            "type": "Feature",
            "properties": {
                "population": 538,
                "longitude": 16.808315895419227,
                "latitude": 45.779590324565397,
                "BM": 259
            },
            "geometry": {
                "type": "Polygon",
                "coordinates": [
                    [
                        [
                            16.791756321686531,
                            45.782343176110729
                        ],
                        [
                            16.799853957624091,
                            45.795338972520923
                        ],
                        [
                            16.821859218244192,
                            45.790354826986089
                        ],
                        [
                            16.82388516407293,
                            45.777252282956013
                        ],
                        [
                            16.821414360009975,
                            45.768049189414647
                        ],
                        [
                            16.799948864568595,
                            45.763737526957101
                        ],
                        [
                            16.791756321686531,
                            45.782343176110729
                        ]
                    ]
                ]
            }
        },
        {
            "type": "Feature",
            "properties": {
                "population": 102,
                "longitude": 17.086170444206857,
                "latitude": 45.883389257414663,
                "BM": 260
            },
            "geometry": {
                "type": "Polygon",
                "coordinates": [
                    [
                        [
                            17.060573861923217,
                            45.859659629113253
                        ],
                        [
                            17.059415443470289,
                            45.899856782531813
                        ],
                        [
                            17.074618103496878,
                            45.911255219778404
                        ],
                        [
                            17.089036840141567,
                            45.911689193039564
                        ],
                        [
                            17.121470074377402,
                            45.891020071213923
                        ],
                        [
                            17.127064734922019,
                            45.881669977559916
                        ],
                        [
                            17.072240812238277,
                            45.851028145953926
                        ],
                        [
                            17.069935381182521,
                            45.850676779002363
                        ],
                        [
                            17.062209608224514,
                            45.856629752641155
                        ],
                        [
                            17.060573861923217,
                            45.859659629113253
                        ]
                    ]
                ]
            }
        },
        {
            "type": "Feature",
            "properties": {
                "population": 732,
                "longitude": 16.782588580708179,
                "latitude": 45.876914857034173,
                "BM": 261
            },
            "geometry": {
                "type": "Polygon",
                "coordinates": [
                    [
                        [
                            16.768051092319482,
                            45.888753139571897
                        ],
                        [
                            16.775467738467487,
                            45.898255625384792
                        ],
                        [
                            16.789633959027203,
                            45.898366031860299
                        ],
                        [
                            16.802356745927565,
                            45.884192155134919
                        ],
                        [
                            16.80372892762275,
                            45.875675533804099
                        ],
                        [
                            16.787421889108629,
                            45.857103442230184
                        ],
                        [
                            16.764467855865977,
                            45.855909534460075
                        ],
                        [
                            16.768051092319482,
                            45.888753139571897
                        ]
                    ]
                ]
            }
        },
        {
            "type": "Feature",
            "properties": {
                "population": 111,
                "longitude": 17.017521634563977,
                "latitude": 45.775730386259674,
                "BM": 262
            },
            "geometry": {
                "type": "Polygon",
                "coordinates": [
                    [
                        [
                            16.994579471819893,
                            45.77787820891723
                        ],
                        [
                            17.009739938762408,
                            45.799622988760539
                        ],
                        [
                            17.041247165067166,
                            45.777810924242964
                        ],
                        [
                            17.040885819388855,
                            45.776887705325315
                        ],
                        [
                            17.026050500406843,
                            45.754385115021549
                        ],
                        [
                            17.021154493046499,
                            45.751374280170346
                        ],
                        [
                            16.995419801488168,
                            45.77601417258866
                        ],
                        [
                            16.994579471819893,
                            45.77787820891723
                        ]
                    ]
                ]
            }
        },
        {
            "type": "Feature",
            "properties": {
                "population": 23,
                "longitude": 16.775896814657177,
                "latitude": 45.668904082202275,
                "BM": 263
            },
            "geometry": {
                "type": "Polygon",
                "coordinates": [
                    [
                        [
                            16.789918044555979,
                            45.698963659562367
                        ],
                        [
                            16.791788843898697,
                            45.697526196795003
                        ],
                        [
                            16.803232820993109,
                            45.68553447559681
                        ],
                        [
                            16.804352698006806,
                            45.672609281205517
                        ],
                        [
                            16.797961603283451,
                            45.659397175346662
                        ],
                        [
                            16.786806817933833,
                            45.65237921194791
                        ],
                        [
                            16.729266758834431,
                            45.648215633962501
                        ],
                        [
                            16.789918044555979,
                            45.698963659562367
                        ]
                    ]
                ]
            }
        },
        {
            "type": "Feature",
            "properties": {
                "population": 112,
                "longitude": 16.815570977818837,
                "latitude": 45.654789065829718,
                "BM": 264
            },
            "geometry": {
                "type": "Polygon",
                "coordinates": [
                    [
                        [
                            16.804352698006806,
                            45.672609281205517
                        ],
                        [
                            16.835502609436013,
                            45.65448377798306
                        ],
                        [
                            16.819211702957169,
                            45.635657226680316
                        ],
                        [
                            16.797961603283451,
                            45.659397175346662
                        ],
                        [
                            16.804352698006806,
                            45.672609281205517
                        ]
                    ]
                ]
            }
        },
        {
            "type": "Feature",
            "properties": {
                "population": 30,
                "longitude": 16.84868228764374,
                "latitude": 45.586334243827224,
                "BM": 265
            },
            "geometry": {
                "type": "Polygon",
                "coordinates": [
                    [
                        [
                            16.821779511118244,
                            45.601906890201491
                        ],
                        [
                            16.86449317476627,
                            45.613473959519965
                        ],
                        [
                            16.875583915532708,
                            45.596251069061488
                        ],
                        [
                            16.869158209920347,
                            45.566511086116193
                        ],
                        [
                            16.85302406203532,
                            45.55936170892609
                        ],
                        [
                            16.829996806703271,
                            45.565678718139146
                        ],
                        [
                            16.820878416064954,
                            45.584323648901652
                        ],
                        [
                            16.821779511118244,
                            45.601906890201491
                        ]
                    ]
                ]
            }
        },
        {
            "type": "Feature",
            "properties": {
                "population": 27,
                "longitude": 17.084952534050291,
                "latitude": 45.828265328271137,
                "BM": 266
            },
            "geometry": {
                "type": "Polygon",
                "coordinates": [
                    [
                        [
                            17.068318124122374,
                            45.826323141005425
                        ],
                        [
                            17.069935381182521,
                            45.850676779002363
                        ],
                        [
                            17.072240812238277,
                            45.851028145953926
                        ],
                        [
                            17.103544880719962,
                            45.832659374306381
                        ],
                        [
                            17.101952666089559,
                            45.81876718625805
                        ],
                        [
                            17.088860350829481,
                            45.804519460397529
                        ],
                        [
                            17.068318124122374,
                            45.826323141005425
                        ]
                    ]
                ]
            }
        },
        {
            "type": "Feature",
            "properties": {
                "population": 118,
                "longitude": 16.804725034031016,
                "latitude": 46.054511359884877,
                "BM": 267
            },
            "geometry": {
                "type": "Polygon",
                "coordinates": [
                    [
                        [
                            16.785716671707505,
                            46.060410764297529
                        ],
                        [
                            16.828219001129611,
                            46.070304376137429
                        ],
                        [
                            16.828838082968751,
                            46.061991951720941
                        ],
                        [
                            16.800701005009223,
                            46.036399424110037
                        ],
                        [
                            16.78886740060997,
                            46.041559573376077
                        ],
                        [
                            16.783102042167791,
                            46.057061940099068
                        ],
                        [
                            16.785716671707505,
                            46.060410764297529
                        ]
                    ]
                ]
            }
        },
        {
            "type": "Feature",
            "properties": {
                "population": 26,
                "longitude": 17.044057213836286,
                "latitude": 45.931391385961142,
                "BM": 268
            },
            "geometry": {
                "type": "Polygon",
                "coordinates": [
                    [
                        [
                            17.013808920169616,
                            45.950672549410669
                        ],
                        [
                            17.016200007106281,
                            45.957947789655137
                        ],
                        [
                            17.026586613845154,
                            45.959211271919564
                        ],
                        [
                            17.063059100471367,
                            45.941675495989628
                        ],
                        [
                            17.074618103496878,
                            45.911255219778404
                        ],
                        [
                            17.059415443470289,
                            45.899856782531813
                        ],
                        [
                            17.055586960983863,
                            45.900851495523135
                        ],
                        [
                            17.011949950352477,
                            45.94073000074917
                        ],
                        [
                            17.013808920169616,
                            45.950672549410669
                        ]
                    ]
                ]
            }
        },
        {
            "type": "Feature",
            "properties": {
                "population": 38,
                "longitude": 17.134113589289672,
                "latitude": 45.831594411391102,
                "BM": 269
            },
            "geometry": {
                "type": "Polygon",
                "coordinates": [
                    [
                        [
                            17.158955934721103,
                            45.853730467988356
                        ],
                        [
                            17.167958033003757,
                            45.843202455362146
                        ],
                        [
                            17.13527591836381,
                            45.811800121582188
                        ],
                        [
                            17.101952666089559,
                            45.81876718625805
                        ],
                        [
                            17.103544880719962,
                            45.832659374306381
                        ],
                        [
                            17.158955934721103,
                            45.853730467988356
                        ]
                    ]
                ]
            }
        },
        {
            "type": "Feature",
            "properties": {
                "population": 325,
                "longitude": 16.792976491300088,
                "latitude": 45.964087297041829,
                "BM": 270
            },
            "geometry": {
                "type": "Polygon",
                "coordinates": [
                    [
                        [
                            16.783651103396927,
                            45.977633600341875
                        ],
                        [
                            16.806305309213737,
                            45.970785066475472
                        ],
                        [
                            16.800699448391043,
                            45.955742982543931
                        ],
                        [
                            16.792787721252761,
                            45.949955485151435
                        ],
                        [
                            16.783625381727095,
                            45.954741610977166
                        ],
                        [
                            16.783651103396927,
                            45.977633600341875
                        ]
                    ]
                ]
            }
        },
        {
            "type": "Feature",
            "properties": {
                "population": 88,
                "longitude": 17.273654285797296,
                "latitude": 45.557148539527709,
                "BM": 271
            },
            "geometry": {
                "type": "Polygon",
                "coordinates": [
                    [
                        [
                            17.25403235794656,
                            45.568366738859311
                        ],
                        [
                            17.27189913866723,
                            45.590093269408605
                        ],
                        [
                            17.278046465743724,
                            45.593102327592064
                        ],
                        [
                            17.295615319420452,
                            45.516395987781856
                        ],
                        [
                            17.250856491634639,
                            45.55591582159169
                        ],
                        [
                            17.25403235794656,
                            45.568366738859311
                        ]
                    ]
                ]
            }
        },
        {
            "type": "Feature",
            "properties": {
                "population": 176,
                "longitude": 16.766470519056281,
                "latitude": 45.99504190244987,
                "BM": 272
            },
            "geometry": {
                "type": "Polygon",
                "coordinates": [
                    [
                        [
                            16.742871545853479,
                            45.998771574318582
                        ],
                        [
                            16.769450077981478,
                            46.013399769412246
                        ],
                        [
                            16.78517655354678,
                            46.002130853643429
                        ],
                        [
                            16.787643807521686,
                            45.996799723392137
                        ],
                        [
                            16.787457139286637,
                            45.995559163519701
                        ],
                        [
                            16.781443867501928,
                            45.982958686978968
                        ],
                        [
                            16.755843793148866,
                            45.978621511493522
                        ],
                        [
                            16.742871545853479,
                            45.998771574318582
                        ]
                    ]
                ]
            }
        },
        {
            "type": "Feature",
            "properties": {
                "population": 404,
                "longitude": 16.748187330660226,
                "latitude": 46.021237732140172,
                "BM": 273
            },
            "geometry": {
                "type": "Polygon",
                "coordinates": [
                    [
                        [
                            16.734167629648447,
                            46.003073949783413
                        ],
                        [
                            16.729875762675746,
                            46.030594311964435
                        ],
                        [
                            16.740831036586812,
                            46.043841613058632
                        ],
                        [
                            16.741706015660604,
                            46.044119779779862
                        ],
                        [
                            16.747593031361923,
                            46.043056813437175
                        ],
                        [
                            16.769823481850842,
                            46.025659753505415
                        ],
                        [
                            16.769450077981478,
                            46.013399769412246
                        ],
                        [
                            16.742871545853479,
                            45.998771574318582
                        ],
                        [
                            16.736853488812464,
                            46.000631386793096
                        ],
                        [
                            16.734167629648447,
                            46.003073949783413
                        ]
                    ]
                ]
            }
        },
        {
            "type": "Feature",
            "properties": {
                "population": 70,
                "longitude": 17.053024028878358,
                "latitude": 45.572621879632671,
                "BM": 274
            },
            "geometry": {
                "type": "Polygon",
                "coordinates": [
                    [
                        [
                            17.042412913854903,
                            45.591814578271922
                        ],
                        [
                            17.071683911807849,
                            45.585420680710293
                        ],
                        [
                            17.058736289012714,
                            45.546247545778542
                        ],
                        [
                            17.034384315743075,
                            45.570195218114463
                        ],
                        [
                            17.042412913854903,
                            45.591814578271922
                        ]
                    ]
                ]
            }
        },
        {
            "type": "Feature",
            "properties": {
                "population": 481,
                "longitude": 17.159977880641691,
                "latitude": 45.63782372359249,
                "BM": 275
            },
            "geometry": {
                "type": "Polygon",
                "coordinates": [
                    [
                        [
                            17.138374203352242,
                            45.653749063276166
                        ],
                        [
                            17.183858784642794,
                            45.646100028143223
                        ],
                        [
                            17.183944206137671,
                            45.636558017341009
                        ],
                        [
                            17.154099379438083,
                            45.615738478334869
                        ],
                        [
                            17.136101256033019,
                            45.651524985720584
                        ],
                        [
                            17.138374203352242,
                            45.653749063276166
                        ]
                    ]
                ]
            }
        },
        {
            "type": "Feature",
            "properties": {
                "population": 24,
                "longitude": 16.898016849286567,
                "latitude": 45.710696283535825,
                "BM": 276
            },
            "geometry": {
                "type": "Polygon",
                "coordinates": [
                    [
                        [
                            16.897832765931614,
                            45.737248662494693
                        ],
                        [
                            16.91750060013678,
                            45.71325483743388
                        ],
                        [
                            16.916872853988743,
                            45.707313570915204
                        ],
                        [
                            16.891731796066971,
                            45.69046203147694
                        ],
                        [
                            16.877682005685717,
                            45.694807480414738
                        ],
                        [
                            16.897832765931614,
                            45.737248662494693
                        ]
                    ]
                ]
            }
        },
        {
            "type": "Feature",
            "properties": {
                "population": 80,
                "longitude": 17.284983965560691,
                "latitude": 45.689931384603149,
                "BM": 277
            },
            "geometry": {
                "type": "Polygon",
                "coordinates": [
                    [
                        [
                            17.264229613384803,
                            45.699718266286915
                        ],
                        [
                            17.283537508631778,
                            45.71768317001014
                        ],
                        [
                            17.304876887895322,
                            45.709566973041618
                        ],
                        [
                            17.303879270891596,
                            45.668286947296608
                        ],
                        [
                            17.268495238303451,
                            45.66659048507146
                        ],
                        [
                            17.262596804003344,
                            45.684108919387562
                        ],
                        [
                            17.264229613384803,
                            45.699718266286915
                        ]
                    ]
                ]
            }
        },
        {
            "type": "Feature",
            "properties": {
                "population": 46,
                "longitude": 16.772111102991776,
                "latitude": 45.969280819242762,
                "BM": 278
            },
            "geometry": {
                "type": "Polygon",
                "coordinates": [
                    [
                        [
                            16.755843793148866,
                            45.978621511493522
                        ],
                        [
                            16.781443867501928,
                            45.982958686978968
                        ],
                        [
                            16.783651103396927,
                            45.977633600341875
                        ],
                        [
                            16.783625381727095,
                            45.954741610977166
                        ],
                        [
                            16.774569344618882,
                            45.952616792791495
                        ],
                        [
                            16.754814837811715,
                            45.972563806111225
                        ],
                        [
                            16.755843793148866,
                            45.978621511493522
                        ]
                    ]
                ]
            }
        },
        {
            "type": "Feature",
            "properties": {
                "population": 975,
                "longitude": 16.778423422728579,
                "latitude": 45.937783938942381,
                "BM": 279
            },
            "geometry": {
                "type": "Polygon",
                "coordinates": [
                    [
                        [
                            16.758870855929136,
                            45.934686542205085
                        ],
                        [
                            16.774569344618882,
                            45.952616792791495
                        ],
                        [
                            16.783625381727095,
                            45.954741610977166
                        ],
                        [
                            16.792787721252761,
                            45.949955485151435
                        ],
                        [
                            16.79825944967132,
                            45.931113468300225
                        ],
                        [
                            16.765455573398743,
                            45.922151579121916
                        ],
                        [
                            16.759907097450611,
                            45.925942299461653
                        ],
                        [
                            16.758870855929136,
                            45.934686542205085
                        ]
                    ]
                ]
            }
        },
        {
            "type": "Feature",
            "properties": {
                "population": 104,
                "longitude": 16.748323980627646,
                "latitude": 45.688656244583328,
                "BM": 280
            },
            "geometry": {
                "type": "Polygon",
                "coordinates": [
                    [
                        [
                            16.712181952025539,
                            45.657176866705342
                        ],
                        [
                            16.736613182824989,
                            45.714947307367815
                        ],
                        [
                            16.753102432131467,
                            45.726136416733794
                        ],
                        [
                            16.781324840738851,
                            45.710931761022749
                        ],
                        [
                            16.789347597184268,
                            45.701342089135821
                        ],
                        [
                            16.789918044555979,
                            45.698963659562367
                        ],
                        [
                            16.729266758834431,
                            45.648215633962501
                        ],
                        [
                            16.725003078259899,
                            45.646402183544673
                        ],
                        [
                            16.716647766895626,
                            45.652156639027162
                        ],
                        [
                            16.712181952025539,
                            45.657176866705342
                        ]
                    ]
                ]
            }
        },
        {
            "type": "Feature",
            "properties": {
                "population": 49,
                "longitude": 16.768633434249928,
                "latitude": 45.808183342120863,
                "BM": 281
            },
            "geometry": {
                "type": "Polygon",
                "coordinates": [
                    [
                        [
                            16.756048126859518,
                            45.818526759624149
                        ],
                        [
                            16.764003050379593,
                            45.827407012645843
                        ],
                        [
                            16.785108237548332,
                            45.814509895863388
                        ],
                        [
                            16.771823247811767,
                            45.788959267804017
                        ],
                        [
                            16.760635429901676,
                            45.790177874651818
                        ],
                        [
                            16.756048126859518,
                            45.818526759624149
                        ]
                    ]
                ]
            }
        },
        {
            "type": "Feature",
            "properties": {
                "population": 328,
                "longitude": 16.743180831645354,
                "latitude": 45.929686723012111,
                "BM": 282
            },
            "geometry": {
                "type": "Polygon",
                "coordinates": [
                    [
                        [
                            16.724643920420004,
                            45.934346407696715
                        ],
                        [
                            16.747571862497782,
                            45.94504953651348
                        ],
                        [
                            16.758870855929136,
                            45.934686542205085
                        ],
                        [
                            16.759907097450611,
                            45.925942299461653
                        ],
                        [
                            16.737849313037508,
                            45.912488235054923
                        ],
                        [
                            16.724643920420004,
                            45.934346407696715
                        ]
                    ]
                ]
            }
        },
        {
            "type": "Feature",
            "properties": {
                "population": 289,
                "longitude": 16.719154740594611,
                "latitude": 45.920333008775032,
                "BM": 283
            },
            "geometry": {
                "type": "Polygon",
                "coordinates": [
                    [
                        [
                            16.701765236061327,
                            45.928038356627674
                        ],
                        [
                            16.707183590535365,
                            45.937374125308175
                        ],
                        [
                            16.711227465937483,
                            45.941228808046098
                        ],
                        [
                            16.724643920420004,
                            45.934346407696715
                        ],
                        [
                            16.737849313037508,
                            45.912488235054923
                        ],
                        [
                            16.732458942409121,
                            45.901422339643041
                        ],
                        [
                            16.729665376504435,
                            45.899164743238877
                        ],
                        [
                            16.703717466507353,
                            45.915553076445832
                        ],
                        [
                            16.701765236061327,
                            45.928038356627674
                        ]
                    ]
                ]
            }
        },
        {
            "type": "Feature",
            "properties": {
                "population": 94,
                "longitude": 16.747999949772964,
                "latitude": 45.763984056665656,
                "BM": 284
            },
            "geometry": {
                "type": "Polygon",
                "coordinates": [
                    [
                        [
                            16.739197600862756,
                            45.782438477073455
                        ],
                        [
                            16.751760183730607,
                            45.78345026996687
                        ],
                        [
                            16.76794350700337,
                            45.753826040484952
                        ],
                        [
                            16.755148288683795,
                            45.741656994630716
                        ],
                        [
                            16.72583064799586,
                            45.766920700080632
                        ],
                        [
                            16.739197600862756,
                            45.782438477073455
                        ]
                    ]
                ]
            }
        },
        {
            "type": "Feature",
            "properties": {
                "population": 223,
                "longitude": 16.74682038072244,
                "latitude": 45.799981122697616,
                "BM": 285
            },
            "geometry": {
                "type": "Polygon",
                "coordinates": [
                    [
                        [
                            16.73440705913519,
                            45.812572237336383
                        ],
                        [
                            16.756048126859518,
                            45.818526759624149
                        ],
                        [
                            16.760635429901676,
                            45.790177874651818
                        ],
                        [
                            16.751760183730607,
                            45.78345026996687
                        ],
                        [
                            16.739197600862756,
                            45.782438477073455
                        ],
                        [
                            16.732752976953218,
                            45.80214775131784
                        ],
                        [
                            16.73440705913519,
                            45.812572237336383
                        ]
                    ]
                ]
            }
        },
        {
            "type": "Feature",
            "properties": {
                "population": 52,
                "longitude": 16.730285576054737,
                "latitude": 45.7427742772825,
                "BM": 286
            },
            "geometry": {
                "type": "Polygon",
                "coordinates": [
                    [
                        [
                            16.70646613813669,
                            45.763761727302693
                        ],
                        [
                            16.72583064799586,
                            45.766920700080632
                        ],
                        [
                            16.755148288683795,
                            45.741656994630716
                        ],
                        [
                            16.753102432131467,
                            45.726136416733794
                        ],
                        [
                            16.736613182824989,
                            45.714947307367815
                        ],
                        [
                            16.717633879125287,
                            45.732774421481338
                        ],
                        [
                            16.701740632538744,
                            45.761065756149272
                        ],
                        [
                            16.70646613813669,
                            45.763761727302693
                        ]
                    ]
                ]
            }
        },
        {
            "type": "Feature",
            "properties": {
                "population": 71,
                "longitude": 17.011836710455938,
                "latitude": 45.513043330822249,
                "BM": 287
            },
            "geometry": {
                "type": "Polygon",
                "coordinates": [
                    [
                        [
                            16.980708341654381,
                            45.521962336085579
                        ],
                        [
                            17.003450377756753,
                            45.536056353978509
                        ],
                        [
                            17.037330167567809,
                            45.510386130608929
                        ],
                        [
                            17.030128272760475,
                            45.490056399854346
                        ],
                        [
                            17.025207656222136,
                            45.487925074527872
                        ],
                        [
                            16.98093978441549,
                            45.521377110224101
                        ],
                        [
                            16.980708341654381,
                            45.521962336085579
                        ]
                    ]
                ]
            }
        },
        {
            "type": "Feature",
            "properties": {
                "population": 65,
                "longitude": 16.818266242916263,
                "latitude": 45.698561585790934,
                "BM": 288
            },
            "geometry": {
                "type": "Polygon",
                "coordinates": [
                    [
                        [
                            16.836558880800201,
                            45.715041314008836
                        ],
                        [
                            16.838912678892207,
                            45.697688290884784
                        ],
                        [
                            16.823967774027984,
                            45.688550220109342
                        ],
                        [
                            16.803232820993109,
                            45.68553447559681
                        ],
                        [
                            16.791788843898697,
                            45.697526196795003
                        ],
                        [
                            16.836558880800201,
                            45.715041314008836
                        ]
                    ]
                ]
            }
        },
        {
            "type": "Feature",
            "properties": {
                "population": 314,
                "longitude": 16.738834720125237,
                "latitude": 45.976837209805616,
                "BM": 289
            },
            "geometry": {
                "type": "Polygon",
                "coordinates": [
                    [
                        [
                            16.736853488812464,
                            46.000631386793096
                        ],
                        [
                            16.742871545853479,
                            45.998771574318582
                        ],
                        [
                            16.755843793148866,
                            45.978621511493522
                        ],
                        [
                            16.754814837811715,
                            45.972563806111225
                        ],
                        [
                            16.742842966346842,
                            45.958604606778657
                        ],
                        [
                            16.719426324832501,
                            45.962625470074968
                        ],
                        [
                            16.736853488812464,
                            46.000631386793096
                        ]
                    ]
                ]
            }
        },
        {
            "type": "Feature",
            "properties": {
                "population": 52,
                "longitude": 16.730285576054737,
                "latitude": 45.7427742772825,
                "BM": 290
            },
            "geometry": {
                "type": "Polygon",
                "coordinates": [
                    [
                        [
                            16.70646613813669,
                            45.763761727302693
                        ],
                        [
                            16.72583064799586,
                            45.766920700080632
                        ],
                        [
                            16.755148288683795,
                            45.741656994630716
                        ],
                        [
                            16.753102432131467,
                            45.726136416733794
                        ],
                        [
                            16.736613182824989,
                            45.714947307367815
                        ],
                        [
                            16.717633879125287,
                            45.732774421481338
                        ],
                        [
                            16.701740632538744,
                            45.761065756149272
                        ],
                        [
                            16.70646613813669,
                            45.763761727302693
                        ]
                    ]
                ]
            }
        },
        {
            "type": "Feature",
            "properties": {
                "population": 77,
                "longitude": 16.887583635688042,
                "latitude": 46.016941733210139,
                "BM": 291
            },
            "geometry": {
                "type": "Polygon",
                "coordinates": [
                    [
                        [
                            16.892413156689624,
                            46.041654355900057
                        ],
                        [
                            16.896905253385341,
                            46.03010722742647
                        ],
                        [
                            16.891142388793948,
                            45.996392248420605
                        ],
                        [
                            16.876972842911023,
                            46.004802017929869
                        ],
                        [
                            16.874852777050343,
                            46.007810290622302
                        ],
                        [
                            16.891295058460969,
                            46.040930904358021
                        ],
                        [
                            16.892413156689624,
                            46.041654355900057
                        ]
                    ]
                ]
            }
        },
        {
            "type": "Feature",
            "properties": {
                "population": 122,
                "longitude": 17.453110530272635,
                "latitude": 45.658656678103696,
                "BM": 292
            },
            "geometry": {
                "type": "Polygon",
                "coordinates": [
                    [
                        [
                            17.401557022757242,
                            45.687470022813891
                        ],
                        [
                            17.459787892460014,
                            45.680833431052797
                        ],
                        [
                            17.476471266658262,
                            45.66492470728776
                        ],
                        [
                            17.480548900690682,
                            45.65656759914075
                        ],
                        [
                            17.48312963343389,
                            45.627987084707513
                        ],
                        [
                            17.478723604122617,
                            45.615889075450582
                        ],
                        [
                            17.401557022757242,
                            45.687470022813891
                        ]
                    ]
                ]
            }
        },
        {
            "type": "Feature",
            "properties": {
                "population": 902,
                "longitude": 16.727754303346376,
                "latitude": 45.949242267868769,
                "BM": 293
            },
            "geometry": {
                "type": "Polygon",
                "coordinates": [
                    [
                        [
                            16.713430290650066,
                            45.960133194804591
                        ],
                        [
                            16.719426324832501,
                            45.962625470074968
                        ],
                        [
                            16.742842966346842,
                            45.958604606778657
                        ],
                        [
                            16.747571862497782,
                            45.94504953651348
                        ],
                        [
                            16.724643920420004,
                            45.934346407696715
                        ],
                        [
                            16.711227465937483,
                            45.941228808046098
                        ],
                        [
                            16.713430290650066,
                            45.960133194804591
                        ]
                    ]
                ]
            }
        },
        {
            "type": "Feature",
            "properties": {
                "population": 101,
                "longitude": 17.059307013437738,
                "latitude": 45.602800866964898,
                "BM": 294
            },
            "geometry": {
                "type": "Polygon",
                "coordinates": [
                    [
                        [
                            17.034732700065209,
                            45.60438842287224
                        ],
                        [
                            17.05909160401481,
                            45.626115234516838
                        ],
                        [
                            17.084868551326558,
                            45.595397199127646
                        ],
                        [
                            17.071683911807849,
                            45.585420680710293
                        ],
                        [
                            17.042412913854903,
                            45.591814578271922
                        ],
                        [
                            17.034732700065209,
                            45.60438842287224
                        ]
                    ]
                ]
            }
        },
        {
            "type": "Feature",
            "properties": {
                "population": 209,
                "longitude": 16.903491657989338,
                "latitude": 45.97951956379228,
                "BM": 295
            },
            "geometry": {
                "type": "Polygon",
                "coordinates": [
                    [
                        [
                            16.892530828925246,
                            45.992013004746433
                        ],
                        [
                            16.916038715880887,
                            45.983218127408172
                        ],
                        [
                            16.909172090658842,
                            45.96299740547888
                        ],
                        [
                            16.889814280896793,
                            45.984409609271147
                        ],
                        [
                            16.892530828925246,
                            45.992013004746433
                        ]
                    ]
                ]
            }
        },
        {
            "type": "Feature",
            "properties": {
                "population": 91,
                "longitude": 16.718418280003082,
                "latitude": 45.86165067033901,
                "BM": 296
            },
            "geometry": {
                "type": "Polygon",
                "coordinates": [
                    [
                        [
                            16.69463966634796,
                            45.861613844460756
                        ],
                        [
                            16.700138421386743,
                            45.875054898691189
                        ],
                        [
                            16.725371703661086,
                            45.885537626675983
                        ],
                        [
                            16.747798533626511,
                            45.856942705979442
                        ],
                        [
                            16.721677487401873,
                            45.841204617582235
                        ],
                        [
                            16.695763068324084,
                            45.846733270803156
                        ],
                        [
                            16.69463966634796,
                            45.861613844460756
                        ]
                    ]
                ]
            }
        },
        {
            "type": "Feature",
            "properties": {
                "population": 138,
                "longitude": 16.914611780040762,
                "latitude": 45.633996368305731,
                "BM": 297
            },
            "geometry": {
                "type": "Polygon",
                "coordinates": [
                    [
                        [
                            16.896823147505035,
                            45.646406073801401
                        ],
                        [
                            16.92518913858612,
                            45.648677345902286
                        ],
                        [
                            16.929297793262712,
                            45.61805218797857
                        ],
                        [
                            16.922504254396788,
                            45.612896038810639
                        ],
                        [
                            16.894736571715882,
                            45.638690838432794
                        ],
                        [
                            16.895800096422647,
                            45.645231919704472
                        ],
                        [
                            16.896823147505035,
                            45.646406073801401
                        ]
                    ]
                ]
            }
        },
        {
            "type": "Feature",
            "properties": {
                "population": 162,
                "longitude": 17.21510997563599,
                "latitude": 45.674919349940552,
                "BM": 298
            },
            "geometry": {
                "type": "Polygon",
                "coordinates": [
                    [
                        [
                            17.193957925455042,
                            45.679003051785571
                        ],
                        [
                            17.222455329230286,
                            45.700980170964243
                        ],
                        [
                            17.22306760777391,
                            45.700556386114172
                        ],
                        [
                            17.235055206748132,
                            45.67454382300965
                        ],
                        [
                            17.235475083656873,
                            45.662180399428543
                        ],
                        [
                            17.233348842803856,
                            45.659573257661052
                        ],
                        [
                            17.207698448680638,
                            45.657028634087247
                        ],
                        [
                            17.194174523156068,
                            45.663235536095364
                        ],
                        [
                            17.191864108451583,
                            45.672470574813865
                        ],
                        [
                            17.193957925455042,
                            45.679003051785571
                        ]
                    ]
                ]
            }
        },
        {
            "type": "Feature",
            "properties": {
                "population": 76,
                "longitude": 16.919171096346453,
                "latitude": 45.792700166770821,
                "BM": 299
            },
            "geometry": {
                "type": "Polygon",
                "coordinates": [
                    [
                        [
                            16.907507039403022,
                            45.79877106880182
                        ],
                        [
                            16.923606250244848,
                            45.811274274492504
                        ],
                        [
                            16.929118184679268,
                            45.810809897847108
                        ],
                        [
                            16.935453554657713,
                            45.802135984358721
                        ],
                        [
                            16.936133078897853,
                            45.799699876644091
                        ],
                        [
                            16.930236937344461,
                            45.783333582137281
                        ],
                        [
                            16.906237665574825,
                            45.774408832061894
                        ],
                        [
                            16.901361491253841,
                            45.78087826862361
                        ],
                        [
                            16.907507039403022,
                            45.79877106880182
                        ]
                    ]
                ]
            }
        },
        {
            "type": "Feature",
            "properties": {
                "population": 192,
                "longitude": 16.928754916141312,
                "latitude": 45.829092920555603,
                "BM": 300
            },
            "geometry": {
                "type": "Polygon",
                "coordinates": [
                    [
                        [
                            16.918383911243126,
                            45.843463187676193
                        ],
                        [
                            16.946659542533727,
                            45.83897849384654
                        ],
                        [
                            16.948307509012793,
                            45.831721607049062
                        ],
                        [
                            16.929118184679268,
                            45.810809897847108
                        ],
                        [
                            16.923606250244848,
                            45.811274274492504
                        ],
                        [
                            16.910430022929365,
                            45.831222221447618
                        ],
                        [
                            16.918383911243126,
                            45.843463187676193
                        ]
                    ]
                ]
            }
        },
        {
            "type": "Feature",
            "properties": {
                "population": 71,
                "longitude": 17.011836710455938,
                "latitude": 45.513043330822249,
                "BM": 301
            },
            "geometry": {
                "type": "Polygon",
                "coordinates": [
                    [
                        [
                            16.980708341654381,
                            45.521962336085579
                        ],
                        [
                            17.003450377756753,
                            45.536056353978509
                        ],
                        [
                            17.037330167567809,
                            45.510386130608929
                        ],
                        [
                            17.030128272760475,
                            45.490056399854346
                        ],
                        [
                            17.025207656222136,
                            45.487925074527872
                        ],
                        [
                            16.98093978441549,
                            45.521377110224101
                        ],
                        [
                            16.980708341654381,
                            45.521962336085579
                        ]
                    ]
                ]
            }
        }
    ]
}