{
"type": "FeatureCollection",
"name": "zupanija_graph_13",
"crs": { "type": "name", "properties": { "name": "urn:ogc:def:crs:EPSG::3765" } },
"features": [
{ "type": "Feature", "properties": { "BM": 3810, "longitude": 16.962390006154678, "latitude": 45.342885223241574, "population": 1172 }, "geometry": { "type": "Polygon", "coordinates": [ [ [ 16.944193344183645, 45.337724683954427 ], [ 16.972665865493333, 45.356922086149716 ], [ 16.972638843567758, 45.338136741367919 ], [ 16.959656159367455, 45.333854557901262 ], [ 16.944193344183645, 45.337724683954427 ] ] ] } },
{ "type": "Feature", "properties": { "BM": 3811, "longitude": 16.983746919550619, "latitude": 45.332359313572532, "population": 1156 }, "geometry": { "type": "Polygon", "coordinates": [ [ [ 16.981625605927295, 45.318443263413073 ], [ 16.973058310556574, 45.337782938617011 ], [ 16.995826079732321, 45.342411510507851 ], [ 16.982631925271988, 45.317348589882769 ], [ 16.981625605927295, 45.318443263413073 ] ] ] } },
{ "type": "Feature", "properties": { "BM": 3812, "longitude": 16.989281212416689, "latitude": 45.354565415889368, "population": 1007 }, "geometry": { "type": "Polygon", "coordinates": [ [ [ 16.980834649824168, 45.366436028761022 ], [ 17.009755487024979, 45.368526491772471 ], [ 17.011967559095922, 45.365908213493135 ], [ 16.995826079732321, 45.342411510507851 ], [ 16.973058310556574, 45.337782938617011 ], [ 16.972638843567758, 45.338136741367919 ], [ 16.972665865493333, 45.356922086149716 ], [ 16.980834649824168, 45.366436028761022 ] ] ] } },
{ "type": "Feature", "properties": { "BM": 3829, "longitude": 17.052390101513847, "latitude": 45.381445041294143, "population": 669 }, "geometry": { "type": "Polygon", "coordinates": [ [ [ 17.009311224135878, 45.374757689144566 ], [ 17.069261749586641, 45.420487157009234 ], [ 17.089538674611568, 45.3663829379405 ], [ 17.088777587142619, 45.366054735445793 ], [ 17.053735384383923, 45.357776859414649 ], [ 17.030707924231109, 45.358813166884175 ], [ 17.019182837597263, 45.361747624135049 ], [ 17.011967559095922, 45.365908213493135 ], [ 17.009755487024979, 45.368526491772471 ], [ 17.009311224135878, 45.374757689144566 ] ] ] } },
{ "type": "Feature", "properties": { "BM": 3783, "longitude": 16.978472749624469, "latitude": 45.394852152109095, "population": 300 }, "geometry": { "type": "Polygon", "coordinates": [ [ [ 16.941470178054136, 45.39742798638364 ], [ 16.975738117819976, 45.42972831562777 ], [ 16.984124974819263, 45.428970629428868 ], [ 17.005391873033179, 45.400597554089885 ], [ 17.009311224135878, 45.374757689144566 ], [ 17.009755487024979, 45.368526491772471 ], [ 16.980834649824168, 45.366436028761022 ], [ 16.946111745636788, 45.384990700065416 ], [ 16.941470178054136, 45.39742798638364 ] ] ] } },
{ "type": "Feature", "properties": { "BM": 3787, "longitude": 16.952331653456248, "latitude": 45.359814965480389, "population": 697 }, "geometry": { "type": "Polygon", "coordinates": [ [ [ 16.929640494563603, 45.340931614126006 ], [ 16.946111745636788, 45.384990700065416 ], [ 16.980834649824168, 45.366436028761022 ], [ 16.972665865493333, 45.356922086149716 ], [ 16.944193344183645, 45.337724683954427 ], [ 16.942525069068946, 45.337354575558287 ], [ 16.92961317890575, 45.33783048841137 ], [ 16.929640494563603, 45.340931614126006 ] ] ] } },
{ "type": "Feature", "properties": { "BM": 3794, "longitude": 16.967889222372921, "latitude": 45.318630589717976, "population": 283 }, "geometry": { "type": "Polygon", "coordinates": [ [ [ 16.981625605927295, 45.318443263413073 ], [ 16.982631925271988, 45.317348589882769 ], [ 16.983077351870946, 45.293430197945312 ], [ 16.942525069068946, 45.337354575558287 ], [ 16.944193344183645, 45.337724683954427 ], [ 16.959656159367455, 45.333854557901262 ], [ 16.981625605927295, 45.318443263413073 ] ] ] } },
{ "type": "Feature", "properties": { "BM": 3795, "longitude": 16.971382728106715, "latitude": 45.330167089539408, "population": 953 }, "geometry": { "type": "Polygon", "coordinates": [ [ [ 16.959656159367455, 45.333854557901262 ], [ 16.972638843567758, 45.338136741367919 ], [ 16.973058310556574, 45.337782938617011 ], [ 16.981625605927295, 45.318443263413073 ], [ 16.959656159367455, 45.333854557901262 ] ] ] } },
{ "type": "Feature", "properties": { "BM": 3802, "longitude": 17.000047505790523, "latitude": 45.318874119249855, "population": 321 }, "geometry": { "type": "Polygon", "coordinates": [ [ [ 16.983077351870946, 45.293430197945312 ], [ 16.982631925271988, 45.317348589882769 ], [ 16.995826079732321, 45.342411510507851 ], [ 17.011967559095922, 45.365908213493135 ], [ 17.019182837597263, 45.361747624135049 ], [ 17.004785913890274, 45.281011927170596 ], [ 16.994210195724332, 45.279173358271443 ], [ 16.98443072348098, 45.286716023756405 ], [ 16.983077351870946, 45.293430197945312 ] ] ] } },
{ "type": "Feature", "properties": { "BM": 3754, "longitude": 16.944542149041638, "latitude": 45.309211000545972, "population": 705 }, "geometry": { "type": "Polygon", "coordinates": [ [ [ 16.909013998417112, 45.314145731013809 ], [ 16.92961317890575, 45.33783048841137 ], [ 16.942525069068946, 45.337354575558287 ], [ 16.983077351870946, 45.293430197945312 ], [ 16.98443072348098, 45.286716023756405 ], [ 16.935210544154305, 45.288733006179299 ], [ 16.909013998417112, 45.314145731013809 ] ] ] } },
{ "type": "Feature", "properties": { "BM": 3769, "longitude": 16.943747423151212, "latitude": 45.425117925237977, "population": 295 }, "geometry": { "type": "Polygon", "coordinates": [ [ [ 16.925213111327981, 45.401852501156576 ], [ 16.918053142313571, 45.441087349907427 ], [ 16.959694109694528, 45.447802378850326 ], [ 16.975738117819976, 45.42972831562777 ], [ 16.941470178054136, 45.39742798638364 ], [ 16.925213111327981, 45.401852501156576 ] ] ] } },
{ "type": "Feature", "properties": { "BM": 3719, "longitude": 16.952393977681101, "latitude": 45.226793912818998, "population": 202 }, "geometry": { "type": "Polygon", "coordinates": [ [ [ 16.924816679856381, 45.193980419452842 ], [ 16.930036226263713, 45.259767209919552 ], [ 16.935210544154305, 45.288733006179299 ], [ 16.98443072348098, 45.286716023756405 ], [ 16.994210195724332, 45.279173358271443 ], [ 16.939673282510569, 45.121740888228864 ], [ 16.924816679856381, 45.193980419452842 ] ] ] } },
{ "type": "Feature", "properties": { "BM": 3721, "longitude": 16.907486828920536, "latitude": 45.420640804626544, "population": 207 }, "geometry": { "type": "Polygon", "coordinates": [ [ [ 16.87926429197945, 45.421404867077442 ], [ 16.91704463832744, 45.44192361002051 ], [ 16.918053142313571, 45.441087349907427 ], [ 16.925213111327981, 45.401852501156576 ], [ 16.920566686710007, 45.400312039206042 ], [ 16.880283202761479, 45.420821258554867 ], [ 16.87926429197945, 45.421404867077442 ] ] ] } },
{ "type": "Feature", "properties": { "BM": 3724, "longitude": 16.911846974264375, "latitude": 45.24266198511679, "population": 125 }, "geometry": { "type": "Polygon", "coordinates": [ [ [ 16.885398778216594, 45.274218174536536 ], [ 16.930036226263713, 45.259767209919552 ], [ 16.924816679856381, 45.193980419452842 ], [ 16.887708199211311, 45.259948278468663 ], [ 16.885398778216594, 45.274218174536536 ] ] ] } },
{ "type": "Feature", "properties": { "BM": 3736, "longitude": 16.925965197984517, "latitude": 45.376735440940088, "population": 547 }, "geometry": { "type": "Polygon", "coordinates": [ [ [ 16.920566686710007, 45.400312039206042 ], [ 16.925213111327981, 45.401852501156576 ], [ 16.941470178054136, 45.39742798638364 ], [ 16.946111745636788, 45.384990700065416 ], [ 16.929640494563603, 45.340931614126006 ], [ 16.901865272040336, 45.380701777607889 ], [ 16.920566686710007, 45.400312039206042 ] ] ] } },
{ "type": "Feature", "properties": { "BM": 3683, "longitude": 17.015117323786985, "latitude": 45.126971125829783, "population": 28 }, "geometry": { "type": "Polygon", "coordinates": [ [ [ 17.08266074403674, 45.121962270239145 ], [ 16.99094001911595, 44.90835298120102 ], [ 16.939377182997347, 45.114409008822818 ], [ 16.939673282510569, 45.121740888228864 ], [ 16.994210195724332, 45.279173358271443 ], [ 17.004785913890274, 45.281011927170596 ], [ 17.031660526551647, 45.278606777543807 ], [ 17.045588824578111, 45.274650694360709 ], [ 17.053270336468994, 45.27030699332883 ], [ 17.076879453503121, 45.249877426226533 ], [ 17.093526195339365, 45.226516309247337 ], [ 17.093549365292578, 45.197311420803409 ], [ 17.08266074403674, 45.121962270239145 ] ] ] } },
{ "type": "Feature", "properties": { "BM": 3681, "longitude": 16.880434987382259, "latitude": 45.39540020949957, "population": 537 }, "geometry": { "type": "Polygon", "coordinates": [ [ [ 16.865554735033907, 45.410976442966664 ], [ 16.876253529634884, 45.421747410348395 ], [ 16.87926429197945, 45.421404867077442 ], [ 16.880283202761479, 45.420821258554867 ], [ 16.90041844038192, 45.38029322626651 ], [ 16.882681893237287, 45.37419569101943 ], [ 16.870578929349943, 45.378203521389324 ], [ 16.865554735033907, 45.410976442966664 ] ] ] } },
{ "type": "Feature", "properties": { "BM": 3699, "longitude": 16.905428053201099, "latitude": 45.347725937726167, "population": 357 }, "geometry": { "type": "Polygon", "coordinates": [ [ [ 16.882681893237287, 45.37419569101943 ], [ 16.90041844038192, 45.38029322626651 ], [ 16.901865272040336, 45.380701777607889 ], [ 16.929640494563603, 45.340931614126006 ], [ 16.92961317890575, 45.33783048841137 ], [ 16.909013998417112, 45.314145731013809 ], [ 16.90131367382822, 45.313626160086045 ], [ 16.882681893237287, 45.37419569101943 ] ] ] } },
{ "type": "Feature", "properties": { "BM": 3696, "longitude": 16.893431751819239, "latitude": 45.441621402926963, "population": 526 }, "geometry": { "type": "Polygon", "coordinates": [ [ [ 16.876253529634884, 45.421747410348395 ], [ 16.872964372257183, 45.445228591896303 ], [ 16.908470941368041, 45.461216823465165 ], [ 16.91704463832744, 45.44192361002051 ], [ 16.87926429197945, 45.421404867077442 ], [ 16.876253529634884, 45.421747410348395 ] ] ] } },
{ "type": "Feature", "properties": { "BM": 3708, "longitude": 16.90054302025256, "latitude": 45.400251983927582, "population": 481 }, "geometry": { "type": "Polygon", "coordinates": [ [ [ 16.880283202761479, 45.420821258554867 ], [ 16.920566686710007, 45.400312039206042 ], [ 16.901865272040336, 45.380701777607889 ], [ 16.90041844038192, 45.38029322626651 ], [ 16.880283202761479, 45.420821258554867 ] ] ] } },
{ "type": "Feature", "properties": { "BM": 3655, "longitude": 16.851890896314011, "latitude": 45.430579367799432, "population": 259 }, "geometry": { "type": "Polygon", "coordinates": [ [ [ 16.861044655800509, 45.458026835922475 ], [ 16.872964372257183, 45.445228591896303 ], [ 16.876253529634884, 45.421747410348395 ], [ 16.865554735033907, 45.410976442966664 ], [ 16.813027973206108, 45.41970644014576 ], [ 16.861044655800509, 45.458026835922475 ] ] ] } },
{ "type": "Feature", "properties": { "BM": 3662, "longitude": 16.90765636012901, "latitude": 45.287594880908095, "population": 483 }, "geometry": { "type": "Polygon", "coordinates": [ [ [ 16.879284541220873, 45.298365646467097 ], [ 16.885228929067903, 45.306569923532088 ], [ 16.90131367382822, 45.313626160086045 ], [ 16.909013998417112, 45.314145731013809 ], [ 16.935210544154305, 45.288733006179299 ], [ 16.930036226263713, 45.259767209919552 ], [ 16.885398778216594, 45.274218174536536 ], [ 16.879284541220873, 45.298365646467097 ] ] ] } },
{ "type": "Feature", "properties": { "BM": 3661, "longitude": 16.887262861259245, "latitude": 45.46916416660374, "population": 273 }, "geometry": { "type": "Polygon", "coordinates": [ [ [ 16.860073861981988, 45.46317790417433 ], [ 16.886987364653017, 45.491537184564351 ], [ 16.897528890254478, 45.491321535245696 ], [ 16.911562207649766, 45.484680617919814 ], [ 16.908470941368041, 45.461216823465165 ], [ 16.872964372257183, 45.445228591896303 ], [ 16.861044655800509, 45.458026835922475 ], [ 16.860073861981988, 45.46317790417433 ] ] ] } },
{ "type": "Feature", "properties": { "BM": 3623, "longitude": 16.833281575041422, "latitude": 45.392395092448091, "population": 310 }, "geometry": { "type": "Polygon", "coordinates": [ [ [ 16.789449995551916, 45.416409433004063 ], [ 16.813027973206108, 45.41970644014576 ], [ 16.865554735033907, 45.410976442966664 ], [ 16.870578929349943, 45.378203521389324 ], [ 16.836369183628783, 45.35539936891761 ], [ 16.831703675125141, 45.355673317108767 ], [ 16.786095161764859, 45.413805916158971 ], [ 16.789449995551916, 45.416409433004063 ] ] ] } },
{ "type": "Feature", "properties": { "BM": 3645, "longitude": 16.872758396476751, "latitude": 45.344210883545045, "population": 89 }, "geometry": { "type": "Polygon", "coordinates": [ [ [ 16.836369183628783, 45.35539936891761 ], [ 16.870578929349943, 45.378203521389324 ], [ 16.882681893237287, 45.37419569101943 ], [ 16.90131367382822, 45.313626160086045 ], [ 16.885228929067903, 45.306569923532088 ], [ 16.836369183628783, 45.35539936891761 ] ] ] } },
{ "type": "Feature", "properties": { "BM": 3590, "longitude": 16.847479963498117, "latitude": 45.321220537910357, "population": 51 }, "geometry": { "type": "Polygon", "coordinates": [ [ [ 16.817567133485397, 45.334564597718625 ], [ 16.831703675125141, 45.355673317108767 ], [ 16.836369183628783, 45.35539936891761 ], [ 16.885228929067903, 45.306569923532088 ], [ 16.879284541220873, 45.298365646467097 ], [ 16.862663270963676, 45.291415171748305 ], [ 16.816667560094569, 45.318847827645357 ], [ 16.817567133485397, 45.334564597718625 ] ] ] } },
{ "type": "Feature", "properties": { "BM": 3588, "longitude": 16.827195454606084, "latitude": 45.295232301127797, "population": 103 }, "geometry": { "type": "Polygon", "coordinates": [ [ [ 16.816667560094569, 45.318847827645357 ], [ 16.862663270963676, 45.291415171748305 ], [ 16.851808787613106, 45.281138708717194 ], [ 16.794658446932999, 45.28358613523455 ], [ 16.816667560094569, 45.318847827645357 ] ] ] } },
{ "type": "Feature", "properties": { "BM": 3595, "longitude": 16.891737869051234, "latitude": 45.198913712761126, "population": 82 }, "geometry": { "type": "Polygon", "coordinates": [ [ [ 16.841528949406264, 45.237442822685601 ], [ 16.887708199211311, 45.259948278468663 ], [ 16.924816679856381, 45.193980419452842 ], [ 16.939673282510569, 45.121740888228864 ], [ 16.939377182997347, 45.114409008822818 ], [ 16.837321038927204, 45.222678701430674 ], [ 16.835814056280967, 45.225818830523636 ], [ 16.841528949406264, 45.237442822685601 ] ] ] } },
{ "type": "Feature", "properties": { "BM": 3602, "longitude": 16.865571292255414, "latitude": 45.268465027883103, "population": 119 }, "geometry": { "type": "Polygon", "coordinates": [ [ [ 16.851808787613106, 45.281138708717194 ], [ 16.862663270963676, 45.291415171748305 ], [ 16.879284541220873, 45.298365646467097 ], [ 16.885398778216594, 45.274218174536536 ], [ 16.887708199211311, 45.259948278468663 ], [ 16.841528949406264, 45.237442822685601 ], [ 16.851808787613106, 45.281138708717194 ] ] ] } },
{ "type": "Feature", "properties": { "BM": 3608, "longitude": 16.837288102035551, "latitude": 45.472667510781761, "population": 683 }, "geometry": { "type": "Polygon", "coordinates": [ [ [ 16.827874755999463, 45.480530745291688 ], [ 16.841230980553068, 45.486376132698396 ], [ 16.852932646665035, 45.468258844182017 ], [ 16.825366399508891, 45.459613330233282 ], [ 16.827874755999463, 45.480530745291688 ] ] ] } },
{ "type": "Feature", "properties": { "BM": 3961, "longitude": 17.143528456676691, "latitude": 45.289753057470641, "population": 164 }, "geometry": { "type": "Polygon", "coordinates": [ [ [ 17.142296720652482, 45.33914844070469 ], [ 17.15809571356731, 45.337252076135421 ], [ 17.176760400424943, 45.306194096820356 ], [ 17.176746513271404, 45.297934064970619 ], [ 17.154959791844956, 45.262631992057784 ], [ 17.102896255693178, 45.235773117113609 ], [ 17.142296720652482, 45.33914844070469 ] ] ] } },
{ "type": "Feature", "properties": { "BM": 3904, "longitude": 17.08087458263094, "latitude": 45.308675545444849, "population": 200 }, "geometry": { "type": "Polygon", "coordinates": [ [ [ 17.089538674611568, 45.3663829379405 ], [ 17.105069456418086, 45.362567170075337 ], [ 17.10748773960464, 45.360055521385767 ], [ 17.076879453503121, 45.249877426226533 ], [ 17.053270336468994, 45.27030699332883 ], [ 17.088777587142619, 45.366054735445793 ], [ 17.089538674611568, 45.3663829379405 ] ] ] } },
{ "type": "Feature", "properties": { "BM": 3929, "longitude": 17.107454530845636, "latitude": 45.29610961928006, "population": 646 }, "geometry": { "type": "Polygon", "coordinates": [ [ [ 17.076879453503121, 45.249877426226533 ], [ 17.10748773960464, 45.360055521385767 ], [ 17.142296720652482, 45.33914844070469 ], [ 17.102896255693178, 45.235773117113609 ], [ 17.093526195339365, 45.226516309247337 ], [ 17.076879453503121, 45.249877426226533 ] ] ] } },
{ "type": "Feature", "properties": { "BM": 3872, "longitude": 17.033715808582702, "latitude": 45.404906771520679, "population": 480 }, "geometry": { "type": "Polygon", "coordinates": [ [ [ 17.005391873033179, 45.400597554089885 ], [ 17.057834607487415, 45.42981990687494 ], [ 17.061884195390473, 45.429974645245196 ], [ 17.069013180040031, 45.421378623756773 ], [ 17.069261749586641, 45.420487157009234 ], [ 17.009311224135878, 45.374757689144566 ], [ 17.005391873033179, 45.400597554089885 ] ] ] } },
{ "type": "Feature", "properties": { "BM": 3882, "longitude": 17.062663674156457, "latitude": 45.325882371153654, "population": 293 }, "geometry": { "type": "Polygon", "coordinates": [ [ [ 17.045588824578111, 45.274650694360709 ], [ 17.053735384383923, 45.357776859414649 ], [ 17.088777587142619, 45.366054735445793 ], [ 17.053270336468994, 45.27030699332883 ], [ 17.045588824578111, 45.274650694360709 ] ] ] } },
{ "type": "Feature", "properties": { "BM": 3847, "longitude": 17.021090522351592, "latitude": 45.314767858690274, "population": 204 }, "geometry": { "type": "Polygon", "coordinates": [ [ [ 17.019182837597263, 45.361747624135049 ], [ 17.030707924231109, 45.358813166884175 ], [ 17.031660526551647, 45.278606777543807 ], [ 17.004785913890274, 45.281011927170596 ], [ 17.019182837597263, 45.361747624135049 ] ] ] } },
{ "type": "Feature", "properties": { "BM": 3869, "longitude": 17.040645591465889, "latitude": 45.320735742730399, "population": 120 }, "geometry": { "type": "Polygon", "coordinates": [ [ [ 17.030707924231109, 45.358813166884175 ], [ 17.053735384383923, 45.357776859414649 ], [ 17.045588824578111, 45.274650694360709 ], [ 17.031660526551647, 45.278606777543807 ], [ 17.030707924231109, 45.358813166884175 ] ] ] } },
{ "type": "Feature", "properties": { "BM": 3298, "longitude": 16.675568716670139, "latitude": 45.631473629628196, "population": 60 }, "geometry": { "type": "Polygon", "coordinates": [ [ [ 16.645907057440997, 45.62413473918626 ], [ 16.679625048875469, 45.669739756269436 ], [ 16.684595990125288, 45.668475140539385 ], [ 16.712181952025539, 45.657176866705342 ], [ 16.716647766895626, 45.652156639027162 ], [ 16.665065040448578, 45.590696159585534 ], [ 16.640043902052593, 45.601415347257799 ], [ 16.645907057440997, 45.62413473918626 ] ] ] } },
{ "type": "Feature", "properties": { "BM": 3301, "longitude": 16.664838607509065, "latitude": 45.359627443456191, "population": 216 }, "geometry": { "type": "Polygon", "coordinates": [ [ [ 16.642886402632836, 45.356241579587532 ], [ 16.656685942478095, 45.387467448837754 ], [ 16.685365400722908, 45.382584759362494 ], [ 16.676047015841863, 45.328988561417667 ], [ 16.662073217471004, 45.332497488518719 ], [ 16.644701208985566, 45.345773910516904 ], [ 16.642886402632836, 45.356241579587532 ] ] ] } },
{ "type": "Feature", "properties": { "BM": 3321, "longitude": 16.665861448982664, "latitude": 45.488607457095419, "population": 583 }, "geometry": { "type": "Polygon", "coordinates": [ [ [ 16.641380320818616, 45.522369765766406 ], [ 16.686121193983315, 45.529045893109434 ], [ 16.695265824157033, 45.448883256806795 ], [ 16.675240658060709, 45.448366669498647 ], [ 16.632937867811595, 45.471146036309293 ], [ 16.641380320818616, 45.522369765766406 ] ] ] } },
{ "type": "Feature", "properties": { "BM": 3265, "longitude": 16.647201044388698, "latitude": 45.652376856441769, "population": 33 }, "geometry": { "type": "Polygon", "coordinates": [ [ [ 16.646178287178309, 45.672021632872195 ], [ 16.66616446640624, 45.679688025296443 ], [ 16.679625048875469, 45.669739756269436 ], [ 16.645907057440997, 45.62413473918626 ], [ 16.612544054753343, 45.640177935097221 ], [ 16.6129574535755, 45.642363478291969 ], [ 16.646178287178309, 45.672021632872195 ] ] ] } },
{ "type": "Feature", "properties": { "BM": 3278, "longitude": 16.64978960492039, "latitude": 45.245366947070835, "population": 63 }, "geometry": { "type": "Polygon", "coordinates": [ [ [ 16.636704211713496, 45.268955597932617 ], [ 16.65723884268041, 45.266173603632282 ], [ 16.679966883674012, 45.240629204429027 ], [ 16.643700439203062, 45.215654166465249 ], [ 16.62385377288885, 45.257503390752653 ], [ 16.636704211713496, 45.268955597932617 ] ] ] } },
{ "type": "Feature", "properties": { "BM": 3281, "longitude": 16.641945381714756, "latitude": 45.387946993944745, "population": 147 }, "geometry": { "type": "Polygon", "coordinates": [ [ [ 16.624066532116682, 45.375675683553489 ], [ 16.630063904590742, 45.404979041399748 ], [ 16.658593715695858, 45.415433241471938 ], [ 16.656685942478095, 45.387467448837754 ], [ 16.642886402632836, 45.356241579587532 ], [ 16.624066532116682, 45.375675683553489 ] ] ] } },
{ "type": "Feature", "properties": { "BM": 3290, "longitude": 16.658735543882305, "latitude": 45.299251269115508, "population": 105 }, "geometry": { "type": "Polygon", "coordinates": [ [ [ 16.633891364613213, 45.291265119253396 ], [ 16.662073217471004, 45.332497488518719 ], [ 16.676047015841863, 45.328988561417667 ], [ 16.681185216966245, 45.326659085313857 ], [ 16.687615666366352, 45.319361862148305 ], [ 16.65723884268041, 45.266173603632282 ], [ 16.636704211713496, 45.268955597932617 ], [ 16.633891364613213, 45.291265119253396 ] ] ] } },
{ "type": "Feature", "properties": { "BM": 3291, "longitude": 16.668481553940925, "latitude": 45.545861248004883, "population": 808 }, "geometry": { "type": "Polygon", "coordinates": [ [ [ 16.640638508876435, 45.546338482572665 ], [ 16.674031323688503, 45.573956590118812 ], [ 16.696808555088648, 45.564317530576432 ], [ 16.696623035789877, 45.551047867615644 ], [ 16.691507980505889, 45.533522249563852 ], [ 16.686121193983315, 45.529045893109434 ], [ 16.641380320818616, 45.522369765766406 ], [ 16.634875428023896, 45.535896298873404 ], [ 16.640638508876435, 45.546338482572665 ] ] ] } },
{ "type": "Feature", "properties": { "BM": 3288, "longitude": 16.651070935418787, "latitude": 45.576826908276246, "population": 138 }, "geometry": { "type": "Polygon", "coordinates": [ [ [ 16.640043902052593, 45.601415347257799 ], [ 16.665065040448578, 45.590696159585534 ], [ 16.674031323688503, 45.573956590118812 ], [ 16.640638508876435, 45.546338482572665 ], [ 16.634715491378532, 45.598964484102446 ], [ 16.640043902052593, 45.601415347257799 ] ] ] } },
{ "type": "Feature", "properties": { "BM": 3242, "longitude": 16.63074551169446, "latitude": 45.318906961581462, "population": 158 }, "geometry": { "type": "Polygon", "coordinates": [ [ [ 16.600750177728191, 45.305276160783087 ], [ 16.617825564467243, 45.337283470650284 ], [ 16.644701208985566, 45.345773910516904 ], [ 16.662073217471004, 45.332497488518719 ], [ 16.633891364613213, 45.291265119253396 ], [ 16.607146901244629, 45.298474108323752 ], [ 16.600750177728191, 45.305276160783087 ] ] ] } },
{ "type": "Feature", "properties": { "BM": 3241, "longitude": 16.625518240133655, "latitude": 45.565980535979371, "population": 824 }, "geometry": { "type": "Polygon", "coordinates": [ [ [ 16.606261070162088, 45.561174753938083 ], [ 16.623339881451258, 45.598279301698966 ], [ 16.634715491378532, 45.598964484102446 ], [ 16.640638508876435, 45.546338482572665 ], [ 16.634875428023896, 45.535896298873404 ], [ 16.613512551024517, 45.545183502085656 ], [ 16.606261070162088, 45.561174753938083 ] ] ] } },
{ "type": "Feature", "properties": { "BM": 3245, "longitude": 16.619699434979591, "latitude": 45.276717758642818, "population": 85 }, "geometry": { "type": "Polygon", "coordinates": [ [ [ 16.607146901244629, 45.298474108323752 ], [ 16.633891364613213, 45.291265119253396 ], [ 16.636704211713496, 45.268955597932617 ], [ 16.62385377288885, 45.257503390752653 ], [ 16.605590770276024, 45.257281665581573 ], [ 16.607146901244629, 45.298474108323752 ] ] ] } },
{ "type": "Feature", "properties": { "BM": 3200, "longitude": 16.632559963807115, "latitude": 45.43777568474485, "population": 58 }, "geometry": { "type": "Polygon", "coordinates": [ [ [ 16.597830582085013, 45.445113452423143 ], [ 16.611687545864086, 45.466118069986486 ], [ 16.632937867811595, 45.471146036309293 ], [ 16.675240658060709, 45.448366669498647 ], [ 16.658593715695858, 45.415433241471938 ], [ 16.630063904590742, 45.404979041399748 ], [ 16.598714406016427, 45.416404961662089 ], [ 16.597830582085013, 45.445113452423143 ] ] ] } },
{ "type": "Feature", "properties": { "BM": 3209, "longitude": 16.611093723984755, "latitude": 45.396825101056159, "population": 79 }, "geometry": { "type": "Polygon", "coordinates": [ [ [ 16.590839841086641, 45.393955668202693 ], [ 16.598714406016427, 45.416404961662089 ], [ 16.630063904590742, 45.404979041399748 ], [ 16.624066532116682, 45.375675683553489 ], [ 16.595619353688122, 45.388922167203773 ], [ 16.590839841086641, 45.393955668202693 ] ] ] } },
{ "type": "Feature", "properties": { "BM": 3212, "longitude": 16.624641127125912, "latitude": 45.617897540521561, "population": 119 }, "geometry": { "type": "Polygon", "coordinates": [ [ [ 16.607974761965458, 45.613792320038193 ], [ 16.605570633977511, 45.630816969937882 ], [ 16.612544054753343, 45.640177935097221 ], [ 16.645907057440997, 45.62413473918626 ], [ 16.640043902052593, 45.601415347257799 ], [ 16.634715491378532, 45.598964484102446 ], [ 16.623339881451258, 45.598279301698966 ], [ 16.613512334106776, 45.603912246668308 ], [ 16.607974761965458, 45.613792320038193 ] ] ] } },
{ "type": "Feature", "properties": { "BM": 3221, "longitude": 16.615764494460254, "latitude": 45.359659036661526, "population": 34 }, "geometry": { "type": "Polygon", "coordinates": [ [ [ 16.595619353688122, 45.388922167203773 ], [ 16.624066532116682, 45.375675683553489 ], [ 16.642886402632836, 45.356241579587532 ], [ 16.644701208985566, 45.345773910516904 ], [ 16.617825564467243, 45.337283470650284 ], [ 16.595387735430926, 45.34568833024742 ], [ 16.595619353688122, 45.388922167203773 ] ] ] } },
{ "type": "Feature", "properties": { "BM": 3169, "longitude": 16.593306178962308, "latitude": 45.324956377747547, "population": 153 }, "geometry": { "type": "Polygon", "coordinates": [ [ [ 16.57593812232415, 45.304143050798132 ], [ 16.578568602937192, 45.343744470936478 ], [ 16.595387735430926, 45.34568833024742 ], [ 16.617825564467243, 45.337283470650284 ], [ 16.600750177728191, 45.305276160783087 ], [ 16.578462351838947, 45.301825758667214 ], [ 16.577025979123302, 45.302445584674004 ], [ 16.57593812232415, 45.304143050798132 ] ] ] } },
{ "type": "Feature", "properties": { "BM": 3174, "longitude": 16.607150153778399, "latitude": 45.190191206937946, "population": 158 }, "geometry": { "type": "Polygon", "coordinates": [ [ [ 16.58092188143965, 45.208170387424481 ], [ 16.600338162345516, 45.255224268854924 ], [ 16.605590770276024, 45.257281665581573 ], [ 16.62385377288885, 45.257503390752653 ], [ 16.643700439203062, 45.215654166465249 ], [ 16.589356123669717, 45.085601564776262 ], [ 16.58092188143965, 45.208170387424481 ] ] ] } },
{ "type": "Feature", "properties": { "BM": 3172, "longitude": 16.584578550918199, "latitude": 45.551614252104386, "population": 381 }, "geometry": { "type": "Polygon", "coordinates": [ [ [ 16.56388652727458, 45.57351591720726 ], [ 16.579859037542352, 45.574029464231664 ], [ 16.606261070162088, 45.561174753938083 ], [ 16.613512551024517, 45.545183502085656 ], [ 16.577465908917219, 45.525307076816866 ], [ 16.564041687825188, 45.543944301288839 ], [ 16.56388652727458, 45.57351591720726 ] ] ] } },
{ "type": "Feature", "properties": { "BM": 3173, "longitude": 16.586207889919876, "latitude": 45.366061574435911, "population": 77 }, "geometry": { "type": "Polygon", "coordinates": [ [ [ 16.584652119552768, 45.392000080626389 ], [ 16.590839841086641, 45.393955668202693 ], [ 16.595619353688122, 45.388922167203773 ], [ 16.595387735430926, 45.34568833024742 ], [ 16.578568602937192, 45.343744470936478 ], [ 16.57238351174286, 45.347273457943061 ], [ 16.578712487848783, 45.373860648391378 ], [ 16.582353221986001, 45.388008108463879 ], [ 16.584652119552768, 45.392000080626389 ] ] ] } },
{ "type": "Feature", "properties": { "BM": 3178, "longitude": 16.58457355477535, "latitude": 45.60114257090455, "population": 222 }, "geometry": { "type": "Polygon", "coordinates": [ [ [ 16.576462672152793, 45.606464963786337 ], [ 16.584755162540304, 45.605545890863027 ], [ 16.596475637362772, 45.595749374990596 ], [ 16.594865281446477, 45.594302079235206 ], [ 16.573452450949759, 45.602796578833306 ], [ 16.576462672152793, 45.606464963786337 ] ] ] } },
{ "type": "Feature", "properties": { "BM": 3179, "longitude": 16.594875751822723, "latitude": 45.282832162184846, "population": 41 }, "geometry": { "type": "Polygon", "coordinates": [ [ [ 16.578462351838947, 45.301825758667214 ], [ 16.600750177728191, 45.305276160783087 ], [ 16.607146901244629, 45.298474108323752 ], [ 16.605590770276024, 45.257281665581573 ], [ 16.600338162345516, 45.255224268854924 ], [ 16.586551196192069, 45.265543703439107 ], [ 16.578462351838947, 45.301825758667214 ] ] ] } },
{ "type": "Feature", "properties": { "BM": 3186, "longitude": 16.609568306188901, "latitude": 45.506356550513942, "population": 662 }, "geometry": { "type": "Polygon", "coordinates": [ [ [ 16.577465908917219, 45.525307076816866 ], [ 16.613512551024517, 45.545183502085656 ], [ 16.634875428023896, 45.535896298873404 ], [ 16.641380320818616, 45.522369765766406 ], [ 16.632937867811595, 45.471146036309293 ], [ 16.611687545864086, 45.466118069986486 ], [ 16.572368032759162, 45.496866402190435 ], [ 16.577465908917219, 45.525307076816866 ] ] ] } },
{ "type": "Feature", "properties": { "BM": 3192, "longitude": 16.583673568179421, "latitude": 45.611463789408404, "population": 591 }, "geometry": { "type": "Polygon", "coordinates": [ [ [ 16.578900014043349, 45.618017889068206 ], [ 16.593983387270391, 45.613475631684111 ], [ 16.584755162540304, 45.605545890863027 ], [ 16.576462672152793, 45.606464963786337 ], [ 16.578900014043349, 45.618017889068206 ] ] ] } },
{ "type": "Feature", "properties": { "BM": 3193, "longitude": 16.592197810868207, "latitude": 45.624000338691559, "population": 114 }, "geometry": { "type": "Polygon", "coordinates": [ [ [ 16.575149056366122, 45.628958569369424 ], [ 16.584104629850906, 45.635675897434162 ], [ 16.605570633977511, 45.630816969937882 ], [ 16.607974761965458, 45.613792320038193 ], [ 16.593983387270391, 45.613475631684111 ], [ 16.578900014043349, 45.618017889068206 ], [ 16.575149056366122, 45.628958569369424 ] ] ] } },
{ "type": "Feature", "properties": { "BM": 3198, "longitude": 16.597511015900494, "latitude": 45.644118617365756, "population": 50 }, "geometry": { "type": "Polygon", "coordinates": [ [ [ 16.59824079384876, 45.66148897139422 ], [ 16.6129574535755, 45.642363478291969 ], [ 16.612544054753343, 45.640177935097221 ], [ 16.605570633977511, 45.630816969937882 ], [ 16.584104629850906, 45.635675897434162 ], [ 16.583026414510385, 45.64700302449662 ], [ 16.59824079384876, 45.66148897139422 ] ] ] } },
{ "type": "Feature", "properties": { "BM": 3199, "longitude": 16.602892024154958, "latitude": 45.583086386699776, "population": 311 }, "geometry": { "type": "Polygon", "coordinates": [ [ [ 16.596475637362772, 45.595749374990596 ], [ 16.613512334106776, 45.603912246668308 ], [ 16.623339881451258, 45.598279301698966 ], [ 16.606261070162088, 45.561174753938083 ], [ 16.579859037542352, 45.574029464231664 ], [ 16.594865281446477, 45.594302079235206 ], [ 16.596475637362772, 45.595749374990596 ] ] ] } },
{ "type": "Feature", "properties": { "BM": 3197, "longitude": 16.599432886372082, "latitude": 45.605837683408801, "population": 21 }, "geometry": { "type": "Polygon", "coordinates": [ [ [ 16.593983387270391, 45.613475631684111 ], [ 16.607974761965458, 45.613792320038193 ], [ 16.613512334106776, 45.603912246668308 ], [ 16.596475637362772, 45.595749374990596 ], [ 16.584755162540304, 45.605545890863027 ], [ 16.593983387270391, 45.613475631684111 ] ] ] } },
{ "type": "Feature", "properties": { "BM": 3136, "longitude": 16.582112574663061, "latitude": 45.665958090938133, "population": 246 }, "geometry": { "type": "Polygon", "coordinates": [ [ [ 16.571573224389574, 45.684342509018435 ], [ 16.597630780378708, 45.672725602455124 ], [ 16.59824079384876, 45.66148897139422 ], [ 16.583026414510385, 45.64700302449662 ], [ 16.567226600755443, 45.660912355308504 ], [ 16.571091531403422, 45.683309603333115 ], [ 16.571573224389574, 45.684342509018435 ] ] ] } },
{ "type": "Feature", "properties": { "BM": 3153, "longitude": 16.570162259722085, "latitude": 45.643442427983445, "population": 108 }, "geometry": { "type": "Polygon", "coordinates": [ [ [ 16.567226600755443, 45.660912355308504 ], [ 16.583026414510385, 45.64700302449662 ], [ 16.584104629850906, 45.635675897434162 ], [ 16.575149056366122, 45.628958569369424 ], [ 16.564391901427154, 45.629609406429914 ], [ 16.555222053773527, 45.648933210009254 ], [ 16.567226600755443, 45.660912355308504 ] ] ] } },
{ "type": "Feature", "properties": { "BM": 3162, "longitude": 16.572442164243455, "latitude": 45.361920512320665, "population": 550 }, "geometry": { "type": "Polygon", "coordinates": [ [ [ 16.570070759668038, 45.347481121464561 ], [ 16.567576492730833, 45.368736195881553 ], [ 16.578712487848783, 45.373860648391378 ], [ 16.57238351174286, 45.347273457943061 ], [ 16.570070759668038, 45.347481121464561 ] ] ] } },
{ "type": "Feature", "properties": { "BM": 3163, "longitude": 16.576117192443725, "latitude": 45.243361983456786, "population": 77 }, "geometry": { "type": "Polygon", "coordinates": [ [ [ 16.558663135394657, 45.262540383532233 ], [ 16.586551196192069, 45.265543703439107 ], [ 16.600338162345516, 45.255224268854924 ], [ 16.58092188143965, 45.208170387424481 ], [ 16.550253632917965, 45.248088628016482 ], [ 16.558663135394657, 45.262540383532233 ] ] ] } },
{ "type": "Feature", "properties": { "BM": 3161, "longitude": 16.554185183169956, "latitude": 45.357656391472226, "population": 75 }, "geometry": { "type": "Polygon", "coordinates": [ [ [ 16.564406958079871, 45.374415277091238 ], [ 16.567576492730833, 45.368736195881553 ], [ 16.570070759668038, 45.347481121464561 ], [ 16.526272298956965, 45.350265359013996 ], [ 16.564406958079871, 45.374415277091238 ] ] ] } },
{ "type": "Feature", "properties": { "BM": 3166, "longitude": 16.573778481228878, "latitude": 45.376962745823185, "population": 635 }, "geometry": { "type": "Polygon", "coordinates": [ [ [ 16.582353221986001, 45.388008108463879 ], [ 16.578712487848783, 45.373860648391378 ], [ 16.567576492730833, 45.368736195881553 ], [ 16.564406958079871, 45.374415277091238 ], [ 16.582353221986001, 45.388008108463879 ] ] ] } },
{ "type": "Feature", "properties": { "BM": 3108, "longitude": 16.555944644325248, "latitude": 45.665243170941324, "population": 139 }, "geometry": { "type": "Polygon", "coordinates": [ [ [ 16.536969409904589, 45.66544632030012 ], [ 16.571091531403422, 45.683309603333115 ], [ 16.567226600755443, 45.660912355308504 ], [ 16.555222053773527, 45.648933210009254 ], [ 16.554462505793769, 45.648999783827463 ], [ 16.539662531190309, 45.660683983931555 ], [ 16.536969409904589, 45.66544632030012 ] ] ] } },
{ "type": "Feature", "properties": { "BM": 3112, "longitude": 16.571132156088012, "latitude": 45.279137850292749, "population": 28 }, "geometry": { "type": "Polygon", "coordinates": [ [ [ 16.556654792995751, 45.269280130720531 ], [ 16.55842176069585, 45.286935676059137 ], [ 16.577025979123302, 45.302445584674004 ], [ 16.578462351838947, 45.301825758667214 ], [ 16.586551196192069, 45.265543703439107 ], [ 16.558663135394657, 45.262540383532233 ], [ 16.556654792995751, 45.269280130720531 ] ] ] } },
{ "type": "Feature", "properties": { "BM": 3117, "longitude": 16.565862729554166, "latitude": 45.467208707613175, "population": 176 }, "geometry": { "type": "Polygon", "coordinates": [ [ [ 16.519920443352866, 45.488594708267797 ], [ 16.572368032759162, 45.496866402190435 ], [ 16.611687545864086, 45.466118069986486 ], [ 16.597830582085013, 45.445113452423143 ], [ 16.550333398317807, 45.435212164716894 ], [ 16.519920443352866, 45.488594708267797 ] ] ] } },
{ "type": "Feature", "properties": { "BM": 3128, "longitude": 16.549790125338475, "latitude": 45.37950803897116, "population": 311 }, "geometry": { "type": "Polygon", "coordinates": [ [ [ 16.526056442631855, 45.374316911008727 ], [ 16.548010235165165, 45.401756514016434 ], [ 16.584652119552768, 45.392000080626389 ], [ 16.582353221986001, 45.388008108463879 ], [ 16.564406958079871, 45.374415277091238 ], [ 16.526272298956965, 45.350265359013996 ], [ 16.52516030988135, 45.350178745673873 ], [ 16.526056442631855, 45.374316911008727 ] ] ] } },
{ "type": "Feature", "properties": { "BM": 3134, "longitude": 16.573712369483285, "latitude": 45.418555600328943, "population": 266 }, "geometry": { "type": "Polygon", "coordinates": [ [ [ 16.550333398317807, 45.435212164716894 ], [ 16.597830582085013, 45.445113452423143 ], [ 16.598714406016427, 45.416404961662089 ], [ 16.590839841086641, 45.393955668202693 ], [ 16.584652119552768, 45.392000080626389 ], [ 16.548010235165165, 45.401756514016434 ], [ 16.544852404264709, 45.424843739011344 ], [ 16.550333398317807, 45.435212164716894 ] ] ] } },
{ "type": "Feature", "properties": { "BM": 3133, "longitude": 16.573236239742631, "latitude": 45.587180356643906, "population": 94 }, "geometry": { "type": "Polygon", "coordinates": [ [ [ 16.551286691087864, 45.584806923000684 ], [ 16.573452450949759, 45.602796578833306 ], [ 16.594865281446477, 45.594302079235206 ], [ 16.579859037542352, 45.574029464231664 ], [ 16.56388652727458, 45.57351591720726 ], [ 16.551286691087864, 45.584806923000684 ] ] ] } },
{ "type": "Feature", "properties": { "BM": 3074, "longitude": 16.552417337444197, "latitude": 45.683369409320903, "population": 59 }, "geometry": { "type": "Polygon", "coordinates": [ [ [ 16.533978848666823, 45.667738195935939 ], [ 16.535339602378308, 45.682343076626303 ], [ 16.560246510895571, 45.700141181901458 ], [ 16.567725536515233, 45.69845536387998 ], [ 16.571573224389574, 45.684342509018435 ], [ 16.571091531403422, 45.683309603333115 ], [ 16.536969409904589, 45.66544632030012 ], [ 16.534594078282197, 45.666827566856412 ], [ 16.533978848666823, 45.667738195935939 ] ] ] } },
{ "type": "Feature", "properties": { "BM": 3073, "longitude": 16.550025587846239, "latitude": 45.630947017111041, "population": 505 }, "geometry": { "type": "Polygon", "coordinates": [ [ [ 16.537281811149139, 45.637099163730511 ], [ 16.554462505793769, 45.648999783827463 ], [ 16.555222053773527, 45.648933210009254 ], [ 16.564391901427154, 45.629609406429914 ], [ 16.546720815545878, 45.611541162741183 ], [ 16.539890235283888, 45.621840455944188 ], [ 16.537281811149139, 45.637099163730511 ] ] ] } },
{ "type": "Feature", "properties": { "BM": 3078, "longitude": 16.540925143380029, "latitude": 45.648092192687699, "population": 563 }, "geometry": { "type": "Polygon", "coordinates": [ [ [ 16.529369154610468, 45.641713286201146 ], [ 16.539662531190309, 45.660683983931555 ], [ 16.554462505793769, 45.648999783827463 ], [ 16.537281811149139, 45.637099163730511 ], [ 16.529369154610468, 45.641713286201146 ] ] ] } },
{ "type": "Feature", "properties": { "BM": 3079, "longitude": 16.528118399723247, "latitude": 45.652398777481366, "population": 535 }, "geometry": { "type": "Polygon", "coordinates": [ [ [ 16.534594078282197, 45.666827566856412 ], [ 16.536969409904589, 45.66544632030012 ], [ 16.539662531190309, 45.660683983931555 ], [ 16.529369154610468, 45.641713286201146 ], [ 16.512728637441171, 45.643534809175499 ], [ 16.534594078282197, 45.666827566856412 ] ] ] } },
{ "type": "Feature", "properties": { "BM": 3076, "longitude": 16.538414127805151, "latitude": 45.514720705647711, "population": 487 }, "geometry": { "type": "Polygon", "coordinates": [ [ [ 16.505880419080547, 45.492979796410836 ], [ 16.494242874044424, 45.52541716102543 ], [ 16.564041687825188, 45.543944301288839 ], [ 16.577465908917219, 45.525307076816866 ], [ 16.572368032759162, 45.496866402190435 ], [ 16.519920443352866, 45.488594708267797 ], [ 16.505880419080547, 45.492979796410836 ] ] ] } },
{ "type": "Feature", "properties": { "BM": 3081, "longitude": 16.56143193040575, "latitude": 45.6088124424451, "population": 390 }, "geometry": { "type": "Polygon", "coordinates": [ [ [ 16.544856508268445, 45.595177844569513 ], [ 16.546720815545878, 45.611541162741183 ], [ 16.564391901427154, 45.629609406429914 ], [ 16.575149056366122, 45.628958569369424 ], [ 16.578900014043349, 45.618017889068206 ], [ 16.576462672152793, 45.606464963786337 ], [ 16.573452450949759, 45.602796578833306 ], [ 16.551286691087864, 45.584806923000684 ], [ 16.549117799841351, 45.585712607853395 ], [ 16.544856508268445, 45.595177844569513 ] ] ] } },
{ "type": "Feature", "properties": { "BM": 3102, "longitude": 16.545408517960738, "latitude": 45.281819335841405, "population": 93 }, "geometry": { "type": "Polygon", "coordinates": [ [ [ 16.53471497177814, 45.293213457332989 ], [ 16.55842176069585, 45.286935676059137 ], [ 16.556654792995751, 45.269280130720531 ], [ 16.530702075903264, 45.278821109391195 ], [ 16.53471497177814, 45.293213457332989 ] ] ] } },
{ "type": "Feature", "properties": { "BM": 3577, "longitude": 16.815076772845934, "latitude": 45.45960857299184, "population": 160 }, "geometry": { "type": "Polygon", "coordinates": [ [ [ 16.818972448948919, 45.481604246397453 ], [ 16.827874755999463, 45.480530745291688 ], [ 16.825366399508891, 45.459613330233282 ], [ 16.795017864496501, 45.428264934809583 ], [ 16.818972448948919, 45.481604246397453 ] ] ] } },
{ "type": "Feature", "properties": { "BM": 3521, "longitude": 16.797462218098971, "latitude": 45.224334577754959, "population": 131 }, "geometry": { "type": "Polygon", "coordinates": [ [ [ 16.774900663461377, 45.257478387815709 ], [ 16.835814056280967, 45.225818830523636 ], [ 16.837321038927204, 45.222678701430674 ], [ 16.805435639186054, 45.198409374568669 ], [ 16.776589994648489, 45.20046112398974 ], [ 16.771082170980961, 45.249731349166503 ], [ 16.774900663461377, 45.257478387815709 ] ] ] } },
{ "type": "Feature", "properties": { "BM": 3526, "longitude": 16.810568815743881, "latitude": 45.563508311319076, "population": 25 }, "geometry": { "type": "Polygon", "coordinates": [ [ [ 16.788161795265491, 45.56887120221382 ], [ 16.820878416064954, 45.584323648901652 ], [ 16.829996806703271, 45.565678718139146 ], [ 16.822242718667269, 45.550623377339782 ], [ 16.808737811896339, 45.54140364833426 ], [ 16.786685498731782, 45.56664858066685 ], [ 16.788161795265491, 45.56887120221382 ] ] ] } },
{ "type": "Feature", "properties": { "BM": 3530, "longitude": 16.803743161755925, "latitude": 45.465400021619097, "population": 754 }, "geometry": { "type": "Polygon", "coordinates": [ [ [ 16.794067843779516, 45.454764529902832 ], [ 16.803304027481069, 45.495131763231448 ], [ 16.818972448948919, 45.481604246397453 ], [ 16.795017864496501, 45.428264934809583 ], [ 16.792920813240592, 45.425513797259853 ], [ 16.794067843779516, 45.454764529902832 ] ] ] } },
{ "type": "Feature", "properties": { "BM": 3531, "longitude": 16.825637918320059, "latitude": 45.496572719456971, "population": 110 }, "geometry": { "type": "Polygon", "coordinates": [ [ [ 16.803041402595962, 45.495993481857631 ], [ 16.803121289291813, 45.49726842102983 ], [ 16.817875038791225, 45.510194581880242 ], [ 16.84376517576322, 45.510585850728198 ], [ 16.841230980553068, 45.486376132698396 ], [ 16.827874755999463, 45.480530745291688 ], [ 16.818972448948919, 45.481604246397453 ], [ 16.803304027481069, 45.495131763231448 ], [ 16.803041402595962, 45.495993481857631 ] ] ] } },
{ "type": "Feature", "properties": { "BM": 3538, "longitude": 16.81577190146168, "latitude": 45.260483629409272, "population": 70 }, "geometry": { "type": "Polygon", "coordinates": [ [ [ 16.772644445220461, 45.268766018226756 ], [ 16.794658446932999, 45.28358613523455 ], [ 16.851808787613106, 45.281138708717194 ], [ 16.841528949406264, 45.237442822685601 ], [ 16.835814056280967, 45.225818830523636 ], [ 16.774900663461377, 45.257478387815709 ], [ 16.772644445220461, 45.268766018226756 ] ] ] } },
{ "type": "Feature", "properties": { "BM": 3546, "longitude": 16.825642816513085, "latitude": 45.442876976703928, "population": 646 }, "geometry": { "type": "Polygon", "coordinates": [ [ [ 16.795017864496501, 45.428264934809583 ], [ 16.825366399508891, 45.459613330233282 ], [ 16.852932646665035, 45.468258844182017 ], [ 16.860073861981988, 45.46317790417433 ], [ 16.861044655800509, 45.458026835922475 ], [ 16.813027973206108, 45.41970644014576 ], [ 16.789449995551916, 45.416409433004063 ], [ 16.792920813240592, 45.425513797259853 ], [ 16.795017864496501, 45.428264934809583 ] ] ] } },
{ "type": "Feature", "properties": { "BM": 3544, "longitude": 16.823174414049365, "latitude": 45.52727331128073, "population": 163 }, "geometry": { "type": "Polygon", "coordinates": [ [ [ 16.808737811896339, 45.54140364833426 ], [ 16.822242718667269, 45.550623377339782 ], [ 16.844455656369956, 45.511201652256837 ], [ 16.84376517576322, 45.510585850728198 ], [ 16.817875038791225, 45.510194581880242 ], [ 16.805046311754634, 45.536010216657409 ], [ 16.808737811896339, 45.54140364833426 ] ] ] } },
{ "type": "Feature", "properties": { "BM": 3494, "longitude": 16.780432710667014, "latitude": 45.521257933590839, "population": 472 }, "geometry": { "type": "Polygon", "coordinates": [ [ [ 16.776780021887852, 45.538453339495419 ], [ 16.791682283158391, 45.532909991245539 ], [ 16.789455126563691, 45.507102514410782 ], [ 16.769240689042341, 45.506022359625639 ], [ 16.772399173420322, 45.535999995242271 ], [ 16.776780021887852, 45.538453339495419 ] ] ] } },
{ "type": "Feature", "properties": { "BM": 3493, "longitude": 16.773266399172506, "latitude": 45.480640544129621, "population": 318 }, "geometry": { "type": "Polygon", "coordinates": [ [ [ 16.77442783859852, 45.485598917340795 ], [ 16.776184820422696, 45.48447704998695 ], [ 16.776762451854207, 45.482382105122291 ], [ 16.768139712770804, 45.473288063186935 ], [ 16.77442783859852, 45.485598917340795 ] ] ] } },
{ "type": "Feature", "properties": { "BM": 3498, "longitude": 16.787593186834645, "latitude": 45.369429325234776, "population": 41 }, "geometry": { "type": "Polygon", "coordinates": [ [ [ 16.757570787938022, 45.410837759135568 ], [ 16.786095161764859, 45.413805916158971 ], [ 16.831703675125141, 45.355673317108767 ], [ 16.817567133485397, 45.334564597718625 ], [ 16.758662690702742, 45.337040509650002 ], [ 16.757570787938022, 45.410837759135568 ] ] ] } },
{ "type": "Feature", "properties": { "BM": 3499, "longitude": 16.781378128293639, "latitude": 45.484390015845641, "population": 441 }, "geometry": { "type": "Polygon", "coordinates": [ [ [ 16.776762451854207, 45.482382105122291 ], [ 16.776184820422696, 45.48447704998695 ], [ 16.783505447332079, 45.487993778025171 ], [ 16.785800804579157, 45.487383077728182 ], [ 16.784140756207396, 45.481461871400448 ], [ 16.777280641445735, 45.481960868256614 ], [ 16.776762451854207, 45.482382105122291 ] ] ] } },
{ "type": "Feature", "properties": { "BM": 3496, "longitude": 16.784790907957394, "latitude": 45.498547145772058, "population": 134 }, "geometry": { "type": "Polygon", "coordinates": [ [ [ 16.766970910506839, 45.504231742908793 ], [ 16.769240689042341, 45.506022359625639 ], [ 16.789455126563691, 45.507102514410782 ], [ 16.803121289291813, 45.49726842102983 ], [ 16.803041402595962, 45.495993481857631 ], [ 16.785800804579157, 45.487383077728182 ], [ 16.783505447332079, 45.487993778025171 ], [ 16.768457648715501, 45.500358837558039 ], [ 16.766970910506839, 45.504231742908793 ] ] ] } },
{ "type": "Feature", "properties": { "BM": 3497, "longitude": 16.780743323538438, "latitude": 45.480311112518244, "population": 657 }, "geometry": { "type": "Polygon", "coordinates": [ [ [ 16.777280641445735, 45.481960868256614 ], [ 16.784140756207396, 45.481461871400448 ], [ 16.784304421309642, 45.47926172725213 ], [ 16.778230489896409, 45.478501319396742 ], [ 16.777280641445735, 45.481960868256614 ] ] ] } },
{ "type": "Feature", "properties": { "BM": 3503, "longitude": 16.793449115422302, "latitude": 45.478625342207295, "population": 877 }, "geometry": { "type": "Polygon", "coordinates": [ [ [ 16.784304421309642, 45.47926172725213 ], [ 16.784140756207396, 45.481461871400448 ], [ 16.785800804579157, 45.487383077728182 ], [ 16.803041402595962, 45.495993481857631 ], [ 16.803304027481069, 45.495131763231448 ], [ 16.794067843779516, 45.454764529902832 ], [ 16.784304421309642, 45.47926172725213 ] ] ] } },
{ "type": "Feature", "properties": { "BM": 3506, "longitude": 16.790157974693219, "latitude": 45.547295991604642, "population": 171 }, "geometry": { "type": "Polygon", "coordinates": [ [ [ 16.786685498731782, 45.56664858066685 ], [ 16.808737811896339, 45.54140364833426 ], [ 16.805046311754634, 45.536010216657409 ], [ 16.791682283158391, 45.532909991245539 ], [ 16.776780021887852, 45.538453339495419 ], [ 16.778367545856344, 45.561007856531894 ], [ 16.786685498731782, 45.56664858066685 ] ] ] } },
{ "type": "Feature", "properties": { "BM": 3512, "longitude": 16.801922261601863, "latitude": 45.516655577157827, "population": 292 }, "geometry": { "type": "Polygon", "coordinates": [ [ [ 16.789455126563691, 45.507102514410782 ], [ 16.791682283158391, 45.532909991245539 ], [ 16.805046311754634, 45.536010216657409 ], [ 16.817875038791225, 45.510194581880242 ], [ 16.803121289291813, 45.49726842102983 ], [ 16.789455126563691, 45.507102514410782 ] ] ] } },
{ "type": "Feature", "properties": { "BM": 3463, "longitude": 16.779249434338503, "latitude": 45.308234510860345, "population": 229 }, "geometry": { "type": "Polygon", "coordinates": [ [ [ 16.741874812890163, 45.297300342132026 ], [ 16.758662690702742, 45.337040509650002 ], [ 16.817567133485397, 45.334564597718625 ], [ 16.816667560094569, 45.318847827645357 ], [ 16.794658446932999, 45.28358613523455 ], [ 16.772644445220461, 45.268766018226756 ], [ 16.741874812890163, 45.297300342132026 ] ] ] } },
{ "type": "Feature", "properties": { "BM": 3468, "longitude": 16.758028238392598, "latitude": 45.588757037829232, "population": 46 }, "geometry": { "type": "Polygon", "coordinates": [ [ [ 16.731722902418912, 45.590337974092328 ], [ 16.737110109514816, 45.616653571138414 ], [ 16.76743360767756, 45.609603434257089 ], [ 16.788161795265491, 45.56887120221382 ], [ 16.786685498731782, 45.56664858066685 ], [ 16.778367545856344, 45.561007856531894 ], [ 16.740693783259843, 45.57592837124394 ], [ 16.731722902418912, 45.590337974092328 ] ] ] } },
{ "type": "Feature", "properties": { "BM": 3479, "longitude": 16.758731579640749, "latitude": 45.451364923159744, "population": 276 }, "geometry": { "type": "Polygon", "coordinates": [ [ [ 16.747595110757242, 45.438457892668204 ], [ 16.763461504530014, 45.467163895065404 ], [ 16.768139712770804, 45.473288063186935 ], [ 16.776762451854207, 45.482382105122291 ], [ 16.777280641445735, 45.481960868256614 ], [ 16.778230489896409, 45.478501319396742 ], [ 16.743407384808304, 45.419361194354387 ], [ 16.739662126141315, 45.422337059594604 ], [ 16.747595110757242, 45.438457892668204 ] ] ] } },
{ "type": "Feature", "properties": { "BM": 3482, "longitude": 16.762062395159788, "latitude": 45.471979964164326, "population": 827 }, "geometry": { "type": "Polygon", "coordinates": [ [ [ 16.771291587876934, 45.489163878769183 ], [ 16.763461504530014, 45.467163895065404 ], [ 16.747595110757242, 45.438457892668204 ], [ 16.768856631975432, 45.496893061770642 ], [ 16.771291587876934, 45.489163878769183 ] ] ] } },
{ "type": "Feature", "properties": { "BM": 3483, "longitude": 16.769554130286284, "latitude": 45.479771611319826, "population": 822 }, "geometry": { "type": "Polygon", "coordinates": [ [ [ 16.763461504530014, 45.467163895065404 ], [ 16.771291587876934, 45.489163878769183 ], [ 16.77442783859852, 45.485598917340795 ], [ 16.768139712770804, 45.473288063186935 ], [ 16.763461504530014, 45.467163895065404 ] ] ] } },
{ "type": "Feature", "properties": { "BM": 3480, "longitude": 16.759037295952297, "latitude": 45.5534749407432, "population": 228 }, "geometry": { "type": "Polygon", "coordinates": [ [ [ 16.740693783259843, 45.57592837124394 ], [ 16.778367545856344, 45.561007856531894 ], [ 16.776780021887852, 45.538453339495419 ], [ 16.772399173420322, 45.535999995242271 ], [ 16.744931894895739, 45.538230979715259 ], [ 16.740693783259843, 45.57592837124394 ] ] ] } },
{ "type": "Feature", "properties": { "BM": 3481, "longitude": 16.774963788232629, "latitude": 45.491088283700762, "population": 656 }, "geometry": { "type": "Polygon", "coordinates": [ [ [ 16.768856631975432, 45.496893061770642 ], [ 16.768457648715501, 45.500358837558039 ], [ 16.783505447332079, 45.487993778025171 ], [ 16.776184820422696, 45.48447704998695 ], [ 16.77442783859852, 45.485598917340795 ], [ 16.771291587876934, 45.489163878769183 ], [ 16.768856631975432, 45.496893061770642 ] ] ] } },
{ "type": "Feature", "properties": { "BM": 3487, "longitude": 16.773705174167489, "latitude": 45.438827169606888, "population": 458 }, "geometry": { "type": "Polygon", "coordinates": [ [ [ 16.743407384808304, 45.419361194354387 ], [ 16.778230489896409, 45.478501319396742 ], [ 16.784304421309642, 45.47926172725213 ], [ 16.794067843779516, 45.454764529902832 ], [ 16.792920813240592, 45.425513797259853 ], [ 16.789449995551916, 45.416409433004063 ], [ 16.786095161764859, 45.413805916158971 ], [ 16.757570787938022, 45.410837759135568 ], [ 16.749123808734154, 45.414534502940512 ], [ 16.743407384808304, 45.419361194354387 ] ] ] } },
{ "type": "Feature", "properties": { "BM": 3438, "longitude": 16.753694657545797, "latitude": 45.519722779595732, "population": 101 }, "geometry": { "type": "Polygon", "coordinates": [ [ [ 16.733263565889221, 45.506206406855178 ], [ 16.740992370733334, 45.532743764194329 ], [ 16.744931894895739, 45.538230979715259 ], [ 16.772399173420322, 45.535999995242271 ], [ 16.769240689042341, 45.506022359625639 ], [ 16.766970910506839, 45.504231742908793 ], [ 16.734117632547871, 45.502434609921224 ], [ 16.733263565889221, 45.506206406855178 ] ] ] } },
{ "type": "Feature", "properties": { "BM": 3399, "longitude": 16.734822649688162, "latitude": 45.144177439963194, "population": 148 }, "geometry": { "type": "Polygon", "coordinates": [ [ [ 16.714380018929813, 45.20661523622401 ], [ 16.771082170980961, 45.249731349166503 ], [ 16.776589994648489, 45.20046112398974 ], [ 16.70129725855659, 44.977937545184048 ], [ 16.714380018929813, 45.20661523622401 ] ] ] } },
{ "type": "Feature", "properties": { "BM": 3406, "longitude": 16.74075173585312, "latitude": 45.467823591879828, "population": 1172 }, "geometry": { "type": "Polygon", "coordinates": [ [ [ 16.734117632547871, 45.502434609921224 ], [ 16.766970910506839, 45.504231742908793 ], [ 16.768457648715501, 45.500358837558039 ], [ 16.768856631975432, 45.496893061770642 ], [ 16.747595110757242, 45.438457892668204 ], [ 16.739662126141315, 45.422337059594604 ], [ 16.736675719372997, 45.424195561756683 ], [ 16.712946110483795, 45.445285091736977 ], [ 16.734117632547871, 45.502434609921224 ] ] ] } },
{ "type": "Feature", "properties": { "BM": 3405, "longitude": 16.717063473027899, "latitude": 45.53010259258987, "population": 95 }, "geometry": { "type": "Polygon", "coordinates": [ [ [ 16.696623035789877, 45.551047867615644 ], [ 16.740992370733334, 45.532743764194329 ], [ 16.733263565889221, 45.506206406855178 ], [ 16.691507980505889, 45.533522249563852 ], [ 16.696623035789877, 45.551047867615644 ] ] ] } },
{ "type": "Feature", "properties": { "BM": 3412, "longitude": 16.723746771827333, "latitude": 45.559938901761932, "population": 94 }, "geometry": { "type": "Polygon", "coordinates": [ [ [ 16.696808555088648, 45.564317530576432 ], [ 16.731722902418912, 45.590337974092328 ], [ 16.740693783259843, 45.57592837124394 ], [ 16.744931894895739, 45.538230979715259 ], [ 16.740992370733334, 45.532743764194329 ], [ 16.696623035789877, 45.551047867615644 ], [ 16.696808555088648, 45.564317530576432 ] ] ] } },
{ "type": "Feature", "properties": { "BM": 3367, "longitude": 16.688873294085088, "latitude": 45.27974621197265, "population": 227 }, "geometry": { "type": "Polygon", "coordinates": [ [ [ 16.65723884268041, 45.266173603632282 ], [ 16.687615666366352, 45.319361862148305 ], [ 16.723156128418704, 45.297606927872543 ], [ 16.687932731617973, 45.240279272738356 ], [ 16.679966883674012, 45.240629204429027 ], [ 16.65723884268041, 45.266173603632282 ] ] ] } },
{ "type": "Feature", "properties": { "BM": 3374, "longitude": 16.73085957596518, "latitude": 45.254804215683301, "population": 196 }, "geometry": { "type": "Polygon", "coordinates": [ [ [ 16.723156128418704, 45.297606927872543 ], [ 16.741874812890163, 45.297300342132026 ], [ 16.772644445220461, 45.268766018226756 ], [ 16.774900663461377, 45.257478387815709 ], [ 16.771082170980961, 45.249731349166503 ], [ 16.714380018929813, 45.20661523622401 ], [ 16.687932731617973, 45.240279272738356 ], [ 16.723156128418704, 45.297606927872543 ] ] ] } },
{ "type": "Feature", "properties": { "BM": 3375, "longitude": 16.707701512751314, "latitude": 45.379812874523346, "population": 26 }, "geometry": { "type": "Polygon", "coordinates": [ [ [ 16.676047015841863, 45.328988561417667 ], [ 16.685365400722908, 45.382584759362494 ], [ 16.736675719372997, 45.424195561756683 ], [ 16.739662126141315, 45.422337059594604 ], [ 16.743407384808304, 45.419361194354387 ], [ 16.749123808734154, 45.414534502940512 ], [ 16.681185216966245, 45.326659085313857 ], [ 16.676047015841863, 45.328988561417667 ] ] ] } },
{ "type": "Feature", "properties": { "BM": 3379, "longitude": 16.729396535122177, "latitude": 45.346838373370005, "population": 192 }, "geometry": { "type": "Polygon", "coordinates": [ [ [ 16.681185216966245, 45.326659085313857 ], [ 16.749123808734154, 45.414534502940512 ], [ 16.757570787938022, 45.410837759135568 ], [ 16.758662690702742, 45.337040509650002 ], [ 16.741874812890163, 45.297300342132026 ], [ 16.723156128418704, 45.297606927872543 ], [ 16.687615666366352, 45.319361862148305 ], [ 16.681185216966245, 45.326659085313857 ] ] ] } },
{ "type": "Feature", "properties": { "BM": 3377, "longitude": 16.707330519861451, "latitude": 45.49008432494638, "population": 824 }, "geometry": { "type": "Polygon", "coordinates": [ [ [ 16.695265824157033, 45.448883256806795 ], [ 16.686121193983315, 45.529045893109434 ], [ 16.691507980505889, 45.533522249563852 ], [ 16.733263565889221, 45.506206406855178 ], [ 16.734117632547871, 45.502434609921224 ], [ 16.712946110483795, 45.445285091736977 ], [ 16.695265824157033, 45.448883256806795 ] ] ] } },
{ "type": "Feature", "properties": { "BM": 3348, "longitude": 16.875073267213363, "latitude": 44.825708306718163, "population": 212 }, "geometry": { "type": "Polygon", "coordinates": [ [ [ 16.760478831153911, 44.566964770318272 ], [ 16.805435639186054, 45.198409374568669 ], [ 16.837321038927204, 45.222678701430674 ], [ 16.939377182997347, 45.114409008822818 ], [ 16.99094001911595, 44.90835298120102 ], [ 16.961413422189697, 44.561513679049632 ], [ 16.953207673886919, 44.47721492996358 ], [ 16.85407433179175, 44.506954375377873 ], [ 16.763807177703505, 44.556080869892163 ], [ 16.760478831153911, 44.566964770318272 ] ] ] } },
{ "type": "Feature", "properties": { "BM": 3355, "longitude": 16.690752654780777, "latitude": 45.41756996547408, "population": 58 }, "geometry": { "type": "Polygon", "coordinates": [ [ [ 16.658593715695858, 45.415433241471938 ], [ 16.675240658060709, 45.448366669498647 ], [ 16.695265824157033, 45.448883256806795 ], [ 16.712946110483795, 45.445285091736977 ], [ 16.736675719372997, 45.424195561756683 ], [ 16.685365400722908, 45.382584759362494 ], [ 16.656685942478095, 45.387467448837754 ], [ 16.658593715695858, 45.415433241471938 ] ] ] } },
{ "type": "Feature", "properties": { "BM": 3358, "longitude": 16.704796600651004, "latitude": 45.603960440937357, "population": 585 }, "geometry": { "type": "Polygon", "coordinates": [ [ [ 16.665065040448578, 45.590696159585534 ], [ 16.716647766895626, 45.652156639027162 ], [ 16.725003078259899, 45.646402183544673 ], [ 16.737110109514816, 45.616653571138414 ], [ 16.731722902418912, 45.590337974092328 ], [ 16.696808555088648, 45.564317530576432 ], [ 16.674031323688503, 45.573956590118812 ], [ 16.665065040448578, 45.590696159585534 ] ] ] } },
{ "type": "Feature", "properties": { "BM": 2784, "longitude": 16.426476280126121, "latitude": 45.739743718742574, "population": 489 }, "geometry": { "type": "Polygon", "coordinates": [ [ [ 16.416000540375073, 45.75103499582945 ], [ 16.439148267019643, 45.739236750972438 ], [ 16.432881822192567, 45.727045927622235 ], [ 16.41294608159189, 45.745065469139398 ], [ 16.416000540375073, 45.75103499582945 ] ] ] } },
{ "type": "Feature", "properties": { "BM": 2788, "longitude": 16.428633387215381, "latitude": 45.751895495535862, "population": 197 }, "geometry": { "type": "Polygon", "coordinates": [ [ [ 16.441586142309003, 45.741370745934603 ], [ 16.439148267019643, 45.739236750972438 ], [ 16.416000540375073, 45.75103499582945 ], [ 16.414907723391771, 45.755554881190278 ], [ 16.424905702830408, 45.764014637068634 ], [ 16.436445166753852, 45.75614700996946 ], [ 16.441586142309003, 45.741370745934603 ] ] ] } },
{ "type": "Feature", "properties": { "BM": 2789, "longitude": 16.451743351144366, "latitude": 45.756318157079996, "population": 330 }, "geometry": { "type": "Polygon", "coordinates": [ [ [ 16.436445166753852, 45.75614700996946 ], [ 16.446536395778342, 45.773971860772733 ], [ 16.458161682617394, 45.769936061737134 ], [ 16.463963201335677, 45.763952632444955 ], [ 16.467480722301342, 45.745649014487142 ], [ 16.441586142309003, 45.741370745934603 ], [ 16.436445166753852, 45.75614700996946 ] ] ] } },
{ "type": "Feature", "properties": { "BM": 2795, "longitude": 16.433628832271857, "latitude": 45.773624323996636, "population": 170 }, "geometry": { "type": "Polygon", "coordinates": [ [ [ 16.426364938761171, 45.794648482131663 ], [ 16.446536395778342, 45.773971860772733 ], [ 16.436445166753852, 45.75614700996946 ], [ 16.424905702830408, 45.764014637068634 ], [ 16.426364938761171, 45.794648482131663 ] ] ] } },
{ "type": "Feature", "properties": { "BM": 2796, "longitude": 16.454244950616012, "latitude": 45.73182861864413, "population": 444 }, "geometry": { "type": "Polygon", "coordinates": [ [ [ 16.441586142309003, 45.741370745934603 ], [ 16.467480722301342, 45.745649014487142 ], [ 16.477407711507297, 45.738536885736401 ], [ 16.458888944507692, 45.7163482052623 ], [ 16.431632964383436, 45.723911010323597 ], [ 16.432881822192567, 45.727045927622235 ], [ 16.439148267019643, 45.739236750972438 ], [ 16.441586142309003, 45.741370745934603 ] ] ] } },
{ "type": "Feature", "properties": { "BM": 2756, "longitude": 16.405655747924861, "latitude": 45.748935826088051, "population": 138 }, "geometry": { "type": "Polygon", "coordinates": [ [ [ 16.398339973313089, 45.763833247249764 ], [ 16.414907723391771, 45.755554881190278 ], [ 16.416000540375073, 45.75103499582945 ], [ 16.41294608159189, 45.745065469139398 ], [ 16.400605876564093, 45.730277774729046 ], [ 16.40055734041135, 45.730283435520889 ], [ 16.398339973313089, 45.763833247249764 ] ] ] } },
{ "type": "Feature", "properties": { "BM": 2763, "longitude": 16.41733129580296, "latitude": 45.729756048553071, "population": 1043 }, "geometry": { "type": "Polygon", "coordinates": [ [ [ 16.400605876564093, 45.730277774729046 ], [ 16.41294608159189, 45.745065469139398 ], [ 16.432881822192567, 45.727045927622235 ], [ 16.431632964383436, 45.723911010323597 ], [ 16.424669986985119, 45.715540678282352 ], [ 16.400605876564093, 45.730277774729046 ] ] ] } },
{ "type": "Feature", "properties": { "BM": 2761, "longitude": 16.435501901401491, "latitude": 45.476794794399424, "population": 1296 }, "geometry": { "type": "Polygon", "coordinates": [ [ [ 16.418626358319081, 45.477137684446504 ], [ 16.432883899599709, 45.493646813040783 ], [ 16.459810814764907, 45.468127256391156 ], [ 16.41820325523053, 45.467649364060605 ], [ 16.418626358319081, 45.477137684446504 ] ] ] } },
{ "type": "Feature", "properties": { "BM": 2770, "longitude": 16.468124705926385, "latitude": 45.506753455391632, "population": 418 }, "geometry": { "type": "Polygon", "coordinates": [ [ [ 16.434544295372316, 45.511161717687131 ], [ 16.436773761245369, 45.516019314743886 ], [ 16.456542834014485, 45.542764679275422 ], [ 16.468691807712833, 45.549360341441016 ], [ 16.486092636138604, 45.537922617514781 ], [ 16.494242874044424, 45.52541716102543 ], [ 16.505880419080547, 45.492979796410836 ], [ 16.505132208956429, 45.4919197814475 ], [ 16.464409062231645, 45.466121356981603 ], [ 16.459810814764907, 45.468127256391156 ], [ 16.432883899599709, 45.493646813040783 ], [ 16.434544295372316, 45.511161717687131 ] ] ] } },
{ "type": "Feature", "properties": { "BM": 2768, "longitude": 16.441270808242042, "latitude": 45.704114381479812, "population": 779 }, "geometry": { "type": "Polygon", "coordinates": [ [ [ 16.437548182157968, 45.676322340398571 ], [ 16.424848885458172, 45.709528584128492 ], [ 16.424669986985119, 45.715540678282352 ], [ 16.431632964383436, 45.723911010323597 ], [ 16.458888944507692, 45.7163482052623 ], [ 16.457199531243646, 45.699563072410548 ], [ 16.437548182157968, 45.676322340398571 ] ] ] } },
{ "type": "Feature", "properties": { "BM": 2769, "longitude": 16.465374910281831, "latitude": 45.687199331761313, "population": 455 }, "geometry": { "type": "Polygon", "coordinates": [ [ [ 16.457199531243646, 45.699563072410548 ], [ 16.489259727959887, 45.705430054402328 ], [ 16.488546519537909, 45.692177594511641 ], [ 16.476404239691796, 45.675045880329456 ], [ 16.43728623068489, 45.670890100007135 ], [ 16.437548182157968, 45.676322340398571 ], [ 16.457199531243646, 45.699563072410548 ] ] ] } },
{ "type": "Feature", "properties": { "BM": 2781, "longitude": 16.428020032460932, "latitude": 45.27245148229111, "population": 166 }, "geometry": { "type": "Polygon", "coordinates": [ [ [ 16.394613432601393, 45.237128071860568 ], [ 16.415939930660066, 45.318361577264611 ], [ 16.452572460919818, 45.31253708931041 ], [ 16.464265511271449, 45.285765356565499 ], [ 16.444226836603086, 45.24876171668258 ], [ 16.422470712411847, 45.223706578225588 ], [ 16.406534263197113, 45.225586281650351 ], [ 16.394613432601393, 45.237128071860568 ] ] ] } },
{ "type": "Feature", "properties": { "BM": 2742, "longitude": 16.441099409251795, "latitude": 45.339018959072213, "population": 105 }, "geometry": { "type": "Polygon", "coordinates": [ [ [ 16.407238334237221, 45.33330871726627 ], [ 16.412586216689515, 45.34563129988905 ], [ 16.428556186111884, 45.364214555958483 ], [ 16.449580298242761, 45.363964822267434 ], [ 16.460770151368546, 45.359412829181394 ], [ 16.478578905591142, 45.345591173281868 ], [ 16.452572460919818, 45.31253708931041 ], [ 16.415939930660066, 45.318361577264611 ], [ 16.407238334237221, 45.33330871726627 ] ] ] } },
{ "type": "Feature", "properties": { "BM": 2743, "longitude": 16.523477530487696, "latitude": 45.071233952088939, "population": 435 }, "geometry": { "type": "Polygon", "coordinates": [ [ [ 16.418680928855927, 45.122916424601321 ], [ 16.457852412241724, 45.197743704146482 ], [ 16.463065243336501, 45.195617363577426 ], [ 16.517958611089448, 45.15647277987992 ], [ 16.587965304568275, 45.075882813396589 ], [ 16.634986230193174, 44.911457844814599 ], [ 16.453435594706619, 45.06975528628449 ], [ 16.418680928855927, 45.122916424601321 ] ] ] } },
{ "type": "Feature", "properties": { "BM": 2746, "longitude": 16.659423824184948, "latitude": 45.058225188395866, "population": 248 }, "geometry": { "type": "Polygon", "coordinates": [ [ [ 16.587965304568275, 45.075882813396589 ], [ 16.589356123669717, 45.085601564776262 ], [ 16.643700439203062, 45.215654166465249 ], [ 16.679966883674012, 45.240629204429027 ], [ 16.687932731617973, 45.240279272738356 ], [ 16.714380018929813, 45.20661523622401 ], [ 16.70129725855659, 44.977937545184048 ], [ 16.677699370684337, 44.82512021660802 ], [ 16.652762352869008, 44.873980684937166 ], [ 16.634986230193174, 44.911457844814599 ], [ 16.587965304568275, 45.075882813396589 ] ] ] } },
{ "type": "Feature", "properties": { "BM": 2747, "longitude": 16.418716447707578, "latitude": 45.494666771305681, "population": 658 }, "geometry": { "type": "Polygon", "coordinates": [ [ [ 16.397711319637715, 45.495167433717874 ], [ 16.397483190939155, 45.496495326087107 ], [ 16.434544295372316, 45.511161717687131 ], [ 16.432883899599709, 45.493646813040783 ], [ 16.418626358319081, 45.477137684446504 ], [ 16.397711319637715, 45.495167433717874 ] ] ] } },
{ "type": "Feature", "properties": { "BM": 2745, "longitude": 16.42462851884072, "latitude": 45.412534291121943, "population": 606 }, "geometry": { "type": "Polygon", "coordinates": [ [ [ 16.428677488179339, 45.434963923730344 ], [ 16.439130709343811, 45.431328693803906 ], [ 16.439824007113348, 45.409451920169126 ], [ 16.420788655190435, 45.387479357030927 ], [ 16.411898597067225, 45.392178537192244 ], [ 16.410079339217305, 45.421241728723508 ], [ 16.428677488179339, 45.434963923730344 ] ] ] } },
{ "type": "Feature", "properties": { "BM": 2751, "longitude": 16.439572605789909, "latitude": 45.452647138980694, "population": 687 }, "geometry": { "type": "Polygon", "coordinates": [ [ [ 16.417195154947667, 45.465716185630647 ], [ 16.41820325523053, 45.467649364060605 ], [ 16.459810814764907, 45.468127256391156 ], [ 16.464409062231645, 45.466121356981603 ], [ 16.454187337517673, 45.438794340612205 ], [ 16.439130709343811, 45.431328693803906 ], [ 16.428677488179339, 45.434963923730344 ], [ 16.420082002869769, 45.446020861375999 ], [ 16.417195154947667, 45.465716185630647 ] ] ] } },
{ "type": "Feature", "properties": { "BM": 2694, "longitude": 16.391249910882252, "latitude": 45.406028705588646, "population": 53 }, "geometry": { "type": "Polygon", "coordinates": [ [ [ 16.362218107909115, 45.397803524408999 ], [ 16.385004464149514, 45.422543541540023 ], [ 16.410079339217305, 45.421241728723508 ], [ 16.411898597067225, 45.392178537192244 ], [ 16.373813793923556, 45.393414840613175 ], [ 16.363856018718472, 45.396787159565967 ], [ 16.362218107909115, 45.397803524408999 ] ] ] } },
{ "type": "Feature", "properties": { "BM": 2699, "longitude": 16.392204247350847, "latitude": 45.694149593311401, "population": 115 }, "geometry": { "type": "Polygon", "coordinates": [ [ [ 16.387933065210333, 45.681409006353725 ], [ 16.390549250305018, 45.70507090911282 ], [ 16.391789153936049, 45.704800251771054 ], [ 16.398174933370619, 45.698966657501934 ], [ 16.389634730521049, 45.680935449074951 ], [ 16.387933065210333, 45.681409006353725 ] ] ] } },
{ "type": "Feature", "properties": { "BM": 2696, "longitude": 16.388769384475903, "latitude": 45.359384640624903, "population": 41 }, "geometry": { "type": "Polygon", "coordinates": [ [ [ 16.363856018718472, 45.396787159565967 ], [ 16.373813793923556, 45.393414840613175 ], [ 16.412586216689515, 45.34563129988905 ], [ 16.407238334237221, 45.33330871726627 ], [ 16.387432982219099, 45.333713630764855 ], [ 16.363856018718472, 45.396787159565967 ] ] ] } },
{ "type": "Feature", "properties": { "BM": 2697, "longitude": 16.405247549579048, "latitude": 45.433464329297173, "population": 177 }, "geometry": { "type": "Polygon", "coordinates": [ [ [ 16.390212696929321, 45.4423334210381 ], [ 16.420082002869769, 45.446020861375999 ], [ 16.428677488179339, 45.434963923730344 ], [ 16.410079339217305, 45.421241728723508 ], [ 16.385004464149514, 45.422543541540023 ], [ 16.38746944108367, 45.438741276829354 ], [ 16.390212696929321, 45.4423334210381 ] ] ] } },
{ "type": "Feature", "properties": { "BM": 2703, "longitude": 16.416055702397404, "latitude": 45.68340263675254, "population": 533 }, "geometry": { "type": "Polygon", "coordinates": [ [ [ 16.398174933370619, 45.698966657501934 ], [ 16.399842496114967, 45.701084935859036 ], [ 16.403076996428613, 45.703821085390565 ], [ 16.424848885458172, 45.709528584128492 ], [ 16.437548182157968, 45.676322340398571 ], [ 16.43728623068489, 45.670890100007135 ], [ 16.431733345218028, 45.661062689289444 ], [ 16.426843333954217, 45.65438754644822 ], [ 16.389634730521049, 45.680935449074951 ], [ 16.398174933370619, 45.698966657501934 ] ] ] } },
{ "type": "Feature", "properties": { "BM": 2704, "longitude": 16.390327440567564, "latitude": 45.709783233567656, "population": 505 }, "geometry": { "type": "Polygon", "coordinates": [ [ [ 16.384878066793124, 45.710486039293187 ], [ 16.390759884483234, 45.715256210315708 ], [ 16.393943735405692, 45.710783824461195 ], [ 16.394299207872582, 45.706769202102578 ], [ 16.391789153936049, 45.704800251771054 ], [ 16.390549250305018, 45.70507090911282 ], [ 16.384878066793124, 45.710486039293187 ] ] ] } },
{ "type": "Feature", "properties": { "BM": 2705, "longitude": 16.42345959938735, "latitude": 45.529592210711854, "population": 162 }, "geometry": { "type": "Polygon", "coordinates": [ [ [ 16.400365083080292, 45.534703349234555 ], [ 16.417712727594637, 45.543532797394782 ], [ 16.456542834014485, 45.542764679275422 ], [ 16.436773761245369, 45.516019314743886 ], [ 16.396118754823821, 45.515865424733725 ], [ 16.394856591057017, 45.52338911971701 ], [ 16.400365083080292, 45.534703349234555 ] ] ] } },
{ "type": "Feature", "properties": { "BM": 2710, "longitude": 16.395930534739467, "latitude": 45.702969455655094, "population": 841 }, "geometry": { "type": "Polygon", "coordinates": [ [ [ 16.391789153936049, 45.704800251771054 ], [ 16.394299207872582, 45.706769202102578 ], [ 16.399842496114967, 45.701084935859036 ], [ 16.398174933370619, 45.698966657501934 ], [ 16.391789153936049, 45.704800251771054 ] ] ] } },
{ "type": "Feature", "properties": { "BM": 2711, "longitude": 16.405870592129457, "latitude": 45.374613493803174, "population": 190 }, "geometry": { "type": "Polygon", "coordinates": [ [ [ 16.373813793923556, 45.393414840613175 ], [ 16.411898597067225, 45.392178537192244 ], [ 16.420788655190435, 45.387479357030927 ], [ 16.428556186111884, 45.364214555958483 ], [ 16.412586216689515, 45.34563129988905 ], [ 16.373813793923556, 45.393414840613175 ] ] ] } },
{ "type": "Feature", "properties": { "BM": 2714, "longitude": 16.430292671186173, "latitude": 45.576286830265133, "population": 194 }, "geometry": { "type": "Polygon", "coordinates": [ [ [ 16.415053521296642, 45.6197071909519 ], [ 16.421598163488209, 45.621742437837618 ], [ 16.459037893038943, 45.59229748199408 ], [ 16.468691807712833, 45.549360341441016 ], [ 16.456542834014485, 45.542764679275422 ], [ 16.417712727594637, 45.543532797394782 ], [ 16.389792821761908, 45.569090732602284 ], [ 16.415053521296642, 45.6197071909519 ] ] ] } },
{ "type": "Feature", "properties": { "BM": 2715, "longitude": 16.408889566782392, "latitude": 45.715951078209628, "population": 796 }, "geometry": { "type": "Polygon", "coordinates": [ [ [ 16.397911581824705, 45.729707101503593 ], [ 16.40055734041135, 45.730283435520889 ], [ 16.400605876564093, 45.730277774729046 ], [ 16.424669986985119, 45.715540678282352 ], [ 16.424848885458172, 45.709528584128492 ], [ 16.403076996428613, 45.703821085390565 ], [ 16.40056518101677, 45.706850960907566 ], [ 16.39644816156256, 45.726080275592857 ], [ 16.397911581824705, 45.729707101503593 ] ] ] } },
{ "type": "Feature", "properties": { "BM": 2716, "longitude": 16.395840985002113, "latitude": 45.715552947813457, "population": 1102 }, "geometry": { "type": "Polygon", "coordinates": [ [ [ 16.39644816156256, 45.726080275592857 ], [ 16.40056518101677, 45.706850960907566 ], [ 16.393943735405692, 45.710783824461195 ], [ 16.390759884483234, 45.715256210315708 ], [ 16.39644816156256, 45.726080275592857 ] ] ] } },
{ "type": "Feature", "properties": { "BM": 2717, "longitude": 16.398226187252245, "latitude": 45.705736268033228, "population": 578 }, "geometry": { "type": "Polygon", "coordinates": [ [ [ 16.394299207872582, 45.706769202102578 ], [ 16.393943735405692, 45.710783824461195 ], [ 16.40056518101677, 45.706850960907566 ], [ 16.403076996428613, 45.703821085390565 ], [ 16.399842496114967, 45.701084935859036 ], [ 16.394299207872582, 45.706769202102578 ] ] ] } },
{ "type": "Feature", "properties": { "BM": 2656, "longitude": 16.38109726052636, "latitude": 45.508168090182807, "population": 220 }, "geometry": { "type": "Polygon", "coordinates": [ [ [ 16.370332706764319, 45.516462701688383 ], [ 16.394001843167665, 45.507748958118214 ], [ 16.394426638507653, 45.500443268408127 ], [ 16.389782183841238, 45.499819783222073 ], [ 16.370646293736126, 45.508083658824916 ], [ 16.365085111932633, 45.515596642282496 ], [ 16.370332706764319, 45.516462701688383 ] ] ] } },
{ "type": "Feature", "properties": { "BM": 2662, "longitude": 16.380917847184236, "latitude": 45.484132743585754, "population": 813 }, "geometry": { "type": "Polygon", "coordinates": [ [ [ 16.376310249890381, 45.485551002799816 ], [ 16.378145003917588, 45.48851186212076 ], [ 16.378874631665774, 45.488797682888055 ], [ 16.385613561613116, 45.482177610772013 ], [ 16.383865596385991, 45.479309868182867 ], [ 16.376540580919027, 45.485196003033423 ], [ 16.376310249890381, 45.485551002799816 ] ] ] } },
{ "type": "Feature", "properties": { "BM": 2663, "longitude": 16.378532340759119, "latitude": 45.492893588784838, "population": 483 }, "geometry": { "type": "Polygon", "coordinates": [ [ [ 16.383068426846762, 45.497105587905629 ], [ 16.378874631665774, 45.488797682888055 ], [ 16.378145003917588, 45.48851186212076 ], [ 16.373752279323931, 45.491277037263146 ], [ 16.379377528461614, 45.496686578659073 ], [ 16.383068426846762, 45.497105587905629 ] ] ] } },
{ "type": "Feature", "properties": { "BM": 2661, "longitude": 16.367179497026225, "latitude": 45.549442827707857, "population": 100 }, "geometry": { "type": "Polygon", "coordinates": [ [ [ 16.347985794201698, 45.557818270099339 ], [ 16.378942942062064, 45.562664895930709 ], [ 16.390822806507188, 45.540830712725359 ], [ 16.37659940496626, 45.535155225484921 ], [ 16.337159453476357, 45.550044386286473 ], [ 16.347985794201698, 45.557818270099339 ] ] ] } },
{ "type": "Feature", "properties": { "BM": 2666, "longitude": 16.388903035858807, "latitude": 45.454170669913033, "population": 659 }, "geometry": { "type": "Polygon", "coordinates": [ [ [ 16.387242166466418, 45.447871662232259 ], [ 16.382831123014704, 45.458524628738701 ], [ 16.394269324091052, 45.460849698057629 ], [ 16.390084072173231, 45.444015692294059 ], [ 16.387242166466418, 45.447871662232259 ] ] ] } },
{ "type": "Feature", "properties": { "BM": 2664, "longitude": 16.381475096973421, "latitude": 45.695289271533248, "population": 572 }, "geometry": { "type": "Polygon", "coordinates": [ [ [ 16.369618527728861, 45.694790336349584 ], [ 16.380907543032126, 45.708969925415637 ], [ 16.384878066793124, 45.710486039293187 ], [ 16.390549250305018, 45.70507090911282 ], [ 16.387933065210333, 45.681409006353725 ], [ 16.374959117401175, 45.684130940317608 ], [ 16.369618527728861, 45.694790336349584 ] ] ] } },
{ "type": "Feature", "properties": { "BM": 2665, "longitude": 16.388100386495363, "latitude": 45.492346883008075, "population": 1479 }, "geometry": { "type": "Polygon", "coordinates": [ [ [ 16.389782183841238, 45.499819783222073 ], [ 16.394426638507653, 45.500443268408127 ], [ 16.397483190939155, 45.496495326087107 ], [ 16.397711319637715, 45.495167433717874 ], [ 16.397180611179049, 45.494203355397495 ], [ 16.385613561613116, 45.482177610772013 ], [ 16.378874631665774, 45.488797682888055 ], [ 16.383068426846762, 45.497105587905629 ], [ 16.389782183841238, 45.499819783222073 ] ] ] } },
{ "type": "Feature", "properties": { "BM": 2671, "longitude": 16.388684729422408, "latitude": 45.462847925444485, "population": 830 }, "geometry": { "type": "Polygon", "coordinates": [ [ [ 16.379392887820092, 45.461602240031198 ], [ 16.39230559731412, 45.46777741138736 ], [ 16.39620379792041, 45.466219315250193 ], [ 16.396348022412457, 45.466089813705651 ], [ 16.394269324091052, 45.460849698057629 ], [ 16.382831123014704, 45.458524628738701 ], [ 16.379392887820092, 45.461602240031198 ] ] ] } },
{ "type": "Feature", "properties": { "BM": 2669, "longitude": 16.386037378722495, "latitude": 45.517215334739674, "population": 170 }, "geometry": { "type": "Polygon", "coordinates": [ [ [ 16.383847880605511, 45.525269981895256 ], [ 16.394856591057017, 45.52338911971701 ], [ 16.396118754823821, 45.515865424733725 ], [ 16.394001843167665, 45.507748958118214 ], [ 16.370332706764319, 45.516462701688383 ], [ 16.383847880605511, 45.525269981895256 ] ] ] } },
{ "type": "Feature", "properties": { "BM": 2672, "longitude": 16.396776708638811, "latitude": 45.551004131408611, "population": 101 }, "geometry": { "type": "Polygon", "coordinates": [ [ [ 16.378942942062064, 45.562664895930709 ], [ 16.389792821761908, 45.569090732602284 ], [ 16.417712727594637, 45.543532797394782 ], [ 16.400365083080292, 45.534703349234555 ], [ 16.390822806507188, 45.540830712725359 ], [ 16.378942942062064, 45.562664895930709 ] ] ] } },
{ "type": "Feature", "properties": { "BM": 2678, "longitude": 16.405274591821904, "latitude": 45.454379886187752, "population": 183 }, "geometry": { "type": "Polygon", "coordinates": [ [ [ 16.390084072173231, 45.444015692294059 ], [ 16.394269324091052, 45.460849698057629 ], [ 16.396348022412457, 45.466089813705651 ], [ 16.417195154947667, 45.465716185630647 ], [ 16.420082002869769, 45.446020861375999 ], [ 16.390212696929321, 45.4423334210381 ], [ 16.390084072173231, 45.444015692294059 ] ] ] } },
{ "type": "Feature", "properties": { "BM": 2679, "longitude": 16.405940088707915, "latitude": 45.476837820925645, "population": 812 }, "geometry": { "type": "Polygon", "coordinates": [ [ [ 16.397711319637715, 45.495167433717874 ], [ 16.418626358319081, 45.477137684446504 ], [ 16.41820325523053, 45.467649364060605 ], [ 16.417195154947667, 45.465716185630647 ], [ 16.396348022412457, 45.466089813705651 ], [ 16.39620379792041, 45.466219315250193 ], [ 16.397180611179049, 45.494203355397495 ], [ 16.397711319637715, 45.495167433717874 ] ] ] } },
{ "type": "Feature", "properties": { "BM": 2683, "longitude": 16.414692326070142, "latitude": 45.176602892399664, "population": 112 }, "geometry": { "type": "Polygon", "coordinates": [ [ [ 16.374955623920744, 45.162137029382194 ], [ 16.406534263197113, 45.225586281650351 ], [ 16.422470712411847, 45.223706578225588 ], [ 16.457852412241724, 45.197743704146482 ], [ 16.418680928855927, 45.122916424601321 ], [ 16.381995423751246, 45.145492915606916 ], [ 16.374955623920744, 45.162137029382194 ] ] ] } },
{ "type": "Feature", "properties": { "BM": 2680, "longitude": 16.391717051536734, "latitude": 45.478978289736098, "population": 1164 }, "geometry": { "type": "Polygon", "coordinates": [ [ [ 16.383865596385991, 45.479309868182867 ], [ 16.385613561613116, 45.482177610772013 ], [ 16.397180611179049, 45.494203355397495 ], [ 16.39620379792041, 45.466219315250193 ], [ 16.39230559731412, 45.46777741138736 ], [ 16.383054487267938, 45.476251547196028 ], [ 16.383865596385991, 45.479309868182867 ] ] ] } },
{ "type": "Feature", "properties": { "BM": 2681, "longitude": 16.389200989611169, "latitude": 45.532110820667008, "population": 215 }, "geometry": { "type": "Polygon", "coordinates": [ [ [ 16.37659940496626, 45.535155225484921 ], [ 16.390822806507188, 45.540830712725359 ], [ 16.400365083080292, 45.534703349234555 ], [ 16.394856591057017, 45.52338911971701 ], [ 16.383847880605511, 45.525269981895256 ], [ 16.37659940496626, 45.535155225484921 ] ] ] } },
{ "type": "Feature", "properties": { "BM": 2684, "longitude": 16.410957234341048, "latitude": 45.508926485846274, "population": 106 }, "geometry": { "type": "Polygon", "coordinates": [ [ [ 16.394001843167665, 45.507748958118214 ], [ 16.396118754823821, 45.515865424733725 ], [ 16.436773761245369, 45.516019314743886 ], [ 16.434544295372316, 45.511161717687131 ], [ 16.397483190939155, 45.496495326087107 ], [ 16.394426638507653, 45.500443268408127 ], [ 16.394001843167665, 45.507748958118214 ] ] ] } },
{ "type": "Feature", "properties": { "BM": 2626, "longitude": 16.387817246491121, "latitude": 45.753102111337171, "population": 268 }, "geometry": { "type": "Polygon", "coordinates": [ [ [ 16.382181705903935, 45.781657625558118 ], [ 16.398339973313089, 45.763833247249764 ], [ 16.40055734041135, 45.730283435520889 ], [ 16.397911581824705, 45.729707101503593 ], [ 16.377730351436103, 45.736963739309751 ], [ 16.375340107975727, 45.761725925426646 ], [ 16.382181705903935, 45.781657625558118 ] ] ] } },
{ "type": "Feature", "properties": { "BM": 2625, "longitude": 16.383210759139772, "latitude": 45.583249758642005, "population": 248 }, "geometry": { "type": "Polygon", "coordinates": [ [ [ 16.35000365858544, 45.563339498624117 ], [ 16.40988826763461, 45.620050617516135 ], [ 16.415053521296642, 45.6197071909519 ], [ 16.389792821761908, 45.569090732602284 ], [ 16.378942942062064, 45.562664895930709 ], [ 16.347985794201698, 45.557818270099339 ], [ 16.35000365858544, 45.563339498624117 ] ] ] } },
{ "type": "Feature", "properties": { "BM": 2630, "longitude": 16.37293621440735, "latitude": 45.481523006509008, "population": 594 }, "geometry": { "type": "Polygon", "coordinates": [ [ [ 16.370533695918397, 45.481505682848415 ], [ 16.3756404897143, 45.485715755050919 ], [ 16.376310249890381, 45.485551002799816 ], [ 16.376540580919027, 45.485196003033423 ], [ 16.372445184562437, 45.477904774313281 ], [ 16.370992968858214, 45.47802550323037 ], [ 16.36992231986763, 45.479240054402048 ], [ 16.370533695918397, 45.481505682848415 ] ] ] } },
{ "type": "Feature", "properties": { "BM": 2631, "longitude": 16.37227261756809, "latitude": 45.485643411801888, "population": 285 }, "geometry": { "type": "Polygon", "coordinates": [ [ [ 16.370595671576929, 45.489038233898846 ], [ 16.371099352291896, 45.48940868668673 ], [ 16.3756404897143, 45.485715755050919 ], [ 16.370533695918397, 45.481505682848415 ], [ 16.370595671576929, 45.489038233898846 ] ] ] } },
{ "type": "Feature", "properties": { "BM": 2628, "longitude": 16.373668418788711, "latitude": 45.592863905427194, "population": 236 }, "geometry": { "type": "Polygon", "coordinates": [ [ [ 16.357615598414323, 45.59173532212651 ], [ 16.407521682912975, 45.620340286126599 ], [ 16.40988826763461, 45.620050617516135 ], [ 16.35000365858544, 45.563339498624117 ], [ 16.357615598414323, 45.59173532212651 ] ] ] } },
{ "type": "Feature", "properties": { "BM": 2629, "longitude": 16.36449370181618, "latitude": 45.497389922168374, "population": 620 }, "geometry": { "type": "Polygon", "coordinates": [ [ [ 16.357359623733213, 45.498995659034037 ], [ 16.371475607338336, 45.499188159835207 ], [ 16.369651745801736, 45.495075728262748 ], [ 16.357721931262905, 45.496193977910885 ], [ 16.357359623733213, 45.498995659034037 ] ] ] } },
{ "type": "Feature", "properties": { "BM": 2635, "longitude": 16.382735488228704, "latitude": 45.468260373529233, "population": 310 }, "geometry": { "type": "Polygon", "coordinates": [ [ [ 16.374949796419966, 45.465130411474767 ], [ 16.381704792268437, 45.475742904148547 ], [ 16.383054487267938, 45.476251547196028 ], [ 16.39230559731412, 45.46777741138736 ], [ 16.379392887820092, 45.461602240031198 ], [ 16.377514852425644, 45.461694344554701 ], [ 16.374742273431835, 45.464424954736252 ], [ 16.374949796419966, 45.465130411474767 ] ] ] } },
{ "type": "Feature", "properties": { "BM": 2632, "longitude": 16.372690598407964, "latitude": 45.496994606493374, "population": 769 }, "geometry": { "type": "Polygon", "coordinates": [ [ [ 16.369651745801736, 45.495075728262748 ], [ 16.371475607338336, 45.499188159835207 ], [ 16.372256530663936, 45.499991742041061 ], [ 16.376884146701343, 45.497604634890671 ], [ 16.370469960800204, 45.493715745791434 ], [ 16.369651745801736, 45.495075728262748 ] ] ] } },
{ "type": "Feature", "properties": { "BM": 2633, "longitude": 16.372174223950264, "latitude": 45.423261166712479, "population": 298 }, "geometry": { "type": "Polygon", "coordinates": [ [ [ 16.362694735478648, 45.432883840828296 ], [ 16.377247568428, 45.443994356769998 ], [ 16.38746944108367, 45.438741276829354 ], [ 16.385004464149514, 45.422543541540023 ], [ 16.362218107909115, 45.397803524408999 ], [ 16.358686431194116, 45.397888305620874 ], [ 16.362694735478648, 45.432883840828296 ] ] ] } },
{ "type": "Feature", "properties": { "BM": 2639, "longitude": 16.368004261780051, "latitude": 45.442558861746392, "population": 443 }, "geometry": { "type": "Polygon", "coordinates": [ [ [ 16.363379921355286, 45.449339848646744 ], [ 16.370079838010483, 45.448481991312185 ], [ 16.377247568428, 45.443994356769998 ], [ 16.362694735478648, 45.432883840828296 ], [ 16.363379921355286, 45.449339848646744 ] ] ] } },
{ "type": "Feature", "properties": { "BM": 2636, "longitude": 16.402374965560817, "latitude": 45.105093607279585, "population": 169 }, "geometry": { "type": "Polygon", "coordinates": [ [ [ 16.361014338486402, 45.096487102537864 ], [ 16.381995423751246, 45.145492915606916 ], [ 16.418680928855927, 45.122916424601321 ], [ 16.453435594706619, 45.06975528628449 ], [ 16.389718593124272, 45.08668769488753 ], [ 16.361014338486402, 45.096487102537864 ] ] ] } },
{ "type": "Feature", "properties": { "BM": 2642, "longitude": 16.381321044682139, "latitude": 45.455946546115285, "population": 684 }, "geometry": { "type": "Polygon", "coordinates": [ [ [ 16.377514852425644, 45.461694344554701 ], [ 16.379392887820092, 45.461602240031198 ], [ 16.382831123014704, 45.458524628738701 ], [ 16.387242166466418, 45.447871662232259 ], [ 16.376890805594552, 45.456740683718373 ], [ 16.377514852425644, 45.461694344554701 ] ] ] } },
{ "type": "Feature", "properties": { "BM": 2640, "longitude": 16.375229193741255, "latitude": 45.472983031591617, "population": 553 }, "geometry": { "type": "Polygon", "coordinates": [ [ [ 16.381704792268437, 45.475742904148547 ], [ 16.374949796419966, 45.465130411474767 ], [ 16.369919664326829, 45.475043116921881 ], [ 16.370992968858214, 45.47802550323037 ], [ 16.372445184562437, 45.477904774313281 ], [ 16.381704792268437, 45.475742904148547 ] ] ] } },
{ "type": "Feature", "properties": { "BM": 2641, "longitude": 16.378327045295048, "latitude": 45.479689038565674, "population": 446 }, "geometry": { "type": "Polygon", "coordinates": [ [ [ 16.372445184562437, 45.477904774313281 ], [ 16.376540580919027, 45.485196003033423 ], [ 16.383865596385991, 45.479309868182867 ], [ 16.383054487267938, 45.476251547196028 ], [ 16.381704792268437, 45.475742904148547 ], [ 16.372445184562437, 45.477904774313281 ] ] ] } },
{ "type": "Feature", "properties": { "BM": 2647, "longitude": 16.380611936536624, "latitude": 45.447409605378311, "population": 1198 }, "geometry": { "type": "Polygon", "coordinates": [ [ [ 16.370079838010483, 45.448481991312185 ], [ 16.376890805594552, 45.456740683718373 ], [ 16.387242166466418, 45.447871662232259 ], [ 16.390084072173231, 45.444015692294059 ], [ 16.390212696929321, 45.4423334210381 ], [ 16.38746944108367, 45.438741276829354 ], [ 16.377247568428, 45.443994356769998 ], [ 16.370079838010483, 45.448481991312185 ] ] ] } },
{ "type": "Feature", "properties": { "BM": 2650, "longitude": 16.501166901363799, "latitude": 44.99884250243614, "population": 420 }, "geometry": { "type": "Polygon", "coordinates": [ [ [ 16.373830571818303, 45.061192839358625 ], [ 16.389718593124272, 45.08668769488753 ], [ 16.453435594706619, 45.06975528628449 ], [ 16.634986230193174, 44.911457844814599 ], [ 16.652762352869008, 44.873980684937166 ], [ 16.373830571818303, 45.061192839358625 ] ] ] } },
{ "type": "Feature", "properties": { "BM": 2651, "longitude": 16.374477480681431, "latitude": 45.494211676043584, "population": 841 }, "geometry": { "type": "Polygon", "coordinates": [ [ [ 16.370469960800204, 45.493715745791434 ], [ 16.376884146701343, 45.497604634890671 ], [ 16.379377528461614, 45.496686578659073 ], [ 16.373752279323931, 45.491277037263146 ], [ 16.371683623139862, 45.490519520442199 ], [ 16.370469960800204, 45.493715745791434 ] ] ] } },
{ "type": "Feature", "properties": { "BM": 2654, "longitude": 16.378573458128749, "latitude": 45.501388950359008, "population": 1125 }, "geometry": { "type": "Polygon", "coordinates": [ [ [ 16.370646293736126, 45.508083658824916 ], [ 16.389782183841238, 45.499819783222073 ], [ 16.383068426846762, 45.497105587905629 ], [ 16.379377528461614, 45.496686578659073 ], [ 16.376884146701343, 45.497604634890671 ], [ 16.372256530663936, 45.499991742041061 ], [ 16.370646293736126, 45.508083658824916 ] ] ] } },
{ "type": "Feature", "properties": { "BM": 2655, "longitude": 16.38447221029816, "latitude": 45.724347822863862, "population": 1084 }, "geometry": { "type": "Polygon", "coordinates": [ [ [ 16.372653588134796, 45.732539418739179 ], [ 16.377730351436103, 45.736963739309751 ], [ 16.397911581824705, 45.729707101503593 ], [ 16.39644816156256, 45.726080275592857 ], [ 16.390759884483234, 45.715256210315708 ], [ 16.384878066793124, 45.710486039293187 ], [ 16.380907543032126, 45.708969925415637 ], [ 16.372653588134796, 45.732539418739179 ] ] ] } },
{ "type": "Feature", "properties": { "BM": 2653, "longitude": 16.37469793630601, "latitude": 45.488612735858297, "population": 424 }, "geometry": { "type": "Polygon", "coordinates": [ [ [ 16.371099352291896, 45.48940868668673 ], [ 16.371683623139862, 45.490519520442199 ], [ 16.373752279323931, 45.491277037263146 ], [ 16.378145003917588, 45.48851186212076 ], [ 16.376310249890381, 45.485551002799816 ], [ 16.3756404897143, 45.485715755050919 ], [ 16.371099352291896, 45.48940868668673 ] ] ] } },
{ "type": "Feature", "properties": { "BM": 2598, "longitude": 16.368926286273702, "latitude": 45.714362220374511, "population": 346 }, "geometry": { "type": "Polygon", "coordinates": [ [ [ 16.357066914314753, 45.72567624713129 ], [ 16.372653588134796, 45.732539418739179 ], [ 16.380907543032126, 45.708969925415637 ], [ 16.369618527728861, 45.694790336349584 ], [ 16.363879638178361, 45.698785351834019 ], [ 16.357066914314753, 45.72567624713129 ] ] ] } },
{ "type": "Feature", "properties": { "BM": 2600, "longitude": 16.406277090542915, "latitude": 45.780123018053757, "population": 196 }, "geometry": { "type": "Polygon", "coordinates": [ [ [ 16.381688226423417, 45.78710663640711 ], [ 16.385912450795932, 45.798282543289353 ], [ 16.425598629497525, 45.796349866594333 ], [ 16.426364938761171, 45.794648482131663 ], [ 16.424905702830408, 45.764014637068634 ], [ 16.414907723391771, 45.755554881190278 ], [ 16.398339973313089, 45.763833247249764 ], [ 16.382181705903935, 45.781657625558118 ], [ 16.381688226423417, 45.78710663640711 ] ] ] } },
{ "type": "Feature", "properties": { "BM": 2601, "longitude": 16.367611621921036, "latitude": 45.456696403698999, "population": 1217 }, "geometry": { "type": "Polygon", "coordinates": [ [ [ 16.365321921142169, 45.462758842057575 ], [ 16.374742273431835, 45.464424954736252 ], [ 16.377514852425644, 45.461694344554701 ], [ 16.376890805594552, 45.456740683718373 ], [ 16.370079838010483, 45.448481991312185 ], [ 16.363379921355286, 45.449339848646744 ], [ 16.355123977704974, 45.457279652806285 ], [ 16.365321921142169, 45.462758842057575 ] ] ] } },
{ "type": "Feature", "properties": { "BM": 2611, "longitude": 16.367411301465232, "latitude": 45.476533135441493, "population": 681 }, "geometry": { "type": "Polygon", "coordinates": [ [ [ 16.365850876344723, 45.480368401772061 ], [ 16.36992231986763, 45.479240054402048 ], [ 16.370992968858214, 45.47802550323037 ], [ 16.369919664326829, 45.475043116921881 ], [ 16.36778115289879, 45.472906965292005 ], [ 16.363987642513731, 45.473620298218187 ], [ 16.365850876344723, 45.480368401772061 ] ] ] } },
{ "type": "Feature", "properties": { "BM": 2609, "longitude": 16.393363592875478, "latitude": 45.650780689097679, "population": 700 }, "geometry": { "type": "Polygon", "coordinates": [ [ [ 16.358785116522949, 45.663930452792009 ], [ 16.374959117401175, 45.684130940317608 ], [ 16.387933065210333, 45.681409006353725 ], [ 16.389634730521049, 45.680935449074951 ], [ 16.426843333954217, 45.65438754644822 ], [ 16.421598163488209, 45.621742437837618 ], [ 16.415053521296642, 45.6197071909519 ], [ 16.40988826763461, 45.620050617516135 ], [ 16.407521682912975, 45.620340286126599 ], [ 16.370873290658189, 45.633290787750312 ], [ 16.358785116522949, 45.663930452792009 ] ] ] } },
{ "type": "Feature", "properties": { "BM": 2612, "longitude": 16.366138904223003, "latitude": 45.08021246712601, "population": 494 }, "geometry": { "type": "Polygon", "coordinates": [ [ [ 16.348205560376623, 45.089645364819063 ], [ 16.361014338486402, 45.096487102537864 ], [ 16.389718593124272, 45.08668769488753 ], [ 16.373830571818303, 45.061192839358625 ], [ 16.344734342179223, 45.07511185511175 ], [ 16.348205560376623, 45.089645364819063 ] ] ] } },
{ "type": "Feature", "properties": { "BM": 2616, "longitude": 16.363723632171137, "latitude": 45.492025667867111, "population": 479 }, "geometry": { "type": "Polygon", "coordinates": [ [ [ 16.357721931262905, 45.496193977910885 ], [ 16.369651745801736, 45.495075728262748 ], [ 16.370469960800204, 45.493715745791434 ], [ 16.371683623139862, 45.490519520442199 ], [ 16.371099352291896, 45.48940868668673 ], [ 16.370595671576929, 45.489038233898846 ], [ 16.356711869542497, 45.488212812528623 ], [ 16.357721931262905, 45.496193977910885 ] ] ] } },
{ "type": "Feature", "properties": { "BM": 2617, "longitude": 16.369839552861212, "latitude": 45.46780044546999, "population": 1147 }, "geometry": { "type": "Polygon", "coordinates": [ [ [ 16.369919664326829, 45.475043116921881 ], [ 16.374949796419966, 45.465130411474767 ], [ 16.374742273431835, 45.464424954736252 ], [ 16.365321921142169, 45.462758842057575 ], [ 16.36778115289879, 45.472906965292005 ], [ 16.369919664326829, 45.475043116921881 ] ] ] } },
{ "type": "Feature", "properties": { "BM": 2623, "longitude": 16.373289220737913, "latitude": 45.289140349147488, "population": 151 }, "geometry": { "type": "Polygon", "coordinates": [ [ [ 16.340612644864482, 45.319622516832744 ], [ 16.387432982219099, 45.333713630764855 ], [ 16.407238334237221, 45.33330871726627 ], [ 16.415939930660066, 45.318361577264611 ], [ 16.394613432601393, 45.237128071860568 ], [ 16.326265943725552, 45.263525125852688 ], [ 16.340612644864482, 45.319622516832744 ] ] ] } },
{ "type": "Feature", "properties": { "BM": 2562, "longitude": 16.360750409016681, "latitude": 45.531667557601374, "population": 183 }, "geometry": { "type": "Polygon", "coordinates": [ [ [ 16.33473761052856, 45.54889854588599 ], [ 16.337159453476357, 45.550044386286473 ], [ 16.37659940496626, 45.535155225484921 ], [ 16.383847880605511, 45.525269981895256 ], [ 16.370332706764319, 45.516462701688383 ], [ 16.365085111932633, 45.515596642282496 ], [ 16.359461301935969, 45.517229681755474 ], [ 16.335274054729393, 45.547645117837135 ], [ 16.33473761052856, 45.54889854588599 ] ] ] } },
{ "type": "Feature", "properties": { "BM": 2560, "longitude": 16.340443242366685, "latitude": 45.602227757410716, "population": 39 }, "geometry": { "type": "Polygon", "coordinates": [ [ [ 16.345706507182488, 45.614251035703703 ], [ 16.355284205885461, 45.595270263717765 ], [ 16.320339014032108, 45.597161972810682 ], [ 16.345706507182488, 45.614251035703703 ] ] ] } },
{ "type": "Feature", "properties": { "BM": 2564, "longitude": 16.347607217900705, "latitude": 45.681911561002131, "population": 675 }, "geometry": { "type": "Polygon", "coordinates": [ [ [ 16.32689182557472, 45.693086866811136 ], [ 16.363879638178361, 45.698785351834019 ], [ 16.369618527728861, 45.694790336349584 ], [ 16.374959117401175, 45.684130940317608 ], [ 16.358785116522949, 45.663930452792009 ], [ 16.325098646516615, 45.669935864154589 ], [ 16.319594720773928, 45.685142016217604 ], [ 16.32689182557472, 45.693086866811136 ] ] ] } },
{ "type": "Feature", "properties": { "BM": 2570, "longitude": 16.345641347711275, "latitude": 45.519199749858295, "population": 381 }, "geometry": { "type": "Polygon", "coordinates": [ [ [ 16.33464958956678, 45.515523138002372 ], [ 16.335274054729393, 45.547645117837135 ], [ 16.359461301935969, 45.517229681755474 ], [ 16.356998361092696, 45.500429390300908 ], [ 16.346048689900783, 45.499297133926589 ], [ 16.33464958956678, 45.515523138002372 ] ] ] } },
{ "type": "Feature", "properties": { "BM": 2573, "longitude": 16.371083966181949, "latitude": 45.61497360707785, "population": 166 }, "geometry": { "type": "Polygon", "coordinates": [ [ [ 16.349025313671437, 45.622106686689278 ], [ 16.364091818752225, 45.63076302604297 ], [ 16.370873290658189, 45.633290787750312 ], [ 16.407521682912975, 45.620340286126599 ], [ 16.357615598414323, 45.59173532212651 ], [ 16.355284205885461, 45.595270263717765 ], [ 16.345706507182488, 45.614251035703703 ], [ 16.349025313671437, 45.622106686689278 ] ] ] } },
{ "type": "Feature", "properties": { "BM": 2577, "longitude": 16.364409389067209, "latitude": 45.48495837314865, "population": 523 }, "geometry": { "type": "Polygon", "coordinates": [ [ [ 16.356711869542497, 45.488212812528623 ], [ 16.370595671576929, 45.489038233898846 ], [ 16.370533695918397, 45.481505682848415 ], [ 16.36992231986763, 45.479240054402048 ], [ 16.365850876344723, 45.480368401772061 ], [ 16.35523822399502, 45.485181930266343 ], [ 16.356711869542497, 45.488212812528623 ] ] ] } },
{ "type": "Feature", "properties": { "BM": 2584, "longitude": 16.364025704153228, "latitude": 45.506499342916463, "population": 524 }, "geometry": { "type": "Polygon", "coordinates": [ [ [ 16.359461301935969, 45.517229681755474 ], [ 16.365085111932633, 45.515596642282496 ], [ 16.370646293736126, 45.508083658824916 ], [ 16.372256530663936, 45.499991742041061 ], [ 16.371475607338336, 45.499188159835207 ], [ 16.357359623733213, 45.498995659034037 ], [ 16.356998361092696, 45.500429390300908 ], [ 16.359461301935969, 45.517229681755474 ] ] ] } },
{ "type": "Feature", "properties": { "BM": 2588, "longitude": 16.353596485923763, "latitude": 45.476348629972399, "population": 673 }, "geometry": { "type": "Polygon", "coordinates": [ [ [ 16.340506559483561, 45.47283952807701 ], [ 16.35523822399502, 45.485181930266343 ], [ 16.365850876344723, 45.480368401772061 ], [ 16.363987642513731, 45.473620298218187 ], [ 16.340822407116985, 45.468272834758068 ], [ 16.340506559483561, 45.47283952807701 ] ] ] } },
{ "type": "Feature", "properties": { "BM": 3046, "longitude": 16.552436694100152, "latitude": 45.33227828216269, "population": 167 }, "geometry": { "type": "Polygon", "coordinates": [ [ [ 16.519230815748362, 45.332566964304725 ], [ 16.517668375813098, 45.340339011657186 ], [ 16.52516030988135, 45.350178745673873 ], [ 16.526272298956965, 45.350265359013996 ], [ 16.570070759668038, 45.347481121464561 ], [ 16.57238351174286, 45.347273457943061 ], [ 16.578568602937192, 45.343744470936478 ], [ 16.57593812232415, 45.304143050798132 ], [ 16.51927392259222, 45.332517260991374 ], [ 16.519230815748362, 45.332566964304725 ] ] ] } },
{ "type": "Feature", "properties": { "BM": 3056, "longitude": 16.52306913316227, "latitude": 45.405696116198108, "population": 92 }, "geometry": { "type": "Polygon", "coordinates": [ [ [ 16.492199666791876, 45.413267701900509 ], [ 16.500806946450066, 45.424008878948825 ], [ 16.544852404264709, 45.424843739011344 ], [ 16.548010235165165, 45.401756514016434 ], [ 16.526056442631855, 45.374316911008727 ], [ 16.492199666791876, 45.413267701900509 ] ] ] } },
{ "type": "Feature", "properties": { "BM": 3063, "longitude": 16.531595982977997, "latitude": 45.552728370541786, "population": 51 }, "geometry": { "type": "Polygon", "coordinates": [ [ [ 16.486092636138604, 45.537922617514781 ], [ 16.549117799841351, 45.585712607853395 ], [ 16.551286691087864, 45.584806923000684 ], [ 16.56388652727458, 45.57351591720726 ], [ 16.564041687825188, 45.543944301288839 ], [ 16.494242874044424, 45.52541716102543 ], [ 16.486092636138604, 45.537922617514781 ] ] ] } },
{ "type": "Feature", "properties": { "BM": 3061, "longitude": 16.522413610773409, "latitude": 45.633277125454946, "population": 308 }, "geometry": { "type": "Polygon", "coordinates": [ [ [ 16.510037323820946, 45.642951439273354 ], [ 16.512728637441171, 45.643534809175499 ], [ 16.529369154610468, 45.641713286201146 ], [ 16.537281811149139, 45.637099163730511 ], [ 16.539890235283888, 45.621840455944188 ], [ 16.502130920622694, 45.629731542695005 ], [ 16.510037323820946, 45.642951439273354 ] ] ] } },
{ "type": "Feature", "properties": { "BM": 3070, "longitude": 16.546736874461882, "latitude": 45.306367821059354, "population": 135 }, "geometry": { "type": "Polygon", "coordinates": [ [ [ 16.51927392259222, 45.332517260991374 ], [ 16.57593812232415, 45.304143050798132 ], [ 16.577025979123302, 45.302445584674004 ], [ 16.55842176069585, 45.286935676059137 ], [ 16.53471497177814, 45.293213457332989 ], [ 16.51927392259222, 45.332517260991374 ] ] ] } },
{ "type": "Feature", "properties": { "BM": 3071, "longitude": 16.540046769701657, "latitude": 45.263375553046274, "population": 136 }, "geometry": { "type": "Polygon", "coordinates": [ [ [ 16.518827322468077, 45.263947118248417 ], [ 16.530702075903264, 45.278821109391195 ], [ 16.556654792995751, 45.269280130720531 ], [ 16.558663135394657, 45.262540383532233 ], [ 16.550253632917965, 45.248088628016482 ], [ 16.549657321710988, 45.248080099883374 ], [ 16.540227100460562, 45.249511260210831 ], [ 16.518827322468077, 45.263947118248417 ] ] ] } },
{ "type": "Feature", "properties": { "BM": 3020, "longitude": 16.521041592292349, "latitude": 45.451598696125771, "population": 63 }, "geometry": { "type": "Polygon", "coordinates": [ [ [ 16.505880419080547, 45.492979796410836 ], [ 16.519920443352866, 45.488594708267797 ], [ 16.550333398317807, 45.435212164716894 ], [ 16.544852404264709, 45.424843739011344 ], [ 16.500806946450066, 45.424008878948825 ], [ 16.505132208956429, 45.4919197814475 ], [ 16.505880419080547, 45.492979796410836 ] ] ] } },
{ "type": "Feature", "properties": { "BM": 3031, "longitude": 16.523659859866658, "latitude": 45.678868827362805, "population": 281 }, "geometry": { "type": "Polygon", "coordinates": [ [ [ 16.510305645620139, 45.676718730220124 ], [ 16.519507073228919, 45.692083143755703 ], [ 16.535339602378308, 45.682343076626303 ], [ 16.533978848666823, 45.667738195935939 ], [ 16.510573909857662, 45.673591458634512 ], [ 16.510305645620139, 45.676718730220124 ] ] ] } },
{ "type": "Feature", "properties": { "BM": 3028, "longitude": 16.521268488332968, "latitude": 45.247522988260165, "population": 87 }, "geometry": { "type": "Polygon", "coordinates": [ [ [ 16.506843375205669, 45.256715212380634 ], [ 16.51326342730896, 45.263411947891079 ], [ 16.518827322468077, 45.263947118248417 ], [ 16.540227100460562, 45.249511260210831 ], [ 16.521527438120387, 45.226387219175237 ], [ 16.505747670588185, 45.249367107992498 ], [ 16.506843375205669, 45.256715212380634 ] ] ] } },
{ "type": "Feature", "properties": { "BM": 2994, "longitude": 16.51678926477512, "latitude": 45.294671898326925, "population": 49 }, "geometry": { "type": "Polygon", "coordinates": [ [ [ 16.519230815748362, 45.332566964304725 ], [ 16.51927392259222, 45.332517260991374 ], [ 16.53471497177814, 45.293213457332989 ], [ 16.530702075903264, 45.278821109391195 ], [ 16.518827322468077, 45.263947118248417 ], [ 16.51326342730896, 45.263411947891079 ], [ 16.496641651158093, 45.294264945883747 ], [ 16.519230815748362, 45.332566964304725 ] ] ] } },
{ "type": "Feature", "properties": { "BM": 2993, "longitude": 16.521380761817632, "latitude": 45.6141347756923, "population": 197 }, "geometry": { "type": "Polygon", "coordinates": [ [ [ 16.492797506211176, 45.620214866489221 ], [ 16.502130920622694, 45.629731542695005 ], [ 16.539890235283888, 45.621840455944188 ], [ 16.546720815545878, 45.611541162741183 ], [ 16.544856508268445, 45.595177844569513 ], [ 16.489900291079628, 45.614753381981103 ], [ 16.492797506211176, 45.620214866489221 ] ] ] } },
{ "type": "Feature", "properties": { "BM": 3007, "longitude": 16.528306231205374, "latitude": 45.202241438231404, "population": 378 }, "geometry": { "type": "Polygon", "coordinates": [ [ [ 16.52178005046796, 45.206941601564942 ], [ 16.544831843045976, 45.239542735246545 ], [ 16.518306800102177, 45.160239977882689 ], [ 16.52178005046796, 45.206941601564942 ] ] ] } },
{ "type": "Feature", "properties": { "BM": 3005, "longitude": 16.516676868806357, "latitude": 45.660503034591571, "population": 587 }, "geometry": { "type": "Polygon", "coordinates": [ [ [ 16.510573909857662, 45.673591458634512 ], [ 16.533978848666823, 45.667738195935939 ], [ 16.534594078282197, 45.666827566856412 ], [ 16.512728637441171, 45.643534809175499 ], [ 16.510037323820946, 45.642951439273354 ], [ 16.504270568204994, 45.662611986962801 ], [ 16.510573909857662, 45.673591458634512 ] ] ] } },
{ "type": "Feature", "properties": { "BM": 2947, "longitude": 16.469544320380503, "latitude": 45.264945656412323, "population": 374 }, "geometry": { "type": "Polygon", "coordinates": [ [ [ 16.464265511271449, 45.285765356565499 ], [ 16.468329285787018, 45.286135553487227 ], [ 16.498587435064263, 45.257901500550169 ], [ 16.444226836603086, 45.24876171668258 ], [ 16.464265511271449, 45.285765356565499 ] ] ] } },
{ "type": "Feature", "properties": { "BM": 2961, "longitude": 16.504408073938443, "latitude": 45.694933959308194, "population": 529 }, "geometry": { "type": "Polygon", "coordinates": [ [ [ 16.489259727959887, 45.705430054402328 ], [ 16.49081770290698, 45.708371092526527 ], [ 16.518925212473462, 45.704548323734095 ], [ 16.519507073228919, 45.692083143755703 ], [ 16.510305645620139, 45.676718730220124 ], [ 16.488546519537909, 45.692177594511641 ], [ 16.489259727959887, 45.705430054402328 ] ] ] } },
{ "type": "Feature", "properties": { "BM": 2966, "longitude": 16.502715945490589, "latitude": 45.371875015539217, "population": 231 }, "geometry": { "type": "Polygon", "coordinates": [ [ [ 16.491161684950438, 45.413076495436506 ], [ 16.492199666791876, 45.413267701900509 ], [ 16.526056442631855, 45.374316911008727 ], [ 16.52516030988135, 45.350178745673873 ], [ 16.517668375813098, 45.340339011657186 ], [ 16.485759730737396, 45.345881900445008 ], [ 16.483807359305779, 45.405249354634265 ], [ 16.491161684950438, 45.413076495436506 ] ] ] } },
{ "type": "Feature", "properties": { "BM": 2970, "longitude": 16.495531269251693, "latitude": 45.646031792189618, "population": 70 }, "geometry": { "type": "Polygon", "coordinates": [ [ [ 16.481939876471642, 45.649693461158783 ], [ 16.48595489148326, 45.665885198046887 ], [ 16.504270568204994, 45.662611986962801 ], [ 16.510037323820946, 45.642951439273354 ], [ 16.502130920622694, 45.629731542695005 ], [ 16.492797506211176, 45.620214866489221 ], [ 16.481939876471642, 45.649693461158783 ] ] ] } },
{ "type": "Feature", "properties": { "BM": 2968, "longitude": 16.493804621413112, "latitude": 45.675684847627863, "population": 218 }, "geometry": { "type": "Polygon", "coordinates": [ [ [ 16.476404239691796, 45.675045880329456 ], [ 16.488546519537909, 45.692177594511641 ], [ 16.510305645620139, 45.676718730220124 ], [ 16.510573909857662, 45.673591458634512 ], [ 16.504270568204994, 45.662611986962801 ], [ 16.48595489148326, 45.665885198046887 ], [ 16.476404239691796, 45.675045880329456 ] ] ] } },
{ "type": "Feature", "properties": { "BM": 2972, "longitude": 16.493486178781229, "latitude": 45.276174188517558, "population": 167 }, "geometry": { "type": "Polygon", "coordinates": [ [ [ 16.496641651158093, 45.294264945883747 ], [ 16.51326342730896, 45.263411947891079 ], [ 16.506843375205669, 45.256715212380634 ], [ 16.498587435064263, 45.257901500550169 ], [ 16.468329285787018, 45.286135553487227 ], [ 16.496641651158093, 45.294264945883747 ] ] ] } },
{ "type": "Feature", "properties": { "BM": 2916, "longitude": 16.484933626166306, "latitude": 45.317514753609984, "population": 56 }, "geometry": { "type": "Polygon", "coordinates": [ [ [ 16.478578905591142, 45.345591173281868 ], [ 16.485759730737396, 45.345881900445008 ], [ 16.517668375813098, 45.340339011657186 ], [ 16.519230815748362, 45.332566964304725 ], [ 16.496641651158093, 45.294264945883747 ], [ 16.468329285787018, 45.286135553487227 ], [ 16.464265511271449, 45.285765356565499 ], [ 16.452572460919818, 45.31253708931041 ], [ 16.478578905591142, 45.345591173281868 ] ] ] } },
{ "type": "Feature", "properties": { "BM": 2926, "longitude": 16.499886863437727, "latitude": 45.202475988496744, "population": 69 }, "geometry": { "type": "Polygon", "coordinates": [ [ [ 16.52178005046796, 45.206941601564942 ], [ 16.518306800102177, 45.160239977882689 ], [ 16.517958611089448, 45.15647277987992 ], [ 16.463065243336501, 45.195617363577426 ], [ 16.505747670588185, 45.249367107992498 ], [ 16.521527438120387, 45.226387219175237 ], [ 16.52178005046796, 45.206941601564942 ] ] ] } },
{ "type": "Feature", "properties": { "BM": 2925, "longitude": 16.53315388210811, "latitude": 45.231494861638573, "population": 602 }, "geometry": { "type": "Polygon", "coordinates": [ [ [ 16.521527438120387, 45.226387219175237 ], [ 16.540227100460562, 45.249511260210831 ], [ 16.549657321710988, 45.248080099883374 ], [ 16.544831843045976, 45.239542735246545 ], [ 16.52178005046796, 45.206941601564942 ], [ 16.521527438120387, 45.226387219175237 ] ] ] } },
{ "type": "Feature", "properties": { "BM": 2936, "longitude": 16.4979336312832, "latitude": 45.579571479058266, "population": 220 }, "geometry": { "type": "Polygon", "coordinates": [ [ [ 16.459037893038943, 45.59229748199408 ], [ 16.489900291079628, 45.614753381981103 ], [ 16.544856508268445, 45.595177844569513 ], [ 16.549117799841351, 45.585712607853395 ], [ 16.486092636138604, 45.537922617514781 ], [ 16.468691807712833, 45.549360341441016 ], [ 16.459037893038943, 45.59229748199408 ] ] ] } },
{ "type": "Feature", "properties": { "BM": 2941, "longitude": 16.462270574706558, "latitude": 45.663557014493577, "population": 114 }, "geometry": { "type": "Polygon", "coordinates": [ [ [ 16.43728623068489, 45.670890100007135 ], [ 16.476404239691796, 45.675045880329456 ], [ 16.48595489148326, 45.665885198046887 ], [ 16.481939876471642, 45.649693461158783 ], [ 16.431733345218028, 45.661062689289444 ], [ 16.43728623068489, 45.670890100007135 ] ] ] } },
{ "type": "Feature", "properties": { "BM": 2894, "longitude": 16.461316853820946, "latitude": 45.382332241446157, "population": 161 }, "geometry": { "type": "Polygon", "coordinates": [ [ [ 16.455465926643765, 45.398585177756843 ], [ 16.476622762742391, 45.401296426233088 ], [ 16.460770151368546, 45.359412829181394 ], [ 16.449580298242761, 45.363964822267434 ], [ 16.455465926643765, 45.398585177756843 ] ] ] } },
{ "type": "Feature", "properties": { "BM": 2898, "longitude": 16.455916503744177, "latitude": 45.628858075789466, "population": 109 }, "geometry": { "type": "Polygon", "coordinates": [ [ [ 16.431733345218028, 45.661062689289444 ], [ 16.481939876471642, 45.649693461158783 ], [ 16.492797506211176, 45.620214866489221 ], [ 16.489900291079628, 45.614753381981103 ], [ 16.459037893038943, 45.59229748199408 ], [ 16.421598163488209, 45.621742437837618 ], [ 16.426843333954217, 45.65438754644822 ], [ 16.431733345218028, 45.661062689289444 ] ] ] } },
{ "type": "Feature", "properties": { "BM": 2902, "longitude": 16.474489330306632, "latitude": 45.716632416217017, "population": 749 }, "geometry": { "type": "Polygon", "coordinates": [ [ [ 16.458888944507692, 45.7163482052623 ], [ 16.477407711507297, 45.738536885736401 ], [ 16.483679015043915, 45.737020578368259 ], [ 16.49081770290698, 45.708371092526527 ], [ 16.489259727959887, 45.705430054402328 ], [ 16.457199531243646, 45.699563072410548 ], [ 16.458888944507692, 45.7163482052623 ] ] ] } },
{ "type": "Feature", "properties": { "BM": 2907, "longitude": 16.483911092371873, "latitude": 45.450402958236864, "population": 378 }, "geometry": { "type": "Polygon", "coordinates": [ [ [ 16.464409062231645, 45.466121356981603 ], [ 16.505132208956429, 45.4919197814475 ], [ 16.500806946450066, 45.424008878948825 ], [ 16.492199666791876, 45.413267701900509 ], [ 16.491161684950438, 45.413076495436506 ], [ 16.454187337517673, 45.438794340612205 ], [ 16.464409062231645, 45.466121356981603 ] ] ] } },
{ "type": "Feature", "properties": { "BM": 2850, "longitude": 16.439109854300533, "latitude": 45.38461606519882, "population": 96 }, "geometry": { "type": "Polygon", "coordinates": [ [ [ 16.439824007113348, 45.409451920169126 ], [ 16.455465926643765, 45.398585177756843 ], [ 16.449580298242761, 45.363964822267434 ], [ 16.428556186111884, 45.364214555958483 ], [ 16.420788655190435, 45.387479357030927 ], [ 16.439824007113348, 45.409451920169126 ] ] ] } },
{ "type": "Feature", "properties": { "BM": 2859, "longitude": 16.460862254222757, "latitude": 45.416668177139279, "population": 210 }, "geometry": { "type": "Polygon", "coordinates": [ [ [ 16.439130709343811, 45.431328693803906 ], [ 16.454187337517673, 45.438794340612205 ], [ 16.491161684950438, 45.413076495436506 ], [ 16.483807359305779, 45.405249354634265 ], [ 16.476622762742391, 45.401296426233088 ], [ 16.455465926643765, 45.398585177756843 ], [ 16.439824007113348, 45.409451920169126 ], [ 16.439130709343811, 45.431328693803906 ] ] ] } },
{ "type": "Feature", "properties": { "BM": 2856, "longitude": 16.746339753798321, "latitude": 44.902805926652356, "population": 481 }, "geometry": { "type": "Polygon", "coordinates": [ [ [ 16.70129725855659, 44.977937545184048 ], [ 16.776589994648489, 45.20046112398974 ], [ 16.805435639186054, 45.198409374568669 ], [ 16.760478831153911, 44.566964770318272 ], [ 16.677699370684337, 44.82512021660802 ], [ 16.70129725855659, 44.977937545184048 ] ] ] } },
{ "type": "Feature", "properties": { "BM": 2864, "longitude": 16.476274791601941, "latitude": 45.371472712600415, "population": 61 }, "geometry": { "type": "Polygon", "coordinates": [ [ [ 16.460770151368546, 45.359412829181394 ], [ 16.476622762742391, 45.401296426233088 ], [ 16.483807359305779, 45.405249354634265 ], [ 16.485759730737396, 45.345881900445008 ], [ 16.478578905591142, 45.345591173281868 ], [ 16.460770151368546, 45.359412829181394 ] ] ] } },
{ "type": "Feature", "properties": { "BM": 2873, "longitude": 16.55826724973808, "latitude": 45.165397644638006, "population": 452 }, "geometry": { "type": "Polygon", "coordinates": [ [ [ 16.587965304568275, 45.075882813396589 ], [ 16.517958611089448, 45.15647277987992 ], [ 16.518306800102177, 45.160239977882689 ], [ 16.544831843045976, 45.239542735246545 ], [ 16.549657321710988, 45.248080099883374 ], [ 16.550253632917965, 45.248088628016482 ], [ 16.58092188143965, 45.208170387424481 ], [ 16.589356123669717, 45.085601564776262 ], [ 16.587965304568275, 45.075882813396589 ] ] ] } },
{ "type": "Feature", "properties": { "BM": 2829, "longitude": 16.450020360542897, "latitude": 45.796658649796832, "population": 90 }, "geometry": { "type": "Polygon", "coordinates": [ [ [ 16.425598629497525, 45.796349866594333 ], [ 16.448676456257449, 45.816913542933342 ], [ 16.464828736463279, 45.820519839900825 ], [ 16.468986091523398, 45.816866134334553 ], [ 16.458161682617394, 45.769936061737134 ], [ 16.446536395778342, 45.773971860772733 ], [ 16.426364938761171, 45.794648482131663 ], [ 16.425598629497525, 45.796349866594333 ] ] ] } },
{ "type": "Feature", "properties": { "BM": 2842, "longitude": 16.464125844200389, "latitude": 45.230705283167794, "population": 237 }, "geometry": { "type": "Polygon", "coordinates": [ [ [ 16.444226836603086, 45.24876171668258 ], [ 16.498587435064263, 45.257901500550169 ], [ 16.506843375205669, 45.256715212380634 ], [ 16.505747670588185, 45.249367107992498 ], [ 16.463065243336501, 45.195617363577426 ], [ 16.457852412241724, 45.197743704146482 ], [ 16.422470712411847, 45.223706578225588 ], [ 16.444226836603086, 45.24876171668258 ] ] ] } },
{ "type": "Feature", "properties": { "BM": 2274, "longitude": 16.233947147282784, "latitude": 45.115193513483696, "population": 148 }, "geometry": { "type": "Polygon", "coordinates": [ [ [ 16.181289980064214, 44.993706608573987 ], [ 16.215597524819717, 45.190424436858358 ], [ 16.266430454123434, 45.207275594760176 ], [ 16.277798358588033, 45.193663628650661 ], [ 16.27349171624957, 45.091018905676286 ], [ 16.181289980064214, 44.993706608573987 ] ] ] } },
{ "type": "Feature", "properties": { "BM": 2275, "longitude": 16.238735343588942, "latitude": 45.500394761904403, "population": 249 }, "geometry": { "type": "Polygon", "coordinates": [ [ [ 16.220589469833989, 45.497430513972638 ], [ 16.222050322197017, 45.517890863374788 ], [ 16.2534545585934, 45.52429250018551 ], [ 16.254337757612401, 45.523044521131951 ], [ 16.253991646579927, 45.480880238992988 ], [ 16.231100606848049, 45.475066031371782 ], [ 16.220589469833989, 45.497430513972638 ] ] ] } },
{ "type": "Feature", "properties": { "BM": 2249, "longitude": 16.247032196808529, "latitude": 45.369956379714324, "population": 369 }, "geometry": { "type": "Polygon", "coordinates": [ [ [ 16.22079170606013, 45.384803194479929 ], [ 16.262423998285751, 45.403039406847874 ], [ 16.289692752783505, 45.376765883088794 ], [ 16.224957444718608, 45.329629380734978 ], [ 16.220729454024134, 45.331341520702367 ], [ 16.217935914763554, 45.378955947703908 ], [ 16.22079170606013, 45.384803194479929 ] ] ] } },
{ "type": "Feature", "properties": { "BM": 2254, "longitude": 16.241097786172379, "latitude": 45.546818618827061, "population": 284 }, "geometry": { "type": "Polygon", "coordinates": [ [ [ 16.208961188679453, 45.534361364024072 ], [ 16.236293685955012, 45.56701636943297 ], [ 16.266083292131007, 45.583167531496123 ], [ 16.26960326568852, 45.581070258095195 ], [ 16.2534545585934, 45.52429250018551 ], [ 16.222050322197017, 45.517890863374788 ], [ 16.208961188679453, 45.534361364024072 ] ] ] } },
{ "type": "Feature", "properties": { "BM": 2238, "longitude": 16.206166651138219, "latitude": 45.480212649401807, "population": 142 }, "geometry": { "type": "Polygon", "coordinates": [ [ [ 16.184017593865963, 45.495632796118201 ], [ 16.220589469833989, 45.497430513972638 ], [ 16.231100606848049, 45.475066031371782 ], [ 16.223728572708122, 45.461254295047631 ], [ 16.18274265462971, 45.469122907660108 ], [ 16.184017593865963, 45.495632796118201 ] ] ] } },
{ "type": "Feature", "properties": { "BM": 2239, "longitude": 16.247514609344446, "latitude": 45.460106033670165, "population": 531 }, "geometry": { "type": "Polygon", "coordinates": [ [ [ 16.223728572708122, 45.461254295047631 ], [ 16.231100606848049, 45.475066031371782 ], [ 16.253991646579927, 45.480880238992988 ], [ 16.263416000294455, 45.47925905985614 ], [ 16.271760339074557, 45.458737818225607 ], [ 16.267608226972644, 45.450497899362418 ], [ 16.251181191252094, 45.437862021963753 ], [ 16.22511565745344, 45.447592074425934 ], [ 16.223728572708122, 45.461254295047631 ] ] ] } },
{ "type": "Feature", "properties": { "BM": 2191, "longitude": 16.195911684919508, "latitude": 45.44793698148294, "population": 172 }, "geometry": { "type": "Polygon", "coordinates": [ [ [ 16.165477699602715, 45.445302087514904 ], [ 16.177372446266901, 45.465404581315454 ], [ 16.18274265462971, 45.469122907660108 ], [ 16.223728572708122, 45.461254295047631 ], [ 16.22511565745344, 45.447592074425934 ], [ 16.214626454461708, 45.427432365225101 ], [ 16.166580884373001, 45.434575719863481 ], [ 16.165477699602715, 45.445302087514904 ] ] ] } },
{ "type": "Feature", "properties": { "BM": 2194, "longitude": 16.195425121213905, "latitude": 45.516551753269745, "population": 433 }, "geometry": { "type": "Polygon", "coordinates": [ [ [ 16.178200672680322, 45.539358870825048 ], [ 16.208961188679453, 45.534361364024072 ], [ 16.222050322197017, 45.517890863374788 ], [ 16.220589469833989, 45.497430513972638 ], [ 16.184017593865963, 45.495632796118201 ], [ 16.166076061131463, 45.521881384431474 ], [ 16.178200672680322, 45.539358870825048 ] ] ] } },
{ "type": "Feature", "properties": { "BM": 2201, "longitude": 16.226164842113366, "latitude": 45.256722032139201, "population": 308 }, "geometry": { "type": "Polygon", "coordinates": [ [ [ 16.18702948024416, 45.315802574332331 ], [ 16.220729454024134, 45.331341520702367 ], [ 16.224957444718608, 45.329629380734978 ], [ 16.242664172558673, 45.316511122895839 ], [ 16.293644727445002, 45.251787792109475 ], [ 16.266430454123434, 45.207275594760176 ], [ 16.215597524819717, 45.190424436858358 ], [ 16.170040487113717, 45.218302292692918 ], [ 16.18702948024416, 45.315802574332331 ] ] ] } },
{ "type": "Feature", "properties": { "BM": 2147, "longitude": 16.169625925405334, "latitude": 45.49270426008259, "population": 145 }, "geometry": { "type": "Polygon", "coordinates": [ [ [ 16.158961120534187, 45.518975492781919 ], [ 16.166076061131463, 45.521881384431474 ], [ 16.184017593865963, 45.495632796118201 ], [ 16.18274265462971, 45.469122907660108 ], [ 16.177372446266901, 45.465404581315454 ], [ 16.15493108473116, 45.483323040087868 ], [ 16.158961120534187, 45.518975492781919 ] ] ] } },
{ "type": "Feature", "properties": { "BM": 2148, "longitude": 16.155566141514004, "latitude": 45.465084670249155, "population": 240 }, "geometry": { "type": "Polygon", "coordinates": [ [ [ 16.128625676651403, 45.467324638310885 ], [ 16.15493108473116, 45.483323040087868 ], [ 16.177372446266901, 45.465404581315454 ], [ 16.165477699602715, 45.445302087514904 ], [ 16.128625676651403, 45.467324638310885 ] ] ] } },
{ "type": "Feature", "properties": { "BM": 2166, "longitude": 16.173368940908365, "latitude": 45.390037029971943, "population": 109 }, "geometry": { "type": "Polygon", "coordinates": [ [ [ 16.159271199253869, 45.411194111285695 ], [ 16.205259047340856, 45.38355231800508 ], [ 16.155576576130372, 45.375364660625053 ], [ 16.159271199253869, 45.411194111285695 ] ] ] } },
{ "type": "Feature", "properties": { "BM": 2174, "longitude": 16.200039604199439, "latitude": 45.55690481788838, "population": 215 }, "geometry": { "type": "Polygon", "coordinates": [ [ [ 16.17683758573024, 45.571257813954965 ], [ 16.184051603854662, 45.578430694636637 ], [ 16.236293685955012, 45.56701636943297 ], [ 16.208961188679453, 45.534361364024072 ], [ 16.178200672680322, 45.539358870825048 ], [ 16.173480306584057, 45.560960964930977 ], [ 16.17683758573024, 45.571257813954965 ] ] ] } },
{ "type": "Feature", "properties": { "BM": 2113, "longitude": 16.137105594833155, "latitude": 45.438085591338925, "population": 201 }, "geometry": { "type": "Polygon", "coordinates": [ [ [ 16.117160892968524, 45.468851740943549 ], [ 16.128625676651403, 45.467324638310885 ], [ 16.165477699602715, 45.445302087514904 ], [ 16.166580884373001, 45.434575719863481 ], [ 16.156201158587695, 45.416476165705326 ], [ 16.120529140928976, 45.413195019090395 ], [ 16.114468752435709, 45.414723747483535 ], [ 16.117160892968524, 45.468851740943549 ] ] ] } },
{ "type": "Feature", "properties": { "BM": 2134, "longitude": 16.142946920718863, "latitude": 45.392661513827235, "population": 267 }, "geometry": { "type": "Polygon", "coordinates": [ [ [ 16.120529140928976, 45.413195019090395 ], [ 16.156201158587695, 45.416476165705326 ], [ 16.159271199253869, 45.411194111285695 ], [ 16.155576576130372, 45.375364660625053 ], [ 16.143946009593986, 45.35369331565709 ], [ 16.120529140928976, 45.413195019090395 ] ] ] } },
{ "type": "Feature", "properties": { "BM": 2136, "longitude": 16.192332854447102, "latitude": 45.410494472412871, "population": 463 }, "geometry": { "type": "Polygon", "coordinates": [ [ [ 16.166580884373001, 45.434575719863481 ], [ 16.214626454461708, 45.427432365225101 ], [ 16.22079170606013, 45.384803194479929 ], [ 16.217935914763554, 45.378955947703908 ], [ 16.205259047340856, 45.38355231800508 ], [ 16.159271199253869, 45.411194111285695 ], [ 16.156201158587695, 45.416476165705326 ], [ 16.166580884373001, 45.434575719863481 ] ] ] } },
{ "type": "Feature", "properties": { "BM": 2142, "longitude": 16.147227418183377, "latitude": 45.578271252744038, "population": 252 }, "geometry": { "type": "Polygon", "coordinates": [ [ [ 16.127106889096638, 45.591701727633769 ], [ 16.150561573889551, 45.599625691725507 ], [ 16.17683758573024, 45.571257813954965 ], [ 16.173480306584057, 45.560960964930977 ], [ 16.117480793047793, 45.568899093158421 ], [ 16.127106889096638, 45.591701727633769 ] ] ] } },
{ "type": "Feature", "properties": { "BM": 2111, "longitude": 16.234986808306836, "latitude": 44.97183417283744, "population": 211 }, "geometry": { "type": "Polygon", "coordinates": [ [ [ 16.181289980064214, 44.993706608573987 ], [ 16.27349171624957, 45.091018905676286 ], [ 16.31577407985187, 45.118753515281348 ], [ 16.348205560376623, 45.089645364819063 ], [ 16.344734342179223, 45.07511185511175 ], [ 16.193128735724358, 44.817287804322454 ], [ 16.13243795850466, 44.869943839002438 ], [ 16.181289980064214, 44.993706608573987 ] ] ] } },
{ "type": "Feature", "properties": { "BM": 2048, "longitude": 16.113909435992014, "latitude": 45.379757379530865, "population": 227 }, "geometry": { "type": "Polygon", "coordinates": [ [ [ 16.076800928465634, 45.398815976302124 ], [ 16.114468752435709, 45.414723747483535 ], [ 16.120529140928976, 45.413195019090395 ], [ 16.143946009593986, 45.35369331565709 ], [ 16.140874061824572, 45.333483627836522 ], [ 16.08079121323841, 45.386156309255846 ], [ 16.076800928465634, 45.398815976302124 ] ] ] } },
{ "type": "Feature", "properties": { "BM": 2054, "longitude": 16.13611101915934, "latitude": 45.541665350679338, "population": 49 }, "geometry": { "type": "Polygon", "coordinates": [ [ [ 16.097669030977027, 45.525514568649292 ], [ 16.101940507885214, 45.55830641197312 ], [ 16.117480793047793, 45.568899093158421 ], [ 16.173480306584057, 45.560960964930977 ], [ 16.178200672680322, 45.539358870825048 ], [ 16.166076061131463, 45.521881384431474 ], [ 16.158961120534187, 45.518975492781919 ], [ 16.101382661194997, 45.516819294329466 ], [ 16.097669030977027, 45.525514568649292 ] ] ] } },
{ "type": "Feature", "properties": { "BM": 2071, "longitude": 16.183645240698944, "latitude": 45.350452200439257, "population": 73 }, "geometry": { "type": "Polygon", "coordinates": [ [ [ 16.140874061824572, 45.333483627836522 ], [ 16.143946009593986, 45.35369331565709 ], [ 16.155576576130372, 45.375364660625053 ], [ 16.205259047340856, 45.38355231800508 ], [ 16.217935914763554, 45.378955947703908 ], [ 16.220729454024134, 45.331341520702367 ], [ 16.18702948024416, 45.315802574332331 ], [ 16.141180443406714, 45.332662393852004 ], [ 16.141018178112734, 45.333024006176295 ], [ 16.140874061824572, 45.333483627836522 ] ] ] } },
{ "type": "Feature", "properties": { "BM": 2068, "longitude": 16.140782570394204, "latitude": 45.611275855006603, "population": 417 }, "geometry": { "type": "Polygon", "coordinates": [ [ [ 16.121856945350693, 45.605031086836213 ], [ 16.141486758260047, 45.629523186962494 ], [ 16.158906468356726, 45.629588259863105 ], [ 16.150561573889551, 45.599625691725507 ], [ 16.127106889096638, 45.591701727633769 ], [ 16.121856945350693, 45.605031086836213 ] ] ] } },
{ "type": "Feature", "properties": { "BM": 2530, "longitude": 16.347516851372205, "latitude": 45.131059950342085, "population": 171 }, "geometry": { "type": "Polygon", "coordinates": [ [ [ 16.318413009720423, 45.157140131161306 ], [ 16.374955623920744, 45.162137029382194 ], [ 16.381995423751246, 45.145492915606916 ], [ 16.361014338486402, 45.096487102537864 ], [ 16.348205560376623, 45.089645364819063 ], [ 16.31577407985187, 45.118753515281348 ], [ 16.318413009720423, 45.157140131161306 ] ] ] } },
{ "type": "Feature", "properties": { "BM": 2559, "longitude": 16.345843502926478, "latitude": 45.487791643668857, "population": 707 }, "geometry": { "type": "Polygon", "coordinates": [ [ [ 16.331748117463121, 45.484423746224508 ], [ 16.346048689900783, 45.499297133926589 ], [ 16.356998361092696, 45.500429390300908 ], [ 16.357359623733213, 45.498995659034037 ], [ 16.357721931262905, 45.496193977910885 ], [ 16.356711869542497, 45.488212812528623 ], [ 16.35523822399502, 45.485181930266343 ], [ 16.340506559483561, 45.47283952807701 ], [ 16.331748117463121, 45.484423746224508 ] ] ] } },
{ "type": "Feature", "properties": { "BM": 2499, "longitude": 16.336505669903218, "latitude": 45.499013536965585, "population": 615 }, "geometry": { "type": "Polygon", "coordinates": [ [ [ 16.329231809444931, 45.486647923140737 ], [ 16.33464958956678, 45.515523138002372 ], [ 16.346048689900783, 45.499297133926589 ], [ 16.331748117463121, 45.484423746224508 ], [ 16.329231809444931, 45.486647923140737 ] ] ] } },
{ "type": "Feature", "properties": { "BM": 2501, "longitude": 16.357900109677548, "latitude": 45.353670827694472, "population": 231 }, "geometry": { "type": "Polygon", "coordinates": [ [ [ 16.331147453634003, 45.343510551885011 ], [ 16.355423191213575, 45.397371288407093 ], [ 16.358686431194116, 45.397888305620874 ], [ 16.362218107909115, 45.397803524408999 ], [ 16.363856018718472, 45.396787159565967 ], [ 16.387432982219099, 45.333713630764855 ], [ 16.340612644864482, 45.319622516832744 ], [ 16.331147453634003, 45.343510551885011 ] ] ] } },
{ "type": "Feature", "properties": { "BM": 2515, "longitude": 16.354657514915491, "latitude": 45.465591412815208, "population": 797 }, "geometry": { "type": "Polygon", "coordinates": [ [ [ 16.340822407116985, 45.468272834758068 ], [ 16.363987642513731, 45.473620298218187 ], [ 16.36778115289879, 45.472906965292005 ], [ 16.365321921142169, 45.462758842057575 ], [ 16.355123977704974, 45.457279652806285 ], [ 16.343059279097247, 45.460612849791346 ], [ 16.342296720553797, 45.461477015428976 ], [ 16.340789351591038, 45.466007509583939 ], [ 16.340822407116985, 45.468272834758068 ] ] ] } },
{ "type": "Feature", "properties": { "BM": 2513, "longitude": 16.340548003165662, "latitude": 45.636779362521786, "population": 70 }, "geometry": { "type": "Polygon", "coordinates": [ [ [ 16.322593470711166, 45.656266077642073 ], [ 16.364091818752225, 45.63076302604297 ], [ 16.349025313671437, 45.622106686689278 ], [ 16.326719248221913, 45.633957327216926 ], [ 16.322593470711166, 45.656266077642073 ] ] ] } },
{ "type": "Feature", "properties": { "BM": 2467, "longitude": 16.314194579198716, "latitude": 45.636213389534987, "population": 51 }, "geometry": { "type": "Polygon", "coordinates": [ [ [ 16.321492624685082, 45.659222508677502 ], [ 16.322593470711166, 45.656266077642073 ], [ 16.326719248221913, 45.633957327216926 ], [ 16.306420224254712, 45.611486666734883 ], [ 16.301620016422927, 45.632517369237135 ], [ 16.313246128246657, 45.65473349999187 ], [ 16.321492624685082, 45.659222508677502 ] ] ] } },
{ "type": "Feature", "properties": { "BM": 2465, "longitude": 16.319707524602979, "latitude": 45.456264058404322, "population": 303 }, "geometry": { "type": "Polygon", "coordinates": [ [ [ 16.302566618490676, 45.463255482300291 ], [ 16.340789351591038, 45.466007509583939 ], [ 16.342296720553797, 45.461477015428976 ], [ 16.312982896855754, 45.440796690825124 ], [ 16.305638393334561, 45.449541974263248 ], [ 16.301880529396691, 45.461091601106311 ], [ 16.302566618490676, 45.463255482300291 ] ] ] } },
{ "type": "Feature", "properties": { "BM": 2482, "longitude": 16.328139459594514, "latitude": 45.575391710391933, "population": 227 }, "geometry": { "type": "Polygon", "coordinates": [ [ [ 16.297938600894753, 45.583869989490019 ], [ 16.320339014032108, 45.597161972810682 ], [ 16.355284205885461, 45.595270263717765 ], [ 16.357615598414323, 45.59173532212651 ], [ 16.35000365858544, 45.563339498624117 ], [ 16.347985794201698, 45.557818270099339 ], [ 16.337159453476357, 45.550044386286473 ], [ 16.33473761052856, 45.54889854588599 ], [ 16.324475610405784, 45.551308454301946 ], [ 16.314171671891074, 45.555958679861597 ], [ 16.293349303279779, 45.577219133630869 ], [ 16.297938600894753, 45.583869989490019 ] ] ] } },
{ "type": "Feature", "properties": { "BM": 2490, "longitude": 16.34701536701116, "latitude": 45.652667390587958, "population": 351 }, "geometry": { "type": "Polygon", "coordinates": [ [ [ 16.321492624685082, 45.659222508677502 ], [ 16.325098646516615, 45.669935864154589 ], [ 16.358785116522949, 45.663930452792009 ], [ 16.370873290658189, 45.633290787750312 ], [ 16.364091818752225, 45.63076302604297 ], [ 16.322593470711166, 45.656266077642073 ], [ 16.321492624685082, 45.659222508677502 ] ] ] } },
{ "type": "Feature", "properties": { "BM": 2491, "longitude": 16.352066642598587, "latitude": 45.429808355808177, "population": 847 }, "geometry": { "type": "Polygon", "coordinates": [ [ [ 16.341918096912384, 45.40852273224057 ], [ 16.343059279097247, 45.460612849791346 ], [ 16.355123977704974, 45.457279652806285 ], [ 16.363379921355286, 45.449339848646744 ], [ 16.362694735478648, 45.432883840828296 ], [ 16.358686431194116, 45.397888305620874 ], [ 16.355423191213575, 45.397371288407093 ], [ 16.345868679578086, 45.403778033565466 ], [ 16.341918096912384, 45.40852273224057 ] ] ] } },
{ "type": "Feature", "properties": { "BM": 2488, "longitude": 16.325099838697689, "latitude": 45.516802129591355, "population": 385 }, "geometry": { "type": "Polygon", "coordinates": [ [ [ 16.311430115675133, 45.497283801542096 ], [ 16.324475610405784, 45.551308454301946 ], [ 16.33473761052856, 45.54889854588599 ], [ 16.335274054729393, 45.547645117837135 ], [ 16.33464958956678, 45.515523138002372 ], [ 16.329231809444931, 45.486647923140737 ], [ 16.315273553071123, 45.488967308453006 ], [ 16.311430115675133, 45.497283801542096 ] ] ] } },
{ "type": "Feature", "properties": { "BM": 2494, "longitude": 16.330450376849267, "latitude": 45.434111287353758, "population": 1075 }, "geometry": { "type": "Polygon", "coordinates": [ [ [ 16.314289207107048, 45.422977089882693 ], [ 16.312982896855754, 45.440796690825124 ], [ 16.342296720553797, 45.461477015428976 ], [ 16.343059279097247, 45.460612849791346 ], [ 16.341918096912384, 45.40852273224057 ], [ 16.314289207107048, 45.422977089882693 ] ] ] } },
{ "type": "Feature", "properties": { "BM": 2432, "longitude": 16.299041590597692, "latitude": 45.30401180522751, "population": 549 }, "geometry": { "type": "Polygon", "coordinates": [ [ [ 16.242664172558673, 45.316511122895839 ], [ 16.311291926701642, 45.351595357658404 ], [ 16.331147453634003, 45.343510551885011 ], [ 16.340612644864482, 45.319622516832744 ], [ 16.326265943725552, 45.263525125852688 ], [ 16.293644727445002, 45.251787792109475 ], [ 16.242664172558673, 45.316511122895839 ] ] ] } },
{ "type": "Feature", "properties": { "BM": 2433, "longitude": 16.294212943840961, "latitude": 45.45184496709409, "population": 1131 }, "geometry": { "type": "Polygon", "coordinates": [ [ [ 16.284017091418097, 45.447752169772677 ], [ 16.282032234648074, 45.455140906971714 ], [ 16.301880529396691, 45.461091601106311 ], [ 16.305638393334561, 45.449541974263248 ], [ 16.293358683445021, 45.442458863913494 ], [ 16.284017091418097, 45.447752169772677 ] ] ] } },
{ "type": "Feature", "properties": { "BM": 2443, "longitude": 16.324283593629236, "latitude": 45.375260961796286, "population": 210 }, "geometry": { "type": "Polygon", "coordinates": [ [ [ 16.296685387516387, 45.384566782805727 ], [ 16.345868679578086, 45.403778033565466 ], [ 16.355423191213575, 45.397371288407093 ], [ 16.331147453634003, 45.343510551885011 ], [ 16.311291926701642, 45.351595357658404 ], [ 16.290365285762032, 45.376672724040553 ], [ 16.296685387516387, 45.384566782805727 ] ] ] } },
{ "type": "Feature", "properties": { "BM": 2444, "longitude": 16.316167513063334, "latitude": 45.405147191386327, "population": 187 }, "geometry": { "type": "Polygon", "coordinates": [ [ [ 16.30181633166594, 45.419136492957534 ], [ 16.314289207107048, 45.422977089882693 ], [ 16.341918096912384, 45.40852273224057 ], [ 16.345868679578086, 45.403778033565466 ], [ 16.296685387516387, 45.384566782805727 ], [ 16.300423382774433, 45.418420977563976 ], [ 16.30181633166594, 45.419136492957534 ] ] ] } },
{ "type": "Feature", "properties": { "BM": 2450, "longitude": 16.320030533146667, "latitude": 45.474747680468703, "population": 165 }, "geometry": { "type": "Polygon", "coordinates": [ [ [ 16.300231679960369, 45.476026868206837 ], [ 16.315273553071123, 45.488967308453006 ], [ 16.329231809444931, 45.486647923140737 ], [ 16.331748117463121, 45.484423746224508 ], [ 16.340506559483561, 45.47283952807701 ], [ 16.340822407116985, 45.468272834758068 ], [ 16.340789351591038, 45.466007509583939 ], [ 16.302566618490676, 45.463255482300291 ], [ 16.300231679960369, 45.476026868206837 ] ] ] } },
{ "type": "Feature", "properties": { "BM": 2448, "longitude": 16.304381414766837, "latitude": 45.43426941144719, "population": 915 }, "geometry": { "type": "Polygon", "coordinates": [ [ [ 16.292319442091387, 45.439672681245462 ], [ 16.293358683445021, 45.442458863913494 ], [ 16.305638393334561, 45.449541974263248 ], [ 16.312982896855754, 45.440796690825124 ], [ 16.314289207107048, 45.422977089882693 ], [ 16.30181633166594, 45.419136492957534 ], [ 16.292319442091387, 45.439672681245462 ] ] ] } },
{ "type": "Feature", "properties": { "BM": 2459, "longitude": 16.299766362612662, "latitude": 45.645221197624835, "population": 76 }, "geometry": { "type": "Polygon", "coordinates": [ [ [ 16.29003952004091, 45.652271632347471 ], [ 16.313246128246657, 45.65473349999187 ], [ 16.301620016422927, 45.632517369237135 ], [ 16.290076320762573, 45.638786127155299 ], [ 16.29003952004091, 45.652271632347471 ] ] ] } },
{ "type": "Feature", "properties": { "BM": 2456, "longitude": 16.306727476975965, "latitude": 45.524252512473936, "population": 766 }, "geometry": { "type": "Polygon", "coordinates": [ [ [ 16.314171671891074, 45.555958679861597 ], [ 16.324475610405784, 45.551308454301946 ], [ 16.311430115675133, 45.497283801542096 ], [ 16.284762013484173, 45.507192051395634 ], [ 16.28456172729236, 45.509477945613703 ], [ 16.314171671891074, 45.555958679861597 ] ] ] } },
{ "type": "Feature", "properties": { "BM": 2462, "longitude": 16.314446820406083, "latitude": 45.712262611858591, "population": 279 }, "geometry": { "type": "Polygon", "coordinates": [ [ [ 16.283599778612651, 45.70542385374987 ], [ 16.327907768829462, 45.744482072258045 ], [ 16.331419775000963, 45.741610599561781 ], [ 16.336833346652639, 45.73290612842154 ], [ 16.32689182557472, 45.693086866811136 ], [ 16.319594720773928, 45.685142016217604 ], [ 16.296029320089175, 45.694196596835731 ], [ 16.283599778612651, 45.70542385374987 ] ] ] } },
{ "type": "Feature", "properties": { "BM": 2463, "longitude": 16.322854943074368, "latitude": 45.611546561119674, "population": 123 }, "geometry": { "type": "Polygon", "coordinates": [ [ [ 16.306420224254712, 45.611486666734883 ], [ 16.326719248221913, 45.633957327216926 ], [ 16.349025313671437, 45.622106686689278 ], [ 16.345706507182488, 45.614251035703703 ], [ 16.320339014032108, 45.597161972810682 ], [ 16.297938600894753, 45.583869989490019 ], [ 16.306420224254712, 45.611486666734883 ] ] ] } },
{ "type": "Feature", "properties": { "BM": 2403, "longitude": 16.293239891224346, "latitude": 45.140688050444055, "population": 114 }, "geometry": { "type": "Polygon", "coordinates": [ [ [ 16.277798358588033, 45.193663628650661 ], [ 16.318413009720423, 45.157140131161306 ], [ 16.31577407985187, 45.118753515281348 ], [ 16.27349171624957, 45.091018905676286 ], [ 16.277798358588033, 45.193663628650661 ] ] ] } },
{ "type": "Feature", "properties": { "BM": 2400, "longitude": 16.275650515584516, "latitude": 45.438573106089635, "population": 267 }, "geometry": { "type": "Polygon", "coordinates": [ [ [ 16.272783911414162, 45.441903032994084 ], [ 16.278509636302722, 45.44142711251741 ], [ 16.278604244293032, 45.436480724973244 ], [ 16.274880972239426, 45.434854004041711 ], [ 16.273336572011907, 45.434990588699556 ], [ 16.272783911414162, 45.441903032994084 ] ] ] } },
{ "type": "Feature", "properties": { "BM": 2401, "longitude": 16.281897963941233, "latitude": 45.432183150800043, "population": 823 }, "geometry": { "type": "Polygon", "coordinates": [ [ [ 16.278604244293032, 45.436480724973244 ], [ 16.284834544430403, 45.436379664749374 ], [ 16.286611732610726, 45.424356836852894 ], [ 16.274880972239426, 45.434854004041711 ], [ 16.278604244293032, 45.436480724973244 ] ] ] } },
{ "type": "Feature", "properties": { "BM": 2406, "longitude": 16.281485885823844, "latitude": 45.43932388599282, "population": 757 }, "geometry": { "type": "Polygon", "coordinates": [ [ [ 16.278509636302722, 45.44142711251741 ], [ 16.283022923572545, 45.443421663464875 ], [ 16.284931150986573, 45.436648008800191 ], [ 16.284834544430403, 45.436379664749374 ], [ 16.278604244293032, 45.436480724973244 ], [ 16.278509636302722, 45.44142711251741 ] ] ] } },
{ "type": "Feature", "properties": { "BM": 2405, "longitude": 16.475022762233188, "latitude": 44.790076141268067, "population": 374 }, "geometry": { "type": "Polygon", "coordinates": [ [ [ 16.193128735724358, 44.817287804322454 ], [ 16.344734342179223, 45.07511185511175 ], [ 16.373830571818303, 45.061192839358625 ], [ 16.652762352869008, 44.873980684937166 ], [ 16.677699370684337, 44.82512021660802 ], [ 16.760478831153911, 44.566964770318272 ], [ 16.763807177703505, 44.556080869892163 ], [ 16.451350375991108, 44.594933489120926 ], [ 16.30159735615349, 44.699651696815096 ], [ 16.193128735724358, 44.817287804322454 ] ] ] } },
{ "type": "Feature", "properties": { "BM": 2414, "longitude": 16.336366998953071, "latitude": 45.209665968036013, "population": 132 }, "geometry": { "type": "Polygon", "coordinates": [ [ [ 16.266430454123434, 45.207275594760176 ], [ 16.293644727445002, 45.251787792109475 ], [ 16.326265943725552, 45.263525125852688 ], [ 16.394613432601393, 45.237128071860568 ], [ 16.406534263197113, 45.225586281650351 ], [ 16.374955623920744, 45.162137029382194 ], [ 16.318413009720423, 45.157140131161306 ], [ 16.277798358588033, 45.193663628650661 ], [ 16.266430454123434, 45.207275594760176 ] ] ] } },
{ "type": "Feature", "properties": { "BM": 2413, "longitude": 16.295903246551994, "latitude": 45.491460733572971, "population": 102 }, "geometry": { "type": "Polygon", "coordinates": [ [ [ 16.284762013484173, 45.507192051395634 ], [ 16.311430115675133, 45.497283801542096 ], [ 16.315273553071123, 45.488967308453006 ], [ 16.300231679960369, 45.476026868206837 ], [ 16.278057375029363, 45.487236840167306 ], [ 16.284762013484173, 45.507192051395634 ] ] ] } },
{ "type": "Feature", "properties": { "BM": 2417, "longitude": 16.303850764047763, "latitude": 45.670800661503201, "population": 58 }, "geometry": { "type": "Polygon", "coordinates": [ [ [ 16.281382484306175, 45.657569154588799 ], [ 16.296029320089175, 45.694196596835731 ], [ 16.319594720773928, 45.685142016217604 ], [ 16.325098646516615, 45.669935864154589 ], [ 16.321492624685082, 45.659222508677502 ], [ 16.313246128246657, 45.65473349999187 ], [ 16.29003952004091, 45.652271632347471 ], [ 16.281382484306175, 45.657569154588799 ] ] ] } },
{ "type": "Feature", "properties": { "BM": 2422, "longitude": 16.287409739576969, "latitude": 45.441965326338824, "population": 1350 }, "geometry": { "type": "Polygon", "coordinates": [ [ [ 16.283022923572545, 45.443421663464875 ], [ 16.284017091418097, 45.447752169772677 ], [ 16.293358683445021, 45.442458863913494 ], [ 16.292319442091387, 45.439672681245462 ], [ 16.284931150986573, 45.436648008800191 ], [ 16.283022923572545, 45.443421663464875 ] ] ] } },
{ "type": "Feature", "properties": { "BM": 2424, "longitude": 16.292196073624655, "latitude": 45.427726773999879, "population": 853 }, "geometry": { "type": "Polygon", "coordinates": [ [ [ 16.284931150986573, 45.436648008800191 ], [ 16.292319442091387, 45.439672681245462 ], [ 16.30181633166594, 45.419136492957534 ], [ 16.300423382774433, 45.418420977563976 ], [ 16.288550401748989, 45.419072294008018 ], [ 16.286611732610726, 45.424356836852894 ], [ 16.284834544430403, 45.436379664749374 ], [ 16.284931150986573, 45.436648008800191 ] ] ] } },
{ "type": "Feature", "properties": { "BM": 2374, "longitude": 16.26659234112941, "latitude": 45.500166900410647, "population": 271 }, "geometry": { "type": "Polygon", "coordinates": [ [ [ 16.254337757612401, 45.523044521131951 ], [ 16.28456172729236, 45.509477945613703 ], [ 16.284762013484173, 45.507192051395634 ], [ 16.278057375029363, 45.487236840167306 ], [ 16.263416000294455, 45.47925905985614 ], [ 16.253991646579927, 45.480880238992988 ], [ 16.254337757612401, 45.523044521131951 ] ] ] } },
{ "type": "Feature", "properties": { "BM": 2379, "longitude": 16.269691083175903, "latitude": 45.345415515130078, "population": 119 }, "geometry": { "type": "Polygon", "coordinates": [ [ [ 16.224957444718608, 45.329629380734978 ], [ 16.289692752783505, 45.376765883088794 ], [ 16.290365285762032, 45.376672724040553 ], [ 16.311291926701642, 45.351595357658404 ], [ 16.242664172558673, 45.316511122895839 ], [ 16.224957444718608, 45.329629380734978 ] ] ] } },
{ "type": "Feature", "properties": { "BM": 2377, "longitude": 16.263385376992023, "latitude": 45.43709678081273, "population": 606 }, "geometry": { "type": "Polygon", "coordinates": [ [ [ 16.251181191252094, 45.437862021963753 ], [ 16.267608226972644, 45.450497899362418 ], [ 16.272783911414162, 45.441903032994084 ], [ 16.273336572011907, 45.434990588699556 ], [ 16.260959748637816, 45.423322385512833 ], [ 16.251181191252094, 45.437862021963753 ] ] ] } },
{ "type": "Feature", "properties": { "BM": 2384, "longitude": 16.284716864987367, "latitude": 45.400781373272785, "population": 375 }, "geometry": { "type": "Polygon", "coordinates": [ [ [ 16.262423998285751, 45.403039406847874 ], [ 16.264768053770332, 45.40852027325996 ], [ 16.288550401748989, 45.419072294008018 ], [ 16.300423382774433, 45.418420977563976 ], [ 16.296685387516387, 45.384566782805727 ], [ 16.290365285762032, 45.376672724040553 ], [ 16.289692752783505, 45.376765883088794 ], [ 16.262423998285751, 45.403039406847874 ] ] ] } },
{ "type": "Feature", "properties": { "BM": 2385, "longitude": 16.27351403886496, "latitude": 45.421749218416288, "population": 591 }, "geometry": { "type": "Polygon", "coordinates": [ [ [ 16.260959748637816, 45.423322385512833 ], [ 16.273336572011907, 45.434990588699556 ], [ 16.274880972239426, 45.434854004041711 ], [ 16.286611732610726, 45.424356836852894 ], [ 16.288550401748989, 45.419072294008018 ], [ 16.264768053770332, 45.40852027325996 ], [ 16.260959748637816, 45.423322385512833 ] ] ] } },
{ "type": "Feature", "properties": { "BM": 2388, "longitude": 16.276112667891443, "latitude": 45.449611236556464, "population": 384 }, "geometry": { "type": "Polygon", "coordinates": [ [ [ 16.267608226972644, 45.450497899362418 ], [ 16.271760339074557, 45.458737818225607 ], [ 16.282032234648074, 45.455140906971714 ], [ 16.284017091418097, 45.447752169772677 ], [ 16.283022923572545, 45.443421663464875 ], [ 16.278509636302722, 45.44142711251741 ], [ 16.272783911414162, 45.441903032994084 ], [ 16.267608226972644, 45.450497899362418 ] ] ] } },
{ "type": "Feature", "properties": { "BM": 2399, "longitude": 16.283109607379497, "latitude": 45.470565034703405, "population": 110 }, "geometry": { "type": "Polygon", "coordinates": [ [ [ 16.263416000294455, 45.47925905985614 ], [ 16.278057375029363, 45.487236840167306 ], [ 16.300231679960369, 45.476026868206837 ], [ 16.302566618490676, 45.463255482300291 ], [ 16.301880529396691, 45.461091601106311 ], [ 16.282032234648074, 45.455140906971714 ], [ 16.271760339074557, 45.458737818225607 ], [ 16.263416000294455, 45.47925905985614 ] ] ] } },
{ "type": "Feature", "properties": { "BM": 2336, "longitude": 16.282635112538507, "latitude": 45.606031831408359, "population": 80 }, "geometry": { "type": "Polygon", "coordinates": [ [ [ 16.251818455034741, 45.607109146590616 ], [ 16.290076320762573, 45.638786127155299 ], [ 16.301620016422927, 45.632517369237135 ], [ 16.306420224254712, 45.611486666734883 ], [ 16.297938600894753, 45.583869989490019 ], [ 16.293349303279779, 45.577219133630869 ], [ 16.26960326568852, 45.581070258095195 ], [ 16.266083292131007, 45.583167531496123 ], [ 16.251818455034741, 45.607109146590616 ] ] ] } },
{ "type": "Feature", "properties": { "BM": 2357, "longitude": 16.281857568507281, "latitude": 45.546492875350403, "population": 696 }, "geometry": { "type": "Polygon", "coordinates": [ [ [ 16.2534545585934, 45.52429250018551 ], [ 16.26960326568852, 45.581070258095195 ], [ 16.293349303279779, 45.577219133630869 ], [ 16.314171671891074, 45.555958679861597 ], [ 16.28456172729236, 45.509477945613703 ], [ 16.254337757612401, 45.523044521131951 ], [ 16.2534545585934, 45.52429250018551 ] ] ] } },
{ "type": "Feature", "properties": { "BM": 2308, "longitude": 16.237166493825804, "latitude": 45.416755016035353, "population": 237 }, "geometry": { "type": "Polygon", "coordinates": [ [ [ 16.22511565745344, 45.447592074425934 ], [ 16.251181191252094, 45.437862021963753 ], [ 16.260959748637816, 45.423322385512833 ], [ 16.264768053770332, 45.40852027325996 ], [ 16.262423998285751, 45.403039406847874 ], [ 16.22079170606013, 45.384803194479929 ], [ 16.214626454461708, 45.427432365225101 ], [ 16.22511565745344, 45.447592074425934 ] ] ] } },
{ "type": "Feature", "properties": { "BM": 1698, "longitude": 15.996307521194423, "latitude": 45.433063248591928, "population": 320 }, "geometry": { "type": "Polygon", "coordinates": [ [ [ 15.967793487624119, 45.468117003277762 ], [ 16.00442744513348, 45.470863676070948 ], [ 16.035863985676116, 45.430740100291104 ], [ 16.035000404552537, 45.412637778157531 ], [ 15.994002158511217, 45.388695795017803 ], [ 15.956249855242692, 45.436727559047249 ], [ 15.967793487624119, 45.468117003277762 ] ] ] } },
{ "type": "Feature", "properties": { "BM": 1678, "longitude": 15.97807569897128, "latitude": 45.309510828930669, "population": 804 }, "geometry": { "type": "Polygon", "coordinates": [ [ [ 15.975983951535133, 45.267651788852291 ], [ 15.959987035875095, 45.352045528787919 ], [ 15.979544252173275, 45.360820677652526 ], [ 15.996075947128789, 45.251782878766541 ], [ 15.975983951535133, 45.267651788852291 ] ] ] } },
{ "type": "Feature", "properties": { "BM": 1684, "longitude": 16.014980600554217, "latitude": 45.280872184627817, "population": 248 }, "geometry": { "type": "Polygon", "coordinates": [ [ [ 15.996075947128789, 45.251782878766541 ], [ 15.979544252173275, 45.360820677652526 ], [ 15.984481049423762, 45.364076828077906 ], [ 16.029255855416686, 45.324385708053413 ], [ 16.050586259775894, 45.201555597343095 ], [ 16.042768594350189, 45.193715981362814 ], [ 15.996075947128789, 45.251782878766541 ] ] ] } },
{ "type": "Feature", "properties": { "BM": 1644, "longitude": 16.063417560177363, "latitude": 45.275895405942592, "population": 189 }, "geometry": { "type": "Polygon", "coordinates": [ [ [ 16.050586259775894, 45.201555597343095 ], [ 16.029255855416686, 45.324385708053413 ], [ 16.060503654603259, 45.334162050452925 ], [ 16.093098741121945, 45.307592121318869 ], [ 16.103242120942976, 45.297164415569668 ], [ 16.071939992707804, 45.212538867914425 ], [ 16.050586259775894, 45.201555597343095 ] ] ] } },
{ "type": "Feature", "properties": { "BM": 1597, "longitude": 15.950024191634117, "latitude": 45.3045141529932, "population": 397 }, "geometry": { "type": "Polygon", "coordinates": [ [ [ 15.91608640277833, 45.294627691490163 ], [ 15.957992790419739, 45.351456364626181 ], [ 15.959987035875095, 45.352045528787919 ], [ 15.975983951535133, 45.267651788852291 ], [ 15.916257114461695, 45.291448191058251 ], [ 15.91608640277833, 45.294627691490163 ] ] ] } },
{ "type": "Feature", "properties": { "BM": 1556, "longitude": 15.980607826472696, "latitude": 45.223138730782338, "population": 79 }, "geometry": { "type": "Polygon", "coordinates": [ [ [ 15.916257114461695, 45.291448191058251 ], [ 15.975983951535133, 45.267651788852291 ], [ 15.996075947128789, 45.251782878766541 ], [ 16.042768594350189, 45.193715981362814 ], [ 16.015526006120311, 45.143513208453676 ], [ 15.909040843659355, 45.271599954651897 ], [ 15.916257114461695, 45.291448191058251 ] ] ] } },
{ "type": "Feature", "properties": { "BM": 2026, "longitude": 16.099136510421207, "latitude": 45.355227852212202, "population": 696 }, "geometry": { "type": "Polygon", "coordinates": [ [ [ 16.08079121323841, 45.386156309255846 ], [ 16.140874061824572, 45.333483627836522 ], [ 16.141018178112734, 45.333024006176295 ], [ 16.101752187206845, 45.339170798601231 ], [ 16.088981838229646, 45.343896431063179 ], [ 16.07272243212654, 45.353931161320958 ], [ 16.08079121323841, 45.386156309255846 ] ] ] } },
{ "type": "Feature", "properties": { "BM": 2031, "longitude": 16.093487483538858, "latitude": 45.339977715298922, "population": 580 }, "geometry": { "type": "Polygon", "coordinates": [ [ [ 16.101752187206845, 45.339170798601231 ], [ 16.089728425180073, 45.336865916232348 ], [ 16.088981838229646, 45.343896431063179 ], [ 16.101752187206845, 45.339170798601231 ] ] ] } },
{ "type": "Feature", "properties": { "BM": 2034, "longitude": 16.098028467292213, "latitude": 45.437664363393843, "population": 65 }, "geometry": { "type": "Polygon", "coordinates": [ [ [ 16.07019924078978, 45.402035440942832 ], [ 16.10107136827062, 45.487048994617943 ], [ 16.117160892968524, 45.468851740943549 ], [ 16.114468752435709, 45.414723747483535 ], [ 16.076800928465634, 45.398815976302124 ], [ 16.07019924078978, 45.402035440942832 ] ] ] } },
{ "type": "Feature", "properties": { "BM": 1991, "longitude": 16.106170640389763, "latitude": 45.590659760161664, "population": 59 }, "geometry": { "type": "Polygon", "coordinates": [ [ [ 16.092311248491981, 45.617954803767681 ], [ 16.094592223304261, 45.620983059368918 ], [ 16.105552187821466, 45.61811632928692 ], [ 16.121856945350693, 45.605031086836213 ], [ 16.127106889096638, 45.591701727633769 ], [ 16.117480793047793, 45.568899093158421 ], [ 16.101940507885214, 45.55830641197312 ], [ 16.093148851255336, 45.568243000681541 ], [ 16.089881592270451, 45.609518508272089 ], [ 16.092311248491981, 45.617954803767681 ] ] ] } },
{ "type": "Feature", "properties": { "BM": 2001, "longitude": 16.080272196036265, "latitude": 45.344852107456319, "population": 342 }, "geometry": { "type": "Polygon", "coordinates": [ [ [ 16.087926436805766, 45.335689345792275 ], [ 16.069644734640065, 45.347502522659653 ], [ 16.07272243212654, 45.353931161320958 ], [ 16.088981838229646, 45.343896431063179 ], [ 16.089728425180073, 45.336865916232348 ], [ 16.087926436805766, 45.335689345792275 ] ] ] } },
{ "type": "Feature", "properties": { "BM": 2012, "longitude": 16.13516157012328, "latitude": 45.266502557242411, "population": 639 }, "geometry": { "type": "Polygon", "coordinates": [ [ [ 16.103242120942976, 45.297164415569668 ], [ 16.141180443406714, 45.332662393852004 ], [ 16.18702948024416, 45.315802574332331 ], [ 16.170040487113717, 45.218302292692918 ], [ 16.071939992707804, 45.212538867914425 ], [ 16.103242120942976, 45.297164415569668 ] ] ] } },
{ "type": "Feature", "properties": { "BM": 1970, "longitude": 16.078580495406904, "latitude": 45.589273606317512, "population": 104 }, "geometry": { "type": "Polygon", "coordinates": [ [ [ 16.058573886847242, 45.598096316044568 ], [ 16.089881592270451, 45.609518508272089 ], [ 16.093148851255336, 45.568243000681541 ], [ 16.06680759971993, 45.577887816271989 ], [ 16.058573886847242, 45.598096316044568 ] ] ] } },
{ "type": "Feature", "properties": { "BM": 1969, "longitude": 16.128220838947371, "latitude": 45.496240916186089, "population": 99 }, "geometry": { "type": "Polygon", "coordinates": [ [ [ 16.096519103165807, 45.494645524551551 ], [ 16.101382661194997, 45.516819294329466 ], [ 16.158961120534187, 45.518975492781919 ], [ 16.15493108473116, 45.483323040087868 ], [ 16.128625676651403, 45.467324638310885 ], [ 16.117160892968524, 45.468851740943549 ], [ 16.10107136827062, 45.487048994617943 ], [ 16.096519103165807, 45.494645524551551 ] ] ] } },
{ "type": "Feature", "properties": { "BM": 1921, "longitude": 16.066645068297539, "latitude": 45.446708362627348, "population": 53 }, "geometry": { "type": "Polygon", "coordinates": [ [ [ 16.035863985676116, 45.430740100291104 ], [ 16.057006148945526, 45.475745233667659 ], [ 16.096519103165807, 45.494645524551551 ], [ 16.10107136827062, 45.487048994617943 ], [ 16.07019924078978, 45.402035440942832 ], [ 16.035000404552537, 45.412637778157531 ], [ 16.035863985676116, 45.430740100291104 ] ] ] } },
{ "type": "Feature", "properties": { "BM": 1934, "longitude": 16.109268786185165, "latitude": 45.322473317754614, "population": 498 }, "geometry": { "type": "Polygon", "coordinates": [ [ [ 16.087926436805766, 45.335689345792275 ], [ 16.089728425180073, 45.336865916232348 ], [ 16.101752187206845, 45.339170798601231 ], [ 16.141018178112734, 45.333024006176295 ], [ 16.141180443406714, 45.332662393852004 ], [ 16.103242120942976, 45.297164415569668 ], [ 16.093098741121945, 45.307592121318869 ], [ 16.087926436805766, 45.335689345792275 ] ] ] } },
{ "type": "Feature", "properties": { "BM": 1933, "longitude": 16.078075749246686, "latitude": 45.329956075151948, "population": 95 }, "geometry": { "type": "Polygon", "coordinates": [ [ [ 16.093098741121945, 45.307592121318869 ], [ 16.060503654603259, 45.334162050452925 ], [ 16.069644734640065, 45.347502522659653 ], [ 16.087926436805766, 45.335689345792275 ], [ 16.093098741121945, 45.307592121318869 ] ] ] } },
{ "type": "Feature", "properties": { "BM": 1909, "longitude": 16.05434546291476, "latitude": 45.583564832008719, "population": 183 }, "geometry": { "type": "Polygon", "coordinates": [ [ [ 16.0427588943678, 45.568865505128613 ], [ 16.052594472129371, 45.603566769786703 ], [ 16.058573886847242, 45.598096316044568 ], [ 16.06680759971993, 45.577887816271989 ], [ 16.044252913407707, 45.567263030005627 ], [ 16.0427588943678, 45.568865505128613 ] ] ] } },
{ "type": "Feature", "properties": { "BM": 1872, "longitude": 16.038663153063379, "latitude": 45.589981783594141, "population": 541 }, "geometry": { "type": "Polygon", "coordinates": [ [ [ 16.02768766861784, 45.60027584182599 ], [ 16.051939249464329, 45.60419842069409 ], [ 16.052594472129371, 45.603566769786703 ], [ 16.0427588943678, 45.568865505128613 ], [ 16.03353948873265, 45.57822651027039 ], [ 16.023057332322221, 45.594145912049832 ], [ 16.02768766861784, 45.60027584182599 ] ] ] } },
{ "type": "Feature", "properties": { "BM": 1795, "longitude": 16.035789965658797, "latitude": 45.370133711160257, "population": 470 }, "geometry": { "type": "Polygon", "coordinates": [ [ [ 15.994002158511217, 45.388695795017803 ], [ 16.035000404552537, 45.412637778157531 ], [ 16.07019924078978, 45.402035440942832 ], [ 16.076800928465634, 45.398815976302124 ], [ 16.08079121323841, 45.386156309255846 ], [ 16.07272243212654, 45.353931161320958 ], [ 16.069644734640065, 45.347502522659653 ], [ 16.060503654603259, 45.334162050452925 ], [ 16.029255855416686, 45.324385708053413 ], [ 15.984481049423762, 45.364076828077906 ], [ 15.994002158511217, 45.388695795017803 ] ] ] } },
{ "type": "Feature", "properties": { "BM": 1255, "longitude": 15.931981556218469, "latitude": 45.136294416041395, "population": 171 }, "geometry": { "type": "Polygon", "coordinates": [ [ [ 15.866962592805741, 45.126465949453774 ], [ 15.859846809315268, 45.233465953448345 ], [ 15.909040843659355, 45.271599954651897 ], [ 16.015526006120311, 45.143513208453676 ], [ 15.96073747558105, 44.980841909734941 ], [ 15.886588931058707, 45.080275300631477 ], [ 15.866962592805741, 45.126465949453774 ] ] ] } },
{ "type": "Feature", "properties": { "BM": 1231, "longitude": 15.774227094897206, "latitude": 45.362906542721731, "population": 168 }, "geometry": { "type": "Polygon", "coordinates": [ [ [ 15.741611102240062, 45.41039214832454 ], [ 15.741797919689411, 45.410529048495377 ], [ 15.812925610260946, 45.381640869524887 ], [ 15.78061076122785, 45.295604900393656 ], [ 15.780341175327676, 45.295981740655357 ], [ 15.737272277634796, 45.387669944656729 ], [ 15.741611102240062, 45.41039214832454 ] ] ] } },
{ "type": "Feature", "properties": { "BM": 1194, "longitude": 15.754784055735986, "latitude": 45.214786669875238, "population": 137 }, "geometry": { "type": "Polygon", "coordinates": [ [ [ 15.707844039762822, 45.194544335389011 ], [ 15.776531061896435, 45.265026501704163 ], [ 15.785484884512753, 45.190892844024035 ], [ 15.70910853039668, 45.188261853213163 ], [ 15.706505727817257, 45.192172899816939 ], [ 15.707844039762822, 45.194544335389011 ] ] ] } },
{ "type": "Feature", "properties": { "BM": 1212, "longitude": 15.741357868780353, "latitude": 45.255686910539112, "population": 172 }, "geometry": { "type": "Polygon", "coordinates": [ [ [ 15.718611658128379, 45.279855325769709 ], [ 15.780831420665709, 45.294930275603484 ], [ 15.78444121508582, 45.291671038903637 ], [ 15.776531061896435, 45.265026501704163 ], [ 15.707844039762822, 45.194544335389011 ], [ 15.718611658128379, 45.279855325769709 ] ] ] } },
{ "type": "Feature", "properties": { "BM": 1165, "longitude": 15.727753860246345, "latitude": 45.301602108932023, "population": 269 }, "geometry": { "type": "Polygon", "coordinates": [ [ [ 15.693562313108972, 45.303468227381167 ], [ 15.708853583542025, 45.330707805854701 ], [ 15.780341175327676, 45.295981740655357 ], [ 15.78061076122785, 45.295604900393656 ], [ 15.780831420665709, 45.294930275603484 ], [ 15.718611658128379, 45.279855325769709 ], [ 15.701630998948582, 45.282631431130397 ], [ 15.693562313108972, 45.303468227381167 ] ] ] } },
{ "type": "Feature", "properties": { "BM": 1170, "longitude": 15.691599641100547, "latitude": 45.324084761811427, "population": 852 }, "geometry": { "type": "Polygon", "coordinates": [ [ [ 15.669129366623196, 45.324831763798116 ], [ 15.703182411020475, 45.342634124960988 ], [ 15.708853583542025, 45.330707805854701 ], [ 15.693562313108972, 45.303468227381167 ], [ 15.669129366623196, 45.324831763798116 ] ] ] } },
{ "type": "Feature", "properties": { "BM": 1182, "longitude": 15.737077848400961, "latitude": 45.342171636143995, "population": 369 }, "geometry": { "type": "Polygon", "coordinates": [ [ [ 15.703182411020475, 45.342634124960988 ], [ 15.707109811779993, 45.364442361192673 ], [ 15.737272277634796, 45.387669944656729 ], [ 15.780341175327676, 45.295981740655357 ], [ 15.708853583542025, 45.330707805854701 ], [ 15.703182411020475, 45.342634124960988 ] ] ] } },
{ "type": "Feature", "properties": { "BM": 1127, "longitude": 15.695876400002888, "latitude": 45.39086788407019, "population": 72 }, "geometry": { "type": "Polygon", "coordinates": [ [ [ 15.690955124417398, 45.42040647900091 ], [ 15.733372496485565, 45.413310023043607 ], [ 15.741611102240062, 45.41039214832454 ], [ 15.737272277634796, 45.387669944656729 ], [ 15.707109811779993, 45.364442361192673 ], [ 15.650395381056876, 45.367919277366937 ], [ 15.649728025222663, 45.387387980007112 ], [ 15.690955124417398, 45.42040647900091 ] ] ] } },
{ "type": "Feature", "properties": { "BM": 1096, "longitude": 15.693026076471426, "latitude": 45.241375122925405, "population": 135 }, "geometry": { "type": "Polygon", "coordinates": [ [ [ 15.665533127388766, 45.262883820026417 ], [ 15.701630998948582, 45.282631431130397 ], [ 15.718611658128379, 45.279855325769709 ], [ 15.707844039762822, 45.194544335389011 ], [ 15.706505727817257, 45.192172899816939 ], [ 15.684344316858374, 45.200654205118539 ], [ 15.661111115712409, 45.252922563783152 ], [ 15.665533127388766, 45.262883820026417 ] ] ] } },
{ "type": "Feature", "properties": { "BM": 1071, "longitude": 15.674979461423824, "latitude": 45.34954003419962, "population": 227 }, "geometry": { "type": "Polygon", "coordinates": [ [ [ 15.644469386139026, 45.357149078646088 ], [ 15.650395381056876, 45.367919277366937 ], [ 15.707109811779993, 45.364442361192673 ], [ 15.703182411020475, 45.342634124960988 ], [ 15.669129366623196, 45.324831763798116 ], [ 15.659846481684854, 45.327046159142284 ], [ 15.644490901659536, 45.356942540565008 ], [ 15.644469386139026, 45.357149078646088 ] ] ] } },
{ "type": "Feature", "properties": { "BM": 1077, "longitude": 15.672484656197446, "latitude": 45.294860064476488, "population": 212 }, "geometry": { "type": "Polygon", "coordinates": [ [ [ 15.659846481684854, 45.327046159142284 ], [ 15.669129366623196, 45.324831763798116 ], [ 15.693562313108972, 45.303468227381167 ], [ 15.701630998948582, 45.282631431130397 ], [ 15.665533127388766, 45.262883820026417 ], [ 15.647286747629495, 45.299158105065196 ], [ 15.659846481684854, 45.327046159142284 ] ] ] } },
{ "type": "Feature", "properties": { "BM": 1483, "longitude": 15.934755552905353, "latitude": 45.399538083951633, "population": 320 }, "geometry": { "type": "Polygon", "coordinates": [ [ [ 15.867230600990563, 45.417809600235799 ], [ 15.90765590134281, 45.442294635236784 ], [ 15.956249855242692, 45.436727559047249 ], [ 15.994002158511217, 45.388695795017803 ], [ 15.984481049423762, 45.364076828077906 ], [ 15.979544252173275, 45.360820677652526 ], [ 15.959987035875095, 45.352045528787919 ], [ 15.957992790419739, 45.351456364626181 ], [ 15.896912319680927, 45.379852015665854 ], [ 15.889175925087995, 45.389457696805607 ], [ 15.867230600990563, 45.417809600235799 ] ] ] } },
{ "type": "Feature", "properties": { "BM": 1485, "longitude": 15.91224138129073, "latitude": 45.337761852312077, "population": 203 }, "geometry": { "type": "Polygon", "coordinates": [ [ [ 15.896912319680927, 45.379852015665854 ], [ 15.957992790419739, 45.351456364626181 ], [ 15.91608640277833, 45.294627691490163 ], [ 15.873227718413235, 45.320163568216131 ], [ 15.896912319680927, 45.379852015665854 ] ] ] } },
{ "type": "Feature", "properties": { "BM": 1410, "longitude": 15.862269699448124, "latitude": 45.282381536586129, "population": 125 }, "geometry": { "type": "Polygon", "coordinates": [ [ [ 15.845802023816121, 45.318875330296983 ], [ 15.873227718413235, 45.320163568216131 ], [ 15.91608640277833, 45.294627691490163 ], [ 15.916257114461695, 45.291448191058251 ], [ 15.909040843659355, 45.271599954651897 ], [ 15.859846809315268, 45.233465953448345 ], [ 15.802564783828585, 45.289051563507016 ], [ 15.845802023816121, 45.318875330296983 ] ] ] } },
{ "type": "Feature", "properties": { "BM": 1426, "longitude": 15.873400030502353, "latitude": 45.348075452720721, "population": 237 }, "geometry": { "type": "Polygon", "coordinates": [ [ [ 15.845794253196146, 45.321443489313992 ], [ 15.889175925087995, 45.389457696805607 ], [ 15.896912319680927, 45.379852015665854 ], [ 15.873227718413235, 45.320163568216131 ], [ 15.845802023816121, 45.318875330296983 ], [ 15.845794253196146, 45.321443489313992 ] ] ] } },
{ "type": "Feature", "properties": { "BM": 1431, "longitude": 15.861561926281858, "latitude": 45.376809185047023, "population": 844 }, "geometry": { "type": "Polygon", "coordinates": [ [ [ 15.866875411233762, 45.417862385178601 ], [ 15.867230600990563, 45.417809600235799 ], [ 15.889175925087995, 45.389457696805607 ], [ 15.845794253196146, 45.321443489313992 ], [ 15.843950996292453, 45.393324959814414 ], [ 15.866875411233762, 45.417862385178601 ] ] ] } },
{ "type": "Feature", "properties": { "BM": 1433, "longitude": 15.873952043193585, "latitude": 45.466415587687834, "population": 146 }, "geometry": { "type": "Polygon", "coordinates": [ [ [ 15.832675925114527, 45.484178570899978 ], [ 15.876265764910247, 45.506681590334338 ], [ 15.896419888664708, 45.507312025423545 ], [ 15.91249658345585, 45.490550005147469 ], [ 15.90765590134281, 45.442294635236784 ], [ 15.867230600990563, 45.417809600235799 ], [ 15.866875411233762, 45.417862385178601 ], [ 15.829803124740172, 45.461899681394598 ], [ 15.832675925114527, 45.484178570899978 ] ] ] } },
{ "type": "Feature", "properties": { "BM": 1380, "longitude": 16.093132033142339, "latitude": 45.054095164623661, "population": 74 }, "geometry": { "type": "Polygon", "coordinates": [ [ [ 15.96073747558105, 44.980841909734941 ], [ 16.015526006120311, 45.143513208453676 ], [ 16.042768594350189, 45.193715981362814 ], [ 16.050586259775894, 45.201555597343095 ], [ 16.071939992707804, 45.212538867914425 ], [ 16.170040487113717, 45.218302292692918 ], [ 16.215597524819717, 45.190424436858358 ], [ 16.181289980064214, 44.993706608573987 ], [ 16.13243795850466, 44.869943839002438 ], [ 15.983805401065938, 44.931636770776876 ], [ 15.962010021849405, 44.97128156083712 ], [ 15.96073747558105, 44.980841909734941 ] ] ] } },
{ "type": "Feature", "properties": { "BM": 1323, "longitude": 15.821890189085329, "latitude": 45.214757676686567, "population": 260 }, "geometry": { "type": "Polygon", "coordinates": [ [ [ 15.866962592805741, 45.126465949453774 ], [ 15.785484884512753, 45.190892844024035 ], [ 15.776531061896435, 45.265026501704163 ], [ 15.78444121508582, 45.291671038903637 ], [ 15.802564783828585, 45.289051563507016 ], [ 15.859846809315268, 45.233465953448345 ], [ 15.866962592805741, 45.126465949453774 ] ] ] } },
{ "type": "Feature", "properties": { "BM": 1281, "longitude": 15.818556245214664, "latitude": 45.337475327599535, "population": 96 }, "geometry": { "type": "Polygon", "coordinates": [ [ [ 15.78061076122785, 45.295604900393656 ], [ 15.812925610260946, 45.381640869524887 ], [ 15.843950996292453, 45.393324959814414 ], [ 15.845794253196146, 45.321443489313992 ], [ 15.845802023816121, 45.318875330296983 ], [ 15.802564783828585, 45.289051563507016 ], [ 15.78444121508582, 45.291671038903637 ], [ 15.780831420665709, 45.294930275603484 ], [ 15.78061076122785, 45.295604900393656 ] ] ] } },
{ "type": "Feature", "properties": { "BM": 1019, "longitude": 15.633194656875942, "latitude": 45.214811679615948, "population": 81 }, "geometry": { "type": "Polygon", "coordinates": [ [ [ 15.585197807677043, 45.200597600694216 ], [ 15.605690350657341, 45.247039553304333 ], [ 15.661111115712409, 45.252922563783152 ], [ 15.684344316858374, 45.200654205118539 ], [ 15.626107903608025, 45.177504310320103 ], [ 15.613760603428153, 45.176775119713213 ], [ 15.598430801480896, 45.185510544952386 ], [ 15.585197807677043, 45.200597600694216 ] ] ] } }
]
}
