{
"type": "FeatureCollection",
"name": "zupanija_5",
"crs": { "type": "name", "properties": { "name": "urn:ogc:def:crs:EPSG::3765" } },
"features": [
{ "type": "Feature", "properties": { "BM": 1587, "data": { "Oznaka Gr/Op/Dr": "općina", "Grad/općina/država": "CESTICA", "Rbr BM": 9, "Naziv BM": "DUBRAVA KRIŽOVLJANSKA", "Lokacija BM": "PROSTORIJE ZGRADE \"MIHALIĆ\"", "Adresa BM": "CARINSKA ULICA 1", "Glasovalo birača": 100, "Glasovalo birača (po listićima)": 100, "Važeći listići": 99, "Nevažeći listići": 1 }, "latitude": 46.3832731, "longitude": 16.0530763, "population": 178 }, "geometry": { "type": "MultiPolygon", "coordinates": [ [ [ [ 16.0659285, 46.3710819 ], [ 16.0658457, 46.3711419 ], [ 16.0657377, 46.371193 ], [ 16.0655548, 46.3712885 ], [ 16.0650453, 46.3715437 ], [ 16.0649404, 46.3716138 ], [ 16.0649247, 46.3716359 ], [ 16.064691, 46.3718856 ], [ 16.0646754, 46.3719295 ], [ 16.0645486, 46.3721997 ], [ 16.0645275, 46.3722561 ], [ 16.0643416, 46.3726772 ], [ 16.0643199, 46.3727077 ], [ 16.0641734, 46.3728689 ], [ 16.0641454, 46.3729015 ], [ 16.06403, 46.3730299 ], [ 16.0640178, 46.3730475 ], [ 16.0640053, 46.3730605 ], [ 16.0639837, 46.3730953 ], [ 16.063929, 46.3732261 ], [ 16.0638777, 46.3733831 ], [ 16.0638556, 46.3733898 ], [ 16.0637158, 46.3734688 ], [ 16.0632265, 46.3736553 ], [ 16.0622945, 46.3741328 ], [ 16.0622008, 46.3741688 ], [ 16.0620904, 46.374184 ], [ 16.0618155, 46.3742218 ], [ 16.0613893, 46.3742284 ], [ 16.0610675, 46.3742587 ], [ 16.0609943, 46.374368 ], [ 16.0610019, 46.3744376 ], [ 16.0610786, 46.3745504 ], [ 16.0611553, 46.3746764 ], [ 16.0612678, 46.3747977 ], [ 16.0612628, 46.374898 ], [ 16.0611843, 46.3750923 ], [ 16.0610362, 46.3756197 ], [ 16.0610626, 46.3757311 ], [ 16.0610329, 46.3759018 ], [ 16.0609407, 46.3760466 ], [ 16.0608627, 46.3761324 ], [ 16.0606438, 46.3762713 ], [ 16.0604556, 46.3763687 ], [ 16.0602226, 46.3764817 ], [ 16.0600716, 46.3765241 ], [ 16.0597155, 46.3766963 ], [ 16.059619, 46.376758 ], [ 16.0595408, 46.3768151 ], [ 16.0594794, 46.3768875 ], [ 16.0593019, 46.3770106 ], [ 16.0585421, 46.3773146 ], [ 16.0582717, 46.3773672 ], [ 16.05818, 46.377374 ], [ 16.0580749, 46.377448 ], [ 16.0579338, 46.3774852 ], [ 16.0575972, 46.3776485 ], [ 16.057334, 46.3778247 ], [ 16.0568876, 46.378114 ], [ 16.056403, 46.3782306 ], [ 16.0557578, 46.3784069 ], [ 16.0556108, 46.3787679 ], [ 16.055599, 46.3789331 ], [ 16.0556138, 46.3791204 ], [ 16.0556702, 46.3794667 ], [ 16.0556938, 46.3795703 ], [ 16.0556208, 46.379577 ], [ 16.055611, 46.379544 ], [ 16.0554987, 46.3795206 ], [ 16.055516, 46.3795256 ], [ 16.0555195, 46.3795481 ], [ 16.0555229, 46.3795728 ], [ 16.0555233, 46.3795951 ], [ 16.0555929, 46.3795972 ], [ 16.0556655, 46.3796016 ], [ 16.055748, 46.3796193 ], [ 16.0557171, 46.3796754 ], [ 16.0557183, 46.3797562 ], [ 16.055697, 46.379819 ], [ 16.0555947, 46.3799695 ], [ 16.0554363, 46.3801585 ], [ 16.0553731, 46.380163 ], [ 16.0551642, 46.3801388 ], [ 16.0547493, 46.3800755 ], [ 16.0544972, 46.3801267 ], [ 16.054359, 46.3802085 ], [ 16.0541104, 46.3803262 ], [ 16.0539925, 46.3803203 ], [ 16.0538835, 46.3802685 ], [ 16.0537712, 46.3802123 ], [ 16.0533223, 46.3801847 ], [ 16.0530857, 46.3801293 ], [ 16.052956, 46.3801675 ], [ 16.0528575, 46.3801747 ], [ 16.0525568, 46.3802537 ], [ 16.0524106, 46.3802701 ], [ 16.0522038, 46.380457 ], [ 16.0519529, 46.380793 ], [ 16.051851, 46.3808688 ], [ 16.0516859, 46.3809425 ], [ 16.051527, 46.3810122 ], [ 16.0512872, 46.3811441 ], [ 16.0512252, 46.3813325 ], [ 16.0511542, 46.381399 ], [ 16.0510681, 46.3815713 ], [ 16.0509225, 46.3818473 ], [ 16.050869, 46.3818803 ], [ 16.0508062, 46.3819133 ], [ 16.050454, 46.3820506 ], [ 16.0503684, 46.382101 ], [ 16.0504113, 46.3821353 ], [ 16.0513297, 46.3827728 ], [ 16.0516971, 46.3830349 ], [ 16.0518217, 46.3831266 ], [ 16.0518568, 46.3831527 ], [ 16.0519367, 46.3832073 ], [ 16.0519558, 46.3832381 ], [ 16.051975, 46.38326 ], [ 16.0521478, 46.3832963 ], [ 16.0525127, 46.3833749 ], [ 16.0525448, 46.3833963 ], [ 16.0525707, 46.3834242 ], [ 16.052568, 46.3834913 ], [ 16.0525667, 46.3838138 ], [ 16.0525581, 46.3839719 ], [ 16.0525709, 46.3839717 ], [ 16.052563, 46.3842574 ], [ 16.0526527, 46.3842696 ], [ 16.0526533, 46.3843649 ], [ 16.0526768, 46.3845529 ], [ 16.0527297, 46.3847991 ], [ 16.0527769, 46.3851991 ], [ 16.0527979, 46.3854738 ], [ 16.0527917, 46.3854934 ], [ 16.0531662, 46.3855593 ], [ 16.0533132, 46.38561 ], [ 16.0536581, 46.3857228 ], [ 16.0542721, 46.3859999 ], [ 16.0545139, 46.3861157 ], [ 16.0548046, 46.3862847 ], [ 16.0550596, 46.3864239 ], [ 16.0553988, 46.3866188 ], [ 16.0554624, 46.3866482 ], [ 16.0555303, 46.3867107 ], [ 16.0553686, 46.3868481 ], [ 16.0546151, 46.3874409 ], [ 16.0543086, 46.3876576 ], [ 16.0542148, 46.3877837 ], [ 16.0539233, 46.3881564 ], [ 16.0537838, 46.3883394 ], [ 16.0538218, 46.3883596 ], [ 16.0539052, 46.3884081 ], [ 16.0541423, 46.388546 ], [ 16.0543312, 46.388656 ], [ 16.0545744, 46.3887942 ], [ 16.0546285, 46.3888316 ], [ 16.0551527, 46.3892574 ], [ 16.0555342, 46.3895663 ], [ 16.0559045, 46.3900255 ], [ 16.0561948, 46.3898592 ], [ 16.056408, 46.3901219 ], [ 16.056777, 46.3905738 ], [ 16.0571889, 46.3911527 ], [ 16.0573145, 46.3913591 ], [ 16.0575441, 46.391737 ], [ 16.0576993, 46.3921816 ], [ 16.05812, 46.3934433 ], [ 16.0581445, 46.393518 ], [ 16.0581203, 46.393569 ], [ 16.0619816, 46.3929257 ], [ 16.0642278, 46.3925558 ], [ 16.0662966, 46.3922109 ], [ 16.069582, 46.3916664 ], [ 16.0707898, 46.3914782 ], [ 16.0713861, 46.3913763 ], [ 16.0714646, 46.3913618 ], [ 16.0735982, 46.391035 ], [ 16.073621664429208, 46.391031438392055 ], [ 16.066034727834836, 46.37101259715778 ], [ 16.0659285, 46.3710819 ] ] ] ] } },
{ "type": "Feature", "properties": { "BM": 1541, "data": { "Oznaka Gr/Op/Dr": "općina", "Grad/općina/država": "BEDNJA", "Rbr BM": 10, "Naziv BM": "BREZOVA GORA", "Lokacija BM": "KUĆA ZDENKE GRABROVEC", "Adresa BM": "BREZOVA GORA 11", "Glasovalo birača": 26, "Glasovalo birača (po listićima)": 26, "Važeći listići": 22, "Nevažeći listići": 4 }, "latitude": 46.2775924, "longitude": 15.9135509, "population": 68 }, "geometry": { "type": "MultiPolygon", "coordinates": [ [ [ [ 15.871989458113315, 46.278687402515523 ], [ 15.8720204, 46.2786962 ], [ 15.8723632, 46.2787678 ], [ 15.8725265, 46.2785383 ], [ 15.872542, 46.2785164 ], [ 15.872558, 46.278494 ], [ 15.8726342, 46.2785992 ], [ 15.8725958, 46.2787156 ], [ 15.8726338, 46.27876 ], [ 15.8727279, 46.2788023 ], [ 15.8727467, 46.2788991 ], [ 15.8728363, 46.2789395 ], [ 15.8730195, 46.278935 ], [ 15.8731408, 46.278896 ], [ 15.8733362, 46.2789347 ], [ 15.8735069, 46.2789622 ], [ 15.8736287, 46.2790005 ], [ 15.8736195, 46.2790232 ], [ 15.8736093, 46.2790475 ], [ 15.8734428, 46.2794534 ], [ 15.8737528, 46.2796237 ], [ 15.8738412, 46.2796784 ], [ 15.8742357, 46.2795192 ], [ 15.8742581, 46.2795102 ], [ 15.8742852, 46.2794992 ], [ 15.8743647, 46.2795627 ], [ 15.8746556, 46.2797506 ], [ 15.874996, 46.2797606 ], [ 15.8752513, 46.2798259 ], [ 15.8754381, 46.279828 ], [ 15.876011, 46.2799842 ], [ 15.8765153, 46.2799887 ], [ 15.8768819, 46.2800859 ], [ 15.8774775, 46.2804338 ], [ 15.8776302, 46.2804968 ], [ 15.8777727, 46.2805274 ], [ 15.8779594, 46.2804749 ], [ 15.8786353, 46.2800776 ], [ 15.8786786, 46.2800182 ], [ 15.8787035, 46.2799947 ], [ 15.878767, 46.2799823 ], [ 15.8790461, 46.2799183 ], [ 15.8792616, 46.2798792 ], [ 15.8795507, 46.2798556 ], [ 15.8799869, 46.2800747 ], [ 15.8801913, 46.2801469 ], [ 15.8803997, 46.2801887 ], [ 15.8806711, 46.28013 ], [ 15.8808447, 46.2800974 ], [ 15.8810756, 46.2800739 ], [ 15.8812281, 46.2800982 ], [ 15.8813653, 46.2801207 ], [ 15.8815402, 46.2800693 ], [ 15.8818498, 46.2800088 ], [ 15.8819308, 46.2799752 ], [ 15.8820079, 46.2799647 ], [ 15.8821263, 46.2799538 ], [ 15.8826773, 46.2800643 ], [ 15.8829062, 46.2800293 ], [ 15.8837713, 46.2798813 ], [ 15.8840486, 46.2798249 ], [ 15.8842487, 46.2798762 ], [ 15.8843293, 46.279928 ], [ 15.8844433, 46.2799815 ], [ 15.8846266, 46.2799945 ], [ 15.8848267, 46.2800479 ], [ 15.885093, 46.2801465 ], [ 15.8853241, 46.2803133 ], [ 15.8855912, 46.2804453 ], [ 15.8859602, 46.2804617 ], [ 15.8863962, 46.2805165 ], [ 15.8864879, 46.2805297 ], [ 15.886724, 46.2805888 ], [ 15.8868909, 46.2806807 ], [ 15.8870096, 46.2806907 ], [ 15.8871483, 46.2806904 ], [ 15.887312, 46.2807207 ], [ 15.8874429, 46.2807934 ], [ 15.8876076, 46.2809852 ], [ 15.8878582, 46.2811577 ], [ 15.8881966, 46.2811608 ], [ 15.8885933, 46.2811175 ], [ 15.8888902, 46.2811073 ], [ 15.8892616, 46.2811012 ], [ 15.8894839, 46.2811488 ], [ 15.8897146, 46.2812481 ], [ 15.8899959, 46.2814243 ], [ 15.8900985, 46.2814317 ], [ 15.8903961, 46.2815618 ], [ 15.8905046, 46.2816269 ], [ 15.8907563, 46.2818566 ], [ 15.8909063, 46.2818946 ], [ 15.8911756, 46.2819229 ], [ 15.891409, 46.2819646 ], [ 15.8918759, 46.2821231 ], [ 15.89194, 46.2821825 ], [ 15.8922347, 46.2822856 ], [ 15.8925048, 46.2824599 ], [ 15.8926126, 46.2824901 ], [ 15.8927765, 46.282557 ], [ 15.8929244, 46.2826855 ], [ 15.8931278, 46.2828676 ], [ 15.8933945, 46.2829246 ], [ 15.8944657, 46.2829181 ], [ 15.894658, 46.2829315 ], [ 15.8947945, 46.2829519 ], [ 15.8948993, 46.2829836 ], [ 15.895056, 46.2830386 ], [ 15.8951638, 46.2832068 ], [ 15.8956263, 46.2834895 ], [ 15.8959258, 46.2835203 ], [ 15.8961877, 46.2835344 ], [ 15.8963322, 46.2835618 ], [ 15.8964848, 46.2836392 ], [ 15.8965493, 46.2837057 ], [ 15.8966615, 46.2837443 ], [ 15.8971293, 46.2837579 ], [ 15.8972335, 46.2837614 ], [ 15.8974836, 46.2838211 ], [ 15.8975969, 46.2840096 ], [ 15.8977444, 46.2841333 ], [ 15.8979223, 46.2844235 ], [ 15.8982651, 46.2845797 ], [ 15.8981011, 46.2848985 ], [ 15.8981725, 46.2852179 ], [ 15.8982938, 46.2854138 ], [ 15.8984088, 46.2854936 ], [ 15.89846, 46.2855245 ], [ 15.8985377, 46.2855409 ], [ 15.8987887, 46.2855533 ], [ 15.8989733, 46.2855973 ], [ 15.8990471, 46.2859246 ], [ 15.8990625, 46.2859326 ], [ 15.8990771, 46.2859403 ], [ 15.89904, 46.2859979 ], [ 15.8990086, 46.2861515 ], [ 15.899017, 46.2861941 ], [ 15.8990587, 46.2863475 ], [ 15.8990924, 46.2863975 ], [ 15.8993269, 46.2866851 ], [ 15.8994103, 46.2867682 ], [ 15.8994963, 46.2868753 ], [ 15.8994894, 46.2871121 ], [ 15.8994955, 46.2872547 ], [ 15.8994559, 46.2873672 ], [ 15.8990957, 46.2875363 ], [ 15.8988242, 46.2876775 ], [ 15.8988694, 46.2883514 ], [ 15.8995362, 46.2886753 ], [ 15.8997151, 46.2887722 ], [ 15.9001499, 46.2889364 ], [ 15.9008344, 46.2891946 ], [ 15.9011559, 46.2893076 ], [ 15.9012357, 46.289269 ], [ 15.9012839, 46.2892455 ], [ 15.9019296, 46.288924 ], [ 15.9019818, 46.2889026 ], [ 15.9020998, 46.2888149 ], [ 15.9022202, 46.2887032 ], [ 15.9025428, 46.2884653 ], [ 15.9028332, 46.2882801 ], [ 15.9029398, 46.2882121 ], [ 15.903031, 46.2881229 ], [ 15.9030695, 46.2880339 ], [ 15.9031028, 46.2878839 ], [ 15.9031179, 46.2877698 ], [ 15.903156, 46.2876703 ], [ 15.9032763, 46.2875059 ], [ 15.9033121, 46.2874573 ], [ 15.9033952, 46.2873822 ], [ 15.9035364, 46.2872428 ], [ 15.9036691, 46.2869873 ], [ 15.9043707, 46.2870371 ], [ 15.9045203, 46.2871181 ], [ 15.9045815, 46.2871601 ], [ 15.9047556, 46.2872659 ], [ 15.9050141, 46.2875308 ], [ 15.9051549, 46.287647 ], [ 15.905374, 46.2877448 ], [ 15.9054284, 46.2877806 ], [ 15.9054939, 46.2877992 ], [ 15.9057224, 46.287961 ], [ 15.9058261, 46.2880228 ], [ 15.9061437, 46.2880149 ], [ 15.9063323, 46.2880291 ], [ 15.9064965, 46.2880835 ], [ 15.9066905, 46.2880956 ], [ 15.9069576, 46.2880731 ], [ 15.9070389, 46.2880693 ], [ 15.9075009, 46.2882079 ], [ 15.9076535, 46.2882387 ], [ 15.9080678, 46.2882867 ], [ 15.9081316, 46.2882894 ], [ 15.9081466, 46.2882901 ], [ 15.9082726, 46.2883443 ], [ 15.9084669, 46.2884218 ], [ 15.9086431, 46.2885176 ], [ 15.9089489, 46.2884776 ], [ 15.9090596, 46.2884594 ], [ 15.9091716, 46.288441 ], [ 15.9094081, 46.2884429 ], [ 15.9096451, 46.2885319 ], [ 15.9097561, 46.2885394 ], [ 15.9098855, 46.2885493 ], [ 15.910259, 46.2886021 ], [ 15.9106302, 46.2888638 ], [ 15.9107194, 46.2889328 ], [ 15.9108563, 46.2889912 ], [ 15.9110861, 46.2891034 ], [ 15.9113009, 46.2891975 ], [ 15.9115161, 46.2893275 ], [ 15.91183, 46.2893037 ], [ 15.9128546, 46.2896526 ], [ 15.9128701, 46.2896614 ], [ 15.9133401, 46.2891318 ], [ 15.9135334, 46.2889571 ], [ 15.9135816, 46.2889134 ], [ 15.9139114, 46.2886593 ], [ 15.9142106, 46.2886353 ], [ 15.91438, 46.2885983 ], [ 15.9145473, 46.2885407 ], [ 15.9146504, 46.2885125 ], [ 15.9146892, 46.2884712 ], [ 15.9147336, 46.2883876 ], [ 15.9148306, 46.2881392 ], [ 15.9148368, 46.2880871 ], [ 15.914951, 46.2879077 ], [ 15.9150494, 46.2878531 ], [ 15.9151143, 46.2877986 ], [ 15.9152622, 46.2876332 ], [ 15.9153036, 46.2875721 ], [ 15.915294, 46.2874772 ], [ 15.9152297, 46.2872811 ], [ 15.9152239, 46.2872215 ], [ 15.9152003, 46.2871677 ], [ 15.9151867, 46.287142 ], [ 15.9151121, 46.2870908 ], [ 15.9151239, 46.2870691 ], [ 15.9152122, 46.2871296 ], [ 15.9152262, 46.286986 ], [ 15.915191, 46.286867 ], [ 15.9152224, 46.2868669 ], [ 15.9152615, 46.2869764 ], [ 15.9152796, 46.2868611 ], [ 15.9153783, 46.2863068 ], [ 15.9154788, 46.28565 ], [ 15.9158349, 46.2856163 ], [ 15.9163323, 46.2854299 ], [ 15.9167491, 46.285377 ], [ 15.9169674, 46.2853696 ], [ 15.9171365, 46.2853719 ], [ 15.9177327, 46.2857848 ], [ 15.9182481, 46.2856399 ], [ 15.9182808, 46.2856307 ], [ 15.9192958, 46.2858117 ], [ 15.9194909, 46.286081 ], [ 15.9195399, 46.2861961 ], [ 15.9202084, 46.2862286 ], [ 15.9204507, 46.2862716 ], [ 15.9207878, 46.2863314 ], [ 15.9208469, 46.2863407 ], [ 15.9209679, 46.2863594 ], [ 15.9210043, 46.286365 ], [ 15.9214896, 46.2865848 ], [ 15.9215575, 46.2867996 ], [ 15.9215662, 46.2868277 ], [ 15.9215871, 46.2868938 ], [ 15.9217338, 46.2870125 ], [ 15.9220617, 46.2872727 ], [ 15.9222167, 46.2872283 ], [ 15.9222986, 46.2872049 ], [ 15.9228528, 46.2870468 ], [ 15.923057121083975, 46.286980544013637 ], [ 15.923057121083977, 46.286980544013637 ], [ 15.929233094651154, 46.259982326639062 ], [ 15.913937444763613, 46.255057151215361 ], [ 15.873668262726952, 46.275175976276721 ], [ 15.871989458113314, 46.278687402515523 ], [ 15.871989458113315, 46.278687402515523 ] ] ] ] } },
{ "type": "Feature", "properties": { "BM": 1544, "data": { "Oznaka Gr/Op/Dr": "općina", "Grad/općina/država": "BEDNJA", "Rbr BM": 13, "Naziv BM": "JEŽOVEC GORNJI", "Lokacija BM": "DRUŠTVENI DOM", "Adresa BM": "JEŽOVEC BB", "Glasovalo birača": 52, "Glasovalo birača (po listićima)": 52, "Važeći listići": 52, "Nevažeći listići": 0 }, "latitude": 46.2418338, "longitude": 15.8956856, "population": 130 }, "geometry": { "type": "MultiPolygon", "coordinates": [ [ [ [ 15.873668262726952, 46.275175976276721 ], [ 15.913937444763613, 46.255057151215361 ], [ 15.910815677605507, 46.236758135490028 ], [ 15.88741522917654, 46.226005788427685 ], [ 15.870311338628392, 46.232157156569805 ], [ 15.873668262726952, 46.275175976276721 ] ] ] ] } },
{ "type": "Feature", "properties": { "BM": 1539, "data": { "Oznaka Gr/Op/Dr": "općina", "Grad/općina/država": "BEDNJA", "Rbr BM": 8, "Naziv BM": "VRBNO", "Lokacija BM": "OSNOVNA ŠKOLA VRBNO", "Adresa BM": "VRBNO 22A", "Glasovalo birača": 216, "Glasovalo birača (po listićima)": 216, "Važeći listići": 209, "Nevažeći listići": 7 }, "latitude": 46.2365304, "longitude": 15.9267728, "population": 419 }, "geometry": { "type": "MultiPolygon", "coordinates": [ [ [ [ 15.913937444763613, 46.255057151215361 ], [ 15.929233094651154, 46.259982326639062 ], [ 15.937020578015773, 46.258475310866828 ], [ 15.940628860731874, 46.249086005823003 ], [ 15.93944085976978, 46.22415617267265 ], [ 15.920229058552431, 46.22255876089195 ], [ 15.910815677605507, 46.236758135490028 ], [ 15.913937444763613, 46.255057151215361 ] ] ] ] } },
{ "type": "Feature", "properties": { "BM": 1542, "data": { "Oznaka Gr/Op/Dr": "općina", "Grad/općina/država": "BEDNJA", "Rbr BM": 11, "Naziv BM": "JAMNO", "Lokacija BM": "ETNO KUĆA JAMNO", "Adresa BM": "JAMNO BB", "Glasovalo birača": 59, "Glasovalo birača (po listićima)": 59, "Važeći listići": 57, "Nevažeći listići": 2 }, "latitude": 46.282659, "longitude": 15.9356995, "population": 107 }, "geometry": { "type": "MultiPolygon", "coordinates": [ [ [ [ 15.9233348, 46.2868905 ], [ 15.9236295, 46.2867991 ], [ 15.9237109, 46.2867738 ], [ 15.9242498, 46.2866066 ], [ 15.9244685, 46.2865333 ], [ 15.9250858, 46.2867676 ], [ 15.925242, 46.2868101 ], [ 15.9252489, 46.2868119 ], [ 15.9256915, 46.2869926 ], [ 15.9258851, 46.2870694 ], [ 15.9267672, 46.2876562 ], [ 15.9268119, 46.2876843 ], [ 15.9270895, 46.2878109 ], [ 15.9272458, 46.2878948 ], [ 15.9275793, 46.2879758 ], [ 15.9280178, 46.2881098 ], [ 15.9282043, 46.2882739 ], [ 15.9282713, 46.2883906 ], [ 15.9285513, 46.2886074 ], [ 15.9287065, 46.2887135 ], [ 15.9290361, 46.2886315 ], [ 15.9292566, 46.2885932 ], [ 15.9297921, 46.2883929 ], [ 15.9299004, 46.288371 ], [ 15.9302096, 46.2883028 ], [ 15.9304439, 46.2882901 ], [ 15.9305653, 46.2882938 ], [ 15.930658, 46.2883099 ], [ 15.9307898, 46.2883369 ], [ 15.9315778, 46.2885157 ], [ 15.9316679, 46.2885294 ], [ 15.9320156, 46.2885797 ], [ 15.9320592, 46.2885883 ], [ 15.9322626, 46.2886286 ], [ 15.9325763, 46.2887495 ], [ 15.9330383, 46.2888679 ], [ 15.9336123, 46.2891735 ], [ 15.9337119, 46.2893745 ], [ 15.933722, 46.2896754 ], [ 15.9339442, 46.2898912 ], [ 15.9339923, 46.2899471 ], [ 15.9340449, 46.2900094 ], [ 15.9340485, 46.2900649 ], [ 15.9340763, 46.2900646 ], [ 15.9344016, 46.2900621 ], [ 15.9345771, 46.2900489 ], [ 15.9348586, 46.2900478 ], [ 15.9353271, 46.2900459 ], [ 15.9353594, 46.290044 ], [ 15.9354225, 46.2900594 ], [ 15.9356925, 46.2900609 ], [ 15.9359028, 46.2900562 ], [ 15.9360018, 46.290054 ], [ 15.9361248, 46.2899562 ], [ 15.9361588, 46.2899206 ], [ 15.9362564, 46.2898183 ], [ 15.9363774, 46.2897111 ], [ 15.9364444, 46.2896866 ], [ 15.9365762, 46.289655 ], [ 15.9368189, 46.2895952 ], [ 15.937008, 46.2896196 ], [ 15.9372183, 46.2895697 ], [ 15.9374087, 46.2895023 ], [ 15.9375488, 46.2894726 ], [ 15.9377902, 46.2894358 ], [ 15.9380012, 46.2894421 ], [ 15.9381469, 46.2894853 ], [ 15.9382583, 46.2894965 ], [ 15.9384901, 46.2895174 ], [ 15.9389758, 46.2896427 ], [ 15.9391169, 46.2896736 ], [ 15.9395237, 46.2897354 ], [ 15.9396826, 46.2897687 ], [ 15.9400134, 46.2898425 ], [ 15.9401956, 46.2898683 ], [ 15.940612, 46.2899278 ], [ 15.9406507, 46.2899333 ], [ 15.9406824, 46.2899379 ], [ 15.9408324, 46.2899593 ], [ 15.9410639, 46.2899923 ], [ 15.9415522, 46.290008 ], [ 15.9417277, 46.2899883 ], [ 15.9419502, 46.2900082 ], [ 15.9421877, 46.2900259 ], [ 15.9423889, 46.29004 ], [ 15.9424612, 46.2900809 ], [ 15.9425208, 46.2901364 ], [ 15.9428197, 46.2902161 ], [ 15.9429555, 46.2902481 ], [ 15.9430284, 46.2902804 ], [ 15.9430964, 46.2903183 ], [ 15.9431706, 46.2903416 ], [ 15.9435523, 46.2904534 ], [ 15.9438843, 46.2905512 ], [ 15.943931, 46.2905613 ], [ 15.9441239, 46.2906194 ], [ 15.944316, 46.2908506 ], [ 15.9444056, 46.2909573 ], [ 15.9446951, 46.2910776 ], [ 15.9448967, 46.291162 ], [ 15.9451176, 46.2912655 ], [ 15.9452832, 46.2913501 ], [ 15.9457522, 46.2915101 ], [ 15.945797362792902, 46.291535042849674 ], [ 15.940682739643155, 46.261049194574944 ], [ 15.937020578015773, 46.258475310866828 ], [ 15.929233094651154, 46.259982326639062 ], [ 15.923057121083977, 46.286980544013637 ], [ 15.9233348, 46.2868905 ] ] ] ] } },
{ "type": "Feature", "properties": { "BM": 1533, "data": { "Oznaka Gr/Op/Dr": "općina", "Grad/općina/država": "BEDNJA", "Rbr BM": 2, "Naziv BM": "PLEŠ", "Lokacija BM": "ŠPORTSKO REKREATIVNI CENTAR", "Adresa BM": "PLEŠ BB", "Glasovalo birača": 161, "Glasovalo birača (po listićima)": 161, "Važeći listići": 152, "Nevažeći listići": 9 }, "latitude": 46.249041, "longitude": 15.9593273, "population": 308 }, "geometry": { "type": "MultiPolygon", "coordinates": [ [ [ [ 15.940682739643155, 46.261049194574944 ], [ 15.957959256447309, 46.264908253136419 ], [ 15.972226842047561, 46.254277779976654 ], [ 15.976796196559281, 46.245031548427356 ], [ 15.968114377191332, 46.236913087257726 ], [ 15.940628860731874, 46.249086005823003 ], [ 15.937020578015773, 46.258475310866828 ], [ 15.940682739643155, 46.261049194574944 ] ] ] ] } },
{ "type": "Feature", "properties": { "BM": 1534, "data": { "Oznaka Gr/Op/Dr": "općina", "Grad/općina/država": "BEDNJA", "Rbr BM": 3, "Naziv BM": "ŠAŠA", "Lokacija BM": "KUĆA MARICE KREŠ", "Adresa BM": "ŠAŠA 49", "Glasovalo birača": 81, "Glasovalo birača (po listićima)": 81, "Važeći listići": 78, "Nevažeći listići": 3 }, "latitude": 46.2159633, "longitude": 15.9591375, "population": 145 }, "geometry": { "type": "MultiPolygon", "coordinates": [ [ [ [ 15.948110762914908, 46.194615263743508 ], [ 15.947507929255584, 46.195900885442022 ], [ 15.942348961802361, 46.221382225587043 ], [ 15.965583173078205, 46.228493749469919 ], [ 15.976357883001167, 46.209077570565732 ], [ 15.977175852977144, 46.19686693613486 ], [ 15.963661501700679, 46.187990482189676 ], [ 15.948110762914908, 46.194615263743508 ] ] ] ] } },
{ "type": "Feature", "properties": { "BM": 1535, "data": { "Oznaka Gr/Op/Dr": "općina", "Grad/općina/država": "BEDNJA", "Rbr BM": 4, "Naziv BM": "ŠINKOVICA BEDNJANSKA", "Lokacija BM": "DRUŠTVENI DOM", "Adresa BM": "ŠINKOVICA BEDNJANSKA BB", "Glasovalo birača": 60, "Glasovalo birača (po listićima)": 60, "Važeći listići": 59, "Nevažeći listići": 1 }, "latitude": 46.2352697, "longitude": 15.9532282, "population": 101 }, "geometry": { "type": "MultiPolygon", "coordinates": [ [ [ [ 15.93944085976978, 46.22415617267265 ], [ 15.940628860731874, 46.249086005823003 ], [ 15.968114377191332, 46.236913087257726 ], [ 15.965583173078205, 46.228493749469919 ], [ 15.942348961802361, 46.221382225587043 ], [ 15.93944085976978, 46.22415617267265 ] ] ] ] } },
{ "type": "Feature", "properties": { "BM": 1338, "data": { "Oznaka Gr/Op/Dr": "grad", "Grad/općina/država": "LEPOGLAVA", "Rbr BM": 15, "Naziv BM": "BEDNJICA", "Lokacija BM": "DRUŠTVENI DOM BEDNJICA", "Adresa BM": "BEDNJICA", "Glasovalo birača": 93, "Glasovalo birača (po listićima)": 93, "Važeći listići": 90, "Nevažeći listići": 3 }, "latitude": 46.2877715, "longitude": 15.9797156, "population": 193 }, "geometry": { "type": "MultiPolygon", "coordinates": [ [ [ [ 15.96232, 46.2969574 ], [ 15.9623907, 46.2969943 ], [ 15.9624942, 46.2970808 ], [ 15.9625978, 46.2972084 ], [ 15.9626798, 46.2972517 ], [ 15.9627705, 46.2972775 ], [ 15.962859, 46.2972832 ], [ 15.9630503, 46.2972689 ], [ 15.9634122, 46.2972682 ], [ 15.9637644, 46.2972828 ], [ 15.9640001, 46.2973234 ], [ 15.9642747, 46.2973949 ], [ 15.9644573, 46.2975173 ], [ 15.9646123, 46.297741 ], [ 15.9646682, 46.297847 ], [ 15.9647325, 46.2979459 ], [ 15.9648917, 46.298212 ], [ 15.964921, 46.2982609 ], [ 15.9649889, 46.2984138 ], [ 15.9653265, 46.2986974 ], [ 15.9654882, 46.2987992 ], [ 15.9656566, 46.2989299 ], [ 15.9658975, 46.2990106 ], [ 15.9660809, 46.2990458 ], [ 15.9663055, 46.2991051 ], [ 15.9663184, 46.2991191 ], [ 15.9663354, 46.2991217 ], [ 15.9668971, 46.2992104 ], [ 15.9668814, 46.2996578 ], [ 15.9669153, 46.2996559 ], [ 15.9669004, 46.2997217 ], [ 15.9669082, 46.2997891 ], [ 15.9669465, 46.2999266 ], [ 15.9670028, 46.3000591 ], [ 15.9670526, 46.300212 ], [ 15.9671416, 46.3004117 ], [ 15.9672718, 46.3006579 ], [ 15.9673549, 46.300856 ], [ 15.9674685, 46.3010461 ], [ 15.9675471, 46.3011598 ], [ 15.9675058, 46.3011987 ], [ 15.967589, 46.301247 ], [ 15.9677094, 46.301355 ], [ 15.9679462, 46.3016742 ], [ 15.9679981, 46.3018807 ], [ 15.9679869, 46.3019561 ], [ 15.9680416, 46.3022004 ], [ 15.9681405, 46.3023754 ], [ 15.9685276, 46.302791 ], [ 15.9685373, 46.3028348 ], [ 15.9686091, 46.3030038 ], [ 15.9687755, 46.3032599 ], [ 15.9688035, 46.3032535 ], [ 15.96884, 46.3033326 ], [ 15.9689478, 46.3034993 ], [ 15.9690834, 46.3036845 ], [ 15.9691732, 46.3038366 ], [ 15.9694056, 46.3042491 ], [ 15.9694115, 46.3042596 ], [ 15.969427, 46.3042909 ], [ 15.9699098, 46.3049234 ], [ 15.9697872, 46.30524 ], [ 15.9697018, 46.3053995 ], [ 15.9696931, 46.3054475 ], [ 15.969664, 46.3055064 ], [ 15.9696811, 46.3056506 ], [ 15.9698136, 46.3058526 ], [ 15.9698949, 46.305919 ], [ 15.9704255, 46.3063045 ], [ 15.9706761, 46.306512 ], [ 15.9710775, 46.3067143 ], [ 15.9713201, 46.306786 ], [ 15.9714264, 46.3068249 ], [ 15.9715361, 46.3069203 ], [ 15.9717626, 46.307104 ], [ 15.9718506, 46.3071755 ], [ 15.9720209, 46.3072539 ], [ 15.9721818, 46.3073134 ], [ 15.9722705, 46.3073965 ], [ 15.9723612, 46.3076218 ], [ 15.9724184, 46.3078285 ], [ 15.9724697, 46.3078926 ], [ 15.9725613, 46.3079716 ], [ 15.972717, 46.3080897 ], [ 15.9728001, 46.3081938 ], [ 15.972844, 46.308319 ], [ 15.9728619, 46.3085217 ], [ 15.9729546, 46.308676 ], [ 15.9730491, 46.3087401 ], [ 15.9732072, 46.3088206 ], [ 15.9741688, 46.3090296 ], [ 15.9743903, 46.3091014 ], [ 15.9745957, 46.3090959 ], [ 15.9748243, 46.3090358 ], [ 15.9749234, 46.3090121 ], [ 15.9751878, 46.3089101 ], [ 15.9753722, 46.3089193 ], [ 15.9760978, 46.3089731 ], [ 15.9761533, 46.3090563 ], [ 15.9762785, 46.3096666 ], [ 15.9767377, 46.3102549 ], [ 15.9768562, 46.3111481 ], [ 15.9768514, 46.3116194 ], [ 15.9769366, 46.3117064 ], [ 15.9769599, 46.3122016 ], [ 15.9769164, 46.3123512 ], [ 15.9770366, 46.3123822 ], [ 15.9775854, 46.3121867 ], [ 15.9781175, 46.3119717 ], [ 15.9781112, 46.3119625 ], [ 15.9781054, 46.3119535 ], [ 15.9784873, 46.3119006 ], [ 15.9789542, 46.3118672 ], [ 15.9791537, 46.3118358 ], [ 15.9794175, 46.3117291 ], [ 15.9796944, 46.3115183 ], [ 15.979814, 46.3113697 ], [ 15.9799809, 46.3110442 ], [ 15.9802679, 46.3111774 ], [ 15.9803142, 46.3111857 ], [ 15.9804221, 46.3111498 ], [ 15.9805209, 46.3111499 ], [ 15.9807522, 46.3112137 ], [ 15.9812717, 46.3114248 ], [ 15.9815717, 46.3115423 ], [ 15.9818649, 46.3115472 ], [ 15.9822396, 46.3114844 ], [ 15.9826567, 46.3113572 ], [ 15.9827884, 46.3112857 ], [ 15.9829032, 46.3111829 ], [ 15.9829742, 46.3110557 ], [ 15.9829849, 46.3108978 ], [ 15.9829218, 46.3108127 ], [ 15.9827476, 46.3106292 ], [ 15.9826684, 46.3104513 ], [ 15.9826723, 46.3102426 ], [ 15.9826898, 46.3101979 ], [ 15.9827587, 46.3100214 ], [ 15.9828393, 46.3098375 ], [ 15.9829009, 46.3098235 ], [ 15.9829147, 46.3097867 ], [ 15.9830875, 46.3094079 ], [ 15.9833679, 46.3091801 ], [ 15.983807, 46.3088714 ], [ 15.9839651, 46.3090658 ], [ 15.9842813, 46.3094453 ], [ 15.9842703, 46.3094653 ], [ 15.9846906, 46.3095532 ], [ 15.9848624, 46.3096577 ], [ 15.9851853, 46.3097744 ], [ 15.9853601, 46.3098887 ], [ 15.985596, 46.3101056 ], [ 15.9857195, 46.3101757 ], [ 15.986096, 46.3104164 ], [ 15.9861521, 46.3104544 ], [ 15.9863564, 46.3105392 ], [ 15.9866932, 46.3105889 ], [ 15.9868908, 46.3105413 ], [ 15.9870495, 46.3105386 ], [ 15.9870756, 46.3105411 ], [ 15.9871575, 46.3105148 ], [ 15.9876101, 46.3103142 ], [ 15.9876725, 46.3102841 ], [ 15.9877808, 46.3102961 ], [ 15.9884146, 46.3102456 ], [ 15.9887802, 46.3104024 ], [ 15.9888653, 46.3104746 ], [ 15.9889727, 46.3107014 ], [ 15.9892135, 46.3109181 ], [ 15.9893164, 46.3110668 ], [ 15.989389, 46.3111643 ], [ 15.9894232, 46.31121 ], [ 15.9895752, 46.3113993 ], [ 15.9894657, 46.31149 ], [ 15.9893036, 46.3116155 ], [ 15.9892791, 46.3116336 ], [ 15.9889239, 46.3119015 ], [ 15.9887077, 46.3121584 ], [ 15.9886429, 46.3122944 ], [ 15.9885391, 46.3125944 ], [ 15.9885141, 46.3126914 ], [ 15.9886649, 46.3129311 ], [ 15.9887958, 46.3131792 ], [ 15.9888697, 46.3132613 ], [ 15.9890795, 46.3134206 ], [ 15.9892179, 46.3135134 ], [ 15.9891973, 46.313665 ], [ 15.9891661, 46.3137517 ], [ 15.9891651, 46.3137978 ], [ 15.9890578, 46.3142813 ], [ 15.9890284, 46.314347 ], [ 15.9889851, 46.3144527 ], [ 15.9889479, 46.3145514 ], [ 15.9890062, 46.3145903 ], [ 15.9890737, 46.3146352 ], [ 15.9891409, 46.3146799 ], [ 15.989886540139429, 46.314734163046651 ], [ 15.997272633025503, 46.277167427366905 ], [ 15.985526121877138, 46.275164257342894 ], [ 15.966894062159826, 46.28101030900045 ], [ 15.962270871740055, 46.296924775391155 ], [ 15.96232, 46.2969574 ] ] ] ] } },
{ "type": "Feature", "properties": { "BM": 1540, "data": { "Oznaka Gr/Op/Dr": "općina", "Grad/općina/država": "BEDNJA", "Rbr BM": 9, "Naziv BM": "CVETLIN", "Lokacija BM": "OSNOVNA ŠKOLA", "Adresa BM": "CVETLIN BB", "Glasovalo birača": 262, "Glasovalo birača (po listićima)": 262, "Važeći listići": 248, "Nevažeći listići": 14 }, "latitude": 46.2798495, "longitude": 15.9524456, "population": 570 }, "geometry": { "type": "MultiPolygon", "coordinates": [ [ [ [ 15.945844, 46.2915608 ], [ 15.9459881, 46.2916359 ], [ 15.9460082, 46.2916633 ], [ 15.9460432, 46.2917352 ], [ 15.9460329, 46.2920516 ], [ 15.9460431, 46.2921013 ], [ 15.9460954, 46.2921595 ], [ 15.9462048, 46.2922089 ], [ 15.9463389, 46.2922702 ], [ 15.946468, 46.2923281 ], [ 15.9465648, 46.2923827 ], [ 15.9466295, 46.2924202 ], [ 15.9466896, 46.2925179 ], [ 15.946706, 46.2925734 ], [ 15.9467643, 46.2927893 ], [ 15.9473047, 46.2928614 ], [ 15.9474164, 46.2929005 ], [ 15.9475332, 46.2929825 ], [ 15.9476697, 46.2930353 ], [ 15.9477124, 46.2930621 ], [ 15.9479979, 46.2931659 ], [ 15.9480898, 46.2932257 ], [ 15.9481279, 46.2933576 ], [ 15.9481931, 46.2934964 ], [ 15.9482387, 46.2936541 ], [ 15.9482593, 46.2937723 ], [ 15.9483092, 46.2940532 ], [ 15.948443, 46.2940677 ], [ 15.9487552, 46.2941015 ], [ 15.9491487, 46.294155 ], [ 15.9492189, 46.2941642 ], [ 15.9493918, 46.2942147 ], [ 15.9494963, 46.2942618 ], [ 15.9497789, 46.2944436 ], [ 15.9503131, 46.2943873 ], [ 15.9506533, 46.2944333 ], [ 15.9510066, 46.2944897 ], [ 15.9513677, 46.2945686 ], [ 15.9516678, 46.2946333 ], [ 15.9518378, 46.2946082 ], [ 15.9520132, 46.2945505 ], [ 15.9524047, 46.2944697 ], [ 15.9525439, 46.2944155 ], [ 15.95285, 46.2942283 ], [ 15.9531235, 46.2941737 ], [ 15.9535766, 46.2940418 ], [ 15.9538626, 46.2940561 ], [ 15.9546542, 46.2941542 ], [ 15.9548581, 46.2941967 ], [ 15.9549588, 46.2942562 ], [ 15.9551828, 46.2945564 ], [ 15.9552697, 46.2947848 ], [ 15.9553983, 46.2949069 ], [ 15.955663, 46.2950345 ], [ 15.9558964, 46.2951527 ], [ 15.9558822, 46.2951665 ], [ 15.9558657, 46.2951825 ], [ 15.955907, 46.2952039 ], [ 15.9560155, 46.2953452 ], [ 15.9561451, 46.2955727 ], [ 15.9562256, 46.2957306 ], [ 15.9563575, 46.295867 ], [ 15.9564911, 46.2959615 ], [ 15.9565905, 46.2960285 ], [ 15.9566463, 46.2963825 ], [ 15.956682, 46.2964217 ], [ 15.9569013, 46.2964997 ], [ 15.9570739, 46.2965654 ], [ 15.957182, 46.2966104 ], [ 15.9572525, 46.2966268 ], [ 15.95742, 46.2966575 ], [ 15.9574823, 46.2966491 ], [ 15.9575162, 46.2966383 ], [ 15.957521, 46.2966367 ], [ 15.9576312, 46.2966058 ], [ 15.9578135, 46.2965648 ], [ 15.9579748, 46.2965241 ], [ 15.95806, 46.2965047 ], [ 15.9581708, 46.2965084 ], [ 15.9584066, 46.296516 ], [ 15.9585821, 46.2965225 ], [ 15.9587247, 46.2965343 ], [ 15.95904, 46.2965617 ], [ 15.9591456, 46.29657 ], [ 15.959428, 46.2966001 ], [ 15.9598484, 46.2966964 ], [ 15.9602334, 46.296727 ], [ 15.9605919, 46.2966484 ], [ 15.9606741, 46.2966601 ], [ 15.9609374, 46.2967133 ], [ 15.9612857, 46.2965774 ], [ 15.9613574, 46.2965645 ], [ 15.9614642, 46.2965685 ], [ 15.9615855, 46.2966104 ], [ 15.9616803, 46.29666 ], [ 15.9617939, 46.2966935 ], [ 15.9620169, 46.2967765 ], [ 15.9622173, 46.2968892 ], [ 15.962270871740055, 46.296924775391155 ], [ 15.966894062159826, 46.28101030900045 ], [ 15.957959256447309, 46.264908253136419 ], [ 15.940682739643155, 46.261049194574944 ], [ 15.945797362792902, 46.291535042849674 ], [ 15.945844, 46.2915608 ] ] ] ] } },
{ "type": "Feature", "properties": { "BM": 1543, "data": { "Oznaka Gr/Op/Dr": "općina", "Grad/općina/država": "BEDNJA", "Rbr BM": 12, "Naziv BM": "MELJAN", "Lokacija BM": "KUĆA GABRIJELA ŠTEFANCA", "Adresa BM": "MELJAN 24", "Glasovalo birača": 53, "Glasovalo birača (po listićima)": 53, "Važeći listići": 52, "Nevažeći listići": 1 }, "latitude": 46.2681363, "longitude": 15.9735548, "population": 132 }, "geometry": { "type": "MultiPolygon", "coordinates": [ [ [ [ 15.957959256447309, 46.264908253136419 ], [ 15.966894062159826, 46.28101030900045 ], [ 15.985526121877138, 46.275164257342894 ], [ 15.972226842047561, 46.254277779976654 ], [ 15.957959256447309, 46.264908253136419 ] ] ] ] } },
{ "type": "Feature", "properties": { "BM": 1532, "data": { "Oznaka Gr/Op/Dr": "općina", "Grad/općina/država": "BEDNJA", "Rbr BM": 1, "Naziv BM": "BEDNJA", "Lokacija BM": "OSNOVNA ŠKOLA", "Adresa BM": "LJUDEVITA GAJA 15", "Glasovalo birača": 474, "Glasovalo birača (po listićima)": 474, "Važeći listići": 465, "Nevažeći listići": 9 }, "latitude": 46.2273333, "longitude": 15.9796264, "population": 748 }, "geometry": { "type": "MultiPolygon", "coordinates": [ [ [ [ 15.965583173078205, 46.228493749469919 ], [ 15.968114377191332, 46.236913087257726 ], [ 15.976796196559281, 46.245031548427356 ], [ 15.994561319902607, 46.242630863142338 ], [ 15.995244228561456, 46.235706641720597 ], [ 15.976357883001167, 46.209077570565732 ], [ 15.965583173078205, 46.228493749469919 ] ] ] ] } },
{ "type": "Feature", "properties": { "BM": 1538, "data": { "Oznaka Gr/Op/Dr": "općina", "Grad/općina/država": "BEDNJA", "Rbr BM": 7, "Naziv BM": "PREBUKOVJE", "Lokacija BM": "KUĆA U VLASNIŠTVU ŠPREM ZLATE", "Adresa BM": "PREBUKOVJE 80", "Glasovalo birača": 54, "Glasovalo birača (po listićima)": 54, "Važeći listići": 53, "Nevažeći listići": 1 }, "latitude": 46.2613438, "longitude": 15.9842224, "population": 107 }, "geometry": { "type": "MultiPolygon", "coordinates": [ [ [ [ 15.985526121877138, 46.275164257342894 ], [ 15.997272633025503, 46.277167427366905 ], [ 16.001666577489416, 46.273726096453899 ], [ 16.001700170985618, 46.273698767205879 ], [ 15.998590325373765, 46.246290473559604 ], [ 15.994561319902607, 46.242630863142338 ], [ 15.976796196559281, 46.245031548427356 ], [ 15.972226842047561, 46.254277779976654 ], [ 15.985526121877138, 46.275164257342894 ] ] ] ] } },
{ "type": "Feature", "properties": { "BM": 1339, "data": { "Oznaka Gr/Op/Dr": "grad", "Grad/općina/država": "LEPOGLAVA", "Rbr BM": 16, "Naziv BM": "GORNJA VIŠNJICA", "Lokacija BM": "PROSTORIJE MJESNOG ODBORA DONJA VIŠNJICA", "Adresa BM": "DONJA VIŠNJICA 1", "Glasovalo birača": 148, "Glasovalo birača (po listićima)": 148, "Važeći listići": 136, "Nevažeći listići": 12 }, "latitude": 46.2936291, "longitude": 16.0095082, "population": 345 }, "geometry": { "type": "MultiPolygon", "coordinates": [ [ [ [ 15.9900011, 46.3147425 ], [ 15.9901368, 46.3146754 ], [ 15.9902583, 46.3145971 ], [ 15.9905776, 46.3143767 ], [ 15.9905758, 46.3143682 ], [ 15.9911447, 46.3141776 ], [ 15.9914746, 46.3138068 ], [ 15.9919348, 46.3135761 ], [ 15.9920774, 46.313326 ], [ 15.9920903, 46.3131302 ], [ 15.9922197, 46.3129182 ], [ 15.9924433, 46.3128328 ], [ 15.9925093, 46.3127993 ], [ 15.9925258, 46.3127909 ], [ 15.9925265, 46.3127905 ], [ 15.9926103, 46.3127676 ], [ 15.992771, 46.3127307 ], [ 15.9930345, 46.3126317 ], [ 15.9932233, 46.3125548 ], [ 15.993298, 46.3125383 ], [ 15.9935075, 46.3125494 ], [ 15.9935962, 46.3125176 ], [ 15.9938017, 46.3123549 ], [ 15.9939464, 46.3122638 ], [ 15.9943298, 46.3120549 ], [ 15.9944933, 46.3119257 ], [ 15.9946883, 46.3116912 ], [ 15.9947118, 46.3116107 ], [ 15.9948334, 46.3114455 ], [ 15.995093, 46.3112793 ], [ 15.9957056, 46.3110822 ], [ 15.9958764, 46.3110619 ], [ 15.9961706, 46.3109985 ], [ 15.9962639, 46.3109749 ], [ 15.9964154, 46.3109547 ], [ 15.9965974, 46.3109514 ], [ 15.996976, 46.3108292 ], [ 15.997109, 46.3108265 ], [ 15.9981546, 46.3108049 ], [ 15.998144, 46.3107761 ], [ 15.9980659, 46.31042 ], [ 15.9979439, 46.3100509 ], [ 15.9979421, 46.3098225 ], [ 15.9978948, 46.3094411 ], [ 15.9979617, 46.3092901 ], [ 15.9981306, 46.3091348 ], [ 15.9985295, 46.3088531 ], [ 15.9989073, 46.3084843 ], [ 15.999395, 46.3084074 ], [ 15.9998295, 46.3083116 ], [ 16.0007008, 46.3078371 ], [ 16.0012189, 46.3075524 ], [ 16.0014355, 46.3074268 ], [ 16.0015945, 46.3073297 ], [ 16.0016564, 46.3073205 ], [ 16.0018085, 46.3072982 ], [ 16.0018794, 46.3073049 ], [ 16.00212, 46.3073271 ], [ 16.002658, 46.3074169 ], [ 16.0028171, 46.3074239 ], [ 16.0030084, 46.3074321 ], [ 16.0033317, 46.3074638 ], [ 16.0033391, 46.3074647 ], [ 16.0035152, 46.3074884 ], [ 16.0036751, 46.3075096 ], [ 16.0037776, 46.3075234 ], [ 16.0036717, 46.307453 ], [ 16.0036202, 46.3073991 ], [ 16.0036678, 46.307413 ], [ 16.0037263, 46.3074763 ], [ 16.0038696, 46.3075464 ], [ 16.003983, 46.3076154 ], [ 16.0041602, 46.3076571 ], [ 16.0043581, 46.3077248 ], [ 16.0044844, 46.3077854 ], [ 16.0046005, 46.3078368 ], [ 16.0046947, 46.3079101 ], [ 16.004828, 46.3079848 ], [ 16.0050226, 46.3080877 ], [ 16.0051455, 46.3081367 ], [ 16.005272, 46.3082116 ], [ 16.0054561, 46.3083102 ], [ 16.0057123, 46.3084529 ], [ 16.0060399, 46.3085834 ], [ 16.006207, 46.3086392 ], [ 16.0064383, 46.3086595 ], [ 16.0066016, 46.3086589 ], [ 16.0069649, 46.3085869 ], [ 16.0071281, 46.3085721 ], [ 16.0072584, 46.3085719 ], [ 16.007389, 46.3086001 ], [ 16.0075267, 46.308632 ], [ 16.0078125, 46.3087556 ], [ 16.0080664, 46.30887 ], [ 16.0082929, 46.308966 ], [ 16.0083763, 46.3090195 ], [ 16.0085272, 46.3090675 ], [ 16.0089853, 46.3092704 ], [ 16.0091972, 46.3094868 ], [ 16.0093664, 46.3095706 ], [ 16.0099961, 46.309857 ], [ 16.0101054, 46.3098925 ], [ 16.010479, 46.3098874 ], [ 16.0105306, 46.309871 ], [ 16.010536, 46.3098944 ], [ 16.0105644, 46.3098853 ], [ 16.0106526, 46.3098724 ], [ 16.0106991, 46.3098632 ], [ 16.0107743, 46.3098539 ], [ 16.0111248, 46.3098884 ], [ 16.0112724, 46.3098591 ], [ 16.0115262, 46.3098078 ], [ 16.0116758, 46.3097013 ], [ 16.0119041, 46.3095944 ], [ 16.0122644, 46.3092481 ], [ 16.0128362, 46.3091234 ], [ 16.0130197, 46.3090508 ], [ 16.0132114, 46.3090088 ], [ 16.0132939, 46.3089437 ], [ 16.0136393, 46.3087016 ], [ 16.0137872, 46.30871 ], [ 16.0137897, 46.3087028 ], [ 16.013899, 46.3087222 ], [ 16.0139587, 46.3087274 ], [ 16.0140242, 46.3087454 ], [ 16.0141387, 46.308779 ], [ 16.014412, 46.3089 ], [ 16.0145526, 46.3089785 ], [ 16.0149389, 46.3092463 ], [ 16.0150403, 46.3092801 ], [ 16.0151966, 46.3093658 ], [ 16.0153354, 46.3095196 ], [ 16.0154137, 46.3097417 ], [ 16.0154208, 46.309767 ], [ 16.0155232, 46.3099372 ], [ 16.0155684, 46.3100645 ], [ 16.0156317, 46.3102205 ], [ 16.0157153, 46.3103113 ], [ 16.0158664, 46.3103784 ], [ 16.0159345, 46.3104328 ], [ 16.0160522, 46.3105729 ], [ 16.0161126, 46.310604 ], [ 16.0161996, 46.310653 ], [ 16.0163285, 46.3107723 ], [ 16.0164384, 46.310902 ], [ 16.0166538, 46.3110183 ], [ 16.0168133, 46.3112208 ], [ 16.0168364, 46.3112649 ], [ 16.0168746, 46.3113403 ], [ 16.0168927, 46.3114545 ], [ 16.0169006, 46.3114963 ], [ 16.0169584, 46.3116705 ], [ 16.0169928, 46.3117353 ], [ 16.0171597, 46.3119014 ], [ 16.017576004882539, 46.31201126240763 ], [ 16.001666577489416, 46.273726096453899 ], [ 15.997272633025503, 46.277167427366905 ], [ 15.989886540139429, 46.314734163046651 ], [ 15.9900011, 46.3147425 ] ] ] ] } },
{ "type": "Feature", "properties": { "BM": 1537, "data": { "Oznaka Gr/Op/Dr": "općina", "Grad/općina/država": "BEDNJA", "Rbr BM": 6, "Naziv BM": "BENKOVEC", "Lokacija BM": "KUĆA ŠAŠKO IVANA", "Adresa BM": "BENKOVEC 31 D", "Glasovalo birača": 81, "Glasovalo birača (po listićima)": 81, "Važeći listići": 79, "Nevažeći listići": 2 }, "latitude": 46.2181986, "longitude": 15.992506, "population": 146 }, "geometry": { "type": "MultiPolygon", "coordinates": [ [ [ [ 15.999977488544264, 46.228158075348567 ], [ 15.998649590822161, 46.202407398116122 ], [ 15.992597855150558, 46.195181217696401 ], [ 15.977175852977144, 46.19686693613486 ], [ 15.976357883001167, 46.209077570565732 ], [ 15.995244228561456, 46.235706641720597 ], [ 15.999977488544264, 46.228158075348567 ] ] ] ] } },
{ "type": "Feature", "properties": { "BM": 1333, "data": { "Oznaka Gr/Op/Dr": "grad", "Grad/općina/država": "LEPOGLAVA", "Rbr BM": 10, "Naziv BM": "VILETINEC", "Lokacija BM": "PROSTORIJE NOVOG DRUŠTVENOG DOMA VILETINEC", "Adresa BM": "VILETINEC", "Glasovalo birača": 74, "Glasovalo birača (po listićima)": 74, "Važeći listići": 68, "Nevažeći listići": 6 }, "latitude": 46.2305456, "longitude": 16.0121969, "population": 134 }, "geometry": { "type": "MultiPolygon", "coordinates": [ [ [ [ 15.995244228561456, 46.235706641720597 ], [ 15.994561319902607, 46.242630863142338 ], [ 15.998590325373765, 46.246290473559604 ], [ 16.013726336200648, 46.244193031462153 ], [ 16.025233820604885, 46.225745101906043 ], [ 16.021951112839879, 46.21838132900929 ], [ 15.999977488544264, 46.228158075348567 ], [ 15.995244228561456, 46.235706641720597 ] ] ] ] } },
{ "type": "Feature", "properties": { "BM": 1328, "data": { "Oznaka Gr/Op/Dr": "grad", "Grad/općina/država": "LEPOGLAVA", "Rbr BM": 5, "Naziv BM": "OČURA", "Lokacija BM": "DRUŠTVENI DOM", "Adresa BM": "OČURA", "Glasovalo birača": 221, "Glasovalo birača (po listićima)": 221, "Važeći listići": 212, "Nevažeći listići": 9 }, "latitude": 46.199131, "longitude": 16.015274, "population": 368 }, "geometry": { "type": "MultiPolygon", "coordinates": [ [ [ [ 15.998649590822161, 46.202407398116122 ], [ 16.020897744507838, 46.213183724432596 ], [ 16.030578537119453, 46.193691217371345 ], [ 16.015940627839239, 46.179215560632947 ], [ 16.00662685609479, 46.180443163443172 ], [ 15.992597855150558, 46.195181217696401 ], [ 15.998649590822161, 46.202407398116122 ] ] ] ] } },
{ "type": "Feature", "properties": { "BM": 1536, "data": { "Oznaka Gr/Op/Dr": "općina", "Grad/općina/država": "BEDNJA", "Rbr BM": 5, "Naziv BM": "RINKOVEC", "Lokacija BM": "DRUŠTVENI DOM", "Adresa BM": "RINKOVEC BB", "Glasovalo birača": 176, "Glasovalo birača (po listićima)": 176, "Važeći listići": 171, "Nevažeći listići": 5 }, "latitude": 46.2174829, "longitude": 16.0063849, "population": 284 }, "geometry": { "type": "MultiPolygon", "coordinates": [ [ [ [ 15.999977488544264, 46.228158075348567 ], [ 16.021951112839879, 46.21838132900929 ], [ 16.022022764107032, 46.217124203590217 ], [ 16.020897744507838, 46.213183724432596 ], [ 15.998649590822161, 46.202407398116122 ], [ 15.999977488544264, 46.228158075348567 ] ] ] ] } },
{ "type": "Feature", "properties": { "BM": 1337, "data": { "Oznaka Gr/Op/Dr": "grad", "Grad/općina/država": "LEPOGLAVA", "Rbr BM": 14, "Naziv BM": "DONJA VIŠNJICA", "Lokacija BM": "OSNOVNA ŠKOLA \"IZIDOR POLJAK\"", "Adresa BM": "VIŠNJICA", "Glasovalo birača": 214, "Glasovalo birača (po listićima)": 214, "Važeći listići": 195, "Nevažeći listići": 19 }, "latitude": 46.293325, "longitude": 16.01024, "population": 413 }, "geometry": { "type": "MultiPolygon", "coordinates": [ [ [ [ 16.0177137, 46.3120476 ], [ 16.0182268, 46.3122641 ], [ 16.0183667, 46.3123495 ], [ 16.0184162, 46.3123879 ], [ 16.0185606, 46.312571 ], [ 16.0186737, 46.3126695 ], [ 16.018866, 46.3127499 ], [ 16.019274695363855, 46.312813919413642 ], [ 16.026042902726466, 46.279897661370939 ], [ 16.021268539658674, 46.27684748897039 ], [ 16.001700170985618, 46.273698767205879 ], [ 16.001666577489416, 46.273726096453899 ], [ 16.017576004882539, 46.31201126240763 ], [ 16.0177137, 46.3120476 ] ] ] ] } },
{ "type": "Feature", "properties": { "BM": 1340, "data": { "Oznaka Gr/Op/Dr": "grad", "Grad/općina/država": "LEPOGLAVA", "Rbr BM": 17, "Naziv BM": "ZLOGONJE", "Lokacija BM": "KUĆA ČELIG JOSIPA", "Adresa BM": "ZLOGONJE 140", "Glasovalo birača": 135, "Glasovalo birača (po listićima)": 135, "Važeći listići": 126, "Nevažeći listići": 9 }, "latitude": 46.2984708, "longitude": 16.0352659, "population": 341 }, "geometry": { "type": "MultiPolygon", "coordinates": [ [ [ [ 16.019274695363858, 46.312813919413642 ], [ 16.019438, 46.3128395 ], [ 16.0194815, 46.3128446 ], [ 16.019507, 46.3128533 ], [ 16.0196147, 46.312906 ], [ 16.020015, 46.3131781 ], [ 16.0201383, 46.3133597 ], [ 16.0201476, 46.3133718 ], [ 16.0203377, 46.3136156 ], [ 16.0203901, 46.3136735 ], [ 16.0205227, 46.3138097 ], [ 16.0207635, 46.3139114 ], [ 16.0209505, 46.3139514 ], [ 16.0210233, 46.3140204 ], [ 16.0214848, 46.3142012 ], [ 16.0216642, 46.3142561 ], [ 16.0219003, 46.3143558 ], [ 16.0219445, 46.3143505 ], [ 16.0219516, 46.3144554 ], [ 16.0219539, 46.3145985 ], [ 16.0219211, 46.3148938 ], [ 16.0218061, 46.3151721 ], [ 16.0216602, 46.31537 ], [ 16.0216198, 46.315438 ], [ 16.0216065, 46.3154869 ], [ 16.0215994, 46.3155829 ], [ 16.0216004, 46.3156957 ], [ 16.021629, 46.3158195 ], [ 16.0217096, 46.3159685 ], [ 16.0217662, 46.3161523 ], [ 16.0218038, 46.3163571 ], [ 16.0218368, 46.3164229 ], [ 16.0219411, 46.3165485 ], [ 16.0219664, 46.3166044 ], [ 16.022082, 46.3167375 ], [ 16.0223776, 46.3170217 ], [ 16.0226473, 46.3172374 ], [ 16.0226858, 46.3172707 ], [ 16.0225301, 46.317404 ], [ 16.0223172, 46.3175779 ], [ 16.0223644, 46.3176018 ], [ 16.0223357, 46.3176288 ], [ 16.0222834, 46.3176023 ], [ 16.0221995, 46.3176784 ], [ 16.0221621, 46.3177126 ], [ 16.0219396, 46.3177583 ], [ 16.0217342, 46.3178509 ], [ 16.0215403, 46.3180025 ], [ 16.0213904, 46.318139 ], [ 16.0213475, 46.3182061 ], [ 16.0213226, 46.3182216 ], [ 16.0211671, 46.3183189 ], [ 16.0210986, 46.3183741 ], [ 16.0210555, 46.318401 ], [ 16.0210487, 46.3184124 ], [ 16.0208275, 46.3185712 ], [ 16.020849, 46.3187695 ], [ 16.0208586, 46.318852 ], [ 16.0208003, 46.319116 ], [ 16.0207981, 46.3191259 ], [ 16.0207715, 46.3192876 ], [ 16.0207994, 46.3194048 ], [ 16.0208523, 46.3194719 ], [ 16.0210292, 46.3197136 ], [ 16.0208275, 46.3198761 ], [ 16.0204238, 46.3201881 ], [ 16.0203872, 46.3204084 ], [ 16.0204652, 46.3206422 ], [ 16.0204834, 46.320787 ], [ 16.0204611, 46.3209855 ], [ 16.0203966, 46.3210921 ], [ 16.0202938, 46.3211956 ], [ 16.0199259, 46.3213621 ], [ 16.0198072, 46.3213653 ], [ 16.0193031, 46.3213764 ], [ 16.0189557, 46.3213453 ], [ 16.0186172, 46.3212855 ], [ 16.0183376, 46.3211602 ], [ 16.0183163, 46.3211535 ], [ 16.0181967, 46.3211165 ], [ 16.0179831, 46.3211121 ], [ 16.0181028, 46.3212135 ], [ 16.0182372, 46.3213272 ], [ 16.0185823, 46.3215069 ], [ 16.0186433, 46.3215647 ], [ 16.0188675, 46.3217005 ], [ 16.018897, 46.321719 ], [ 16.018998, 46.3217817 ], [ 16.01901, 46.3217798 ], [ 16.0191237, 46.3218882 ], [ 16.0191441, 46.321909 ], [ 16.0192209, 46.3219873 ], [ 16.0193596, 46.322129 ], [ 16.01963, 46.3224035 ], [ 16.0197184, 46.322491 ], [ 16.0197661, 46.3226174 ], [ 16.0198013, 46.3226904 ], [ 16.019797, 46.3227664 ], [ 16.0198448, 46.3228415 ], [ 16.0199112, 46.3229413 ], [ 16.0206071, 46.3234598 ], [ 16.0210002, 46.3236567 ], [ 16.0210129, 46.3236479 ], [ 16.0210256, 46.3236389 ], [ 16.0211867, 46.3237874 ], [ 16.0214484, 46.3241023 ], [ 16.0215539, 46.3241901 ], [ 16.0216835, 46.3243283 ], [ 16.0220027, 46.3245564 ], [ 16.0225796, 46.3248179 ], [ 16.0227973, 46.3248788 ], [ 16.0229479, 46.3248982 ], [ 16.0230494, 46.3249018 ], [ 16.0231504, 46.3248914 ], [ 16.0231983, 46.3249015 ], [ 16.0232454, 46.3248852 ], [ 16.024433, 46.3245174 ], [ 16.0249359, 46.3247129 ], [ 16.0250834, 46.3252705 ], [ 16.0254638, 46.3255086 ], [ 16.0255366, 46.3255543 ], [ 16.0259444, 46.3258046 ], [ 16.0260052, 46.3258612 ], [ 16.0260414, 46.3258948 ], [ 16.0261441, 46.3259907 ], [ 16.0261861, 46.3260299 ], [ 16.0262397, 46.3260797 ], [ 16.0263848, 46.3261311 ], [ 16.0268084, 46.3262832 ], [ 16.0268202, 46.3262737 ], [ 16.0268313, 46.3262652 ], [ 16.026976, 46.3263556 ], [ 16.0272917, 46.3264162 ], [ 16.0274416, 46.3263977 ], [ 16.0275192, 46.3263674 ], [ 16.02802, 46.3262346 ], [ 16.0280249, 46.3262435 ], [ 16.0280288, 46.3262504 ], [ 16.0284159, 46.326264 ], [ 16.0285171, 46.3265013 ], [ 16.0285835, 46.3266539 ], [ 16.0285918, 46.3266533 ], [ 16.0286371, 46.3268129 ], [ 16.0286537, 46.3269846 ], [ 16.028693, 46.3271103 ], [ 16.0287645, 46.3272898 ], [ 16.0287851, 46.3273177 ], [ 16.0288182, 46.3274155 ], [ 16.028802, 46.3275055 ], [ 16.0287742, 46.327591 ], [ 16.0285935, 46.3277333 ], [ 16.0284495, 46.3277701 ], [ 16.0280777, 46.3278184 ], [ 16.0278472, 46.3278615 ], [ 16.027709, 46.3279208 ], [ 16.0275607, 46.3280172 ], [ 16.0273681, 46.3282935 ], [ 16.0271919, 46.328636 ], [ 16.0268341, 46.3289411 ], [ 16.0267251, 46.3292088 ], [ 16.0267123, 46.3294183 ], [ 16.0267362, 46.329457 ], [ 16.026952, 46.3295567 ], [ 16.0269702, 46.3295509 ], [ 16.0270871, 46.3297384 ], [ 16.0271246, 46.3298201 ], [ 16.0272098, 46.3299548 ], [ 16.0272245, 46.3300757 ], [ 16.0272714, 46.3302592 ], [ 16.0273507, 46.3303144 ], [ 16.0274522, 46.3304737 ], [ 16.0274503, 46.3304881 ], [ 16.027438, 46.3305799 ], [ 16.0274723, 46.3308016 ], [ 16.0274423, 46.3309121 ], [ 16.0274073, 46.3310409 ], [ 16.0275189, 46.3313404 ], [ 16.0275947, 46.3315256 ], [ 16.0276418, 46.3315268 ], [ 16.0276849, 46.3316184 ], [ 16.0279248, 46.3318535 ], [ 16.0279514, 46.3318839 ], [ 16.0281411, 46.3319929 ], [ 16.0287583, 46.3322063 ], [ 16.0291183, 46.3325624 ], [ 16.0292662, 46.3326792 ], [ 16.0293398, 46.3327077 ], [ 16.029408, 46.3327219 ], [ 16.0294959, 46.3327296 ], [ 16.0299165, 46.3326981 ], [ 16.0301361, 46.3326933 ], [ 16.0301986, 46.3326729 ], [ 16.0304413, 46.3326316 ], [ 16.0307257, 46.3325864 ], [ 16.0307603, 46.332637 ], [ 16.0309342, 46.3329526 ], [ 16.030997, 46.3329486 ], [ 16.0310001, 46.3329811 ], [ 16.0310693, 46.333084 ], [ 16.031240241629536, 46.333265283598124 ], [ 16.055294877925313, 46.299411891138583 ], [ 16.044572257660729, 46.278486619602283 ], [ 16.043154886602128, 46.278263821080415 ], [ 16.026042902726466, 46.279897661370939 ], [ 16.019274695363855, 46.312813919413642 ], [ 16.019274695363858, 46.312813919413642 ] ] ] ] } },
{ "type": "Feature", "properties": { "BM": 1335, "data": { "Oznaka Gr/Op/Dr": "grad", "Grad/općina/država": "LEPOGLAVA", "Rbr BM": 12, "Naziv BM": "KAMENIČKO PODGORJE - 1", "Lokacija BM": "PROSTORIJE NOVOG DRUŠTVENOG DOMA", "Adresa BM": "KAMENIČKO PODGORJE BB", "Glasovalo birača": 86, "Glasovalo birača (po listićima)": 86, "Važeći listići": 85, "Nevažeći listići": 1 }, "latitude": 46.2577421, "longitude": 16.0159656, "population": 192 }, "geometry": { "type": "MultiPolygon", "coordinates": [ [ [ [ 15.998590325373765, 46.246290473559604 ], [ 16.001700170985618, 46.273698767205879 ], [ 16.021268539658674, 46.27684748897039 ], [ 16.024897104314324, 46.250762640000758 ], [ 16.013726336200648, 46.244193031462153 ], [ 15.998590325373765, 46.246290473559604 ] ] ] ] } },
{ "type": "Feature", "properties": { "BM": 1329, "data": { "Oznaka Gr/Op/Dr": "grad", "Grad/općina/država": "LEPOGLAVA", "Rbr BM": 6, "Naziv BM": "PURGA", "Lokacija BM": "PROSTORIJE BIVŠEG UGOSTITELJSKOG OBJEKTA \"PALMA\"", "Adresa BM": "TRAKOŠĆANSKA ULICA BR.1", "Glasovalo birača": 259, "Glasovalo birača (po listićima)": 259, "Važeći listići": 249, "Nevažeći listići": 10 }, "latitude": 46.2091725, "longitude": 16.0354928, "population": 442 }, "geometry": { "type": "MultiPolygon", "coordinates": [ [ [ [ 16.022022764107032, 46.217124203590217 ], [ 16.040547976727783, 46.213402959380844 ], [ 16.036621803693418, 46.193760690789738 ], [ 16.030578537119453, 46.193691217371345 ], [ 16.020897744507838, 46.213183724432596 ], [ 16.022022764107032, 46.217124203590217 ] ] ] ] } },
{ "type": "Feature", "properties": { "BM": 1336, "data": { "Oznaka Gr/Op/Dr": "grad", "Grad/općina/država": "LEPOGLAVA", "Rbr BM": 13, "Naziv BM": "KAMENIČKO PODGORJE - 2", "Lokacija BM": "KUĆA KRISTIJANA GALIĆ", "Adresa BM": "ŽAROVNICA 215", "Glasovalo birača": 49, "Glasovalo birača (po listićima)": 49, "Važeći listići": 48, "Nevažeći listići": 1 }, "latitude": 46.2599148, "longitude": 16.0315846, "population": 107 }, "geometry": { "type": "MultiPolygon", "coordinates": [ [ [ [ 16.021268539658674, 46.27684748897039 ], [ 16.026042902726466, 46.279897661370939 ], [ 16.043154886602128, 46.278263821080415 ], [ 16.034755566538479, 46.252176302777499 ], [ 16.025512086828368, 46.250613690329253 ], [ 16.024897104314324, 46.250762640000758 ], [ 16.021268539658674, 46.27684748897039 ] ] ] ] } },
{ "type": "Feature", "properties": { "BM": 1332, "data": { "Oznaka Gr/Op/Dr": "grad", "Grad/općina/država": "LEPOGLAVA", "Rbr BM": 9, "Naziv BM": "CRKOVEC", "Lokacija BM": "KUĆA TOME ERDEC", "Adresa BM": "CRKOVEC 16", "Glasovalo birača": 71, "Glasovalo birača (po listićima)": 71, "Važeći listići": 71, "Nevažeći listići": 0 }, "latitude": 46.2395648, "longitude": 16.0266558, "population": 125 }, "geometry": { "type": "MultiPolygon", "coordinates": [ [ [ [ 16.013726336200648, 46.244193031462153 ], [ 16.024897104314324, 46.250762640000758 ], [ 16.025512086828368, 46.250613690329253 ], [ 16.035316448124188, 46.233013150924151 ], [ 16.032664157242827, 46.229719724990758 ], [ 16.025233820604885, 46.225745101906043 ], [ 16.013726336200648, 46.244193031462153 ] ] ] ] } },
{ "type": "Feature", "properties": { "BM": 1334, "data": { "Oznaka Gr/Op/Dr": "grad", "Grad/općina/država": "LEPOGLAVA", "Rbr BM": 11, "Naziv BM": "VULIŠINEC", "Lokacija BM": "KUĆA MILICE KELEMENIĆ", "Adresa BM": "VULIŠINEC 2", "Glasovalo birača": 99, "Glasovalo birača (po listićima)": 99, "Važeći listići": 96, "Nevažeći listići": 3 }, "latitude": 46.2192574, "longitude": 16.0375186, "population": 177 }, "geometry": { "type": "MultiPolygon", "coordinates": [ [ [ [ 16.021951112839879, 46.21838132900929 ], [ 16.025233820604885, 46.225745101906043 ], [ 16.032664157242827, 46.229719724990758 ], [ 16.047012658310035, 46.216755914643649 ], [ 16.040547976727783, 46.213402959380844 ], [ 16.022022764107032, 46.217124203590217 ], [ 16.021951112839879, 46.21838132900929 ] ] ] ] } },
{ "type": "Feature", "properties": { "BM": 1341, "data": { "Oznaka Gr/Op/Dr": "grad", "Grad/općina/država": "LEPOGLAVA", "Rbr BM": 18, "Naziv BM": "ŽAROVNICA", "Lokacija BM": "PODRUČNA ŠKOLA ŽAROVNICA", "Adresa BM": "ŽAROVNICA", "Glasovalo birača": 346, "Glasovalo birača (po listićima)": 346, "Važeći listići": 335, "Nevažeći listići": 11 }, "latitude": 46.256611, "longitude": 16.0418459, "population": 574 }, "geometry": { "type": "MultiPolygon", "coordinates": [ [ [ [ 16.043154886602128, 46.278263821080415 ], [ 16.044572257660729, 46.278486619602283 ], [ 16.062271023492645, 46.261884294135037 ], [ 16.061207253053603, 46.255331639379591 ], [ 16.051448953141101, 46.242329874735965 ], [ 16.034755566538479, 46.252176302777499 ], [ 16.043154886602128, 46.278263821080415 ] ] ] ] } },
{ "type": "Feature", "properties": { "BM": 1331, "data": { "Oznaka Gr/Op/Dr": "grad", "Grad/općina/država": "LEPOGLAVA", "Rbr BM": 8, "Naziv BM": "KAMENICA", "Lokacija BM": "OSNOVNA ŠKOLA \"IVAN RANGER\"", "Adresa BM": "KAMENICA", "Glasovalo birača": 70, "Glasovalo birača (po listićima)": 70, "Važeći listići": 69, "Nevažeći listići": 1 }, "latitude": 46.2438255, "longitude": 16.0343045, "population": 114 }, "geometry": { "type": "MultiPolygon", "coordinates": [ [ [ [ 16.025512086828368, 46.250613690329253 ], [ 16.034755566538479, 46.252176302777499 ], [ 16.051448953141101, 46.242329874735965 ], [ 16.051233843162677, 46.24125739140252 ], [ 16.035316448124188, 46.233013150924151 ], [ 16.025512086828368, 46.250613690329253 ] ] ] ] } },
{ "type": "Feature", "properties": { "BM": 1607, "data": { "Oznaka Gr/Op/Dr": "općina", "Grad/općina/država": "DONJA VOĆA", "Rbr BM": 4, "Naziv BM": "DONJA VOĆA - 3", "Lokacija BM": "KUĆA IVANKE DENAC", "Adresa BM": "DONJA VOĆA 286 B", "Glasovalo birača": 125, "Glasovalo birača (po listićima)": 125, "Važeći listići": 120, "Nevažeći listići": 5 }, "latitude": 46.3180162, "longitude": 16.0627732, "population": 271 }, "geometry": { "type": "MultiPolygon", "coordinates": [ [ [ [ 16.0312693, 46.3332961 ], [ 16.0315317, 46.3335714 ], [ 16.0316713, 46.333652 ], [ 16.0317691, 46.3337437 ], [ 16.0320637, 46.333874 ], [ 16.0321346, 46.3338953 ], [ 16.0323245, 46.3340226 ], [ 16.0325086, 46.3341805 ], [ 16.0326379, 46.334263 ], [ 16.0328374, 46.3343756 ], [ 16.0330001, 46.3345223 ], [ 16.0330661, 46.3346114 ], [ 16.0331168, 46.3346706 ], [ 16.0331745, 46.3347077 ], [ 16.0333985, 46.3347486 ], [ 16.0334686, 46.3347485 ], [ 16.0337431, 46.3347834 ], [ 16.0341139, 46.3347751 ], [ 16.0342027, 46.3347992 ], [ 16.0343026, 46.3348432 ], [ 16.034395, 46.3348866 ], [ 16.034554, 46.3349902 ], [ 16.034658, 46.3351524 ], [ 16.0346959, 46.3352709 ], [ 16.0347044, 46.3353536 ], [ 16.0346889, 46.3353817 ], [ 16.0347007, 46.3355746 ], [ 16.0347605, 46.3356657 ], [ 16.0351198, 46.3361017 ], [ 16.0350982, 46.3361134 ], [ 16.035103, 46.3361331 ], [ 16.0351033, 46.3361329 ], [ 16.0352765, 46.3362939 ], [ 16.035676, 46.3365785 ], [ 16.0362732, 46.337051 ], [ 16.0364496, 46.3371251 ], [ 16.0365586, 46.3371522 ], [ 16.0366839, 46.3371455 ], [ 16.0368829, 46.3370625 ], [ 16.037104, 46.3370179 ], [ 16.0374771, 46.337007 ], [ 16.0377939, 46.3370429 ], [ 16.0378682, 46.3370811 ], [ 16.0380923, 46.3371329 ], [ 16.03826, 46.3371982 ], [ 16.0385537, 46.3373557 ], [ 16.0386941, 46.3373716 ], [ 16.0389877, 46.3373516 ], [ 16.0392036, 46.3372746 ], [ 16.0398055, 46.3373349 ], [ 16.0400958, 46.337291 ], [ 16.0404889, 46.3372701 ], [ 16.0410402, 46.3373121 ], [ 16.0413759, 46.3373492 ], [ 16.0417065, 46.3374587 ], [ 16.04224, 46.337595 ], [ 16.0424345, 46.3376234 ], [ 16.0426, 46.3376304 ], [ 16.0429551, 46.3375522 ], [ 16.0430974, 46.3374961 ], [ 16.0432197, 46.3373899 ], [ 16.0434616, 46.3371949 ], [ 16.0437638, 46.3369948 ], [ 16.0441207, 46.3366779 ], [ 16.0442927, 46.3364441 ], [ 16.0443531, 46.3364038 ], [ 16.0444073, 46.3363391 ], [ 16.0446423, 46.3362086 ], [ 16.0447315, 46.336137 ], [ 16.0450363, 46.3359572 ], [ 16.0452109, 46.3359071 ], [ 16.0454522, 46.3358255 ], [ 16.0459919, 46.3357147 ], [ 16.046401, 46.3357024 ], [ 16.0468198, 46.3357322 ], [ 16.0470259, 46.3357396 ], [ 16.0471211, 46.3357254 ], [ 16.0473306, 46.3356442 ], [ 16.0475753, 46.3355135 ], [ 16.0477498, 46.3354524 ], [ 16.0479753, 46.3352977 ], [ 16.0483557, 46.3350382 ], [ 16.048784, 46.33509 ], [ 16.0490408, 46.3351123 ], [ 16.0493093, 46.3350667 ], [ 16.0497063, 46.3349303 ], [ 16.0499593, 46.3349044 ], [ 16.0501937, 46.3349071 ], [ 16.05047, 46.3349556 ], [ 16.0506451, 46.3350289 ], [ 16.0510131, 46.335068 ], [ 16.0519505, 46.3352894 ], [ 16.0521881, 46.3353074 ], [ 16.0528145, 46.3352593 ], [ 16.0529787, 46.3352275 ], [ 16.0531577, 46.3351255 ], [ 16.0534222, 46.3352441 ], [ 16.0541223, 46.3356994 ], [ 16.0545068, 46.3360011 ], [ 16.0550229, 46.3362145 ], [ 16.0552401, 46.3363423 ], [ 16.0554685, 46.3365881 ], [ 16.0555265, 46.3368726 ], [ 16.0555362, 46.3368923 ], [ 16.0557468, 46.3370746 ], [ 16.05587, 46.3372755 ], [ 16.055936, 46.3374635 ], [ 16.056054, 46.3377343 ], [ 16.0561636, 46.3378717 ], [ 16.0563303, 46.3382387 ], [ 16.0565119, 46.3383207 ], [ 16.056802, 46.3384786 ], [ 16.0571599, 46.338704 ], [ 16.0575666, 46.3388545 ], [ 16.057567, 46.3388546 ], [ 16.0580231, 46.3390565 ], [ 16.0582784, 46.3391753 ], [ 16.0584893, 46.3392967 ], [ 16.0589279, 46.3396072 ], [ 16.0592795, 46.3398131 ], [ 16.0596605, 46.3400802 ], [ 16.060126, 46.3402918 ], [ 16.0607122, 46.3407131 ], [ 16.0608785, 46.3408083 ], [ 16.061055, 46.3409695 ], [ 16.0611049, 46.3411161 ], [ 16.0611693, 46.341403 ], [ 16.0611829, 46.3414621 ], [ 16.0611967, 46.3415388 ], [ 16.0612102, 46.3415891 ], [ 16.0613418, 46.3417486 ], [ 16.0615209, 46.3418832 ], [ 16.0615335, 46.341868 ], [ 16.0620405, 46.3419017 ], [ 16.062196, 46.341927 ], [ 16.0625851, 46.3421414 ], [ 16.0628044, 46.34221 ], [ 16.0630964, 46.3422477 ], [ 16.063983, 46.3422789 ], [ 16.0648583, 46.3421136 ], [ 16.0652412, 46.3421022 ], [ 16.0654306, 46.3420636 ], [ 16.0655002, 46.3420609 ], [ 16.0658252, 46.3419841 ], [ 16.0667354, 46.3418727 ], [ 16.0669587, 46.3417766 ], [ 16.0672287, 46.3416104 ], [ 16.0673414, 46.3415328 ], [ 16.0674224, 46.3414381 ], [ 16.0675839, 46.3409894 ], [ 16.0677561, 46.3406372 ], [ 16.067901, 46.3403577 ], [ 16.0679854, 46.3402826 ], [ 16.0680164, 46.340232 ], [ 16.0681212, 46.340047 ], [ 16.0681389, 46.3399525 ], [ 16.068195, 46.3398951 ], [ 16.0682927, 46.3398593 ], [ 16.0687407, 46.3397532 ], [ 16.0689532, 46.3397847 ], [ 16.0690775, 46.3398408 ], [ 16.0693657, 46.3400734 ], [ 16.0697414, 46.3402201 ], [ 16.0698972, 46.340276 ], [ 16.0700276, 46.3403123 ], [ 16.0702271, 46.3403155 ], [ 16.0704832, 46.3403069 ], [ 16.0710609, 46.3404083 ], [ 16.0713879, 46.3404763 ], [ 16.0717028, 46.3405728 ], [ 16.071862681760503, 46.340663792614848 ], [ 16.072043579271053, 46.340429131011376 ], [ 16.066075676351762, 46.300464011236798 ], [ 16.055294877925313, 46.299411891138583 ], [ 16.031240241629536, 46.333265283598124 ], [ 16.0312693, 46.3332961 ] ] ] ] } },
{ "type": "Feature", "properties": { "BM": 1330, "data": { "Oznaka Gr/Op/Dr": "grad", "Grad/općina/država": "LEPOGLAVA", "Rbr BM": 7, "Naziv BM": "KAMENIČKI VRHOVEC", "Lokacija BM": "PROSTORIJE TVRTKE \"TORNADO\" D.O.O.", "Adresa BM": "KAMENIČKI VRHOVEC 38", "Glasovalo birača": 96, "Glasovalo birača (po listićima)": 96, "Važeći listići": 94, "Nevažeći listići": 2 }, "latitude": 46.2259483, "longitude": 16.0435638, "population": 156 }, "geometry": { "type": "MultiPolygon", "coordinates": [ [ [ [ 16.035316448124188, 46.233013150924151 ], [ 16.051233843162677, 46.24125739140252 ], [ 16.057863685981282, 46.226820339484732 ], [ 16.051922923754265, 46.219222685317675 ], [ 16.048135947814636, 46.216757423029577 ], [ 16.047012658310035, 46.216755914643649 ], [ 16.032664157242827, 46.229719724990758 ], [ 16.035316448124188, 46.233013150924151 ] ] ] ] } },
{ "type": "Feature", "properties": { "BM": 1326, "data": { "Oznaka Gr/Op/Dr": "grad", "Grad/općina/država": "LEPOGLAVA", "Rbr BM": 3, "Naziv BM": "LEPOGLAVA - 3", "Lokacija BM": "OSNOVNA ŠKOLA \"ANTE STARČEVIĆ\"", "Adresa BM": "LEPOGLAVA", "Glasovalo birača": 496, "Glasovalo birača (po listićima)": 496, "Važeći listići": 483, "Nevažeći listići": 13 }, "latitude": 46.2075543, "longitude": 16.0435885, "population": 755 }, "geometry": { "type": "MultiPolygon", "coordinates": [ [ [ [ 16.047012658310035, 46.216755914643649 ], [ 16.048135947814636, 46.216757423029577 ], [ 16.051289853733415, 46.189875732474583 ], [ 16.036621803693418, 46.193760690789738 ], [ 16.040547976727783, 46.213402959380844 ], [ 16.047012658310035, 46.216755914643649 ] ] ] ] } },
{ "type": "Feature", "properties": { "BM": 1324, "data": { "Oznaka Gr/Op/Dr": "grad", "Grad/općina/država": "LEPOGLAVA", "Rbr BM": 1, "Naziv BM": "LEPOGLAVA - 1", "Lokacija BM": "UGOSTITELJSKI OBJEKT CAFFE BAR \"CIGLA\"", "Adresa BM": "ULICA HRVATSKIH PAVLINA 101", "Glasovalo birača": 337, "Glasovalo birača (po listićima)": 337, "Važeći listići": 325, "Nevažeći listići": 12 }, "latitude": 46.2127322, "longitude": 16.0604659, "population": 573 }, "geometry": { "type": "MultiPolygon", "coordinates": [ [ [ [ 16.057863685981282, 46.226820339484732 ], [ 16.073378218630211, 46.222122466004656 ], [ 16.078900812968804, 46.202876903755829 ], [ 16.079125987509393, 46.182440446107613 ], [ 16.076732911684683, 46.182246494914466 ], [ 16.051922923754265, 46.219222685317675 ], [ 16.057863685981282, 46.226820339484732 ] ] ] ] } },
{ "type": "Feature", "properties": { "BM": 1325, "data": { "Oznaka Gr/Op/Dr": "grad", "Grad/općina/država": "LEPOGLAVA", "Rbr BM": 2, "Naziv BM": "LEPOGLAVA - 2", "Lokacija BM": "TRGOVAČKI OBRT \"MARICA\" (PROSTORIJE BIVŠEG RESTORANA-DVORIŠTE)", "Adresa BM": "ULICA HRVATSKIH PAVLINA 41", "Glasovalo birača": 233, "Glasovalo birača (po listićima)": 233, "Važeći listići": 218, "Nevažeći listići": 15 }, "latitude": 46.2088568, "longitude": 16.0546901, "population": 388 }, "geometry": { "type": "MultiPolygon", "coordinates": [ [ [ [ 16.051289853733415, 46.189875732474583 ], [ 16.048135947814636, 46.216757423029577 ], [ 16.051922923754265, 46.219222685317675 ], [ 16.076732911684683, 46.182246494914466 ], [ 16.066651821552497, 46.180394473146819 ], [ 16.051289853733415, 46.189875732474583 ] ] ] ] } },
{ "type": "Feature", "properties": { "BM": 1274, "data": { "Oznaka Gr/Op/Dr": "grad", "Grad/općina/država": "IVANEC", "Rbr BM": 12, "Naziv BM": "BEDENEC", "Lokacija BM": "VATROGASNI DOM - BIRALIŠTE I", "Adresa BM": "BEDENEC", "Glasovalo birača": 185, "Glasovalo birača (po listićima)": 185, "Važeći listići": 181, "Nevažeći listići": 4 }, "latitude": 46.2370984, "longitude": 16.0678441, "population": 324 }, "geometry": { "type": "MultiPolygon", "coordinates": [ [ [ [ 16.051448953141101, 46.242329874735965 ], [ 16.061207253053603, 46.255331639379591 ], [ 16.081093259325421, 46.237217640167167 ], [ 16.081013220143166, 46.232305615523906 ], [ 16.073378218630211, 46.222122466004656 ], [ 16.057863685981282, 46.226820339484732 ], [ 16.051233843162677, 46.24125739140252 ], [ 16.051448953141101, 46.242329874735965 ] ] ] ] } },
{ "type": "Feature", "properties": { "BM": 1586, "data": { "Oznaka Gr/Op/Dr": "općina", "Grad/općina/država": "CESTICA", "Rbr BM": 8, "Naziv BM": "VELIKI LOVREČAN", "Lokacija BM": "PROSTORIJE VATROGASNOG DOMA DVD-A LOVREČAN-DUBRAVA", "Adresa BM": "SVETOG LOVRE", "Glasovalo birača": 308, "Glasovalo birača (po listićima)": 308, "Važeći listići": 293, "Nevažeći listići": 15 }, "latitude": 46.3716048, "longitude": 16.0838642, "population": 486 }, "geometry": { "type": "MultiPolygon", "coordinates": [ [ [ [ 16.0759328, 46.3516968 ], [ 16.0758705, 46.3518119 ], [ 16.0755872, 46.3521577 ], [ 16.0751824, 46.3527337 ], [ 16.0750195, 46.3529662 ], [ 16.0749163, 46.3531477 ], [ 16.0749336, 46.3534495 ], [ 16.0749573, 46.3535486 ], [ 16.0748051, 46.3538781 ], [ 16.0746597, 46.3542296 ], [ 16.0745566, 46.3544067 ], [ 16.0744814, 46.3545131 ], [ 16.0744652, 46.3545087 ], [ 16.0744605, 46.3545087 ], [ 16.0744766, 46.3545132 ], [ 16.0743401, 46.3549783 ], [ 16.074337, 46.3551843 ], [ 16.0744035, 46.3555346 ], [ 16.0745491, 46.3558649 ], [ 16.0746789, 46.3560527 ], [ 16.0750824, 46.3564957 ], [ 16.0750633, 46.3564979 ], [ 16.0751492, 46.3567243 ], [ 16.0750766, 46.3570011 ], [ 16.0749561, 46.3571111 ], [ 16.0746548, 46.3573202 ], [ 16.0745742, 46.357387 ], [ 16.07455, 46.3574368 ], [ 16.0742781, 46.3579027 ], [ 16.0742203, 46.3579734 ], [ 16.0741363, 46.3581262 ], [ 16.0740039, 46.358361 ], [ 16.073949, 46.3584695 ], [ 16.0738811, 46.3585979 ], [ 16.0738552, 46.3586489 ], [ 16.0738615, 46.3586578 ], [ 16.0738128, 46.3587551 ], [ 16.0738317, 46.3587595 ], [ 16.0737896, 46.358846 ], [ 16.0736962, 46.3589965 ], [ 16.0733745, 46.3594527 ], [ 16.0732781, 46.3595901 ], [ 16.073054, 46.3600909 ], [ 16.0729253, 46.3604686 ], [ 16.0728724, 46.3606205 ], [ 16.0726749, 46.3610275 ], [ 16.0726001, 46.3611947 ], [ 16.0725059, 46.3613334 ], [ 16.0723972, 46.361751 ], [ 16.0723395, 46.36208 ], [ 16.0723748, 46.3622162 ], [ 16.072638, 46.3626765 ], [ 16.072649, 46.3628441 ], [ 16.0727213, 46.3631613 ], [ 16.0727468, 46.3631938 ], [ 16.072872, 46.3634264 ], [ 16.0727982, 46.363808 ], [ 16.0727411, 46.3641958 ], [ 16.0727238, 46.3643487 ], [ 16.0727217, 46.3643675 ], [ 16.0726841, 46.3644949 ], [ 16.0726731, 46.3645405 ], [ 16.0727105, 46.3645492 ], [ 16.0725779, 46.3647615 ], [ 16.0725544, 46.3648092 ], [ 16.0725167, 46.3648134 ], [ 16.0724864, 46.3648719 ], [ 16.0724295, 46.3649671 ], [ 16.0724414, 46.3649787 ], [ 16.0722601, 46.3651102 ], [ 16.0717553, 46.3652537 ], [ 16.0716033, 46.3653324 ], [ 16.0714132, 46.3653928 ], [ 16.0713065, 46.3654289 ], [ 16.0711352, 46.3655147 ], [ 16.0708081, 46.3657484 ], [ 16.07061, 46.3659387 ], [ 16.070362, 46.3663274 ], [ 16.070145, 46.3667439 ], [ 16.0700463, 46.3668418 ], [ 16.0695862, 46.3672722 ], [ 16.0694902, 46.3673461 ], [ 16.0692409, 46.3674807 ], [ 16.0688557, 46.367872 ], [ 16.0684916, 46.3681051 ], [ 16.0682581, 46.36831 ], [ 16.0681933, 46.3683914 ], [ 16.0681844, 46.3684199 ], [ 16.0680832, 46.3685892 ], [ 16.0679122, 46.369239 ], [ 16.0679034, 46.3692742 ], [ 16.0678857, 46.3693443 ], [ 16.067912, 46.3697258 ], [ 16.0676362, 46.3700183 ], [ 16.0673455, 46.3700766 ], [ 16.0672883, 46.3701143 ], [ 16.0669545, 46.3703298 ], [ 16.0667545, 46.3704895 ], [ 16.0666848, 46.3706063 ], [ 16.06665, 46.3706658 ], [ 16.0666309, 46.3706573 ], [ 16.0666022, 46.370651 ], [ 16.0666816, 46.3705822 ], [ 16.0666592, 46.3705757 ], [ 16.0664497, 46.3707552 ], [ 16.0663067, 46.3708771 ], [ 16.0662591, 46.3708994 ], [ 16.0661224, 46.3709554 ], [ 16.066034727834836, 46.37101259715778 ], [ 16.073621664429208, 46.391031438392055 ], [ 16.0740877, 46.3909607 ], [ 16.0746837, 46.3908719 ], [ 16.0756596, 46.3907231 ], [ 16.080259, 46.3900244 ], [ 16.0811344, 46.3898834 ], [ 16.0823287, 46.3896079 ], [ 16.0836491, 46.389396 ], [ 16.0839315, 46.3893504 ], [ 16.088388, 46.388548 ], [ 16.0896512, 46.3889044 ], [ 16.0901425, 46.3890402 ], [ 16.0903409, 46.3890953 ], [ 16.0926041, 46.3898143 ], [ 16.094537, 46.3904748 ], [ 16.0953784, 46.3907341 ], [ 16.095834326334625, 46.390875270152932 ], [ 16.095049667797994, 46.359869639389657 ], [ 16.075890641099885, 46.351486872317942 ], [ 16.0759328, 46.3516968 ] ] ] ] } },
{ "type": "Feature", "properties": { "BM": 1701, "data": { "Oznaka Gr/Op/Dr": "općina", "Grad/općina/država": "KLENOVNIK", "Rbr BM": 1, "Naziv BM": "KLENOVNIK - 1", "Lokacija BM": "OSNOVNA ŠKOLA - BIR 1", "Adresa BM": "KLENOVNIK", "Glasovalo birača": 304, "Glasovalo birača (po listićima)": 304, "Važeći listići": 293, "Nevažeći listići": 11 }, "latitude": 46.2826045, "longitude": 16.0662291, "population": 464 }, "geometry": { "type": "MultiPolygon", "coordinates": [ [ [ [ 16.055294877925313, 46.299411891138583 ], [ 16.066075676351762, 46.300464011236798 ], [ 16.069655208992199, 46.299599693305581 ], [ 16.072647538517092, 46.298299740168623 ], [ 16.07271612848535, 46.266346719653825 ], [ 16.062271023492645, 46.261884294135037 ], [ 16.044572257660729, 46.278486619602283 ], [ 16.055294877925313, 46.299411891138583 ] ] ] ] } },
{ "type": "Feature", "properties": { "BM": 1609, "data": { "Oznaka Gr/Op/Dr": "općina", "Grad/općina/država": "DONJA VOĆA", "Rbr BM": 6, "Naziv BM": "GORNJA VOĆA - 2", "Lokacija BM": "OSNOVNA ŠKOLA", "Adresa BM": "GORNJA VOĆA BB", "Glasovalo birača": 210, "Glasovalo birača (po listićima)": 210, "Važeći listići": 187, "Nevažeći listići": 23 }, "latitude": 46.3162857, "longitude": 16.0743618, "population": 526 }, "geometry": { "type": "MultiPolygon", "coordinates": [ [ [ [ 16.066075676351762, 46.300464011236798 ], [ 16.072043579271053, 46.340429131011376 ], [ 16.084101846801548, 46.330873886843968 ], [ 16.083680016879018, 46.328794922669282 ], [ 16.069655208992199, 46.299599693305581 ], [ 16.066075676351762, 46.300464011236798 ] ] ] ] } },
{ "type": "Feature", "properties": { "BM": 1703, "data": { "Oznaka Gr/Op/Dr": "općina", "Grad/općina/država": "KLENOVNIK", "Rbr BM": 3, "Naziv BM": "PLEMENŠĆINA", "Lokacija BM": "KUĆA SLAVKA BUNIĆA (STJEPANA)", "Adresa BM": "PLEMENŠĆINA 44", "Glasovalo birača": 34, "Glasovalo birača (po listićima)": 34, "Važeći listići": 33, "Nevažeći listići": 1 }, "latitude": 46.2826322, "longitude": 16.0791333, "population": 75 }, "geometry": { "type": "MultiPolygon", "coordinates": [ [ [ [ 16.072647538517092, 46.298299740168623 ], [ 16.078129410174153, 46.298192874159085 ], [ 16.096172109300841, 46.270581503748836 ], [ 16.094343852945148, 46.266914541587894 ], [ 16.07271612848535, 46.266346719653825 ], [ 16.072647538517092, 46.298299740168623 ] ] ] ] } },
{ "type": "Feature", "properties": { "BM": 1273, "data": { "Oznaka Gr/Op/Dr": "grad", "Grad/općina/država": "IVANEC", "Rbr BM": 11, "Naziv BM": "KANIŽA", "Lokacija BM": "DRUŠTVENI DOM", "Adresa BM": "KANIŽA", "Glasovalo birača": 125, "Glasovalo birača (po listićima)": 125, "Važeći listići": 119, "Nevažeći listići": 6 }, "latitude": 46.2210077, "longitude": 16.089305, "population": 201 }, "geometry": { "type": "MultiPolygon", "coordinates": [ [ [ [ 16.081013220143166, 46.232305615523906 ], [ 16.095317592784347, 46.227713976854957 ], [ 16.095118819626503, 46.225784576496295 ], [ 16.083483863093925, 46.207423506996811 ], [ 16.078900812968804, 46.202876903755829 ], [ 16.073378218630211, 46.222122466004656 ], [ 16.081013220143166, 46.232305615523906 ] ] ] ] } },
{ "type": "Feature", "properties": { "BM": 1707, "data": { "Oznaka Gr/Op/Dr": "općina", "Grad/općina/država": "KLENOVNIK", "Rbr BM": 7, "Naziv BM": "DUBRAVEC - 1", "Lokacija BM": "KUĆA ANTUNA GOLUBA", "Adresa BM": "DUBRAVEC 47", "Glasovalo birača": 89, "Glasovalo birača (po listićima)": 89, "Važeći listići": 83, "Nevažeći listići": 6 }, "latitude": 46.2504204, "longitude": 16.079979, "population": 153 }, "geometry": { "type": "MultiPolygon", "coordinates": [ [ [ [ 16.061207253053603, 46.255331639379591 ], [ 16.062271023492645, 46.261884294135037 ], [ 16.07271612848535, 46.266346719653825 ], [ 16.094343852945148, 46.266914541587894 ], [ 16.098684089946637, 46.255574462852934 ], [ 16.081093259325421, 46.237217640167167 ], [ 16.061207253053603, 46.255331639379591 ] ] ] ] } },
{ "type": "Feature", "properties": { "BM": 1606, "data": { "Oznaka Gr/Op/Dr": "općina", "Grad/općina/država": "DONJA VOĆA", "Rbr BM": 3, "Naziv BM": "DONJA VOĆA - 2", "Lokacija BM": "KUĆA MARIJANA JUSTAMENTA", "Adresa BM": "DONJA VOĆA 152 A", "Glasovalo birača": 154, "Glasovalo birača (po listićima)": 154, "Važeći listići": 147, "Nevažeći listići": 7 }, "latitude": 46.3137026, "longitude": 16.079739, "population": 253 }, "geometry": { "type": "MultiPolygon", "coordinates": [ [ [ [ 16.072647538517092, 46.298299740168623 ], [ 16.069655208992199, 46.299599693305581 ], [ 16.083680016879018, 46.328794922669282 ], [ 16.083464300900559, 46.301071975231793 ], [ 16.078129410174153, 46.298192874159085 ], [ 16.072647538517092, 46.298299740168623 ] ] ] ] } },
{ "type": "Feature", "properties": { "BM": 1271, "data": { "Oznaka Gr/Op/Dr": "grad", "Grad/općina/država": "IVANEC", "Rbr BM": 9, "Naziv BM": "VUGLOVEC", "Lokacija BM": "DRUŠTVENI DOM VUGLOVEC-GEČKOVEC", "Adresa BM": "BIRALIŠTE VUGLOVEC", "Glasovalo birača": 158, "Glasovalo birača (po listićima)": 158, "Važeći listići": 146, "Nevažeći listići": 12 }, "latitude": 46.213136, "longitude": 16.0971141, "population": 269 }, "geometry": { "type": "MultiPolygon", "coordinates": [ [ [ [ 16.083483863093925, 46.207423506996811 ], [ 16.097016925248791, 46.217114400375756 ], [ 16.109580630036611, 46.21207444188564 ], [ 16.11469241130705, 46.201218411193906 ], [ 16.105695378839965, 46.174836056245304 ], [ 16.092597130689558, 46.175762457988952 ], [ 16.079125987509393, 46.182440446107613 ], [ 16.078900812968804, 46.202876903755829 ], [ 16.083483863093925, 46.207423506996811 ] ] ] ] } },
{ "type": "Feature", "properties": { "BM": 1589, "data": { "Oznaka Gr/Op/Dr": "općina", "Grad/općina/država": "CESTICA", "Rbr BM": 11, "Naziv BM": "GRADIŠĆE", "Lokacija BM": "PROSTORIJE VATROGASNOG DOMA GRADIŠĆE", "Adresa BM": "GRADIŠĆE", "Glasovalo birača": 116, "Glasovalo birača (po listićima)": 116, "Važeći listići": 108, "Nevažeći listići": 8 }, "latitude": 46.343690281997198, "longitude": 16.0960778111622, "population": 201 }, "geometry": { "type": "MultiPolygon", "coordinates": [ [ [ [ 16.0719198, 46.3406963 ], [ 16.0719966, 46.3407549 ], [ 16.0722777, 46.3409329 ], [ 16.0723641, 46.3410003 ], [ 16.0726258, 46.3413626 ], [ 16.0728161, 46.3416136 ], [ 16.0730282, 46.3420552 ], [ 16.0731716, 46.3425631 ], [ 16.0731677, 46.3431772 ], [ 16.0732484, 46.3432798 ], [ 16.0735444, 46.3433896 ], [ 16.0736305, 46.3434438 ], [ 16.0740507, 46.3435901 ], [ 16.0743657, 46.3437064 ], [ 16.0746395, 46.343812 ], [ 16.0748418, 46.3437908 ], [ 16.0753174, 46.3438445 ], [ 16.0756416, 46.3439236 ], [ 16.0761604, 46.3441173 ], [ 16.0763644, 46.3442146 ], [ 16.076441, 46.3442623 ], [ 16.0764637, 46.3442973 ], [ 16.0770432, 46.3454098 ], [ 16.0772366, 46.3456343 ], [ 16.0774353, 46.3457974 ], [ 16.0775231, 46.3459525 ], [ 16.0775444, 46.3462472 ], [ 16.0776027, 46.3465047 ], [ 16.0776233, 46.3468398 ], [ 16.0775699, 46.3471333 ], [ 16.0773768, 46.347494 ], [ 16.077425, 46.3477228 ], [ 16.0773786, 46.3480671 ], [ 16.0769776, 46.3486651 ], [ 16.0766652, 46.3494256 ], [ 16.0765114, 46.3498586 ], [ 16.0763762, 46.3500337 ], [ 16.0760492, 46.3504438 ], [ 16.0759617, 46.3505877 ], [ 16.0758779, 46.3507802 ], [ 16.0758383, 46.3509216 ], [ 16.0758258, 46.351164 ], [ 16.075890641099885, 46.351486872317935 ], [ 16.075890641099885, 46.351486872317942 ], [ 16.095049667797994, 46.359869639389657 ], [ 16.103041622739955, 46.356730427438571 ], [ 16.104834674951935, 46.351413365040209 ], [ 16.101734417864545, 46.32865444681611 ], [ 16.101724376592042, 46.32864147698178 ], [ 16.087588832807473, 46.329865164295967 ], [ 16.084101846801548, 46.330873886843968 ], [ 16.072043579271053, 46.340429131011376 ], [ 16.071862681760503, 46.340663792614848 ], [ 16.0719198, 46.3406963 ] ] ] ] } },
{ "type": "Feature", "properties": { "BM": 1608, "data": { "Oznaka Gr/Op/Dr": "općina", "Grad/općina/država": "DONJA VOĆA", "Rbr BM": 5, "Naziv BM": "GORNJA VOĆA - 1", "Lokacija BM": "KUĆA ŽELJKA PREMUŽIĆA", "Adresa BM": "GORNJA VOĆA 132A", "Glasovalo birača": 100, "Glasovalo birača (po listićima)": 100, "Važeći listići": 97, "Nevažeći listići": 3 }, "latitude": 46.3136431, "longitude": 16.0873857, "population": 219 }, "geometry": { "type": "MultiPolygon", "coordinates": [ [ [ [ 16.083680016879018, 46.328794922669282 ], [ 16.084101846801548, 46.330873886843968 ], [ 16.087588832807473, 46.329865164295967 ], [ 16.092567794695405, 46.302920091655409 ], [ 16.083464300900559, 46.301071975231793 ], [ 16.083680016879018, 46.328794922669282 ] ] ] ] } },
{ "type": "Feature", "properties": { "BM": 1605, "data": { "Oznaka Gr/Op/Dr": "općina", "Grad/općina/država": "DONJA VOĆA", "Rbr BM": 2, "Naziv BM": "SLIVARSKO", "Lokacija BM": "KUĆA NADE TELEBAR", "Adresa BM": "SLIVARSKO 37 D", "Glasovalo birača": 88, "Glasovalo birača (po listićima)": 88, "Važeći listići": 83, "Nevažeći listići": 5 }, "latitude": 46.2910252, "longitude": 16.0919774, "population": 221 }, "geometry": { "type": "MultiPolygon", "coordinates": [ [ [ [ 16.083464300900559, 46.301071975231793 ], [ 16.092567794695405, 46.302920091655409 ], [ 16.112249919505402, 46.301596199001104 ], [ 16.11873689348019, 46.290851077465319 ], [ 16.096172109300841, 46.270581503748836 ], [ 16.078129410174153, 46.298192874159085 ], [ 16.083464300900559, 46.301071975231793 ] ] ] ] } },
{ "type": "Feature", "properties": { "BM": 1583, "data": { "Oznaka Gr/Op/Dr": "općina", "Grad/općina/država": "CESTICA", "Rbr BM": 5, "Naziv BM": "VIRJE KRIŽOVLJANSKO", "Lokacija BM": "PROSTORIJE VATROGASNOG DOMA", "Adresa BM": "ORMOŠKA ULICA", "Glasovalo birača": 137, "Glasovalo birača (po listićima)": 137, "Važeći listići": 132, "Nevažeći listići": 5 }, "latitude": 46.3843428, "longitude": 16.140598, "population": 231 }, "geometry": { "type": "MultiPolygon", "coordinates": [ [ [ [ 16.1163646, 46.3973103 ], [ 16.1171571, 46.3975613 ], [ 16.1180001, 46.3978226 ], [ 16.1184958, 46.3979764 ], [ 16.1193294, 46.3982356 ], [ 16.1202329, 46.3985193 ], [ 16.1202248, 46.3985607 ], [ 16.130413, 46.4017762 ], [ 16.1315104, 46.4023458 ], [ 16.1317886, 46.4024864 ], [ 16.1327937, 46.4029333 ], [ 16.133895, 46.4034292 ], [ 16.1349022, 46.4038798 ], [ 16.1358759, 46.4043151 ], [ 16.135908, 46.4043292 ], [ 16.1359815, 46.4043593 ], [ 16.1360222, 46.4043731 ], [ 16.1364602, 46.4044863 ], [ 16.1367386, 46.4045604 ], [ 16.1368745, 46.4045957 ], [ 16.1371607, 46.404672 ], [ 16.1382586, 46.4048781 ], [ 16.1395582, 46.404985 ], [ 16.1400965, 46.4050276 ], [ 16.1407418, 46.4050812 ], [ 16.1422322, 46.4052022 ], [ 16.1422498, 46.405202 ], [ 16.1441477, 46.4051701 ], [ 16.1460074, 46.4051394 ], [ 16.1462302, 46.4051188 ], [ 16.1470295, 46.4050518 ], [ 16.1477539, 46.4049892 ], [ 16.1497394, 46.4045504 ], [ 16.1502236, 46.4044436 ], [ 16.1505575, 46.4043448 ], [ 16.1510074, 46.4042151 ], [ 16.1521719, 46.4038758 ], [ 16.1522124, 46.4038587 ], [ 16.1533435, 46.4033469 ], [ 16.1545621, 46.4028038 ], [ 16.1546548, 46.4027602 ], [ 16.1547497, 46.4027159 ], [ 16.1558799, 46.4021811 ], [ 16.155921, 46.4021517 ], [ 16.1562236, 46.4019454 ], [ 16.156459, 46.401785 ], [ 16.1566532, 46.4016535 ], [ 16.1570223, 46.4013997 ], [ 16.1571027, 46.4013455 ], [ 16.1572601, 46.4012372 ], [ 16.1577777, 46.4008842 ], [ 16.1581328, 46.4006437 ], [ 16.1583339, 46.4005205 ], [ 16.1585774, 46.4003717 ], [ 16.1589144, 46.4001679 ], [ 16.1593298, 46.3999156 ], [ 16.159695, 46.3996934 ], [ 16.160905, 46.3989559 ], [ 16.1616508, 46.3985026 ], [ 16.1622497, 46.3981403 ], [ 16.162384012241557, 46.398059201882866 ], [ 16.161066557966805, 46.393986015471391 ], [ 16.136994740709813, 46.375253583828311 ], [ 16.132672945148805, 46.378139483022558 ], [ 16.129312893126773, 46.381143464024539 ], [ 16.116059610521702, 46.397079240488559 ], [ 16.116012304257072, 46.397199234476133 ], [ 16.1163646, 46.3973103 ] ] ] ] } },
{ "type": "Feature", "properties": { "BM": 1585, "data": { "Oznaka Gr/Op/Dr": "općina", "Grad/općina/država": "CESTICA", "Rbr BM": 7, "Naziv BM": "BABINEC", "Lokacija BM": "PROSTORIJE VATROGASNOG DOMA DVD-A BABINEC", "Adresa BM": "ŠKOLSKA ULICA", "Glasovalo birača": 422, "Glasovalo birača (po listićima)": 422, "Važeći listići": 401, "Nevažeći listići": 21 }, "latitude": 46.371024, "longitude": 16.1068144, "population": 667 }, "geometry": { "type": "MultiPolygon", "coordinates": [ [ [ [ 16.0967652, 46.3911635 ], [ 16.0967918, 46.3911641 ], [ 16.0973601, 46.3913456 ], [ 16.0987623, 46.3918082 ], [ 16.0997915, 46.3921352 ], [ 16.1012407, 46.3925778 ], [ 16.102194, 46.3928706 ], [ 16.102617, 46.3929948 ], [ 16.1050773, 46.3937708 ], [ 16.1064608, 46.394203 ], [ 16.1067357, 46.394296 ], [ 16.1071246, 46.3944185 ], [ 16.1075599, 46.394552 ], [ 16.1079703, 46.3946785 ], [ 16.1093183, 46.3951046 ], [ 16.1106535, 46.3955223 ], [ 16.1122194, 46.3960158 ], [ 16.1134853, 46.3964122 ], [ 16.1145617, 46.3967452 ], [ 16.1151269, 46.3969201 ], [ 16.116012304257072, 46.397199234476133 ], [ 16.116059610521702, 46.397079240488559 ], [ 16.115273140365591, 46.362510729248335 ], [ 16.103041622739955, 46.356730427438571 ], [ 16.095049667797994, 46.359869639389657 ], [ 16.095834326334625, 46.390875270152932 ], [ 16.0967652, 46.3911635 ] ] ] ] } },
{ "type": "Feature", "properties": { "BM": 1277, "data": { "Oznaka Gr/Op/Dr": "grad", "Grad/općina/država": "IVANEC", "Rbr BM": 15, "Naziv BM": "JEROVEC GORNJI", "Lokacija BM": "DRUŠTVENI DOM JEROVEC GORNJI", "Adresa BM": "JEROVEC 205", "Glasovalo birača": 197, "Glasovalo birača (po listićima)": 197, "Važeći listići": 187, "Nevažeći listići": 10 }, "latitude": 46.2366668, "longitude": 16.0943315, "population": 293 }, "geometry": { "type": "MultiPolygon", "coordinates": [ [ [ [ 16.081093259325421, 46.237217640167167 ], [ 16.098684089946637, 46.255574462852934 ], [ 16.099389702799069, 46.2550183837822 ], [ 16.099790399087709, 46.254394447986812 ], [ 16.102828982093268, 46.230183560128147 ], [ 16.095317592784347, 46.227713976854957 ], [ 16.081013220143166, 46.232305615523906 ], [ 16.081093259325421, 46.237217640167167 ] ] ] ] } },
{ "type": "Feature", "properties": { "BM": 1604, "data": { "Oznaka Gr/Op/Dr": "općina", "Grad/općina/država": "DONJA VOĆA", "Rbr BM": 1, "Naziv BM": "DONJA VOĆA - 1", "Lokacija BM": "OSNOVNA ŠKOLA", "Adresa BM": "DONJA VOĆA 19 D", "Glasovalo birača": 203, "Glasovalo birača (po listićima)": 203, "Važeći listići": 194, "Nevažeći listići": 9 }, "latitude": 46.3147869, "longitude": 16.0935757, "population": 406 }, "geometry": { "type": "MultiPolygon", "coordinates": [ [ [ [ 16.087588832807473, 46.329865164295967 ], [ 16.101724376592042, 46.32864147698178 ], [ 16.112278405052685, 46.307692024778582 ], [ 16.112249919505402, 46.301596199001104 ], [ 16.092567794695405, 46.302920091655409 ], [ 16.087588832807473, 46.329865164295967 ] ] ] ] } },
{ "type": "Feature", "properties": { "BM": 1705, "data": { "Oznaka Gr/Op/Dr": "općina", "Grad/općina/država": "KLENOVNIK", "Rbr BM": 5, "Naziv BM": "LIPOVNIK", "Lokacija BM": "KUĆA KOLAČKO PETRA (PROSTOR BIVŠEG LOKALA OLIMPIJA)", "Adresa BM": "LIPOVNIK 25", "Glasovalo birača": 169, "Glasovalo birača (po listićima)": 169, "Važeći listići": 159, "Nevažeći listići": 10 }, "latitude": 46.2642262, "longitude": 16.1160505, "population": 285 }, "geometry": { "type": "MultiPolygon", "coordinates": [ [ [ [ 16.096172109300841, 46.270581503748836 ], [ 16.11873689348019, 46.290851077465319 ], [ 16.128863813731435, 46.287837035580736 ], [ 16.130228468482738, 46.283562995679084 ], [ 16.124196043006055, 46.259337807045739 ], [ 16.099389702799069, 46.2550183837822 ], [ 16.098684089946637, 46.255574462852934 ], [ 16.094343852945148, 46.266914541587894 ], [ 16.096172109300841, 46.270581503748836 ] ] ] ] } },
{ "type": "Feature", "properties": { "BM": 1272, "data": { "Oznaka Gr/Op/Dr": "grad", "Grad/općina/država": "IVANEC", "Rbr BM": 10, "Naziv BM": "GEČKOVEC", "Lokacija BM": "DRUŠTVENI DOM VUGLOVEC-GEČKOVEC", "Adresa BM": "BIRALIŠTE GEČKOVEC", "Glasovalo birača": 60, "Glasovalo birača (po listićima)": 60, "Važeći listići": 58, "Nevažeći listići": 2 }, "latitude": 46.2184877, "longitude": 16.0932818, "population": 102 }, "geometry": { "type": "MultiPolygon", "coordinates": [ [ [ [ 16.083483863093925, 46.207423506996811 ], [ 16.095118819626503, 46.225784576496295 ], [ 16.097016925248791, 46.217114400375756 ], [ 16.083483863093925, 46.207423506996811 ] ] ] ] } },
{ "type": "Feature", "properties": { "BM": 1270, "data": { "Oznaka Gr/Op/Dr": "grad", "Grad/općina/država": "IVANEC", "Rbr BM": 8, "Naziv BM": "LANČIĆ", "Lokacija BM": "DRUŠTVENI DOM", "Adresa BM": "LANČIĆ", "Glasovalo birača": 196, "Glasovalo birača (po listićima)": 196, "Važeći listići": 191, "Nevažeći listići": 5 }, "latitude": 46.2199227, "longitude": 16.0998366, "population": 297 }, "geometry": { "type": "MultiPolygon", "coordinates": [ [ [ [ 16.102828982093268, 46.230183560128147 ], [ 16.107296910460242, 46.227877039351362 ], [ 16.109580630036611, 46.21207444188564 ], [ 16.097016925248791, 46.217114400375756 ], [ 16.095118819626503, 46.225784576496295 ], [ 16.095317592784347, 46.227713976854957 ], [ 16.102828982093268, 46.230183560128147 ] ] ] ] } },
{ "type": "Feature", "properties": { "BM": 1276, "data": { "Oznaka Gr/Op/Dr": "grad", "Grad/općina/država": "IVANEC", "Rbr BM": 14, "Naziv BM": "JEROVEC DONJI", "Lokacija BM": "DRUŠTVENI DOM JEROVEC DONJI", "Adresa BM": "JEROVEC 80 C", "Glasovalo birača": 244, "Glasovalo birača (po listićima)": 244, "Važeći listići": 239, "Nevažeći listići": 5 }, "latitude": 46.2385656, "longitude": 16.1094608, "population": 355 }, "geometry": { "type": "MultiPolygon", "coordinates": [ [ [ [ 16.099790399087709, 46.254394447986812 ], [ 16.119385980033488, 46.241658043251448 ], [ 16.122303661652534, 46.235769453184055 ], [ 16.120029004228201, 46.233567838138178 ], [ 16.107296910460242, 46.227877039351362 ], [ 16.102828982093268, 46.230183560128147 ], [ 16.099790399087709, 46.254394447986812 ] ] ] ] } },
{ "type": "Feature", "properties": { "BM": 2003, "data": { "Oznaka Gr/Op/Dr": "općina", "Grad/općina/država": "VINICA", "Rbr BM": 5, "Naziv BM": "PEŠĆENICA VINIČKA", "Lokacija BM": "PROSTORIJE DRUŠTVENOG DOMA", "Adresa BM": "PEŠČENICA VINIČKA BB", "Glasovalo birača": 69, "Glasovalo birača (po listićima)": 69, "Važeći listići": 63, "Nevažeći listići": 6 }, "latitude": 46.3146118, "longitude": 16.1310466, "population": 102 }, "geometry": { "type": "MultiPolygon", "coordinates": [ [ [ [ 16.112278405052685, 46.307692024778582 ], [ 16.134690280518914, 46.331932651129165 ], [ 16.146194212076235, 46.318571879767703 ], [ 16.144916378359827, 46.299221160879284 ], [ 16.138797618817353, 46.293485143924421 ], [ 16.128863813731435, 46.287837035580736 ], [ 16.11873689348019, 46.290851077465319 ], [ 16.112249919505402, 46.301596199001104 ], [ 16.112278405052685, 46.307692024778582 ] ] ] ] } },
{ "type": "Feature", "properties": { "BM": 1269, "data": { "Oznaka Gr/Op/Dr": "grad", "Grad/općina/država": "IVANEC", "Rbr BM": 7, "Naziv BM": "IVANEC-7", "Lokacija BM": "PROSTORIJE CVJEĆARNICE \"DALIJA\"", "Adresa BM": "IVANEC, AUGUSTA CESARCA 1", "Glasovalo birača": 343, "Glasovalo birača (po listićima)": 343, "Važeći listići": 325, "Nevažeći listići": 18 }, "latitude": 46.2223603, "longitude": 16.116704, "population": 529 }, "geometry": { "type": "MultiPolygon", "coordinates": [ [ [ [ 16.109580630036611, 46.21207444188564 ], [ 16.107296910460242, 46.227877039351362 ], [ 16.120029004228201, 46.233567838138178 ], [ 16.1208481833098, 46.220010670822468 ], [ 16.119596562165853, 46.20540989079835 ], [ 16.11469241130705, 46.201218411193906 ], [ 16.109580630036611, 46.21207444188564 ] ] ] ] } },
{ "type": "Feature", "properties": { "BM": 1280, "data": { "Oznaka Gr/Op/Dr": "grad", "Grad/općina/država": "IVANEC", "Rbr BM": 18, "Naziv BM": "PRIGOREC", "Lokacija BM": "OSNOVNA ŠKOLA", "Adresa BM": "PRIGOREC", "Glasovalo birača": 240, "Glasovalo birača (po listićima)": 240, "Važeći listići": 214, "Nevažeći listići": 26 }, "latitude": 46.1999126, "longitude": 16.1358896, "population": 402 }, "geometry": { "type": "MultiPolygon", "coordinates": [ [ [ [ 16.105695378839965, 46.174836056245304 ], [ 16.11469241130705, 46.201218411193906 ], [ 16.119596562165853, 46.20540989079835 ], [ 16.124205683513285, 46.207651550886609 ], [ 16.154410159333914, 46.203137921555765 ], [ 16.156819715729263, 46.177833307381967 ], [ 16.145585820553865, 46.169315517713372 ], [ 16.134710688666033, 46.168351088655093 ], [ 16.107921787128014, 46.173247676438677 ], [ 16.105695378839965, 46.174836056245304 ] ] ] ] } },
{ "type": "Feature", "properties": { "BM": 2005, "data": { "Oznaka Gr/Op/Dr": "općina", "Grad/općina/država": "VINICA", "Rbr BM": 7, "Naziv BM": "VINICA BREG", "Lokacija BM": "PROSTORIJE BIVŠE ŠKOLE \"PATAČIĆ\"", "Adresa BM": "VINICA BREG BB", "Glasovalo birača": 113, "Glasovalo birača (po listićima)": 113, "Važeći listići": 107, "Nevažeći listići": 6 }, "latitude": 46.3416294, "longitude": 16.1112067, "population": 226 }, "geometry": { "type": "MultiPolygon", "coordinates": [ [ [ [ 16.104834674951935, 46.351413365040209 ], [ 16.125547830836656, 46.339196654841452 ], [ 16.101734417864545, 46.32865444681611 ], [ 16.104834674951935, 46.351413365040209 ] ] ] ] } },
{ "type": "Feature", "properties": { "BM": 1588, "data": { "Oznaka Gr/Op/Dr": "općina", "Grad/općina/država": "CESTICA", "Rbr BM": 10, "Naziv BM": "JARKI", "Lokacija BM": "PROSTORIJE MJESNOG ODBORA JARKI", "Adresa BM": "IGRALIŠTE MALONOGOMETNOG KLUBA", "Glasovalo birača": 131, "Glasovalo birača (po listićima)": 131, "Važeći listići": 119, "Nevažeći listići": 12 }, "latitude": 46.3706305, "longitude": 16.1241103, "population": 268 }, "geometry": { "type": "MultiPolygon", "coordinates": [ [ [ [ 16.116059610521702, 46.397079240488559 ], [ 16.129312893126773, 46.381143464024539 ], [ 16.123826539716735, 46.364133488087369 ], [ 16.119882910877241, 46.360757338920266 ], [ 16.115273140365591, 46.362510729248335 ], [ 16.116059610521702, 46.397079240488559 ] ] ] ] } },
{ "type": "Feature", "properties": { "BM": 2002, "data": { "Oznaka Gr/Op/Dr": "općina", "Grad/općina/država": "VINICA", "Rbr BM": 4, "Naziv BM": "GORUŠEVNJAK", "Lokacija BM": "PROSTORIJE DRUŠTVENOG DOMA", "Adresa BM": "GORUŠEVNJAK BB", "Glasovalo birača": 54, "Glasovalo birača (po listićima)": 54, "Važeći listići": 50, "Nevažeći listići": 4 }, "latitude": 46.3269443, "longitude": 16.1177078, "population": 91 }, "geometry": { "type": "MultiPolygon", "coordinates": [ [ [ [ 16.101734417864545, 46.32865444681611 ], [ 16.125547830836656, 46.339196654841452 ], [ 16.132741547183151, 46.339570435059471 ], [ 16.134485536190596, 46.333111398821899 ], [ 16.134690280518914, 46.331932651129165 ], [ 16.112278405052685, 46.307692024778582 ], [ 16.101724376592042, 46.32864147698178 ], [ 16.101734417864545, 46.32865444681611 ] ] ] ] } },
{ "type": "Feature", "properties": { "BM": 1590, "data": { "Oznaka Gr/Op/Dr": "općina", "Grad/općina/država": "CESTICA", "Rbr BM": 12, "Naziv BM": "NATKRIŽOVLJAN", "Lokacija BM": "PROSTORIJE MJESNOG ODBORA NATKRIŽOVLJAN", "Adresa BM": "NATKRIŽOVLJAN", "Glasovalo birača": 123, "Glasovalo birača (po listićima)": 123, "Važeći listići": 116, "Nevažeći listići": 7 }, "latitude": 46.3505705, "longitude": 16.1164802, "population": 221 }, "geometry": { "type": "MultiPolygon", "coordinates": [ [ [ [ 16.103041622739955, 46.356730427438571 ], [ 16.115273140365591, 46.362510729248335 ], [ 16.119882910877241, 46.360757338920266 ], [ 16.133039729925354, 46.346609337989484 ], [ 16.13409846847588, 46.342938922281562 ], [ 16.132741547183151, 46.339570435059471 ], [ 16.125547830836656, 46.339196654841452 ], [ 16.104834674951935, 46.351413365040209 ], [ 16.103041622739955, 46.356730427438571 ] ] ] ] } },
{ "type": "Feature", "properties": { "BM": 1279, "data": { "Oznaka Gr/Op/Dr": "grad", "Grad/općina/država": "IVANEC", "Rbr BM": 17, "Naziv BM": "HORVATSKO", "Lokacija BM": "PROSTORIJE \"ORION\"", "Adresa BM": "HORVATSKO 28", "Glasovalo birača": 98, "Glasovalo birača (po listićima)": 98, "Važeći listići": 90, "Nevažeći listići": 8 }, "latitude": 46.2519839, "longitude": 16.1181822, "population": 136 }, "geometry": { "type": "MultiPolygon", "coordinates": [ [ [ [ 16.099389702799069, 46.2550183837822 ], [ 16.124196043006055, 46.259337807045739 ], [ 16.125820649267219, 46.256130515307525 ], [ 16.119385980033488, 46.241658043251448 ], [ 16.099790399087709, 46.254394447986812 ], [ 16.099389702799069, 46.2550183837822 ] ] ] ] } },
{ "type": "Feature", "properties": { "BM": 1580, "data": { "Oznaka Gr/Op/Dr": "općina", "Grad/općina/država": "CESTICA", "Rbr BM": 2, "Naziv BM": "RADOVEC", "Lokacija BM": "PROSTORIJE STARE ŠKOLE RADOVEC", "Adresa BM": "TRG IVANA PAVLA II", "Glasovalo birača": 127, "Glasovalo birača (po listićima)": 127, "Važeći listići": 121, "Nevažeći listići": 6 }, "latitude": 46.363412490012202, "longitude": 16.130289653940299, "population": 252 }, "geometry": { "type": "MultiPolygon", "coordinates": [ [ [ [ 16.123826539716735, 46.364133488087369 ], [ 16.127264902944905, 46.365750820174483 ], [ 16.138421695273163, 46.366437022296722 ], [ 16.13393643647257, 46.349447132710104 ], [ 16.133039729925354, 46.346609337989484 ], [ 16.119882910877241, 46.360757338920266 ], [ 16.123826539716735, 46.364133488087369 ] ] ] ] } },
{ "type": "Feature", "properties": { "BM": 1267, "data": { "Oznaka Gr/Op/Dr": "grad", "Grad/općina/država": "IVANEC", "Rbr BM": 5, "Naziv BM": "IVANEC - 5", "Lokacija BM": "PROSTORIJE NOVE RADIONICE \"PAHINSKO\"", "Adresa BM": "IVANEC", "Glasovalo birača": 273, "Glasovalo birača (po listićima)": 273, "Važeći listići": 265, "Nevažeći listići": 8 }, "latitude": 46.2228422, "longitude": 16.1246793, "population": 390 }, "geometry": { "type": "MultiPolygon", "coordinates": [ [ [ [ 16.122303661652534, 46.235769453184055 ], [ 16.134376902807794, 46.234223995881422 ], [ 16.136510284677993, 46.229572944910771 ], [ 16.136538098700083, 46.228391898650692 ], [ 16.1208481833098, 46.220010670822468 ], [ 16.120029004228201, 46.233567838138178 ], [ 16.122303661652534, 46.235769453184055 ] ] ] ] } },
{ "type": "Feature", "properties": { "BM": 1813, "data": { "Oznaka Gr/Op/Dr": "općina", "Grad/općina/država": "MARUŠEVEC", "Rbr BM": 10, "Naziv BM": "NOVAKI", "Lokacija BM": "DRUŠTVENI DOM", "Adresa BM": "NOVAKI", "Glasovalo birača": 255, "Glasovalo birača (po listićima)": 255, "Važeći listići": 247, "Nevažeći listići": 8 }, "latitude": 46.2598355, "longitude": 16.1336828, "population": 410 }, "geometry": { "type": "MultiPolygon", "coordinates": [ [ [ [ 16.124196043006055, 46.259337807045739 ], [ 16.130228468482738, 46.283562995679084 ], [ 16.143676784874831, 46.267521104493845 ], [ 16.138402102062077, 46.2501017903666 ], [ 16.125820649267219, 46.256130515307525 ], [ 16.124196043006055, 46.259337807045739 ] ] ] ] } },
{ "type": "Feature", "properties": { "BM": 1265, "data": { "Oznaka Gr/Op/Dr": "grad", "Grad/općina/država": "IVANEC", "Rbr BM": 3, "Naziv BM": "IVANEC - 3", "Lokacija BM": "PROSTORIJE MUZEJA PLANINARSTVA IVANEC", "Adresa BM": "ULICA RUDOLFA RAJTERA 5", "Glasovalo birača": 371, "Glasovalo birača (po listićima)": 371, "Važeći listići": 353, "Nevažeći listići": 18 }, "latitude": 46.2216207, "longitude": 16.1253318, "population": 547 }, "geometry": { "type": "MultiPolygon", "coordinates": [ [ [ [ 16.1208481833098, 46.220010670822468 ], [ 16.136538098700083, 46.228391898650692 ], [ 16.136925518582313, 46.223334506188358 ], [ 16.124205683513285, 46.207651550886609 ], [ 16.119596562165853, 46.20540989079835 ], [ 16.1208481833098, 46.220010670822468 ] ] ] ] } },
{ "type": "Feature", "properties": { "BM": 1278, "data": { "Oznaka Gr/Op/Dr": "grad", "Grad/općina/država": "IVANEC", "Rbr BM": 16, "Naziv BM": "RIBIĆ BREG", "Lokacija BM": "KUĆA POK. VJEKOSLAVA PAHIĆA", "Adresa BM": "RIBIĆ BREG 3", "Glasovalo birača": 72, "Glasovalo birača (po listićima)": 72, "Važeći listići": 66, "Nevažeći listići": 6 }, "latitude": 46.2476815, "longitude": 16.1278589, "population": 115 }, "geometry": { "type": "MultiPolygon", "coordinates": [ [ [ [ 16.122303661652534, 46.235769453184055 ], [ 16.119385980033488, 46.241658043251448 ], [ 16.125820649267219, 46.256130515307525 ], [ 16.138402102062077, 46.2501017903666 ], [ 16.140716264046542, 46.244282043052955 ], [ 16.134376902807794, 46.234223995881422 ], [ 16.122303661652534, 46.235769453184055 ] ] ] ] } },
{ "type": "Feature", "properties": { "BM": 1581, "data": { "Oznaka Gr/Op/Dr": "općina", "Grad/općina/država": "CESTICA", "Rbr BM": 3, "Naziv BM": "CESTICA", "Lokacija BM": "PROSTORIJE KULTURNOG CENTRA OPĆINE CESTICA", "Adresa BM": "DRAVSKA 1 A", "Glasovalo birača": 379, "Glasovalo birača (po listićima)": 379, "Važeći listići": 363, "Nevažeći listići": 16 }, "latitude": 46.3695719, "longitude": 16.1273924, "population": 608 }, "geometry": { "type": "MultiPolygon", "coordinates": [ [ [ [ 16.123826539716735, 46.364133488087369 ], [ 16.129312893126773, 46.381143464024539 ], [ 16.132672945148805, 46.378139483022558 ], [ 16.127264902944905, 46.365750820174483 ], [ 16.123826539716735, 46.364133488087369 ] ] ] ] } },
{ "type": "Feature", "properties": { "BM": 1284, "data": { "Oznaka Gr/Op/Dr": "grad", "Grad/općina/država": "IVANEC", "Rbr BM": 22, "Naziv BM": "VITEŠINEC", "Lokacija BM": "BIVŠE IZLETIŠTE \"CRKVENJAK\"", "Adresa BM": "VITEŠINEC", "Glasovalo birača": 49, "Glasovalo birača (po listićima)": 49, "Važeći listići": 46, "Nevažeći listići": 3 }, "latitude": 46.2116367, "longitude": 16.1376416, "population": 75 }, "geometry": { "type": "MultiPolygon", "coordinates": [ [ [ [ 16.136925518582313, 46.223334506188358 ], [ 16.155138389794779, 46.206307725408635 ], [ 16.154410159333914, 46.203137921555765 ], [ 16.124205683513285, 46.207651550886609 ], [ 16.136925518582313, 46.223334506188358 ] ] ] ] } },
{ "type": "Feature", "properties": { "BM": 1281, "data": { "Oznaka Gr/Op/Dr": "grad", "Grad/općina/država": "IVANEC", "Rbr BM": 19, "Naziv BM": "PUNIKVE", "Lokacija BM": "DRUŠTVENI DOM", "Adresa BM": "PUNIKVE", "Glasovalo birača": 226, "Glasovalo birača (po listićima)": 226, "Važeći listići": 207, "Nevažeći listići": 19 }, "latitude": 46.2234066, "longitude": 16.148645, "population": 354 }, "geometry": { "type": "MultiPolygon", "coordinates": [ [ [ [ 16.136538098700083, 46.228391898650692 ], [ 16.136510284677993, 46.229572944910771 ], [ 16.166304810948834, 46.227674176229186 ], [ 16.168907878277384, 46.223268131229645 ], [ 16.155138389794779, 46.206307725408635 ], [ 16.136925518582313, 46.223334506188358 ], [ 16.136538098700083, 46.228391898650692 ] ] ] ] } },
{ "type": "Feature", "properties": { "BM": 1591, "data": { "Oznaka Gr/Op/Dr": "općina", "Grad/općina/država": "CESTICA", "Rbr BM": 13, "Naziv BM": "GORNJE VRATNO - 2", "Lokacija BM": "PROSTORIJE PRIVATNE KUĆE MLADENA IGNACA", "Adresa BM": "G.VRATNO, VARAŽDINSKA 408", "Glasovalo birača": 4, "Glasovalo birača (po listićima)": 4, "Važeći listići": 4, "Nevažeći listići": 0 }, "latitude": 46.3587814, "longitude": 16.1449456, "population": 63 }, "geometry": { "type": "MultiPolygon", "coordinates": [ [ [ [ 16.13393643647257, 46.349447132710104 ], [ 16.152700796509926, 46.366970183851421 ], [ 16.156850643266633, 46.36656180347051 ], [ 16.144189888540051, 46.346134258248398 ], [ 16.13409846847588, 46.342938922281562 ], [ 16.133039729925354, 46.346609337989484 ], [ 16.13393643647257, 46.349447132710104 ] ] ] ] } },
{ "type": "Feature", "properties": { "BM": 1582, "data": { "Oznaka Gr/Op/Dr": "općina", "Grad/općina/država": "CESTICA", "Rbr BM": 4, "Naziv BM": "OTOK VIRJE", "Lokacija BM": "PROSTORIJE DRUŠTVENOG DOMA", "Adresa BM": "SPORTSKA ULICA 2", "Glasovalo birača": 109, "Glasovalo birača (po listićima)": 109, "Važeći listići": 103, "Nevažeći listići": 6 }, "latitude": 46.3684422, "longitude": 16.1299803, "population": 170 }, "geometry": { "type": "MultiPolygon", "coordinates": [ [ [ [ 16.132672945148805, 46.378139483022558 ], [ 16.136994740709813, 46.375253583828311 ], [ 16.140009833947826, 46.369011406196776 ], [ 16.138421695273163, 46.366437022296722 ], [ 16.127264902944905, 46.365750820174483 ], [ 16.132672945148805, 46.378139483022558 ] ] ] ] } },
{ "type": "Feature", "properties": { "BM": 1579, "data": { "Oznaka Gr/Op/Dr": "općina", "Grad/općina/država": "CESTICA", "Rbr BM": 1, "Naziv BM": "GORNJE VRATNO", "Lokacija BM": "PROSTORIJE DRUŠTVENOG DOMA", "Adresa BM": "VARAŽDINSKA ULICA 136", "Glasovalo birača": 556, "Glasovalo birača (po listićima)": 556, "Važeći listići": 524, "Nevažeći listići": 32 }, "latitude": 46.3597927, "longitude": 16.1440012, "population": 875 }, "geometry": { "type": "MultiPolygon", "coordinates": [ [ [ [ 16.140009833947826, 46.369011406196776 ], [ 16.152700796509926, 46.366970183851421 ], [ 16.13393643647257, 46.349447132710104 ], [ 16.138421695273163, 46.366437022296722 ], [ 16.140009833947826, 46.369011406196776 ] ] ] ] } },
{ "type": "Feature", "properties": { "BM": 1999, "data": { "Oznaka Gr/Op/Dr": "općina", "Grad/općina/država": "VINICA", "Rbr BM": 1, "Naziv BM": "VINICA", "Lokacija BM": "PROSTORIJE VATROGASNOG DOMA", "Adresa BM": "OPEČKA 2", "Glasovalo birača": 532, "Glasovalo birača (po listićima)": 532, "Važeći listići": 519, "Nevažeći listići": 13 }, "latitude": 46.336227, "longitude": 16.1520872, "population": 841 }, "geometry": { "type": "MultiPolygon", "coordinates": [ [ [ [ 16.132741547183151, 46.339570435059471 ], [ 16.13409846847588, 46.342938922281562 ], [ 16.144189888540051, 46.346134258248398 ], [ 16.179635880116457, 46.339372072726668 ], [ 16.179407138043185, 46.336868973753958 ], [ 16.134485536190596, 46.333111398821899 ], [ 16.132741547183151, 46.339570435059471 ] ] ] ] } },
{ "type": "Feature", "properties": { "BM": 1815, "data": { "Oznaka Gr/Op/Dr": "općina", "Grad/općina/država": "MARUŠEVEC", "Rbr BM": 12, "Naziv BM": "DRUŠKOVEC - 2", "Lokacija BM": "PODRUČNA ŠKOLA", "Adresa BM": "DRUŠKOVEC", "Glasovalo birača": 105, "Glasovalo birača (po listićima)": 105, "Važeći listići": 98, "Nevažeći listići": 7 }, "latitude": 46.2555824, "longitude": 16.1477284, "population": 181 }, "geometry": { "type": "MultiPolygon", "coordinates": [ [ [ [ 16.138402102062077, 46.2501017903666 ], [ 16.143676784874831, 46.267521104493845 ], [ 16.163096275777022, 46.262522802820385 ], [ 16.163730850166104, 46.249575684134633 ], [ 16.161988933523435, 46.245871235545351 ], [ 16.140716264046542, 46.244282043052955 ], [ 16.138402102062077, 46.2501017903666 ] ] ] ] } },
{ "type": "Feature", "properties": { "BM": 1816, "data": { "Oznaka Gr/Op/Dr": "općina", "Grad/općina/država": "MARUŠEVEC", "Rbr BM": 13, "Naziv BM": "BRODAROVEC", "Lokacija BM": "KUĆA ŽELJKA IVANČEVIĆA", "Adresa BM": "BRODAROVEC 14", "Glasovalo birača": 90, "Glasovalo birača (po listićima)": 90, "Važeći listići": 86, "Nevažeći listići": 4 }, "latitude": 46.2760202, "longitude": 16.1529888, "population": 153 }, "geometry": { "type": "MultiPolygon", "coordinates": [ [ [ [ 16.128863813731435, 46.287837035580736 ], [ 16.138797618817353, 46.293485143924421 ], [ 16.1688814398197, 46.270505121463607 ], [ 16.163096275777022, 46.262522802820385 ], [ 16.143676784874831, 46.267521104493845 ], [ 16.130228468482738, 46.283562995679084 ], [ 16.128863813731435, 46.287837035580736 ] ] ] ] } },
{ "type": "Feature", "properties": { "BM": 1288, "data": { "Oznaka Gr/Op/Dr": "grad", "Grad/općina/država": "IVANEC", "Rbr BM": 26, "Naziv BM": "IVANEČKA ŽELJEZNICA", "Lokacija BM": "DRUŠTVENI DOM", "Adresa BM": "IVANEČKA ŽELJEZNICA", "Glasovalo birača": 173, "Glasovalo birača (po listićima)": 173, "Važeći listići": 154, "Nevažeći listići": 19 }, "latitude": 46.203466, "longitude": 16.1732066, "population": 290 }, "geometry": { "type": "MultiPolygon", "coordinates": [ [ [ [ 16.155138389794779, 46.206307725408635 ], [ 16.168907878277384, 46.223268131229645 ], [ 16.185642997549827, 46.220884613403406 ], [ 16.201085055012253, 46.204394797398784 ], [ 16.204281012156439, 46.187821597559498 ], [ 16.204229759675091, 46.187770612728279 ], [ 16.175298477994122, 46.177555977391108 ], [ 16.156819715729263, 46.177833307381967 ], [ 16.154410159333914, 46.203137921555765 ], [ 16.155138389794779, 46.206307725408635 ] ] ] ] } },
{ "type": "Feature", "properties": { "BM": 1852, "data": { "Oznaka Gr/Op/Dr": "općina", "Grad/općina/država": "PETRIJANEC", "Rbr BM": 8, "Naziv BM": "DONJE VRATNO - DIO", "Lokacija BM": "PRIVATNA KUĆA EDUARDA ORŠOŠA", "Adresa BM": "DONJE VRATNO DIO-DIO 57", "Glasovalo birača": 8, "Glasovalo birača (po listićima)": 8, "Važeći listići": 6, "Nevažeći listići": 2 }, "latitude": 46.3741825, "longitude": 16.1720107, "population": 154 }, "geometry": { "type": "MultiPolygon", "coordinates": [ [ [ [ 16.1625074, 46.3979847 ], [ 16.1627988, 46.3977577 ], [ 16.1640367, 46.3967844 ], [ 16.1645313, 46.3963925 ], [ 16.1646351, 46.3963092 ], [ 16.1647412, 46.3962283 ], [ 16.1655019, 46.3956288 ], [ 16.1655352, 46.3955935 ], [ 16.1665566, 46.3945432 ], [ 16.1674969, 46.393586 ], [ 16.1676353, 46.3934436 ], [ 16.1679203, 46.393331 ], [ 16.1701912, 46.3924312 ], [ 16.1708605, 46.3921661 ], [ 16.1715945, 46.3917893 ], [ 16.173962, 46.3905744 ], [ 16.1739072, 46.3895724 ], [ 16.1738893, 46.3892107 ], [ 16.1738757, 46.3890235 ], [ 16.1738571, 46.3886146 ], [ 16.1738387, 46.3882696 ], [ 16.1738242, 46.3880054 ], [ 16.1738049, 46.387668 ], [ 16.1755677, 46.3855102 ], [ 16.1773699, 46.3849983 ], [ 16.180298, 46.3849947 ], [ 16.1828597, 46.3856271 ], [ 16.1853339, 46.3866505 ], [ 16.1853942, 46.386676 ], [ 16.1854576, 46.3866995 ], [ 16.1855811, 46.3867465 ], [ 16.1856444, 46.38677 ], [ 16.185695, 46.3867839 ], [ 16.185823, 46.3868196 ], [ 16.1865222, 46.3870878 ], [ 16.1885844, 46.3871055 ], [ 16.1886352, 46.3871051 ], [ 16.1892842, 46.386724 ], [ 16.1894637, 46.3866176 ], [ 16.1900527, 46.3862693 ], [ 16.1900766, 46.3861482 ], [ 16.1902151, 46.3855849 ], [ 16.1904169, 46.3847767 ], [ 16.1904679, 46.3845455 ], [ 16.1902069, 46.3837457 ], [ 16.1901509, 46.3835791 ], [ 16.1900747, 46.3833381 ], [ 16.1894613, 46.3827511 ], [ 16.1894196, 46.382712 ], [ 16.1886454, 46.3819724 ], [ 16.1882556, 46.3812545 ], [ 16.1881448, 46.3810378 ], [ 16.1878652, 46.3805081 ], [ 16.1878636, 46.3803896 ], [ 16.1878662, 46.3803259 ], [ 16.1878803, 46.3794519 ], [ 16.1878817, 46.379318 ], [ 16.1885336, 46.3781765 ], [ 16.1890271, 46.3778133 ], [ 16.1910246, 46.378227 ], [ 16.193178, 46.3786681 ], [ 16.19547, 46.3792686 ], [ 16.1965939, 46.3795602 ], [ 16.1967372, 46.3796032 ], [ 16.1990506, 46.3798917 ], [ 16.2002583, 46.380051 ], [ 16.2011836, 46.3801989 ], [ 16.20284, 46.3804585 ], [ 16.2041213, 46.3809006 ], [ 16.2050679, 46.3812239 ], [ 16.2052113, 46.3812735 ], [ 16.2058735, 46.3815242 ], [ 16.2059409, 46.3815809 ], [ 16.2060786, 46.3816877 ], [ 16.2068929, 46.3823193 ], [ 16.2087585, 46.3837743 ], [ 16.208872, 46.3838618 ], [ 16.208921, 46.3839359 ], [ 16.2090112, 46.3840046 ], [ 16.2091253, 46.3840964 ], [ 16.2095337, 46.384411 ], [ 16.2097937, 46.3844858 ], [ 16.2107355, 46.3847488 ], [ 16.211133916177296, 46.384861827385066 ], [ 16.205526626587542, 46.373459841085527 ], [ 16.199022716642812, 46.360645410311065 ], [ 16.183254621368768, 46.348093371730698 ], [ 16.158598483534934, 46.367178117302096 ], [ 16.161066557966805, 46.393986015471391 ], [ 16.162384012241557, 46.398059201882866 ], [ 16.1625074, 46.3979847 ] ] ] ] } },
{ "type": "Feature", "properties": { "BM": 1584, "data": { "Oznaka Gr/Op/Dr": "općina", "Grad/općina/država": "CESTICA", "Rbr BM": 6, "Naziv BM": "RADOVEC POLJE", "Lokacija BM": "PROSTORIJE DRUŠTVENOG DOMA", "Adresa BM": "RADOVEC POLJE", "Glasovalo birača": 79, "Glasovalo birača (po listićima)": 79, "Važeći listići": 73, "Nevažeći listići": 6 }, "latitude": 46.3765136, "longitude": 16.1466906, "population": 118 }, "geometry": { "type": "MultiPolygon", "coordinates": [ [ [ [ 16.140009833947826, 46.369011406196776 ], [ 16.136994740709813, 46.375253583828311 ], [ 16.161066557966805, 46.393986015471391 ], [ 16.158598483534934, 46.367178117302096 ], [ 16.156850643266633, 46.36656180347051 ], [ 16.152700796509926, 46.366970183851421 ], [ 16.140009833947826, 46.369011406196776 ] ] ] ] } },
{ "type": "Feature", "properties": { "BM": 1282, "data": { "Oznaka Gr/Op/Dr": "grad", "Grad/općina/država": "IVANEC", "Rbr BM": 20, "Naziv BM": "IVANEČKO NASELJE", "Lokacija BM": "BIVŠA TISKARA \"PIMS\"", "Adresa BM": "IVANEČKO NASELJE 7", "Glasovalo birača": 148, "Glasovalo birača (po listićima)": 148, "Važeći listići": 144, "Nevažeći listići": 4 }, "latitude": 46.234149, "longitude": 16.1493296, "population": 217 }, "geometry": { "type": "MultiPolygon", "coordinates": [ [ [ [ 16.134376902807794, 46.234223995881422 ], [ 16.140716264046542, 46.244282043052955 ], [ 16.161988933523435, 46.245871235545351 ], [ 16.166304810948834, 46.227674176229186 ], [ 16.136510284677993, 46.229572944910771 ], [ 16.134376902807794, 46.234223995881422 ] ] ] ] } },
{ "type": "Feature", "properties": { "BM": 2001, "data": { "Oznaka Gr/Op/Dr": "općina", "Grad/općina/država": "VINICA", "Rbr BM": 3, "Naziv BM": "MARČAN", "Lokacija BM": "PROSTORIJE DRUŠTVENOG DOMA", "Adresa BM": "VINIČKA 5", "Glasovalo birača": 325, "Glasovalo birača (po listićima)": 325, "Važeći listići": 311, "Nevažeći listići": 14 }, "latitude": 46.3329633, "longitude": 16.1523602, "population": 461 }, "geometry": { "type": "MultiPolygon", "coordinates": [ [ [ [ 16.134485536190596, 46.333111398821899 ], [ 16.179407138043185, 46.336868973753958 ], [ 16.179259462591762, 46.332132971407859 ], [ 16.146194212076235, 46.318571879767703 ], [ 16.134690280518914, 46.331932651129165 ], [ 16.134485536190596, 46.333111398821899 ] ] ] ] } },
{ "type": "Feature", "properties": { "BM": 1289, "data": { "Oznaka Gr/Op/Dr": "grad", "Grad/općina/država": "IVANEC", "Rbr BM": 27, "Naziv BM": "STAŽNJEVEC", "Lokacija BM": "STARA ŠKOLA", "Adresa BM": "STAŽNJEVEC", "Glasovalo birača": 183, "Glasovalo birača (po listićima)": 183, "Važeći listići": 174, "Nevažeći listići": 9 }, "latitude": 46.2410827, "longitude": 16.1785642, "population": 286 }, "geometry": { "type": "MultiPolygon", "coordinates": [ [ [ [ 16.161988933523435, 46.245871235545351 ], [ 16.163730850166104, 46.249575684134633 ], [ 16.192947205338729, 46.248655601609144 ], [ 16.194327568168013, 46.245464331810254 ], [ 16.185642997549827, 46.220884613403406 ], [ 16.168907878277384, 46.223268131229645 ], [ 16.166304810948834, 46.227674176229186 ], [ 16.161988933523435, 46.245871235545351 ] ] ] ] } },
{ "type": "Feature", "properties": { "BM": 1806, "data": { "Oznaka Gr/Op/Dr": "općina", "Grad/općina/država": "MARUŠEVEC", "Rbr BM": 3, "Naziv BM": "CERJE NEBOJSE", "Lokacija BM": "DRUŠTVENI DOM", "Adresa BM": "CERJE NEBOJSE", "Glasovalo birača": 235, "Glasovalo birača (po listićima)": 235, "Važeći listići": 225, "Nevažeći listići": 10 }, "latitude": 46.2571185, "longitude": 16.1790692, "population": 343 }, "geometry": { "type": "MultiPolygon", "coordinates": [ [ [ [ 16.163096275777022, 46.262522802820385 ], [ 16.1688814398197, 46.270505121463607 ], [ 16.171633891119573, 46.272492460141152 ], [ 16.189406359992297, 46.268088289967864 ], [ 16.194351754692697, 46.261625243692414 ], [ 16.192947205338729, 46.248655601609144 ], [ 16.163730850166104, 46.249575684134633 ], [ 16.163096275777022, 46.262522802820385 ] ] ] ] } },
{ "type": "Feature", "properties": { "BM": 1850, "data": { "Oznaka Gr/Op/Dr": "općina", "Grad/općina/država": "PETRIJANEC", "Rbr BM": 6, "Naziv BM": "ZELENDVOR", "Lokacija BM": "PROSTORIJA TVRTKE ZELENDVOR D.D.", "Adresa BM": "GROFOVA BOMBELLES BB", "Glasovalo birača": 81, "Glasovalo birača (po listićima)": 81, "Važeći listići": 77, "Nevažeći listići": 4 }, "latitude": 46.3312858, "longitude": 16.2061582, "population": 103 }, "geometry": { "type": "MultiPolygon", "coordinates": [ [ [ [ 16.179635880116457, 46.339372072726668 ], [ 16.183254621368768, 46.348093371730698 ], [ 16.199022716642812, 46.360645410311065 ], [ 16.221144779732448, 46.332562635165601 ], [ 16.208351490909759, 46.305613762396369 ], [ 16.207897731055688, 46.30547375486681 ], [ 16.195918604689446, 46.306888518751052 ], [ 16.194212655255761, 46.307616553427451 ], [ 16.182202864607838, 46.324949834282009 ], [ 16.179259462591762, 46.332132971407859 ], [ 16.179407138043185, 46.336868973753958 ], [ 16.179635880116457, 46.339372072726668 ] ] ] ] } },
{ "type": "Feature", "properties": { "BM": 2004, "data": { "Oznaka Gr/Op/Dr": "općina", "Grad/općina/država": "VINICA", "Rbr BM": 6, "Naziv BM": "DONJE VRATNO", "Lokacija BM": "PROSTORIJE VATROGASNOG DOMA", "Adresa BM": "LJUDEVITA GAJA BB", "Glasovalo birača": 167, "Glasovalo birača (po listićima)": 167, "Važeći listići": 157, "Nevažeći listići": 10 }, "latitude": 46.3524383, "longitude": 16.1551799, "population": 215 }, "geometry": { "type": "MultiPolygon", "coordinates": [ [ [ [ 16.156850643266633, 46.36656180347051 ], [ 16.158598483534934, 46.367178117302096 ], [ 16.183254621368768, 46.348093371730698 ], [ 16.179635880116457, 46.339372072726668 ], [ 16.144189888540051, 46.346134258248398 ], [ 16.156850643266633, 46.36656180347051 ] ] ] ] } },
{ "type": "Feature", "properties": { "BM": 2000, "data": { "Oznaka Gr/Op/Dr": "općina", "Grad/općina/država": "VINICA", "Rbr BM": 2, "Naziv BM": "GORNJE LADANJE", "Lokacija BM": "PROSTORIJE PODRUČNE ŠKOLE", "Adresa BM": "ŠKOLSKA BB", "Glasovalo birača": 469, "Glasovalo birača (po listićima)": 469, "Važeći listići": 463, "Nevažeći listići": 6 }, "latitude": 46.312654314068098, "longitude": 16.160689549242701, "population": 727 }, "geometry": { "type": "MultiPolygon", "coordinates": [ [ [ [ 16.146194212076235, 46.318571879767703 ], [ 16.179259462591762, 46.332132971407859 ], [ 16.182202864607838, 46.324949834282009 ], [ 16.15337986973044, 46.298829152793729 ], [ 16.144916378359827, 46.299221160879284 ], [ 16.146194212076235, 46.318571879767703 ] ] ] ] } },
{ "type": "Feature", "properties": { "BM": 1817, "data": { "Oznaka Gr/Op/Dr": "općina", "Grad/općina/država": "MARUŠEVEC", "Rbr BM": 14, "Naziv BM": "KORENJAK", "Lokacija BM": "KUĆA SUZANE PIŽETA", "Adresa BM": "KORENJAK 34", "Glasovalo birača": 39, "Glasovalo birača (po listićima)": 39, "Važeći listići": 36, "Nevažeći listići": 3 }, "latitude": 46.2843875, "longitude": 16.1593803, "population": 59 }, "geometry": { "type": "MultiPolygon", "coordinates": [ [ [ [ 16.144916378359827, 46.299221160879284 ], [ 16.15337986973044, 46.298829152793729 ], [ 16.172875306912399, 46.290713507011027 ], [ 16.171633891119573, 46.272492460141152 ], [ 16.1688814398197, 46.270505121463607 ], [ 16.138797618817353, 46.293485143924421 ], [ 16.144916378359827, 46.299221160879284 ] ] ] ] } },
{ "type": "Feature", "properties": { "BM": 1804, "data": { "Oznaka Gr/Op/Dr": "općina", "Grad/općina/država": "MARUŠEVEC", "Rbr BM": 1, "Naziv BM": "DONJE LADANJE", "Lokacija BM": "DRUŠTVENI DOM", "Adresa BM": "DONJE LADANJE", "Glasovalo birača": 553, "Glasovalo birača (po listićima)": 553, "Važeći listići": 532, "Nevažeći listići": 21 }, "latitude": 46.3047469, "longitude": 16.1678556, "population": 850 }, "geometry": { "type": "MultiPolygon", "coordinates": [ [ [ [ 16.15337986973044, 46.298829152793729 ], [ 16.182202864607838, 46.324949834282009 ], [ 16.194212655255761, 46.307616553427451 ], [ 16.172875306912399, 46.290713507011027 ], [ 16.15337986973044, 46.298829152793729 ] ] ] ] } },
{ "type": "Feature", "properties": { "BM": 1846, "data": { "Oznaka Gr/Op/Dr": "općina", "Grad/općina/država": "PETRIJANEC", "Rbr BM": 2, "Naziv BM": "PETRIJANEC", "Lokacija BM": "PROSTORIJE MATIČNOG UREDA", "Adresa BM": "VLADIMIRA NAZORA 106", "Glasovalo birača": 442, "Glasovalo birača (po listićima)": 442, "Važeći listići": 428, "Nevažeći listići": 14 }, "latitude": 46.3468336, "longitude": 16.2258953, "population": 643 }, "geometry": { "type": "MultiPolygon", "coordinates": [ [ [ [ 16.205526626587542, 46.373459841085527 ], [ 16.230519400650103, 46.341629105289201 ], [ 16.233025148805627, 46.335172325163271 ], [ 16.23271556403428, 46.334181492376857 ], [ 16.221144779732448, 46.332562635165601 ], [ 16.199022716642812, 46.360645410311065 ], [ 16.205526626587542, 46.373459841085527 ] ] ] ] } },
{ "type": "Feature", "properties": { "BM": 1805, "data": { "Oznaka Gr/Op/Dr": "općina", "Grad/općina/država": "MARUŠEVEC", "Rbr BM": 2, "Naziv BM": "ČALINEC", "Lokacija BM": "DOM KULTURE", "Adresa BM": "ČALINEC", "Glasovalo birača": 170, "Glasovalo birača (po listićima)": 170, "Važeći listići": 164, "Nevažeći listići": 6 }, "latitude": 46.2826156, "longitude": 16.1853876, "population": 306 }, "geometry": { "type": "MultiPolygon", "coordinates": [ [ [ [ 16.172875306912399, 46.290713507011027 ], [ 16.194212655255761, 46.307616553427451 ], [ 16.195918604689446, 46.306888518751052 ], [ 16.191791714037656, 46.27365475924298 ], [ 16.189406359992297, 46.268088289967864 ], [ 16.171633891119573, 46.272492460141152 ], [ 16.172875306912399, 46.290713507011027 ] ] ] ] } },
{ "type": "Feature", "properties": { "BM": 1818, "data": { "Oznaka Gr/Op/Dr": "općina", "Grad/općina/država": "MARUŠEVEC", "Rbr BM": 15, "Naziv BM": "SELNIK", "Lokacija BM": "KUĆA ANDRIJE KORPARA", "Adresa BM": "SELNIK 127", "Glasovalo birača": 173, "Glasovalo birača (po listićima)": 173, "Važeći listići": 166, "Nevažeći listići": 7 }, "latitude": 46.2751981, "longitude": 16.2026971, "population": 295 }, "geometry": { "type": "MultiPolygon", "coordinates": [ [ [ [ 16.191791714037656, 46.27365475924298 ], [ 16.208081755148719, 46.280966444481614 ], [ 16.206591758554193, 46.264861757694256 ], [ 16.194351754692697, 46.261625243692414 ], [ 16.189406359992297, 46.268088289967864 ], [ 16.191791714037656, 46.27365475924298 ] ] ] ] } },
{ "type": "Feature", "properties": { "BM": 1285, "data": { "Oznaka Gr/Op/Dr": "grad", "Grad/općina/država": "IVANEC", "Rbr BM": 23, "Naziv BM": "GAČICE", "Lokacija BM": "OSNOVNA ŠKOLA", "Adresa BM": "GAČICE", "Glasovalo birača": 179, "Glasovalo birača (po listićima)": 179, "Važeći listići": 174, "Nevažeći listići": 5 }, "latitude": 46.2321524, "longitude": 16.2038394, "population": 268 }, "geometry": { "type": "MultiPolygon", "coordinates": [ [ [ [ 16.194327568168013, 46.245464331810254 ], [ 16.202702198885454, 46.243744833479369 ], [ 16.216414948268579, 46.231224921764095 ], [ 16.215439717862232, 46.222852365329572 ], [ 16.201085055012253, 46.204394797398784 ], [ 16.185642997549827, 46.220884613403406 ], [ 16.194327568168013, 46.245464331810254 ] ] ] ] } },
{ "type": "Feature", "properties": { "BM": 1286, "data": { "Oznaka Gr/Op/Dr": "grad", "Grad/općina/država": "IVANEC", "Rbr BM": 24, "Naziv BM": "CERJE TUŽNO", "Lokacija BM": "DRUŠTVENI DOM", "Adresa BM": "CERJE TUŽNO", "Glasovalo birača": 89, "Glasovalo birača (po listićima)": 89, "Važeći listići": 88, "Nevažeći listići": 1 }, "latitude": 46.2539513, "longitude": 16.2083152, "population": 144 }, "geometry": { "type": "MultiPolygon", "coordinates": [ [ [ [ 16.192947205338729, 46.248655601609144 ], [ 16.194351754692697, 46.261625243692414 ], [ 16.206591758554193, 46.264861757694256 ], [ 16.229884725436179, 46.260283100588119 ], [ 16.230221420107256, 46.259888958165071 ], [ 16.202702198885454, 46.243744833479369 ], [ 16.194327568168013, 46.245464331810254 ], [ 16.192947205338729, 46.248655601609144 ] ] ] ] } },
{ "type": "Feature", "properties": { "BM": 1812, "data": { "Oznaka Gr/Op/Dr": "općina", "Grad/općina/država": "MARUŠEVEC", "Rbr BM": 9, "Naziv BM": "BIKOVEC", "Lokacija BM": "DRUŠTVENI DOM", "Adresa BM": "BIKOVEC", "Glasovalo birača": 103, "Glasovalo birača (po listićima)": 103, "Važeći listići": 95, "Nevažeći listići": 8 }, "latitude": 46.2807771, "longitude": 16.200193, "population": 171 }, "geometry": { "type": "MultiPolygon", "coordinates": [ [ [ [ 16.207897731055688, 46.30547375486681 ], [ 16.210247903804667, 46.285026072934258 ], [ 16.208081755148719, 46.280966444481614 ], [ 16.191791714037656, 46.27365475924298 ], [ 16.195918604689446, 46.306888518751052 ], [ 16.207897731055688, 46.30547375486681 ] ] ] ] } },
{ "type": "Feature", "properties": { "BM": 1847, "data": { "Oznaka Gr/Op/Dr": "općina", "Grad/općina/država": "PETRIJANEC", "Rbr BM": 3, "Naziv BM": "NOVA VES PETRIJANEČKA", "Lokacija BM": "PROSTORIJE DRUŠTVENOG DOMA", "Adresa BM": "LJUDEVITA GAJA 1", "Glasovalo birača": 468, "Glasovalo birača (po listićima)": 468, "Važeći listići": 444, "Nevažeći listići": 24 }, "latitude": 46.3201434, "longitude": 16.2296295, "population": 689 }, "geometry": { "type": "MultiPolygon", "coordinates": [ [ [ [ 16.221144779732448, 46.332562635165601 ], [ 16.23271556403428, 46.334181492376857 ], [ 16.250440271271934, 46.3204752315864 ], [ 16.253940232147706, 46.311225998749812 ], [ 16.24455473676333, 46.3041011034734 ], [ 16.240847627349023, 46.301939419285674 ], [ 16.232762357260473, 46.299919502297108 ], [ 16.208351490909759, 46.305613762396369 ], [ 16.221144779732448, 46.332562635165601 ] ] ] ] } },
{ "type": "Feature", "properties": { "BM": 1810, "data": { "Oznaka Gr/Op/Dr": "općina", "Grad/općina/država": "MARUŠEVEC", "Rbr BM": 7, "Naziv BM": "GREDA", "Lokacija BM": "DRUŠTVENI DOM", "Adresa BM": "GREDA", "Glasovalo birača": 259, "Glasovalo birača (po listićima)": 259, "Važeći listići": 247, "Nevažeći listići": 12 }, "latitude": 46.2743081, "longitude": 16.2123167, "population": 423 }, "geometry": { "type": "MultiPolygon", "coordinates": [ [ [ [ 16.210247903804667, 46.285026072934258 ], [ 16.228242272324753, 46.267383225144407 ], [ 16.229884725436179, 46.260283100588119 ], [ 16.206591758554193, 46.264861757694256 ], [ 16.208081755148719, 46.280966444481614 ], [ 16.210247903804667, 46.285026072934258 ] ] ] ] } },
{ "type": "Feature", "properties": { "BM": 1290, "data": { "Oznaka Gr/Op/Dr": "grad", "Grad/općina/država": "IVANEC", "Rbr BM": 28, "Naziv BM": "LUKAVEC", "Lokacija BM": "DRUŠTVENI DOM", "Adresa BM": "LUKAVEC", "Glasovalo birača": 73, "Glasovalo birača (po listićima)": 73, "Važeći listići": 73, "Nevažeći listići": 0 }, "latitude": 46.2436644, "longitude": 16.21435, "population": 106 }, "geometry": { "type": "MultiPolygon", "coordinates": [ [ [ [ 16.230221420107256, 46.259888958165071 ], [ 16.238795561823054, 46.254048378373724 ], [ 16.238589513124719, 46.253537508961649 ], [ 16.216414948268579, 46.231224921764095 ], [ 16.202702198885454, 46.243744833479369 ], [ 16.230221420107256, 46.259888958165071 ] ] ] ] } },
{ "type": "Feature", "properties": { "BM": 1291, "data": { "Oznaka Gr/Op/Dr": "grad", "Grad/općina/država": "IVANEC", "Rbr BM": 29, "Naziv BM": "MARGEČAN", "Lokacija BM": "OSNOVNA ŠKOLA - BIRALIŠTE I", "Adresa BM": "MARGEČAN", "Glasovalo birača": 208, "Glasovalo birača (po listićima)": 208, "Važeći listići": 200, "Nevažeći listići": 8 }, "latitude": 46.2138992, "longitude": 16.2273098, "population": 320 }, "geometry": { "type": "MultiPolygon", "coordinates": [ [ [ [ 16.201085055012253, 46.204394797398784 ], [ 16.215439717862232, 46.222852365329572 ], [ 16.239196289014291, 46.220440464651645 ], [ 16.249308761655548, 46.206352892410074 ], [ 16.249949955735531, 46.195365683983226 ], [ 16.221425044435897, 46.185560838479191 ], [ 16.204281012156439, 46.187821597559498 ], [ 16.201085055012253, 46.204394797398784 ] ] ] ] } },
{ "type": "Feature", "properties": { "BM": 1995, "data": { "Oznaka Gr/Op/Dr": "općina", "Grad/općina/država": "VIDOVEC", "Rbr BM": 3, "Naziv BM": "DOMITROVEC", "Lokacija BM": "PROSTORIJE ETNO KUĆE U DOMITROVCU", "Adresa BM": "GLAVNA ULICA 32", "Glasovalo birača": 240, "Glasovalo birača (po listićima)": 240, "Važeći listići": 225, "Nevažeći listići": 15 }, "latitude": 46.2805984, "longitude": 16.2395089, "population": 412 }, "geometry": { "type": "MultiPolygon", "coordinates": [ [ [ [ 16.228242272324753, 46.267383225144407 ], [ 16.232762357260473, 46.299919502297108 ], [ 16.240847627349023, 46.301939419285674 ], [ 16.250147792030358, 46.260437941735091 ], [ 16.246023364510989, 46.255421587881337 ], [ 16.238795561823054, 46.254048378373724 ], [ 16.230221420107256, 46.259888958165071 ], [ 16.229884725436179, 46.260283100588119 ], [ 16.228242272324753, 46.267383225144407 ] ] ] ] } },
{ "type": "Feature", "properties": { "BM": 1811, "data": { "Oznaka Gr/Op/Dr": "općina", "Grad/općina/država": "MARUŠEVEC", "Rbr BM": 8, "Naziv BM": "JURKETINEC", "Lokacija BM": "DRUŠTVENI DOM", "Adresa BM": "JURKETINEC", "Glasovalo birača": 239, "Glasovalo birača (po listićima)": 239, "Važeći listići": 230, "Nevažeći listići": 9 }, "latitude": 46.2831691, "longitude": 16.2210046, "population": 334 }, "geometry": { "type": "MultiPolygon", "coordinates": [ [ [ [ 16.207897731055688, 46.30547375486681 ], [ 16.208351490909759, 46.305613762396369 ], [ 16.232762357260473, 46.299919502297108 ], [ 16.228242272324753, 46.267383225144407 ], [ 16.210247903804667, 46.285026072934258 ], [ 16.207897731055688, 46.30547375486681 ] ] ] ] } },
{ "type": "Feature", "properties": { "BM": 1292, "data": { "Oznaka Gr/Op/Dr": "grad", "Grad/općina/država": "IVANEC", "Rbr BM": 30, "Naziv BM": "OSEČKA", "Lokacija BM": "DRUŠTVENI DOM", "Adresa BM": "OSEČKA", "Glasovalo birača": 105, "Glasovalo birača (po listićima)": 105, "Važeći listići": 99, "Nevažeći listići": 6 }, "latitude": 46.2292372, "longitude": 16.228867, "population": 168 }, "geometry": { "type": "MultiPolygon", "coordinates": [ [ [ [ 16.216414948268579, 46.231224921764095 ], [ 16.238589513124719, 46.253537508961649 ], [ 16.239196289014291, 46.220440464651645 ], [ 16.215439717862232, 46.222852365329572 ], [ 16.216414948268579, 46.231224921764095 ] ] ] ] } },
{ "type": "Feature", "properties": { "BM": 1845, "data": { "Oznaka Gr/Op/Dr": "općina", "Grad/općina/država": "PETRIJANEC", "Rbr BM": 1, "Naziv BM": "PETRIJANEC", "Lokacija BM": "PROSTORIJE DRUŠTVENOG DOMA", "Adresa BM": "TRG SV. PETRA 8", "Glasovalo birača": 333, "Glasovalo birača (po listićima)": 333, "Važeći listići": 322, "Nevažeći listići": 11 }, "latitude": 46.3473559, "longitude": 16.2265605, "population": 466 }, "geometry": { "type": "MultiPolygon", "coordinates": [ [ [ [ 16.2112935, 46.3849071 ], [ 16.2117343, 46.3850289 ], [ 16.2121012, 46.3850682 ], [ 16.2125728, 46.385122 ], [ 16.2126803, 46.3851345 ], [ 16.2128005, 46.3851468 ], [ 16.2128796, 46.3851573 ], [ 16.2130061, 46.3851696 ], [ 16.2133098, 46.3852026 ], [ 16.2135819, 46.3852315 ], [ 16.2140095, 46.3852729 ], [ 16.2143777, 46.385311 ], [ 16.2144982, 46.3853193 ], [ 16.2152737, 46.3852053 ], [ 16.2153915, 46.3851922 ], [ 16.2155915, 46.3850138 ], [ 16.2156258, 46.3849831 ], [ 16.2159288, 46.3847165 ], [ 16.2163422, 46.3843488 ], [ 16.2164925, 46.3842132 ], [ 16.2168229, 46.3839188 ], [ 16.2169732, 46.383791 ], [ 16.2170274, 46.3836213 ], [ 16.2172981, 46.3826974 ], [ 16.2179378, 46.3802267 ], [ 16.218267006033791, 46.379956421846259 ], [ 16.230519400650103, 46.341629105289201 ], [ 16.205526626587542, 46.373459841085527 ], [ 16.211133916177296, 46.384861827385066 ], [ 16.2112935, 46.3849071 ] ] ] ] } },
{ "type": "Feature", "properties": { "BM": 1849, "data": { "Oznaka Gr/Op/Dr": "općina", "Grad/općina/država": "PETRIJANEC", "Rbr BM": 5, "Naziv BM": "DRUŽBINEC", "Lokacija BM": "PROSTORIJE DRUŠTVENOG DOMA", "Adresa BM": "DRAVSKA 8", "Glasovalo birača": 270, "Glasovalo birača (po listićima)": 270, "Važeći listići": 251, "Nevažeći listići": 19 }, "latitude": 46.3485904, "longitude": 16.2304222, "population": 397 }, "geometry": { "type": "MultiPolygon", "coordinates": [ [ [ [ 16.2183378, 46.3798983 ], [ 16.2193094, 46.3791114 ], [ 16.2198438, 46.3786816 ], [ 16.2213483, 46.3794527 ], [ 16.2221785, 46.3798826 ], [ 16.2228689, 46.380475 ], [ 16.2236261, 46.3811174 ], [ 16.2241248, 46.3815449 ], [ 16.2241681, 46.3817218 ], [ 16.2244186, 46.3827194 ], [ 16.2243764, 46.3830981 ], [ 16.2243482, 46.3833563 ], [ 16.2243058, 46.3837152 ], [ 16.2242608, 46.38412 ], [ 16.2242583, 46.3841681 ], [ 16.2242373, 46.3842557 ], [ 16.2242381, 46.384306 ], [ 16.2242294, 46.3843651 ], [ 16.2242096, 46.3845379 ], [ 16.2241814, 46.3847808 ], [ 16.2242296, 46.3848527 ], [ 16.2244878, 46.385249 ], [ 16.2250008, 46.386046 ], [ 16.2251139, 46.386218 ], [ 16.225201, 46.3863529 ], [ 16.2253463, 46.3865839 ], [ 16.2254105, 46.3866665 ], [ 16.2254963, 46.3866988 ], [ 16.2255376, 46.386716 ], [ 16.2258966, 46.3868601 ], [ 16.2261222, 46.3869528 ], [ 16.2262651, 46.3870086 ], [ 16.2265447, 46.3871183 ], [ 16.2276438, 46.3875616 ], [ 16.2276882, 46.3875788 ], [ 16.227793, 46.3876197 ], [ 16.2279392, 46.3876778 ], [ 16.2280028, 46.3877014 ], [ 16.2286696, 46.3877167 ], [ 16.2288403, 46.38772 ], [ 16.2294661, 46.3877377 ], [ 16.2295008, 46.3877374 ], [ 16.2300829, 46.3877577 ], [ 16.2303074, 46.387706 ], [ 16.2317828, 46.3873575 ], [ 16.231919321275871, 46.387294401931321 ], [ 16.233840465443237, 46.336732992670989 ], [ 16.233025148805627, 46.335172325163271 ], [ 16.230519400650103, 46.341629105289201 ], [ 16.218267006033791, 46.379956421846259 ], [ 16.2183378, 46.3798983 ] ] ] ] } },
{ "type": "Feature", "properties": { "BM": 1848, "data": { "Oznaka Gr/Op/Dr": "općina", "Grad/općina/država": "PETRIJANEC", "Rbr BM": 4, "Naziv BM": "MAJERJE", "Lokacija BM": "PROSTORIJE DRUŠTVENOG DOMA", "Adresa BM": "STJEPANA RADIĆA 113", "Glasovalo birača": 390, "Glasovalo birača (po listićima)": 390, "Važeći listići": 369, "Nevažeći listići": 21 }, "latitude": 46.3407001, "longitude": 16.2455257, "population": 566 }, "geometry": { "type": "MultiPolygon", "coordinates": [ [ [ [ 16.233025148805627, 46.335172325163271 ], [ 16.233840465443237, 46.336732992670989 ], [ 16.257168706589987, 46.363111396676558 ], [ 16.260763455055372, 46.352434784971472 ], [ 16.250440271271934, 46.3204752315864 ], [ 16.23271556403428, 46.334181492376857 ], [ 16.233025148805627, 46.335172325163271 ] ] ] ] } },
{ "type": "Feature", "properties": { "BM": 1393, "data": { "Oznaka Gr/Op/Dr": "grad", "Grad/općina/država": "NOVI MAROF", "Rbr BM": 30, "Naziv BM": "GORNJE PODRUTE", "Lokacija BM": "DRUŠTVENI DOM GORNJE PODRUTE", "Adresa BM": "PODRUTE 154 B", "Glasovalo birača": 60, "Glasovalo birača (po listićima)": 60, "Važeći listići": 58, "Nevažeći listići": 2 }, "latitude": 46.1668293, "longitude": 16.2434891, "population": 116 }, "geometry": { "type": "MultiPolygon", "coordinates": [ [ [ [ 16.221425044435897, 46.185560838479191 ], [ 16.249949955735531, 46.195365683983226 ], [ 16.26711957054426, 46.186087305539168 ], [ 16.254947433108327, 46.161113908713354 ], [ 16.249510437487995, 46.155624061045096 ], [ 16.230464139276918, 46.164459359903212 ], [ 16.221425044435897, 46.185560838479191 ] ] ] ] } },
{ "type": "Feature", "properties": { "BM": 1851, "data": { "Oznaka Gr/Op/Dr": "općina", "Grad/općina/država": "PETRIJANEC", "Rbr BM": 7, "Naziv BM": "STRMEC PODRAVSKI", "Lokacija BM": "PROSTORIJE DRUŠTVENOG DOMA", "Adresa BM": "BRAĆE RADIĆA 92", "Glasovalo birača": 341, "Glasovalo birača (po listićima)": 341, "Važeći listići": 330, "Nevažeći listići": 11 }, "latitude": 46.3488156, "longitude": 16.2363491, "population": 513 }, "geometry": { "type": "MultiPolygon", "coordinates": [ [ [ [ 16.2321041, 46.387209 ], [ 16.2326774, 46.3869516 ], [ 16.2328096, 46.3868917 ], [ 16.2328757, 46.3868606 ], [ 16.233238, 46.3866986 ], [ 16.2339125, 46.3863941 ], [ 16.2339847, 46.3863613 ], [ 16.2340287, 46.3863436 ], [ 16.2344729, 46.3861505 ], [ 16.2346242, 46.3860882 ], [ 16.2348864, 46.385787 ], [ 16.2351641, 46.3854704 ], [ 16.2352671, 46.385356 ], [ 16.2353231, 46.3852878 ], [ 16.2356539, 46.3849097 ], [ 16.2359568, 46.3845688 ], [ 16.2361969, 46.3842917 ], [ 16.2363718, 46.3840982 ], [ 16.2363802, 46.3840151 ], [ 16.2364053, 46.3837722 ], [ 16.2367043, 46.3812954 ], [ 16.2368095, 46.3804289 ], [ 16.2370602, 46.3802108 ], [ 16.2386639, 46.3788536 ], [ 16.2387892, 46.3787523 ], [ 16.2390693, 46.3788357 ], [ 16.2435541, 46.3802127 ], [ 16.245958, 46.3801558 ], [ 16.2479988, 46.380109 ], [ 16.2479176, 46.3792485 ], [ 16.2500787, 46.3788384 ], [ 16.2511147, 46.3786469 ], [ 16.2526154, 46.378387 ], [ 16.2544827, 46.3780738 ], [ 16.2549608, 46.3779889 ], [ 16.255993451552559, 46.377808061430628 ], [ 16.257168706589987, 46.363111396676558 ], [ 16.233840465443237, 46.336732992670989 ], [ 16.231919321275871, 46.387294401931321 ], [ 16.2321041, 46.387209 ] ] ] ] } },
{ "type": "Feature", "properties": { "BM": 1993, "data": { "Oznaka Gr/Op/Dr": "općina", "Grad/općina/država": "VIDOVEC", "Rbr BM": 1, "Naziv BM": "VIDOVEC", "Lokacija BM": "PROSTORIJE OSNOVNE ŠKOLE U VIDOVCU, SPORTSKA DVORANA", "Adresa BM": "ŠKOLSKA ULICA 4", "Glasovalo birača": 534, "Glasovalo birača (po listićima)": 534, "Važeći listići": 510, "Nevažeći listići": 24 }, "latitude": 46.2832106, "longitude": 16.2511657, "population": 888 }, "geometry": { "type": "MultiPolygon", "coordinates": [ [ [ [ 16.24455473676333, 46.3041011034734 ], [ 16.257718440573079, 46.275238260348992 ], [ 16.25988538725802, 46.267353708522009 ], [ 16.250147792030358, 46.260437941735091 ], [ 16.240847627349023, 46.301939419285674 ], [ 16.24455473676333, 46.3041011034734 ] ] ] ] } },
{ "type": "Feature", "properties": { "BM": 1389, "data": { "Oznaka Gr/Op/Dr": "grad", "Grad/općina/država": "NOVI MAROF", "Rbr BM": 26, "Naziv BM": "PODRUTE", "Lokacija BM": "ZADRUŽNI DOM PODRUTE (U PRIZEMLJU)", "Adresa BM": "PODRUTE 29", "Glasovalo birača": 108, "Glasovalo birača (po listićima)": 108, "Važeći listići": 107, "Nevažeći listići": 1 }, "latitude": 46.1497114, "longitude": 16.2607734, "population": 207 }, "geometry": { "type": "MultiPolygon", "coordinates": [ [ [ [ 16.245780340456761, 46.128607382272506 ], [ 16.249510437487995, 46.155624061045096 ], [ 16.254947433108327, 46.161113908713354 ], [ 16.268840971164533, 46.147604097170635 ], [ 16.265700733382072, 46.125367027410178 ], [ 16.259665201985115, 46.121928947226898 ], [ 16.255406833240681, 46.120090421995911 ], [ 16.245780340456761, 46.128607382272506 ] ] ] ] } },
{ "type": "Feature", "properties": { "BM": 1294, "data": { "Oznaka Gr/Op/Dr": "grad", "Grad/općina/država": "IVANEC", "Rbr BM": 32, "Naziv BM": "RADOVAN", "Lokacija BM": "OSNOVNA ŠKOLA - BIRALIŠTE I", "Adresa BM": "RADOVAN", "Glasovalo birača": 205, "Glasovalo birača (po listićima)": 205, "Važeći listići": 196, "Nevažeći listići": 9 }, "latitude": 46.2296099, "longitude": 16.2491962, "population": 338 }, "geometry": { "type": "MultiPolygon", "coordinates": [ [ [ [ 16.238795561823054, 46.254048378373724 ], [ 16.246023364510989, 46.255421587881337 ], [ 16.250778748026519, 46.25095964793357 ], [ 16.261676607877181, 46.226103601860608 ], [ 16.249308761655548, 46.206352892410074 ], [ 16.239196289014291, 46.220440464651645 ], [ 16.238589513124719, 46.253537508961649 ], [ 16.238795561823054, 46.254048378373724 ] ] ] ] } },
{ "type": "Feature", "properties": { "BM": 1567, "data": { "Oznaka Gr/Op/Dr": "općina", "Grad/općina/država": "BREZNIČKI HUM", "Rbr BM": 2, "Naziv BM": "BREZNIČKI HUM", "Lokacija BM": "VATROGASNI DOM BREZNIČKI HUM", "Adresa BM": "BREZNIČKI HUM", "Glasovalo birača": 140, "Glasovalo birača (po listićima)": 140, "Važeći listići": 134, "Nevažeći listići": 6 }, "latitude": 46.1036832, "longitude": 16.2806458, "population": 256 }, "geometry": { "type": "MultiPolygon", "coordinates": [ [ [ [ 16.252375732361116, 46.098188625747142 ], [ 16.255406833240681, 46.120090421995911 ], [ 16.259665201985115, 46.121928947226898 ], [ 16.287273923519937, 46.102814456868714 ], [ 16.27598764265295, 46.086980319959238 ], [ 16.255108495083018, 46.093390726035615 ], [ 16.252375732361116, 46.098188625747142 ] ] ] ] } },
{ "type": "Feature", "properties": { "BM": 1897, "data": { "Oznaka Gr/Op/Dr": "općina", "Grad/općina/država": "SRAČINEC", "Rbr BM": 3, "Naziv BM": "SRAČINEC", "Lokacija BM": "PROSTORIJE DOMA KULTURE SRAČINEC (VELIKA DVORANA U PRIZEMLJU)", "Adresa BM": "VARAŽDINSKA 273", "Glasovalo birača": 828, "Glasovalo birača (po listićima)": 828, "Važeći listići": 797, "Nevažeći listići": 31 }, "latitude": 46.3340036, "longitude": 16.2662574, "population": 1198 }, "geometry": { "type": "MultiPolygon", "coordinates": [ [ [ [ 16.250440271271934, 46.3204752315864 ], [ 16.260763455055372, 46.352434784971472 ], [ 16.272005542277551, 46.343996171099128 ], [ 16.262454887948635, 46.309766501342885 ], [ 16.257431642965365, 46.310488586538433 ], [ 16.253940232147706, 46.311225998749812 ], [ 16.250440271271934, 46.3204752315864 ] ] ] ] } },
{ "type": "Feature", "properties": { "BM": 1561, "data": { "Oznaka Gr/Op/Dr": "općina", "Grad/općina/država": "BREZNICA", "Rbr BM": 2, "Naziv BM": "BREZNICA", "Lokacija BM": "VATROGASNI DOM BRSTEC", "Adresa BM": "BREZNICA", "Glasovalo birača": 179, "Glasovalo birača (po listićima)": 179, "Važeći listići": 173, "Nevažeći listići": 6 }, "latitude": 46.0705412, "longitude": 16.2704704, "population": 318 }, "geometry": { "type": "MultiPolygon", "coordinates": [ [ [ [ 16.255108495083018, 46.093390726035615 ], [ 16.27598764265295, 46.086980319959238 ], [ 16.282591803151792, 46.082009973972404 ], [ 16.284065769947386, 46.069960566700672 ], [ 16.263921506062193, 46.051164830591155 ], [ 16.25074661031358, 46.066911546438305 ], [ 16.255108495083018, 46.093390726035615 ] ] ] ] } },
{ "type": "Feature", "properties": { "BM": 1391, "data": { "Oznaka Gr/Op/Dr": "grad", "Grad/općina/država": "NOVI MAROF", "Rbr BM": 28, "Naziv BM": "ZAVRŠJE PODBELSKO", "Lokacija BM": "PODRUČNA ŠKOLA ZAVRŠJE PODBELSKO", "Adresa BM": "ZAVRŠJE PODBELSKO 115", "Glasovalo birača": 428, "Glasovalo birača (po listićima)": 428, "Važeći listići": 415, "Nevažeći listići": 13 }, "latitude": 46.2164069, "longitude": 16.2702806, "population": 671 }, "geometry": { "type": "MultiPolygon", "coordinates": [ [ [ [ 16.249308761655548, 46.206352892410074 ], [ 16.261676607877181, 46.226103601860608 ], [ 16.270517514233372, 46.227238064754388 ], [ 16.282808888444723, 46.220960819030239 ], [ 16.285484961682513, 46.210537974671531 ], [ 16.274007159916923, 46.185659984845955 ], [ 16.26711957054426, 46.186087305539168 ], [ 16.249949955735531, 46.195365683983226 ], [ 16.249308761655548, 46.206352892410074 ] ] ] ] } },
{ "type": "Feature", "properties": { "BM": 1562, "data": { "Oznaka Gr/Op/Dr": "općina", "Grad/općina/država": "BREZNICA", "Rbr BM": 3, "Naziv BM": "JAREK - JALES", "Lokacija BM": "DRUŠTVENI DOM JAREK", "Adresa BM": "JAREK BISAŠKI", "Glasovalo birača": 172, "Glasovalo birača (po listićima)": 172, "Važeći listići": 162, "Nevažeći listići": 10 }, "latitude": 46.0563576, "longitude": 16.2837045, "population": 255 }, "geometry": { "type": "MultiPolygon", "coordinates": [ [ [ [ 16.264766347883963, 46.047052507856478 ], [ 16.263921506062193, 46.051164830591155 ], [ 16.284065769947386, 46.069960566700672 ], [ 16.304702884174965, 46.054088648228891 ], [ 16.295115102607642, 46.047290653255274 ], [ 16.268337667553578, 46.041601270260294 ], [ 16.264766347883963, 46.047052507856478 ] ] ] ] } },
{ "type": "Feature", "properties": { "BM": 1550, "data": { "Oznaka Gr/Op/Dr": "općina", "Grad/općina/država": "BERETINEC", "Rbr BM": 3, "Naziv BM": "ČREŠNJEVO - 1", "Lokacija BM": "PODRUČNA ŠKOLA - UČIONICA 1", "Adresa BM": "ČREŠNJEVO", "Glasovalo birača": 198, "Glasovalo birača (po listićima)": 198, "Važeći listići": 188, "Nevažeći listići": 10 }, "latitude": 46.253897, "longitude": 16.2719846, "population": 308 }, "geometry": { "type": "MultiPolygon", "coordinates": [ [ [ [ 16.250147792030358, 46.260437941735091 ], [ 16.25988538725802, 46.267353708522009 ], [ 16.271902564659971, 46.272195294494658 ], [ 16.291472832348962, 46.266769596307533 ], [ 16.290649545038789, 46.261954645524149 ], [ 16.272273660446853, 46.245094330512963 ], [ 16.250778748026519, 46.25095964793357 ], [ 16.246023364510989, 46.255421587881337 ], [ 16.250147792030358, 46.260437941735091 ] ] ] ] } },
{ "type": "Feature", "properties": { "BM": 1994, "data": { "Oznaka Gr/Op/Dr": "općina", "Grad/općina/država": "VIDOVEC", "Rbr BM": 2, "Naziv BM": "VIDOVEC", "Lokacija BM": "PROSTORIJE OPĆINE VIDOVEC", "Adresa BM": "TRG SVETOG VIDA 9", "Glasovalo birača": 529, "Glasovalo birača (po listićima)": 529, "Važeći listići": 502, "Nevažeći listići": 27 }, "latitude": 46.285413, "longitude": 16.2559947, "population": 860 }, "geometry": { "type": "MultiPolygon", "coordinates": [ [ [ [ 16.253940232147706, 46.311225998749812 ], [ 16.257431642965365, 46.310488586538433 ], [ 16.257718440573079, 46.275238260348992 ], [ 16.24455473676333, 46.3041011034734 ], [ 16.253940232147706, 46.311225998749812 ] ] ] ] } },
{ "type": "Feature", "properties": { "BM": 1996, "data": { "Oznaka Gr/Op/Dr": "općina", "Grad/općina/država": "VIDOVEC", "Rbr BM": 4, "Naziv BM": "TUŽNO", "Lokacija BM": "PROSTORIJE OSNOVNE ŠKOLE TUŽNO", "Adresa BM": "VARAŽDINSKA ULICA 16", "Glasovalo birača": 499, "Glasovalo birača (po listićima)": 499, "Važeći listići": 486, "Nevažeći listići": 13 }, "latitude": 46.2854397, "longitude": 16.2592764, "population": 761 }, "geometry": { "type": "MultiPolygon", "coordinates": [ [ [ [ 16.257718440573079, 46.275238260348992 ], [ 16.257431642965365, 46.310488586538433 ], [ 16.262454887948635, 46.309766501342885 ], [ 16.267985811925048, 46.308299609431948 ], [ 16.271902564659971, 46.272195294494658 ], [ 16.25988538725802, 46.267353708522009 ], [ 16.257718440573079, 46.275238260348992 ] ] ] ] } },
{ "type": "Feature", "properties": { "BM": 1388, "data": { "Oznaka Gr/Op/Dr": "grad", "Grad/općina/država": "NOVI MAROF", "Rbr BM": 25, "Naziv BM": "KAMENA GORICA", "Lokacija BM": "DRUŠTVENI DOM KAMENA GORICA", "Adresa BM": "KAMENA GORICA 40 B", "Glasovalo birača": 109, "Glasovalo birača (po listićima)": 109, "Važeći listići": 106, "Nevažeći listići": 3 }, "latitude": 46.1556095, "longitude": 16.2665086, "population": 169 }, "geometry": { "type": "MultiPolygon", "coordinates": [ [ [ [ 16.26711957054426, 46.186087305539168 ], [ 16.274007159916923, 46.185659984845955 ], [ 16.280934984720066, 46.18076792575836 ], [ 16.284935513402665, 46.168505743843774 ], [ 16.268840971164533, 46.147604097170635 ], [ 16.254947433108327, 46.161113908713354 ], [ 16.26711957054426, 46.186087305539168 ] ] ] ] } },
{ "type": "Feature", "properties": { "BM": 1898, "data": { "Oznaka Gr/Op/Dr": "općina", "Grad/općina/država": "SRAČINEC", "Rbr BM": 4, "Naziv BM": "SVIBOVEC PODRAVSKI", "Lokacija BM": "PROSTORIJE TURISTIČKO KULTURNO INFORMATIVNOG CENTRA (TKIC-A)", "Adresa BM": "DRAVSKA 71 C", "Glasovalo birača": 437, "Glasovalo birača (po listićima)": 437, "Važeći listići": 413, "Nevažeći listići": 24 }, "latitude": 46.3523059, "longitude": 16.2799956, "population": 755 }, "geometry": { "type": "MultiPolygon", "coordinates": [ [ [ [ 16.2571787, 46.3776005 ], [ 16.258589, 46.377361 ], [ 16.2594882, 46.377004 ], [ 16.2612898, 46.3767424 ], [ 16.2618417, 46.3766643 ], [ 16.261875, 46.3766641 ], [ 16.2634954, 46.3766621 ], [ 16.264859, 46.3765146 ], [ 16.2655014, 46.3764455 ], [ 16.2660813, 46.3763791 ], [ 16.2668534, 46.3766315 ], [ 16.2672411, 46.37676 ], [ 16.2677054, 46.3769075 ], [ 16.2683536, 46.377117 ], [ 16.2695127, 46.3774889 ], [ 16.2722031, 46.378373 ], [ 16.2722175, 46.378334 ], [ 16.2722704, 46.3783333 ], [ 16.2754842, 46.3783273 ], [ 16.2770304, 46.3783225 ], [ 16.2789822, 46.3783219 ], [ 16.2811505, 46.378321 ], [ 16.28596933042606, 46.378306934955354 ], [ 16.311973489772718, 46.344325174586615 ], [ 16.311667178679574, 46.343975598157613 ], [ 16.280304832932039, 46.340545999635353 ], [ 16.272005542277551, 46.343996171099128 ], [ 16.260763455055372, 46.352434784971472 ], [ 16.257168706589987, 46.363111396676558 ], [ 16.255993451552559, 46.377808061430628 ], [ 16.2571787, 46.3776005 ] ] ] ] } },
{ "type": "Feature", "properties": { "BM": 1295, "data": { "Oznaka Gr/Op/Dr": "grad", "Grad/općina/država": "IVANEC", "Rbr BM": 33, "Naziv BM": "ŠKRILJEVEC", "Lokacija BM": "DRUŠTVENI DOM", "Adresa BM": "ŠKRILJEVEC", "Glasovalo birača": 108, "Glasovalo birača (po listićima)": 108, "Važeći listići": 104, "Nevažeći listići": 4 }, "latitude": 46.2376585, "longitude": 16.2675536, "population": 194 }, "geometry": { "type": "MultiPolygon", "coordinates": [ [ [ [ 16.250778748026519, 46.25095964793357 ], [ 16.272273660446853, 46.245094330512963 ], [ 16.274746357354768, 46.239885342255171 ], [ 16.270517514233372, 46.227238064754388 ], [ 16.261676607877181, 46.226103601860608 ], [ 16.250778748026519, 46.25095964793357 ] ] ] ] } },
{ "type": "Feature", "properties": { "BM": 1387, "data": { "Oznaka Gr/Op/Dr": "grad", "Grad/općina/država": "NOVI MAROF", "Rbr BM": 24, "Naziv BM": "JELENŠČAK", "Lokacija BM": "KUĆA VL. NEVENKE KUZMIĆ", "Adresa BM": "JELENŠČAK 7", "Glasovalo birača": 86, "Glasovalo birača (po listićima)": 86, "Važeći listići": 86, "Nevažeći listići": 0 }, "latitude": 46.147395, "longitude": 16.2771766, "population": 151 }, "geometry": { "type": "MultiPolygon", "coordinates": [ [ [ [ 16.268840971164533, 46.147604097170635 ], [ 16.284935513402665, 46.168505743843774 ], [ 16.289126726766785, 46.162626740329884 ], [ 16.268885958270481, 46.125939419790335 ], [ 16.265700733382072, 46.125367027410178 ], [ 16.268840971164533, 46.147604097170635 ] ] ] ] } },
{ "type": "Feature", "properties": { "BM": 1563, "data": { "Oznaka Gr/Op/Dr": "općina", "Grad/općina/država": "BREZNICA", "Rbr BM": 4, "Naziv BM": "MIRKOVEC - PODVOREC", "Lokacija BM": "VATROGASNI DOM", "Adresa BM": "MIRKOVEC BREZNIČKI", "Glasovalo birača": 109, "Glasovalo birača (po listićima)": 109, "Važeći listići": 104, "Nevažeći listići": 5 }, "latitude": 46.0343676, "longitude": 16.2883767, "population": 177 }, "geometry": { "type": "MultiPolygon", "coordinates": [ [ [ [ 16.268337667553578, 46.041601270260294 ], [ 16.295115102607642, 46.047290653255274 ], [ 16.293016576492143, 46.018688271216206 ], [ 16.272398127508218, 46.020640489402346 ], [ 16.26863604045943, 46.029275001528951 ], [ 16.268337667553578, 46.041601270260294 ] ] ] ] } },
{ "type": "Feature", "properties": { "BM": 1896, "data": { "Oznaka Gr/Op/Dr": "općina", "Grad/općina/država": "SRAČINEC", "Rbr BM": 2, "Naziv BM": "SRAČINEC", "Lokacija BM": "PROSTORIJE UDRUGE UMIROVLJENIKA", "Adresa BM": "TRG SV. MIHAELA 1", "Glasovalo birača": 672, "Glasovalo birača (po listićima)": 672, "Važeći listići": 644, "Nevažeći listići": 28 }, "latitude": 46.3324711, "longitude": 16.2717499, "population": 1069 }, "geometry": { "type": "MultiPolygon", "coordinates": [ [ [ [ 16.262454887948635, 46.309766501342885 ], [ 16.272005542277551, 46.343996171099128 ], [ 16.280304832932039, 46.340545999635353 ], [ 16.270072469593806, 46.308750533648698 ], [ 16.267985811925048, 46.308299609431948 ], [ 16.262454887948635, 46.309766501342885 ] ] ] ] } },
{ "type": "Feature", "properties": { "BM": 1997, "data": { "Oznaka Gr/Op/Dr": "općina", "Grad/općina/država": "VIDOVEC", "Rbr BM": 5, "Naziv BM": "NEDELJANEC", "Lokacija BM": "PROSTORIJE DRUŠTVENOG DOMA", "Adresa BM": "VARAŽDINSKA ULICA 168", "Glasovalo birača": 411, "Glasovalo birača (po listićima)": 410, "Važeći listići": 396, "Nevažeći listići": 14 }, "latitude": 46.2878392, "longitude": 16.2813948, "population": 661 }, "geometry": { "type": "MultiPolygon", "coordinates": [ [ [ [ 16.271902564659971, 46.272195294494658 ], [ 16.267985811925048, 46.308299609431948 ], [ 16.270072469593806, 46.308750533648698 ], [ 16.277769105463147, 46.308535537238306 ], [ 16.292999818947692, 46.267700043886762 ], [ 16.291472832348962, 46.266769596307533 ], [ 16.271902564659971, 46.272195294494658 ] ] ] ] } },
{ "type": "Feature", "properties": { "BM": 1553, "data": { "Oznaka Gr/Op/Dr": "općina", "Grad/općina/država": "BERETINEC", "Rbr BM": 6, "Naziv BM": "LEDINEC GORNJI", "Lokacija BM": "MJESNI ODBOR", "Adresa BM": "LEDINEC GORNJI, ŠKOLSKA BB", "Glasovalo birača": 83, "Glasovalo birača (po listićima)": 83, "Važeći listići": 77, "Nevažeći listići": 6 }, "latitude": 46.23378, "longitude": 16.2791531, "population": 155 }, "geometry": { "type": "MultiPolygon", "coordinates": [ [ [ [ 16.274746357354768, 46.239885342255171 ], [ 16.292822779140614, 46.236601296160998 ], [ 16.282808888444723, 46.220960819030239 ], [ 16.270517514233372, 46.227238064754388 ], [ 16.274746357354768, 46.239885342255171 ] ] ] ] } },
{ "type": "Feature", "properties": { "BM": 1390, "data": { "Oznaka Gr/Op/Dr": "grad", "Grad/općina/država": "NOVI MAROF", "Rbr BM": 27, "Naziv BM": "PODEVČEVO", "Lokacija BM": "DRUŠTVENI DOM PODEVČEVO", "Adresa BM": "PODEVČEVO 90", "Glasovalo birača": 368, "Glasovalo birača (po listićima)": 368, "Važeći listići": 355, "Nevažeći listići": 13 }, "latitude": 46.2027796, "longitude": 16.2998176, "population": 600 }, "geometry": { "type": "MultiPolygon", "coordinates": [ [ [ [ 16.285484961682513, 46.210537974671531 ], [ 16.303070344461648, 46.213873337344204 ], [ 16.314716372214004, 46.207032422289736 ], [ 16.312155016257758, 46.191226501589931 ], [ 16.309234673273082, 46.18713104655275 ], [ 16.280934984720066, 46.18076792575836 ], [ 16.274007159916923, 46.185659984845955 ], [ 16.285484961682513, 46.210537974671531 ] ] ] ] } },
{ "type": "Feature", "properties": { "BM": 1552, "data": { "Oznaka Gr/Op/Dr": "općina", "Grad/općina/država": "BERETINEC", "Rbr BM": 5, "Naziv BM": "LEDINEC", "Lokacija BM": "MJESNI ODBOR", "Adresa BM": "LEDINEC, ŠKOLSKA BB", "Glasovalo birača": 85, "Glasovalo birača (po listićima)": 85, "Važeći listići": 81, "Nevažeći listići": 4 }, "latitude": 46.2440505, "longitude": 16.281019, "population": 159 }, "geometry": { "type": "MultiPolygon", "coordinates": [ [ [ [ 16.272273660446853, 46.245094330512963 ], [ 16.290649545038789, 46.261954645524149 ], [ 16.294666180668639, 46.237911908757063 ], [ 16.292822779140614, 46.236601296160998 ], [ 16.274746357354768, 46.239885342255171 ], [ 16.272273660446853, 46.245094330512963 ] ] ] ] } },
{ "type": "Feature", "properties": { "BM": 1392, "data": { "Oznaka Gr/Op/Dr": "grad", "Grad/općina/država": "NOVI MAROF", "Rbr BM": 29, "Naziv BM": "FILIPIĆI", "Lokacija BM": "KUĆA VL. DIJANE PISKAČ", "Adresa BM": "FILIPIĆI 2", "Glasovalo birača": 56, "Glasovalo birača (po listićima)": 56, "Važeći listići": 56, "Nevažeći listići": 0 }, "latitude": 46.2230056, "longitude": 16.2959814, "population": 94 }, "geometry": { "type": "MultiPolygon", "coordinates": [ [ [ [ 16.282808888444723, 46.220960819030239 ], [ 16.292822779140614, 46.236601296160998 ], [ 16.294666180668639, 46.237911908757063 ], [ 16.304262803901477, 46.234250151840669 ], [ 16.303070344461648, 46.213873337344204 ], [ 16.285484961682513, 46.210537974671531 ], [ 16.282808888444723, 46.220960819030239 ] ] ] ] } },
{ "type": "Feature", "properties": { "BM": 1568, "data": { "Oznaka Gr/Op/Dr": "općina", "Grad/općina/država": "BREZNIČKI HUM", "Rbr BM": 3, "Naziv BM": "ŠĆEPANJE", "Lokacija BM": "VATROGASNI DOM ŠĆEPANJE", "Adresa BM": "ŠĆEPANJE", "Glasovalo birača": 138, "Glasovalo birača (po listićima)": 138, "Važeći listići": 137, "Nevažeći listići": 1 }, "latitude": 46.1087127, "longitude": 16.2841279, "population": 237 }, "geometry": { "type": "MultiPolygon", "coordinates": [ [ [ [ 16.265700733382072, 46.125367027410178 ], [ 16.268885958270481, 46.125939419790335 ], [ 16.296879744889445, 46.127126653649626 ], [ 16.304713771692292, 46.111812117333656 ], [ 16.287273923519937, 46.102814456868714 ], [ 16.259665201985115, 46.121928947226898 ], [ 16.265700733382072, 46.125367027410178 ] ] ] ] } },
{ "type": "Feature", "properties": { "BM": 1895, "data": { "Oznaka Gr/Op/Dr": "općina", "Grad/općina/država": "SRAČINEC", "Rbr BM": 1, "Naziv BM": "SRAČINEC", "Lokacija BM": "PROSTORIJE OSNOVNE ŠKOLE SRAČINEC (PRIZEMLJE)", "Adresa BM": "VARAŽDINSKA 98", "Glasovalo birača": 626, "Glasovalo birača (po listićima)": 626, "Važeći listići": 611, "Nevažeći listići": 15 }, "latitude": 46.3289972, "longitude": 16.2825445, "population": 1008 }, "geometry": { "type": "MultiPolygon", "coordinates": [ [ [ [ 16.311667178679574, 46.343975598157613 ], [ 16.300581271447008, 46.313924322035135 ], [ 16.299078122875159, 46.311879205414776 ], [ 16.277769105463147, 46.308535537238306 ], [ 16.270072469593806, 46.308750533648698 ], [ 16.280304832932039, 46.340545999635353 ], [ 16.311667178679574, 46.343975598157613 ] ] ] ] } },
{ "type": "Feature", "properties": { "BM": 1998, "data": { "Oznaka Gr/Op/Dr": "općina", "Grad/općina/država": "VIDOVEC", "Rbr BM": 6, "Naziv BM": "NEDELJANEC", "Lokacija BM": "PROSTORIJE PODRUČNE ŠKOLE NEDELJANEC", "Adresa BM": "VARAŽDINSKA ULICA 108", "Glasovalo birača": 417, "Glasovalo birača (po listićima)": 417, "Važeći listići": 404, "Nevažeći listići": 13 }, "latitude": 46.2905199, "longitude": 16.2885821, "population": 604 }, "geometry": { "type": "MultiPolygon", "coordinates": [ [ [ [ 16.277769105463147, 46.308535537238306 ], [ 16.299078122875159, 46.311879205414776 ], [ 16.311051485693259, 46.276294809300367 ], [ 16.310982916464059, 46.27491370805393 ], [ 16.292999818947692, 46.267700043886762 ], [ 16.277769105463147, 46.308535537238306 ] ] ] ] } },
{ "type": "Feature", "properties": { "BM": 1383, "data": { "Oznaka Gr/Op/Dr": "grad", "Grad/općina/država": "NOVI MAROF", "Rbr BM": 20, "Naziv BM": "DONJE MAKOJIŠĆE 2.", "Lokacija BM": "OSNOVNA ŠKOLA PODRUTE U DONJEM MAKOJIŠĆU", "Adresa BM": "DONJE MAKOJIŠĆE 115", "Glasovalo birača": 158, "Glasovalo birača (po listićima)": 158, "Važeći listići": 155, "Nevažeći listići": 3 }, "latitude": 46.1443948, "longitude": 16.2826146, "population": 298 }, "geometry": { "type": "MultiPolygon", "coordinates": [ [ [ [ 16.289126726766785, 46.162626740329884 ], [ 16.294436732620706, 46.157263770178972 ], [ 16.301143963860447, 46.135956707373566 ], [ 16.296879744889445, 46.127126653649626 ], [ 16.268885958270481, 46.125939419790335 ], [ 16.289126726766785, 46.162626740329884 ] ] ] ] } },
{ "type": "Feature", "properties": { "BM": 1549, "data": { "Oznaka Gr/Op/Dr": "općina", "Grad/općina/država": "BERETINEC", "Rbr BM": 2, "Naziv BM": "BERETINEC - 2", "Lokacija BM": "OPĆINSKA ZGRADA - VELIKA SALA, ULAZ DESNO", "Adresa BM": "BERETINEC", "Glasovalo birača": 201, "Glasovalo birača (po listićima)": 201, "Važeći listići": 192, "Nevažeći listići": 9 }, "latitude": 46.2481532, "longitude": 16.3055769, "population": 342 }, "geometry": { "type": "MultiPolygon", "coordinates": [ [ [ [ 16.292999818947692, 46.267700043886762 ], [ 16.310982916464059, 46.27491370805393 ], [ 16.316571159163423, 46.270835602208663 ], [ 16.317228904059142, 46.269487419995365 ], [ 16.311906276630641, 46.235893876588143 ], [ 16.304262803901477, 46.234250151840669 ], [ 16.294666180668639, 46.237911908757063 ], [ 16.290649545038789, 46.261954645524149 ], [ 16.291472832348962, 46.266769596307533 ], [ 16.292999818947692, 46.267700043886762 ] ] ] ] } },
{ "type": "Feature", "properties": { "BM": 2008, "data": { "Oznaka Gr/Op/Dr": "općina", "Grad/općina/država": "VISOKO", "Rbr BM": 3, "Naziv BM": "VINIČNO", "Lokacija BM": "POSLOVNE PROSTORIJE TRGOVAČKOG DRUŠTVA OMEGA D.O.O.", "Adresa BM": "VINIČNO 4A", "Glasovalo birača": 129, "Glasovalo birača (po listićima)": 129, "Važeći listići": 128, "Nevažeći listići": 1 }, "latitude": 46.0738012, "longitude": 16.2971203, "population": 193 }, "geometry": { "type": "MultiPolygon", "coordinates": [ [ [ [ 16.282591803151792, 46.082009973972404 ], [ 16.29965068529253, 46.087093322493828 ], [ 16.32030212979274, 46.064302752609798 ], [ 16.32056607039566, 46.060171575497058 ], [ 16.315807650869761, 46.054853683274743 ], [ 16.304702884174965, 46.054088648228891 ], [ 16.284065769947386, 46.069960566700672 ], [ 16.282591803151792, 46.082009973972404 ] ] ] ] } },
{ "type": "Feature", "properties": { "BM": 1569, "data": { "Oznaka Gr/Op/Dr": "općina", "Grad/općina/država": "BREZNIČKI HUM", "Rbr BM": 4, "Naziv BM": "RADEŠIĆ", "Lokacija BM": "VATROGASNI DOM RADEŠIĆ", "Adresa BM": "RADEŠIĆ", "Glasovalo birača": 101, "Glasovalo birača (po listićima)": 101, "Važeći listići": 98, "Nevažeći listići": 3 }, "latitude": 46.0968323, "longitude": 16.2902573, "population": 164 }, "geometry": { "type": "MultiPolygon", "coordinates": [ [ [ [ 16.27598764265295, 46.086980319959238 ], [ 16.287273923519937, 46.102814456868714 ], [ 16.304713771692292, 46.111812117333656 ], [ 16.307762245363655, 46.108849659237769 ], [ 16.29965068529253, 46.087093322493828 ], [ 16.282591803151792, 46.082009973972404 ], [ 16.27598764265295, 46.086980319959238 ] ] ] ] } },
{ "type": "Feature", "properties": { "BM": 1382, "data": { "Oznaka Gr/Op/Dr": "grad", "Grad/općina/država": "NOVI MAROF", "Rbr BM": 19, "Naziv BM": "DONJE MAKOJIŠĆE 1.", "Lokacija BM": "KUĆA VL. VLADIMIRA OŠTREKA", "Adresa BM": "DONJE MAKOJIŠĆE 16", "Glasovalo birača": 66, "Glasovalo birača (po listićima)": 66, "Važeći listići": 66, "Nevažeći listići": 0 }, "latitude": 46.1534872, "longitude": 16.3114987, "population": 93 }, "geometry": { "type": "MultiPolygon", "coordinates": [ [ [ [ 16.294436732620706, 46.157263770178972 ], [ 16.314123079647207, 46.162450931233899 ], [ 16.31904597655166, 46.159318270307786 ], [ 16.319882913744038, 46.155566330930768 ], [ 16.316468138447856, 46.140403170818892 ], [ 16.301143963860447, 46.135956707373566 ], [ 16.294436732620706, 46.157263770178972 ] ] ] ] } },
{ "type": "Feature", "properties": { "BM": 1564, "data": { "Oznaka Gr/Op/Dr": "općina", "Grad/općina/država": "BREZNICA", "Rbr BM": 5, "Naziv BM": "BISAG", "Lokacija BM": "DRUŠTVENI DOM", "Adresa BM": "BISAG", "Glasovalo birača": 174, "Glasovalo birača (po listićima)": 174, "Važeći listići": 171, "Nevažeći listići": 3 }, "latitude": 46.0335225, "longitude": 16.2998952, "population": 275 }, "geometry": { "type": "MultiPolygon", "coordinates": [ [ [ [ 16.293016576492143, 46.018688271216206 ], [ 16.295115102607642, 46.047290653255274 ], [ 16.304702884174965, 46.054088648228891 ], [ 16.315807650869761, 46.054853683274743 ], [ 16.319474266061302, 46.027059572858249 ], [ 16.306499525182357, 46.013309723505088 ], [ 16.303224634460488, 46.013689663259029 ], [ 16.293016576492143, 46.018688271216206 ] ] ] ] } },
{ "type": "Feature", "properties": { "BM": 1385, "data": { "Oznaka Gr/Op/Dr": "grad", "Grad/općina/država": "NOVI MAROF", "Rbr BM": 22, "Naziv BM": "MAĐAREVO 2.", "Lokacija BM": "PODRUČNA ŠKOLA MAĐAREVO", "Adresa BM": "MADŽAREVO 149", "Glasovalo birača": 116, "Glasovalo birača (po listićima)": 116, "Važeći listići": 112, "Nevažeći listići": 4 }, "latitude": 46.1689576, "longitude": 16.3074224, "population": 197 }, "geometry": { "type": "MultiPolygon", "coordinates": [ [ [ [ 16.280934984720066, 46.18076792575836 ], [ 16.309234673273082, 46.18713104655275 ], [ 16.314545551345969, 46.179859127102567 ], [ 16.314123079647207, 46.162450931233899 ], [ 16.294436732620706, 46.157263770178972 ], [ 16.289126726766785, 46.162626740329884 ], [ 16.284935513402665, 46.168505743843774 ], [ 16.280934984720066, 46.18076792575836 ] ] ] ] } },
{ "type": "Feature", "properties": { "BM": 1467, "data": { "Oznaka Gr/Op/Dr": "grad", "Grad/općina/država": "VARAŽDIN", "Rbr BM": 44, "Naziv BM": "JALKOVEC", "Lokacija BM": "PROSTORIJE DRUŠTVENOG DOMA", "Adresa BM": "BRAĆE RADIĆA 99", "Glasovalo birača": 643, "Glasovalo birača (po listićima)": 643, "Važeći listići": 626, "Nevažeći listići": 17 }, "latitude": 46.3012095, "longitude": 16.3203512, "population": 1017 }, "geometry": { "type": "MultiPolygon", "coordinates": [ [ [ [ 16.300581271447008, 46.313924322035135 ], [ 16.322621198634124, 46.30732040778458 ], [ 16.323723457316508, 46.305960294483953 ], [ 16.322795269579956, 46.289379814847422 ], [ 16.311051485693259, 46.276294809300367 ], [ 16.299078122875159, 46.311879205414776 ], [ 16.300581271447008, 46.313924322035135 ] ] ] ] } },
{ "type": "Feature", "properties": { "BM": 1380, "data": { "Oznaka Gr/Op/Dr": "grad", "Grad/općina/država": "NOVI MAROF", "Rbr BM": 17, "Naziv BM": "PAKA", "Lokacija BM": "POSLOVNI PROSTOR \"PLASTILAK\" VL. FRANJE KUZMIĆA", "Adresa BM": "PAKA 20", "Glasovalo birača": 36, "Glasovalo birača (po listićima)": 36, "Važeći listići": 36, "Nevažeći listići": 0 }, "latitude": 46.1266913, "longitude": 16.3192738, "population": 61 }, "geometry": { "type": "MultiPolygon", "coordinates": [ [ [ [ 16.301143963860447, 46.135956707373566 ], [ 16.316468138447856, 46.140403170818892 ], [ 16.336396325442667, 46.134193164695766 ], [ 16.342882542311656, 46.126356377807745 ], [ 16.320207592334285, 46.107468555624131 ], [ 16.318740235926352, 46.107091754221273 ], [ 16.307762245363655, 46.108849659237769 ], [ 16.304713771692292, 46.111812117333656 ], [ 16.296879744889445, 46.127126653649626 ], [ 16.301143963860447, 46.135956707373566 ] ] ] ] } },
{ "type": "Feature", "properties": { "BM": 1919, "data": { "Oznaka Gr/Op/Dr": "općina", "Grad/općina/država": "SVETI ILIJA", "Rbr BM": 1, "Naziv BM": "BELETINEC", "Lokacija BM": "PROSTORIJE DRUŠTVENOG DOMA U BELETINCU - VELIKA SALA LIJEVO", "Adresa BM": "STJEPANA RADIĆA 19", "Glasovalo birača": 510, "Glasovalo birača (po listićima)": 510, "Važeći listići": 496, "Nevažeći listići": 14 }, "latitude": 46.2221164, "longitude": 16.3111761, "population": 766 }, "geometry": { "type": "MultiPolygon", "coordinates": [ [ [ [ 16.304262803901477, 46.234250151840669 ], [ 16.311906276630641, 46.235893876588143 ], [ 16.319800706501052, 46.23235036364126 ], [ 16.331100603479818, 46.218265148597759 ], [ 16.314716372214004, 46.207032422289736 ], [ 16.303070344461648, 46.213873337344204 ], [ 16.304262803901477, 46.234250151840669 ] ] ] ] } },
{ "type": "Feature", "properties": { "BM": 1455, "data": { "Oznaka Gr/Op/Dr": "grad", "Grad/općina/država": "VARAŽDIN", "Rbr BM": 32, "Naziv BM": "VARAŽDIN", "Lokacija BM": "BIRALIŠTE 1, PROSTORIJE DJEČJEG VRTIĆA", "Adresa BM": "VLADIMIRA GORTANA 19", "Glasovalo birača": 611, "Glasovalo birača (po listićima)": 611, "Važeći listići": 591, "Nevažeći listići": 20 }, "latitude": 46.3136727, "longitude": 16.3240856, "population": 878 }, "geometry": { "type": "MultiPolygon", "coordinates": [ [ [ [ 16.311973489772718, 46.344325174586615 ], [ 16.320793622696439, 46.345914026306694 ], [ 16.328771641995129, 46.32561578872604 ], [ 16.32787387908046, 46.312170877424336 ], [ 16.322621198634124, 46.30732040778458 ], [ 16.300581271447008, 46.313924322035135 ], [ 16.311667178679574, 46.343975598157613 ], [ 16.311973489772718, 46.344325174586615 ] ] ] ] } },
{ "type": "Feature", "properties": { "BM": 2006, "data": { "Oznaka Gr/Op/Dr": "općina", "Grad/općina/država": "VISOKO", "Rbr BM": 1, "Naziv BM": "KRAČEVEC", "Lokacija BM": "PRIVATNI OBJEKT U VL. MARTINE VIDAK", "Adresa BM": "KRAČEVEC BB", "Glasovalo birača": 61, "Glasovalo birača (po listićima)": 61, "Važeći listići": 60, "Nevažeći listići": 1 }, "latitude": 46.0883056, "longitude": 16.3131271, "population": 82 }, "geometry": { "type": "MultiPolygon", "coordinates": [ [ [ [ 16.307762245363655, 46.108849659237769 ], [ 16.318740235926352, 46.107091754221273 ], [ 16.323063238551356, 46.071177240440775 ], [ 16.32030212979274, 46.064302752609798 ], [ 16.29965068529253, 46.087093322493828 ], [ 16.307762245363655, 46.108849659237769 ] ] ] ] } },
{ "type": "Feature", "properties": { "BM": 2007, "data": { "Oznaka Gr/Op/Dr": "općina", "Grad/općina/država": "VISOKO", "Rbr BM": 2, "Naziv BM": "ĐURINOVEC", "Lokacija BM": "VATROGASNI DOM", "Adresa BM": "ĐURINOVEC 46", "Glasovalo birača": 79, "Glasovalo birača (po listićima)": 79, "Važeći listići": 77, "Nevažeći listići": 2 }, "latitude": 46.0766741, "longitude": 16.3420867, "population": 103 }, "geometry": { "type": "MultiPolygon", "coordinates": [ [ [ [ 16.32030212979274, 46.064302752609798 ], [ 16.323063238551356, 46.071177240440775 ], [ 16.335067694068538, 46.083124430683228 ], [ 16.345205815746237, 46.084202593560804 ], [ 16.353264114889143, 46.063947488279815 ], [ 16.353023286573485, 46.055612429668102 ], [ 16.32056607039566, 46.060171575497058 ], [ 16.32030212979274, 46.064302752609798 ] ] ] ] } },
{ "type": "Feature", "properties": { "BM": 1368, "data": { "Oznaka Gr/Op/Dr": "grad", "Grad/općina/država": "NOVI MAROF", "Rbr BM": 5, "Naziv BM": "REMETINEC 1.", "Lokacija BM": "DRUŠTVENI DOM REMETINEC", "Adresa BM": "REMETINEC 294", "Glasovalo birača": 421, "Glasovalo birača (po listićima)": 421, "Važeći listići": 408, "Nevažeći listići": 13 }, "latitude": 46.183327, "longitude": 16.3270977, "population": 610 }, "geometry": { "type": "MultiPolygon", "coordinates": [ [ [ [ 16.309234673273082, 46.18713104655275 ], [ 16.312155016257758, 46.191226501589931 ], [ 16.339081744741936, 46.190485369257864 ], [ 16.339424604089064, 46.19009792382699 ], [ 16.331146021680603, 46.176975649911981 ], [ 16.326941792090516, 46.174828658562014 ], [ 16.314545551345969, 46.179859127102567 ], [ 16.309234673273082, 46.18713104655275 ] ] ] ] } },
{ "type": "Feature", "properties": { "BM": 1386, "data": { "Oznaka Gr/Op/Dr": "grad", "Grad/općina/država": "NOVI MAROF", "Rbr BM": 23, "Naziv BM": "KRČ", "Lokacija BM": "U POSLOVNOM PROSTORU VL. STJEPANA PAŽURA", "Adresa BM": "KRČ 44", "Glasovalo birača": 225, "Glasovalo birača (po listićima)": 225, "Važeći listići": 222, "Nevažeći listići": 3 }, "latitude": 46.1686249, "longitude": 16.3211315, "population": 368 }, "geometry": { "type": "MultiPolygon", "coordinates": [ [ [ [ 16.314545551345969, 46.179859127102567 ], [ 16.326941792090516, 46.174828658562014 ], [ 16.32751154694504, 46.169421991985317 ], [ 16.325066086237285, 46.163140908205094 ], [ 16.31904597655166, 46.159318270307786 ], [ 16.314123079647207, 46.162450931233899 ], [ 16.314545551345969, 46.179859127102567 ] ] ] ] } },
{ "type": "Feature", "properties": { "BM": 1463, "data": { "Oznaka Gr/Op/Dr": "grad", "Grad/općina/država": "VARAŽDIN", "Rbr BM": 40, "Naziv BM": "VARAŽDIN", "Lokacija BM": "PROSTORIJE III. OSNOVNE ŠKOLE", "Adresa BM": "TRG IVANA PERKOVCA 35", "Glasovalo birača": 438, "Glasovalo birača (po listićima)": 438, "Važeći listići": 426, "Nevažeći listići": 12 }, "latitude": 46.2882243, "longitude": 16.3348194, "population": 680 }, "geometry": { "type": "MultiPolygon", "coordinates": [ [ [ [ 16.311051485693259, 46.276294809300367 ], [ 16.322795269579956, 46.289379814847422 ], [ 16.325781752893928, 46.291335201121356 ], [ 16.339013591034128, 46.293807905955731 ], [ 16.338623041037184, 46.277053050593217 ], [ 16.316571159163423, 46.270835602208663 ], [ 16.310982916464059, 46.27491370805393 ], [ 16.311051485693259, 46.276294809300367 ] ] ] ] } },
{ "type": "Feature", "properties": { "BM": 2011, "data": { "Oznaka Gr/Op/Dr": "općina", "Grad/općina/država": "VISOKO", "Rbr BM": 6, "Naziv BM": "VISOKO", "Lokacija BM": "DRUŠTVENI DOM - SALA ZA SASTANKE", "Adresa BM": "VISOKO 20", "Glasovalo birača": 272, "Glasovalo birača (po listićima)": 272, "Važeći listići": 263, "Nevažeći listići": 9 }, "latitude": 46.0901742, "longitude": 16.328651, "population": 377 }, "geometry": { "type": "MultiPolygon", "coordinates": [ [ [ [ 16.318740235926352, 46.107091754221273 ], [ 16.320207592334285, 46.107468555624131 ], [ 16.33426090143389, 46.096255710505169 ], [ 16.335067694068538, 46.083124430683228 ], [ 16.323063238551356, 46.071177240440775 ], [ 16.318740235926352, 46.107091754221273 ] ] ] ] } },
{ "type": "Feature", "properties": { "BM": 1379, "data": { "Oznaka Gr/Op/Dr": "grad", "Grad/općina/država": "NOVI MAROF", "Rbr BM": 16, "Naziv BM": "GORNJE MAKOJIŠĆE", "Lokacija BM": "DRUŠTVENI DOM GORNJE MAKOJIŠĆE", "Adresa BM": "GORNJE MAKOJIŠĆE 90 G", "Glasovalo birača": 201, "Glasovalo birača (po listićima)": 201, "Važeći listići": 189, "Nevažeći listići": 12 }, "latitude": 46.1500939, "longitude": 16.3265665, "population": 325 }, "geometry": { "type": "MultiPolygon", "coordinates": [ [ [ [ 16.319882913744038, 46.155566330930768 ], [ 16.336801576868019, 46.151334300093986 ], [ 16.336396325442667, 46.134193164695766 ], [ 16.316468138447856, 46.140403170818892 ], [ 16.319882913744038, 46.155566330930768 ] ] ] ] } },
{ "type": "Feature", "properties": { "BM": 1924, "data": { "Oznaka Gr/Op/Dr": "općina", "Grad/općina/država": "SVETI ILIJA", "Rbr BM": 6, "Naziv BM": "SVETI ILIJA", "Lokacija BM": "CENTAR UMIROVLJENIKA, VINOGRADARA I GOSPODARSTVENIKA", "Adresa BM": "VILIMA CECELJA 3", "Glasovalo birača": 334, "Glasovalo birača (po listićima)": 333, "Važeći listići": 318, "Nevažeći listići": 15 }, "latitude": 46.2455962, "longitude": 16.3217153, "population": 488 }, "geometry": { "type": "MultiPolygon", "coordinates": [ [ [ [ 16.317228904059142, 46.269487419995365 ], [ 16.324110844118405, 46.262758757000597 ], [ 16.323841191798554, 46.238054240835062 ], [ 16.319800706501052, 46.23235036364126 ], [ 16.311906276630641, 46.235893876588143 ], [ 16.317228904059142, 46.269487419995365 ] ] ] ] } },
{ "type": "Feature", "properties": { "BM": 1466, "data": { "Oznaka Gr/Op/Dr": "grad", "Grad/općina/država": "VARAŽDIN", "Rbr BM": 43, "Naziv BM": "HRAŠĆICA", "Lokacija BM": "BIVŠE PROSTORIJE MJESNOG ODBORA", "Adresa BM": "SPORTSKI CENTAR HRAŠĆICA", "Glasovalo birača": 768, "Glasovalo birača (po listićima)": 768, "Važeći listići": 747, "Nevažeći listići": 21 }, "latitude": 46.309241, "longitude": 16.3398809, "population": 1191 }, "geometry": { "type": "MultiPolygon", "coordinates": [ [ [ [ 16.337584234685217, 46.314756383020317 ], [ 16.34006248353349, 46.314652223540229 ], [ 16.343698345991758, 46.312557070804729 ], [ 16.339360419708008, 46.306512831935471 ], [ 16.337412775359589, 46.314403684087715 ], [ 16.337584234685217, 46.314756383020317 ] ] ] ] } },
{ "type": "Feature", "properties": { "BM": 1425, "data": { "Oznaka Gr/Op/Dr": "grad", "Grad/općina/država": "VARAŽDIN", "Rbr BM": 2, "Naziv BM": "VARAŽDIN", "Lokacija BM": "PROSTORIJE DOBROVOLJNOG VATROGASNOG DRUŠTVA VARAŽDIN (DVORIŠTE)", "Adresa BM": "TRENKOVA 44", "Glasovalo birača": 460, "Glasovalo birača (po listićima)": 460, "Važeći listići": 450, "Nevažeći listići": 10 }, "latitude": 46.3131557, "longitude": 16.3318282, "population": 693 }, "geometry": { "type": "MultiPolygon", "coordinates": [ [ [ [ 16.337412775359589, 46.314403684087715 ], [ 16.335017030986052, 46.311294125582563 ], [ 16.331485680578613, 46.310129530584355 ], [ 16.32787387908046, 46.312170877424336 ], [ 16.328771641995129, 46.32561578872604 ], [ 16.337584234685217, 46.314756383020317 ], [ 16.337412775359589, 46.314403684087715 ] ] ] ] } },
{ "type": "Feature", "properties": { "BM": 1426, "data": { "Oznaka Gr/Op/Dr": "grad", "Grad/općina/država": "VARAŽDIN", "Rbr BM": 3, "Naziv BM": "VARAŽDIN", "Lokacija BM": "BIVŠE PROSTORIJE GRADSKOG DRUŠTVA CRVENOG KRIŽA VARAŽDIN", "Adresa BM": "ULICA STANKA VRAZA 8", "Glasovalo birača": 279, "Glasovalo birača (po listićima)": 279, "Važeći listići": 274, "Nevažeći listići": 5 }, "latitude": 46.3079008, "longitude": 16.3335612, "population": 456 }, "geometry": { "type": "MultiPolygon", "coordinates": [ [ [ [ 16.335708852497312, 46.307706651501448 ], [ 16.334740236076257, 46.306337696401812 ], [ 16.331913209560952, 46.307928377158575 ], [ 16.331372280816744, 46.308769157479517 ], [ 16.331485680578613, 46.310129530584355 ], [ 16.335017030986052, 46.311294125582563 ], [ 16.335708852497312, 46.307706651501448 ] ] ] ] } },
{ "type": "Feature", "properties": { "BM": 1424, "data": { "Oznaka Gr/Op/Dr": "grad", "Grad/općina/država": "VARAŽDIN", "Rbr BM": 1, "Naziv BM": "VARAŽDIN", "Lokacija BM": "PROSTORIJE KINA GAJ (PRIZEMLJE-ULAZNI DIO)", "Adresa BM": "ULICA LJUDEVITA GAJA 1", "Glasovalo birača": 292, "Glasovalo birača (po listićima)": 292, "Važeći listići": 287, "Nevažeći listići": 5 }, "latitude": 46.3086855, "longitude": 16.3376303, "population": 426 }, "geometry": { "type": "MultiPolygon", "coordinates": [ [ [ [ 16.335017030986052, 46.311294125582563 ], [ 16.337412775359589, 46.314403684087715 ], [ 16.339360419708008, 46.306512831935471 ], [ 16.339346243186093, 46.30643990652846 ], [ 16.335708852497312, 46.307706651501448 ], [ 16.335017030986052, 46.311294125582563 ] ] ] ] } },
{ "type": "Feature", "properties": { "BM": 1445, "data": { "Oznaka Gr/Op/Dr": "grad", "Grad/općina/država": "VARAŽDIN", "Rbr BM": 22, "Naziv BM": "VARAŽDIN", "Lokacija BM": "BIRALIŠTE 2, PROSTORIJE CENTRA ZA ODGOJ I OBRAZOVANJE TOMISLAV ŠPOLJAR", "Adresa BM": "JURJA KRIŽANIĆA 33", "Glasovalo birača": 506, "Glasovalo birača (po listićima)": 506, "Važeći listići": 492, "Nevažeći listići": 14 }, "latitude": 46.3008628, "longitude": 16.3265444, "population": 707 }, "geometry": { "type": "MultiPolygon", "coordinates": [ [ [ [ 16.322795269579956, 46.289379814847422 ], [ 16.323723457316508, 46.305960294483953 ], [ 16.327802648412757, 46.304570516652959 ], [ 16.328733245398947, 46.303781258356381 ], [ 16.33084246847887, 46.301179728619417 ], [ 16.325781752893928, 46.291335201121356 ], [ 16.322795269579956, 46.289379814847422 ] ] ] ] } },
{ "type": "Feature", "properties": { "BM": 1923, "data": { "Oznaka Gr/Op/Dr": "općina", "Grad/općina/država": "SVETI ILIJA", "Rbr BM": 5, "Naziv BM": "SEKETIN", "Lokacija BM": "PROSTORIJE DRUŠTVENOG DOMA", "Adresa BM": "VLADIMIRA NAZORA 68", "Glasovalo birača": 205, "Glasovalo birača (po listićima)": 205, "Važeći listići": 196, "Nevažeći listići": 9 }, "latitude": 46.2385507, "longitude": 16.3316613, "population": 327 }, "geometry": { "type": "MultiPolygon", "coordinates": [ [ [ [ 16.325801162534098, 46.239603243188057 ], [ 16.335189511348787, 46.240409816985618 ], [ 16.342204442284416, 46.231266968453973 ], [ 16.333321152227569, 46.218036152750017 ], [ 16.331100603479818, 46.218265148597759 ], [ 16.319800706501052, 46.23235036364126 ], [ 16.323841191798554, 46.238054240835062 ], [ 16.325801162534098, 46.239603243188057 ] ] ] ] } },
{ "type": "Feature", "properties": { "BM": 1921, "data": { "Oznaka Gr/Op/Dr": "općina", "Grad/općina/država": "SVETI ILIJA", "Rbr BM": 3, "Naziv BM": "KRIŽANEC", "Lokacija BM": "STARA ZGRADA OSNOVNE ŠKOLE \"VLADIMIR NAZOR\" SVETI ILIJA, UČIONICA BROJ 1 - PRIZEMLJE", "Adresa BM": "ŠKOLSKA ULICA 7", "Glasovalo birača": 151, "Glasovalo birača (po listićima)": 151, "Važeći listići": 144, "Nevažeći listići": 7 }, "latitude": 46.245548, "longitude": 16.3261312, "population": 243 }, "geometry": { "type": "MultiPolygon", "coordinates": [ [ [ [ 16.323841191798554, 46.238054240835062 ], [ 16.324110844118405, 46.262758757000597 ], [ 16.334048265016754, 46.255261079752039 ], [ 16.332903745771194, 46.24917131206255 ], [ 16.325801162534098, 46.239603243188057 ], [ 16.323841191798554, 46.238054240835062 ] ] ] ] } },
{ "type": "Feature", "properties": { "BM": 1565, "data": { "Oznaka Gr/Op/Dr": "općina", "Grad/općina/država": "BREZNICA", "Rbr BM": 6, "Naziv BM": "DRAŠKOVIĆ", "Lokacija BM": "VATROGASNI DOM", "Adresa BM": "DRAŠKOVIĆ", "Glasovalo birača": 186, "Glasovalo birača (po listićima)": 186, "Važeći listići": 181, "Nevažeći listići": 5 }, "latitude": 46.0383788, "longitude": 16.3367075, "population": 328 }, "geometry": { "type": "MultiPolygon", "coordinates": [ [ [ [ 16.32056607039566, 46.060171575497058 ], [ 16.353023286573485, 46.055612429668102 ], [ 16.357408856792421, 46.052296600265471 ], [ 16.360367037865316, 46.043037829470599 ], [ 16.360366816306563, 46.035549333668264 ], [ 16.334381951477294, 46.022343215904776 ], [ 16.319474266061302, 46.027059572858249 ], [ 16.315807650869761, 46.054853683274743 ], [ 16.32056607039566, 46.060171575497058 ] ] ] ] } },
{ "type": "Feature", "properties": { "BM": 1440, "data": { "Oznaka Gr/Op/Dr": "grad", "Grad/općina/država": "VARAŽDIN", "Rbr BM": 17, "Naziv BM": "VARAŽDIN", "Lokacija BM": "BIRALIŠTE 2, PROSTORIJE ŠKOLSKO SPORTSKE DVORANE GRABERJE", "Adresa BM": "GRABERJE 33", "Glasovalo birača": 424, "Glasovalo birača (po listićima)": 423, "Važeći listići": 408, "Nevažeći listići": 15 }, "latitude": 46.3082752, "longitude": 16.3290698, "population": 610 }, "geometry": { "type": "MultiPolygon", "coordinates": [ [ [ [ 16.322621198634124, 46.30732040778458 ], [ 16.32787387908046, 46.312170877424336 ], [ 16.331485680578613, 46.310129530584355 ], [ 16.331372280816744, 46.308769157479517 ], [ 16.327802648412757, 46.304570516652959 ], [ 16.323723457316508, 46.305960294483953 ], [ 16.322621198634124, 46.30732040778458 ] ] ] ] } },
{ "type": "Feature", "properties": { "BM": 1370, "data": { "Oznaka Gr/Op/Dr": "grad", "Grad/općina/država": "NOVI MAROF", "Rbr BM": 7, "Naziv BM": "STRMEC REMETINEČKI", "Lokacija BM": "DRUŠTVENI DOM STRMEC REMETINEČKI", "Adresa BM": "STRMEC REMETINEČKI 76", "Glasovalo birača": 294, "Glasovalo birača (po listićima)": 294, "Važeći listići": 284, "Nevažeći listići": 10 }, "latitude": 46.1982921, "longitude": 16.3275096, "population": 416 }, "geometry": { "type": "MultiPolygon", "coordinates": [ [ [ [ 16.314716372214004, 46.207032422289736 ], [ 16.331100603479818, 46.218265148597759 ], [ 16.333321152227569, 46.218036152750017 ], [ 16.334931131367458, 46.216460017406362 ], [ 16.339081744741936, 46.190485369257864 ], [ 16.312155016257758, 46.191226501589931 ], [ 16.314716372214004, 46.207032422289736 ] ] ] ] } },
{ "type": "Feature", "properties": { "BM": 1378, "data": { "Oznaka Gr/Op/Dr": "grad", "Grad/općina/država": "NOVI MAROF", "Rbr BM": 15, "Naziv BM": "GRANA", "Lokacija BM": "GRADSKI PROSTOR PORED MALONOGOMETNOG IGRALIŠTA U GRANI", "Adresa BM": "GRANA", "Glasovalo birača": 276, "Glasovalo birača (po listićima)": 276, "Važeći listići": 266, "Nevažeći listići": 10 }, "latitude": 46.1572475, "longitude": 16.3283559, "population": 439 }, "geometry": { "type": "MultiPolygon", "coordinates": [ [ [ [ 16.31904597655166, 46.159318270307786 ], [ 16.325066086237285, 46.163140908205094 ], [ 16.325668371329972, 46.162866223075994 ], [ 16.338389135188997, 46.155203597969056 ], [ 16.336801576868019, 46.151334300093986 ], [ 16.319882913744038, 46.155566330930768 ], [ 16.31904597655166, 46.159318270307786 ] ] ] ] } },
{ "type": "Feature", "properties": { "BM": 1926, "data": { "Oznaka Gr/Op/Dr": "općina", "Grad/općina/država": "SVETI ILIJA", "Rbr BM": 8, "Naziv BM": "ŽIGROVEC", "Lokacija BM": "KONTEJNER U ŽIGROVCU", "Adresa BM": "VLADIMIRA NAZORA BB", "Glasovalo birača": 141, "Glasovalo birača (po listićima)": 141, "Važeći listići": 137, "Nevažeći listići": 4 }, "latitude": 46.2416399, "longitude": 16.3313959, "population": 187 }, "geometry": { "type": "MultiPolygon", "coordinates": [ [ [ [ 16.332903745771194, 46.24917131206255 ], [ 16.335189511348787, 46.240409816985618 ], [ 16.325801162534098, 46.239603243188057 ], [ 16.332903745771194, 46.24917131206255 ] ] ] ] } },
{ "type": "Feature", "properties": { "BM": 1364, "data": { "Oznaka Gr/Op/Dr": "grad", "Grad/općina/država": "NOVI MAROF", "Rbr BM": 1, "Naziv BM": "NOVI MAROF 1.", "Lokacija BM": "KULTURNI CENTAR \"IVAN RABUZIN\" (MALA DVORANA)", "Adresa BM": "ULICA ANTUNA MIHANOVIĆA 3", "Glasovalo birača": 465, "Glasovalo birača (po listićima)": 465, "Važeći listići": 450, "Nevažeći listići": 15 }, "latitude": 46.1645207, "longitude": 16.331673, "population": 642 }, "geometry": { "type": "MultiPolygon", "coordinates": [ [ [ [ 16.32751154694504, 46.169421991985317 ], [ 16.338556098990157, 46.164874592777657 ], [ 16.325668371329972, 46.162866223075994 ], [ 16.325066086237285, 46.163140908205094 ], [ 16.32751154694504, 46.169421991985317 ] ] ] ] } },
{ "type": "Feature", "properties": { "BM": 1469, "data": { "Oznaka Gr/Op/Dr": "grad", "Grad/općina/država": "VARAŽDIN", "Rbr BM": 46, "Naziv BM": "ČRNEC BIŠKUPEČKI", "Lokacija BM": "BIVŠE PROSTORIJE DRUŠTVENOG DOMA", "Adresa BM": "ČRNEC BIŠKUPEČKI 137", "Glasovalo birača": 316, "Glasovalo birača (po listićima)": 316, "Važeći listići": 309, "Nevažeći listići": 7 }, "latitude": 46.2655402, "longitude": 16.3412151, "population": 527 }, "geometry": { "type": "MultiPolygon", "coordinates": [ [ [ [ 16.316571159163423, 46.270835602208663 ], [ 16.338623041037184, 46.277053050593217 ], [ 16.3498329111728, 46.276191949086375 ], [ 16.348545768459779, 46.253095706238568 ], [ 16.334048265016754, 46.255261079752039 ], [ 16.324110844118405, 46.262758757000597 ], [ 16.317228904059142, 46.269487419995365 ], [ 16.316571159163423, 46.270835602208663 ] ] ] ] } },
{ "type": "Feature", "properties": { "BM": 1438, "data": { "Oznaka Gr/Op/Dr": "grad", "Grad/općina/država": "VARAŽDIN", "Rbr BM": 15, "Naziv BM": "VARAŽDIN", "Lokacija BM": "BIVŠE PROSTORIJE IV. MJESNOG ODBORA", "Adresa BM": "TRAKOŠĆANSKA 24", "Glasovalo birača": 286, "Glasovalo birača (po listićima)": 286, "Važeći listići": 280, "Nevažeći listići": 6 }, "latitude": 46.3064172, "longitude": 16.3312552, "population": 399 }, "geometry": { "type": "MultiPolygon", "coordinates": [ [ [ [ 16.327802648412757, 46.304570516652959 ], [ 16.331372280816744, 46.308769157479517 ], [ 16.331913209560952, 46.307928377158575 ], [ 16.332048115845712, 46.30615463071117 ], [ 16.328733245398947, 46.303781258356381 ], [ 16.327802648412757, 46.304570516652959 ] ] ] ] } },
{ "type": "Feature", "properties": { "BM": 1367, "data": { "Oznaka Gr/Op/Dr": "grad", "Grad/općina/država": "NOVI MAROF", "Rbr BM": 4, "Naziv BM": "PURGARI", "Lokacija BM": "STAMBENI PROSTOR, VL. STJEPAN ŠTORGA", "Adresa BM": "REMETINEC 4A", "Glasovalo birača": 172, "Glasovalo birača (po listićima)": 172, "Važeći listići": 167, "Nevažeći listići": 5 }, "latitude": 46.1699723, "longitude": 16.3339176, "population": 232 }, "geometry": { "type": "MultiPolygon", "coordinates": [ [ [ [ 16.326941792090516, 46.174828658562014 ], [ 16.331146021680603, 46.176975649911981 ], [ 16.347139915098296, 46.164610578889409 ], [ 16.347114219433195, 46.164068054774582 ], [ 16.345274573174997, 46.162889041085307 ], [ 16.338556098990157, 46.164874592777657 ], [ 16.32751154694504, 46.169421991985317 ], [ 16.326941792090516, 46.174828658562014 ] ] ] ] } },
{ "type": "Feature", "properties": { "BM": 2012, "data": { "Oznaka Gr/Op/Dr": "općina", "Grad/općina/država": "VISOKO", "Rbr BM": 7, "Naziv BM": "ČANJEVO", "Lokacija BM": "VATROGASNI DOM", "Adresa BM": "ČANJEVO 26/C", "Glasovalo birača": 94, "Glasovalo birača (po listićima)": 94, "Važeći listići": 93, "Nevažeći listići": 1 }, "latitude": 46.1030759, "longitude": 16.338945, "population": 121 }, "geometry": { "type": "MultiPolygon", "coordinates": [ [ [ [ 16.342882542311656, 46.126356377807745 ], [ 16.350107933781786, 46.12511089960033 ], [ 16.348410048612358, 46.101849236409009 ], [ 16.34469145802252, 46.097651199870285 ], [ 16.33426090143389, 46.096255710505169 ], [ 16.320207592334285, 46.107468555624131 ], [ 16.342882542311656, 46.126356377807745 ] ] ] ] } },
{ "type": "Feature", "properties": { "BM": 1365, "data": { "Oznaka Gr/Op/Dr": "grad", "Grad/općina/država": "NOVI MAROF", "Rbr BM": 2, "Naziv BM": "NOVI MAROF 2.", "Lokacija BM": "OSNOVNA ŠKOLA NOVI MAROF", "Adresa BM": "ZAGORSKA ULICA 23", "Glasovalo birača": 417, "Glasovalo birača (po listićima)": 417, "Važeći listići": 411, "Nevažeći listići": 6 }, "latitude": 46.1631173, "longitude": 16.3318917, "population": 616 }, "geometry": { "type": "MultiPolygon", "coordinates": [ [ [ [ 16.325668371329972, 46.162866223075994 ], [ 16.338556098990157, 46.164874592777657 ], [ 16.345274573174997, 46.162889041085307 ], [ 16.338389135188997, 46.155203597969056 ], [ 16.325668371329972, 46.162866223075994 ] ] ] ] } },
{ "type": "Feature", "properties": { "BM": 1377, "data": { "Oznaka Gr/Op/Dr": "grad", "Grad/općina/država": "NOVI MAROF", "Rbr BM": 14, "Naziv BM": "MOŽĐENEC", "Lokacija BM": "DRUŠTVENI DOM MOŽĐENEC", "Adresa BM": "MOŽĐENEC 86 A", "Glasovalo birača": 328, "Glasovalo birača (po listićima)": 328, "Važeći listići": 310, "Nevažeći listići": 18 }, "latitude": 46.1496116, "longitude": 16.3469666, "population": 554 }, "geometry": { "type": "MultiPolygon", "coordinates": [ [ [ [ 16.336396325442667, 46.134193164695766 ], [ 16.336801576868019, 46.151334300093986 ], [ 16.338389135188997, 46.155203597969056 ], [ 16.345274573174997, 46.162889041085307 ], [ 16.347114219433195, 46.164068054774582 ], [ 16.366248703505654, 46.150190416072221 ], [ 16.372183574283046, 46.133325788681702 ], [ 16.365319510218068, 46.128598131064948 ], [ 16.350107933781786, 46.12511089960033 ], [ 16.342882542311656, 46.126356377807745 ], [ 16.336396325442667, 46.134193164695766 ] ] ] ] } },
{ "type": "Feature", "properties": { "BM": 1443, "data": { "Oznaka Gr/Op/Dr": "grad", "Grad/općina/država": "VARAŽDIN", "Rbr BM": 20, "Naziv BM": "VARAŽDIN", "Lokacija BM": "PROSTORIJE POSLOVNE ZGRADE \"ELEKTRA\"", "Adresa BM": "KRATKA 3", "Glasovalo birača": 405, "Glasovalo birača (po listićima)": 405, "Važeći listići": 398, "Nevažeći listići": 7 }, "latitude": 46.3053194, "longitude": 16.3320412, "population": 534 }, "geometry": { "type": "MultiPolygon", "coordinates": [ [ [ [ 16.332048115845712, 46.30615463071117 ], [ 16.334401758824416, 46.304699468220853 ], [ 16.334621596503684, 46.302346803099169 ], [ 16.334102077412471, 46.301615265797949 ], [ 16.33084246847887, 46.301179728619417 ], [ 16.328733245398947, 46.303781258356381 ], [ 16.332048115845712, 46.30615463071117 ] ] ] ] } },
{ "type": "Feature", "properties": { "BM": 1470, "data": { "Oznaka Gr/Op/Dr": "grad", "Grad/općina/država": "VARAŽDIN", "Rbr BM": 47, "Naziv BM": "GOJANEC", "Lokacija BM": "PROSTORIJE DOBROVOLJNOG VATROGASNOG DRUŠTVA", "Adresa BM": "MATIJE GUPCA 24", "Glasovalo birača": 354, "Glasovalo birača (po listićima)": 354, "Važeći listići": 345, "Nevažeći listići": 9 }, "latitude": 46.3200596, "longitude": 16.3403356, "population": 490 }, "geometry": { "type": "MultiPolygon", "coordinates": [ [ [ [ 16.320793622696439, 46.345914026306694 ], [ 16.331970359829228, 46.351326357424881 ], [ 16.345828779656252, 46.340992475245898 ], [ 16.347713235144916, 46.336294324170801 ], [ 16.3418774863739, 46.317741212567682 ], [ 16.34006248353349, 46.314652223540229 ], [ 16.337584234685217, 46.314756383020317 ], [ 16.328771641995129, 46.32561578872604 ], [ 16.320793622696439, 46.345914026306694 ] ] ] ] } },
{ "type": "Feature", "properties": { "BM": 1449, "data": { "Oznaka Gr/Op/Dr": "grad", "Grad/općina/država": "VARAŽDIN", "Rbr BM": 26, "Naziv BM": "VARAŽDIN", "Lokacija BM": "BIRALIŠTE 3, PROSTORIJE VI. OSNOVNE ŠKOLE", "Adresa BM": "DIMITRIJE DEMETRA 13", "Glasovalo birača": 531, "Glasovalo birača (po listićima)": 531, "Važeći listići": 522, "Nevažeći listići": 9 }, "latitude": 46.2975, "longitude": 16.333086, "population": 719 }, "geometry": { "type": "MultiPolygon", "coordinates": [ [ [ [ 16.33084246847887, 46.301179728619417 ], [ 16.334102077412471, 46.301615265797949 ], [ 16.338933756199506, 46.294214454879132 ], [ 16.339071574965885, 46.293868291346662 ], [ 16.339013591034128, 46.293807905955731 ], [ 16.325781752893928, 46.291335201121356 ], [ 16.33084246847887, 46.301179728619417 ] ] ] ] } },
{ "type": "Feature", "properties": { "BM": 1366, "data": { "Oznaka Gr/Op/Dr": "grad", "Grad/općina/država": "NOVI MAROF", "Rbr BM": 3, "Naziv BM": "NOVI MAROF 3.", "Lokacija BM": "U POSLOVNOM PROSTORU \"MARŠIĆ\", NOVI MAROF", "Adresa BM": "VARAŽDINSKA ULICA 88", "Glasovalo birača": 231, "Glasovalo birača (po listićima)": 231, "Važeći listići": 226, "Nevažeći listići": 5 }, "latitude": 46.1760568, "longitude": 16.3386216, "population": 321 }, "geometry": { "type": "MultiPolygon", "coordinates": [ [ [ [ 16.339424604089064, 46.19009792382699 ], [ 16.344853824567846, 46.188173226260346 ], [ 16.348530965947507, 46.181319124019382 ], [ 16.350494447294299, 46.174725964618439 ], [ 16.347139915098296, 46.164610578889409 ], [ 16.331146021680603, 46.176975649911981 ], [ 16.339424604089064, 46.19009792382699 ] ] ] ] } },
{ "type": "Feature", "properties": { "BM": 1920, "data": { "Oznaka Gr/Op/Dr": "općina", "Grad/općina/država": "SVETI ILIJA", "Rbr BM": 2, "Naziv BM": "DOLJAN", "Lokacija BM": "PROSTORIJE DRUŠTVENOG DOMA U DOLJANU", "Adresa BM": "ŽELJEZNIČKI NASIP 1", "Glasovalo birača": 240, "Glasovalo birača (po listićima)": 240, "Važeći listići": 232, "Nevažeći listići": 8 }, "latitude": 46.2433364, "longitude": 16.3378987, "population": 325 }, "geometry": { "type": "MultiPolygon", "coordinates": [ [ [ [ 16.334048265016754, 46.255261079752039 ], [ 16.348545768459779, 46.253095706238568 ], [ 16.353613206068758, 46.248503122452703 ], [ 16.354077671266783, 46.240629900998009 ], [ 16.342204442284416, 46.231266968453973 ], [ 16.335189511348787, 46.240409816985618 ], [ 16.332903745771194, 46.24917131206255 ], [ 16.334048265016754, 46.255261079752039 ] ] ] ] } },
{ "type": "Feature", "properties": { "BM": 1441, "data": { "Oznaka Gr/Op/Dr": "grad", "Grad/općina/država": "VARAŽDIN", "Rbr BM": 18, "Naziv BM": "VARAŽDIN", "Lokacija BM": "BIRALIŠTE 1, PROSTORIJE ŽUPANIJSKOG SUDA", "Adresa BM": "BRAĆE RADIĆ 2", "Glasovalo birača": 374, "Glasovalo birača (po listićima)": 374, "Važeći listići": 360, "Nevažeći listići": 14 }, "latitude": 46.3065341, "longitude": 16.3327922, "population": 564 }, "geometry": { "type": "MultiPolygon", "coordinates": [ [ [ [ 16.331913209560952, 46.307928377158575 ], [ 16.334740236076257, 46.306337696401812 ], [ 16.334401758824416, 46.304699468220853 ], [ 16.332048115845712, 46.30615463071117 ], [ 16.331913209560952, 46.307928377158575 ] ] ] ] } },
{ "type": "Feature", "properties": { "BM": 1454, "data": { "Oznaka Gr/Op/Dr": "grad", "Grad/općina/država": "VARAŽDIN", "Rbr BM": 31, "Naziv BM": "VARAŽDIN", "Lokacija BM": "BIRALIŠTE 4, PROSTORIJE IV. OSNOVNE ŠKOLE", "Adresa BM": "M. A. RELJKOVIĆA 36", "Glasovalo birača": 562, "Glasovalo birača (po listićima)": 562, "Važeći listići": 541, "Nevažeći listići": 21 }, "latitude": 46.305746, "longitude": 16.3366066, "population": 849 }, "geometry": { "type": "MultiPolygon", "coordinates": [ [ [ [ 16.334740236076257, 46.306337696401812 ], [ 16.335708852497312, 46.307706651501448 ], [ 16.339346243186093, 46.30643990652846 ], [ 16.339831454310222, 46.305263466880582 ], [ 16.339921190844375, 46.304171284023937 ], [ 16.334621596503684, 46.302346803099169 ], [ 16.334401758824416, 46.304699468220853 ], [ 16.334740236076257, 46.306337696401812 ] ] ] ] } },
{ "type": "Feature", "properties": { "BM": 1662, "data": { "Oznaka Gr/Op/Dr": "općina", "Grad/općina/država": "GORNJI KNEGINEC", "Rbr BM": 7, "Naziv BM": "LUŽAN BIŠKUPEČKI", "Lokacija BM": "PROSTORIJE DRUŠTVENOG DOMA", "Adresa BM": "ULICA KRALJA ZVONIMIRA BB", "Glasovalo birača": 337, "Glasovalo birača (po listićima)": 337, "Važeći listići": 320, "Nevažeći listići": 17 }, "latitude": 46.2242658, "longitude": 16.3529373, "population": 527 }, "geometry": { "type": "MultiPolygon", "coordinates": [ [ [ [ 16.333321152227569, 46.218036152750017 ], [ 16.342204442284416, 46.231266968453973 ], [ 16.354077671266783, 46.240629900998009 ], [ 16.371864969587296, 46.226293427343442 ], [ 16.373964207976801, 46.219673937900836 ], [ 16.346216251513173, 46.213835392101117 ], [ 16.334931131367458, 46.216460017406362 ], [ 16.333321152227569, 46.218036152750017 ] ] ] ] } },
{ "type": "Feature", "properties": { "BM": 1434, "data": { "Oznaka Gr/Op/Dr": "grad", "Grad/općina/država": "VARAŽDIN", "Rbr BM": 11, "Naziv BM": "VARAŽDIN", "Lokacija BM": "BIRALIŠTE 2, PROSTORIJE DJEČJEG VRTIĆA (VELIKA DVORANA)", "Adresa BM": "ALEJA KRALJA ZVONIMIRA 3", "Glasovalo birača": 368, "Glasovalo birača (po listićima)": 368, "Važeći listići": 362, "Nevažeći listići": 6 }, "latitude": 46.3008899, "longitude": 16.3382784, "population": 540 }, "geometry": { "type": "MultiPolygon", "coordinates": [ [ [ [ 16.334621596503684, 46.302346803099169 ], [ 16.339921190844375, 46.304171284023937 ], [ 16.339946861924922, 46.304149051512049 ], [ 16.338933756199506, 46.294214454879132 ], [ 16.334102077412471, 46.301615265797949 ], [ 16.334621596503684, 46.302346803099169 ] ] ] ] } },
{ "type": "Feature", "properties": { "BM": 1371, "data": { "Oznaka Gr/Op/Dr": "grad", "Grad/općina/država": "NOVI MAROF", "Rbr BM": 8, "Naziv BM": "GORNJE PRESEČNO", "Lokacija BM": "BIVŠA PODRUČNA ŠKOLA PRESEČNO", "Adresa BM": "PRESEČNO 35 (PROSTOR UDRUGE \"SUNCE\")", "Glasovalo birača": 317, "Glasovalo birača (po listićima)": 317, "Važeći listići": 306, "Nevažeći listići": 11 }, "latitude": 46.2015096, "longitude": 16.3476448, "population": 472 }, "geometry": { "type": "MultiPolygon", "coordinates": [ [ [ [ 16.339081744741936, 46.190485369257864 ], [ 16.334931131367458, 46.216460017406362 ], [ 16.346216251513173, 46.213835392101117 ], [ 16.356713906030393, 46.196762525374581 ], [ 16.344853824567846, 46.188173226260346 ], [ 16.339424604089064, 46.19009792382699 ], [ 16.339081744741936, 46.190485369257864 ] ] ] ] } },
{ "type": "Feature", "properties": { "BM": 1437, "data": { "Oznaka Gr/Op/Dr": "grad", "Grad/općina/država": "VARAŽDIN", "Rbr BM": 14, "Naziv BM": "VARAŽDIN", "Lokacija BM": "BIRALIŠTE 2, PROSTORIJE DJEČJEG VRTIĆA", "Adresa BM": "JOSIPA KOZARCA 24", "Glasovalo birača": 537, "Glasovalo birača (po listićima)": 537, "Važeći listići": 529, "Nevažeći listići": 8 }, "latitude": 46.3006202, "longitude": 16.3409231, "population": 748 }, "geometry": { "type": "MultiPolygon", "coordinates": [ [ [ [ 16.338933756199506, 46.294214454879132 ], [ 16.339946861924922, 46.304149051512049 ], [ 16.344084482339198, 46.302675083327912 ], [ 16.352381166369035, 46.296004512518877 ], [ 16.339071574965885, 46.293868291346662 ], [ 16.338933756199506, 46.294214454879132 ] ] ] ] } },
{ "type": "Feature", "properties": { "BM": 1430, "data": { "Oznaka Gr/Op/Dr": "grad", "Grad/općina/država": "VARAŽDIN", "Rbr BM": 7, "Naziv BM": "VARAŽDIN", "Lokacija BM": "PROSTORIJE I. OSNOVNE ŠKOLE", "Adresa BM": "KRALJA P. KREŠIMIRA IV 10", "Glasovalo birača": 567, "Glasovalo birača (po listićima)": 567, "Važeći listići": 546, "Nevažeći listići": 21 }, "latitude": 46.3078791, "longitude": 16.3417785, "population": 783 }, "geometry": { "type": "MultiPolygon", "coordinates": [ [ [ [ 16.339346243186093, 46.30643990652846 ], [ 16.339360419708008, 46.306512831935471 ], [ 16.343698345991758, 46.312557070804729 ], [ 16.345498001579376, 46.312020604141061 ], [ 16.34552049207246, 46.311217671539801 ], [ 16.344227810366664, 46.308413298476189 ], [ 16.339831454310222, 46.305263466880582 ], [ 16.339346243186093, 46.30643990652846 ] ] ] ] } },
{ "type": "Feature", "properties": { "BM": 1464, "data": { "Oznaka Gr/Op/Dr": "grad", "Grad/općina/država": "VARAŽDIN", "Rbr BM": 41, "Naziv BM": "VARAŽDIN", "Lokacija BM": "BIRALIŠTE 1,  PROSTORIJE DRUŠTVENOG DOMA", "Adresa BM": "M. KOLARIĆA 23", "Glasovalo birača": 570, "Glasovalo birača (po listićima)": 570, "Važeći listići": 560, "Nevažeći listići": 10 }, "latitude": 46.2880349401415, "longitude": 16.342943064231299, "population": 789 }, "geometry": { "type": "MultiPolygon", "coordinates": [ [ [ [ 16.339071574965885, 46.293868291346662 ], [ 16.352381166369035, 46.296004512518877 ], [ 16.352671152218736, 46.29596509928367 ], [ 16.356737367953937, 46.294647368645201 ], [ 16.357879004535796, 46.288751822249509 ], [ 16.356365314021339, 46.28017813052486 ], [ 16.3498329111728, 46.276191949086375 ], [ 16.338623041037184, 46.277053050593217 ], [ 16.339013591034128, 46.293807905955731 ], [ 16.339071574965885, 46.293868291346662 ] ] ] ] } },
{ "type": "Feature", "properties": { "BM": 2010, "data": { "Oznaka Gr/Op/Dr": "općina", "Grad/općina/država": "VISOKO", "Rbr BM": 5, "Naziv BM": "VRH VISOČKI", "Lokacija BM": "OBITELJSKA KUĆA IVANA STRIČAKA", "Adresa BM": "VRH VISOČKI 23", "Glasovalo birača": 56, "Glasovalo birača (po listićima)": 56, "Važeći listići": 53, "Nevažeći listići": 3 }, "latitude": 46.0909067, "longitude": 16.3405731, "population": 79 }, "geometry": { "type": "MultiPolygon", "coordinates": [ [ [ [ 16.33426090143389, 46.096255710505169 ], [ 16.34469145802252, 46.097651199870285 ], [ 16.346639823891358, 46.085928008787526 ], [ 16.345205815746237, 46.084202593560804 ], [ 16.335067694068538, 46.083124430683228 ], [ 16.33426090143389, 46.096255710505169 ] ] ] ] } },
{ "type": "Feature", "properties": { "BM": 1427, "data": { "Oznaka Gr/Op/Dr": "grad", "Grad/općina/država": "VARAŽDIN", "Rbr BM": 4, "Naziv BM": "VARAŽDIN", "Lokacija BM": "BIVŠE PROSTORIJE II. MJESNOG ODBORA", "Adresa BM": "KOLODVORSKA 3", "Glasovalo birača": 636, "Glasovalo birača (po listićima)": 636, "Važeći listići": 628, "Nevažeći listići": 8 }, "latitude": 46.3062659, "longitude": 16.3429343, "population": 884 }, "geometry": { "type": "MultiPolygon", "coordinates": [ [ [ [ 16.339921190844375, 46.304171284023937 ], [ 16.339831454310222, 46.305263466880582 ], [ 16.344227810366664, 46.308413298476189 ], [ 16.344084482339198, 46.302675083327912 ], [ 16.339946861924922, 46.304149051512049 ], [ 16.339921190844375, 46.304171284023937 ] ] ] ] } },
{ "type": "Feature", "properties": { "BM": 1459, "data": { "Oznaka Gr/Op/Dr": "grad", "Grad/općina/država": "VARAŽDIN", "Rbr BM": 36, "Naziv BM": "VARAŽDIN", "Lokacija BM": "BIRALIŠTE 3, PROSTORIJE DJEČJEG VRTIĆA", "Adresa BM": "DRAVSKA ULICA 1", "Glasovalo birača": 492, "Glasovalo birača (po listićima)": 492, "Važeći listići": 481, "Nevažeći listići": 11 }, "latitude": 46.3175227, "longitude": 16.3446532, "population": 721 }, "geometry": { "type": "MultiPolygon", "coordinates": [ [ [ [ 16.3418774863739, 46.317741212567682 ], [ 16.356710450990761, 46.319951525778301 ], [ 16.357762398463624, 46.318251462501493 ], [ 16.345498001579376, 46.312020604141061 ], [ 16.343698345991758, 46.312557070804729 ], [ 16.34006248353349, 46.314652223540229 ], [ 16.3418774863739, 46.317741212567682 ] ] ] ] } },
{ "type": "Feature", "properties": { "BM": 2009, "data": { "Oznaka Gr/Op/Dr": "općina", "Grad/općina/država": "VISOKO", "Rbr BM": 4, "Naziv BM": "PRESEČNO VISOČKO", "Lokacija BM": "VATROGASNI DOM", "Adresa BM": "PRESEČNO VISOČKO 19 A", "Glasovalo birača": 101, "Glasovalo birača (po listićima)": 101, "Važeći listići": 98, "Nevažeći listići": 3 }, "latitude": 46.0926014, "longitude": 16.35077, "population": 133 }, "geometry": { "type": "MultiPolygon", "coordinates": [ [ [ [ 16.348410048612358, 46.101849236409009 ], [ 16.363992806803214, 46.089531842101778 ], [ 16.362818482828498, 46.088513647400646 ], [ 16.346639823891358, 46.085928008787526 ], [ 16.34469145802252, 46.097651199870285 ], [ 16.348410048612358, 46.101849236409009 ] ] ] ] } },
{ "type": "Feature", "properties": { "BM": 1432, "data": { "Oznaka Gr/Op/Dr": "grad", "Grad/općina/država": "VARAŽDIN", "Rbr BM": 9, "Naziv BM": "VARAŽDIN", "Lokacija BM": "BIRALIŠTE 2, BIVŠE PROSTORIJE III. MJESNOG ODBORA", "Adresa BM": "ZAGREBAČKA 17", "Glasovalo birača": 612, "Glasovalo birača (po listićima)": 611, "Važeći listići": 601, "Nevažeći listići": 10 }, "latitude": 46.2646486, "longitude": 16.3572138, "population": 887 }, "geometry": { "type": "MultiPolygon", "coordinates": [ [ [ [ 16.356365314021339, 46.28017813052486 ], [ 16.368850341050308, 46.270326075939508 ], [ 16.371840104873499, 46.265517417311756 ], [ 16.37163190241122, 46.264642502160989 ], [ 16.364986486995559, 46.255886239612423 ], [ 16.353613206068758, 46.248503122452703 ], [ 16.348545768459779, 46.253095706238568 ], [ 16.3498329111728, 46.276191949086375 ], [ 16.356365314021339, 46.28017813052486 ] ] ] ] } },
{ "type": "Feature", "properties": { "BM": 1462, "data": { "Oznaka Gr/Op/Dr": "grad", "Grad/općina/država": "VARAŽDIN", "Rbr BM": 39, "Naziv BM": "VARAŽDIN", "Lokacija BM": "BIRALIŠTE 3, BIVŠE PROSTORIJE VI. MJESNOG ODBORA \"BANFICA\"", "Adresa BM": "DRAVSKA 7 B", "Glasovalo birača": 436, "Glasovalo birača (po listićima)": 436, "Važeći listići": 422, "Nevažeći listići": 14 }, "latitude": 46.3187595, "longitude": 16.3444689, "population": 745 }, "geometry": { "type": "MultiPolygon", "coordinates": [ [ [ [ 16.347713235144916, 46.336294324170801 ], [ 16.356710450990761, 46.319951525778301 ], [ 16.3418774863739, 46.317741212567682 ], [ 16.347713235144916, 46.336294324170801 ] ] ] ] } },
{ "type": "Feature", "properties": { "BM": 1429, "data": { "Oznaka Gr/Op/Dr": "grad", "Grad/općina/država": "VARAŽDIN", "Rbr BM": 6, "Naziv BM": "VARAŽDIN", "Lokacija BM": "PROSTORIJE HŽ-PUTNIČKI PRIJEVOZ (ULAZ IZA DOMA ŽELJEZNIČARA)", "Adresa BM": "KOLODVORSKA 17", "Glasovalo birača": 446, "Glasovalo birača (po listićima)": 446, "Važeći listići": 437, "Nevažeći listići": 9 }, "latitude": 46.306204, "longitude": 16.3454125, "population": 679 }, "geometry": { "type": "MultiPolygon", "coordinates": [ [ [ [ 16.34552049207246, 46.311217671539801 ], [ 16.352671152218736, 46.29596509928367 ], [ 16.352381166369035, 46.296004512518877 ], [ 16.344084482339198, 46.302675083327912 ], [ 16.344227810366664, 46.308413298476189 ], [ 16.34552049207246, 46.311217671539801 ] ] ] ] } },
{ "type": "Feature", "properties": { "BM": 1372, "data": { "Oznaka Gr/Op/Dr": "grad", "Grad/općina/država": "NOVI MAROF", "Rbr BM": 9, "Naziv BM": "KLJUČ 1.", "Lokacija BM": "DOM KULTURE KLJUČ", "Adresa BM": "VIKTORA ČOLJE 2, KLJUČ", "Glasovalo birača": 344, "Glasovalo birača (po listićima)": 344, "Važeći listići": 325, "Nevažeći listići": 19 }, "latitude": 46.1686986, "longitude": 16.3608098, "population": 518 }, "geometry": { "type": "MultiPolygon", "coordinates": [ [ [ [ 16.347139915098296, 46.164610578889409 ], [ 16.350494447294299, 46.174725964618439 ], [ 16.365442250465264, 46.175937187293968 ], [ 16.372826551321889, 46.170098637467518 ], [ 16.366248703505654, 46.150190416072221 ], [ 16.347114219433195, 46.164068054774582 ], [ 16.347139915098296, 46.164610578889409 ] ] ] ] } },
{ "type": "Feature", "properties": { "BM": 1428, "data": { "Oznaka Gr/Op/Dr": "grad", "Grad/općina/država": "VARAŽDIN", "Rbr BM": 5, "Naziv BM": "VARAŽDIN", "Lokacija BM": "PROSTORIJE HŽ-ODRŽAVANJE PRUGA", "Adresa BM": "ULAZ IZ ULICE MATICE HRVATSKE", "Glasovalo birača": 541, "Glasovalo birača (po listićima)": 541, "Važeći listići": 538, "Nevažeći listići": 3 }, "latitude": 46.3080938, "longitude": 16.3494435, "population": 774 }, "geometry": { "type": "MultiPolygon", "coordinates": [ [ [ [ 16.34552049207246, 46.311217671539801 ], [ 16.345498001579376, 46.312020604141061 ], [ 16.357762398463624, 46.318251462501493 ], [ 16.367538747532581, 46.31153202748181 ], [ 16.356737367953937, 46.294647368645201 ], [ 16.352671152218736, 46.29596509928367 ], [ 16.34552049207246, 46.311217671539801 ] ] ] ] } },
{ "type": "Feature", "properties": { "BM": 1381, "data": { "Oznaka Gr/Op/Dr": "grad", "Grad/općina/država": "NOVI MAROF", "Rbr BM": 18, "Naziv BM": "SUDOVEC", "Lokacija BM": "DRUŠTVENI DOM SUDOVEC", "Adresa BM": "TRG SVETOG FLORIJANA 1, SUDOVEC", "Glasovalo birača": 177, "Glasovalo birača (po listićima)": 177, "Važeći listići": 169, "Nevažeći listići": 8 }, "latitude": 46.1016885, "longitude": 16.3579529, "population": 264 }, "geometry": { "type": "MultiPolygon", "coordinates": [ [ [ [ 16.350107933781786, 46.12511089960033 ], [ 16.365319510218068, 46.128598131064948 ], [ 16.369485939041954, 46.091072939378115 ], [ 16.363992806803214, 46.089531842101778 ], [ 16.348410048612358, 46.101849236409009 ], [ 16.350107933781786, 46.12511089960033 ] ] ] ] } },
{ "type": "Feature", "properties": { "BM": 1374, "data": { "Oznaka Gr/Op/Dr": "grad", "Grad/općina/država": "NOVI MAROF", "Rbr BM": 11, "Naziv BM": "OŠTRICE", "Lokacija BM": "VATROGASNI DOM OŠTRICE", "Adresa BM": "OŠTRICE 24", "Glasovalo birača": 228, "Glasovalo birača (po listićima)": 228, "Važeći listići": 222, "Nevažeći listići": 6 }, "latitude": 46.1866652, "longitude": 16.3583954, "population": 357 }, "geometry": { "type": "MultiPolygon", "coordinates": [ [ [ [ 16.356713906030393, 46.196762525374581 ], [ 16.369635646099979, 46.197922149974609 ], [ 16.365641621860782, 46.186493776501727 ], [ 16.348530965947507, 46.181319124019382 ], [ 16.344853824567846, 46.188173226260346 ], [ 16.356713906030393, 46.196762525374581 ] ] ] ] } },
{ "type": "Feature", "properties": { "BM": 1376, "data": { "Oznaka Gr/Op/Dr": "grad", "Grad/općina/država": "NOVI MAROF", "Rbr BM": 13, "Naziv BM": "DONJE PRESEČNO", "Lokacija BM": "PROSTOR PODRUČNE ŠKOLE PRESEČNO", "Adresa BM": "PRESEČNO 35", "Glasovalo birača": 140, "Glasovalo birača (po listićima)": 140, "Važeći listići": 135, "Nevažeći listići": 5 }, "latitude": 46.2069979, "longitude": 16.3565707, "population": 225 }, "geometry": { "type": "MultiPolygon", "coordinates": [ [ [ [ 16.346216251513173, 46.213835392101117 ], [ 16.373964207976801, 46.219673937900836 ], [ 16.380977438979684, 46.211829162471297 ], [ 16.378295988186576, 46.204734337973051 ], [ 16.376423475903088, 46.201972026808015 ], [ 16.369635646099979, 46.197922149974609 ], [ 16.356713906030393, 46.196762525374581 ], [ 16.346216251513173, 46.213835392101117 ] ] ] ] } },
{ "type": "Feature", "properties": { "BM": 1660, "data": { "Oznaka Gr/Op/Dr": "općina", "Grad/općina/država": "GORNJI KNEGINEC", "Rbr BM": 5, "Naziv BM": "VARAŽDIN BREG, MALI VRH", "Lokacija BM": "PROSTORIJE MJESNOG ODBORA VARAŽDINBREG II.", "Adresa BM": "MALI VRH BB", "Glasovalo birača": 368, "Glasovalo birača (po listićima)": 367, "Važeći listići": 356, "Nevažeći listići": 11 }, "latitude": 46.2452199, "longitude": 16.3698262, "population": 587 }, "geometry": { "type": "MultiPolygon", "coordinates": [ [ [ [ 16.353613206068758, 46.248503122452703 ], [ 16.364986486995559, 46.255886239612423 ], [ 16.379480100466267, 46.240992192239979 ], [ 16.371864969587296, 46.226293427343442 ], [ 16.354077671266783, 46.240629900998009 ], [ 16.353613206068758, 46.248503122452703 ] ] ] ] } },
{ "type": "Feature", "properties": { "BM": 1373, "data": { "Oznaka Gr/Op/Dr": "grad", "Grad/općina/država": "NOVI MAROF", "Rbr BM": 10, "Naziv BM": "KLJUČ 2.", "Lokacija BM": "PODRUČNA ŠKOLA KLJUČ", "Adresa BM": "VIKTORA ČOLJE 168, KLJUČ", "Glasovalo birača": 116, "Glasovalo birača (po listićima)": 116, "Važeći listići": 109, "Nevažeći listići": 7 }, "latitude": 46.1823355, "longitude": 16.3597048, "population": 186 }, "geometry": { "type": "MultiPolygon", "coordinates": [ [ [ [ 16.348530965947507, 46.181319124019382 ], [ 16.365641621860782, 46.186493776501727 ], [ 16.365442250465264, 46.175937187293968 ], [ 16.350494447294299, 46.174725964618439 ], [ 16.348530965947507, 46.181319124019382 ] ] ] ] } },
{ "type": "Feature", "properties": { "BM": 1468, "data": { "Oznaka Gr/Op/Dr": "grad", "Grad/općina/država": "VARAŽDIN", "Rbr BM": 45, "Naziv BM": "POLJANA BIŠKUPEČKA", "Lokacija BM": "PROSTORIJE DRUŠTVENOG DOMA", "Adresa BM": "VARAŽDINSKA 56", "Glasovalo birača": 230, "Glasovalo birača (po listićima)": 230, "Važeći listići": 222, "Nevažeći listići": 8 }, "latitude": 46.2829638, "longitude": 16.3716665, "population": 365 }, "geometry": { "type": "MultiPolygon", "coordinates": [ [ [ [ 16.357879004535796, 46.288751822249509 ], [ 16.380106198612374, 46.28805291137617 ], [ 16.368850341050308, 46.270326075939508 ], [ 16.356365314021339, 46.28017813052486 ], [ 16.357879004535796, 46.288751822249509 ] ] ] ] } },
{ "type": "Feature", "properties": { "BM": 1661, "data": { "Oznaka Gr/Op/Dr": "općina", "Grad/općina/država": "GORNJI KNEGINEC", "Rbr BM": 6, "Naziv BM": "VARAŽDIN BREG, HALIĆ", "Lokacija BM": "PROSTORIJE VATROGASNOG DOMA", "Adresa BM": "HALIĆ BB", "Glasovalo birača": 472, "Glasovalo birača (po listićima)": 472, "Važeći listići": 457, "Nevažeći listići": 15 }, "latitude": 46.2355444, "longitude": 16.3885019, "population": 759 }, "geometry": { "type": "MultiPolygon", "coordinates": [ [ [ [ 16.371864969587296, 46.226293427343442 ], [ 16.379480100466267, 46.240992192239979 ], [ 16.386299584121534, 46.246812777735251 ], [ 16.401888997350859, 46.249567119776806 ], [ 16.386580419255658, 46.212806643284594 ], [ 16.380977438979684, 46.211829162471297 ], [ 16.373964207976801, 46.219673937900836 ], [ 16.371864969587296, 46.226293427343442 ] ] ] ] } },
{ "type": "Feature", "properties": { "BM": 1375, "data": { "Oznaka Gr/Op/Dr": "grad", "Grad/općina/država": "NOVI MAROF", "Rbr BM": 12, "Naziv BM": "OREHOVEC", "Lokacija BM": "DRUŠTVENI DOM OREHOVEC", "Adresa BM": "OREHOVEC 23 C", "Glasovalo birača": 125, "Glasovalo birača (po listićima)": 125, "Važeći listići": 119, "Nevažeći listići": 6 }, "latitude": 46.1821143, "longitude": 16.3714172, "population": 216 }, "geometry": { "type": "MultiPolygon", "coordinates": [ [ [ [ 16.369635646099979, 46.197922149974609 ], [ 16.376423475903088, 46.201972026808015 ], [ 16.381698520905097, 46.174568188141073 ], [ 16.372826551321889, 46.170098637467518 ], [ 16.365442250465264, 46.175937187293968 ], [ 16.365641621860782, 46.186493776501727 ], [ 16.369635646099979, 46.197922149974609 ] ] ] ] } },
{ "type": "Feature", "properties": { "BM": 1471, "data": { "Oznaka Gr/Op/Dr": "grad", "Grad/općina/država": "VARAŽDIN", "Rbr BM": 48, "Naziv BM": "KUĆAN MAROF", "Lokacija BM": "PROSTORIJE DRUŠTVENOG DOMA", "Adresa BM": "MAROFSKA 2 A", "Glasovalo birača": 776, "Glasovalo birača (po listićima)": 776, "Važeći listići": 758, "Nevažeći listići": 18 }, "latitude": 46.2936622, "longitude": 16.3720029, "population": 1109 }, "geometry": { "type": "MultiPolygon", "coordinates": [ [ [ [ 16.356737367953937, 46.294647368645201 ], [ 16.367538747532581, 46.31153202748181 ], [ 16.380390432352932, 46.314294842485822 ], [ 16.384820077246928, 46.311053199842064 ], [ 16.384675282955385, 46.294705388529252 ], [ 16.380817412550869, 46.28837996060534 ], [ 16.380106198612374, 46.28805291137617 ], [ 16.357879004535796, 46.288751822249509 ], [ 16.356737367953937, 46.294647368645201 ] ] ] ] } },
{ "type": "Feature", "properties": { "BM": 1754, "data": { "Oznaka Gr/Op/Dr": "općina", "Grad/općina/država": "LJUBEŠĆICA", "Rbr BM": 2, "Naziv BM": "BIRAČKO MJESTO BROJ 2. U LJUBEŠĆICI", "Lokacija BM": "OSNOVNA ŠKOLA LJUBEŠĆICA", "Adresa BM": "ZAGREBAČKA 22", "Glasovalo birača": 475, "Glasovalo birača (po listićima)": 475, "Važeći listići": 455, "Nevažeći listići": 20 }, "latitude": 46.1618149, "longitude": 16.3816437, "population": 665 }, "geometry": { "type": "MultiPolygon", "coordinates": [ [ [ [ 16.366248703505654, 46.150190416072221 ], [ 16.372826551321889, 46.170098637467518 ], [ 16.381698520905097, 46.174568188141073 ], [ 16.384596896346601, 46.173732232487879 ], [ 16.404213721385588, 46.150173112485312 ], [ 16.404632576758868, 46.142466279321823 ], [ 16.39907973179373, 46.136578728658037 ], [ 16.380705579325667, 46.13284939388317 ], [ 16.372183574283046, 46.133325788681702 ], [ 16.366248703505654, 46.150190416072221 ] ] ] ] } },
{ "type": "Feature", "properties": { "BM": 1491, "data": { "Oznaka Gr/Op/Dr": "grad", "Grad/općina/država": "VARAŽDINSKE TOPLICE", "Rbr BM": 17, "Naziv BM": "ČRNILE", "Lokacija BM": "DRUŠTVENI DOM", "Adresa BM": "ČRNILE", "Glasovalo birača": 86, "Glasovalo birača (po listićima)": 86, "Važeći listići": 84, "Nevažeći listići": 2 }, "latitude": 46.1853918, "longitude": 16.3884438, "population": 132 }, "geometry": { "type": "MultiPolygon", "coordinates": [ [ [ [ 16.378295988186576, 46.204734337973051 ], [ 16.395553805869984, 46.184959598911099 ], [ 16.392943153507566, 46.180162525195151 ], [ 16.384596896346601, 46.173732232487879 ], [ 16.381698520905097, 46.174568188141073 ], [ 16.376423475903088, 46.201972026808015 ], [ 16.378295988186576, 46.204734337973051 ] ] ] ] } },
{ "type": "Feature", "properties": { "BM": 1474, "data": { "Oznaka Gr/Op/Dr": "grad", "Grad/općina/država": "VARAŽDIN", "Rbr BM": 51, "Naziv BM": "ZBELAVA", "Lokacija BM": "PROSTORIJE DRUŠTVENOG DOMA", "Adresa BM": "VARAŽDINSKA 119", "Glasovalo birača": 257, "Glasovalo birača (po listićima)": 257, "Važeći listići": 254, "Nevažeći listići": 3 }, "latitude": 46.2782501, "longitude": 16.3790901, "population": 388 }, "geometry": { "type": "MultiPolygon", "coordinates": [ [ [ [ 16.368850341050308, 46.270326075939508 ], [ 16.380106198612374, 46.28805291137617 ], [ 16.380817412550869, 46.28837996060534 ], [ 16.383611225756294, 46.282177647846069 ], [ 16.378540830513742, 46.267323660734164 ], [ 16.371840104873499, 46.265517417311756 ], [ 16.368850341050308, 46.270326075939508 ] ] ] ] } },
{ "type": "Feature", "properties": { "BM": 1658, "data": { "Oznaka Gr/Op/Dr": "općina", "Grad/općina/država": "GORNJI KNEGINEC", "Rbr BM": 3, "Naziv BM": "GORNJI KNEGINEC", "Lokacija BM": "PROSTORIJE OSNOVNE ŠKOLE KNEGINEC GORNJI - BIRALIŠTE 2", "Adresa BM": "GORNJI KNEGINEC", "Glasovalo birača": 456, "Glasovalo birača (po listićima)": 456, "Važeći listići": 442, "Nevažeći listići": 14 }, "latitude": 46.2507577, "longitude": 16.375517, "population": 629 }, "geometry": { "type": "MultiPolygon", "coordinates": [ [ [ [ 16.37163190241122, 46.264642502160989 ], [ 16.386299584121534, 46.246812777735251 ], [ 16.379480100466267, 46.240992192239979 ], [ 16.364986486995559, 46.255886239612423 ], [ 16.37163190241122, 46.264642502160989 ] ] ] ] } },
{ "type": "Feature", "properties": { "BM": 1656, "data": { "Oznaka Gr/Op/Dr": "općina", "Grad/općina/država": "GORNJI KNEGINEC", "Rbr BM": 1, "Naziv BM": "DONJI KNEGINEC", "Lokacija BM": "PROSTORIJE DRUŠTVENOG DOMA", "Adresa BM": "ZAVRTNA BB", "Glasovalo birača": 414, "Glasovalo birača (po listićima)": 414, "Važeći listići": 394, "Nevažeći listići": 20 }, "latitude": 46.2581536, "longitude": 16.3845073, "population": 605 }, "geometry": { "type": "MultiPolygon", "coordinates": [ [ [ [ 16.371840104873499, 46.265517417311756 ], [ 16.378540830513742, 46.267323660734164 ], [ 16.404943910771802, 46.266916526336232 ], [ 16.408706353886487, 46.266151934802458 ], [ 16.416120502225173, 46.261609486447441 ], [ 16.415841429281969, 46.257977902359912 ], [ 16.401888997350859, 46.249567119776806 ], [ 16.386299584121534, 46.246812777735251 ], [ 16.37163190241122, 46.264642502160989 ], [ 16.371840104873499, 46.265517417311756 ] ] ] ] } },
{ "type": "Feature", "properties": { "BM": 1473, "data": { "Oznaka Gr/Op/Dr": "grad", "Grad/općina/država": "VARAŽDIN", "Rbr BM": 50, "Naziv BM": "DONJI KUĆAN", "Lokacija BM": "PROSTORIJE VATROGASNOG DOMA", "Adresa BM": "DONJI KUĆAN", "Glasovalo birača": 383, "Glasovalo birača (po listićima)": 383, "Važeći listići": 373, "Nevažeći listići": 10 }, "latitude": 46.2829611, "longitude": 16.3895486, "population": 599 }, "geometry": { "type": "MultiPolygon", "coordinates": [ [ [ [ 16.380817412550869, 46.28837996060534 ], [ 16.384675282955385, 46.294705388529252 ], [ 16.398806131776873, 46.284213805160022 ], [ 16.408706353886487, 46.266151934802458 ], [ 16.404943910771802, 46.266916526336232 ], [ 16.383611225756294, 46.282177647846069 ], [ 16.380817412550869, 46.28837996060534 ] ] ] ] } },
{ "type": "Feature", "properties": { "BM": 1472, "data": { "Oznaka Gr/Op/Dr": "grad", "Grad/općina/država": "VARAŽDIN", "Rbr BM": 49, "Naziv BM": "GORNJI KUĆAN", "Lokacija BM": "PROSTORIJE VATROGASNOG DOMA", "Adresa BM": "GORNJI KUĆAN", "Glasovalo birača": 597, "Glasovalo birača (po listićima)": 597, "Važeći listići": 580, "Nevažeći listići": 17 }, "latitude": 46.2763054, "longitude": 16.3847872, "population": 846 }, "geometry": { "type": "MultiPolygon", "coordinates": [ [ [ [ 16.383611225756294, 46.282177647846069 ], [ 16.404943910771802, 46.266916526336232 ], [ 16.378540830513742, 46.267323660734164 ], [ 16.383611225756294, 46.282177647846069 ] ] ] ] } },
{ "type": "Feature", "properties": { "BM": 1490, "data": { "Oznaka Gr/Op/Dr": "grad", "Grad/općina/država": "VARAŽDINSKE TOPLICE", "Rbr BM": 16, "Naziv BM": "PETKOVEC TOPLIČKI", "Lokacija BM": "PODRUČNA ŠKOLA", "Adresa BM": "PETKOVEC TOPLIČKI", "Glasovalo birača": 152, "Glasovalo birača (po listićima)": 152, "Važeći listići": 145, "Nevažeći listići": 7 }, "latitude": 46.1920627, "longitude": 16.3960876, "population": 200 }, "geometry": { "type": "MultiPolygon", "coordinates": [ [ [ [ 16.378295988186576, 46.204734337973051 ], [ 16.380977438979684, 46.211829162471297 ], [ 16.386580419255658, 46.212806643284594 ], [ 16.39004316005142, 46.212327231441783 ], [ 16.405284817233095, 46.190330593934007 ], [ 16.404715906925578, 46.187592786854381 ], [ 16.395553805869984, 46.184959598911099 ], [ 16.378295988186576, 46.204734337973051 ] ] ] ] } },
{ "type": "Feature", "properties": { "BM": 1964, "data": { "Oznaka Gr/Op/Dr": "općina", "Grad/općina/država": "TRNOVEC BARTOLOVEČKI", "Rbr BM": 2, "Naziv BM": "TRNOVEC", "Lokacija BM": "PROSTORIJE ŠKOLSKE SPORTSKE DVORANE", "Adresa BM": "TRNOVEC, BARTOLOVEČKA ULICA 55", "Glasovalo birača": 496, "Glasovalo birača (po listićima)": 496, "Važeći listići": 475, "Nevažeći listići": 21 }, "latitude": 46.2913439, "longitude": 16.4048421, "population": 860 }, "geometry": { "type": "MultiPolygon", "coordinates": [ [ [ [ 16.398806131776873, 46.284213805160022 ], [ 16.401125701464931, 46.292538224572027 ], [ 16.423268859442114, 46.296277191208191 ], [ 16.429646489498214, 46.276564467054676 ], [ 16.416120502225173, 46.261609486447441 ], [ 16.408706353886487, 46.266151934802458 ], [ 16.398806131776873, 46.284213805160022 ] ] ] ] } },
{ "type": "Feature", "properties": { "BM": 1478, "data": { "Oznaka Gr/Op/Dr": "grad", "Grad/općina/država": "VARAŽDINSKE TOPLICE", "Rbr BM": 4, "Naziv BM": "VRTLINOVEC", "Lokacija BM": "VATROGASNI DOM", "Adresa BM": "VRTLINOVEC", "Glasovalo birača": 232, "Glasovalo birača (po listićima)": 232, "Važeći listići": 226, "Nevažeći listići": 6 }, "latitude": 46.2301873, "longitude": 16.4013659, "population": 435 }, "geometry": { "type": "MultiPolygon", "coordinates": [ [ [ [ 16.415841429281969, 46.257977902359912 ], [ 16.42573128086855, 46.238575756849556 ], [ 16.424806182691199, 46.234144195776452 ], [ 16.42428070049171, 46.233495183301045 ], [ 16.413433194967755, 46.221360175734866 ], [ 16.406741205195729, 46.215339922406002 ], [ 16.39004316005142, 46.212327231441783 ], [ 16.386580419255658, 46.212806643284594 ], [ 16.401888997350859, 46.249567119776806 ], [ 16.415841429281969, 46.257977902359912 ] ] ] ] } },
{ "type": "Feature", "properties": { "BM": 1756, "data": { "Oznaka Gr/Op/Dr": "općina", "Grad/općina/država": "LJUBEŠĆICA", "Rbr BM": 4, "Naziv BM": "RAKOVEC", "Lokacija BM": "DRUŠTVENA KUĆICA", "Adresa BM": "RAKOVEC", "Glasovalo birača": 64, "Glasovalo birača (po listićima)": 64, "Važeći listići": 61, "Nevažeći listići": 3 }, "latitude": 46.1744783, "longitude": 16.396852, "population": 97 }, "geometry": { "type": "MultiPolygon", "coordinates": [ [ [ [ 16.392943153507566, 46.180162525195151 ], [ 16.411008837094016, 46.169025414810136 ], [ 16.404213721385588, 46.150173112485312 ], [ 16.384596896346601, 46.173732232487879 ], [ 16.392943153507566, 46.180162525195151 ] ] ] ] } },
{ "type": "Feature", "properties": { "BM": 1967, "data": { "Oznaka Gr/Op/Dr": "općina", "Grad/općina/država": "TRNOVEC BARTOLOVEČKI", "Rbr BM": 5, "Naziv BM": "BARTOLOVEC", "Lokacija BM": "PROSTORIJE DRUŠTVENOG DOMA", "Adresa BM": "VARAŽDINSKA ULICA 75", "Glasovalo birača": 385, "Glasovalo birača (po listićima)": 385, "Važeći listići": 370, "Nevažeći listići": 15 }, "latitude": 46.2934379, "longitude": 16.3973272, "population": 623 }, "geometry": { "type": "MultiPolygon", "coordinates": [ [ [ [ 16.384820077246928, 46.311053199842064 ], [ 16.39726203506153, 46.310984984710487 ], [ 16.401125701464931, 46.292538224572027 ], [ 16.398806131776873, 46.284213805160022 ], [ 16.384675282955385, 46.294705388529252 ], [ 16.384820077246928, 46.311053199842064 ] ] ] ] } },
{ "type": "Feature", "properties": { "BM": 1755, "data": { "Oznaka Gr/Op/Dr": "općina", "Grad/općina/država": "LJUBEŠĆICA", "Rbr BM": 3, "Naziv BM": "KAPELA KALNIČKA", "Lokacija BM": "DRUŠTVENI DOM", "Adresa BM": "KAPELA KALNIČKA 20 A", "Glasovalo birača": 136, "Glasovalo birača (po listićima)": 136, "Važeći listići": 129, "Nevažeći listići": 7 }, "latitude": 46.1792238, "longitude": 16.3997775, "population": 191 }, "geometry": { "type": "MultiPolygon", "coordinates": [ [ [ [ 16.395553805869984, 46.184959598911099 ], [ 16.404715906925578, 46.187592786854381 ], [ 16.413527149150699, 46.173316299296673 ], [ 16.411008837094016, 46.169025414810136 ], [ 16.392943153507566, 46.180162525195151 ], [ 16.395553805869984, 46.184959598911099 ] ] ] ] } },
{ "type": "Feature", "properties": { "BM": 1757, "data": { "Oznaka Gr/Op/Dr": "općina", "Grad/općina/država": "LJUBEŠĆICA", "Rbr BM": 5, "Naziv BM": "LJUBELJ", "Lokacija BM": "DRUŠTVENA KUĆICA", "Adresa BM": "LJUBELJ", "Glasovalo birača": 50, "Glasovalo birača (po listićima)": 50, "Važeći listići": 47, "Nevažeći listići": 3 }, "latitude": 46.1641924, "longitude": 16.4253891, "population": 69 }, "geometry": { "type": "MultiPolygon", "coordinates": [ [ [ [ 16.413527149150699, 46.173316299296673 ], [ 16.430975191430594, 46.181276785498014 ], [ 16.440431087707758, 46.171431854006933 ], [ 16.432729569004835, 46.142403690286514 ], [ 16.404632576758868, 46.142466279321823 ], [ 16.404213721385588, 46.150173112485312 ], [ 16.411008837094016, 46.169025414810136 ], [ 16.413527149150699, 46.173316299296673 ] ] ] ] } },
{ "type": "Feature", "properties": { "BM": 1966, "data": { "Oznaka Gr/Op/Dr": "općina", "Grad/općina/država": "TRNOVEC BARTOLOVEČKI", "Rbr BM": 4, "Naziv BM": "TRNOVEC", "Lokacija BM": "PROSTORIJE VATROGASNOG DOMA, BIRALIŠTE 2", "Adresa BM": "ŠIROKE LEDINE 6", "Glasovalo birača": 575, "Glasovalo birača (po listićima)": 575, "Važeći listići": 554, "Nevažeći listići": 21 }, "latitude": 46.2948866, "longitude": 16.4042439, "population": 909 }, "geometry": { "type": "MultiPolygon", "coordinates": [ [ [ [ 16.39726203506153, 46.310984984710487 ], [ 16.41903504234887, 46.315336712757706 ], [ 16.423268859442114, 46.296277191208191 ], [ 16.401125701464931, 46.292538224572027 ], [ 16.39726203506153, 46.310984984710487 ] ] ] ] } },
{ "type": "Feature", "properties": { "BM": 1492, "data": { "Oznaka Gr/Op/Dr": "grad", "Grad/općina/država": "VARAŽDINSKE TOPLICE", "Rbr BM": 18, "Naziv BM": "HRASTOVEC TOPLIČKI", "Lokacija BM": "KUĆA ROBERTA MRVČIĆA", "Adresa BM": "HRASTOVEC TOPLIČKI 2A", "Glasovalo birača": 120, "Glasovalo birača (po listićima)": 120, "Važeći listići": 117, "Nevažeći listići": 3 }, "latitude": 46.1995502, "longitude": 16.4068935, "population": 190 }, "geometry": { "type": "MultiPolygon", "coordinates": [ [ [ [ 16.39004316005142, 46.212327231441783 ], [ 16.406741205195729, 46.215339922406002 ], [ 16.4174382714227, 46.198419123888335 ], [ 16.405284817233095, 46.190330593934007 ], [ 16.39004316005142, 46.212327231441783 ] ] ] ] } },
{ "type": "Feature", "properties": { "BM": 1493, "data": { "Oznaka Gr/Op/Dr": "grad", "Grad/općina/država": "VARAŽDINSKE TOPLICE", "Rbr BM": 19, "Naziv BM": "ČURILOVEC", "Lokacija BM": "KUĆA STJEPANA DVEKARA", "Adresa BM": "ČURILOVEC 22", "Glasovalo birača": 72, "Glasovalo birača (po listićima)": 72, "Važeći listići": 67, "Nevažeći listići": 5 }, "latitude": 46.1882552, "longitude": 16.4144107, "population": 105 }, "geometry": { "type": "MultiPolygon", "coordinates": [ [ [ [ 16.405284817233095, 46.190330593934007 ], [ 16.4174382714227, 46.198419123888335 ], [ 16.42029350288249, 46.197495142761994 ], [ 16.431592962675708, 46.1913078583109 ], [ 16.430975191430594, 46.181276785498014 ], [ 16.413527149150699, 46.173316299296673 ], [ 16.404715906925578, 46.187592786854381 ], [ 16.405284817233095, 46.190330593934007 ] ] ] ] } },
{ "type": "Feature", "properties": { "BM": 1692, "data": { "Oznaka Gr/Op/Dr": "općina", "Grad/općina/država": "JALŽABET", "Rbr BM": 4, "Naziv BM": "LEŠTAKOVEC", "Lokacija BM": "DRUŠTVENI DOM LEŠTAKOVEC", "Adresa BM": "LEŠTAKOVEC 44 A", "Glasovalo birača": 154, "Glasovalo birača (po listićima)": 154, "Važeći listići": 149, "Nevažeći listići": 5 }, "latitude": 46.253364, "longitude": 16.4468345, "population": 267 }, "geometry": { "type": "MultiPolygon", "coordinates": [ [ [ [ 16.416120502225173, 46.261609486447441 ], [ 16.429646489498214, 46.276564467054676 ], [ 16.436227104686449, 46.277324515254342 ], [ 16.460766714959693, 46.249287495847661 ], [ 16.461625463012567, 46.241039848342893 ], [ 16.457163428623694, 46.23649936618029 ], [ 16.42573128086855, 46.238575756849556 ], [ 16.415841429281969, 46.257977902359912 ], [ 16.416120502225173, 46.261609486447441 ] ] ] ] } },
{ "type": "Feature", "properties": { "BM": 1475, "data": { "Oznaka Gr/Op/Dr": "grad", "Grad/općina/država": "VARAŽDINSKE TOPLICE", "Rbr BM": 1, "Naziv BM": "VARAŽDINSKE TOPLICE", "Lokacija BM": "GRADSKA VIJEĆNICA", "Adresa BM": "ULICA DR. FRANJE TUĐMANA 4", "Glasovalo birača": 234, "Glasovalo birača (po listićima)": 234, "Važeći listići": 234, "Nevažeći listići": 0 }, "latitude": 46.2084298, "longitude": 16.4209394, "population": 351 }, "geometry": { "type": "MultiPolygon", "coordinates": [ [ [ [ 16.406741205195729, 46.215339922406002 ], [ 16.413433194967755, 46.221360175734866 ], [ 16.423026229051104, 46.208332690893705 ], [ 16.42029350288249, 46.197495142761994 ], [ 16.4174382714227, 46.198419123888335 ], [ 16.406741205195729, 46.215339922406002 ] ] ] ] } },
{ "type": "Feature", "properties": { "BM": 1483, "data": { "Oznaka Gr/Op/Dr": "grad", "Grad/općina/država": "VARAŽDINSKE TOPLICE", "Rbr BM": 9, "Naziv BM": "SVIBOVEC", "Lokacija BM": "OSNOVNA ŠKOLA SVIBOVEC", "Adresa BM": "SVIBOVEC, ULICA BRAĆE RADIĆ 4", "Glasovalo birača": 135, "Glasovalo birača (po listićima)": 135, "Važeći listići": 132, "Nevažeći listići": 3 }, "latitude": 46.2103543, "longitude": 16.4235529, "population": 221 }, "geometry": { "type": "MultiPolygon", "coordinates": [ [ [ [ 16.42428070049171, 46.233495183301045 ], [ 16.424704762405, 46.2091110837708 ], [ 16.423026229051104, 46.208332690893705 ], [ 16.413433194967755, 46.221360175734866 ], [ 16.42428070049171, 46.233495183301045 ] ] ] ] } },
{ "type": "Feature", "properties": { "BM": 1476, "data": { "Oznaka Gr/Op/Dr": "grad", "Grad/općina/država": "VARAŽDINSKE TOPLICE", "Rbr BM": 2, "Naziv BM": "VARAŽDINSKE TOPLICE", "Lokacija BM": "OSNOVNA ŠKOLA", "Adresa BM": "ULICA GRADA VUKOVARA 1 (RANIJA ADRESA: UL. MARTINA PUŠTEKA)", "Glasovalo birača": 315, "Glasovalo birača (po listićima)": 315, "Važeći listići": 304, "Nevažeći listići": 11 }, "latitude": 46.2074287, "longitude": 16.4249096, "population": 470 }, "geometry": { "type": "MultiPolygon", "coordinates": [ [ [ [ 16.423026229051104, 46.208332690893705 ], [ 16.424704762405, 46.2091110837708 ], [ 16.437978730777392, 46.205067871238462 ], [ 16.438101545945333, 46.20308433925247 ], [ 16.435966414181355, 46.196113824560818 ], [ 16.431592962675708, 46.1913078583109 ], [ 16.42029350288249, 46.197495142761994 ], [ 16.423026229051104, 46.208332690893705 ] ] ] ] } },
{ "type": "Feature", "properties": { "BM": 1477, "data": { "Oznaka Gr/Op/Dr": "grad", "Grad/općina/država": "VARAŽDINSKE TOPLICE", "Rbr BM": 3, "Naziv BM": "VARAŽDINSKE TOPLICE", "Lokacija BM": "SENZOMOTORNA DVORANA UZ DJEČJI VRTIĆ", "Adresa BM": "ULICA BRAĆE RADIĆ 12", "Glasovalo birača": 422, "Glasovalo birača (po listićima)": 422, "Važeći listići": 411, "Nevažeći listići": 11 }, "latitude": 46.2103936, "longitude": 16.4258127, "population": 659 }, "geometry": { "type": "MultiPolygon", "coordinates": [ [ [ [ 16.424806182691199, 46.234144195776452 ], [ 16.438276361190525, 46.210462457761331 ], [ 16.437978730777392, 46.205067871238462 ], [ 16.424704762405, 46.2091110837708 ], [ 16.42428070049171, 46.233495183301045 ], [ 16.424806182691199, 46.234144195776452 ] ] ] ] } },
{ "type": "Feature", "properties": { "BM": 1969, "data": { "Oznaka Gr/Op/Dr": "općina", "Grad/općina/država": "TRNOVEC BARTOLOVEČKI", "Rbr BM": 7, "Naziv BM": "ŽABNIK", "Lokacija BM": "PROSTORIJE DRUŠTVENOG DOMA ŽABNIK", "Adresa BM": "SPORTSKA ULICA 6", "Glasovalo birača": 81, "Glasovalo birača (po listićima)": 81, "Važeći listići": 80, "Nevažeći listići": 1 }, "latitude": 46.3030722, "longitude": 16.4410933, "population": 127 }, "geometry": { "type": "MultiPolygon", "coordinates": [ [ [ [ 16.423162056920912, 46.322400448655429 ], [ 16.447655377497373, 46.320355990191729 ], [ 16.447064002484584, 46.282127562637719 ], [ 16.436227104686449, 46.277324515254342 ], [ 16.429646489498214, 46.276564467054676 ], [ 16.423268859442114, 46.296277191208191 ], [ 16.41903504234887, 46.315336712757706 ], [ 16.423162056920912, 46.322400448655429 ] ] ] ] } },
{ "type": "Feature", "properties": { "BM": 1480, "data": { "Oznaka Gr/Op/Dr": "grad", "Grad/općina/država": "VARAŽDINSKE TOPLICE", "Rbr BM": 6, "Naziv BM": "PIŠĆANOVEC", "Lokacija BM": "KUĆA RADOVANA KANEŠIĆA", "Adresa BM": "PIŠĆANOVEC 16", "Glasovalo birača": 29, "Glasovalo birača (po listićima)": 29, "Važeći listići": 27, "Nevažeći listići": 2 }, "latitude": 46.1861699, "longitude": 16.4482708, "population": 48 }, "geometry": { "type": "MultiPolygon", "coordinates": [ [ [ [ 16.431592962675708, 46.1913078583109 ], [ 16.435966414181355, 46.196113824560818 ], [ 16.46188142319383, 46.189809960264611 ], [ 16.461116221841376, 46.172619345899101 ], [ 16.440431087707758, 46.171431854006933 ], [ 16.430975191430594, 46.181276785498014 ], [ 16.431592962675708, 46.1913078583109 ] ] ] ] } },
{ "type": "Feature", "properties": { "BM": 1489, "data": { "Oznaka Gr/Op/Dr": "grad", "Grad/općina/država": "VARAŽDINSKE TOPLICE", "Rbr BM": 15, "Naziv BM": "TUHOVEC", "Lokacija BM": "DRUŠTVENI DOM", "Adresa BM": "TUHOVEC", "Glasovalo birača": 376, "Glasovalo birača (po listićima)": 376, "Važeći listići": 363, "Nevažeći listići": 13 }, "latitude": 46.2090229, "longitude": 16.4506568, "population": 580 }, "geometry": { "type": "MultiPolygon", "coordinates": [ [ [ [ 16.438276361190525, 46.210462457761331 ], [ 16.459943015572854, 46.221103474195068 ], [ 16.461043646679016, 46.21961758118757 ], [ 16.457210696616301, 46.204668992861805 ], [ 16.438101545945333, 46.20308433925247 ], [ 16.437978730777392, 46.205067871238462 ], [ 16.438276361190525, 46.210462457761331 ] ] ] ] } },
{ "type": "Feature", "properties": { "BM": 1758, "data": { "Oznaka Gr/Op/Dr": "općina", "Grad/općina/država": "LJUBEŠĆICA", "Rbr BM": 6, "Naziv BM": "LJUBELJ KALNIČKI", "Lokacija BM": "DRUŠTVENI DOM", "Adresa BM": "LJUBELJ KALNIČKI 24 C", "Glasovalo birača": 70, "Glasovalo birača (po listićima)": 70, "Važeći listići": 66, "Nevažeći listići": 4 }, "latitude": 46.1576878, "longitude": 16.4499059, "population": 93 }, "geometry": { "type": "MultiPolygon", "coordinates": [ [ [ [ 16.432729569004835, 46.142403690286514 ], [ 16.440431087707758, 46.171431854006933 ], [ 16.461116221841376, 46.172619345899101 ], [ 16.48231372284318, 46.153036329576281 ], [ 16.450085393724887, 46.138672212679829 ], [ 16.439961097941524, 46.137598185764588 ], [ 16.432729569004835, 46.142403690286514 ] ] ] ] } },
{ "type": "Feature", "properties": { "BM": 1481, "data": { "Oznaka Gr/Op/Dr": "grad", "Grad/općina/država": "VARAŽDINSKE TOPLICE", "Rbr BM": 7, "Naziv BM": "JARKI HORVATIĆEVI", "Lokacija BM": "KUĆA ANTONIJE VUDRAG", "Adresa BM": "JARKI HORVATIĆEVI 19", "Glasovalo birača": 19, "Glasovalo birača (po listićima)": 19, "Važeći listići": 17, "Nevažeći listići": 2 }, "latitude": 46.22114, "longitude": 16.4447058, "population": 41 }, "geometry": { "type": "MultiPolygon", "coordinates": [ [ [ [ 16.42573128086855, 46.238575756849556 ], [ 16.457163428623694, 46.23649936618029 ], [ 16.459943015572854, 46.221103474195068 ], [ 16.438276361190525, 46.210462457761331 ], [ 16.424806182691199, 46.234144195776452 ], [ 16.42573128086855, 46.238575756849556 ] ] ] ] } },
{ "type": "Feature", "properties": { "BM": 1968, "data": { "Oznaka Gr/Op/Dr": "općina", "Grad/općina/država": "TRNOVEC BARTOLOVEČKI", "Rbr BM": 6, "Naziv BM": "ŠTEFANEC", "Lokacija BM": "PROSTORIJE DRUŠTVENOG DOMA", "Adresa BM": "LUDBREŠKA ULICA 59", "Glasovalo birača": 194, "Glasovalo birača (po listićima)": 194, "Važeći listići": 183, "Nevažeći listići": 11 }, "latitude": 46.302877494576897, "longitude": 16.453679699493701, "population": 298 }, "geometry": { "type": "MultiPolygon", "coordinates": [ [ [ [ 16.447655377497373, 46.320355990191729 ], [ 16.465078868051023, 46.325067783299353 ], [ 16.463057820568071, 46.284121384442976 ], [ 16.447064002484584, 46.282127562637719 ], [ 16.447655377497373, 46.320355990191729 ] ] ] ] } },
{ "type": "Feature", "properties": { "BM": 1479, "data": { "Oznaka Gr/Op/Dr": "grad", "Grad/općina/država": "VARAŽDINSKE TOPLICE", "Rbr BM": 5, "Naziv BM": "ŠKARNIK", "Lokacija BM": "KUĆA IVICE RATKOVIĆA", "Adresa BM": "ŠKARNIK 14", "Glasovalo birača": 45, "Glasovalo birača (po listićima)": 45, "Važeći listići": 44, "Nevažeći listići": 1 }, "latitude": 46.199295, "longitude": 16.4514635, "population": 69 }, "geometry": { "type": "MultiPolygon", "coordinates": [ [ [ [ 16.438101545945333, 46.20308433925247 ], [ 16.457210696616301, 46.204668992861805 ], [ 16.462995327986761, 46.191649715601841 ], [ 16.46188142319383, 46.189809960264611 ], [ 16.435966414181355, 46.196113824560818 ], [ 16.438101545945333, 46.20308433925247 ] ] ] ] } },
{ "type": "Feature", "properties": { "BM": 1485, "data": { "Oznaka Gr/Op/Dr": "grad", "Grad/općina/država": "VARAŽDINSKE TOPLICE", "Rbr BM": 11, "Naziv BM": "DRENOVEC", "Lokacija BM": "PODRUČNA ŠKOLA", "Adresa BM": "DRENOVEC", "Glasovalo birača": 135, "Glasovalo birača (po listićima)": 135, "Važeći listići": 128, "Nevažeći listići": 7 }, "latitude": 46.184975, "longitude": 16.4751148, "population": 270 }, "geometry": { "type": "MultiPolygon", "coordinates": [ [ [ [ 16.462995327986761, 46.191649715601841 ], [ 16.476965635884746, 46.198556120965264 ], [ 16.501430684015364, 46.19036729052938 ], [ 16.519154559516956, 46.168888225382176 ], [ 16.514121729014054, 46.163466256118078 ], [ 16.4832557188316, 46.152861016916574 ], [ 16.48231372284318, 46.153036329576281 ], [ 16.461116221841376, 46.172619345899101 ], [ 16.46188142319383, 46.189809960264611 ], [ 16.462995327986761, 46.191649715601841 ] ] ] ] } },
{ "type": "Feature", "properties": { "BM": 1695, "data": { "Oznaka Gr/Op/Dr": "općina", "Grad/općina/država": "JALŽABET", "Rbr BM": 7, "Naziv BM": "JAKOPOVEC", "Lokacija BM": "DRUŠTVENI DOM JAKOPOVEC", "Adresa BM": "VINOGRADSKA 9", "Glasovalo birača": 237, "Glasovalo birača (po listićima)": 237, "Važeći listići": 223, "Nevažeći listići": 14 }, "latitude": 46.2561467, "longitude": 16.4735603, "population": 372 }, "geometry": { "type": "MultiPolygon", "coordinates": [ [ [ [ 16.460766714959693, 46.249287495847661 ], [ 16.463579550431529, 46.254916312530405 ], [ 16.474241222506922, 46.257681628749538 ], [ 16.475971694091065, 46.257545598139799 ], [ 16.478967709820044, 46.241416833385081 ], [ 16.461625463012567, 46.241039848342893 ], [ 16.460766714959693, 46.249287495847661 ] ] ] ] } },
{ "type": "Feature", "properties": { "BM": 1691, "data": { "Oznaka Gr/Op/Dr": "općina", "Grad/općina/država": "JALŽABET", "Rbr BM": 3, "Naziv BM": "IMBRIOVEC", "Lokacija BM": "DRUŠTVENI DOM IMBRIOVEC", "Adresa BM": "IMBRIOVEC 7 C", "Glasovalo birača": 155, "Glasovalo birača (po listićima)": 155, "Važeći listići": 149, "Nevažeći listići": 6 }, "latitude": 46.263636906240897, "longitude": 16.458571510833998, "population": 228 }, "geometry": { "type": "MultiPolygon", "coordinates": [ [ [ [ 16.436227104686449, 46.277324515254342 ], [ 16.447064002484584, 46.282127562637719 ], [ 16.463057820568071, 46.284121384442976 ], [ 16.470521721002005, 46.281062498817413 ], [ 16.468426514569849, 46.269335536504578 ], [ 16.467822020420499, 46.267209738513053 ], [ 16.463579550431529, 46.254916312530405 ], [ 16.460766714959693, 46.249287495847661 ], [ 16.436227104686449, 46.277324515254342 ] ] ] ] } },
{ "type": "Feature", "properties": { "BM": 1488, "data": { "Oznaka Gr/Op/Dr": "grad", "Grad/općina/država": "VARAŽDINSKE TOPLICE", "Rbr BM": 14, "Naziv BM": "GREŠĆEVINA", "Lokacija BM": "VATROGASNI DOM", "Adresa BM": "GREŠĆEVINA", "Glasovalo birača": 76, "Glasovalo birača (po listićima)": 76, "Važeći listići": 75, "Nevažeći listići": 1 }, "latitude": 46.2264659, "longitude": 16.4742055, "population": 133 }, "geometry": { "type": "MultiPolygon", "coordinates": [ [ [ [ 16.459943015572854, 46.221103474195068 ], [ 16.457163428623694, 46.23649936618029 ], [ 16.461625463012567, 46.241039848342893 ], [ 16.478967709820044, 46.241416833385081 ], [ 16.486606374772816, 46.240290208772628 ], [ 16.478352783043757, 46.218145509528838 ], [ 16.47248036844098, 46.214663551653373 ], [ 16.461043646679016, 46.21961758118757 ], [ 16.459943015572854, 46.221103474195068 ] ] ] ] } },
{ "type": "Feature", "properties": { "BM": 1970, "data": { "Oznaka Gr/Op/Dr": "općina", "Grad/općina/država": "TRNOVEC BARTOLOVEČKI", "Rbr BM": 8, "Naziv BM": "ŠEMOVEC", "Lokacija BM": "PROSTORIJE DRUŠTVENOG DOMA", "Adresa BM": "KOPRIVNIČKA ULICA 80 A", "Glasovalo birača": 464, "Glasovalo birača (po listićima)": 464, "Važeći listići": 446, "Nevažeći listići": 18 }, "latitude": 46.3018628, "longitude": 16.4742374, "population": 702 }, "geometry": { "type": "MultiPolygon", "coordinates": [ [ [ [ 16.475066402957992, 46.333299781732642 ], [ 16.482008225118552, 46.326081757378475 ], [ 16.494433371386101, 46.31259097798673 ], [ 16.479437381089312, 46.281378022300089 ], [ 16.470521721002005, 46.281062498817413 ], [ 16.463057820568071, 46.284121384442976 ], [ 16.465078868051023, 46.325067783299353 ], [ 16.475066402957992, 46.333299781732642 ] ] ] ] } },
{ "type": "Feature", "properties": { "BM": 1494, "data": { "Oznaka Gr/Op/Dr": "grad", "Grad/općina/država": "VARAŽDINSKE TOPLICE", "Rbr BM": 20, "Naziv BM": "LOVRENTOVEC", "Lokacija BM": "DRUŠTVENI DOM", "Adresa BM": "LOVRENTOVEC", "Glasovalo birača": 58, "Glasovalo birača (po listićima)": 58, "Važeći listići": 56, "Nevažeći listići": 2 }, "latitude": 46.2053321, "longitude": 16.465051, "population": 84 }, "geometry": { "type": "MultiPolygon", "coordinates": [ [ [ [ 16.461043646679016, 46.21961758118757 ], [ 16.47248036844098, 46.214663551653373 ], [ 16.476965635884746, 46.198556120965264 ], [ 16.462995327986761, 46.191649715601841 ], [ 16.457210696616301, 46.204668992861805 ], [ 16.461043646679016, 46.21961758118757 ] ] ] ] } },
{ "type": "Feature", "properties": { "BM": 1694, "data": { "Oznaka Gr/Op/Dr": "općina", "Grad/općina/država": "JALŽABET", "Rbr BM": 6, "Naziv BM": "KAŠTELANEC", "Lokacija BM": "DRUŠTVENI DOM KAŠTELANEC", "Adresa BM": "PARTIZANSKA 1", "Glasovalo birača": 195, "Glasovalo birača (po listićima)": 195, "Važeći listići": 189, "Nevažeći listići": 6 }, "latitude": 46.2593041, "longitude": 16.4738085, "population": 327 }, "geometry": { "type": "MultiPolygon", "coordinates": [ [ [ [ 16.468426514569849, 46.269335536504578 ], [ 16.476129156626968, 46.257897766636567 ], [ 16.475971694091065, 46.257545598139799 ], [ 16.474241222506922, 46.257681628749538 ], [ 16.467822020420499, 46.267209738513053 ], [ 16.468426514569849, 46.269335536504578 ] ] ] ] } },
{ "type": "Feature", "properties": { "BM": 1689, "data": { "Oznaka Gr/Op/Dr": "općina", "Grad/općina/država": "JALŽABET", "Rbr BM": 1, "Naziv BM": "JALŽABET", "Lokacija BM": "DOM KULTURE JALŽABET", "Adresa BM": "TRG BRAĆE RADIĆ 7", "Glasovalo birača": 406, "Glasovalo birača (po listićima)": 406, "Važeći listići": 393, "Nevažeći listići": 13 }, "latitude": 46.2586921, "longitude": 16.4729001, "population": 594 }, "geometry": { "type": "MultiPolygon", "coordinates": [ [ [ [ 16.467822020420499, 46.267209738513053 ], [ 16.474241222506922, 46.257681628749538 ], [ 16.463579550431529, 46.254916312530405 ], [ 16.467822020420499, 46.267209738513053 ] ] ] ] } },
{ "type": "Feature", "properties": { "BM": 1693, "data": { "Oznaka Gr/Op/Dr": "općina", "Grad/općina/država": "JALŽABET", "Rbr BM": 5, "Naziv BM": "KELEMEN", "Lokacija BM": "DRUŠTVENI DOM KELEMEN", "Adresa BM": "VARAŽDINSKA 51", "Glasovalo birača": 242, "Glasovalo birača (po listićima)": 242, "Važeći listići": 234, "Nevažeći listići": 8 }, "latitude": 46.2605769, "longitude": 16.4756985, "population": 395 }, "geometry": { "type": "MultiPolygon", "coordinates": [ [ [ [ 16.470521721002005, 46.281062498817413 ], [ 16.479437381089312, 46.281378022300089 ], [ 16.491921946746377, 46.2716666917512 ], [ 16.476129156626968, 46.257897766636567 ], [ 16.468426514569849, 46.269335536504578 ], [ 16.470521721002005, 46.281062498817413 ] ] ] ] } },
{ "type": "Feature", "properties": { "BM": 1690, "data": { "Oznaka Gr/Op/Dr": "općina", "Grad/općina/država": "JALŽABET", "Rbr BM": 2, "Naziv BM": "NOVAKOVEC", "Lokacija BM": "DRUŠTVENI DOM NOVAKOVEC", "Adresa BM": "LUDBREŠKA 23", "Glasovalo birača": 228, "Glasovalo birača (po listićima)": 228, "Važeći listići": 216, "Nevažeći listići": 12 }, "latitude": 46.257106, "longitude": 16.4787246, "population": 336 }, "geometry": { "type": "MultiPolygon", "coordinates": [ [ [ [ 16.476129156626968, 46.257897766636567 ], [ 16.491921946746377, 46.2716666917512 ], [ 16.495708110764085, 46.269378238068178 ], [ 16.501764605642808, 46.245465345376445 ], [ 16.497002604655133, 46.242702241522238 ], [ 16.486606374772816, 46.240290208772628 ], [ 16.478967709820044, 46.241416833385081 ], [ 16.475971694091065, 46.257545598139799 ], [ 16.476129156626968, 46.257897766636567 ] ] ] ] } },
{ "type": "Feature", "properties": { "BM": 1482, "data": { "Oznaka Gr/Op/Dr": "grad", "Grad/općina/država": "VARAŽDINSKE TOPLICE", "Rbr BM": 8, "Naziv BM": "JALŠEVEC SVIBOVEČKI", "Lokacija BM": "VATROGASNI DOM", "Adresa BM": "JALŠEVEC SVIBOVEČKI", "Glasovalo birača": 149, "Glasovalo birača (po listićima)": 149, "Važeći listići": 147, "Nevažeći listići": 2 }, "latitude": 46.2105149, "longitude": 16.4836634, "population": 238 }, "geometry": { "type": "MultiPolygon", "coordinates": [ [ [ [ 16.47248036844098, 46.214663551653373 ], [ 16.478352783043757, 46.218145509528838 ], [ 16.492669944944218, 46.213967088964026 ], [ 16.499619932527676, 46.201255316212595 ], [ 16.501430684015364, 46.19036729052938 ], [ 16.476965635884746, 46.198556120965264 ], [ 16.47248036844098, 46.214663551653373 ] ] ] ] } },
{ "type": "Feature", "properties": { "BM": 1971, "data": { "Oznaka Gr/Op/Dr": "općina", "Grad/općina/država": "TRNOVEC BARTOLOVEČKI", "Rbr BM": 9, "Naziv BM": "ZAMLAKA", "Lokacija BM": "PROSTORIJE DRUŠTVENOG DOMA", "Adresa BM": "AGRARNA ULICA 5", "Glasovalo birača": 222, "Glasovalo birača (po listićima)": 222, "Važeći listići": 215, "Nevažeći listići": 7 }, "latitude": 46.29012, "longitude": 16.4986791, "population": 322 }, "geometry": { "type": "MultiPolygon", "coordinates": [ [ [ [ 16.479437381089312, 46.281378022300089 ], [ 16.494433371386101, 46.31259097798673 ], [ 16.51764431994042, 46.308081929365777 ], [ 16.514478283467291, 46.283631261904929 ], [ 16.495708110764085, 46.269378238068178 ], [ 16.491921946746377, 46.2716666917512 ], [ 16.479437381089312, 46.281378022300089 ] ] ] ] } },
{ "type": "Feature", "properties": { "BM": 1486, "data": { "Oznaka Gr/Op/Dr": "grad", "Grad/općina/država": "VARAŽDINSKE TOPLICE", "Rbr BM": 12, "Naziv BM": "GORNJA POLJANA", "Lokacija BM": "PODRUČNA ŠKOLA", "Adresa BM": "GORNJA POLJANA", "Glasovalo birača": 114, "Glasovalo birača (po listićima)": 114, "Važeći listići": 110, "Nevažeći listići": 4 }, "latitude": 46.2217218, "longitude": 16.4869341, "population": 189 }, "geometry": { "type": "MultiPolygon", "coordinates": [ [ [ [ 16.486606374772816, 46.240290208772628 ], [ 16.497002604655133, 46.242702241522238 ], [ 16.492669944944218, 46.213967088964026 ], [ 16.478352783043757, 46.218145509528838 ], [ 16.486606374772816, 46.240290208772628 ] ] ] ] } },
{ "type": "Feature", "properties": { "BM": 1484, "data": { "Oznaka Gr/Op/Dr": "grad", "Grad/općina/država": "VARAŽDINSKE TOPLICE", "Rbr BM": 10, "Naziv BM": "LESKOVEC TOPLIČKI", "Lokacija BM": "VATROGASNI DOM", "Adresa BM": "LESKOVEC TOPLIČKI", "Glasovalo birača": 244, "Glasovalo birača (po listićima)": 244, "Važeći listići": 230, "Nevažeći listići": 14 }, "latitude": 46.215181, "longitude": 16.5117206, "population": 390 }, "geometry": { "type": "MultiPolygon", "coordinates": [ [ [ [ 16.499619932527676, 46.201255316212595 ], [ 16.513659273583183, 46.236420050924821 ], [ 16.528026298089465, 46.22567716516793 ], [ 16.546714759114263, 46.186874710733065 ], [ 16.546218150083916, 46.185573183369364 ], [ 16.532735681296657, 46.172969528330896 ], [ 16.519154559516956, 46.168888225382176 ], [ 16.501430684015364, 46.19036729052938 ], [ 16.499619932527676, 46.201255316212595 ] ] ] ] } },
{ "type": "Feature", "properties": { "BM": 1487, "data": { "Oznaka Gr/Op/Dr": "grad", "Grad/općina/država": "VARAŽDINSKE TOPLICE", "Rbr BM": 13, "Naziv BM": "DONJA POLJANA", "Lokacija BM": "VATROGASNI DOM", "Adresa BM": "DONJA POLJANA", "Glasovalo birača": 212, "Glasovalo birača (po listićima)": 212, "Važeći listići": 206, "Nevažeći listići": 6 }, "latitude": 46.2196858, "longitude": 16.5004373, "population": 318 }, "geometry": { "type": "MultiPolygon", "coordinates": [ [ [ [ 16.492669944944218, 46.213967088964026 ], [ 16.497002604655133, 46.242702241522238 ], [ 16.501764605642808, 46.245465345376445 ], [ 16.508685740259779, 46.243101272660347 ], [ 16.513659273583183, 46.236420050924821 ], [ 16.499619932527676, 46.201255316212595 ], [ 16.492669944944218, 46.213967088964026 ] ] ] ] } },
{ "type": "Feature", "properties": { "BM": 1800, "data": { "Oznaka Gr/Op/Dr": "općina", "Grad/općina/država": "MARTIJANEC", "Rbr BM": 6, "Naziv BM": "VRBANOVEC", "Lokacija BM": "DRUŠTVENI DOM", "Adresa BM": "VRBANOVEC,ULICA BRIGADE BRAĆE RADIĆ 75", "Glasovalo birača": 302, "Glasovalo birača (po listićima)": 302, "Važeći listići": 288, "Nevažeći listići": 14 }, "latitude": 46.2666699, "longitude": 16.5164858, "population": 490 }, "geometry": { "type": "MultiPolygon", "coordinates": [ [ [ [ 16.495708110764085, 46.269378238068178 ], [ 16.514478283467291, 46.283631261904929 ], [ 16.526082536351581, 46.274617429557019 ], [ 16.519508898164592, 46.251319755382191 ], [ 16.508685740259779, 46.243101272660347 ], [ 16.501764605642808, 46.245465345376445 ], [ 16.495708110764085, 46.269378238068178 ] ] ] ] } },
{ "type": "Feature", "properties": { "BM": 1802, "data": { "Oznaka Gr/Op/Dr": "općina", "Grad/općina/država": "MARTIJANEC", "Rbr BM": 8, "Naziv BM": "ČIČKOVINA", "Lokacija BM": "DRUŠTVENI DOM", "Adresa BM": "ČIČKOVINA 2", "Glasovalo birača": 80, "Glasovalo birača (po listićima)": 80, "Važeći listići": 76, "Nevažeći listići": 4 }, "latitude": 46.2858819, "longitude": 16.5314091, "population": 148 }, "geometry": { "type": "MultiPolygon", "coordinates": [ [ [ [ 16.524635198451129, 46.311828010450583 ], [ 16.525514639604168, 46.31222568869034 ], [ 16.538456074084362, 46.308064039464966 ], [ 16.532549475548961, 46.274252964587099 ], [ 16.526082536351581, 46.274617429557019 ], [ 16.514478283467291, 46.283631261904929 ], [ 16.51764431994042, 46.308081929365777 ], [ 16.524635198451129, 46.311828010450583 ] ] ] ] } },
{ "type": "Feature", "properties": { "BM": 1795, "data": { "Oznaka Gr/Op/Dr": "općina", "Grad/općina/država": "MARTIJANEC", "Rbr BM": 1, "Naziv BM": "RIVALNO", "Lokacija BM": "DRUŠTVENI DOM", "Adresa BM": "RIVALNO 12", "Glasovalo birača": 25, "Glasovalo birača (po listićima)": 25, "Važeći listići": 25, "Nevažeći listići": 0 }, "latitude": 46.2442854, "longitude": 16.5334833, "population": 64 }, "geometry": { "type": "MultiPolygon", "coordinates": [ [ [ [ 16.508685740259779, 46.243101272660347 ], [ 16.519508898164592, 46.251319755382191 ], [ 16.536410750694536, 46.254395206272953 ], [ 16.549037749690473, 46.250292789921247 ], [ 16.550269739233844, 46.248839936119253 ], [ 16.528026298089465, 46.22567716516793 ], [ 16.513659273583183, 46.236420050924821 ], [ 16.508685740259779, 46.243101272660347 ] ] ] ] } },
{ "type": "Feature", "properties": { "BM": 1799, "data": { "Oznaka Gr/Op/Dr": "općina", "Grad/općina/država": "MARTIJANEC", "Rbr BM": 5, "Naziv BM": "SUDOVČINA", "Lokacija BM": "DRUŠTVENI DOM", "Adresa BM": "SUDOVČINA,PLITVIČKA 2", "Glasovalo birača": 181, "Glasovalo birača (po listićima)": 181, "Važeći listići": 178, "Nevažeći listići": 3 }, "latitude": 46.2628258, "longitude": 16.5301097, "population": 267 }, "geometry": { "type": "MultiPolygon", "coordinates": [ [ [ [ 16.526082536351581, 46.274617429557019 ], [ 16.532549475548961, 46.274252964587099 ], [ 16.533504179492038, 46.273929153047568 ], [ 16.536410750694536, 46.254395206272953 ], [ 16.519508898164592, 46.251319755382191 ], [ 16.526082536351581, 46.274617429557019 ] ] ] ] } },
{ "type": "Feature", "properties": { "BM": 1801, "data": { "Oznaka Gr/Op/Dr": "općina", "Grad/općina/država": "MARTIJANEC", "Rbr BM": 7, "Naziv BM": "HRASTOVLJAN", "Lokacija BM": "DRUŠTVENI DOM", "Adresa BM": "HRASTOVLJAN 84", "Glasovalo birača": 183, "Glasovalo birača (po listićima)": 183, "Važeći listići": 172, "Nevažeći listići": 11 }, "latitude": 46.2848065, "longitude": 16.537565, "population": 307 }, "geometry": { "type": "MultiPolygon", "coordinates": [ [ [ [ 16.532549475548961, 46.274252964587099 ], [ 16.538456074084362, 46.308064039464966 ], [ 16.546269228180485, 46.306670701053015 ], [ 16.540853130936828, 46.274795954837323 ], [ 16.533504179492038, 46.273929153047568 ], [ 16.532549475548961, 46.274252964587099 ] ] ] ] } },
{ "type": "Feature", "properties": { "BM": 1798, "data": { "Oznaka Gr/Op/Dr": "općina", "Grad/općina/država": "MARTIJANEC", "Rbr BM": 4, "Naziv BM": "MARTIJANEC", "Lokacija BM": "DRUŠTVENI DOM", "Adresa BM": "MARTIJANEC,VARAŽDINSKA 88", "Glasovalo birača": 194, "Glasovalo birača (po listićima)": 194, "Važeći listići": 188, "Nevažeći listići": 6 }, "latitude": 46.2642951, "longitude": 16.5399843, "population": 304 }, "geometry": { "type": "MultiPolygon", "coordinates": [ [ [ [ 16.533504179492038, 46.273929153047568 ], [ 16.540853130936828, 46.274795954837323 ], [ 16.548594091278783, 46.271808933540484 ], [ 16.549037749690473, 46.250292789921247 ], [ 16.536410750694536, 46.254395206272953 ], [ 16.533504179492038, 46.273929153047568 ] ] ] ] } },
{ "type": "Feature", "properties": { "BM": 1796, "data": { "Oznaka Gr/Op/Dr": "općina", "Grad/općina/država": "MARTIJANEC", "Rbr BM": 2, "Naziv BM": "SLANJE", "Lokacija BM": "VATROGASNI DOM", "Adresa BM": "SLANJE,ULICA BRAĆE RADIĆ 79", "Glasovalo birača": 174, "Glasovalo birača (po listićima)": 174, "Važeći listići": 162, "Nevažeći listići": 12 }, "latitude": 46.2318829, "longitude": 16.5463984, "population": 377 }, "geometry": { "type": "MultiPolygon", "coordinates": [ [ [ [ 16.528026298089465, 46.22567716516793 ], [ 16.550269739233844, 46.248839936119253 ], [ 16.572221221197314, 46.241399935310618 ], [ 16.577774997295585, 46.216661481385991 ], [ 16.546714759114263, 46.186874710733065 ], [ 16.528026298089465, 46.22567716516793 ] ] ] ] } },
{ "type": "Feature", "properties": { "BM": 1797, "data": { "Oznaka Gr/Op/Dr": "općina", "Grad/općina/država": "MARTIJANEC", "Rbr BM": 3, "Naziv BM": "KRIŽOVLJAN", "Lokacija BM": "DRUŠTVENI DOM", "Adresa BM": "KRIŽOVLJAN 20", "Glasovalo birača": 111, "Glasovalo birača (po listićima)": 111, "Važeći listići": 103, "Nevažeći listići": 8 }, "latitude": 46.2646564, "longitude": 16.5575063, "population": 197 }, "geometry": { "type": "MultiPolygon", "coordinates": [ [ [ [ 16.549037749690473, 46.250292789921247 ], [ 16.548594091278783, 46.271808933540484 ], [ 16.565769376275224, 46.281317433164695 ], [ 16.577453511735126, 46.265796614735891 ], [ 16.58108323440204, 46.259329784840013 ], [ 16.572221221197314, 46.241399935310618 ], [ 16.550269739233844, 46.248839936119253 ], [ 16.549037749690473, 46.250292789921247 ] ] ] ] } },
{ "type": "Feature", "properties": { "BM": 1803, "data": { "Oznaka Gr/Op/Dr": "općina", "Grad/općina/država": "MARTIJANEC", "Rbr BM": 9, "Naziv BM": "MADARAŠEVEC", "Lokacija BM": "DRUŠTVENI DOM", "Adresa BM": "MADARAŠEVEC 14 A", "Glasovalo birača": 85, "Glasovalo birača (po listićima)": 85, "Važeći listići": 85, "Nevažeći listići": 0 }, "latitude": 46.2831586, "longitude": 16.5472632, "population": 149 }, "geometry": { "type": "MultiPolygon", "coordinates": [ [ [ [ 16.546269228180485, 46.306670701053015 ], [ 16.55834419397387, 46.307082413250342 ], [ 16.565532282594809, 46.287166125357821 ], [ 16.565769376275224, 46.281317433164695 ], [ 16.548594091278783, 46.271808933540484 ], [ 16.540853130936828, 46.274795954837323 ], [ 16.546269228180485, 46.306670701053015 ] ] ] ] } },
{ "type": "Feature", "properties": { "BM": 1910, "data": { "Oznaka Gr/Op/Dr": "općina", "Grad/općina/država": "SVETI ĐURĐ", "Rbr BM": 2, "Naziv BM": "HRŽENICA - 2", "Lokacija BM": "PROSTORIJE NK RADNIČKI", "Adresa BM": "LUDBREŠKA 30", "Glasovalo birača": 206, "Glasovalo birača (po listićima)": 206, "Važeći listići": 200, "Nevažeći listići": 6 }, "latitude": 46.2957497, "longitude": 16.5821498, "population": 399 }, "geometry": { "type": "MultiPolygon", "coordinates": [ [ [ [ 16.562791873978444, 46.311794039567289 ], [ 16.59940956203269, 46.312870569726783 ], [ 16.603461535049718, 46.309005518324085 ], [ 16.59523110303935, 46.29379710076654 ], [ 16.590537975364541, 46.291482734423958 ], [ 16.565532282594809, 46.287166125357821 ], [ 16.55834419397387, 46.307082413250342 ], [ 16.562791873978444, 46.311794039567289 ] ] ] ] } },
{ "type": "Feature", "properties": { "BM": 1913, "data": { "Oznaka Gr/Op/Dr": "općina", "Grad/općina/država": "SVETI ĐURĐ", "Rbr BM": 5, "Naziv BM": "LUKA LUDBREŠKA", "Lokacija BM": "DRUŠTVENI DOM", "Adresa BM": "LUKA LUDBREŠKA 74", "Glasovalo birača": 100, "Glasovalo birača (po listićima)": 100, "Važeći listići": 99, "Nevažeći listići": 1 }, "latitude": 46.2822304, "longitude": 16.5888167, "population": 176 }, "geometry": { "type": "MultiPolygon", "coordinates": [ [ [ [ 16.577453511735126, 46.265796614735891 ], [ 16.590537975364541, 46.291482734423958 ], [ 16.59523110303935, 46.29379710076654 ], [ 16.596502811978077, 46.282311530870693 ], [ 16.58785335294019, 46.261237142104804 ], [ 16.58108323440204, 46.259329784840013 ], [ 16.577453511735126, 46.265796614735891 ] ] ] ] } },
{ "type": "Feature", "properties": { "BM": 1911, "data": { "Oznaka Gr/Op/Dr": "općina", "Grad/općina/država": "SVETI ĐURĐ", "Rbr BM": 3, "Naziv BM": "KOMARNICA LUDBREŠKA", "Lokacija BM": "DRUŠTVENI DOM", "Adresa BM": "KOMARNICA LUDBREŠKA 61A", "Glasovalo birača": 84, "Glasovalo birača (po listićima)": 84, "Važeći listići": 83, "Nevažeći listići": 1 }, "latitude": 46.2846505, "longitude": 16.5840658, "population": 121 }, "geometry": { "type": "MultiPolygon", "coordinates": [ [ [ [ 16.565769376275224, 46.281317433164695 ], [ 16.565532282594809, 46.287166125357821 ], [ 16.590537975364541, 46.291482734423958 ], [ 16.577453511735126, 46.265796614735891 ], [ 16.565769376275224, 46.281317433164695 ] ] ] ] } },
{ "type": "Feature", "properties": { "BM": 1349, "data": { "Oznaka Gr/Op/Dr": "grad", "Grad/općina/država": "LUDBREG", "Rbr BM": 8, "Naziv BM": "KUĆAN LUDBREŠKI", "Lokacija BM": "DRUŠTVENI DOM", "Adresa BM": "KUĆAN LUDBREŠKI 2D", "Glasovalo birača": 84, "Glasovalo birača (po listićima)": 84, "Važeći listići": 81, "Nevažeći listići": 3 }, "latitude": 46.2438343, "longitude": 16.5996341, "population": 139 }, "geometry": { "type": "MultiPolygon", "coordinates": [ [ [ [ 16.572221221197314, 46.241399935310618 ], [ 16.58108323440204, 46.259329784840013 ], [ 16.58785335294019, 46.261237142104804 ], [ 16.591761888782489, 46.260967059329531 ], [ 16.603233439257842, 46.250619206861359 ], [ 16.609760312348978, 46.240142371412233 ], [ 16.615362098264875, 46.217428534872113 ], [ 16.613402501022048, 46.215182392917903 ], [ 16.60958418412276, 46.212379413425616 ], [ 16.577774997295585, 46.216661481385991 ], [ 16.572221221197314, 46.241399935310618 ] ] ] ] } },
{ "type": "Feature", "properties": { "BM": 1914, "data": { "Oznaka Gr/Op/Dr": "općina", "Grad/općina/država": "SVETI ĐURĐ", "Rbr BM": 6, "Naziv BM": "KARLOVEC LUDBREŠKI", "Lokacija BM": "DRUŠTVENI DOM", "Adresa BM": "LUG 1", "Glasovalo birača": 196, "Glasovalo birača (po listićima)": 196, "Važeći listići": 180, "Nevažeći listići": 16 }, "latitude": 46.2839138, "longitude": 16.6040205, "population": 366 }, "geometry": { "type": "MultiPolygon", "coordinates": [ [ [ [ 16.59523110303935, 46.29379710076654 ], [ 16.603461535049718, 46.309005518324085 ], [ 16.620867479177402, 46.304681813860583 ], [ 16.604275058739113, 46.283888623797033 ], [ 16.601762180381144, 46.280743539387046 ], [ 16.596502811978077, 46.282311530870693 ], [ 16.59523110303935, 46.29379710076654 ] ] ] ] } },
{ "type": "Feature", "properties": { "BM": 1915, "data": { "Oznaka Gr/Op/Dr": "općina", "Grad/općina/država": "SVETI ĐURĐ", "Rbr BM": 7, "Naziv BM": "PRILES", "Lokacija BM": "DRUŠTVENI DOM", "Adresa BM": "PRILES 45B", "Glasovalo birača": 137, "Glasovalo birača (po listićima)": 137, "Važeći listići": 134, "Nevažeći listići": 3 }, "latitude": 46.2768542, "longitude": 16.6019158, "population": 181 }, "geometry": { "type": "MultiPolygon", "coordinates": [ [ [ [ 16.596502811978077, 46.282311530870693 ], [ 16.601762180381144, 46.280743539387046 ], [ 16.605807912814718, 46.279290061297921 ], [ 16.606911518958636, 46.278893534593223 ], [ 16.594437099728029, 46.261904809236249 ], [ 16.591761888782489, 46.260967059329531 ], [ 16.58785335294019, 46.261237142104804 ], [ 16.596502811978077, 46.282311530870693 ] ] ] ] } },
{ "type": "Feature", "properties": { "BM": 1355, "data": { "Oznaka Gr/Op/Dr": "grad", "Grad/općina/država": "LUDBREG", "Rbr BM": 14, "Naziv BM": "POLJANEC", "Lokacija BM": "DRUŠTVENI DOM", "Adresa BM": "VARAŽDINSKA ULICA 185", "Glasovalo birača": 304, "Glasovalo birača (po listićima)": 304, "Važeći listići": 284, "Nevažeći listići": 20 }, "latitude": 46.2548965, "longitude": 16.6096127, "population": 530 }, "geometry": { "type": "MultiPolygon", "coordinates": [ [ [ [ 16.591761888782489, 46.260967059329531 ], [ 16.594437099728029, 46.261904809236249 ], [ 16.597808643357194, 46.262475403508191 ], [ 16.613959593383381, 46.25969893462986 ], [ 16.612538328792624, 46.253609520967309 ], [ 16.603233439257842, 46.250619206861359 ], [ 16.591761888782489, 46.260967059329531 ] ] ] ] } },
{ "type": "Feature", "properties": { "BM": 1909, "data": { "Oznaka Gr/Op/Dr": "općina", "Grad/općina/država": "SVETI ĐURĐ", "Rbr BM": 1, "Naziv BM": "HRŽENICA - 1", "Lokacija BM": "DRUŠTVENI DOM", "Adresa BM": "ULICA BRAĆE RADIĆ 54", "Glasovalo birača": 151, "Glasovalo birača (po listićima)": 151, "Važeći listići": 145, "Nevažeći listići": 6 }, "latitude": 46.2836459, "longitude": 16.6043558, "population": 271 }, "geometry": { "type": "MultiPolygon", "coordinates": [ [ [ [ 16.601762180381144, 46.280743539387046 ], [ 16.604275058739113, 46.283888623797033 ], [ 16.605807912814718, 46.279290061297921 ], [ 16.601762180381144, 46.280743539387046 ] ] ] ] } },
{ "type": "Feature", "properties": { "BM": 1912, "data": { "Oznaka Gr/Op/Dr": "općina", "Grad/općina/država": "SVETI ĐURĐ", "Rbr BM": 4, "Naziv BM": "SVETI ĐURĐ", "Lokacija BM": "DRUŠTVENI DOM", "Adresa BM": "ULICA BRAĆE RADIĆ 32", "Glasovalo birača": 284, "Glasovalo birača (po listićima)": 284, "Važeći listići": 278, "Nevažeći listići": 6 }, "latitude": 46.283646, "longitude": 16.6043561, "population": 481 }, "geometry": { "type": "MultiPolygon", "coordinates": [ [ [ [ 16.605807912814718, 46.279290061297921 ], [ 16.604275058739113, 46.283888623797033 ], [ 16.620867479177402, 46.304681813860583 ], [ 16.62496283330653, 46.303699348514073 ], [ 16.625332825304806, 46.30222990508431 ], [ 16.626493998427662, 46.282963680726745 ], [ 16.606911518958636, 46.278893534593223 ], [ 16.605807912814718, 46.279290061297921 ] ] ] ] } },
{ "type": "Feature", "properties": { "BM": 1916, "data": { "Oznaka Gr/Op/Dr": "općina", "Grad/općina/država": "SVETI ĐURĐ", "Rbr BM": 8, "Naziv BM": "OBRANKOVEC", "Lokacija BM": "DRUŠTVENI DOM", "Adresa BM": "OBRANKOVEC 1B", "Glasovalo birača": 62, "Glasovalo birača (po listićima)": 62, "Važeći listići": 61, "Nevažeći listići": 1 }, "latitude": 46.2735164, "longitude": 16.6064615, "population": 103 }, "geometry": { "type": "MultiPolygon", "coordinates": [ [ [ [ 16.606911518958636, 46.278893534593223 ], [ 16.626493998427662, 46.282963680726745 ], [ 16.62704921236114, 46.281142651990827 ], [ 16.597808643357194, 46.262475403508191 ], [ 16.594437099728029, 46.261904809236249 ], [ 16.606911518958636, 46.278893534593223 ] ] ] ] } },
{ "type": "Feature", "properties": { "BM": 1348, "data": { "Oznaka Gr/Op/Dr": "grad", "Grad/općina/država": "LUDBREG", "Rbr BM": 7, "Naziv BM": "SELNIK", "Lokacija BM": "DRUŠTVENI DOM", "Adresa BM": "SELNIK, GLAVNA ULICA 1", "Glasovalo birača": 424, "Glasovalo birača (po listićima)": 424, "Važeći listići": 411, "Nevažeći listići": 13 }, "latitude": 46.2656773, "longitude": 16.611466, "population": 672 }, "geometry": { "type": "MultiPolygon", "coordinates": [ [ [ [ 16.62704921236114, 46.281142651990827 ], [ 16.630268137934234, 46.275379332031982 ], [ 16.627708757749502, 46.264992610058663 ], [ 16.625432274742636, 46.263707123333987 ], [ 16.613959593383381, 46.25969893462986 ], [ 16.597808643357194, 46.262475403508191 ], [ 16.62704921236114, 46.281142651990827 ] ] ] ] } },
{ "type": "Feature", "properties": { "BM": 1917, "data": { "Oznaka Gr/Op/Dr": "općina", "Grad/općina/država": "SVETI ĐURĐ", "Rbr BM": 9, "Naziv BM": "SESVETE LUDBREŠKE", "Lokacija BM": "PROSTORIJE MJESNOG ODBORA", "Adresa BM": "VINOGRADSKA ULICA 17", "Glasovalo birača": 214, "Glasovalo birača (po listićima)": 214, "Važeći listići": 201, "Nevažeći listići": 13 }, "latitude": 46.2862999, "longitude": 16.6483897, "population": 357 }, "geometry": { "type": "MultiPolygon", "coordinates": [ [ [ [ 16.626493998427662, 46.282963680726745 ], [ 16.625332825304806, 46.30222990508431 ], [ 16.668837969366702, 46.282899376126345 ], [ 16.669343791435008, 46.276679470262373 ], [ 16.669326602184885, 46.276582849446086 ], [ 16.647326099763635, 46.271768400496271 ], [ 16.630268137934234, 46.275379332031982 ], [ 16.62704921236114, 46.281142651990827 ], [ 16.626493998427662, 46.282963680726745 ] ] ] ] } },
{ "type": "Feature", "properties": { "BM": 1343, "data": { "Oznaka Gr/Op/Dr": "grad", "Grad/općina/država": "LUDBREG", "Rbr BM": 2, "Naziv BM": "LUDBREG - 2", "Lokacija BM": "OSNOVNA ŠKOLA LUDBREG", "Adresa BM": "ULICA ANDRIJE KAČIĆA MIOŠIĆA 17", "Glasovalo birača": 962, "Glasovalo birača (po listićima)": 962, "Važeći listići": 938, "Nevažeći listići": 24 }, "latitude": 46.2508591, "longitude": 16.6109102, "population": 1407 }, "geometry": { "type": "MultiPolygon", "coordinates": [ [ [ [ 16.603233439257842, 46.250619206861359 ], [ 16.612538328792624, 46.253609520967309 ], [ 16.614326329559631, 46.250305834423834 ], [ 16.609760312348978, 46.240142371412233 ], [ 16.603233439257842, 46.250619206861359 ] ] ] ] } },
{ "type": "Feature", "properties": { "BM": 1350, "data": { "Oznaka Gr/Op/Dr": "grad", "Grad/općina/država": "LUDBREG", "Rbr BM": 9, "Naziv BM": "HRASTOVSKO", "Lokacija BM": "DRUŠTVENI DOM, HRASTOVSKO", "Adresa BM": "KALNIČKA ULICA 3", "Glasovalo birača": 377, "Glasovalo birača (po listićima)": 377, "Važeći listići": 365, "Nevažeći listići": 12 }, "latitude": 46.2481193, "longitude": 16.6170087, "population": 571 }, "geometry": { "type": "MultiPolygon", "coordinates": [ [ [ [ 16.609760312348978, 46.240142371412233 ], [ 16.614326329559631, 46.250305834423834 ], [ 16.617072771525329, 46.250961651350565 ], [ 16.629331712545021, 46.237355579114933 ], [ 16.622974143863946, 46.22217999442163 ], [ 16.615362098264875, 46.217428534872113 ], [ 16.609760312348978, 46.240142371412233 ] ] ] ] } },
{ "type": "Feature", "properties": { "BM": 1344, "data": { "Oznaka Gr/Op/Dr": "grad", "Grad/općina/država": "LUDBREG", "Rbr BM": 3, "Naziv BM": "VINOGRADI LUDBREŠKI", "Lokacija BM": "DRUŠTVENI DOM, VINOGRADI LUDBREŠKI", "Adresa BM": "GORNJOGRADSKA ULICA 2", "Glasovalo birača": 341, "Glasovalo birača (po listićima)": 341, "Važeći listići": 334, "Nevažeći listići": 7 }, "latitude": 46.2534684, "longitude": 16.6157314, "population": 604 }, "geometry": { "type": "MultiPolygon", "coordinates": [ [ [ [ 16.613959593383381, 46.25969893462986 ], [ 16.625432274742636, 46.263707123333987 ], [ 16.617072771525329, 46.250961651350565 ], [ 16.614326329559631, 46.250305834423834 ], [ 16.612538328792624, 46.253609520967309 ], [ 16.613959593383381, 46.25969893462986 ] ] ] ] } },
{ "type": "Feature", "properties": { "BM": 1342, "data": { "Oznaka Gr/Op/Dr": "grad", "Grad/općina/država": "LUDBREG", "Rbr BM": 1, "Naziv BM": "LUDBREG - 1", "Lokacija BM": "MEĐUGENERACIJSKI CENTAR-PROSTORIJA UDRUGE UMIROVLJENIKA", "Adresa BM": "TRG SVETOGA TROJSTVA 16", "Glasovalo birača": 970, "Glasovalo birača (po listićima)": 969, "Važeći listići": 941, "Nevažeći listići": 28 }, "latitude": 46.2507301, "longitude": 16.6199064, "population": 1562 }, "geometry": { "type": "MultiPolygon", "coordinates": [ [ [ [ 16.625432274742636, 46.263707123333987 ], [ 16.627708757749502, 46.264992610058663 ], [ 16.634015788987686, 46.245609146000277 ], [ 16.629331712545021, 46.237355579114933 ], [ 16.617072771525329, 46.250961651350565 ], [ 16.625432274742636, 46.263707123333987 ] ] ] ] } },
{ "type": "Feature", "properties": { "BM": 1354, "data": { "Oznaka Gr/Op/Dr": "grad", "Grad/općina/država": "LUDBREG", "Rbr BM": 13, "Naziv BM": "SEGOVINA", "Lokacija BM": "DRUŠTVENI DOM", "Adresa BM": "SEGOVINA 17", "Glasovalo birača": 23, "Glasovalo birača (po listićima)": 23, "Važeći listići": 23, "Nevažeći listići": 0 }, "latitude": 46.2054274, "longitude": 16.6436571, "population": 34 }, "geometry": { "type": "MultiPolygon", "coordinates": [ [ [ [ 16.615362098264875, 46.217428534872113 ], [ 16.622974143863946, 46.22217999442163 ], [ 16.647559222903801, 46.220586072837193 ], [ 16.657120347177958, 46.214613235983848 ], [ 16.662451926659767, 46.20526351870955 ], [ 16.646626960953235, 46.195622162322863 ], [ 16.613402501022048, 46.215182392917903 ], [ 16.615362098264875, 46.217428534872113 ] ] ] ] } },
{ "type": "Feature", "properties": { "BM": 1345, "data": { "Oznaka Gr/Op/Dr": "grad", "Grad/općina/država": "LUDBREG", "Rbr BM": 4, "Naziv BM": "SIGETEC LUDBREŠKI", "Lokacija BM": "DRUŠTVENI DOM", "Adresa BM": "SIGETEC LUDBREŠKI, ULICA BRAĆE RADIĆ 13", "Glasovalo birača": 328, "Glasovalo birača (po listićima)": 328, "Važeći listići": 311, "Nevažeći listići": 17 }, "latitude": 46.2580524, "longitude": 16.6424101, "population": 527 }, "geometry": { "type": "MultiPolygon", "coordinates": [ [ [ [ 16.630268137934234, 46.275379332031982 ], [ 16.647326099763635, 46.271768400496271 ], [ 16.649240592602585, 46.247856346924159 ], [ 16.634015788987686, 46.245609146000277 ], [ 16.627708757749502, 46.264992610058663 ], [ 16.630268137934234, 46.275379332031982 ] ] ] ] } },
{ "type": "Feature", "properties": { "BM": 1351, "data": { "Oznaka Gr/Op/Dr": "grad", "Grad/općina/država": "LUDBREG", "Rbr BM": 10, "Naziv BM": "GLOBOČEC LUDBREŠKI", "Lokacija BM": "DRUŠTVENI DOM", "Adresa BM": "GLOBOČEC LUDBREŠKI, LUDBREŠKA ULICA 80", "Glasovalo birača": 231, "Glasovalo birača (po listićima)": 231, "Važeći listići": 215, "Nevažeći listići": 16 }, "latitude": 46.2361217, "longitude": 16.6456471, "population": 373 }, "geometry": { "type": "MultiPolygon", "coordinates": [ [ [ [ 16.649240592602585, 46.247856346924159 ], [ 16.657020361562406, 46.244894116172389 ], [ 16.647559222903801, 46.220586072837193 ], [ 16.622974143863946, 46.22217999442163 ], [ 16.629331712545021, 46.237355579114933 ], [ 16.634015788987686, 46.245609146000277 ], [ 16.649240592602585, 46.247856346924159 ] ] ] ] } },
{ "type": "Feature", "properties": { "BM": 1918, "data": { "Oznaka Gr/Op/Dr": "općina", "Grad/općina/država": "SVETI ĐURĐ", "Rbr BM": 10, "Naziv BM": "STRUGA", "Lokacija BM": "DRUŠTVENI DOM", "Adresa BM": "STRUGA 114", "Glasovalo birača": 211, "Glasovalo birača (po listićima)": 211, "Važeći listići": 204, "Nevažeći listići": 7 }, "latitude": 46.2957956, "longitude": 16.6526089, "population": 342 }, "geometry": { "type": "MultiPolygon", "coordinates": [ [ [ [ 16.62496283330653, 46.303699348514073 ], [ 16.638783777266095, 46.318224098767601 ], [ 16.653733111904241, 46.319620632159321 ], [ 16.673051545521204, 46.307127371450498 ], [ 16.668837969366702, 46.282899376126345 ], [ 16.625332825304806, 46.30222990508431 ], [ 16.62496283330653, 46.303699348514073 ] ] ] ] } },
{ "type": "Feature", "properties": { "BM": 1346, "data": { "Oznaka Gr/Op/Dr": "grad", "Grad/općina/država": "LUDBREG", "Rbr BM": 5, "Naziv BM": "SLOKOVEC", "Lokacija BM": "VATROGASNI DOM", "Adresa BM": "SLOKOVEC 45", "Glasovalo birača": 134, "Glasovalo birača (po listićima)": 134, "Važeći listići": 132, "Nevažeći listići": 2 }, "latitude": 46.2590093, "longitude": 16.6543618, "population": 197 }, "geometry": { "type": "MultiPolygon", "coordinates": [ [ [ [ 16.647326099763635, 46.271768400496271 ], [ 16.669326602184885, 46.276582849446086 ], [ 16.675617199315955, 46.264317712997837 ], [ 16.670987082827192, 46.247418333742424 ], [ 16.657020361562406, 46.244894116172389 ], [ 16.649240592602585, 46.247856346924159 ], [ 16.647326099763635, 46.271768400496271 ] ] ] ] } },
{ "type": "Feature", "properties": { "BM": 1352, "data": { "Oznaka Gr/Op/Dr": "grad", "Grad/općina/država": "LUDBREG", "Rbr BM": 11, "Naziv BM": "ČUKOVEC", "Lokacija BM": "DRUŠTVENI DOM", "Adresa BM": "ČUKOVEC, GRACI 2", "Glasovalo birača": 116, "Glasovalo birača (po listićima)": 116, "Važeći listići": 113, "Nevažeći listići": 3 }, "latitude": 46.2307413, "longitude": 16.6594707, "population": 229 }, "geometry": { "type": "MultiPolygon", "coordinates": [ [ [ [ 16.647559222903801, 46.220586072837193 ], [ 16.657020361562406, 46.244894116172389 ], [ 16.670987082827192, 46.247418333742424 ], [ 16.675559274395759, 46.239436884263 ], [ 16.657120347177958, 46.214613235983848 ], [ 16.647559222903801, 46.220586072837193 ] ] ] ] } },
{ "type": "Feature", "properties": { "BM": 1353, "data": { "Oznaka Gr/Op/Dr": "grad", "Grad/općina/država": "LUDBREG", "Rbr BM": 12, "Naziv BM": "BOLFAN", "Lokacija BM": "PROSTORIJE NOGOMETNOG KLUBA", "Adresa BM": "BOLFAN, LUDBREŠKA ULICA 43", "Glasovalo birača": 177, "Glasovalo birača (po listićima)": 177, "Važeći listići": 171, "Nevažeći listići": 6 }, "latitude": 46.2215223, "longitude": 16.6718819, "population": 343 }, "geometry": { "type": "MultiPolygon", "coordinates": [ [ [ [ 16.675559274395759, 46.239436884263 ], [ 16.691087955921713, 46.228487095896313 ], [ 16.675772535555158, 46.198044538104853 ], [ 16.662451926659767, 46.20526351870955 ], [ 16.657120347177958, 46.214613235983848 ], [ 16.675559274395759, 46.239436884263 ] ] ] ] } },
{ "type": "Feature", "properties": { "BM": 1984, "data": { "Oznaka Gr/Op/Dr": "općina", "Grad/općina/država": "VELIKI BUKOVEC", "Rbr BM": 3, "Naziv BM": "DUBOVICA", "Lokacija BM": "DRUŠTVENI DOM", "Adresa BM": "DUBOVICA 46", "Glasovalo birača": 147, "Glasovalo birača (po listićima)": 147, "Važeći listići": 144, "Nevažeći listići": 3 }, "latitude": 46.2895592, "longitude": 16.6884681, "population": 217 }, "geometry": { "type": "MultiPolygon", "coordinates": [ [ [ [ 16.673051545521204, 46.307127371450498 ], [ 16.699417797411073, 46.315818017837877 ], [ 16.700402911697754, 46.315215419704991 ], [ 16.698754227032534, 46.286934157512057 ], [ 16.669343791435008, 46.276679470262373 ], [ 16.668837969366702, 46.282899376126345 ], [ 16.673051545521204, 46.307127371450498 ] ] ] ] } },
{ "type": "Feature", "properties": { "BM": 1777, "data": { "Oznaka Gr/Op/Dr": "općina", "Grad/općina/država": "MALI BUKOVEC", "Rbr BM": 5, "Naziv BM": "SVETI PETAR", "Lokacija BM": "DRUŠTVENI DOM", "Adresa BM": "HARAMBAŠINA ULICA 1", "Glasovalo birača": 279, "Glasovalo birača (po listićima)": 279, "Važeći listići": 265, "Nevažeći listići": 14 }, "latitude": 46.2489167, "longitude": 16.6911986, "population": 473 }, "geometry": { "type": "MultiPolygon", "coordinates": [ [ [ [ 16.670987082827192, 46.247418333742424 ], [ 16.675617199315955, 46.264317712997837 ], [ 16.703615589176685, 46.263246111226671 ], [ 16.693765963484999, 46.228871667221789 ], [ 16.691087955921713, 46.228487095896313 ], [ 16.675559274395759, 46.239436884263 ], [ 16.670987082827192, 46.247418333742424 ] ] ] ] } },
{ "type": "Feature", "properties": { "BM": 1983, "data": { "Oznaka Gr/Op/Dr": "općina", "Grad/općina/država": "VELIKI BUKOVEC", "Rbr BM": 2, "Naziv BM": "KAPELA PODRAVSKA", "Lokacija BM": "DRUŠTVENI DOM", "Adresa BM": "KAPELA PODRAVSKA 114A", "Glasovalo birača": 228, "Glasovalo birača (po listićima)": 228, "Važeći listići": 223, "Nevažeći listići": 5 }, "latitude": 46.2784827, "longitude": 16.6923302, "population": 332 }, "geometry": { "type": "MultiPolygon", "coordinates": [ [ [ [ 16.669343791435008, 46.276679470262373 ], [ 16.698754227032534, 46.286934157512057 ], [ 16.706058503233518, 46.274385405815018 ], [ 16.70503264236687, 46.26383972791789 ], [ 16.703615589176685, 46.263246111226671 ], [ 16.675617199315955, 46.264317712997837 ], [ 16.669326602184885, 46.276582849446086 ], [ 16.669343791435008, 46.276679470262373 ] ] ] ] } },
{ "type": "Feature", "properties": { "BM": 1778, "data": { "Oznaka Gr/Op/Dr": "općina", "Grad/općina/država": "MALI BUKOVEC", "Rbr BM": 6, "Naziv BM": "MARTINIĆ", "Lokacija BM": "DRUŠTVENI DOM", "Adresa BM": "MARTINIĆ 7", "Glasovalo birača": 73, "Glasovalo birača (po listićima)": 73, "Važeći listići": 68, "Nevažeći listići": 5 }, "latitude": 46.2445152, "longitude": 16.7065595, "population": 110 }, "geometry": { "type": "MultiPolygon", "coordinates": [ [ [ [ 16.70503264236687, 46.26383972791789 ], [ 16.715281700551923, 46.259326242761858 ], [ 16.713633113744496, 46.227089015443006 ], [ 16.711348816996942, 46.224122257022294 ], [ 16.693765963484999, 46.228871667221789 ], [ 16.703615589176685, 46.263246111226671 ], [ 16.70503264236687, 46.26383972791789 ] ] ] ] } },
{ "type": "Feature", "properties": { "BM": 1982, "data": { "Oznaka Gr/Op/Dr": "općina", "Grad/općina/država": "VELIKI BUKOVEC", "Rbr BM": 1, "Naziv BM": "VELIKI BUKOVEC", "Lokacija BM": "DRUŠTVENI DOM", "Adresa BM": "DRAVSKA ULICA 44A", "Glasovalo birača": 358, "Glasovalo birača (po listićima)": 358, "Važeći listići": 345, "Nevažeći listići": 13 }, "latitude": 46.2883462, "longitude": 16.7092757, "population": 527 }, "geometry": { "type": "MultiPolygon", "coordinates": [ [ [ [ 16.722665318010833, 46.311352577345374 ], [ 16.728850240240718, 46.307572909458415 ], [ 16.725097405915001, 46.291090544607719 ], [ 16.706058503233518, 46.274385405815018 ], [ 16.698754227032534, 46.286934157512057 ], [ 16.700402911697754, 46.315215419704991 ], [ 16.722665318010833, 46.311352577345374 ] ] ] ] } },
{ "type": "Feature", "properties": { "BM": 1776, "data": { "Oznaka Gr/Op/Dr": "općina", "Grad/općina/država": "MALI BUKOVEC", "Rbr BM": 4, "Naziv BM": "NOVO SELO PODRAVSKO", "Lokacija BM": "DRUŠTVENI DOM", "Adresa BM": "NOVO SELO PODRAVSKO 1A", "Glasovalo birača": 105, "Glasovalo birača (po listićima)": 105, "Važeći listići": 104, "Nevažeći listići": 1 }, "latitude": 46.27576, "longitude": 16.7203191, "population": 152 }, "geometry": { "type": "MultiPolygon", "coordinates": [ [ [ [ 16.706058503233518, 46.274385405815018 ], [ 16.725097405915001, 46.291090544607719 ], [ 16.729749548119965, 46.277264768299148 ], [ 16.72153330601941, 46.259741309441743 ], [ 16.715281700551923, 46.259326242761858 ], [ 16.70503264236687, 46.26383972791789 ], [ 16.706058503233518, 46.274385405815018 ] ] ] ] } },
{ "type": "Feature", "properties": { "BM": 1779, "data": { "Oznaka Gr/Op/Dr": "općina", "Grad/općina/država": "MALI BUKOVEC", "Rbr BM": 7, "Naziv BM": "LUNJKOVEC", "Lokacija BM": "DRUŠTVENI DOM", "Adresa BM": "LUNJKOVEC 4", "Glasovalo birača": 102, "Glasovalo birača (po listićima)": 102, "Važeći listići": 95, "Nevažeći listići": 7 }, "latitude": 46.2437027, "longitude": 16.7224475, "population": 154 }, "geometry": { "type": "MultiPolygon", "coordinates": [ [ [ [ 16.715281700551923, 46.259326242761858 ], [ 16.72153330601941, 46.259741309441743 ], [ 16.742052601501147, 46.24988512530981 ], [ 16.741135485963838, 46.241335371356577 ], [ 16.713633113744496, 46.227089015443006 ], [ 16.715281700551923, 46.259326242761858 ] ] ] ] } },
{ "type": "Feature", "properties": { "BM": 1774, "data": { "Oznaka Gr/Op/Dr": "općina", "Grad/općina/država": "MALI BUKOVEC", "Rbr BM": 2, "Naziv BM": "MALI BUKOVEC - 2", "Lokacija BM": "ZGRADA OPĆINE- 1.KAT", "Adresa BM": "ULICA MIHOVILA PAVLEKA MIŠKINE 14", "Glasovalo birača": 135, "Glasovalo birača (po listićima)": 135, "Važeći listići": 129, "Nevažeći listići": 6 }, "latitude": 46.281767, "longitude": 16.7381714, "population": 219 }, "geometry": { "type": "MultiPolygon", "coordinates": [ [ [ [ 16.725097405915001, 46.291090544607719 ], [ 16.728850240240718, 46.307572909458415 ], [ 16.733575001649221, 46.307676598888605 ], [ 16.740354814160604, 46.274305867210138 ], [ 16.729749548119965, 46.277264768299148 ], [ 16.725097405915001, 46.291090544607719 ] ] ] ] } },
{ "type": "Feature", "properties": { "BM": 1775, "data": { "Oznaka Gr/Op/Dr": "općina", "Grad/općina/država": "MALI BUKOVEC", "Rbr BM": 3, "Naziv BM": "ŽUPANEC", "Lokacija BM": "DRUŠTVENI DOM", "Adresa BM": "ŽUPANEC 56A", "Glasovalo birača": 69, "Glasovalo birača (po listićima)": 69, "Važeći listići": 66, "Nevažeći listići": 3 }, "latitude": 46.2690528, "longitude": 16.7346241, "population": 132 }, "geometry": { "type": "MultiPolygon", "coordinates": [ [ [ [ 16.72153330601941, 46.259741309441743 ], [ 16.729749548119965, 46.277264768299148 ], [ 16.740354814160604, 46.274305867210138 ], [ 16.757628369878766, 46.26787622819414 ], [ 16.757748574340233, 46.263394438916386 ], [ 16.742052601501147, 46.24988512530981 ], [ 16.72153330601941, 46.259741309441743 ] ] ] ] } },
{ "type": "Feature", "properties": { "BM": 1773, "data": { "Oznaka Gr/Op/Dr": "općina", "Grad/općina/država": "MALI BUKOVEC", "Rbr BM": 1, "Naziv BM": "MALI BUKOVEC - 1", "Lokacija BM": "DRUŠTVENI DOM", "Adresa BM": "ULICA MIHOVILA PAVLEKA MIŠKINE 19", "Glasovalo birača": 200, "Glasovalo birača (po listićima)": 200, "Važeći listići": 197, "Nevažeći listići": 3 }, "latitude": 46.2820275, "longitude": 16.7394536, "population": 327 }, "geometry": { "type": "MultiPolygon", "coordinates": [ [ [ [ 16.75613513451038, 46.305772381462809 ], [ 16.762020955182869, 46.283243300719768 ], [ 16.757628369878766, 46.26787622819414 ], [ 16.740354814160604, 46.274305867210138 ], [ 16.733575001649221, 46.307676598888605 ], [ 16.735860600553135, 46.30778365695376 ], [ 16.75613513451038, 46.305772381462809 ] ] ] ] } }
]
}
