{
"type": "FeatureCollection",
"name": "zupanija_14",
"crs": { "type": "name", "properties": { "name": "urn:ogc:def:crs:EPSG::3765" } },
"features": [
{ "type": "Feature", "properties": { "BM": 2644, "data": { "Oznaka Gr/Op/Dr": "općina", "Grad/općina/država": "PETLOVAC", "Rbr BM": 5, "Naziv BM": "TORJANCI", "Lokacija BM": "DOM KULTURE", "Adresa BM": "GRANIČARSKA 1B", "Glasovalo birača": 65, "Glasovalo birača (po listićima)": 65, "Važeći listići": 62, "Nevažeći listići": 3 }, "latitude": 45.758780105605901, "longitude": 18.366389191348699, "population": 123 }, "geometry": { "type": "MultiPolygon", "coordinates": [ [ [ [ 18.3155993, 45.7564612 ], [ 18.3160267, 45.7564895 ], [ 18.316305254954415, 45.756453328263994 ], [ 18.3164541, 45.756434 ], [ 18.3192312, 45.7560977 ], [ 18.3198809, 45.7559013 ], [ 18.3205826, 45.7555653 ], [ 18.3213959, 45.7552174 ], [ 18.3220923, 45.7549794 ], [ 18.3226451, 45.7548332 ], [ 18.3239761, 45.7547043 ], [ 18.3284149, 45.7544176 ], [ 18.3309607, 45.7544589 ], [ 18.3322933, 45.7542324 ], [ 18.3333656, 45.7538641 ], [ 18.3350203, 45.7528789 ], [ 18.3359542, 45.7521377 ], [ 18.3366408, 45.7514183 ], [ 18.3370668, 45.7507247 ], [ 18.3373793, 45.7499434 ], [ 18.3376232, 45.74921 ], [ 18.3378033, 45.7470782 ], [ 18.3386654, 45.7470026 ], [ 18.3390932, 45.746955 ], [ 18.3415552, 45.7478608 ], [ 18.3421426, 45.7480641 ], [ 18.3442866, 45.7497222 ], [ 18.3450018, 45.7499557 ], [ 18.3453268, 45.7508168 ], [ 18.3457571, 45.7519148 ], [ 18.3460477, 45.7537965 ], [ 18.3461211, 45.7545587 ], [ 18.3463957, 45.7550653 ], [ 18.3469307, 45.7554529 ], [ 18.346963, 45.7555613 ], [ 18.3474747, 45.7558344 ], [ 18.3485763, 45.7567474 ], [ 18.3489642, 45.7572999 ], [ 18.3496232, 45.7581347 ], [ 18.3495541, 45.758731 ], [ 18.3501535, 45.7589003 ], [ 18.3506927, 45.759666 ], [ 18.351763, 45.7604349 ], [ 18.3517534, 45.761191 ], [ 18.3544291, 45.7637362 ], [ 18.3546835, 45.7640042 ], [ 18.354699305498759, 45.764015383784525 ], [ 18.3550973, 45.764297 ], [ 18.3555197, 45.7641593 ], [ 18.3560094, 45.7638591 ], [ 18.3565234, 45.7639181 ], [ 18.3566246, 45.7640971 ], [ 18.3565709, 45.7655975 ], [ 18.3564332, 45.7668788 ], [ 18.3571259, 45.7669384 ], [ 18.357736, 45.7671753 ], [ 18.3582039, 45.7672462 ], [ 18.361559, 45.7658805 ], [ 18.3625717, 45.7662096 ], [ 18.3637386, 45.7661322 ], [ 18.3650013, 45.7656476 ], [ 18.3654236, 45.765671 ], [ 18.3663741, 45.7666171 ], [ 18.3666767, 45.7667215 ], [ 18.3642257, 45.7729364 ], [ 18.3701005, 45.7699024 ], [ 18.3704099, 45.7691658 ], [ 18.3712421, 45.7689273 ], [ 18.3717911, 45.7689306 ], [ 18.3723264, 45.7693181 ], [ 18.3719591, 45.7685292 ], [ 18.3725337, 45.7683766 ], [ 18.3743509, 45.7676955 ], [ 18.3783585, 45.7655429 ], [ 18.3798369, 45.7649082 ], [ 18.3803829, 45.7641217 ], [ 18.3807321, 45.7636669 ], [ 18.3814061, 45.7635665 ], [ 18.3818057, 45.763828 ], [ 18.3820788, 45.764087 ], [ 18.382445, 45.7642104 ], [ 18.3829621, 45.7641736 ], [ 18.3838068, 45.7638238 ], [ 18.3845319, 45.7639372 ], [ 18.3856372, 45.7647726 ], [ 18.386352, 45.7646378 ], [ 18.3870053, 45.7643387 ], [ 18.3895993, 45.7622651 ], [ 18.3906099, 45.7620165 ], [ 18.3918949, 45.7616983 ], [ 18.3923182, 45.7612504 ], [ 18.3924248, 45.7609482 ], [ 18.3923467, 45.759088 ], [ 18.3920305, 45.757766 ], [ 18.3925194, 45.7574472 ], [ 18.3931424, 45.7576357 ], [ 18.3936824, 45.7576389 ], [ 18.3945426, 45.7571712 ], [ 18.3951747, 45.7563603 ], [ 18.395334107101434, 45.755877465512569 ], [ 18.381606481137521, 45.7287627007438 ], [ 18.361309581486449, 45.719379834706665 ], [ 18.315969039129406, 45.753952031040086 ], [ 18.31431134140653, 45.756307224351069 ], [ 18.3155993, 45.7564612 ] ] ] ] } },
{ "type": "Feature", "properties": { "BM": 2641, "data": { "Oznaka Gr/Op/Dr": "općina", "Grad/općina/država": "PETLOVAC", "Rbr BM": 2, "Naziv BM": "BARANJSKO PETROVO SELO", "Lokacija BM": "OSNOVNA ŠKOLA", "Adresa BM": "KOLODVORSKA 74E", "Glasovalo birača": 262, "Glasovalo birača (po listićima)": 262, "Važeći listići": 255, "Nevažeći listići": 7 }, "latitude": 45.755836, "longitude": 18.4695096, "population": 385 }, "geometry": { "type": "MultiPolygon", "coordinates": [ [ [ [ 18.4490566, 45.7579597 ], [ 18.4475195, 45.7590813 ], [ 18.4450763, 45.7605196 ], [ 18.4541002, 45.767421 ], [ 18.4542098, 45.7675138 ], [ 18.454369, 45.7676495 ], [ 18.4542819, 45.7676977 ], [ 18.4544891, 45.7678755 ], [ 18.4562828, 45.7695229 ], [ 18.4638006, 45.7662352 ], [ 18.4711527, 45.7663483 ], [ 18.4748819, 45.7664056 ], [ 18.4807206, 45.7664954 ], [ 18.4821905, 45.7655032 ], [ 18.4820859, 45.7731924 ], [ 18.4827231, 45.7733577 ], [ 18.4827114, 45.774498 ], [ 18.4827075, 45.774876 ], [ 18.4826996, 45.7756382 ], [ 18.4826956, 45.7760224 ], [ 18.4832368, 45.7767875 ], [ 18.4837653, 45.7779305 ], [ 18.4843065, 45.7786955 ], [ 18.484831, 45.7802227 ], [ 18.4853595, 45.7813657 ], [ 18.4853439, 45.7828902 ], [ 18.4858774, 45.7844112 ], [ 18.4858578, 45.7863199 ], [ 18.4863864, 45.7874629 ], [ 18.4874681, 45.7882306 ], [ 18.4880094, 45.7889956 ], [ 18.4885381, 45.7901386 ], [ 18.4885343, 45.7905166 ], [ 18.4885303, 45.7909009 ], [ 18.4890629, 45.7916658 ], [ 18.4890551, 45.7924281 ], [ 18.4890435, 45.7935683 ], [ 18.489892170259701, 45.794170559344032 ], [ 18.501339616205762, 45.770272080268711 ], [ 18.501484060191459, 45.750668305819225 ], [ 18.493771797036832, 45.739942463242642 ], [ 18.448323298788857, 45.751960529114683 ], [ 18.4490566, 45.7579597 ] ] ] ] } },
{ "type": "Feature", "properties": { "BM": 2681, "data": { "Oznaka Gr/Op/Dr": "općina", "Grad/općina/država": "PODRAVSKA MOSLAVINA", "Rbr BM": 1, "Naziv BM": "PODRAVSKA MOSLAVINA", "Lokacija BM": "OSNOVNA ŠKOLA", "Adresa BM": "J.J.STROSSMAYERA 87", "Glasovalo birača": 313, "Glasovalo birača (po listićima)": 313, "Važeći listići": 303, "Nevažeći listići": 10 }, "latitude": 45.7854084, "longitude": 17.9818335, "population": 563 }, "geometry": { "type": "MultiPolygon", "coordinates": [ [ [ [ 17.9410082, 45.7902492 ], [ 17.9426391, 45.7906434 ], [ 17.9453352, 45.7918167 ], [ 17.9469573, 45.7922107 ], [ 17.9496689, 45.7926217 ], [ 17.9529297, 45.7930317 ], [ 17.9545595, 45.7930477 ], [ 17.9562057, 45.7926857 ], [ 17.9644165, 45.7900943 ], [ 17.9671505, 45.7893646 ], [ 17.9687891, 45.7893804 ], [ 17.9698861, 45.7890067 ], [ 17.9726052, 45.7890329 ], [ 17.9742273, 45.7894328 ], [ 17.976939, 45.7898369 ], [ 17.9807179, 45.7913977 ], [ 17.9828746, 45.7925587 ], [ 17.9855643, 45.7941089 ], [ 17.9866465, 45.7944973 ], [ 17.9882777, 45.794897 ], [ 17.9899003, 45.7952905 ], [ 17.9915228, 45.7956901 ], [ 17.9931526, 45.7957054 ], [ 17.9958809, 45.7957311 ], [ 17.9964287, 45.795352 ], [ 17.9991553, 45.7949996 ], [ 18.001349, 45.7942578 ], [ 18.0024531, 45.7935058 ], [ 18.0040974, 45.7927588 ], [ 18.0057651, 45.7912497 ], [ 18.0074166, 45.7901247 ], [ 18.0107283, 45.7878684 ], [ 18.011283, 45.7871112 ], [ 18.0135121, 45.7844668 ], [ 18.0151632, 45.7833417 ], [ 18.0179178, 45.7814644 ], [ 18.0206652, 45.779965 ], [ 18.0272433, 45.7777382 ], [ 18.0283395, 45.7773702 ], [ 18.028684854631187, 45.77731334699547 ], [ 18.01546752237385, 45.749958663047046 ], [ 17.947189779605427, 45.772744692302382 ], [ 17.938822106361002, 45.789065455496754 ], [ 17.9410082, 45.7902492 ] ] ] ] } },
{ "type": "Feature", "properties": { "BM": 2513, "data": { "Oznaka Gr/Op/Dr": "općina", "Grad/općina/država": "FERIČANCI", "Rbr BM": 5, "Naziv BM": "GAZIJE", "Lokacija BM": "MJESNI DOM", "Adresa BM": "VLADIMIRA NAZORA BB", "Glasovalo birača": 6, "Glasovalo birača (po listićima)": 6, "Važeći listići": 6, "Nevažeći listići": 0 }, "latitude": 45.4906083, "longitude": 17.9464883, "population": 28 }, "geometry": { "type": "MultiPolygon", "coordinates": [ [ [ [ 17.900459060327751, 45.481195043867466 ], [ 17.916460948612499, 45.494186826379838 ], [ 17.942526040962367, 45.50810598824765 ], [ 17.951962583242057, 45.509872637311616 ], [ 17.964620199103127, 45.484957413814804 ], [ 17.935676725624266, 45.445988353856656 ], [ 17.9280200569311, 45.446011048678372 ], [ 17.911726415816396, 45.461367945673885 ], [ 17.898363642474337, 45.474398646555791 ], [ 17.900459060327751, 45.481195043867466 ] ] ] ] } },
{ "type": "Feature", "properties": { "BM": 2060, "data": { "Oznaka Gr/Op/Dr": "grad", "Grad/općina/država": "DONJI MIHOLJAC", "Rbr BM": 7, "Naziv BM": "DONJI MIHOLJAC", "Lokacija BM": "GRADSKA UPRAVA, DVORAC \"MAILATH\", VELIKA SALA", "Adresa BM": "VUKOVARSKA 1", "Glasovalo birača": 305, "Glasovalo birača (po listićima)": 305, "Važeći listići": 295, "Nevažeći listići": 10 }, "latitude": 45.7627128, "longitude": 18.1668045, "population": 589 }, "geometry": { "type": "MultiPolygon", "coordinates": [ [ [ [ 18.1674386, 45.7761396 ], [ 18.1688595, 45.7758811 ], [ 18.1695489, 45.7758412 ], [ 18.1703205, 45.7758377 ], [ 18.1712123, 45.77596 ], [ 18.1719385, 45.776265 ], [ 18.1725702, 45.7766239 ], [ 18.172753855429391, 45.7767726399114 ], [ 18.170837293342526, 45.761031497799081 ], [ 18.169131202348598, 45.759690623842772 ], [ 18.165236394265627, 45.76093815819133 ], [ 18.166470366949412, 45.776434406828237 ], [ 18.1674386, 45.7761396 ] ] ] ] } },
{ "type": "Feature", "properties": { "BM": 2457, "data": { "Oznaka Gr/Op/Dr": "općina", "Grad/općina/država": "DRAŽ", "Rbr BM": 4, "Naziv BM": "DUBOŠEVICA", "Lokacija BM": "DOM KULTURE", "Adresa BM": "DR.FRANJE TUĐMANA 2", "Glasovalo birača": 231, "Glasovalo birača (po listićima)": 231, "Važeći listići": 224, "Nevažeći listići": 7 }, "latitude": 45.890089189399298, "longitude": 18.698244182945398, "population": 391 }, "geometry": { "type": "MultiPolygon", "coordinates": [ [ [ [ 18.6510607, 45.8939605 ], [ 18.6519067, 45.8945027 ], [ 18.6520572, 45.8944859 ], [ 18.6524599, 45.894371 ], [ 18.6525863, 45.89439 ], [ 18.6532105, 45.8946223 ], [ 18.6540105, 45.895179 ], [ 18.6544825, 45.8953992 ], [ 18.654843, 45.8955115 ], [ 18.6551781, 45.8955543 ], [ 18.6553208, 45.8954935 ], [ 18.6554759, 45.8953586 ], [ 18.6558653, 45.8949526 ], [ 18.656258, 45.8950745 ], [ 18.6571428, 45.8951864 ], [ 18.6578558, 45.8953592 ], [ 18.6580279, 45.8953751 ], [ 18.6586719, 45.8953609 ], [ 18.6600369, 45.8953219 ], [ 18.6604472, 45.8953365 ], [ 18.6605002, 45.895335 ], [ 18.6605541, 45.8953333 ], [ 18.6608155, 45.8953262 ], [ 18.6608746, 45.8953245 ], [ 18.6609479, 45.8953228 ], [ 18.661008, 45.8953198 ], [ 18.6610482, 45.8953197 ], [ 18.661068, 45.895584 ], [ 18.6610761, 45.8956908 ], [ 18.6611345, 45.8963397 ], [ 18.6616071, 45.8963364 ], [ 18.6621388, 45.8963191 ], [ 18.6623418, 45.89873 ], [ 18.6617686, 45.8987481 ], [ 18.6619787, 45.8993917 ], [ 18.6648719, 45.8993034 ], [ 18.6650062, 45.8994347 ], [ 18.6643652, 45.899746 ], [ 18.6635297, 45.9001764 ], [ 18.6640705, 45.9003594 ], [ 18.6639282, 45.9005961 ], [ 18.6631553, 45.9003551 ], [ 18.662272, 45.9007779 ], [ 18.6621537, 45.9008845 ], [ 18.6609174, 45.9039405 ], [ 18.6605767, 45.904764 ], [ 18.6600233, 45.904698 ], [ 18.6599463, 45.9053072 ], [ 18.6594969, 45.9095647 ], [ 18.659589, 45.9099913 ], [ 18.6595758, 45.911046 ], [ 18.6595488, 45.9152061 ], [ 18.6595328, 45.9168864 ], [ 18.6627235, 45.9167238 ], [ 18.6640939, 45.9148879 ], [ 18.6648693, 45.9141443 ], [ 18.6681499, 45.9113692 ], [ 18.6695203, 45.9106871 ], [ 18.675949, 45.9148219 ], [ 18.6885347, 45.9162345 ], [ 18.6934773, 45.916742 ], [ 18.7047865, 45.9180493 ], [ 18.7055573, 45.916968 ], [ 18.706320872012945, 45.916006337656611 ], [ 18.7072468, 45.9148402 ], [ 18.7080003, 45.9141096 ], [ 18.7088737, 45.9133694 ], [ 18.7100407, 45.912316 ], [ 18.7104668, 45.9120072 ], [ 18.7125145, 45.9105603 ], [ 18.7143213, 45.9092915 ], [ 18.714482622738991, 45.909180395604487 ], [ 18.7169995, 45.907447 ], [ 18.7175181, 45.9071737 ], [ 18.7188866, 45.9065411 ], [ 18.7216286, 45.9052279 ], [ 18.7221312, 45.9050326 ], [ 18.7256371, 45.9040777 ], [ 18.735892, 45.9012736 ], [ 18.7382944, 45.9006703 ], [ 18.7434352, 45.9001616 ], [ 18.7487808, 45.8999625 ], [ 18.7491266, 45.8999693 ], [ 18.7494262, 45.9000208 ], [ 18.7497217, 45.9001243 ], [ 18.7500173, 45.9002878 ], [ 18.7500633, 45.9003452 ], [ 18.7502259, 45.9002825 ], [ 18.7496745, 45.8996184 ], [ 18.7495595, 45.8989191 ], [ 18.7504696, 45.8980281 ], [ 18.751558, 45.8975423 ], [ 18.752759, 45.8972417 ], [ 18.7550195, 45.8968545 ], [ 18.755878631063297, 45.896826421438085 ], [ 18.732073614043649, 45.86087362444696 ], [ 18.718750048087628, 45.85443292389396 ], [ 18.679969465225629, 45.857690894425566 ], [ 18.649372770116653, 45.892814930991626 ], [ 18.6510607, 45.8939605 ] ] ] ] } },
{ "type": "Feature", "properties": { "BM": 2682, "data": { "Oznaka Gr/Op/Dr": "općina", "Grad/općina/država": "PODRAVSKA MOSLAVINA", "Rbr BM": 2, "Naziv BM": "KRČENIK", "Lokacija BM": "MJESNI DOM", "Adresa BM": "KOLODVORSKA 100", "Glasovalo birača": 150, "Glasovalo birača (po listićima)": 150, "Važeći listići": 145, "Nevažeći listići": 5 }, "latitude": 45.7418133, "longitude": 17.9672847, "population": 244 }, "geometry": { "type": "MultiPolygon", "coordinates": [ [ [ [ 17.947189779605427, 45.772744692302382 ], [ 18.01546752237385, 45.749958663047046 ], [ 18.015987451533228, 45.73679181426774 ], [ 18.003110914850193, 45.698693216696029 ], [ 17.990317288357101, 45.697696938081073 ], [ 17.938205534491935, 45.728149038425769 ], [ 17.947189779605427, 45.772744692302382 ] ] ] ] } },
{ "type": "Feature", "properties": { "BM": 2510, "data": { "Oznaka Gr/Op/Dr": "općina", "Grad/općina/država": "FERIČANCI", "Rbr BM": 2, "Naziv BM": "FERIČANCI", "Lokacija BM": "OSNOVNA ŠKOLA VLADIMIRA NAZORA", "Adresa BM": "TRG MATIJE GUPCA 9", "Glasovalo birača": 391, "Glasovalo birača (po listićima)": 391, "Važeći listići": 380, "Nevažeći listići": 11 }, "latitude": 45.5232663, "longitude": 17.9763088, "population": 641 }, "geometry": { "type": "MultiPolygon", "coordinates": [ [ [ [ 17.960615609815513, 45.54267449067784 ], [ 18.000171943157536, 45.552815205033141 ], [ 18.004538179647689, 45.517446300902307 ], [ 17.99741561850001, 45.506568298794008 ], [ 17.957595232200521, 45.517456730043264 ], [ 17.959243643706788, 45.54067397847971 ], [ 17.960615609815513, 45.54267449067784 ] ] ] ] } },
{ "type": "Feature", "properties": { "BM": 2452, "data": { "Oznaka Gr/Op/Dr": "općina", "Grad/općina/država": "DONJA MOTIČINA", "Rbr BM": 3, "Naziv BM": "GORNJA MOTIČINA", "Lokacija BM": "DRUŠTVENI DOM", "Adresa BM": "MLADENA VIDOVIĆA BB", "Glasovalo birača": 5, "Glasovalo birača (po listićima)": 5, "Važeći listići": 5, "Nevažeći listići": 0 }, "latitude": 45.4692318, "longitude": 17.9752693, "population": 20 }, "geometry": { "type": "MultiPolygon", "coordinates": [ [ [ [ 17.935676725624266, 45.445988353856656 ], [ 17.964620199103127, 45.484957413814804 ], [ 17.994254994477732, 45.488932244847511 ], [ 17.998216221742382, 45.481562754982342 ], [ 18.000449473421199, 45.443087231008299 ], [ 17.993454978487694, 45.429745387088083 ], [ 17.972984802034837, 45.43003528687418 ], [ 17.935676725624266, 45.445988353856656 ] ] ] ] } },
{ "type": "Feature", "properties": { "BM": 2511, "data": { "Oznaka Gr/Op/Dr": "općina", "Grad/općina/država": "FERIČANCI", "Rbr BM": 3, "Naziv BM": "VALENOVAC", "Lokacija BM": "DOM DVD-A", "Adresa BM": "BRAĆE RADIĆA BB", "Glasovalo birača": 75, "Glasovalo birača (po listićima)": 75, "Važeći listići": 74, "Nevažeći listići": 1 }, "latitude": 45.5029334, "longitude": 17.970749, "population": 126 }, "geometry": { "type": "MultiPolygon", "coordinates": [ [ [ [ 17.957595232200521, 45.517456730043264 ], [ 17.99741561850001, 45.506568298794008 ], [ 17.994254994477732, 45.488932244847511 ], [ 17.964620199103127, 45.484957413814804 ], [ 17.951962583242057, 45.509872637311616 ], [ 17.957595232200521, 45.517456730043264 ] ] ] ] } },
{ "type": "Feature", "properties": { "BM": 2642, "data": { "Oznaka Gr/Op/Dr": "općina", "Grad/općina/država": "PETLOVAC", "Rbr BM": 3, "Naziv BM": "LUČ", "Lokacija BM": "OSNOVNA ŠKOLA", "Adresa BM": "ŠKOLSKA 1", "Glasovalo birača": 174, "Glasovalo birača (po listićima)": 174, "Važeći listići": 165, "Nevažeći listići": 9 }, "latitude": 45.7860268, "longitude": 18.532538, "population": 298 }, "geometry": { "type": "MultiPolygon", "coordinates": [ [ [ [ 18.4901253, 45.794336 ], [ 18.4906707, 45.7947168 ], [ 18.4944836, 45.7943576 ], [ 18.497741, 45.795514 ], [ 18.4999151, 45.7951467 ], [ 18.5021019, 45.7943951 ], [ 18.5053933, 45.7921242 ], [ 18.5048819, 45.7883165 ], [ 18.5101881, 45.7848045 ], [ 18.5163376, 45.7853224 ], [ 18.5185165, 45.7853327 ], [ 18.5218066, 45.7830675 ], [ 18.5223505, 45.7826859 ], [ 18.5223286, 45.7849726 ], [ 18.5212099, 45.7880103 ], [ 18.5250041, 45.7895526 ], [ 18.5282545, 45.7914704 ], [ 18.5318522, 45.7933842 ], [ 18.5325912, 45.7937773 ], [ 18.5342283, 45.7930225 ], [ 18.5369442, 45.7934192 ], [ 18.5391233, 45.7934291 ], [ 18.5402094, 45.7938121 ], [ 18.542378, 45.7949623 ], [ 18.5440045, 45.7953538 ], [ 18.5445449, 45.7953563 ], [ 18.5461872, 45.7949794 ], [ 18.5478242, 45.7942244 ], [ 18.5478893, 45.7941794 ], [ 18.548368, 45.7938488 ], [ 18.5505437, 45.7942366 ], [ 18.5543529, 45.7942534 ], [ 18.555439, 45.7946424 ], [ 18.5570466, 45.7980157 ], [ 18.55864150287352, 45.801110113963603 ], [ 18.554805605970724, 45.771784840976693 ], [ 18.501339616205762, 45.770272080268711 ], [ 18.489892170259701, 45.794170559344032 ], [ 18.4901253, 45.794336 ] ] ] ] } },
{ "type": "Feature", "properties": { "BM": 2754, "data": { "Oznaka Gr/Op/Dr": "općina", "Grad/općina/država": "VILJEVO", "Rbr BM": 4, "Naziv BM": "IVANOVO", "Lokacija BM": "OSNOVNA ŠKOLA", "Adresa BM": "NIKOLE TESLE 1B", "Glasovalo birača": 131, "Glasovalo birača (po listićima)": 131, "Važeći listići": 127, "Nevažeći listići": 4 }, "latitude": 45.7112377, "longitude": 18.0577506, "population": 267 }, "geometry": { "type": "MultiPolygon", "coordinates": [ [ [ [ 18.003110914850193, 45.698693216696029 ], [ 18.015987451533228, 45.73679181426774 ], [ 18.064207408764926, 45.727831951515817 ], [ 18.053394822437241, 45.650844358138166 ], [ 18.030893555602031, 45.660533874593014 ], [ 18.003110914850193, 45.698693216696029 ] ] ] ] } },
{ "type": "Feature", "properties": { "BM": 2450, "data": { "Oznaka Gr/Op/Dr": "općina", "Grad/općina/država": "DONJA MOTIČINA", "Rbr BM": 1, "Naziv BM": "DONJA MOTIČINA", "Lokacija BM": "OSNOVNA ŠKOLA \"VLADIMIR NAZOR\"", "Adresa BM": "MATIJE GUPCA 46", "Glasovalo birača": 340, "Glasovalo birača (po listićima)": 340, "Važeći listići": 322, "Nevažeći listići": 18 }, "latitude": 45.493899, "longitude": 18.0211603, "population": 508 }, "geometry": { "type": "MultiPolygon", "coordinates": [ [ [ [ 18.004538179647689, 45.517446300902307 ], [ 18.040451845106531, 45.508139227641571 ], [ 18.044246109864247, 45.498838832876594 ], [ 18.044293347140158, 45.492436880612097 ], [ 18.040552504927497, 45.484024995141688 ], [ 17.998216221742382, 45.481562754982342 ], [ 17.994254994477732, 45.488932244847511 ], [ 17.99741561850001, 45.506568298794008 ], [ 18.004538179647689, 45.517446300902307 ] ] ] ] } },
{ "type": "Feature", "properties": { "BM": 2181, "data": { "Oznaka Gr/Op/Dr": "grad", "Grad/općina/država": "NAŠICE", "Rbr BM": 24, "Naziv BM": "GRADAC NAŠIČKI", "Lokacija BM": "DRUŠTVENI DOM", "Adresa BM": "GRADAC NAŠIČKI", "Glasovalo birača": 57, "Glasovalo birača (po listićima)": 57, "Važeći listići": 56, "Nevažeći listići": 1 }, "latitude": 45.4372492, "longitude": 18.0362754, "population": 104 }, "geometry": { "type": "MultiPolygon", "coordinates": [ [ [ [ 18.000449473421199, 45.443087231008299 ], [ 18.043206280097003, 45.460130326181762 ], [ 18.059646631695596, 45.449758397737945 ], [ 18.030635301356323, 45.408516717730471 ], [ 18.013899053660619, 45.402411314381226 ], [ 17.993454978487694, 45.429745387088083 ], [ 18.000449473421199, 45.443087231008299 ] ] ] ] } },
{ "type": "Feature", "properties": { "BM": 2054, "data": { "Oznaka Gr/Op/Dr": "grad", "Grad/općina/država": "DONJI MIHOLJAC", "Rbr BM": 1, "Naziv BM": "DONJI MIHOLJAC", "Lokacija BM": "SREDNJA ŠKOLA", "Adresa BM": "VUKOVARSKA 84", "Glasovalo birača": 333, "Glasovalo birača (po listićima)": 333, "Važeći listići": 326, "Nevažeći listići": 7 }, "latitude": 45.761696, "longitude": 18.1751557, "population": 488 }, "geometry": { "type": "MultiPolygon", "coordinates": [ [ [ [ 18.1744517, 45.7781477 ], [ 18.1752197, 45.7787927 ], [ 18.1760099, 45.7794098 ], [ 18.1771836, 45.7803053 ], [ 18.1788957, 45.7814253 ], [ 18.1806764, 45.7826351 ], [ 18.1812901, 45.7831424 ], [ 18.1823291, 45.7842544 ], [ 18.1831076, 45.7849174 ], [ 18.1839177, 45.7854674 ], [ 18.1850831, 45.7860643 ], [ 18.1859814, 45.7864538 ], [ 18.1871317, 45.7868783 ], [ 18.1883865, 45.7872358 ], [ 18.1893256, 45.7873733 ], [ 18.1907376, 45.7874275 ], [ 18.1924243, 45.7873049 ], [ 18.1936976, 45.7870712 ], [ 18.1951553, 45.7865349 ], [ 18.196622, 45.7858564 ], [ 18.196832144026395, 45.785737596190557 ], [ 18.175445449318026, 45.758179299900874 ], [ 18.174402877550705, 45.758427112160881 ], [ 18.170837293342526, 45.761031497799081 ], [ 18.172753855429391, 45.7767726399114 ], [ 18.1744517, 45.7781477 ] ] ] ] } },
{ "type": "Feature", "properties": { "BM": 2479, "data": { "Oznaka Gr/Op/Dr": "općina", "Grad/općina/država": "ĐURĐENOVAC", "Rbr BM": 3, "Naziv BM": "ĐURĐENOVAC", "Lokacija BM": "OSNOVNA ŠKOLA JOSIPA JURJA STROSSMAYERA", "Adresa BM": "KARDINALA ALOJZIJA STEPINCA BB", "Glasovalo birača": 183, "Glasovalo birača (po listićima)": 183, "Važeći listići": 179, "Nevažeći listići": 4 }, "latitude": 45.545380060001001, "longitude": 18.052771036509601, "population": 307 }, "geometry": { "type": "MultiPolygon", "coordinates": [ [ [ [ 18.051869736958288, 45.563671714685142 ], [ 18.055791462649811, 45.543418257918837 ], [ 18.053111052671181, 45.54314160971493 ], [ 18.052593234362902, 45.543127182565982 ], [ 18.048508302881491, 45.545964153387445 ], [ 18.047632090648833, 45.549631469394797 ], [ 18.044473824878857, 45.565441648465985 ], [ 18.051869736958288, 45.563671714685142 ] ] ] ] } },
{ "type": "Feature", "properties": { "BM": 2488, "data": { "Oznaka Gr/Op/Dr": "općina", "Grad/općina/država": "ĐURĐENOVAC", "Rbr BM": 12, "Naziv BM": "ŠAPTINOVCI", "Lokacija BM": "PROSTORIJE DVD-A", "Adresa BM": "ŠAPTINOVCI", "Glasovalo birača": 157, "Glasovalo birača (po listićima)": 157, "Važeći listići": 154, "Nevažeći listići": 3 }, "latitude": 45.5795737, "longitude": 18.060954, "population": 260 }, "geometry": { "type": "MultiPolygon", "coordinates": [ [ [ [ 18.044473824878857, 45.565441648465985 ], [ 18.041679588619036, 45.566722780886636 ], [ 18.064876259496327, 45.644118211164937 ], [ 18.065233520257774, 45.644768669831713 ], [ 18.066631534476226, 45.644716301894256 ], [ 18.073420293132958, 45.641125599083985 ], [ 18.108378168124233, 45.607846721190022 ], [ 18.088607402959148, 45.560250292749437 ], [ 18.051869736958288, 45.563671714685142 ], [ 18.044473824878857, 45.565441648465985 ] ] ] ] } },
{ "type": "Feature", "properties": { "BM": 2453, "data": { "Oznaka Gr/Op/Dr": "općina", "Grad/općina/država": "DONJA MOTIČINA", "Rbr BM": 4, "Naziv BM": "SEONA", "Lokacija BM": "DRUŠTVENI DOM", "Adresa BM": "ZRINSKIH I FRANKOPANA 100", "Glasovalo birača": 215, "Glasovalo birača (po listićima)": 215, "Važeći listići": 209, "Nevažeći listići": 6 }, "latitude": 45.4719695, "longitude": 18.0224357, "population": 317 }, "geometry": { "type": "MultiPolygon", "coordinates": [ [ [ [ 17.998216221742382, 45.481562754982342 ], [ 18.040552504927497, 45.484024995141688 ], [ 18.043206280097003, 45.460130326181762 ], [ 18.000449473421199, 45.443087231008299 ], [ 17.998216221742382, 45.481562754982342 ] ] ] ] } },
{ "type": "Feature", "properties": { "BM": 2512, "data": { "Oznaka Gr/Op/Dr": "općina", "Grad/općina/država": "FERIČANCI", "Rbr BM": 4, "Naziv BM": "VUČJAK FERIČANAČKI", "Lokacija BM": "MJESNI DOM", "Adresa BM": "ĐURĐENOVAČKA BB", "Glasovalo birača": 106, "Glasovalo birača (po listićima)": 106, "Važeći listići": 106, "Nevažeći listići": 0 }, "latitude": 45.5299567, "longitude": 18.0305047, "population": 195 }, "geometry": { "type": "MultiPolygon", "coordinates": [ [ [ [ 18.002455139818736, 45.556824564583721 ], [ 18.045174876991521, 45.528305044023362 ], [ 18.048162923435779, 45.52218420951997 ], [ 18.040451845106531, 45.508139227641571 ], [ 18.004538179647689, 45.517446300902307 ], [ 18.000171943157536, 45.552815205033141 ], [ 18.002455139818736, 45.556824564583721 ] ] ] ] } },
{ "type": "Feature", "properties": { "BM": 2485, "data": { "Oznaka Gr/Op/Dr": "općina", "Grad/općina/država": "ĐURĐENOVAC", "Rbr BM": 9, "Naziv BM": "BOKŠIĆ", "Lokacija BM": "DRUŠTVENI DOM", "Adresa BM": "OSJEČKA 1", "Glasovalo birača": 174, "Glasovalo birača (po listićima)": 174, "Važeći listići": 164, "Nevažeći listići": 10 }, "latitude": 45.5880566, "longitude": 18.0326509, "population": 300 }, "geometry": { "type": "MultiPolygon", "coordinates": [ [ [ [ 18.064876259496327, 45.644118211164937 ], [ 18.041679588619036, 45.566722780886636 ], [ 18.035914836574207, 45.5651789969208 ], [ 18.018035021366877, 45.562653470385577 ], [ 18.003957208810572, 45.561038287725424 ], [ 18.000427802736656, 45.572501702897583 ], [ 18.064876259496327, 45.644118211164937 ] ] ] ] } },
{ "type": "Feature", "properties": { "BM": 2481, "data": { "Oznaka Gr/Op/Dr": "općina", "Grad/općina/država": "ĐURĐENOVAC", "Rbr BM": 5, "Naziv BM": "ĐURĐENOVAC", "Lokacija BM": "SREDNJA ŠKOLA JOSIPA KOZARCA", "Adresa BM": "TRG DR. FRANJE TUĐMANA 4", "Glasovalo birača": 318, "Glasovalo birača (po listićima)": 318, "Važeći listići": 312, "Nevažeći listići": 6 }, "latitude": 45.5435162, "longitude": 18.04497, "population": 545 }, "geometry": { "type": "MultiPolygon", "coordinates": [ [ [ [ 18.043285525623308, 45.536957660045005 ], [ 18.042757040959824, 45.539486034661969 ], [ 18.047632090648833, 45.549631469394797 ], [ 18.048508302881491, 45.545964153387445 ], [ 18.045052130577201, 45.531612439087809 ], [ 18.043285525623308, 45.536957660045005 ] ] ] ] } },
{ "type": "Feature", "properties": { "BM": 2482, "data": { "Oznaka Gr/Op/Dr": "općina", "Grad/općina/država": "ĐURĐENOVAC", "Rbr BM": 6, "Naziv BM": "BELJEVINA", "Lokacija BM": "OSNOVNA ŠKOLA", "Adresa BM": "LJUDEVITA GAJA 70", "Glasovalo birača": 186, "Glasovalo birača (po listićima)": 186, "Važeći listići": 179, "Nevažeći listići": 7 }, "latitude": 45.5412207, "longitude": 18.0380245, "population": 307 }, "geometry": { "type": "MultiPolygon", "coordinates": [ [ [ [ 18.045052130577201, 45.531612439087809 ], [ 18.045204204706479, 45.529614812727772 ], [ 18.045174876991521, 45.528305044023362 ], [ 18.002455139818736, 45.556824564583721 ], [ 18.003957208810572, 45.561038287725424 ], [ 18.018035021366877, 45.562653470385577 ], [ 18.043285525623308, 45.536957660045005 ], [ 18.045052130577201, 45.531612439087809 ] ] ] ] } },
{ "type": "Feature", "properties": { "BM": 2491, "data": { "Oznaka Gr/Op/Dr": "općina", "Grad/općina/država": "ĐURĐENOVAC", "Rbr BM": 15, "Naziv BM": "PRIBIŠEVCI", "Lokacija BM": "OSNOVNA ŠKOLA", "Adresa BM": "MATIJE GUPCA", "Glasovalo birača": 183, "Glasovalo birača (po listićima)": 183, "Važeći listići": 180, "Nevažeći listići": 3 }, "latitude": 45.5422924, "longitude": 18.0391151, "population": 288 }, "geometry": { "type": "MultiPolygon", "coordinates": [ [ [ [ 18.043285525623308, 45.536957660045005 ], [ 18.018035021366877, 45.562653470385577 ], [ 18.035914836574207, 45.5651789969208 ], [ 18.042757040959824, 45.539486034661969 ], [ 18.043285525623308, 45.536957660045005 ] ] ] ] } },
{ "type": "Feature", "properties": { "BM": 2478, "data": { "Oznaka Gr/Op/Dr": "općina", "Grad/općina/država": "ĐURĐENOVAC", "Rbr BM": 2, "Naziv BM": "ĐURĐENOVAC", "Lokacija BM": "RADNIČKI DOM", "Adresa BM": "KARDINALA ALOJZIJA STEPINCA 10", "Glasovalo birača": 221, "Glasovalo birača (po listićima)": 221, "Važeći listići": 212, "Nevažeći listići": 9 }, "latitude": 45.5408877, "longitude": 18.0528962, "population": 345 }, "geometry": { "type": "MultiPolygon", "coordinates": [ [ [ [ 18.045204204706479, 45.529614812727772 ], [ 18.052593234362902, 45.543127182565982 ], [ 18.053111052671181, 45.54314160971493 ], [ 18.052726049173984, 45.523936729387955 ], [ 18.048162923435779, 45.52218420951997 ], [ 18.045174876991521, 45.528305044023362 ], [ 18.045204204706479, 45.529614812727772 ] ] ] ] } },
{ "type": "Feature", "properties": { "BM": 2487, "data": { "Oznaka Gr/Op/Dr": "općina", "Grad/općina/država": "ĐURĐENOVAC", "Rbr BM": 11, "Naziv BM": "ŠAPTINOVCI", "Lokacija BM": "OSNOVNA ŠKOLA", "Adresa BM": "BANA JOSIPA JELAČIĆA", "Glasovalo birača": 89, "Glasovalo birača (po listićima)": 89, "Važeći listići": 84, "Nevažeći listići": 5 }, "latitude": 45.5421738, "longitude": 18.0505443, "population": 128 }, "geometry": { "type": "MultiPolygon", "coordinates": [ [ [ [ 18.045052130577201, 45.531612439087809 ], [ 18.048508302881491, 45.545964153387445 ], [ 18.052593234362902, 45.543127182565982 ], [ 18.045204204706479, 45.529614812727772 ], [ 18.045052130577201, 45.531612439087809 ] ] ] ] } },
{ "type": "Feature", "properties": { "BM": 2184, "data": { "Oznaka Gr/Op/Dr": "grad", "Grad/općina/država": "NAŠICE", "Rbr BM": 27, "Naziv BM": "BREZIK NAŠIČKI", "Lokacija BM": "PROSTORIJE NOGOMETNOG KLUBA \"BREZIK\"", "Adresa BM": "BREZIK NAŠIČKI", "Glasovalo birača": 205, "Glasovalo birača (po listićima)": 205, "Važeći listići": 202, "Nevažeći listići": 3 }, "latitude": 45.5114575, "longitude": 18.0641992, "population": 287 }, "geometry": { "type": "MultiPolygon", "coordinates": [ [ [ [ 18.040451845106531, 45.508139227641571 ], [ 18.048162923435779, 45.52218420951997 ], [ 18.052726049173984, 45.523936729387955 ], [ 18.070872799758288, 45.530698604088236 ], [ 18.078921792892992, 45.532159971720731 ], [ 18.079277932508543, 45.521960322226157 ], [ 18.068263029899924, 45.503306931624145 ], [ 18.044246109864247, 45.498838832876594 ], [ 18.040451845106531, 45.508139227641571 ] ] ] ] } },
{ "type": "Feature", "properties": { "BM": 2480, "data": { "Oznaka Gr/Op/Dr": "općina", "Grad/općina/država": "ĐURĐENOVAC", "Rbr BM": 4, "Naziv BM": "ĐURĐENOVAC", "Lokacija BM": "DOM KULTURE (MONTAŽNA ŠKOLA)", "Adresa BM": "TRG DR. FRANJE TUĐMANA 3", "Glasovalo birača": 366, "Glasovalo birača (po listićima)": 366, "Važeći listići": 354, "Nevažeći listići": 12 }, "latitude": 45.543732, "longitude": 18.0445209, "population": 604 }, "geometry": { "type": "MultiPolygon", "coordinates": [ [ [ [ 18.041679588619036, 45.566722780886636 ], [ 18.044473824878857, 45.565441648465985 ], [ 18.047632090648833, 45.549631469394797 ], [ 18.042757040959824, 45.539486034661969 ], [ 18.035914836574207, 45.5651789969208 ], [ 18.041679588619036, 45.566722780886636 ] ] ] ] } },
{ "type": "Feature", "properties": { "BM": 2182, "data": { "Oznaka Gr/Op/Dr": "grad", "Grad/općina/država": "NAŠICE", "Rbr BM": 25, "Naziv BM": "ZOLJAN", "Lokacija BM": "DRUŠTVENI DOM", "Adresa BM": "ZOLJAN", "Glasovalo birača": 293, "Glasovalo birača (po listićima)": 292, "Važeći listići": 290, "Nevažeći listići": 2 }, "latitude": 45.4762384, "longitude": 18.060873, "population": 525 }, "geometry": { "type": "MultiPolygon", "coordinates": [ [ [ [ 18.044293347140158, 45.492436880612097 ], [ 18.074120518671389, 45.481618487391479 ], [ 18.089035620017665, 45.450974486133482 ], [ 18.088710211266498, 45.446945103057153 ], [ 18.059646631695596, 45.449758397737945 ], [ 18.043206280097003, 45.460130326181762 ], [ 18.040552504927497, 45.484024995141688 ], [ 18.044293347140158, 45.492436880612097 ] ] ] ] } },
{ "type": "Feature", "properties": { "BM": 2486, "data": { "Oznaka Gr/Op/Dr": "općina", "Grad/općina/država": "ĐURĐENOVAC", "Rbr BM": 10, "Naziv BM": "BOKŠIĆ LUG", "Lokacija BM": "OSNOVNA ŠKOLA", "Adresa BM": "BRAĆE RADIĆA", "Glasovalo birača": 102, "Glasovalo birača (po listićima)": 102, "Važeći listići": 100, "Nevažeći listići": 2 }, "latitude": 45.5463657, "longitude": 18.0578613, "population": 176 }, "geometry": { "type": "MultiPolygon", "coordinates": [ [ [ [ 18.051869736958288, 45.563671714685142 ], [ 18.088607402959148, 45.560250292749437 ], [ 18.090510417746632, 45.54489965244624 ], [ 18.078921792892992, 45.532159971720731 ], [ 18.070872799758288, 45.530698604088236 ], [ 18.055791462649811, 45.543418257918837 ], [ 18.051869736958288, 45.563671714685142 ] ] ] ] } },
{ "type": "Feature", "properties": { "BM": 2477, "data": { "Oznaka Gr/Op/Dr": "općina", "Grad/općina/država": "ĐURĐENOVAC", "Rbr BM": 1, "Naziv BM": "ĐURĐENOVAC", "Lokacija BM": "PROSTORIJA ŠAH KLUBA", "Adresa BM": "IVANA GUNDULIĆA 2", "Glasovalo birača": 286, "Glasovalo birača (po listićima)": 286, "Važeći listići": 280, "Nevažeći listići": 6 }, "latitude": 45.5408809, "longitude": 18.0532354, "population": 559 }, "geometry": { "type": "MultiPolygon", "coordinates": [ [ [ [ 18.070872799758288, 45.530698604088236 ], [ 18.052726049173984, 45.523936729387955 ], [ 18.053111052671181, 45.54314160971493 ], [ 18.055791462649811, 45.543418257918837 ], [ 18.070872799758288, 45.530698604088236 ] ] ] ] } },
{ "type": "Feature", "properties": { "BM": 2180, "data": { "Oznaka Gr/Op/Dr": "grad", "Grad/općina/država": "NAŠICE", "Rbr BM": 23, "Naziv BM": "LONDŽICA", "Lokacija BM": "DRUŠTVENI DOM KRAJ ŽELJEZNIČKE STANICE", "Adresa BM": "LONDŽICA", "Glasovalo birača": 95, "Glasovalo birača (po listićima)": 95, "Važeći listići": 94, "Nevažeći listići": 1 }, "latitude": 45.4235348, "longitude": 18.0557714, "population": 136 }, "geometry": { "type": "MultiPolygon", "coordinates": [ [ [ [ 18.030635301356323, 45.408516717730471 ], [ 18.059646631695596, 45.449758397737945 ], [ 18.088710211266498, 45.446945103057153 ], [ 18.095816793998743, 45.437275604172079 ], [ 18.085604710807981, 45.411503447609057 ], [ 18.07483243497148, 45.405444337754474 ], [ 18.030635301356323, 45.408516717730471 ] ] ] ] } },
{ "type": "Feature", "properties": { "BM": 2751, "data": { "Oznaka Gr/Op/Dr": "općina", "Grad/općina/država": "VILJEVO", "Rbr BM": 1, "Naziv BM": "VILJEVO", "Lokacija BM": "OSNOVNA ŠKOLA \"ANTE STARČEVIĆA\"", "Adresa BM": "KRALJA TOMISLAVA 1", "Glasovalo birača": 513, "Glasovalo birača (po listićima)": 513, "Važeći listići": 504, "Nevažeći listići": 9 }, "latitude": 45.745638, "longitude": 18.0641426, "population": 902 }, "geometry": { "type": "MultiPolygon", "coordinates": [ [ [ [ 18.030516, 45.7770119 ], [ 18.0321614, 45.7766426 ], [ 18.034345, 45.7759001 ], [ 18.0359972, 45.7751528 ], [ 18.0381736, 45.7747944 ], [ 18.0398118, 45.7748092 ], [ 18.0458047, 45.7744788 ], [ 18.047981, 45.7741202 ], [ 18.0496191, 45.7741349 ], [ 18.0534405, 45.7734066 ], [ 18.0561657, 45.7730527 ], [ 18.0589047, 45.7719304 ], [ 18.0627326, 45.7708238 ], [ 18.0649244, 45.7700808 ], [ 18.0671162, 45.7693377 ], [ 18.069848, 45.7685994 ], [ 18.0714906, 45.7678576 ], [ 18.0753247, 45.7663664 ], [ 18.0797009, 45.7652578 ], [ 18.0818922, 45.7645206 ], [ 18.0824322, 45.7645253 ], [ 18.0851502, 45.7645487 ], [ 18.0867814, 45.7649408 ], [ 18.0948891, 45.7659023 ], [ 18.0953928, 45.7659548 ], [ 18.0959322, 45.7660394 ], [ 18.0965475, 45.7661579 ], [ 18.0975562, 45.7663906 ], [ 18.0984927, 45.7666988 ], [ 18.0993296, 45.7670116 ], [ 18.101282, 45.7680388 ], [ 18.1029673, 45.7688848 ], [ 18.1048442, 45.7697022 ], [ 18.105854, 45.7702366 ], [ 18.1069218, 45.7709222 ], [ 18.1079246, 45.7716491 ], [ 18.10873, 45.7723221 ], [ 18.1093922, 45.7729437 ], [ 18.1100194, 45.7737577 ], [ 18.110552206925693, 45.774504115751981 ], [ 18.115874167770247, 45.743795836278629 ], [ 18.116504178319015, 45.738863729779325 ], [ 18.106401944134817, 45.729851386687628 ], [ 18.064207408764926, 45.727831951515817 ], [ 18.015987451533228, 45.73679181426774 ], [ 18.01546752237385, 45.749958663047046 ], [ 18.028684854631187, 45.77731334699547 ], [ 18.030516, 45.7770119 ] ] ] ] } },
{ "type": "Feature", "properties": { "BM": 2752, "data": { "Oznaka Gr/Op/Dr": "općina", "Grad/općina/država": "VILJEVO", "Rbr BM": 2, "Naziv BM": "KAPELNA", "Lokacija BM": "OSNOVNA ŠKOLA", "Adresa BM": "PETRA PRERADOVIĆA 103", "Glasovalo birača": 84, "Glasovalo birača (po listićima)": 84, "Važeći listići": 78, "Nevažeći listići": 6 }, "latitude": 45.7101011, "longitude": 18.0658434, "population": 222 }, "geometry": { "type": "MultiPolygon", "coordinates": [ [ [ [ 18.064207408764926, 45.727831951515817 ], [ 18.106401944134817, 45.729851386687628 ], [ 18.066631534476226, 45.644716301894256 ], [ 18.065233520257774, 45.644768669831713 ], [ 18.053394822437241, 45.650844358138166 ], [ 18.064207408764926, 45.727831951515817 ] ] ] ] } },
{ "type": "Feature", "properties": { "BM": 2183, "data": { "Oznaka Gr/Op/Dr": "grad", "Grad/općina/država": "NAŠICE", "Rbr BM": 26, "Naziv BM": "MARTIN", "Lokacija BM": "DRUŠTVENI DOM", "Adresa BM": "MARTIN", "Glasovalo birača": 534, "Glasovalo birača (po listićima)": 534, "Važeći listići": 510, "Nevažeći listići": 24 }, "latitude": 45.4942402, "longitude": 18.0674023, "population": 843 }, "geometry": { "type": "MultiPolygon", "coordinates": [ [ [ [ 18.044293347140158, 45.492436880612097 ], [ 18.044246109864247, 45.498838832876594 ], [ 18.068263029899924, 45.503306931624145 ], [ 18.07755022729302, 45.493512115661531 ], [ 18.074120518671389, 45.481618487391479 ], [ 18.044293347140158, 45.492436880612097 ] ] ] ] } },
{ "type": "Feature", "properties": { "BM": 2158, "data": { "Oznaka Gr/Op/Dr": "grad", "Grad/općina/država": "NAŠICE", "Rbr BM": 1, "Naziv BM": "NAŠICE", "Lokacija BM": "KLUB CRVENOG KRIŽA NAŠICE", "Adresa BM": "PETRA PRERADOVIĆA 2", "Glasovalo birača": 687, "Glasovalo birača (po listićima)": 687, "Važeći listići": 675, "Nevažeći listići": 12 }, "latitude": 45.4887251, "longitude": 18.0865277, "population": 1045 }, "geometry": { "type": "MultiPolygon", "coordinates": [ [ [ [ 18.07755022729302, 45.493512115661531 ], [ 18.08520766857195, 45.498203541685569 ], [ 18.086121472526106, 45.497804675107261 ], [ 18.096000994119557, 45.464781827135752 ], [ 18.089035620017665, 45.450974486133482 ], [ 18.074120518671389, 45.481618487391479 ], [ 18.07755022729302, 45.493512115661531 ] ] ] ] } },
{ "type": "Feature", "properties": { "BM": 2159, "data": { "Oznaka Gr/Op/Dr": "grad", "Grad/općina/država": "NAŠICE", "Rbr BM": 2, "Naziv BM": "NAŠICE", "Lokacija BM": "GRADSKO DRUŠTVO CRVENOG KRIŽA NAŠICE", "Adresa BM": "UL. KRALJA TOMISLAVA 6", "Glasovalo birača": 265, "Glasovalo birača (po listićima)": 265, "Važeći listići": 258, "Nevažeći listići": 7 }, "latitude": 45.5036844, "longitude": 18.0773627, "population": 433 }, "geometry": { "type": "MultiPolygon", "coordinates": [ [ [ [ 18.085210777240007, 45.510102006587239 ], [ 18.08520766857195, 45.498203541685569 ], [ 18.07755022729302, 45.493512115661531 ], [ 18.068263029899924, 45.503306931624145 ], [ 18.079277932508543, 45.521960322226157 ], [ 18.085210777240007, 45.510102006587239 ] ] ] ] } },
{ "type": "Feature", "properties": { "BM": 2175, "data": { "Oznaka Gr/Op/Dr": "grad", "Grad/općina/država": "NAŠICE", "Rbr BM": 18, "Naziv BM": "VELIMIROVAC", "Lokacija BM": "OSNOVNA ŠKOLA", "Adresa BM": "VELIMIROVAC", "Glasovalo birača": 472, "Glasovalo birača (po listićima)": 472, "Važeći listići": 450, "Nevažeći listići": 22 }, "latitude": 45.5125348, "longitude": 18.0950525, "population": 854 }, "geometry": { "type": "MultiPolygon", "coordinates": [ [ [ [ 18.079277932508543, 45.521960322226157 ], [ 18.078921792892992, 45.532159971720731 ], [ 18.090510417746632, 45.54489965244624 ], [ 18.118207880205436, 45.527150101843468 ], [ 18.109999778422612, 45.510779329859076 ], [ 18.101782098078669, 45.506364593100891 ], [ 18.085210777240007, 45.510102006587239 ], [ 18.079277932508543, 45.521960322226157 ] ] ] ] } },
{ "type": "Feature", "properties": { "BM": 2059, "data": { "Oznaka Gr/Op/Dr": "grad", "Grad/općina/država": "DONJI MIHOLJAC", "Rbr BM": 6, "Naziv BM": "DONJI MIHOLJAC", "Lokacija BM": "ZGRADA GLAZBENE ŠKOLE", "Adresa BM": "TRG ANTE STARČEVIĆA 22", "Glasovalo birača": 247, "Glasovalo birača (po listićima)": 247, "Važeći listići": 240, "Nevažeći listići": 7 }, "latitude": 45.7629386, "longitude": 18.1639689, "population": 453 }, "geometry": { "type": "MultiPolygon", "coordinates": [ [ [ [ 18.1108525, 45.7749248 ], [ 18.1120615, 45.7762609 ], [ 18.1128717, 45.7770622 ], [ 18.113577, 45.7779216 ], [ 18.1146474, 45.779484 ], [ 18.1159462, 45.7815257 ], [ 18.1169319, 45.783521 ], [ 18.1175207, 45.7845256 ], [ 18.1182354, 45.7855641 ], [ 18.1190415, 45.7864526 ], [ 18.1197827, 45.7871446 ], [ 18.1207737, 45.7878373 ], [ 18.1218819, 45.7885096 ], [ 18.1229823, 45.7889473 ], [ 18.1239087, 45.7891408 ], [ 18.1248575, 45.7892036 ], [ 18.125781, 45.789142 ], [ 18.1273964, 45.7888095 ], [ 18.1294274, 45.7881523 ], [ 18.1313037, 45.7876912 ], [ 18.132529, 45.7874985 ], [ 18.133832, 45.7873248 ], [ 18.1348057, 45.7873293 ], [ 18.1357016, 45.7874282 ], [ 18.1377658, 45.7878596 ], [ 18.1396328, 45.7882893 ], [ 18.1408784, 45.7884687 ], [ 18.1421583, 45.7885163 ], [ 18.1432452, 45.7884845 ], [ 18.1442303, 45.7884453 ], [ 18.1452877, 45.7883305 ], [ 18.1463111, 45.7881726 ], [ 18.1479136, 45.7879121 ], [ 18.1493115, 45.7875936 ], [ 18.1504852, 45.7872701 ], [ 18.152558, 45.7865274 ], [ 18.153527, 45.7860693 ], [ 18.1548575, 45.7854039 ], [ 18.1557417, 45.7848463 ], [ 18.1562539, 45.7844009 ], [ 18.156884, 45.7835951 ], [ 18.1575913, 45.7826337 ], [ 18.1580032, 45.7821488 ], [ 18.1586546, 45.7815256 ], [ 18.1591943, 45.7809982 ], [ 18.1599274, 45.7803899 ], [ 18.1610088, 45.779526 ], [ 18.1618455, 45.7789136 ], [ 18.162811, 45.7782294 ], [ 18.1639634, 45.777546 ], [ 18.1651538, 45.7769685 ], [ 18.1663134, 45.7764822 ], [ 18.166470366949412, 45.776434406828237 ], [ 18.165236394265627, 45.76093815819133 ], [ 18.115874167770247, 45.743795836278629 ], [ 18.110552206925693, 45.774504115751981 ], [ 18.1108525, 45.7749248 ] ] ] ] } },
{ "type": "Feature", "properties": { "BM": 2165, "data": { "Oznaka Gr/Op/Dr": "grad", "Grad/općina/država": "NAŠICE", "Rbr BM": 8, "Naziv BM": "NAŠICE", "Lokacija BM": "PROSTORIJE \"NAŠIČKI VODOVOD\" D.O.O.", "Adresa BM": "VATROSLAVA LISINSKOG 63", "Glasovalo birača": 121, "Glasovalo birača (po listićima)": 121, "Važeći listići": 120, "Nevažeći listići": 1 }, "latitude": 45.5036803, "longitude": 18.0930555, "population": 211 }, "geometry": { "type": "MultiPolygon", "coordinates": [ [ [ [ 18.085210777240007, 45.510102006587239 ], [ 18.101782098078669, 45.506364593100891 ], [ 18.097839364306733, 45.500041850611389 ], [ 18.087237959250732, 45.497618103172293 ], [ 18.086121472526106, 45.497804675107261 ], [ 18.08520766857195, 45.498203541685569 ], [ 18.085210777240007, 45.510102006587239 ] ] ] ] } },
{ "type": "Feature", "properties": { "BM": 2178, "data": { "Oznaka Gr/Op/Dr": "grad", "Grad/općina/država": "NAŠICE", "Rbr BM": 21, "Naziv BM": "MAKLOŠEVAC", "Lokacija BM": "DRUŠTVENI DOM", "Adresa BM": "MAKLOŠEVAC", "Glasovalo birača": 75, "Glasovalo birača (po listićima)": 75, "Važeći listići": 75, "Nevažeći listići": 0 }, "latitude": 45.4713917, "longitude": 18.1208874, "population": 115 }, "geometry": { "type": "MultiPolygon", "coordinates": [ [ [ [ 18.089035620017665, 45.450974486133482 ], [ 18.096000994119557, 45.464781827135752 ], [ 18.101226533487669, 45.473242593405587 ], [ 18.106691525636315, 45.479940187617402 ], [ 18.108137983113657, 45.481705612009335 ], [ 18.113695995657785, 45.485490634098234 ], [ 18.133348813802229, 45.485862903846467 ], [ 18.142111204169041, 45.453473844578781 ], [ 18.13323237043814, 45.434501455900445 ], [ 18.095816793998743, 45.437275604172079 ], [ 18.088710211266498, 45.446945103057153 ], [ 18.089035620017665, 45.450974486133482 ] ] ] ] } },
{ "type": "Feature", "properties": { "BM": 2166, "data": { "Oznaka Gr/Op/Dr": "grad", "Grad/općina/država": "NAŠICE", "Rbr BM": 9, "Naziv BM": "NAŠICE", "Lokacija BM": "PROSTORIJE NK \"RADNIK\" ŠIPOVAC", "Adresa BM": "NAŠICE", "Glasovalo birača": 195, "Glasovalo birača (po listićima)": 195, "Važeći listići": 191, "Nevažeći listići": 4 }, "latitude": 45.4946861, "longitude": 18.0951118, "population": 295 }, "geometry": { "type": "MultiPolygon", "coordinates": [ [ [ [ 18.097839364306733, 45.500041850611389 ], [ 18.099773726298537, 45.494153786463542 ], [ 18.094451031111848, 45.493291919771039 ], [ 18.092244827156858, 45.492983525233235 ], [ 18.087237959250732, 45.497618103172293 ], [ 18.097839364306733, 45.500041850611389 ] ] ] ] } },
{ "type": "Feature", "properties": { "BM": 2174, "data": { "Oznaka Gr/Op/Dr": "grad", "Grad/općina/država": "NAŠICE", "Rbr BM": 17, "Naziv BM": "LILA", "Lokacija BM": "DRUŠTVENI DOM", "Adresa BM": "LILA", "Glasovalo birača": 130, "Glasovalo birača (po listićima)": 130, "Važeći listići": 130, "Nevažeći listići": 0 }, "latitude": 45.5542938, "longitude": 18.1218132, "population": 182 }, "geometry": { "type": "MultiPolygon", "coordinates": [ [ [ [ 18.088607402959148, 45.560250292749437 ], [ 18.108378168124233, 45.607846721190022 ], [ 18.135458632808987, 45.604545669024454 ], [ 18.169042823732923, 45.580251508118771 ], [ 18.154269643795171, 45.52617976869108 ], [ 18.118207880205436, 45.527150101843468 ], [ 18.090510417746632, 45.54489965244624 ], [ 18.088607402959148, 45.560250292749437 ] ] ] ] } },
{ "type": "Feature", "properties": { "BM": 2160, "data": { "Oznaka Gr/Op/Dr": "grad", "Grad/općina/država": "NAŠICE", "Rbr BM": 3, "Naziv BM": "NAŠICE", "Lokacija BM": "DOM HRVATSKE VOJSKE", "Adresa BM": "TRG DR. FRANJE TUĐMANA 16", "Glasovalo birača": 244, "Glasovalo birača (po listićima)": 244, "Važeći listići": 244, "Nevažeći listići": 0 }, "latitude": 45.4899938, "longitude": 18.0907684, "population": 342 }, "geometry": { "type": "MultiPolygon", "coordinates": [ [ [ [ 18.086121472526106, 45.497804675107261 ], [ 18.087237959250732, 45.497618103172293 ], [ 18.092244827156858, 45.492983525233235 ], [ 18.101226533487669, 45.473242593405587 ], [ 18.096000994119557, 45.464781827135752 ], [ 18.086121472526106, 45.497804675107261 ] ] ] ] } },
{ "type": "Feature", "properties": { "BM": 2177, "data": { "Oznaka Gr/Op/Dr": "grad", "Grad/općina/država": "NAŠICE", "Rbr BM": 20, "Naziv BM": "GRANICE", "Lokacija BM": "GLJIVARSKI DOM", "Adresa BM": "GRANICE", "Glasovalo birača": 46, "Glasovalo birača (po listićima)": 46, "Važeći listići": 46, "Nevažeći listići": 0 }, "latitude": 45.3998352, "longitude": 18.1155819, "population": 86 }, "geometry": { "type": "MultiPolygon", "coordinates": [ [ [ [ 18.095816793998743, 45.437275604172079 ], [ 18.13323237043814, 45.434501455900445 ], [ 18.164279336641968, 45.400235340368702 ], [ 18.169780072441188, 45.386001678729798 ], [ 18.150549186774231, 45.372096050290772 ], [ 18.121574262403346, 45.370180396430023 ], [ 18.102800021477336, 45.381362230310764 ], [ 18.085604710807981, 45.411503447609057 ], [ 18.095816793998743, 45.437275604172079 ] ] ] ] } },
{ "type": "Feature", "properties": { "BM": 2164, "data": { "Oznaka Gr/Op/Dr": "grad", "Grad/općina/država": "NAŠICE", "Rbr BM": 7, "Naziv BM": "NAŠICE", "Lokacija BM": "OSNOVNA ŠKOLA KRALJA TOMISLAVA", "Adresa BM": "ULICA MATICE HRVATSKE 1", "Glasovalo birača": 490, "Glasovalo birača (po listićima)": 490, "Važeći listići": 485, "Nevažeći listići": 5 }, "latitude": 45.4973471, "longitude": 18.1032117, "population": 778 }, "geometry": { "type": "MultiPolygon", "coordinates": [ [ [ [ 18.108137983113657, 45.481705612009335 ], [ 18.099773726298537, 45.494153786463542 ], [ 18.097839364306733, 45.500041850611389 ], [ 18.101782098078669, 45.506364593100891 ], [ 18.109999778422612, 45.510779329859076 ], [ 18.113695995657785, 45.485490634098234 ], [ 18.108137983113657, 45.481705612009335 ] ] ] ] } },
{ "type": "Feature", "properties": { "BM": 2162, "data": { "Oznaka Gr/Op/Dr": "grad", "Grad/općina/država": "NAŠICE", "Rbr BM": 5, "Naziv BM": "NAŠICE", "Lokacija BM": "PROSTORIJE GRADSKE UDRUGE UMIROVLJENIKA", "Adresa BM": "SOKOLSKA ULICA 2 (DVORIŠTE ZGRADE)", "Glasovalo birača": 507, "Glasovalo birača (po listićima)": 507, "Važeći listići": 497, "Nevažeći listići": 10 }, "latitude": 45.492132370475701, "longitude": 18.0954687734496, "population": 710 }, "geometry": { "type": "MultiPolygon", "coordinates": [ [ [ [ 18.092244827156858, 45.492983525233235 ], [ 18.094451031111848, 45.493291919771039 ], [ 18.106691525636315, 45.479940187617402 ], [ 18.101226533487669, 45.473242593405587 ], [ 18.092244827156858, 45.492983525233235 ] ] ] ] } },
{ "type": "Feature", "properties": { "BM": 2753, "data": { "Oznaka Gr/Op/Dr": "općina", "Grad/općina/država": "VILJEVO", "Rbr BM": 3, "Naziv BM": "KRUNOSLAVJE", "Lokacija BM": "MJESNI DOM", "Adresa BM": "GLAVNA 49", "Glasovalo birača": 18, "Glasovalo birača (po listićima)": 18, "Važeći listići": 17, "Nevažeći listići": 1 }, "latitude": 45.6860715, "longitude": 18.1172827, "population": 52 }, "geometry": { "type": "MultiPolygon", "coordinates": [ [ [ [ 18.066631534476226, 45.644716301894256 ], [ 18.106401944134817, 45.729851386687628 ], [ 18.116504178319015, 45.738863729779325 ], [ 18.147630060311094, 45.718174053239039 ], [ 18.15699670823987, 45.69569637882919 ], [ 18.157696616188328, 45.690493620385716 ], [ 18.157381134756957, 45.689568589945324 ], [ 18.073420293132958, 45.641125599083985 ], [ 18.066631534476226, 45.644716301894256 ] ] ] ] } },
{ "type": "Feature", "properties": { "BM": 2163, "data": { "Oznaka Gr/Op/Dr": "grad", "Grad/općina/država": "NAŠICE", "Rbr BM": 6, "Naziv BM": "NAŠICE", "Lokacija BM": "PROSTORIJE ŠAHOVSKOG KLUBA \"SLAVONAC\"", "Adresa BM": "ULICA JOSIPA JURJA STROSSMAYERA 9", "Glasovalo birača": 296, "Glasovalo birača (po listićima)": 296, "Važeći listići": 292, "Nevažeći listići": 4 }, "latitude": 45.4921775, "longitude": 18.095518, "population": 461 }, "geometry": { "type": "MultiPolygon", "coordinates": [ [ [ [ 18.099773726298537, 45.494153786463542 ], [ 18.108137983113657, 45.481705612009335 ], [ 18.106691525636315, 45.479940187617402 ], [ 18.094451031111848, 45.493291919771039 ], [ 18.099773726298537, 45.494153786463542 ] ] ] ] } },
{ "type": "Feature", "properties": { "BM": 2169, "data": { "Oznaka Gr/Op/Dr": "grad", "Grad/općina/država": "NAŠICE", "Rbr BM": 12, "Naziv BM": "MARKOVAC NAŠIČKI", "Lokacija BM": "PROSTORIJE SLOVAČKO KULTURNO UMJETNIČKE UDRUGE \"FRANJO STRAPAČ\"", "Adresa BM": "MARKOVAC NAŠIČKI", "Glasovalo birača": 375, "Glasovalo birača (po listićima)": 375, "Važeći listići": 368, "Nevažeći listići": 7 }, "latitude": 45.4998518, "longitude": 18.1203483, "population": 631 }, "geometry": { "type": "MultiPolygon", "coordinates": [ [ [ [ 18.109999778422612, 45.510779329859076 ], [ 18.118207880205436, 45.527150101843468 ], [ 18.154269643795171, 45.52617976869108 ], [ 18.156430082928569, 45.521344831462315 ], [ 18.133348813802229, 45.485862903846467 ], [ 18.113695995657785, 45.485490634098234 ], [ 18.109999778422612, 45.510779329859076 ] ] ] ] } },
{ "type": "Feature", "properties": { "BM": 2588, "data": { "Oznaka Gr/Op/Dr": "općina", "Grad/općina/država": "LEVANJSKA VAROŠ", "Rbr BM": 9, "Naziv BM": "MILINAC", "Lokacija BM": "DRUŠTVENI DOM", "Adresa BM": "MILINAC", "Glasovalo birača": 12, "Glasovalo birača (po listićima)": 12, "Važeći listići": 12, "Nevažeći listići": 0 }, "latitude": 45.3399948, "longitude": 18.1195382, "population": 20 }, "geometry": { "type": "MultiPolygon", "coordinates": [ [ [ [ 18.121574262403346, 45.370180396430023 ], [ 18.150549186774231, 45.372096050290772 ], [ 18.141248820399547, 45.328048848319405 ], [ 18.118995426103822, 45.316743633672871 ], [ 18.094320733467494, 45.335818651187608 ], [ 18.121574262403346, 45.370180396430023 ] ] ] ] } },
{ "type": "Feature", "properties": { "BM": 2585, "data": { "Oznaka Gr/Op/Dr": "općina", "Grad/općina/država": "LEVANJSKA VAROŠ", "Rbr BM": 6, "Naziv BM": "RATKOV DOL", "Lokacija BM": "DRUŠTVENI DOM", "Adresa BM": "RATKOV DOL", "Glasovalo birača": 11, "Glasovalo birača (po listićima)": 11, "Važeći listići": 11, "Nevažeći listići": 0 }, "latitude": 45.2860891, "longitude": 18.131402, "population": 15 }, "geometry": { "type": "MultiPolygon", "coordinates": [ [ [ [ 18.093968592271068, 45.269507313848955 ], [ 18.116511558697553, 45.301800244204181 ], [ 18.161497613338355, 45.284481649736357 ], [ 18.15071489160114, 45.255742178176121 ], [ 18.139610847056698, 45.253503283976485 ], [ 18.093782696284034, 45.265770447893033 ], [ 18.093968592271068, 45.269507313848955 ] ] ] ] } },
{ "type": "Feature", "properties": { "BM": 2056, "data": { "Oznaka Gr/Op/Dr": "grad", "Grad/općina/država": "DONJI MIHOLJAC", "Rbr BM": 3, "Naziv BM": "DONJI MIHOLJAC", "Lokacija BM": "OBRTNIČKI DOM", "Adresa BM": "KOLODVORSKA 41", "Glasovalo birača": 295, "Glasovalo birača (po listićima)": 295, "Važeći listići": 292, "Nevažeći listići": 3 }, "latitude": 45.7585827, "longitude": 18.1654816, "population": 594 }, "geometry": { "type": "MultiPolygon", "coordinates": [ [ [ [ 18.115874167770247, 45.743795836278629 ], [ 18.165236394265627, 45.76093815819133 ], [ 18.169131202348598, 45.759690623842772 ], [ 18.164685257101308, 45.745316964533551 ], [ 18.155332574972803, 45.723062151103349 ], [ 18.147630060311094, 45.718174053239039 ], [ 18.116504178319015, 45.738863729779325 ], [ 18.115874167770247, 45.743795836278629 ] ] ] ] } },
{ "type": "Feature", "properties": { "BM": 2583, "data": { "Oznaka Gr/Op/Dr": "općina", "Grad/općina/država": "LEVANJSKA VAROŠ", "Rbr BM": 4, "Naziv BM": "SLOBODNA VLAST", "Lokacija BM": "DRUŠTVENI DOM", "Adresa BM": "SLOBODNA VLAST", "Glasovalo birača": 60, "Glasovalo birača (po listićima)": 60, "Važeći listići": 58, "Nevažeći listići": 2 }, "latitude": 45.3034704, "longitude": 18.1380934, "population": 107 }, "geometry": { "type": "MultiPolygon", "coordinates": [ [ [ [ 18.118995426103822, 45.316743633672871 ], [ 18.141248820399547, 45.328048848319405 ], [ 18.159248873884668, 45.309298293124321 ], [ 18.164908261298102, 45.288759646356752 ], [ 18.161497613338355, 45.284481649736357 ], [ 18.116511558697553, 45.301800244204181 ], [ 18.118995426103822, 45.316743633672871 ] ] ] ] } },
{ "type": "Feature", "properties": { "BM": 2600, "data": { "Oznaka Gr/Op/Dr": "općina", "Grad/općina/država": "MAGADENOVAC", "Rbr BM": 3, "Naziv BM": "KUĆANCI", "Lokacija BM": "MJESNI DOM", "Adresa BM": "KRALJA ZVONIMIRA 88", "Glasovalo birača": 179, "Glasovalo birača (po listićima)": 179, "Važeći listići": 175, "Nevažeći listići": 4 }, "latitude": 45.656604, "longitude": 18.1342846, "population": 335 }, "geometry": { "type": "MultiPolygon", "coordinates": [ [ [ [ 18.108378168124233, 45.607846721190022 ], [ 18.073420293132958, 45.641125599083985 ], [ 18.157381134756957, 45.689568589945324 ], [ 18.160024069296909, 45.665110655595107 ], [ 18.159690100031995, 45.650818702647342 ], [ 18.135458632808987, 45.604545669024454 ], [ 18.108378168124233, 45.607846721190022 ] ] ] ] } },
{ "type": "Feature", "properties": { "BM": 2566, "data": { "Oznaka Gr/Op/Dr": "općina", "Grad/općina/država": "KOŠKA", "Rbr BM": 3, "Naziv BM": "BREZNICA NAŠIČKA", "Lokacija BM": "PODRUČNA ŠKOLA", "Adresa BM": "OSJEČKA BB", "Glasovalo birača": 250, "Glasovalo birača (po listićima)": 250, "Važeći listići": 244, "Nevažeći listići": 6 }, "latitude": 45.5338849, "longitude": 18.1965124, "population": 481 }, "geometry": { "type": "MultiPolygon", "coordinates": [ [ [ [ 18.154269643795171, 45.52617976869108 ], [ 18.169042823732923, 45.580251508118771 ], [ 18.198771791630687, 45.585517159323629 ], [ 18.235263166144833, 45.579840692931874 ], [ 18.241982540027603, 45.520508508074151 ], [ 18.226868420338924, 45.501849889048259 ], [ 18.225132510776668, 45.501357818233821 ], [ 18.165416241087723, 45.513871501571096 ], [ 18.156430082928569, 45.521344831462315 ], [ 18.154269643795171, 45.52617976869108 ] ] ] ] } },
{ "type": "Feature", "properties": { "BM": 2586, "data": { "Oznaka Gr/Op/Dr": "općina", "Grad/općina/država": "LEVANJSKA VAROŠ", "Rbr BM": 7, "Naziv BM": "BREZNICA ĐAKOVAČKA", "Lokacija BM": "DRUŠTVENI DOM", "Adresa BM": "BREZNICA ĐAKOVAČKA", "Glasovalo birača": 102, "Glasovalo birača (po listićima)": 102, "Važeći listići": 101, "Nevažeći listići": 1 }, "latitude": 45.3301982, "longitude": 18.1659356, "population": 154 }, "geometry": { "type": "MultiPolygon", "coordinates": [ [ [ [ 18.150549186774231, 45.372096050290772 ], [ 18.169780072441188, 45.386001678729798 ], [ 18.187683083159421, 45.379948181438046 ], [ 18.190518940478619, 45.376834026191965 ], [ 18.203243950576361, 45.35153786427729 ], [ 18.159248873884668, 45.309298293124321 ], [ 18.141248820399547, 45.328048848319405 ], [ 18.150549186774231, 45.372096050290772 ] ] ] ] } },
{ "type": "Feature", "properties": { "BM": 2176, "data": { "Oznaka Gr/Op/Dr": "grad", "Grad/općina/država": "NAŠICE", "Rbr BM": 19, "Naziv BM": "VUKOJEVCI", "Lokacija BM": "OSNOVNA ŠKOLA", "Adresa BM": "VUKOJEVCI", "Glasovalo birača": 331, "Glasovalo birača (po listićima)": 331, "Važeći listići": 321, "Nevažeći listići": 10 }, "latitude": 45.4796482, "longitude": 18.1514065, "population": 616 }, "geometry": { "type": "MultiPolygon", "coordinates": [ [ [ [ 18.156430082928569, 45.521344831462315 ], [ 18.165416241087723, 45.513871501571096 ], [ 18.168032783376255, 45.487428330569173 ], [ 18.163571506321638, 45.465979774235819 ], [ 18.142111204169041, 45.453473844578781 ], [ 18.133348813802229, 45.485862903846467 ], [ 18.156430082928569, 45.521344831462315 ] ] ] ] } },
{ "type": "Feature", "properties": { "BM": 2064, "data": { "Oznaka Gr/Op/Dr": "grad", "Grad/općina/država": "DONJI MIHOLJAC", "Rbr BM": 11, "Naziv BM": "GOLINCI", "Lokacija BM": "DRUŠTVENI DOM", "Adresa BM": "KRALJA TOMISLAVA 78", "Glasovalo birača": 164, "Glasovalo birača (po listićima)": 164, "Važeći listići": 162, "Nevažeći listići": 2 }, "latitude": 45.7551691, "longitude": 18.1736043, "population": 309 }, "geometry": { "type": "MultiPolygon", "coordinates": [ [ [ [ 18.164685257101308, 45.745316964533551 ], [ 18.174402877550705, 45.758427112160881 ], [ 18.175445449318026, 45.758179299900874 ], [ 18.188491718546196, 45.738914278828545 ], [ 18.155332574972803, 45.723062151103349 ], [ 18.164685257101308, 45.745316964533551 ] ] ] ] } },
{ "type": "Feature", "properties": { "BM": 2676, "data": { "Oznaka Gr/Op/Dr": "općina", "Grad/općina/država": "PODGORAČ", "Rbr BM": 6, "Naziv BM": "KRŠINCI", "Lokacija BM": "STARA ŠKOLA", "Adresa BM": "KRŠINCI", "Glasovalo birača": 53, "Glasovalo birača (po listićima)": 53, "Važeći listići": 52, "Nevažeći listići": 1 }, "latitude": 45.4486574, "longitude": 18.1694663, "population": 76 }, "geometry": { "type": "MultiPolygon", "coordinates": [ [ [ [ 18.142111204169041, 45.453473844578781 ], [ 18.163571506321638, 45.465979774235819 ], [ 18.191807626353857, 45.45388482255445 ], [ 18.164279336641968, 45.400235340368702 ], [ 18.13323237043814, 45.434501455900445 ], [ 18.142111204169041, 45.453473844578781 ] ] ] ] } },
{ "type": "Feature", "properties": { "BM": 2582, "data": { "Oznaka Gr/Op/Dr": "općina", "Grad/općina/država": "LEVANJSKA VAROŠ", "Rbr BM": 3, "Naziv BM": "LEVANJSKA VAROŠ", "Lokacija BM": "OPĆINSKO POGLAVARSTVO", "Adresa BM": "LEVANJSKA VAROŠ", "Glasovalo birača": 113, "Glasovalo birača (po listićima)": 113, "Važeći listići": 112, "Nevažeći listići": 1 }, "latitude": 45.3151289, "longitude": 18.1804036, "population": 188 }, "geometry": { "type": "MultiPolygon", "coordinates": [ [ [ [ 18.159248873884668, 45.309298293124321 ], [ 18.203243950576361, 45.35153786427729 ], [ 18.213664682844499, 45.339452251635599 ], [ 18.178635530409487, 45.290103462102103 ], [ 18.164908261298102, 45.288759646356752 ], [ 18.159248873884668, 45.309298293124321 ] ] ] ] } },
{ "type": "Feature", "properties": { "BM": 2677, "data": { "Oznaka Gr/Op/Dr": "općina", "Grad/općina/država": "PODGORAČ", "Rbr BM": 7, "Naziv BM": "KELEŠINKA", "Lokacija BM": "VATROGASNI DOM", "Adresa BM": "KELEŠINKA", "Glasovalo birača": 32, "Glasovalo birača (po listićima)": 32, "Važeći listići": 30, "Nevažeći listići": 2 }, "latitude": 45.4830575, "longitude": 18.1858614, "population": 45 }, "geometry": { "type": "MultiPolygon", "coordinates": [ [ [ [ 18.165416241087723, 45.513871501571096 ], [ 18.225132510776668, 45.501357818233821 ], [ 18.199820780061732, 45.46819520007093 ], [ 18.168032783376255, 45.487428330569173 ], [ 18.165416241087723, 45.513871501571096 ] ] ] ] } },
{ "type": "Feature", "properties": { "BM": 2601, "data": { "Oznaka Gr/Op/Dr": "općina", "Grad/općina/država": "MAGADENOVAC", "Rbr BM": 4, "Naziv BM": "MALINOVAC", "Lokacija BM": "MJESNI DOM", "Adresa BM": "BRAĆE RADIĆA 13", "Glasovalo birača": 49, "Glasovalo birača (po listićima)": 49, "Važeći listići": 49, "Nevažeći listići": 0 }, "latitude": 45.6332323, "longitude": 18.1789158, "population": 71 }, "geometry": { "type": "MultiPolygon", "coordinates": [ [ [ [ 18.135458632808987, 45.604545669024454 ], [ 18.159690100031995, 45.650818702647342 ], [ 18.195206350364497, 45.640534239874029 ], [ 18.198771791630687, 45.585517159323629 ], [ 18.169042823732923, 45.580251508118771 ], [ 18.135458632808987, 45.604545669024454 ] ] ] ] } },
{ "type": "Feature", "properties": { "BM": 2747, "data": { "Oznaka Gr/Op/Dr": "općina", "Grad/općina/država": "TRNAVA", "Rbr BM": 3, "Naziv BM": "HRKANOVCI ĐAKOVAČKI", "Lokacija BM": "DOM KULTURE", "Adresa BM": "HRKANOVCI ĐAKOVAČKI BB", "Glasovalo birača": 38, "Glasovalo birača (po listićima)": 38, "Važeći listići": 38, "Nevažeći listići": 0 }, "latitude": 45.265896, "longitude": 18.1852232, "population": 83 }, "geometry": { "type": "MultiPolygon", "coordinates": [ [ [ [ 18.164908261298102, 45.288759646356752 ], [ 18.178635530409487, 45.290103462102103 ], [ 18.215494627562098, 45.272335983806116 ], [ 18.216115210958801, 45.271226007209378 ], [ 18.190092931540864, 45.223865886431028 ], [ 18.186538254139393, 45.22389340371231 ], [ 18.15071489160114, 45.255742178176121 ], [ 18.161497613338355, 45.284481649736357 ], [ 18.164908261298102, 45.288759646356752 ] ] ] ] } },
{ "type": "Feature", "properties": { "BM": 2062, "data": { "Oznaka Gr/Op/Dr": "grad", "Grad/općina/država": "DONJI MIHOLJAC", "Rbr BM": 9, "Naziv BM": "RAKITOVICA", "Lokacija BM": "DRUŠTVENI DOM", "Adresa BM": "VENOSEVA 44B", "Glasovalo birača": 377, "Glasovalo birača (po listićima)": 377, "Važeći listići": 367, "Nevažeći listići": 10 }, "latitude": 45.7171209, "longitude": 18.1917937, "population": 658 }, "geometry": { "type": "MultiPolygon", "coordinates": [ [ [ [ 18.155332574972803, 45.723062151103349 ], [ 18.188491718546196, 45.738914278828545 ], [ 18.209143662809772, 45.745295547981016 ], [ 18.222907091114209, 45.715420905491165 ], [ 18.15699670823987, 45.69569637882919 ], [ 18.147630060311094, 45.718174053239039 ], [ 18.155332574972803, 45.723062151103349 ] ] ] ] } },
{ "type": "Feature", "properties": { "BM": 2673, "data": { "Oznaka Gr/Op/Dr": "općina", "Grad/općina/država": "PODGORAČ", "Rbr BM": 3, "Naziv BM": "OSTROŠINCI", "Lokacija BM": "DRUŠTVENI DOM", "Adresa BM": "OSTROŠINCI", "Glasovalo birača": 36, "Glasovalo birača (po listićima)": 36, "Važeći listići": 34, "Nevažeći listići": 2 }, "latitude": 45.4326874, "longitude": 18.20059, "population": 82 }, "geometry": { "type": "MultiPolygon", "coordinates": [ [ [ [ 18.164279336641968, 45.400235340368702 ], [ 18.191807626353857, 45.45388482255445 ], [ 18.194688003405901, 45.455319668769874 ], [ 18.223423974194763, 45.436228615619513 ], [ 18.221339360566237, 45.416360041595851 ], [ 18.187683083159421, 45.379948181438046 ], [ 18.169780072441188, 45.386001678729798 ], [ 18.164279336641968, 45.400235340368702 ] ] ] ] } },
{ "type": "Feature", "properties": { "BM": 2065, "data": { "Oznaka Gr/Op/Dr": "grad", "Grad/općina/država": "DONJI MIHOLJAC", "Rbr BM": 12, "Naziv BM": "RADIKOVCI", "Lokacija BM": "MJESNI ODBOR", "Adresa BM": "MATIJE GUPCA 103", "Glasovalo birača": 116, "Glasovalo birača (po listićima)": 116, "Važeći listići": 110, "Nevažeći listići": 6 }, "latitude": 45.7567156, "longitude": 18.1715179, "population": 212 }, "geometry": { "type": "MultiPolygon", "coordinates": [ [ [ [ 18.174402877550705, 45.758427112160881 ], [ 18.164685257101308, 45.745316964533551 ], [ 18.169131202348598, 45.759690623842772 ], [ 18.170837293342526, 45.761031497799081 ], [ 18.174402877550705, 45.758427112160881 ] ] ] ] } },
{ "type": "Feature", "properties": { "BM": 2675, "data": { "Oznaka Gr/Op/Dr": "općina", "Grad/općina/država": "PODGORAČ", "Rbr BM": 5, "Naziv BM": "STIPANOVCI", "Lokacija BM": "VATROGASNI DOM", "Adresa BM": "STIPANOVCI", "Glasovalo birača": 175, "Glasovalo birača (po listićima)": 175, "Važeći listići": 167, "Nevažeći listići": 8 }, "latitude": 45.4736638, "longitude": 18.1801778, "population": 290 }, "geometry": { "type": "MultiPolygon", "coordinates": [ [ [ [ 18.168032783376255, 45.487428330569173 ], [ 18.199820780061732, 45.46819520007093 ], [ 18.194688003405901, 45.455319668769874 ], [ 18.191807626353857, 45.45388482255445 ], [ 18.163571506321638, 45.465979774235819 ], [ 18.168032783376255, 45.487428330569173 ] ] ] ] } },
{ "type": "Feature", "properties": { "BM": 2598, "data": { "Oznaka Gr/Op/Dr": "općina", "Grad/općina/država": "MAGADENOVAC", "Rbr BM": 1, "Naziv BM": "MAGADENOVAC", "Lokacija BM": "MJESNI DOM", "Adresa BM": "RUŽINA 1", "Glasovalo birača": 44, "Glasovalo birača (po listićima)": 44, "Važeći listići": 43, "Nevažeći listići": 1 }, "latitude": 45.655411, "longitude": 18.1853381, "population": 78 }, "geometry": { "type": "MultiPolygon", "coordinates": [ [ [ [ 18.160024069296909, 45.665110655595107 ], [ 18.20184962808321, 45.655100575214831 ], [ 18.201916918235217, 45.649574982448797 ], [ 18.195206350364497, 45.640534239874029 ], [ 18.159690100031995, 45.650818702647342 ], [ 18.160024069296909, 45.665110655595107 ] ] ] ] } },
{ "type": "Feature", "properties": { "BM": 2599, "data": { "Oznaka Gr/Op/Dr": "općina", "Grad/općina/država": "MAGADENOVAC", "Rbr BM": 2, "Naziv BM": "BENIČANCI", "Lokacija BM": "MJESNI DOM", "Adresa BM": "IVE LOLE RIBARA 41A", "Glasovalo birača": 197, "Glasovalo birača (po listićima)": 197, "Važeći listići": 196, "Nevažeći listići": 1 }, "latitude": 45.662299, "longitude": 18.1869866, "population": 353 }, "geometry": { "type": "MultiPolygon", "coordinates": [ [ [ [ 18.157381134756957, 45.689568589945324 ], [ 18.157696616188328, 45.690493620385716 ], [ 18.20603371716993, 45.675332123217679 ], [ 18.20184962808321, 45.655100575214831 ], [ 18.160024069296909, 45.665110655595107 ], [ 18.157381134756957, 45.689568589945324 ] ] ] ] } },
{ "type": "Feature", "properties": { "BM": 2067, "data": { "Oznaka Gr/Op/Dr": "grad", "Grad/općina/država": "DONJI MIHOLJAC", "Rbr BM": 14, "Naziv BM": "PODGAJCI PODRAVSKI", "Lokacija BM": "VATROGASNI DOM", "Adresa BM": "VLADIMIRA NAZORA 134", "Glasovalo birača": 271, "Glasovalo birača (po listićima)": 271, "Važeći listići": 264, "Nevažeći listići": 7 }, "latitude": 45.7587716, "longitude": 18.178924, "population": 466 }, "geometry": { "type": "MultiPolygon", "coordinates": [ [ [ [ 18.1981248, 45.7850068 ], [ 18.2007898, 45.7834428 ], [ 18.201722, 45.7827635 ], [ 18.2024418, 45.7823128 ], [ 18.2030986, 45.7819564 ], [ 18.2039936, 45.7816184 ], [ 18.2049604, 45.781358 ], [ 18.2058094, 45.7811866 ], [ 18.2075817, 45.7811724 ], [ 18.209231, 45.7812313 ], [ 18.2104142, 45.7812614 ], [ 18.2115431, 45.7812188 ], [ 18.2126399, 45.7810987 ], [ 18.2136594, 45.7809486 ], [ 18.2152137, 45.7806326 ], [ 18.2163439, 45.7804451 ], [ 18.2176029, 45.7803712 ], [ 18.219495890831279, 45.780314281072584 ], [ 18.209143662809772, 45.745295547981016 ], [ 18.188491718546196, 45.738914278828545 ], [ 18.175445449318026, 45.758179299900874 ], [ 18.196832144026395, 45.785737596190557 ], [ 18.1981248, 45.7850068 ] ] ] ] } },
{ "type": "Feature", "properties": { "BM": 2066, "data": { "Oznaka Gr/Op/Dr": "grad", "Grad/općina/država": "DONJI MIHOLJAC", "Rbr BM": 13, "Naziv BM": "SVETI ĐURAĐ", "Lokacija BM": "DRUŠTVENI DOM", "Adresa BM": "ANTUNA RADIĆA 146", "Glasovalo birača": 339, "Glasovalo birača (po listićima)": 339, "Važeći listići": 332, "Nevažeći listići": 7 }, "latitude": 45.7401744, "longitude": 18.2418332, "population": 579 }, "geometry": { "type": "MultiPolygon", "coordinates": [ [ [ [ 18.2203134, 45.7802897 ], [ 18.2230886, 45.7802139 ], [ 18.225426, 45.7800783 ], [ 18.2263919, 45.7799455 ], [ 18.2280096, 45.7795955 ], [ 18.2290731, 45.7792623 ], [ 18.2303105, 45.7787814 ], [ 18.2309563, 45.7784102 ], [ 18.2315333, 45.7780211 ], [ 18.2322479, 45.7774244 ], [ 18.2330365, 45.7766513 ], [ 18.2338339, 45.7757185 ], [ 18.2342817, 45.7750523 ], [ 18.2346062, 45.7742369 ], [ 18.2347718, 45.7735344 ], [ 18.2349218, 45.772685 ], [ 18.2350521, 45.7719171 ], [ 18.2355406, 45.7703476 ], [ 18.2358819, 45.7694245 ], [ 18.2362404, 45.7688247 ], [ 18.2368277, 45.7680938 ], [ 18.237724, 45.7671534 ], [ 18.2387043, 45.7663672 ], [ 18.2394613, 45.7657606 ], [ 18.2401179, 45.7648668 ], [ 18.2406178, 45.7639289 ], [ 18.2409965, 45.7631366 ], [ 18.2413752, 45.7625718 ], [ 18.241835, 45.762018 ], [ 18.2426728, 45.7614462 ], [ 18.2431976, 45.7611887 ], [ 18.2437187, 45.7610245 ], [ 18.2443257, 45.7609322 ], [ 18.2449216, 45.7609331 ], [ 18.2454442, 45.760994 ], [ 18.2465907, 45.7612283 ], [ 18.2478401, 45.7615883 ], [ 18.2489056, 45.7618283 ], [ 18.2495917, 45.761946 ], [ 18.2504659, 45.7619718 ], [ 18.2518808, 45.7619005 ], [ 18.2537634, 45.761783 ], [ 18.2564505, 45.7615433 ], [ 18.2581289, 45.7613707 ], [ 18.2595646, 45.7611685 ], [ 18.260982, 45.7609132 ], [ 18.2620818, 45.7606377 ], [ 18.2647308, 45.759764 ], [ 18.2668275, 45.7589294 ], [ 18.2679481, 45.7584668 ], [ 18.2686428, 45.7582055 ], [ 18.2694851, 45.7579095 ], [ 18.2711259, 45.7574054 ], [ 18.2725093, 45.7569972 ], [ 18.2732648, 45.7567653 ], [ 18.2741194, 45.7564571 ], [ 18.2748802, 45.756159 ], [ 18.2753976, 45.7558748 ], [ 18.2759005, 45.7554698 ], [ 18.2768777, 45.755663 ], [ 18.2771045, 45.7557171 ], [ 18.2830764, 45.7571337 ], [ 18.2872675, 45.7590596 ], [ 18.2891952, 45.7599208 ], [ 18.2901099, 45.7602691 ], [ 18.29015463403687, 45.760283566580213 ], [ 18.264214912804913, 45.717738109131318 ], [ 18.227506646394634, 45.710744243568151 ], [ 18.222907091114209, 45.715420905491165 ], [ 18.209143662809772, 45.745295547981016 ], [ 18.219495890831279, 45.780314281072584 ], [ 18.2203134, 45.7802897 ] ] ] ] } },
{ "type": "Feature", "properties": { "BM": 2462, "data": { "Oznaka Gr/Op/Dr": "općina", "Grad/općina/država": "DRENJE", "Rbr BM": 3, "Naziv BM": "SLATINIK DRENJSKI", "Lokacija BM": "DVD SLATINIK DRENJSKI", "Adresa BM": "B.RADIĆA 2", "Glasovalo birača": 109, "Glasovalo birača (po listićima)": 109, "Važeći listići": 107, "Nevažeći listići": 2 }, "latitude": 45.396957, "longitude": 18.2392458, "population": 184 }, "geometry": { "type": "MultiPolygon", "coordinates": [ [ [ [ 18.187683083159421, 45.379948181438046 ], [ 18.221339360566237, 45.416360041595851 ], [ 18.235632915341771, 45.413700881514252 ], [ 18.244606699262611, 45.383304284435489 ], [ 18.190518940478619, 45.376834026191965 ], [ 18.187683083159421, 45.379948181438046 ] ] ] ] } },
{ "type": "Feature", "properties": { "BM": 2602, "data": { "Oznaka Gr/Op/Dr": "općina", "Grad/općina/država": "MAGADENOVAC", "Rbr BM": 5, "Naziv BM": "LACIĆI", "Lokacija BM": "MJESNI DOM", "Adresa BM": "ANDRIJE KAČIĆA 73", "Glasovalo birača": 155, "Glasovalo birača (po listićima)": 155, "Važeći listići": 140, "Nevažeći listići": 15 }, "latitude": 45.635396, "longitude": 18.2123031, "population": 257 }, "geometry": { "type": "MultiPolygon", "coordinates": [ [ [ [ 18.195206350364497, 45.640534239874029 ], [ 18.201916918235217, 45.649574982448797 ], [ 18.2317286398455, 45.640747547264041 ], [ 18.258653434486433, 45.598333291061394 ], [ 18.243154989724367, 45.585952861500409 ], [ 18.235263166144833, 45.579840692931874 ], [ 18.198771791630687, 45.585517159323629 ], [ 18.195206350364497, 45.640534239874029 ] ] ] ] } },
{ "type": "Feature", "properties": { "BM": 2746, "data": { "Oznaka Gr/Op/Dr": "općina", "Grad/općina/država": "TRNAVA", "Rbr BM": 2, "Naziv BM": "LAPOVCI", "Lokacija BM": "DOM KULTURE", "Adresa BM": "LAPOVCI BB", "Glasovalo birača": 96, "Glasovalo birača (po listićima)": 96, "Važeći listići": 90, "Nevažeći listići": 6 }, "latitude": 45.2422926, "longitude": 18.228181, "population": 231 }, "geometry": { "type": "MultiPolygon", "coordinates": [ [ [ [ 18.190092931540864, 45.223865886431028 ], [ 18.216115210958801, 45.271226007209378 ], [ 18.230074045647378, 45.268923469635638 ], [ 18.256382299896735, 45.22809781741158 ], [ 18.198357689307183, 45.217896522073467 ], [ 18.190092931540864, 45.223865886431028 ] ] ] ] } },
{ "type": "Feature", "properties": { "BM": 2671, "data": { "Oznaka Gr/Op/Dr": "općina", "Grad/općina/država": "PODGORAČ", "Rbr BM": 1, "Naziv BM": "PODGORAČ", "Lokacija BM": "OSNOVNA ŠKOLA HINKA JUHNA", "Adresa BM": "PODGORAČ", "Glasovalo birača": 129, "Glasovalo birača (po listićima)": 129, "Važeći listići": 126, "Nevažeći listići": 3 }, "latitude": 45.4586504, "longitude": 18.2178388, "population": 270 }, "geometry": { "type": "MultiPolygon", "coordinates": [ [ [ [ 18.199820780061732, 45.46819520007093 ], [ 18.225132510776668, 45.501357818233821 ], [ 18.226868420338924, 45.501849889048259 ], [ 18.242205175547124, 45.466339143866378 ], [ 18.224054512573868, 45.436788363273699 ], [ 18.223423974194763, 45.436228615619513 ], [ 18.194688003405901, 45.455319668769874 ], [ 18.199820780061732, 45.46819520007093 ] ] ] ] } },
{ "type": "Feature", "properties": { "BM": 2063, "data": { "Oznaka Gr/Op/Dr": "grad", "Grad/općina/država": "DONJI MIHOLJAC", "Rbr BM": 10, "Naziv BM": "MIHOLJAČKI POREČ", "Lokacija BM": "MJESNI ODBOR", "Adresa BM": "EUGENA KRAJA 59", "Glasovalo birača": 78, "Glasovalo birača (po listićima)": 78, "Važeći listići": 76, "Nevažeći listići": 2 }, "latitude": 45.6969089, "longitude": 18.1978424, "population": 122 }, "geometry": { "type": "MultiPolygon", "coordinates": [ [ [ [ 18.15699670823987, 45.69569637882919 ], [ 18.222907091114209, 45.715420905491165 ], [ 18.227506646394634, 45.710744243568151 ], [ 18.22339819160414, 45.683996761833455 ], [ 18.20603371716993, 45.675332123217679 ], [ 18.157696616188328, 45.690493620385716 ], [ 18.15699670823987, 45.69569637882919 ] ] ] ] } },
{ "type": "Feature", "properties": { "BM": 2581, "data": { "Oznaka Gr/Op/Dr": "općina", "Grad/općina/država": "LEVANJSKA VAROŠ", "Rbr BM": 2, "Naziv BM": "OVČARA", "Lokacija BM": "DRUŠTVENI DOM", "Adresa BM": "OVČARA 33", "Glasovalo birača": 7, "Glasovalo birača (po listićima)": 7, "Važeći listići": 7, "Nevažeći listići": 0 }, "latitude": 45.3000288, "longitude": 18.2016765, "population": 15 }, "geometry": { "type": "MultiPolygon", "coordinates": [ [ [ [ 18.213664682844499, 45.339452251635599 ], [ 18.224592155958529, 45.332944282387395 ], [ 18.215494627562098, 45.272335983806116 ], [ 18.178635530409487, 45.290103462102103 ], [ 18.213664682844499, 45.339452251635599 ] ] ] ] } },
{ "type": "Feature", "properties": { "BM": 2603, "data": { "Oznaka Gr/Op/Dr": "općina", "Grad/općina/država": "MAGADENOVAC", "Rbr BM": 6, "Naziv BM": "ŠLJIVOŠEVCI", "Lokacija BM": "MJESNI DOM", "Adresa BM": "VLADIMIRA NAZORA 49", "Glasovalo birača": 152, "Glasovalo birača (po listićima)": 152, "Važeći listići": 146, "Nevažeći listići": 6 }, "latitude": 45.655813, "longitude": 18.2183487, "population": 243 }, "geometry": { "type": "MultiPolygon", "coordinates": [ [ [ [ 18.20184962808321, 45.655100575214831 ], [ 18.20603371716993, 45.675332123217679 ], [ 18.22339819160414, 45.683996761833455 ], [ 18.231415508321735, 45.675864279887975 ], [ 18.2317286398455, 45.640747547264041 ], [ 18.201916918235217, 45.649574982448797 ], [ 18.20184962808321, 45.655100575214831 ] ] ] ] } },
{ "type": "Feature", "properties": { "BM": 2580, "data": { "Oznaka Gr/Op/Dr": "općina", "Grad/općina/država": "LEVANJSKA VAROŠ", "Rbr BM": 1, "Naziv BM": "MAJAR", "Lokacija BM": "DRUŠTVENI DOM", "Adresa BM": "MAJAR", "Glasovalo birača": 65, "Glasovalo birača (po listićima)": 65, "Važeći listići": 64, "Nevažeći listići": 1 }, "latitude": 45.2947515, "longitude": 18.2368342, "population": 104 }, "geometry": { "type": "MultiPolygon", "coordinates": [ [ [ [ 18.215494627562098, 45.272335983806116 ], [ 18.224592155958529, 45.332944282387395 ], [ 18.264051499583122, 45.329861347914246 ], [ 18.257224728874458, 45.283055556784433 ], [ 18.230074045647378, 45.268923469635638 ], [ 18.216115210958801, 45.271226007209378 ], [ 18.215494627562098, 45.272335983806116 ] ] ] ] } },
{ "type": "Feature", "properties": { "BM": 2469, "data": { "Oznaka Gr/Op/Dr": "općina", "Grad/općina/država": "DRENJE", "Rbr BM": 10, "Naziv BM": "MANDIĆEVAC", "Lokacija BM": "PROSTORIJE PODRUČNE ŠKOLE MANDIĆEVAC", "Adresa BM": "ŠKOLSKA 1", "Glasovalo birača": 119, "Glasovalo birača (po listićima)": 119, "Važeći listići": 115, "Nevažeći listići": 4 }, "latitude": 45.3687723, "longitude": 18.2426174, "population": 213 }, "geometry": { "type": "MultiPolygon", "coordinates": [ [ [ [ 18.203243950576361, 45.35153786427729 ], [ 18.190518940478619, 45.376834026191965 ], [ 18.244606699262611, 45.383304284435489 ], [ 18.257028798904365, 45.383701477754066 ], [ 18.270980257182078, 45.341309180514635 ], [ 18.264756380612884, 45.330190298887992 ], [ 18.264051499583122, 45.329861347914246 ], [ 18.224592155958529, 45.332944282387395 ], [ 18.213664682844499, 45.339452251635599 ], [ 18.203243950576361, 45.35153786427729 ] ] ] ] } },
{ "type": "Feature", "properties": { "BM": 2609, "data": { "Oznaka Gr/Op/Dr": "općina", "Grad/općina/država": "MARIJANCI", "Rbr BM": 6, "Naziv BM": "BREZOVICA", "Lokacija BM": "MJESNI DOM", "Adresa BM": "BANA JELAČIĆA 23", "Glasovalo birača": 19, "Glasovalo birača (po listićima)": 19, "Važeći listići": 18, "Nevažeći listići": 1 }, "latitude": 45.6560492, "longitude": 18.2448378, "population": 31 }, "geometry": { "type": "MultiPolygon", "coordinates": [ [ [ [ 18.2317286398455, 45.640747547264041 ], [ 18.231415508321735, 45.675864279887975 ], [ 18.262886092082905, 45.669285934752892 ], [ 18.275720968376195, 45.630498964497455 ], [ 18.280191462727835, 45.610547996248719 ], [ 18.275535780496956, 45.604368952852134 ], [ 18.258653434486433, 45.598333291061394 ], [ 18.2317286398455, 45.640747547264041 ] ] ] ] } },
{ "type": "Feature", "properties": { "BM": 2571, "data": { "Oznaka Gr/Op/Dr": "općina", "Grad/općina/država": "KOŠKA", "Rbr BM": 8, "Naziv BM": "LEDENIK", "Lokacija BM": "DRUŠTVENI DOM", "Adresa BM": "KRALJA ZVONIMIRA 18", "Glasovalo birača": 61, "Glasovalo birača (po listićima)": 61, "Važeći listići": 58, "Nevažeći listići": 3 }, "latitude": 45.5437147, "longitude": 18.2833097, "population": 123 }, "geometry": { "type": "MultiPolygon", "coordinates": [ [ [ [ 18.243154989724367, 45.585952861500409 ], [ 18.287175693212504, 45.541019849046307 ], [ 18.28327964526331, 45.524989536289212 ], [ 18.249424308193316, 45.518352864415164 ], [ 18.241982540027603, 45.520508508074151 ], [ 18.235263166144833, 45.579840692931874 ], [ 18.243154989724367, 45.585952861500409 ] ] ] ] } },
{ "type": "Feature", "properties": { "BM": 2745, "data": { "Oznaka Gr/Op/Dr": "općina", "Grad/općina/država": "TRNAVA", "Rbr BM": 1, "Naziv BM": "TRNAVA", "Lokacija BM": "DOM KULTURE", "Adresa BM": "IVANA MEŠTROVIĆA 2", "Glasovalo birača": 275, "Glasovalo birača (po listićima)": 275, "Važeći listići": 265, "Nevažeći listići": 10 }, "latitude": 45.2596443, "longitude": 18.2551077, "population": 489 }, "geometry": { "type": "MultiPolygon", "coordinates": [ [ [ [ 18.230074045647378, 45.268923469635638 ], [ 18.257224728874458, 45.283055556784433 ], [ 18.274266837968135, 45.268260611799022 ], [ 18.281684783834113, 45.226554952875702 ], [ 18.273394899293475, 45.221732679730266 ], [ 18.256382299896735, 45.22809781741158 ], [ 18.230074045647378, 45.268923469635638 ] ] ] ] } },
{ "type": "Feature", "properties": { "BM": 2460, "data": { "Oznaka Gr/Op/Dr": "općina", "Grad/općina/država": "DRENJE", "Rbr BM": 1, "Naziv BM": "BUČJE GORJANSKO", "Lokacija BM": "MJESNI ODBOR BUČJE", "Adresa BM": "GLAVNA ULICA 15", "Glasovalo birača": 24, "Glasovalo birača (po listićima)": 24, "Važeći listići": 23, "Nevažeći listići": 1 }, "latitude": 45.4280252, "longitude": 18.2450257, "population": 49 }, "geometry": { "type": "MultiPolygon", "coordinates": [ [ [ [ 18.221339360566237, 45.416360041595851 ], [ 18.223423974194763, 45.436228615619513 ], [ 18.224054512573868, 45.436788363273699 ], [ 18.260658088372917, 45.433048424808838 ], [ 18.261578190682354, 45.416582646715511 ], [ 18.258764606307281, 45.411160532360611 ], [ 18.235632915341771, 45.413700881514252 ], [ 18.221339360566237, 45.416360041595851 ] ] ] ] } },
{ "type": "Feature", "properties": { "BM": 2674, "data": { "Oznaka Gr/Op/Dr": "općina", "Grad/općina/država": "PODGORAČ", "Rbr BM": 4, "Naziv BM": "RAZBOJIŠTE", "Lokacija BM": "VATROGASNI DOM", "Adresa BM": "RAZBOJIŠTE", "Glasovalo birača": 108, "Glasovalo birača (po listićima)": 108, "Važeći listići": 107, "Nevažeći listići": 1 }, "latitude": 45.4411293, "longitude": 18.2463646, "population": 194 }, "geometry": { "type": "MultiPolygon", "coordinates": [ [ [ [ 18.242205175547124, 45.466339143866378 ], [ 18.268372916535725, 45.453738178866395 ], [ 18.260658088372917, 45.433048424808838 ], [ 18.224054512573868, 45.436788363273699 ], [ 18.242205175547124, 45.466339143866378 ] ] ] ] } },
{ "type": "Feature", "properties": { "BM": 2468, "data": { "Oznaka Gr/Op/Dr": "općina", "Grad/općina/država": "DRENJE", "Rbr BM": 9, "Naziv BM": "PRESLATINCI", "Lokacija BM": "DVD PRESLATINCI", "Adresa BM": "K. TOMISLAVA 18", "Glasovalo birača": 45, "Glasovalo birača (po listićima)": 45, "Važeći listići": 41, "Nevažeći listići": 4 }, "latitude": 45.3976795, "longitude": 18.2416931, "population": 106 }, "geometry": { "type": "MultiPolygon", "coordinates": [ [ [ [ 18.235632915341771, 45.413700881514252 ], [ 18.258764606307281, 45.411160532360611 ], [ 18.261653626377061, 45.401792564751304 ], [ 18.262777286933694, 45.395506942086371 ], [ 18.257028798904365, 45.383701477754066 ], [ 18.244606699262611, 45.383304284435489 ], [ 18.235632915341771, 45.413700881514252 ] ] ] ] } },
{ "type": "Feature", "properties": { "BM": 2606, "data": { "Oznaka Gr/Op/Dr": "općina", "Grad/općina/država": "MARIJANCI", "Rbr BM": 3, "Naziv BM": "ČAMAGAJEVCI", "Lokacija BM": "HRVATSKI DOM", "Adresa BM": "GLAVNA 101", "Glasovalo birača": 84, "Glasovalo birača (po listićima)": 84, "Važeći listići": 84, "Nevažeći listići": 0 }, "latitude": 45.6886438, "longitude": 18.2516511, "population": 164 }, "geometry": { "type": "MultiPolygon", "coordinates": [ [ [ [ 18.22339819160414, 45.683996761833455 ], [ 18.227506646394634, 45.710744243568151 ], [ 18.264214912804913, 45.717738109131318 ], [ 18.275907351038967, 45.692065226684988 ], [ 18.262886092082905, 45.669285934752892 ], [ 18.231415508321735, 45.675864279887975 ], [ 18.22339819160414, 45.683996761833455 ] ] ] ] } },
{ "type": "Feature", "properties": { "BM": 2608, "data": { "Oznaka Gr/Op/Dr": "općina", "Grad/općina/država": "MARIJANCI", "Rbr BM": 5, "Naziv BM": "KUNIŠINCI", "Lokacija BM": "VATROGASNI DOM", "Adresa BM": "KRALJA ZVONIMIRA 61", "Glasovalo birača": 137, "Glasovalo birača (po listićima)": 137, "Važeći listići": 132, "Nevažeći listići": 5 }, "latitude": 45.6694277, "longitude": 18.2852676, "population": 223 }, "geometry": { "type": "MultiPolygon", "coordinates": [ [ [ [ 18.295811093932862, 45.687361697093664 ], [ 18.275720968376195, 45.630498964497455 ], [ 18.262886092082905, 45.669285934752892 ], [ 18.275907351038967, 45.692065226684988 ], [ 18.295811093932862, 45.687361697093664 ] ] ] ] } },
{ "type": "Feature", "properties": { "BM": 2604, "data": { "Oznaka Gr/Op/Dr": "općina", "Grad/općina/država": "MARIJANCI", "Rbr BM": 1, "Naziv BM": "ČRNKOVCI", "Lokacija BM": "OSNOVNA ŠKOLA \"HRVATSKI SOKOL\", PODRUČNA ŠKOLA", "Adresa BM": "KARDINALA ALOJZIJA STEPINCA 51", "Glasovalo birača": 340, "Glasovalo birača (po listićima)": 340, "Važeći listići": 318, "Nevažeći listići": 22 }, "latitude": 45.7081182, "longitude": 18.2944107, "population": 566 }, "geometry": { "type": "MultiPolygon", "coordinates": [ [ [ [ 18.290938, 45.7605369 ], [ 18.2919494, 45.7607774 ], [ 18.2928174, 45.7608854 ], [ 18.2938441, 45.760928 ], [ 18.295394, 45.7608973 ], [ 18.2964138, 45.7608096 ], [ 18.2973831, 45.7606161 ], [ 18.2982999, 45.760385 ], [ 18.2992193, 45.7600828 ], [ 18.3002776, 45.7596678 ], [ 18.3011015, 45.7593056 ], [ 18.3019045, 45.758973 ], [ 18.3025637, 45.7586299 ], [ 18.3033224, 45.7581709 ], [ 18.3042012, 45.7575442 ], [ 18.3053572, 45.7575781 ], [ 18.3063426, 45.7573881 ], [ 18.3074223, 45.7570842 ], [ 18.3085294, 45.7567199 ], [ 18.3095105, 45.7565116 ], [ 18.3117523, 45.7562267 ], [ 18.3124084, 45.7561715 ], [ 18.3137231, 45.7562369 ], [ 18.31431134140653, 45.756307224351069 ], [ 18.315969039129406, 45.753952031040086 ], [ 18.309174324061495, 45.703402352314157 ], [ 18.301914691441826, 45.687116215329503 ], [ 18.295811093932862, 45.687361697093664 ], [ 18.275907351038967, 45.692065226684988 ], [ 18.264214912804913, 45.717738109131318 ], [ 18.29015463403687, 45.760283566580213 ], [ 18.290938, 45.7605369 ] ] ] ] } },
{ "type": "Feature", "properties": { "BM": 2464, "data": { "Oznaka Gr/Op/Dr": "općina", "Grad/općina/država": "DRENJE", "Rbr BM": 5, "Naziv BM": "PALJEVINA", "Lokacija BM": "MJESNI DOM", "Adresa BM": "VLADIMIRA  NAZORA 52", "Glasovalo birača": 63, "Glasovalo birača (po listićima)": 63, "Važeći listići": 61, "Nevažeći listići": 2 }, "latitude": 45.4096361, "longitude": 18.2804637, "population": 125 }, "geometry": { "type": "MultiPolygon", "coordinates": [ [ [ [ 18.261578190682354, 45.416582646715511 ], [ 18.299775093417214, 45.423612945612383 ], [ 18.281172745767343, 45.40725398687016 ], [ 18.261653626377061, 45.401792564751304 ], [ 18.258764606307281, 45.411160532360611 ], [ 18.261578190682354, 45.416582646715511 ] ] ] ] } },
{ "type": "Feature", "properties": { "BM": 2678, "data": { "Oznaka Gr/Op/Dr": "općina", "Grad/općina/država": "PODGORAČ", "Rbr BM": 8, "Naziv BM": "BIJELA LOZA", "Lokacija BM": "DRUŠTVENI DOM", "Adresa BM": "BIJELA LOZA", "Glasovalo birača": 36, "Glasovalo birača (po listićima)": 36, "Važeći listići": 35, "Nevažeći listići": 1 }, "latitude": 45.4788063, "longitude": 18.2645078, "population": 90 }, "geometry": { "type": "MultiPolygon", "coordinates": [ [ [ [ 18.226868420338924, 45.501849889048259 ], [ 18.241982540027603, 45.520508508074151 ], [ 18.249424308193316, 45.518352864415164 ], [ 18.295628819065609, 45.476929521959541 ], [ 18.290325890801963, 45.459223264421261 ], [ 18.268372916535725, 45.453738178866395 ], [ 18.242205175547124, 45.466339143866378 ], [ 18.226868420338924, 45.501849889048259 ] ] ] ] } },
{ "type": "Feature", "properties": { "BM": 2463, "data": { "Oznaka Gr/Op/Dr": "općina", "Grad/općina/država": "DRENJE", "Rbr BM": 4, "Naziv BM": "BRAČEVCI", "Lokacija BM": "MJESNI ODBOR", "Adresa BM": "ULICA VUKOVARSKA 4", "Glasovalo birača": 58, "Glasovalo birača (po listićima)": 58, "Važeći listići": 53, "Nevažeći listići": 5 }, "latitude": 45.4297981, "longitude": 18.2767528, "population": 128 }, "geometry": { "type": "MultiPolygon", "coordinates": [ [ [ [ 18.260658088372917, 45.433048424808838 ], [ 18.268372916535725, 45.453738178866395 ], [ 18.290325890801963, 45.459223264421261 ], [ 18.312370342083156, 45.427191701569363 ], [ 18.299775093417214, 45.423612945612383 ], [ 18.261578190682354, 45.416582646715511 ], [ 18.260658088372917, 45.433048424808838 ] ] ] ] } },
{ "type": "Feature", "properties": { "BM": 2748, "data": { "Oznaka Gr/Op/Dr": "općina", "Grad/općina/država": "TRNAVA", "Rbr BM": 4, "Naziv BM": "KONDRIĆ", "Lokacija BM": "DOM KULTURE", "Adresa BM": "KONDRIĆ BB", "Glasovalo birača": 91, "Glasovalo birača (po listićima)": 91, "Važeći listići": 91, "Nevažeći listići": 0 }, "latitude": 45.2884401, "longitude": 18.2801065, "population": 168 }, "geometry": { "type": "MultiPolygon", "coordinates": [ [ [ [ 18.264756380612884, 45.330190298887992 ], [ 18.312625674641048, 45.297818323117703 ], [ 18.313306705052277, 45.295503575429798 ], [ 18.274266837968135, 45.268260611799022 ], [ 18.257224728874458, 45.283055556784433 ], [ 18.264051499583122, 45.329861347914246 ], [ 18.264756380612884, 45.330190298887992 ] ] ] ] } },
{ "type": "Feature", "properties": { "BM": 2565, "data": { "Oznaka Gr/Op/Dr": "općina", "Grad/općina/država": "KOŠKA", "Rbr BM": 2, "Naziv BM": "KOŠKA", "Lokacija BM": "OSNOVNA ŠKOLA \"IVANE BRLIĆ MAŽURANIĆ\"", "Adresa BM": "TRG DR. FRANJE TUĐMANA 5", "Glasovalo birača": 337, "Glasovalo birača (po listićima)": 337, "Važeći listići": 327, "Nevažeći listići": 10 }, "latitude": 45.5449403, "longitude": 18.2845607, "population": 572 }, "geometry": { "type": "MultiPolygon", "coordinates": [ [ [ [ 18.258653434486433, 45.598333291061394 ], [ 18.275535780496956, 45.604368952852134 ], [ 18.292225996691574, 45.585810270967293 ], [ 18.292273059636834, 45.573946316332176 ], [ 18.287658178124495, 45.542085011307627 ], [ 18.287175693212504, 45.541019849046307 ], [ 18.243154989724367, 45.585952861500409 ], [ 18.258653434486433, 45.598333291061394 ] ] ] ] } },
{ "type": "Feature", "properties": { "BM": 2461, "data": { "Oznaka Gr/Op/Dr": "općina", "Grad/općina/država": "DRENJE", "Rbr BM": 2, "Naziv BM": "PODGORJE BRAČEVAČKO", "Lokacija BM": "MJESNI DOM", "Adresa BM": "BOROVIČKA ULICA 102", "Glasovalo birača": 23, "Glasovalo birača (po listićima)": 23, "Važeći listići": 22, "Nevažeći listići": 1 }, "latitude": 45.3802489, "longitude": 18.2774897, "population": 53 }, "geometry": { "type": "MultiPolygon", "coordinates": [ [ [ [ 18.262777286933694, 45.395506942086371 ], [ 18.265157691815663, 45.395089593032601 ], [ 18.278059642094576, 45.39264176535292 ], [ 18.280965969542489, 45.347807607413856 ], [ 18.270980257182078, 45.341309180514635 ], [ 18.257028798904365, 45.383701477754066 ], [ 18.262777286933694, 45.395506942086371 ] ] ] ] } },
{ "type": "Feature", "properties": { "BM": 2467, "data": { "Oznaka Gr/Op/Dr": "općina", "Grad/općina/država": "DRENJE", "Rbr BM": 8, "Naziv BM": "KUĆANCI ĐAKOVAČKI", "Lokacija BM": "PROSTORIJE PODRUČNE ŠKOLE KUĆANCI ĐAKOVAČKI", "Adresa BM": "BRAĆE RADIĆA 28", "Glasovalo birača": 63, "Glasovalo birača (po listićima)": 63, "Važeći listići": 59, "Nevažeći listići": 4 }, "latitude": 45.4048498, "longitude": 18.2818029, "population": 113 }, "geometry": { "type": "MultiPolygon", "coordinates": [ [ [ [ 18.282934290334314, 45.405183020976821 ], [ 18.265157691815663, 45.395089593032601 ], [ 18.262777286933694, 45.395506942086371 ], [ 18.261653626377061, 45.401792564751304 ], [ 18.281172745767343, 45.40725398687016 ], [ 18.282934290334314, 45.405183020976821 ] ] ] ] } },
{ "type": "Feature", "properties": { "BM": 2470, "data": { "Oznaka Gr/Op/Dr": "općina", "Grad/općina/država": "DRENJE", "Rbr BM": 11, "Naziv BM": "PRIDVORJE", "Lokacija BM": "PROSTORIJE PODRUČNE ŠKOLE PRIDVORJE", "Adresa BM": "BRAĆE RADIĆA 17", "Glasovalo birača": 50, "Glasovalo birača (po listićima)": 50, "Važeći listići": 43, "Nevažeći listići": 7 }, "latitude": 45.4062463, "longitude": 18.2834447, "population": 125 }, "geometry": { "type": "MultiPolygon", "coordinates": [ [ [ [ 18.281172745767343, 45.40725398687016 ], [ 18.299775093417214, 45.423612945612383 ], [ 18.312370342083156, 45.427191701569363 ], [ 18.329229231142651, 45.415203257428345 ], [ 18.326776222712667, 45.387731815935553 ], [ 18.302464316353785, 45.390763636388805 ], [ 18.282934290334314, 45.405183020976821 ], [ 18.281172745767343, 45.40725398687016 ] ] ] ] } },
{ "type": "Feature", "properties": { "BM": 2466, "data": { "Oznaka Gr/Op/Dr": "općina", "Grad/općina/država": "DRENJE", "Rbr BM": 7, "Naziv BM": "DRENJE", "Lokacija BM": "ZGRADA OPĆINE DRENJE", "Adresa BM": "LJUDEVITA GAJA 25", "Glasovalo birača": 246, "Glasovalo birača (po listićima)": 246, "Važeći listići": 237, "Nevažeći listići": 9 }, "latitude": 45.3804262, "longitude": 18.2802248, "population": 419 }, "geometry": { "type": "MultiPolygon", "coordinates": [ [ [ [ 18.278059642094576, 45.39264176535292 ], [ 18.302464316353785, 45.390763636388805 ], [ 18.326776222712667, 45.387731815935553 ], [ 18.328711343262782, 45.377706297857266 ], [ 18.32818150270673, 45.375783866368636 ], [ 18.280965969542489, 45.347807607413856 ], [ 18.278059642094576, 45.39264176535292 ] ] ] ] } },
{ "type": "Feature", "properties": { "BM": 2695, "data": { "Oznaka Gr/Op/Dr": "općina", "Grad/općina/država": "SATNICA ĐAKOVAČKA", "Rbr BM": 3, "Naziv BM": "GAŠINCI", "Lokacija BM": "OSNOVNA ŠKOLA SATNICA ĐAKOVAČKA PODRUČNA ŠKOLA GAŠINCI, UČIONICA 1.", "Adresa BM": "STJEPANA RADIĆA 62", "Glasovalo birača": 297, "Glasovalo birača (po listićima)": 297, "Važeći listići": 292, "Nevažeći listići": 5 }, "latitude": 45.331491, "longitude": 18.30922, "population": 540 }, "geometry": { "type": "MultiPolygon", "coordinates": [ [ [ [ 18.270980257182078, 45.341309180514635 ], [ 18.280965969542489, 45.347807607413856 ], [ 18.32818150270673, 45.375783866368636 ], [ 18.34141542044793, 45.340886861415186 ], [ 18.312625674641048, 45.297818323117703 ], [ 18.264756380612884, 45.330190298887992 ], [ 18.270980257182078, 45.341309180514635 ] ] ] ] } },
{ "type": "Feature", "properties": { "BM": 2465, "data": { "Oznaka Gr/Op/Dr": "općina", "Grad/općina/država": "DRENJE", "Rbr BM": 6, "Naziv BM": "POTNJANI", "Lokacija BM": "MJESNI DOM", "Adresa BM": "BRAĆE RADIĆA 39", "Glasovalo birača": 188, "Glasovalo birača (po listićima)": 188, "Važeći listići": 183, "Nevažeći listići": 5 }, "latitude": 45.4043822, "longitude": 18.2820684, "population": 344 }, "geometry": { "type": "MultiPolygon", "coordinates": [ [ [ [ 18.265157691815663, 45.395089593032601 ], [ 18.282934290334314, 45.405183020976821 ], [ 18.302464316353785, 45.390763636388805 ], [ 18.278059642094576, 45.39264176535292 ], [ 18.265157691815663, 45.395089593032601 ] ] ] ] } },
{ "type": "Feature", "properties": { "BM": 2573, "data": { "Oznaka Gr/Op/Dr": "općina", "Grad/općina/država": "KOŠKA", "Rbr BM": 10, "Naziv BM": "BRANIMIROVAC", "Lokacija BM": "DRUŠTVENI DOM", "Adresa BM": "BANA JELAČIĆA 3", "Glasovalo birača": 17, "Glasovalo birača (po listićima)": 17, "Važeći listići": 17, "Nevažeći listići": 0 }, "latitude": 45.5076616, "longitude": 18.2903772, "population": 58 }, "geometry": { "type": "MultiPolygon", "coordinates": [ [ [ [ 18.28327964526331, 45.524989536289212 ], [ 18.292205101603095, 45.524603366569153 ], [ 18.29618049617719, 45.523929754093196 ], [ 18.337365961926881, 45.5130361457419 ], [ 18.340321209671711, 45.508109107270357 ], [ 18.295628819065609, 45.476929521959541 ], [ 18.249424308193316, 45.518352864415164 ], [ 18.28327964526331, 45.524989536289212 ] ] ] ] } },
{ "type": "Feature", "properties": { "BM": 2679, "data": { "Oznaka Gr/Op/Dr": "općina", "Grad/općina/država": "PODGORAČ", "Rbr BM": 9, "Naziv BM": "BUDIMCI", "Lokacija BM": "OSNOVNA ŠKOLA HINKA JUHNA", "Adresa BM": "BUDIMCI", "Glasovalo birača": 198, "Glasovalo birača (po listićima)": 197, "Važeći listići": 186, "Nevažeći listići": 11 }, "latitude": 45.4613906, "longitude": 18.3226581, "population": 433 }, "geometry": { "type": "MultiPolygon", "coordinates": [ [ [ [ 18.290325890801963, 45.459223264421261 ], [ 18.295628819065609, 45.476929521959541 ], [ 18.340321209671711, 45.508109107270357 ], [ 18.351044294260365, 45.503186911048331 ], [ 18.370493054906145, 45.44999826686292 ], [ 18.36970168617848, 45.447294503305585 ], [ 18.329229231142651, 45.415203257428345 ], [ 18.312370342083156, 45.427191701569363 ], [ 18.290325890801963, 45.459223264421261 ] ] ] ] } },
{ "type": "Feature", "properties": { "BM": 2749, "data": { "Oznaka Gr/Op/Dr": "općina", "Grad/općina/država": "TRNAVA", "Rbr BM": 5, "Naziv BM": "SVETOBLAŽJE", "Lokacija BM": "DOM KULTURE", "Adresa BM": "SVETOBLAŽJE BB", "Glasovalo birača": 23, "Glasovalo birača (po listićima)": 23, "Važeći listići": 22, "Nevažeći listići": 1 }, "latitude": 45.2667792, "longitude": 18.295222, "population": 59 }, "geometry": { "type": "MultiPolygon", "coordinates": [ [ [ [ 18.274266837968135, 45.268260611799022 ], [ 18.313306705052277, 45.295503575429798 ], [ 18.319492314327722, 45.287944097783402 ], [ 18.290525878679244, 45.226786630761389 ], [ 18.281684783834113, 45.226554952875702 ], [ 18.274266837968135, 45.268260611799022 ] ] ] ] } },
{ "type": "Feature", "properties": { "BM": 2570, "data": { "Oznaka Gr/Op/Dr": "općina", "Grad/općina/država": "KOŠKA", "Rbr BM": 7, "Naziv BM": "LUG SUBOTIČKI", "Lokacija BM": "DRUŠTVENI DOM", "Adresa BM": "BRAĆE RADIĆA 41", "Glasovalo birača": 135, "Glasovalo birača (po listićima)": 135, "Važeći listići": 135, "Nevažeći listići": 0 }, "latitude": 45.5416397, "longitude": 18.2918473, "population": 224 }, "geometry": { "type": "MultiPolygon", "coordinates": [ [ [ [ 18.28327964526331, 45.524989536289212 ], [ 18.287175693212504, 45.541019849046307 ], [ 18.287658178124495, 45.542085011307627 ], [ 18.294142550613543, 45.543235337411389 ], [ 18.292205101603095, 45.524603366569153 ], [ 18.28327964526331, 45.524989536289212 ] ] ] ] } },
{ "type": "Feature", "properties": { "BM": 2572, "data": { "Oznaka Gr/Op/Dr": "općina", "Grad/općina/država": "KOŠKA", "Rbr BM": 9, "Naziv BM": "ANDRIJEVAC", "Lokacija BM": "DRUŠTVENI DOM", "Adresa BM": "BRAĆE RADIĆA 2", "Glasovalo birača": 37, "Glasovalo birača (po listićima)": 37, "Važeći listići": 36, "Nevažeći listići": 1 }, "latitude": 45.5439441, "longitude": 18.2914385, "population": 83 }, "geometry": { "type": "MultiPolygon", "coordinates": [ [ [ [ 18.294142550613543, 45.543235337411389 ], [ 18.287658178124495, 45.542085011307627 ], [ 18.292273059636834, 45.573946316332176 ], [ 18.295666486539954, 45.545803607040661 ], [ 18.294142550613543, 45.543235337411389 ] ] ] ] } },
{ "type": "Feature", "properties": { "BM": 2569, "data": { "Oznaka Gr/Op/Dr": "općina", "Grad/općina/država": "KOŠKA", "Rbr BM": 6, "Naziv BM": "TOPOLINE", "Lokacija BM": "DRUŠTVENI DOM", "Adresa BM": "KOLODVORSKA 28", "Glasovalo birača": 76, "Glasovalo birača (po listićima)": 76, "Važeći listići": 73, "Nevažeći listići": 3 }, "latitude": 45.5412016, "longitude": 18.2960604, "population": 108 }, "geometry": { "type": "MultiPolygon", "coordinates": [ [ [ [ 18.295666486539954, 45.545803607040661 ], [ 18.297819636768434, 45.543449859439022 ], [ 18.29618049617719, 45.523929754093196 ], [ 18.292205101603095, 45.524603366569153 ], [ 18.294142550613543, 45.543235337411389 ], [ 18.295666486539954, 45.545803607040661 ] ] ] ] } },
{ "type": "Feature", "properties": { "BM": 2607, "data": { "Oznaka Gr/Op/Dr": "općina", "Grad/općina/država": "MARIJANCI", "Rbr BM": 4, "Naziv BM": "MARIJANCI", "Lokacija BM": "MJESNI DOM", "Adresa BM": "TRG SVETOG PETRA I PAVLA 4", "Glasovalo birača": 392, "Glasovalo birača (po listićima)": 392, "Važeći listići": 382, "Nevažeći listići": 10 }, "latitude": 45.6667847, "longitude": 18.2927483, "population": 619 }, "geometry": { "type": "MultiPolygon", "coordinates": [ [ [ [ 18.275720968376195, 45.630498964497455 ], [ 18.295811093932862, 45.687361697093664 ], [ 18.301914691441826, 45.687116215329503 ], [ 18.323457200213895, 45.664816012213848 ], [ 18.310269814196158, 45.626397519469805 ], [ 18.280191462727835, 45.610547996248719 ], [ 18.275720968376195, 45.630498964497455 ] ] ] ] } },
{ "type": "Feature", "properties": { "BM": 2567, "data": { "Oznaka Gr/Op/Dr": "općina", "Grad/općina/država": "KOŠKA", "Rbr BM": 4, "Naziv BM": "NIZA", "Lokacija BM": "PODRUČNA ŠKOLA", "Adresa BM": "KOLODVORSKA 52", "Glasovalo birača": 218, "Glasovalo birača (po listićima)": 218, "Važeći listići": 213, "Nevažeći listići": 5 }, "latitude": 45.5409397, "longitude": 18.2991793, "population": 331 }, "geometry": { "type": "MultiPolygon", "coordinates": [ [ [ [ 18.29618049617719, 45.523929754093196 ], [ 18.297819636768434, 45.543449859439022 ], [ 18.33376663670677, 45.534283272702069 ], [ 18.337365961926881, 45.5130361457419 ], [ 18.29618049617719, 45.523929754093196 ] ] ] ] } },
{ "type": "Feature", "properties": { "BM": 2564, "data": { "Oznaka Gr/Op/Dr": "općina", "Grad/općina/država": "KOŠKA", "Rbr BM": 1, "Naziv BM": "KOŠKA", "Lokacija BM": "ŠUMARIJA KOŠKA", "Adresa BM": "UL. NIKOLE ŠUBIĆA ZRINSKOG 65", "Glasovalo birača": 416, "Glasovalo birača (po listićima)": 416, "Važeći listići": 411, "Nevažeći listići": 5 }, "latitude": 45.5450024, "longitude": 18.3002153, "population": 670 }, "geometry": { "type": "MultiPolygon", "coordinates": [ [ [ [ 18.292225996691574, 45.585810270967293 ], [ 18.331396071138801, 45.556095378911088 ], [ 18.33376663670677, 45.534283272702069 ], [ 18.297819636768434, 45.543449859439022 ], [ 18.295666486539954, 45.545803607040661 ], [ 18.292273059636834, 45.573946316332176 ], [ 18.292225996691574, 45.585810270967293 ] ] ] ] } },
{ "type": "Feature", "properties": { "BM": 2353, "data": { "Oznaka Gr/Op/Dr": "grad", "Grad/općina/država": "VALPOVO", "Rbr BM": 15, "Naziv BM": "HARKANOVCI", "Lokacija BM": "OSNOVNA ŠKOLA HARKANOVCI", "Adresa BM": "ŠKOLSKA 6", "Glasovalo birača": 213, "Glasovalo birača (po listićima)": 213, "Važeći listići": 205, "Nevažeći listići": 8 }, "latitude": 45.5891119, "longitude": 18.3336773, "population": 341 }, "geometry": { "type": "MultiPolygon", "coordinates": [ [ [ [ 18.280191462727835, 45.610547996248719 ], [ 18.310269814196158, 45.626397519469805 ], [ 18.335105379408279, 45.619922986509792 ], [ 18.364460609394008, 45.583288289690621 ], [ 18.331396071138801, 45.556095378911088 ], [ 18.292225996691574, 45.585810270967293 ], [ 18.275535780496956, 45.604368952852134 ], [ 18.280191462727835, 45.610547996248719 ] ] ] ] } },
{ "type": "Feature", "properties": { "BM": 2048, "data": { "Oznaka Gr/Op/Dr": "grad", "Grad/općina/država": "BELIŠĆE", "Rbr BM": 10, "Naziv BM": "GAT", "Lokacija BM": "DRUŠTVENI DOM", "Adresa BM": "KOLODVORSKA ULICA 47", "Glasovalo birača": 310, "Glasovalo birača (po listićima)": 310, "Važeći listići": 304, "Nevažeći listići": 6 }, "latitude": 45.7040523, "longitude": 18.3246592, "population": 529 }, "geometry": { "type": "MultiPolygon", "coordinates": [ [ [ [ 18.315969039129406, 45.753952031040086 ], [ 18.361309581486449, 45.719379834706665 ], [ 18.360531237965152, 45.710775906562631 ], [ 18.359361726326561, 45.70220388846846 ], [ 18.350375856432702, 45.693155550604793 ], [ 18.309174324061495, 45.703402352314157 ], [ 18.315969039129406, 45.753952031040086 ] ] ] ] } },
{ "type": "Feature", "properties": { "BM": 2519, "data": { "Oznaka Gr/Op/Dr": "općina", "Grad/općina/država": "GORJANI", "Rbr BM": 1, "Naziv BM": "GORJANI", "Lokacija BM": "OPĆINA GORJANI", "Adresa BM": "KULA 1", "Glasovalo birača": 423, "Glasovalo birača (po listićima)": 423, "Važeći listići": 406, "Nevažeći listići": 17 }, "latitude": 45.3982762, "longitude": 18.3727025, "population": 737 }, "geometry": { "type": "MultiPolygon", "coordinates": [ [ [ [ 18.326776222712667, 45.387731815935553 ], [ 18.329229231142651, 45.415203257428345 ], [ 18.36970168617848, 45.447294503305585 ], [ 18.407140838245528, 45.400691984318506 ], [ 18.387673895349572, 45.377012117497323 ], [ 18.381006152199515, 45.376544066886886 ], [ 18.328711343262782, 45.377706297857266 ], [ 18.326776222712667, 45.387731815935553 ] ] ] ] } },
{ "type": "Feature", "properties": { "BM": 2520, "data": { "Oznaka Gr/Op/Dr": "općina", "Grad/općina/država": "GORJANI", "Rbr BM": 2, "Naziv BM": "TOMAŠANCI", "Lokacija BM": "SPOMEN DOM DAMIRA BRANDISA", "Adresa BM": "KRALJA TOMISLAVA 13A", "Glasovalo birača": 284, "Glasovalo birača (po listićima)": 284, "Važeći listići": 277, "Nevažeći listići": 7 }, "latitude": 45.3552023, "longitude": 18.3717452, "population": 426 }, "geometry": { "type": "MultiPolygon", "coordinates": [ [ [ [ 18.328711343262782, 45.377706297857266 ], [ 18.381006152199515, 45.376544066886886 ], [ 18.372554837997235, 45.350792616119108 ], [ 18.353965635828285, 45.333854825410548 ], [ 18.34141542044793, 45.340886861415186 ], [ 18.32818150270673, 45.375783866368636 ], [ 18.328711343262782, 45.377706297857266 ] ] ] ] } },
{ "type": "Feature", "properties": { "BM": 2750, "data": { "Oznaka Gr/Op/Dr": "općina", "Grad/općina/država": "TRNAVA", "Rbr BM": 6, "Naziv BM": "DRAGOTIN", "Lokacija BM": "DOM KULTURE", "Adresa BM": "DRAGOTIN 21A", "Glasovalo birača": 89, "Glasovalo birača (po listićima)": 89, "Važeći listići": 87, "Nevažeći listići": 2 }, "latitude": 45.2557571, "longitude": 18.3184932, "population": 183 }, "geometry": { "type": "MultiPolygon", "coordinates": [ [ [ [ 18.319492314327722, 45.287944097783402 ], [ 18.335118996231959, 45.279933084796923 ], [ 18.330340499409747, 45.234861392672506 ], [ 18.312340310830738, 45.220056620687309 ], [ 18.290525878679244, 45.226786630761389 ], [ 18.319492314327722, 45.287944097783402 ] ] ] ] } },
{ "type": "Feature", "properties": { "BM": 2568, "data": { "Oznaka Gr/Op/Dr": "općina", "Grad/općina/država": "KOŠKA", "Rbr BM": 5, "Naziv BM": "NORMANCI", "Lokacija BM": "DRUŠTVENI DOM", "Adresa BM": "ALOJZIJA STEPINCA BB", "Glasovalo birača": 113, "Glasovalo birača (po listićima)": 113, "Važeći listići": 109, "Nevažeći listići": 4 }, "latitude": 45.5519598, "longitude": 18.3642319, "population": 230 }, "geometry": { "type": "MultiPolygon", "coordinates": [ [ [ [ 18.331396071138801, 45.556095378911088 ], [ 18.364460609394008, 45.583288289690621 ], [ 18.379392866262602, 45.582989124888499 ], [ 18.396656041066834, 45.547166404613392 ], [ 18.393905980928722, 45.527547028175199 ], [ 18.351044294260365, 45.503186911048331 ], [ 18.340321209671711, 45.508109107270357 ], [ 18.337365961926881, 45.5130361457419 ], [ 18.33376663670677, 45.534283272702069 ], [ 18.331396071138801, 45.556095378911088 ] ] ] ] } },
{ "type": "Feature", "properties": { "BM": 2053, "data": { "Oznaka Gr/Op/Dr": "grad", "Grad/općina/država": "BELIŠĆE", "Rbr BM": 15, "Naziv BM": "VINOGRADCI", "Lokacija BM": "OSNOVNA ŠKOLA", "Adresa BM": "KRALJA TOMISLAVA 28", "Glasovalo birača": 99, "Glasovalo birača (po listićima)": 99, "Važeći listići": 98, "Nevažeći listići": 1 }, "latitude": 45.6955746, "longitude": 18.3225508, "population": 191 }, "geometry": { "type": "MultiPolygon", "coordinates": [ [ [ [ 18.301914691441826, 45.687116215329503 ], [ 18.309174324061495, 45.703402352314157 ], [ 18.350375856432702, 45.693155550604793 ], [ 18.334170139681962, 45.670689174751651 ], [ 18.323457200213895, 45.664816012213848 ], [ 18.301914691441826, 45.687116215329503 ] ] ] ] } },
{ "type": "Feature", "properties": { "BM": 2094, "data": { "Oznaka Gr/Op/Dr": "grad", "Grad/općina/država": "ĐAKOVO", "Rbr BM": 27, "Naziv BM": "SELCI ĐAKOVAČKI", "Lokacija BM": "OSNOVNA ŠKOLA ĐAKOVAČKI SELCI, UČIONICA 2", "Adresa BM": "SELCI ĐAKOVAČKI", "Glasovalo birača": 287, "Glasovalo birača (po listićima)": 287, "Važeći listići": 280, "Nevažeći listići": 7 }, "latitude": 45.3075451, "longitude": 18.3450423, "population": 620 }, "geometry": { "type": "MultiPolygon", "coordinates": [ [ [ [ 18.312625674641048, 45.297818323117703 ], [ 18.34141542044793, 45.340886861415186 ], [ 18.353965635828285, 45.333854825410548 ], [ 18.371769932360625, 45.32037288579599 ], [ 18.376604880794446, 45.302787006585866 ], [ 18.376793828838217, 45.285788265073926 ], [ 18.371907439577612, 45.280782348216377 ], [ 18.335118996231959, 45.279933084796923 ], [ 18.319492314327722, 45.287944097783402 ], [ 18.313306705052277, 45.295503575429798 ], [ 18.312625674641048, 45.297818323117703 ] ] ] ] } },
{ "type": "Feature", "properties": { "BM": 2049, "data": { "Oznaka Gr/Op/Dr": "grad", "Grad/općina/država": "BELIŠĆE", "Rbr BM": 11, "Naziv BM": "GORICA VALPOVAČKA", "Lokacija BM": "DRUŠTVENI DOM", "Adresa BM": "STJEPANA RADIĆA 44", "Glasovalo birača": 61, "Glasovalo birača (po listićima)": 61, "Važeći listići": 59, "Nevažeći listići": 2 }, "latitude": 45.6475098, "longitude": 18.3489014, "population": 122 }, "geometry": { "type": "MultiPolygon", "coordinates": [ [ [ [ 18.323457200213895, 45.664816012213848 ], [ 18.334170139681962, 45.670689174751651 ], [ 18.379462080795061, 45.642277906770225 ], [ 18.335105379408279, 45.619922986509792 ], [ 18.310269814196158, 45.626397519469805 ], [ 18.323457200213895, 45.664816012213848 ] ] ] ] } },
{ "type": "Feature", "properties": { "BM": 2605, "data": { "Oznaka Gr/Op/Dr": "općina", "Grad/općina/država": "MARIJANCI", "Rbr BM": 2, "Naziv BM": "BOČKINCI", "Lokacija BM": "MJESNI DOM", "Adresa BM": "MATIJE GUPCA 25", "Glasovalo birača": 105, "Glasovalo birača (po listićima)": 105, "Važeći listići": 102, "Nevažeći listići": 3 }, "latitude": 45.667515, "longitude": 18.3614505, "population": 149 }, "geometry": { "type": "MultiPolygon", "coordinates": [ [ [ [ 18.359361726326561, 45.70220388846846 ], [ 18.381461292702838, 45.676308775080443 ], [ 18.387242991799319, 45.660474509067335 ], [ 18.386822981343226, 45.656206341757489 ], [ 18.384436807801428, 45.642657388801297 ], [ 18.379462080795061, 45.642277906770225 ], [ 18.334170139681962, 45.670689174751651 ], [ 18.350375856432702, 45.693155550604793 ], [ 18.359361726326561, 45.70220388846846 ] ] ] ] } },
{ "type": "Feature", "properties": { "BM": 2102, "data": { "Oznaka Gr/Op/Dr": "grad", "Grad/općina/država": "ĐAKOVO", "Rbr BM": 35, "Naziv BM": "PIŠKOREVCI", "Lokacija BM": "OSNOVNA ŠKOLA MATIJA GUBEC, UČIONICA 2", "Adresa BM": "PIŠKOREVCI", "Glasovalo birača": 363, "Glasovalo birača (po listićima)": 363, "Važeći listići": 356, "Nevažeći listići": 7 }, "latitude": 45.2545717, "longitude": 18.3993115, "population": 751 }, "geometry": { "type": "MultiPolygon", "coordinates": [ [ [ [ 18.3733392340088, 45.237741956393286 ], [ 18.371907439577612, 45.280782348216377 ], [ 18.376793828838217, 45.285788265073926 ], [ 18.378060730096905, 45.285581911926506 ], [ 18.416057939393827, 45.276704819193121 ], [ 18.425487388248595, 45.251795463788575 ], [ 18.42535799285546, 45.251662767398813 ], [ 18.400248714165784, 45.232989498826839 ], [ 18.37959038729376, 45.228771165939747 ], [ 18.3733392340088, 45.237741956393286 ] ] ] ] } },
{ "type": "Feature", "properties": { "BM": 2352, "data": { "Oznaka Gr/Op/Dr": "grad", "Grad/općina/država": "VALPOVO", "Rbr BM": 14, "Naziv BM": "ZELČIN", "Lokacija BM": "DRUŠTVENI DOM ZELČIN", "Adresa BM": "OSLOBOĐENJA 9", "Glasovalo birača": 184, "Glasovalo birača (po listićima)": 184, "Važeći listići": 180, "Nevažeći listići": 4 }, "latitude": 45.6146008, "longitude": 18.3654869, "population": 265 }, "geometry": { "type": "MultiPolygon", "coordinates": [ [ [ [ 18.335105379408279, 45.619922986509792 ], [ 18.379462080795061, 45.642277906770225 ], [ 18.384436807801428, 45.642657388801297 ], [ 18.406304636878573, 45.618039021043636 ], [ 18.407227902366444, 45.616902738044679 ], [ 18.379392866262602, 45.582989124888499 ], [ 18.364460609394008, 45.583288289690621 ], [ 18.335105379408279, 45.619922986509792 ] ] ] ] } },
{ "type": "Feature", "properties": { "BM": 2103, "data": { "Oznaka Gr/Op/Dr": "grad", "Grad/općina/država": "ĐAKOVO", "Rbr BM": 36, "Naziv BM": "NOVI PERKOVCI", "Lokacija BM": "PODRUČNA OSNOVNA ŠKOLA MATIJA GUBEC", "Adresa BM": "NOVI PERKOVCI", "Glasovalo birača": 99, "Glasovalo birača (po listićima)": 99, "Važeći listići": 97, "Nevažeći listići": 2 }, "latitude": 45.2528084, "longitude": 18.3463059, "population": 172 }, "geometry": { "type": "MultiPolygon", "coordinates": [ [ [ [ 18.335118996231959, 45.279933084796923 ], [ 18.371907439577612, 45.280782348216377 ], [ 18.3733392340088, 45.237741956393286 ], [ 18.330340499409747, 45.234861392672506 ], [ 18.335118996231959, 45.279933084796923 ] ] ] ] } },
{ "type": "Feature", "properties": { "BM": 2694, "data": { "Oznaka Gr/Op/Dr": "općina", "Grad/općina/država": "SATNICA ĐAKOVAČKA", "Rbr BM": 2, "Naziv BM": "SATNICA ĐAKOVAČKA", "Lokacija BM": "OSNOVNA ŠKOLA SATNICA ĐAKOVAČKA, UČIONICA 1.", "Adresa BM": "JOSIPA BANA JELAČIĆA 6", "Glasovalo birača": 373, "Glasovalo birača (po listićima)": 371, "Važeći listići": 361, "Nevažeći listići": 10 }, "latitude": 45.3495774, "longitude": 18.3768704, "population": 707 }, "geometry": { "type": "MultiPolygon", "coordinates": [ [ [ [ 18.372554837997235, 45.350792616119108 ], [ 18.394989587001636, 45.356288805211896 ], [ 18.399863129258762, 45.346297977098757 ], [ 18.399862516596457, 45.346205521535815 ], [ 18.371769932360625, 45.32037288579599 ], [ 18.353965635828285, 45.333854825410548 ], [ 18.372554837997235, 45.350792616119108 ] ] ] ] } },
{ "type": "Feature", "properties": { "BM": 2046, "data": { "Oznaka Gr/Op/Dr": "grad", "Grad/općina/država": "BELIŠĆE", "Rbr BM": 8, "Naziv BM": "BISTRINCI", "Lokacija BM": "NOGOMETNI KLUB \"BISTRINCI\"", "Adresa BM": "FISKULTURNA 35", "Glasovalo birača": 271, "Glasovalo birača (po listićima)": 270, "Važeći listići": 262, "Nevažeći listići": 8 }, "latitude": 45.6946886, "longitude": 18.3932911, "population": 585 }, "geometry": { "type": "MultiPolygon", "coordinates": [ [ [ [ 18.359361726326561, 45.70220388846846 ], [ 18.360531237965152, 45.710775906562631 ], [ 18.394859598741366, 45.695810899156726 ], [ 18.397152828261856, 45.690395027312888 ], [ 18.395732279522228, 45.68773372819247 ], [ 18.39047643202624, 45.683056452148534 ], [ 18.381461292702838, 45.676308775080443 ], [ 18.359361726326561, 45.70220388846846 ] ] ] ] } },
{ "type": "Feature", "properties": { "BM": 2680, "data": { "Oznaka Gr/Op/Dr": "općina", "Grad/općina/država": "PODGORAČ", "Rbr BM": 10, "Naziv BM": "POGANOVCI", "Lokacija BM": "OSNOVNA ŠKOLA HINKA JUHNA", "Adresa BM": "POGANOVCI", "Glasovalo birača": 79, "Glasovalo birača (po listićima)": 79, "Važeći listići": 74, "Nevažeći listići": 5 }, "latitude": 45.4895601, "longitude": 18.3996963, "population": 159 }, "geometry": { "type": "MultiPolygon", "coordinates": [ [ [ [ 18.351044294260365, 45.503186911048331 ], [ 18.393905980928722, 45.527547028175199 ], [ 18.43014708321202, 45.507521246093894 ], [ 18.438694166947649, 45.478503424767446 ], [ 18.425507223883763, 45.466993189055209 ], [ 18.370493054906145, 45.44999826686292 ], [ 18.351044294260365, 45.503186911048331 ] ] ] ] } },
{ "type": "Feature", "properties": { "BM": 2051, "data": { "Oznaka Gr/Op/Dr": "grad", "Grad/općina/država": "BELIŠĆE", "Rbr BM": 13, "Naziv BM": "TIBORJANCI", "Lokacija BM": "HRVATSKI DOM", "Adresa BM": "BRAĆE RADIĆA 2", "Glasovalo birača": 134, "Glasovalo birača (po listićima)": 134, "Važeći listići": 131, "Nevažeći listići": 3 }, "latitude": 45.6977239, "longitude": 18.3946143, "population": 204 }, "geometry": { "type": "MultiPolygon", "coordinates": [ [ [ [ 18.381606481137521, 45.7287627007438 ], [ 18.408211592136322, 45.71406097981415 ], [ 18.394859598741366, 45.695810899156726 ], [ 18.360531237965152, 45.710775906562631 ], [ 18.361309581486449, 45.719379834706665 ], [ 18.381606481137521, 45.7287627007438 ] ] ] ] } },
{ "type": "Feature", "properties": { "BM": 2693, "data": { "Oznaka Gr/Op/Dr": "općina", "Grad/općina/država": "SATNICA ĐAKOVAČKA", "Rbr BM": 1, "Naziv BM": "SATNICA ĐAKOVAČKA", "Lokacija BM": "ZGRADA OPĆINSKE UPRAVE OPĆINE SATNICA ĐAKOVAČKA", "Adresa BM": "BRAĆE RADIĆA 3", "Glasovalo birača": 235, "Glasovalo birača (po listićima)": 235, "Važeći listići": 229, "Nevažeći listići": 6 }, "latitude": 45.353865, "longitude": 18.37582, "population": 430 }, "geometry": { "type": "MultiPolygon", "coordinates": [ [ [ [ 18.381006152199515, 45.376544066886886 ], [ 18.387673895349572, 45.377012117497323 ], [ 18.394989587001636, 45.356288805211896 ], [ 18.372554837997235, 45.350792616119108 ], [ 18.381006152199515, 45.376544066886886 ] ] ] ] } },
{ "type": "Feature", "properties": { "BM": 2050, "data": { "Oznaka Gr/Op/Dr": "grad", "Grad/općina/država": "BELIŠĆE", "Rbr BM": 12, "Naziv BM": "KITIŠANCI", "Lokacija BM": "DOM HRVATSKE MLADEŽI", "Adresa BM": "NOVA 22", "Glasovalo birača": 83, "Glasovalo birača (po listićima)": 83, "Važeći listići": 82, "Nevažeći listići": 1 }, "latitude": 45.6845016, "longitude": 18.4023567, "population": 139 }, "geometry": { "type": "MultiPolygon", "coordinates": [ [ [ [ 18.395732279522228, 45.68773372819247 ], [ 18.406426154062142, 45.686653677210735 ], [ 18.402266893986411, 45.683485344552167 ], [ 18.39047643202624, 45.683056452148534 ], [ 18.395732279522228, 45.68773372819247 ] ] ] ] } },
{ "type": "Feature", "properties": { "BM": 2045, "data": { "Oznaka Gr/Op/Dr": "grad", "Grad/općina/država": "BELIŠĆE", "Rbr BM": 7, "Naziv BM": "BISTRINCI", "Lokacija BM": "RIBIČKI DOM", "Adresa BM": "BISTRINCI", "Glasovalo birača": 271, "Glasovalo birača (po listićima)": 271, "Važeći listići": 261, "Nevažeći listići": 10 }, "latitude": 45.6961562, "longitude": 18.3967571, "population": 556 }, "geometry": { "type": "MultiPolygon", "coordinates": [ [ [ [ 18.394859598741366, 45.695810899156726 ], [ 18.408211592136322, 45.71406097981415 ], [ 18.417761627005504, 45.709537764433527 ], [ 18.397152828261856, 45.690395027312888 ], [ 18.394859598741366, 45.695810899156726 ] ] ] ] } },
{ "type": "Feature", "properties": { "BM": 2096, "data": { "Oznaka Gr/Op/Dr": "grad", "Grad/općina/država": "ĐAKOVO", "Rbr BM": 29, "Naziv BM": "IVANOVCI ĐAKOVAČKI", "Lokacija BM": "DOM DVD-A", "Adresa BM": "IVANOVCI ĐAKOVAČKI", "Glasovalo birača": 245, "Glasovalo birača (po listićima)": 245, "Važeći listići": 234, "Nevažeći listići": 11 }, "latitude": 45.3664368, "longitude": 18.4114324, "population": 427 }, "geometry": { "type": "MultiPolygon", "coordinates": [ [ [ [ 18.394989587001636, 45.356288805211896 ], [ 18.387673895349572, 45.377012117497323 ], [ 18.407140838245528, 45.400691984318506 ], [ 18.433517283111698, 45.398542711883721 ], [ 18.444912548985773, 45.380067595009976 ], [ 18.44158199540303, 45.374163945525105 ], [ 18.399863129258762, 45.346297977098757 ], [ 18.394989587001636, 45.356288805211896 ] ] ] ] } },
{ "type": "Feature", "properties": { "BM": 2040, "data": { "Oznaka Gr/Op/Dr": "grad", "Grad/općina/država": "BELIŠĆE", "Rbr BM": 2, "Naziv BM": "BELIŠĆE", "Lokacija BM": "DOM UMIROVLJENIKA", "Adresa BM": "VIJENAC JOSIPA JURJA STROSSMAYERA 67", "Glasovalo birača": 464, "Glasovalo birača (po listićima)": 464, "Važeći listići": 451, "Nevažeći listići": 13 }, "latitude": 45.6824783, "longitude": 18.4024303, "population": 735 }, "geometry": { "type": "MultiPolygon", "coordinates": [ [ [ [ 18.39047643202624, 45.683056452148534 ], [ 18.402266893986411, 45.683485344552167 ], [ 18.407496982396808, 45.678150489286367 ], [ 18.400345242439254, 45.66794997717799 ], [ 18.387242991799319, 45.660474509067335 ], [ 18.381461292702838, 45.676308775080443 ], [ 18.39047643202624, 45.683056452148534 ] ] ] ] } },
{ "type": "Feature", "properties": { "BM": 2402, "data": { "Oznaka Gr/Op/Dr": "općina", "Grad/općina/država": "BIZOVAC", "Rbr BM": 5, "Naziv BM": "CRET BIZOVAČKI", "Lokacija BM": "OSNOVNA ŠKOLA", "Adresa BM": "MATIJE GUPCA 64", "Glasovalo birača": 235, "Glasovalo birača (po listićima)": 235, "Važeći listići": 232, "Nevažeći listići": 3 }, "latitude": 45.5755141, "longitude": 18.4131093, "population": 426 }, "geometry": { "type": "MultiPolygon", "coordinates": [ [ [ [ 18.379392866262602, 45.582989124888499 ], [ 18.407227902366444, 45.616902738044679 ], [ 18.407832341113664, 45.61686640958694 ], [ 18.415292308519859, 45.615720464524202 ], [ 18.427947691435207, 45.604974962197062 ], [ 18.435478762463852, 45.584751280344776 ], [ 18.429702724164777, 45.563867502121717 ], [ 18.424621635894184, 45.560902850056166 ], [ 18.396656041066834, 45.547166404613392 ], [ 18.379392866262602, 45.582989124888499 ] ] ] ] } },
{ "type": "Feature", "properties": { "BM": 2645, "data": { "Oznaka Gr/Op/Dr": "općina", "Grad/općina/država": "PETLOVAC", "Rbr BM": 6, "Naziv BM": "NOVO NEVESINJE", "Lokacija BM": "DOM KULTURE", "Adresa BM": "ALEKSA ŠANTIĆ 20B", "Glasovalo birača": 10, "Glasovalo birača (po listićima)": 10, "Važeći listići": 10, "Nevažeći listići": 0 }, "latitude": 45.7342669, "longitude": 18.4148076, "population": 32 }, "geometry": { "type": "MultiPolygon", "coordinates": [ [ [ [ 18.395617, 45.7550206 ], [ 18.3971714, 45.7531367 ], [ 18.3975081, 45.7531173 ], [ 18.3980829, 45.7538593 ], [ 18.39839, 45.7544774 ], [ 18.3985816, 45.7549138 ], [ 18.3991537, 45.7553087 ], [ 18.3996937, 45.7553871 ], [ 18.4000841, 45.7553096 ], [ 18.4001397, 45.7552439 ], [ 18.4002707, 45.7548428 ], [ 18.400041, 45.7535311 ], [ 18.3995296, 45.7523132 ], [ 18.3993461, 45.7519725 ], [ 18.3993059, 45.751408 ], [ 18.3995209, 45.7505743 ], [ 18.3988929, 45.7501771 ], [ 18.3979476, 45.7497672 ], [ 18.3968719, 45.7494638 ], [ 18.3968855, 45.7482973 ], [ 18.3974318, 45.7472377 ], [ 18.3978023, 45.7452075 ], [ 18.3979134, 45.7446505 ], [ 18.3991742, 45.7445775 ], [ 18.4007417, 45.744353 ], [ 18.4010854, 45.7440113 ], [ 18.4010828, 45.7435893 ], [ 18.4009866, 45.7430576 ], [ 18.4024915, 45.7426228 ], [ 18.4040401, 45.7420589 ], [ 18.4061748, 45.7404374 ], [ 18.4076301, 45.7397119 ], [ 18.4092498, 45.73921 ], [ 18.4105726, 45.7389227 ], [ 18.4112493, 45.7390076 ], [ 18.4123828, 45.7398486 ], [ 18.4129314, 45.7398517 ], [ 18.414859, 45.7405134 ], [ 18.4159009, 45.7406538 ], [ 18.4189021, 45.7409864 ], [ 18.4208932, 45.7409264 ], [ 18.4235111, 45.7400648 ], [ 18.4247841, 45.7405182 ], [ 18.4271952, 45.7407181 ], [ 18.4275001, 45.7414873 ], [ 18.4285496, 45.741156 ], [ 18.4298331, 45.7406872 ], [ 18.4321999, 45.7395735 ], [ 18.4340461, 45.7389961 ], [ 18.434613, 45.7388477 ], [ 18.4355756, 45.7386989 ], [ 18.4367096, 45.738413 ], [ 18.4383466, 45.7384792 ], [ 18.439648915823785, 45.738364368047698 ], [ 18.441938421579827, 45.708638116626418 ], [ 18.420101267050661, 45.7089127701122 ], [ 18.417761627005504, 45.709537764433527 ], [ 18.408211592136322, 45.71406097981415 ], [ 18.381606481137521, 45.7287627007438 ], [ 18.395334107101434, 45.755877465512569 ], [ 18.395617, 45.7550206 ] ] ] ] } },
{ "type": "Feature", "properties": { "BM": 2072, "data": { "Oznaka Gr/Op/Dr": "grad", "Grad/općina/država": "ĐAKOVO", "Rbr BM": 5, "Naziv BM": "ĐAKOVO", "Lokacija BM": "POSLOVNI PROSTOR", "Adresa BM": "ANTE STARČEVIĆA 157", "Glasovalo birača": 274, "Glasovalo birača (po listićima)": 274, "Važeći listići": 269, "Nevažeći listići": 5 }, "latitude": 45.3230119, "longitude": 18.4012988, "population": 473 }, "geometry": { "type": "MultiPolygon", "coordinates": [ [ [ [ 18.371769932360625, 45.32037288579599 ], [ 18.399862516596457, 45.346205521535815 ], [ 18.406000439077072, 45.341157258224094 ], [ 18.410227431016914, 45.337611916144915 ], [ 18.410146420163233, 45.336426949454257 ], [ 18.402093587586112, 45.316232809914851 ], [ 18.387163401528515, 45.307617152282226 ], [ 18.376604880794446, 45.302787006585866 ], [ 18.371769932360625, 45.32037288579599 ] ] ] ] } },
{ "type": "Feature", "properties": { "BM": 2095, "data": { "Oznaka Gr/Op/Dr": "grad", "Grad/općina/država": "ĐAKOVO", "Rbr BM": 28, "Naziv BM": "KUŠEVAC", "Lokacija BM": "PODRUČNA OSNOVNA ŠKOLA JOSIPA ANTUNA ĆOLNIĆA", "Adresa BM": "KUŠEVAC", "Glasovalo birača": 463, "Glasovalo birača (po listićima)": 462, "Važeći listići": 446, "Nevažeći listići": 16 }, "latitude": 45.3492724, "longitude": 18.4228973, "population": 795 }, "geometry": { "type": "MultiPolygon", "coordinates": [ [ [ [ 18.399863129258762, 45.346297977098757 ], [ 18.44158199540303, 45.374163945525105 ], [ 18.438419543838123, 45.35634503343536 ], [ 18.406000439077072, 45.341157258224094 ], [ 18.399862516596457, 45.346205521535815 ], [ 18.399863129258762, 45.346297977098757 ] ] ] ] } },
{ "type": "Feature", "properties": { "BM": 2090, "data": { "Oznaka Gr/Op/Dr": "grad", "Grad/općina/država": "ĐAKOVO", "Rbr BM": 23, "Naziv BM": "ĐAKOVO", "Lokacija BM": "ŠUMARIJA", "Adresa BM": "J.PALMOTIĆA 18", "Glasovalo birača": 519, "Glasovalo birača (po listićima)": 519, "Važeći listići": 503, "Nevažeći listići": 16 }, "latitude": 45.3082455, "longitude": 18.4080539, "population": 949 }, "geometry": { "type": "MultiPolygon", "coordinates": [ [ [ [ 18.376604880794446, 45.302787006585866 ], [ 18.387163401528515, 45.307617152282226 ], [ 18.407823771258773, 45.310200822178096 ], [ 18.410706834395558, 45.307356114283429 ], [ 18.409966168623949, 45.30644184094384 ], [ 18.378060730096905, 45.285581911926506 ], [ 18.376793828838217, 45.285788265073926 ], [ 18.376604880794446, 45.302787006585866 ] ] ] ] } },
{ "type": "Feature", "properties": { "BM": 2047, "data": { "Oznaka Gr/Op/Dr": "grad", "Grad/općina/država": "BELIŠĆE", "Rbr BM": 9, "Naziv BM": "BOCANJEVCI", "Lokacija BM": "HRVATSKI DOM", "Adresa BM": "MATIJE GUPCA 73", "Glasovalo birača": 191, "Glasovalo birača (po listićima)": 191, "Važeći listići": 182, "Nevažeći listići": 9 }, "latitude": 45.689576, "longitude": 18.4028692, "population": 324 }, "geometry": { "type": "MultiPolygon", "coordinates": [ [ [ [ 18.420101267050661, 45.7089127701122 ], [ 18.408600923579325, 45.68679278065467 ], [ 18.406426154062142, 45.686653677210735 ], [ 18.395732279522228, 45.68773372819247 ], [ 18.397152828261856, 45.690395027312888 ], [ 18.417761627005504, 45.709537764433527 ], [ 18.420101267050661, 45.7089127701122 ] ] ] ] } },
{ "type": "Feature", "properties": { "BM": 2690, "data": { "Oznaka Gr/Op/Dr": "općina", "Grad/općina/država": "PUNITOVCI", "Rbr BM": 1, "Naziv BM": "PUNITOVCI", "Lokacija BM": "OPĆINA PUNITOVCI, OPĆINSKA VIJEĆNICA", "Adresa BM": "STJEPANA RADIĆA 58", "Glasovalo birača": 328, "Glasovalo birača (po listićima)": 328, "Važeći listići": 319, "Nevažeći listići": 9 }, "latitude": 45.4338005, "longitude": 18.4169215, "population": 538 }, "geometry": { "type": "MultiPolygon", "coordinates": [ [ [ [ 18.370493054906145, 45.44999826686292 ], [ 18.425507223883763, 45.466993189055209 ], [ 18.436103097506354, 45.403311257993373 ], [ 18.433517283111698, 45.398542711883721 ], [ 18.407140838245528, 45.400691984318506 ], [ 18.36970168617848, 45.447294503305585 ], [ 18.370493054906145, 45.44999826686292 ] ] ] ] } },
{ "type": "Feature", "properties": { "BM": 2069, "data": { "Oznaka Gr/Op/Dr": "grad", "Grad/općina/država": "ĐAKOVO", "Rbr BM": 2, "Naziv BM": "ĐAKOVO", "Lokacija BM": "EKONOMSKA ŠKOLA BRAĆA RADIĆ, UČIONICA 2", "Adresa BM": "VIJENAC KARDINALA ALOJZIJA STEPINCA 11", "Glasovalo birača": 280, "Glasovalo birača (po listićima)": 280, "Važeći listići": 277, "Nevažeći listići": 3 }, "latitude": 45.3121526, "longitude": 18.4075653, "population": 464 }, "geometry": { "type": "MultiPolygon", "coordinates": [ [ [ [ 18.402093587586112, 45.316232809914851 ], [ 18.409629475735233, 45.316438053691847 ], [ 18.410864750350832, 45.313941173030372 ], [ 18.410571011110559, 45.313025800876161 ], [ 18.407823771258773, 45.310200822178096 ], [ 18.387163401528515, 45.307617152282226 ], [ 18.402093587586112, 45.316232809914851 ] ] ] ] } },
{ "type": "Feature", "properties": { "BM": 2346, "data": { "Oznaka Gr/Op/Dr": "grad", "Grad/općina/država": "VALPOVO", "Rbr BM": 8, "Naziv BM": "VALPOVO", "Lokacija BM": "VATROGASNI DOM VALPOVO", "Adresa BM": "MATIJE GUPCA 50", "Glasovalo birača": 360, "Glasovalo birača (po listićima)": 360, "Važeći listići": 348, "Nevažeći listići": 12 }, "latitude": 45.6623524, "longitude": 18.4139131, "population": 639 }, "geometry": { "type": "MultiPolygon", "coordinates": [ [ [ [ 18.387242991799319, 45.660474509067335 ], [ 18.400345242439254, 45.66794997717799 ], [ 18.411945788979128, 45.66852527066672 ], [ 18.414605905032179, 45.660703538122675 ], [ 18.414379016835227, 45.660510624638405 ], [ 18.413715488811487, 45.660184420694968 ], [ 18.386822981343226, 45.656206341757489 ], [ 18.387242991799319, 45.660474509067335 ] ] ] ] } },
{ "type": "Feature", "properties": { "BM": 2042, "data": { "Oznaka Gr/Op/Dr": "grad", "Grad/općina/država": "BELIŠĆE", "Rbr BM": 4, "Naziv BM": "BELIŠĆE", "Lokacija BM": "OSNOVNA ŠKOLA IVANA KUKULJEVIĆA", "Adresa BM": "ULICA KRALJA TOMISLAVA 196", "Glasovalo birača": 576, "Glasovalo birača (po listićima)": 575, "Važeći listići": 560, "Nevažeći listići": 15 }, "latitude": 45.683302, "longitude": 18.4032705, "population": 896 }, "geometry": { "type": "MultiPolygon", "coordinates": [ [ [ [ 18.406426154062142, 45.686653677210735 ], [ 18.408600923579325, 45.68679278065467 ], [ 18.408857344193962, 45.679765966270011 ], [ 18.407496982396808, 45.678150489286367 ], [ 18.402266893986411, 45.683485344552167 ], [ 18.406426154062142, 45.686653677210735 ] ] ] ] } },
{ "type": "Feature", "properties": { "BM": 2043, "data": { "Oznaka Gr/Op/Dr": "grad", "Grad/općina/država": "BELIŠĆE", "Rbr BM": 5, "Naziv BM": "BELIŠĆE", "Lokacija BM": "VATROGASNO SPREMIŠTE", "Adresa BM": "ŽELJEZNIČKA 11", "Glasovalo birača": 479, "Glasovalo birača (po listićima)": 479, "Važeći listići": 464, "Nevažeći listići": 15 }, "latitude": 45.6836998, "longitude": 18.4141716, "population": 870 }, "geometry": { "type": "MultiPolygon", "coordinates": [ [ [ [ 18.420101267050661, 45.7089127701122 ], [ 18.441938421579827, 45.708638116626418 ], [ 18.4610202876183, 45.690876883157593 ], [ 18.428864547653678, 45.677776180801509 ], [ 18.408857344193962, 45.679765966270011 ], [ 18.408600923579325, 45.68679278065467 ], [ 18.420101267050661, 45.7089127701122 ] ] ] ] } },
{ "type": "Feature", "properties": { "BM": 2052, "data": { "Oznaka Gr/Op/Dr": "grad", "Grad/općina/država": "BELIŠĆE", "Rbr BM": 14, "Naziv BM": "VELIŠKOVCI", "Lokacija BM": "OSNOVNA ŠKOLA", "Adresa BM": "ULICA KRALJA TOMISLAVA 76", "Glasovalo birača": 257, "Glasovalo birača (po listićima)": 257, "Važeći listići": 251, "Nevažeći listići": 6 }, "latitude": 45.6748625, "longitude": 18.4132927, "population": 512 }, "geometry": { "type": "MultiPolygon", "coordinates": [ [ [ [ 18.408857344193962, 45.679765966270011 ], [ 18.428864547653678, 45.677776180801509 ], [ 18.418792368557856, 45.66978034102479 ], [ 18.415797869060228, 45.668790896096134 ], [ 18.411945788979128, 45.66852527066672 ], [ 18.400345242439254, 45.66794997717799 ], [ 18.407496982396808, 45.678150489286367 ], [ 18.408857344193962, 45.679765966270011 ] ] ] ] } },
{ "type": "Feature", "properties": { "BM": 2080, "data": { "Oznaka Gr/Op/Dr": "grad", "Grad/općina/država": "ĐAKOVO", "Rbr BM": 13, "Naziv BM": "ĐAKOVO", "Lokacija BM": "POSLOVNI PROSTOR", "Adresa BM": "I.G.KOVAČIĆA 5", "Glasovalo birača": 444, "Glasovalo birača (po listićima)": 444, "Važeći listići": 434, "Nevažeći listići": 10 }, "latitude": 45.3099969, "longitude": 18.409782, "population": 811 }, "geometry": { "type": "MultiPolygon", "coordinates": [ [ [ [ 18.410571011110559, 45.313025800876161 ], [ 18.411663506941107, 45.307800303971106 ], [ 18.410706834395558, 45.307356114283429 ], [ 18.407823771258773, 45.310200822178096 ], [ 18.410571011110559, 45.313025800876161 ] ] ] ] } },
{ "type": "Feature", "properties": { "BM": 2078, "data": { "Oznaka Gr/Op/Dr": "grad", "Grad/općina/država": "ĐAKOVO", "Rbr BM": 11, "Naziv BM": "ĐAKOVO", "Lokacija BM": "UNIVERZAL D.O.O., PROSTORIJA 2", "Adresa BM": "V.NAZORA 68", "Glasovalo birača": 317, "Glasovalo birača (po listićima)": 316, "Važeći listići": 308, "Nevažeći listići": 8 }, "latitude": 45.3219326, "longitude": 18.417086, "population": 589 }, "geometry": { "type": "MultiPolygon", "coordinates": [ [ [ [ 18.410227431016914, 45.337611916144915 ], [ 18.434409425038297, 45.332272594886966 ], [ 18.440197480689505, 45.323634753446207 ], [ 18.418909070469159, 45.317309051846244 ], [ 18.412363369744941, 45.320146445103973 ], [ 18.410146420163233, 45.336426949454257 ], [ 18.410227431016914, 45.337611916144915 ] ] ] ] } },
{ "type": "Feature", "properties": { "BM": 2076, "data": { "Oznaka Gr/Op/Dr": "grad", "Grad/općina/država": "ĐAKOVO", "Rbr BM": 9, "Naziv BM": "ĐAKOVO", "Lokacija BM": "OSNOVNA ŠKOLA JOSIPA ANTUNA ĆOLNIĆA, UČIONICA 2", "Adresa BM": "TRG NIKOLE ŠUBIĆA ZRINSKOG 4", "Glasovalo birača": 499, "Glasovalo birača (po listićima)": 499, "Važeći listići": 488, "Nevažeći listići": 11 }, "latitude": 45.3206048, "longitude": 18.4073351, "population": 819 }, "geometry": { "type": "MultiPolygon", "coordinates": [ [ [ [ 18.410146420163233, 45.336426949454257 ], [ 18.412363369744941, 45.320146445103973 ], [ 18.409629475735233, 45.316438053691847 ], [ 18.402093587586112, 45.316232809914851 ], [ 18.410146420163233, 45.336426949454257 ] ] ] ] } },
{ "type": "Feature", "properties": { "BM": 2073, "data": { "Oznaka Gr/Op/Dr": "grad", "Grad/općina/država": "ĐAKOVO", "Rbr BM": 6, "Naziv BM": "ĐAKOVO", "Lokacija BM": "CENTAR ZA KULTURU", "Adresa BM": "KRALJA TOMISLAVA 13", "Glasovalo birača": 409, "Glasovalo birača (po listićima)": 409, "Važeći listići": 402, "Nevažeći listići": 7 }, "latitude": 45.3105667, "longitude": 18.4125074, "population": 625 }, "geometry": { "type": "MultiPolygon", "coordinates": [ [ [ [ 18.410864750350832, 45.313941173030372 ], [ 18.412560719368209, 45.313326246153345 ], [ 18.41395545141965, 45.309281230429775 ], [ 18.413368127559441, 45.308091484866232 ], [ 18.412894161203788, 45.307717110236709 ], [ 18.411663506941107, 45.307800303971106 ], [ 18.410571011110559, 45.313025800876161 ], [ 18.410864750350832, 45.313941173030372 ] ] ] ] } },
{ "type": "Feature", "properties": { "BM": 2089, "data": { "Oznaka Gr/Op/Dr": "grad", "Grad/općina/država": "ĐAKOVO", "Rbr BM": 22, "Naziv BM": "ĐAKOVO", "Lokacija BM": "UPRAVNA ZGRADA DOMA ZDRAVLJA", "Adresa BM": "P.PRERADOVIĆA 2", "Glasovalo birača": 446, "Glasovalo birača (po listićima)": 446, "Važeći listići": 438, "Nevažeći listići": 8 }, "latitude": 45.3039667, "longitude": 18.4108514, "population": 763 }, "geometry": { "type": "MultiPolygon", "coordinates": [ [ [ [ 18.424726194841099, 45.28528167413694 ], [ 18.416057939393827, 45.276704819193121 ], [ 18.378060730096905, 45.285581911926506 ], [ 18.409966168623949, 45.30644184094384 ], [ 18.420339342478474, 45.2929189865933 ], [ 18.424726194841099, 45.28528167413694 ] ] ] ] } },
{ "type": "Feature", "properties": { "BM": 2085, "data": { "Oznaka Gr/Op/Dr": "grad", "Grad/općina/država": "ĐAKOVO", "Rbr BM": 18, "Naziv BM": "ĐAKOVO", "Lokacija BM": "PROTUPOŽARNI CENTAR", "Adresa BM": "SPLITSKA BB", "Glasovalo birača": 313, "Glasovalo birača (po listićima)": 313, "Važeći listići": 302, "Nevažeći listići": 11 }, "latitude": 45.3066809, "longitude": 18.4155767, "population": 542 }, "geometry": { "type": "MultiPolygon", "coordinates": [ [ [ [ 18.420339342478474, 45.2929189865933 ], [ 18.412894161203788, 45.307717110236709 ], [ 18.413368127559441, 45.308091484866232 ], [ 18.420961546827286, 45.307139798993369 ], [ 18.437143692123808, 45.294973898463873 ], [ 18.424726194841099, 45.28528167413694 ], [ 18.420339342478474, 45.2929189865933 ] ] ] ] } },
{ "type": "Feature", "properties": { "BM": 2099, "data": { "Oznaka Gr/Op/Dr": "grad", "Grad/općina/država": "ĐAKOVO", "Rbr BM": 32, "Naziv BM": "BUDROVCI", "Lokacija BM": "OSNOVNA ŠKOLA BUDROVCI, UČIONICA 2", "Adresa BM": "BUDROVCI", "Glasovalo birača": 220, "Glasovalo birača (po listićima)": 220, "Važeći listići": 214, "Nevažeći listići": 6 }, "latitude": 45.2712096, "longitude": 18.4432631, "population": 412 }, "geometry": { "type": "MultiPolygon", "coordinates": [ [ [ [ 18.424726194841099, 45.28528167413694 ], [ 18.437143692123808, 45.294973898463873 ], [ 18.444993085883269, 45.299420459157702 ], [ 18.475655138818858, 45.27507621629055 ], [ 18.478681015871725, 45.266512062801901 ], [ 18.442815051933639, 45.246335390627912 ], [ 18.425487388248595, 45.251795463788575 ], [ 18.416057939393827, 45.276704819193121 ], [ 18.424726194841099, 45.28528167413694 ] ] ] ] } },
{ "type": "Feature", "properties": { "BM": 2088, "data": { "Oznaka Gr/Op/Dr": "grad", "Grad/općina/država": "ĐAKOVO", "Rbr BM": 21, "Naziv BM": "ĐAKOVO", "Lokacija BM": "HRVATSKI ZAVOD ZA ZDRAVSTVENO OSIGURANJE, PROSTORIJA 2", "Adresa BM": "P.PRERADOVIĆA 15", "Glasovalo birača": 328, "Glasovalo birača (po listićima)": 328, "Važeći listići": 321, "Nevažeći listići": 7 }, "latitude": 45.3049455, "longitude": 18.4121274, "population": 556 }, "geometry": { "type": "MultiPolygon", "coordinates": [ [ [ [ 18.410706834395558, 45.307356114283429 ], [ 18.411663506941107, 45.307800303971106 ], [ 18.412894161203788, 45.307717110236709 ], [ 18.420339342478474, 45.2929189865933 ], [ 18.409966168623949, 45.30644184094384 ], [ 18.410706834395558, 45.307356114283429 ] ] ] ] } },
{ "type": "Feature", "properties": { "BM": 2399, "data": { "Oznaka Gr/Op/Dr": "općina", "Grad/općina/država": "BIZOVAC", "Rbr BM": 2, "Naziv BM": "HABJANOVCI", "Lokacija BM": "OSNOVNA ŠKOLA", "Adresa BM": "ŠKOLSKA 14", "Glasovalo birača": 207, "Glasovalo birača (po listićima)": 207, "Važeći listići": 203, "Nevažeći listići": 4 }, "latitude": 45.5428604, "longitude": 18.4291485, "population": 333 }, "geometry": { "type": "MultiPolygon", "coordinates": [ [ [ [ 18.396656041066834, 45.547166404613392 ], [ 18.424621635894184, 45.560902850056166 ], [ 18.439033538193456, 45.517035635702058 ], [ 18.43014708321202, 45.507521246093894 ], [ 18.393905980928722, 45.527547028175199 ], [ 18.396656041066834, 45.547166404613392 ] ] ] ] } },
{ "type": "Feature", "properties": { "BM": 2079, "data": { "Oznaka Gr/Op/Dr": "grad", "Grad/općina/država": "ĐAKOVO", "Rbr BM": 12, "Naziv BM": "ĐAKOVO", "Lokacija BM": "HRVATSKA AGENCIJA ZA POLJOPRIVREDU I HRANU, URED U ĐAKOVU", "Adresa BM": "V.NAZORA 1", "Glasovalo birača": 251, "Glasovalo birača (po listićima)": 251, "Važeći listići": 243, "Nevažeći listići": 8 }, "latitude": 45.3154787, "longitude": 18.4142884, "population": 449 }, "geometry": { "type": "MultiPolygon", "coordinates": [ [ [ [ 18.409629475735233, 45.316438053691847 ], [ 18.412363369744941, 45.320146445103973 ], [ 18.418909070469159, 45.317309051846244 ], [ 18.416763037973929, 45.313341028227782 ], [ 18.412560719368209, 45.313326246153345 ], [ 18.410864750350832, 45.313941173030372 ], [ 18.409629475735233, 45.316438053691847 ] ] ] ] } },
{ "type": "Feature", "properties": { "BM": 2074, "data": { "Oznaka Gr/Op/Dr": "grad", "Grad/općina/država": "ĐAKOVO", "Rbr BM": 7, "Naziv BM": "ĐAKOVO", "Lokacija BM": "OSNOVNA ŠKOLA IVANA GORANA KOVAČIĆA", "Adresa BM": "KRALJA TOMISLAVA 25", "Glasovalo birača": 274, "Glasovalo birača (po listićima)": 274, "Važeći listići": 262, "Nevažeći listići": 12 }, "latitude": 45.311186, "longitude": 18.4143035, "population": 468 }, "geometry": { "type": "MultiPolygon", "coordinates": [ [ [ [ 18.412560719368209, 45.313326246153345 ], [ 18.416763037973929, 45.313341028227782 ], [ 18.417178740166101, 45.311483891445008 ], [ 18.41395545141965, 45.309281230429775 ], [ 18.412560719368209, 45.313326246153345 ] ] ] ] } },
{ "type": "Feature", "properties": { "BM": 2340, "data": { "Oznaka Gr/Op/Dr": "grad", "Grad/općina/država": "VALPOVO", "Rbr BM": 2, "Naziv BM": "VALPOVO", "Lokacija BM": "DVORAC D.O.O. VALPOVO", "Adresa BM": "MATIJE ANTUNA RELJKOVIĆA 16", "Glasovalo birača": 363, "Glasovalo birača (po listićima)": 363, "Važeći listići": 352, "Nevažeći listići": 11 }, "latitude": 45.6581665, "longitude": 18.4145323, "population": 564 }, "geometry": { "type": "MultiPolygon", "coordinates": [ [ [ [ 18.413715488811487, 45.660184420694968 ], [ 18.416158739883166, 45.65725217464162 ], [ 18.406304636878573, 45.618039021043636 ], [ 18.384436807801428, 45.642657388801297 ], [ 18.386822981343226, 45.656206341757489 ], [ 18.413715488811487, 45.660184420694968 ] ] ] ] } },
{ "type": "Feature", "properties": { "BM": 2347, "data": { "Oznaka Gr/Op/Dr": "grad", "Grad/općina/država": "VALPOVO", "Rbr BM": 9, "Naziv BM": "VALPOVO", "Lokacija BM": "HAK", "Adresa BM": "MATIJE GUPCA 48", "Glasovalo birača": 436, "Glasovalo birača (po listićima)": 435, "Važeći listići": 433, "Nevažeći listići": 2 }, "latitude": 45.6624329, "longitude": 18.4141498, "population": 627 }, "geometry": { "type": "MultiPolygon", "coordinates": [ [ [ [ 18.414605905032179, 45.660703538122675 ], [ 18.411945788979128, 45.66852527066672 ], [ 18.415797869060228, 45.668790896096134 ], [ 18.415773655166603, 45.661563382068501 ], [ 18.414605905032179, 45.660703538122675 ] ] ] ] } },
{ "type": "Feature", "properties": { "BM": 2350, "data": { "Oznaka Gr/Op/Dr": "grad", "Grad/općina/država": "VALPOVO", "Rbr BM": 12, "Naziv BM": "MARJANČACI", "Lokacija BM": "DRUŠTVENI DOM MARJANČACI", "Adresa BM": "MATIJE GUPCA 18", "Glasovalo birača": 170, "Glasovalo birača (po listićima)": 170, "Važeći listići": 166, "Nevažeći listići": 4 }, "latitude": 45.6597546, "longitude": 18.4161219, "population": 218 }, "geometry": { "type": "MultiPolygon", "coordinates": [ [ [ [ 18.415773655166603, 45.661563382068501 ], [ 18.419003959483462, 45.660011566835827 ], [ 18.417015282376131, 45.65847723017891 ], [ 18.414379016835227, 45.660510624638405 ], [ 18.414605905032179, 45.660703538122675 ], [ 18.415773655166603, 45.661563382068501 ] ] ] ] } },
{ "type": "Feature", "properties": { "BM": 2081, "data": { "Oznaka Gr/Op/Dr": "grad", "Grad/općina/država": "ĐAKOVO", "Rbr BM": 14, "Naziv BM": "ĐAKOVO", "Lokacija BM": "POSLOVNI PROSTOR", "Adresa BM": "KRALJA TOMISLAVA 67", "Glasovalo birača": 358, "Glasovalo birača (po listićima)": 358, "Važeći listići": 353, "Nevažeći listići": 5 }, "latitude": 45.3124402, "longitude": 18.4199066, "population": 658 }, "geometry": { "type": "MultiPolygon", "coordinates": [ [ [ [ 18.416763037973929, 45.313341028227782 ], [ 18.418909070469159, 45.317309051846244 ], [ 18.440197480689505, 45.323634753446207 ], [ 18.446694751337851, 45.317395825157185 ], [ 18.444993085883269, 45.299420459157702 ], [ 18.437143692123808, 45.294973898463873 ], [ 18.420961546827286, 45.307139798993369 ], [ 18.417178740166101, 45.311483891445008 ], [ 18.416763037973929, 45.313341028227782 ] ] ] ] } },
{ "type": "Feature", "properties": { "BM": 2343, "data": { "Oznaka Gr/Op/Dr": "grad", "Grad/općina/država": "VALPOVO", "Rbr BM": 5, "Naziv BM": "VALPOVO", "Lokacija BM": "OSNOVNA ŠKOLA \"MATIJE PETRA KATANČIĆA\"", "Adresa BM": "IVE LOLE RIBARA 3", "Glasovalo birača": 431, "Glasovalo birača (po listićima)": 431, "Važeći listići": 422, "Nevažeći listići": 9 }, "latitude": 45.657289, "longitude": 18.4180242, "population": 712 }, "geometry": { "type": "MultiPolygon", "coordinates": [ [ [ [ 18.416158739883166, 45.65725217464162 ], [ 18.417015282376131, 45.65847723017891 ], [ 18.419003959483462, 45.660011566835827 ], [ 18.420393736290862, 45.660179677574135 ], [ 18.420950344872097, 45.659763742409694 ], [ 18.422002558798749, 45.657004753382218 ], [ 18.407832341113664, 45.61686640958694 ], [ 18.407227902366444, 45.616902738044679 ], [ 18.406304636878573, 45.618039021043636 ], [ 18.416158739883166, 45.65725217464162 ] ] ] ] } },
{ "type": "Feature", "properties": { "BM": 2344, "data": { "Oznaka Gr/Op/Dr": "grad", "Grad/općina/država": "VALPOVO", "Rbr BM": 6, "Naziv BM": "VALPOVO", "Lokacija BM": "GRADSKA KNJIŽNICA I ČITAONICA", "Adresa BM": "ULICA JOSIPA JURJA STROSSMAYERA 36", "Glasovalo birača": 350, "Glasovalo birača (po listićima)": 350, "Važeći listići": 340, "Nevažeći listići": 10 }, "latitude": 45.662422, "longitude": 18.4174033, "population": 593 }, "geometry": { "type": "MultiPolygon", "coordinates": [ [ [ [ 18.415797869060228, 45.668790896096134 ], [ 18.418792368557856, 45.66978034102479 ], [ 18.420393736290862, 45.660179677574135 ], [ 18.419003959483462, 45.660011566835827 ], [ 18.415773655166603, 45.661563382068501 ], [ 18.415797869060228, 45.668790896096134 ] ] ] ] } },
{ "type": "Feature", "properties": { "BM": 2341, "data": { "Oznaka Gr/Op/Dr": "grad", "Grad/općina/država": "VALPOVO", "Rbr BM": 3, "Naziv BM": "VALPOVO", "Lokacija BM": "SREDNJA ŠKOLA VALPOVO", "Adresa BM": "ULICA DR. FRANJE TUĐMANA 2", "Glasovalo birača": 385, "Glasovalo birača (po listićima)": 385, "Važeći listići": 374, "Nevažeći listići": 11 }, "latitude": 45.6590169, "longitude": 18.4155529, "population": 565 }, "geometry": { "type": "MultiPolygon", "coordinates": [ [ [ [ 18.414379016835227, 45.660510624638405 ], [ 18.417015282376131, 45.65847723017891 ], [ 18.416158739883166, 45.65725217464162 ], [ 18.413715488811487, 45.660184420694968 ], [ 18.414379016835227, 45.660510624638405 ] ] ] ] } },
{ "type": "Feature", "properties": { "BM": 2711, "data": { "Oznaka Gr/Op/Dr": "općina", "Grad/općina/država": "STRIZIVOJNA", "Rbr BM": 2, "Naziv BM": "STRIZIVOJNA", "Lokacija BM": "OPĆINA STRIZIVOJNA", "Adresa BM": "BRAĆE RADIĆA 172", "Glasovalo birača": 453, "Glasovalo birača (po listićima)": 453, "Važeći listići": 432, "Nevažeći listići": 21 }, "latitude": 45.2256978, "longitude": 18.428922, "population": 792 }, "geometry": { "type": "MultiPolygon", "coordinates": [ [ [ [ 18.425487388248595, 45.251795463788575 ], [ 18.442815051933639, 45.246335390627912 ], [ 18.455914903030681, 45.189148411271532 ], [ 18.454814000777574, 45.188163791013899 ], [ 18.437241175155869, 45.188499698713684 ], [ 18.42442204718628, 45.209392967848693 ], [ 18.42535799285546, 45.251662767398813 ], [ 18.425487388248595, 45.251795463788575 ] ] ] ] } },
{ "type": "Feature", "properties": { "BM": 2643, "data": { "Oznaka Gr/Op/Dr": "općina", "Grad/općina/država": "PETLOVAC", "Rbr BM": 4, "Naziv BM": "NOVI BEZDAN", "Lokacija BM": "DOM KULTURE", "Adresa BM": "SREDNJA ULICA 8", "Glasovalo birača": 39, "Glasovalo birača (po listićima)": 39, "Važeći listići": 35, "Nevažeći listići": 4 }, "latitude": 45.7381192, "longitude": 18.4648247, "population": 138 }, "geometry": { "type": "MultiPolygon", "coordinates": [ [ [ [ 18.4405978, 45.7382807 ], [ 18.4439563, 45.738121 ], [ 18.4449979, 45.7379613 ], [ 18.4453094, 45.7378933 ], [ 18.4459592, 45.7372049 ], [ 18.446853, 45.737128 ], [ 18.4484106, 45.7420928 ], [ 18.4480671, 45.7423293 ], [ 18.4482387, 45.7427115 ], [ 18.4491147, 45.7438448 ], [ 18.4498815, 45.7450289 ], [ 18.4500733, 45.7457849 ], [ 18.4498922, 45.74649 ], [ 18.4490622, 45.7473826 ], [ 18.4479265, 45.7487143 ], [ 18.448323298788857, 45.751960529114683 ], [ 18.493771797036832, 45.739942463242642 ], [ 18.478009824834292, 45.689341448722494 ], [ 18.462936497821161, 45.689793172689328 ], [ 18.4610202876183, 45.690876883157593 ], [ 18.441938421579827, 45.708638116626418 ], [ 18.439648915823785, 45.738364368047698 ], [ 18.4405978, 45.7382807 ] ] ] ] } },
{ "type": "Feature", "properties": { "BM": 2084, "data": { "Oznaka Gr/Op/Dr": "grad", "Grad/općina/država": "ĐAKOVO", "Rbr BM": 17, "Naziv BM": "ĐAKOVO", "Lokacija BM": "STARI DVD, PROSTORIJA II.", "Adresa BM": "MATIJE GUPCA 30", "Glasovalo birača": 474, "Glasovalo birača (po listićima)": 473, "Važeći listići": 458, "Nevažeći listići": 15 }, "latitude": 45.3089134, "longitude": 18.4158565, "population": 767 }, "geometry": { "type": "MultiPolygon", "coordinates": [ [ [ [ 18.417178740166101, 45.311483891445008 ], [ 18.420961546827286, 45.307139798993369 ], [ 18.413368127559441, 45.308091484866232 ], [ 18.41395545141965, 45.309281230429775 ], [ 18.417178740166101, 45.311483891445008 ] ] ] ] } },
{ "type": "Feature", "properties": { "BM": 2710, "data": { "Oznaka Gr/Op/Dr": "općina", "Grad/općina/država": "STRIZIVOJNA", "Rbr BM": 1, "Naziv BM": "STRIZIVOJNA", "Lokacija BM": "PROSTORIJE ŠUMARIJE", "Adresa BM": "BRAĆE RADIĆA 99", "Glasovalo birača": 376, "Glasovalo birača (po listićima)": 376, "Važeći listići": 368, "Nevažeći listići": 8 }, "latitude": 45.225881, "longitude": 18.4206482, "population": 704 }, "geometry": { "type": "MultiPolygon", "coordinates": [ [ [ [ 18.42535799285546, 45.251662767398813 ], [ 18.42442204718628, 45.209392967848693 ], [ 18.400248714165784, 45.232989498826839 ], [ 18.42535799285546, 45.251662767398813 ] ] ] ] } },
{ "type": "Feature", "properties": { "BM": 2351, "data": { "Oznaka Gr/Op/Dr": "grad", "Grad/općina/država": "VALPOVO", "Rbr BM": 13, "Naziv BM": "IVANOVCI", "Lokacija BM": "DRUŠTVENI DOM IVANOVCI", "Adresa BM": "PETRA PRERADOVIĆA 58", "Glasovalo birača": 219, "Glasovalo birača (po listićima)": 219, "Važeći listići": 211, "Nevažeći listići": 8 }, "latitude": 45.6632712, "longitude": 18.4224945, "population": 340 }, "geometry": { "type": "MultiPolygon", "coordinates": [ [ [ [ 18.428864547653678, 45.677776180801509 ], [ 18.4610202876183, 45.690876883157593 ], [ 18.462936497821161, 45.689793172689328 ], [ 18.461321048182469, 45.686875138019431 ], [ 18.420950344872097, 45.659763742409694 ], [ 18.420393736290862, 45.660179677574135 ], [ 18.418792368557856, 45.66978034102479 ], [ 18.428864547653678, 45.677776180801509 ] ] ] ] } },
{ "type": "Feature", "properties": { "BM": 2354, "data": { "Oznaka Gr/Op/Dr": "grad", "Grad/općina/država": "VALPOVO", "Rbr BM": 16, "Naziv BM": "ŠAG", "Lokacija BM": "OSNOVNA ŠKOLA ŠAG", "Adresa BM": "BRAĆE RADIĆA 67", "Glasovalo birača": 177, "Glasovalo birača (po listićima)": 177, "Važeći listići": 172, "Nevažeći listići": 5 }, "latitude": 45.659866, "longitude": 18.4247813, "population": 322 }, "geometry": { "type": "MultiPolygon", "coordinates": [ [ [ [ 18.420950344872097, 45.659763742409694 ], [ 18.461321048182469, 45.686875138019431 ], [ 18.447737862524384, 45.659490774605544 ], [ 18.422002558798749, 45.657004753382218 ], [ 18.420950344872097, 45.659763742409694 ] ] ] ] } },
{ "type": "Feature", "properties": { "BM": 2071, "data": { "Oznaka Gr/Op/Dr": "grad", "Grad/općina/država": "ĐAKOVO", "Rbr BM": 4, "Naziv BM": "ĐAKOVO", "Lokacija BM": "MUZEJ ĐAKOVŠTINE", "Adresa BM": "ANTE STARČEVIĆA 34", "Glasovalo birača": 422, "Glasovalo birača (po listićima)": 422, "Važeći listići": 412, "Nevažeći listići": 10 }, "latitude": 45.3489456, "longitude": 18.4230504, "population": 716 }, "geometry": { "type": "MultiPolygon", "coordinates": [ [ [ [ 18.406000439077072, 45.341157258224094 ], [ 18.438419543838123, 45.35634503343536 ], [ 18.434409425038297, 45.332272594886966 ], [ 18.410227431016914, 45.337611916144915 ], [ 18.406000439077072, 45.341157258224094 ] ] ] ] } },
{ "type": "Feature", "properties": { "BM": 2097, "data": { "Oznaka Gr/Op/Dr": "grad", "Grad/općina/država": "ĐAKOVO", "Rbr BM": 30, "Naziv BM": "ŠIROKO POLJE", "Lokacija BM": "MJESNI DOM", "Adresa BM": "ŠIROKO POLJE", "Glasovalo birača": 476, "Glasovalo birača (po listićima)": 474, "Važeći listići": 456, "Nevažeći listići": 18 }, "latitude": 45.4038683, "longitude": 18.47212, "population": 798 }, "geometry": { "type": "MultiPolygon", "coordinates": [ [ [ [ 18.436103097506354, 45.403311257993373 ], [ 18.470538873097471, 45.43100055324134 ], [ 18.480919762355771, 45.429408291225066 ], [ 18.514127508234473, 45.394269816651004 ], [ 18.507365983474195, 45.383032837493964 ], [ 18.466272812241762, 45.373141900107754 ], [ 18.458276738644031, 45.375225481033226 ], [ 18.444912548985773, 45.380067595009976 ], [ 18.433517283111698, 45.398542711883721 ], [ 18.436103097506354, 45.403311257993373 ] ] ] ] } },
{ "type": "Feature", "properties": { "BM": 2339, "data": { "Oznaka Gr/Op/Dr": "grad", "Grad/općina/država": "VALPOVO", "Rbr BM": 1, "Naziv BM": "VALPOVO", "Lokacija BM": "ŠUMARIJA VALPOVO", "Adresa BM": "ULICA BANA JOSIPA JELAČIĆA 4", "Glasovalo birača": 341, "Glasovalo birača (po listićima)": 341, "Važeći listići": 335, "Nevažeći listići": 6 }, "latitude": 45.6547283, "longitude": 18.4252776, "population": 561 }, "geometry": { "type": "MultiPolygon", "coordinates": [ [ [ [ 18.422002558798749, 45.657004753382218 ], [ 18.447737862524384, 45.659490774605544 ], [ 18.440818586436226, 45.640405914039164 ], [ 18.415292308519859, 45.615720464524202 ], [ 18.407832341113664, 45.61686640958694 ], [ 18.422002558798749, 45.657004753382218 ] ] ] ] } },
{ "type": "Feature", "properties": { "BM": 2355, "data": { "Oznaka Gr/Op/Dr": "grad", "Grad/općina/država": "VALPOVO", "Rbr BM": 17, "Naziv BM": "NARD", "Lokacija BM": "DRUŠTVENI DOM NARD", "Adresa BM": "BRAĆE RADIĆA 21", "Glasovalo birača": 248, "Glasovalo birača (po listićima)": 248, "Važeći listići": 236, "Nevažeći listići": 12 }, "latitude": 45.6414408, "longitude": 18.4619274, "population": 371 }, "geometry": { "type": "MultiPolygon", "coordinates": [ [ [ [ 18.462936497821161, 45.689793172689328 ], [ 18.478009824834292, 45.689341448722494 ], [ 18.498841819636166, 45.67521365116982 ], [ 18.455330773291866, 45.634178682703379 ], [ 18.440818586436226, 45.640405914039164 ], [ 18.447737862524384, 45.659490774605544 ], [ 18.461321048182469, 45.686875138019431 ], [ 18.462936497821161, 45.689793172689328 ] ] ] ] } },
{ "type": "Feature", "properties": { "BM": 2765, "data": { "Oznaka Gr/Op/Dr": "općina", "Grad/općina/država": "VIŠKOVCI", "Rbr BM": 1, "Naziv BM": "VIŠKOVCI", "Lokacija BM": "OPĆINA VIŠKOVCI", "Adresa BM": "GROBLJANSKA 26", "Glasovalo birača": 479, "Glasovalo birača (po listićima)": 479, "Važeći listići": 468, "Nevažeći listići": 11 }, "latitude": 45.3443629, "longitude": 18.45056, "population": 871 }, "geometry": { "type": "MultiPolygon", "coordinates": [ [ [ [ 18.444912548985773, 45.380067595009976 ], [ 18.458276738644031, 45.375225481033226 ], [ 18.449666131330876, 45.319130303690287 ], [ 18.446694751337851, 45.317395825157185 ], [ 18.440197480689505, 45.323634753446207 ], [ 18.434409425038297, 45.332272594886966 ], [ 18.438419543838123, 45.35634503343536 ], [ 18.44158199540303, 45.374163945525105 ], [ 18.444912548985773, 45.380067595009976 ] ] ] ] } },
{ "type": "Feature", "properties": { "BM": 2712, "data": { "Oznaka Gr/Op/Dr": "općina", "Grad/općina/država": "STRIZIVOJNA", "Rbr BM": 3, "Naziv BM": "STRIZIVOJNA", "Lokacija BM": "ŠAHOVSKI KLUB \"AMATER\"", "Adresa BM": "BRAĆE RADIĆA 541", "Glasovalo birača": 198, "Glasovalo birača (po listićima)": 198, "Važeći listići": 193, "Nevažeći listići": 5 }, "latitude": 45.2338033, "longitude": 18.4643063, "population": 411 }, "geometry": { "type": "MultiPolygon", "coordinates": [ [ [ [ 18.442815051933639, 45.246335390627912 ], [ 18.478681015871725, 45.266512062801901 ], [ 18.521709170834093, 45.237896805855762 ], [ 18.534656251568066, 45.215134423825617 ], [ 18.455914903030681, 45.189148411271532 ], [ 18.442815051933639, 45.246335390627912 ] ] ] ] } },
{ "type": "Feature", "properties": { "BM": 2348, "data": { "Oznaka Gr/Op/Dr": "grad", "Grad/općina/država": "VALPOVO", "Rbr BM": 10, "Naziv BM": "LADIMIREVCI", "Lokacija BM": "OSNOVNA ŠKOLA LADIMIREVCI", "Adresa BM": "ĐUKE MARIČIĆA-MUNJE 21", "Glasovalo birača": 385, "Glasovalo birača (po listićima)": 385, "Važeći listići": 373, "Nevažeći listići": 12 }, "latitude": 45.6243941, "longitude": 18.4546126, "population": 581 }, "geometry": { "type": "MultiPolygon", "coordinates": [ [ [ [ 18.440818586436226, 45.640405914039164 ], [ 18.455330773291866, 45.634178682703379 ], [ 18.473744400931306, 45.624531359487982 ], [ 18.469745494837696, 45.610391138919915 ], [ 18.458514989074551, 45.608632572042779 ], [ 18.427947691435207, 45.604974962197062 ], [ 18.415292308519859, 45.615720464524202 ], [ 18.440818586436226, 45.640405914039164 ] ] ] ] } },
{ "type": "Feature", "properties": { "BM": 2429, "data": { "Oznaka Gr/Op/Dr": "općina", "Grad/općina/država": "ČEPIN", "Rbr BM": 2, "Naziv BM": "ČEPINSKI MARTINCI", "Lokacija BM": "DRUŠTVENI DOM", "Adresa BM": "STJEPANA RADIĆA BB", "Glasovalo birača": 230, "Glasovalo birača (po listićima)": 230, "Važeći listići": 221, "Nevažeći listići": 9 }, "latitude": 45.5089341, "longitude": 18.4654721, "population": 474 }, "geometry": { "type": "MultiPolygon", "coordinates": [ [ [ [ 18.439033538193456, 45.517035635702058 ], [ 18.460497016787627, 45.5379051125107 ], [ 18.492481400847375, 45.54672355668756 ], [ 18.505177175653607, 45.54100036439722 ], [ 18.510515650255879, 45.49322668190829 ], [ 18.448000793840151, 45.475721450887733 ], [ 18.438694166947649, 45.478503424767446 ], [ 18.43014708321202, 45.507521246093894 ], [ 18.439033538193456, 45.517035635702058 ] ] ] ] } },
{ "type": "Feature", "properties": { "BM": 2692, "data": { "Oznaka Gr/Op/Dr": "općina", "Grad/općina/država": "PUNITOVCI", "Rbr BM": 3, "Naziv BM": "JURJEVAC PUNITOVAČKI", "Lokacija BM": "DRUŠTVENI DOM", "Adresa BM": "BRAĆE KOLARIK 9", "Glasovalo birača": 116, "Glasovalo birača (po listićima)": 116, "Važeći listići": 110, "Nevažeći listići": 6 }, "latitude": 45.438369, "longitude": 18.4443785, "population": 229 }, "geometry": { "type": "MultiPolygon", "coordinates": [ [ [ [ 18.438694166947649, 45.478503424767446 ], [ 18.448000793840151, 45.475721450887733 ], [ 18.470538873097471, 45.43100055324134 ], [ 18.436103097506354, 45.403311257993373 ], [ 18.425507223883763, 45.466993189055209 ], [ 18.438694166947649, 45.478503424767446 ] ] ] ] } },
{ "type": "Feature", "properties": { "BM": 2398, "data": { "Oznaka Gr/Op/Dr": "općina", "Grad/općina/država": "BIZOVAC", "Rbr BM": 1, "Naziv BM": "BROĐANCI", "Lokacija BM": "OSNOVNA ŠKOLA", "Adresa BM": "ŠKOLSKA 1", "Glasovalo birača": 236, "Glasovalo birača (po listićima)": 236, "Važeći listići": 225, "Nevažeći listići": 11 }, "latitude": 45.5436911, "longitude": 18.431677, "population": 412 }, "geometry": { "type": "MultiPolygon", "coordinates": [ [ [ [ 18.429702724164777, 45.563867502121717 ], [ 18.460497016787627, 45.5379051125107 ], [ 18.439033538193456, 45.517035635702058 ], [ 18.424621635894184, 45.560902850056166 ], [ 18.429702724164777, 45.563867502121717 ] ] ] ] } },
{ "type": "Feature", "properties": { "BM": 2400, "data": { "Oznaka Gr/Op/Dr": "općina", "Grad/općina/država": "BIZOVAC", "Rbr BM": 3, "Naziv BM": "NOVAKI BIZOVAČKI", "Lokacija BM": "DRUŠTVENI DOM", "Adresa BM": "IMOTSKA 24", "Glasovalo birača": 101, "Glasovalo birača (po listićima)": 101, "Važeći listići": 100, "Nevažeći listići": 1 }, "latitude": 45.5653323, "longitude": 18.4499225, "population": 143 }, "geometry": { "type": "MultiPolygon", "coordinates": [ [ [ [ 18.429702724164777, 45.563867502121717 ], [ 18.435478762463852, 45.584751280344776 ], [ 18.459512491296273, 45.577185846508044 ], [ 18.481030583282912, 45.569487933569761 ], [ 18.492481400847375, 45.54672355668756 ], [ 18.460497016787627, 45.5379051125107 ], [ 18.429702724164777, 45.563867502121717 ] ] ] ] } },
{ "type": "Feature", "properties": { "BM": 2404, "data": { "Oznaka Gr/Op/Dr": "općina", "Grad/općina/država": "BIZOVAC", "Rbr BM": 7, "Naziv BM": "BIZOVAC", "Lokacija BM": "OSNOVNA ŠKOLA", "Adresa BM": "ULICA DR. FRANJE TUĐMANA 1", "Glasovalo birača": 436, "Glasovalo birača (po listićima)": 436, "Važeći listići": 423, "Nevažeći listići": 13 }, "latitude": 45.5924326, "longitude": 18.4596174, "population": 673 }, "geometry": { "type": "MultiPolygon", "coordinates": [ [ [ [ 18.459512491296273, 45.577185846508044 ], [ 18.458514989074551, 45.608632572042779 ], [ 18.469745494837696, 45.610391138919915 ], [ 18.481287561881871, 45.594439120505825 ], [ 18.481030583282912, 45.569487933569761 ], [ 18.459512491296273, 45.577185846508044 ] ] ] ] } },
{ "type": "Feature", "properties": { "BM": 2082, "data": { "Oznaka Gr/Op/Dr": "grad", "Grad/općina/država": "ĐAKOVO", "Rbr BM": 15, "Naziv BM": "ĐAKOVAČKI PISAK", "Lokacija BM": "OSNOVNA ŠKOLA", "Adresa BM": "ĐAKOVAČKI PISAK", "Glasovalo birača": 97, "Glasovalo birača (po listićima)": 97, "Važeći listići": 92, "Nevažeći listići": 5 }, "latitude": 45.3075014, "longitude": 18.4720771, "population": 231 }, "geometry": { "type": "MultiPolygon", "coordinates": [ [ [ [ 18.449666131330876, 45.319130303690287 ], [ 18.47371361654567, 45.329624097015376 ], [ 18.498157398534854, 45.321633058086086 ], [ 18.475655138818858, 45.27507621629055 ], [ 18.444993085883269, 45.299420459157702 ], [ 18.446694751337851, 45.317395825157185 ], [ 18.449666131330876, 45.319130303690287 ] ] ] ] } },
{ "type": "Feature", "properties": { "BM": 2767, "data": { "Oznaka Gr/Op/Dr": "općina", "Grad/općina/država": "VIŠKOVCI", "Rbr BM": 3, "Naziv BM": "VUČEVCI", "Lokacija BM": "VATROGASNO EDUKACIJSKI CENTAR VUČEVCI", "Adresa BM": "I.L.RIBARA 3", "Glasovalo birača": 116, "Glasovalo birača (po listićima)": 116, "Važeći listići": 113, "Nevažeći listići": 3 }, "latitude": 45.3434693, "longitude": 18.4563815, "population": 207 }, "geometry": { "type": "MultiPolygon", "coordinates": [ [ [ [ 18.458276738644031, 45.375225481033226 ], [ 18.466272812241762, 45.373141900107754 ], [ 18.47371361654567, 45.329624097015376 ], [ 18.449666131330876, 45.319130303690287 ], [ 18.458276738644031, 45.375225481033226 ] ] ] ] } },
{ "type": "Feature", "properties": { "BM": 2345, "data": { "Oznaka Gr/Op/Dr": "grad", "Grad/općina/država": "VALPOVO", "Rbr BM": 7, "Naziv BM": "VALPOVO", "Lokacija BM": "DOM TEHNIKE VALPOVO", "Adresa BM": "BRAĆE RADIĆA 34", "Glasovalo birača": 400, "Glasovalo birača (po listićima)": 400, "Važeći listići": 388, "Nevažeći listići": 12 }, "latitude": 45.640339, "longitude": 18.4629665, "population": 715 }, "geometry": { "type": "MultiPolygon", "coordinates": [ [ [ [ 18.455330773291866, 45.634178682703379 ], [ 18.498841819636166, 45.67521365116982 ], [ 18.510663718094275, 45.66745489335095 ], [ 18.507788760407252, 45.659966529916957 ], [ 18.473744400931306, 45.624531359487982 ], [ 18.455330773291866, 45.634178682703379 ] ] ] ] } },
{ "type": "Feature", "properties": { "BM": 2403, "data": { "Oznaka Gr/Op/Dr": "općina", "Grad/općina/država": "BIZOVAC", "Rbr BM": 6, "Naziv BM": "BIZOVAC", "Lokacija BM": "KUD BIZOVAC", "Adresa BM": "ULICA KRALJA TOMISLAVA 136", "Glasovalo birača": 544, "Glasovalo birača (po listićima)": 544, "Važeći listići": 530, "Nevažeći listići": 14 }, "latitude": 45.5923953, "longitude": 18.4584415, "population": 923 }, "geometry": { "type": "MultiPolygon", "coordinates": [ [ [ [ 18.427947691435207, 45.604974962197062 ], [ 18.458514989074551, 45.608632572042779 ], [ 18.459512491296273, 45.577185846508044 ], [ 18.435478762463852, 45.584751280344776 ], [ 18.427947691435207, 45.604974962197062 ] ] ] ] } },
{ "type": "Feature", "properties": { "BM": 2649, "data": { "Oznaka Gr/Op/Dr": "općina", "Grad/općina/država": "PETRIJEVCI", "Rbr BM": 4, "Naziv BM": "SATNICA", "Lokacija BM": "ZGRADA DOMA", "Adresa BM": "TRG SVETE KATARINE 1", "Glasovalo birača": 249, "Glasovalo birača (po listićima)": 249, "Važeći listići": 247, "Nevažeći listići": 2 }, "latitude": 45.6143947, "longitude": 18.4899707, "population": 396 }, "geometry": { "type": "MultiPolygon", "coordinates": [ [ [ [ 18.473744400931306, 45.624531359487982 ], [ 18.507788760407252, 45.659966529916957 ], [ 18.509080323583401, 45.610490035735012 ], [ 18.481287561881871, 45.594439120505825 ], [ 18.469745494837696, 45.610391138919915 ], [ 18.473744400931306, 45.624531359487982 ] ] ] ] } },
{ "type": "Feature", "properties": { "BM": 2401, "data": { "Oznaka Gr/Op/Dr": "općina", "Grad/općina/država": "BIZOVAC", "Rbr BM": 4, "Naziv BM": "SAMATOVCI", "Lokacija BM": "OSNOVNA ŠKOLA", "Adresa BM": "PERE KOVAČEVIĆA 5", "Glasovalo birača": 295, "Glasovalo birača (po listićima)": 295, "Važeći listići": 287, "Nevažeći listići": 8 }, "latitude": 45.5919867, "longitude": 18.5029118, "population": 517 }, "geometry": { "type": "MultiPolygon", "coordinates": [ [ [ [ 18.481030583282912, 45.569487933569761 ], [ 18.481287561881871, 45.594439120505825 ], [ 18.509080323583401, 45.610490035735012 ], [ 18.519123296534172, 45.599739453306171 ], [ 18.540913553307863, 45.565277121663293 ], [ 18.532554701760439, 45.558905974363483 ], [ 18.505177175653607, 45.54100036439722 ], [ 18.492481400847375, 45.54672355668756 ], [ 18.481030583282912, 45.569487933569761 ] ] ] ] } },
{ "type": "Feature", "properties": { "BM": 2688, "data": { "Oznaka Gr/Op/Dr": "općina", "Grad/općina/država": "POPOVAC", "Rbr BM": 2, "Naziv BM": "KNEŽEVO", "Lokacija BM": "DOM KULTURE", "Adresa BM": "OSJEČKA 7", "Glasovalo birača": 153, "Glasovalo birača (po listićima)": 153, "Važeći listići": 147, "Nevažeći listići": 6 }, "latitude": 45.8440314, "longitude": 18.6453713, "population": 421 }, "geometry": { "type": "MultiPolygon", "coordinates": [ [ [ [ 18.6035057, 45.8279995 ], [ 18.6016673, 45.8317497 ], [ 18.6008788, 45.8334246 ], [ 18.6009181, 45.8336694 ], [ 18.6010945, 45.8337902 ], [ 18.6115696, 45.8363918 ], [ 18.6160589, 45.8375372 ], [ 18.6214994, 45.8390826 ], [ 18.6236656, 45.8398531 ], [ 18.614845, 45.8531439 ], [ 18.6164856, 45.8531503 ], [ 18.6192051, 45.8535449 ], [ 18.6235534, 45.8543238 ], [ 18.6235446, 45.8554641 ], [ 18.6246148, 45.858133 ], [ 18.6256969, 45.8592775 ], [ 18.625688, 45.860424 ], [ 18.6262291, 45.8615663 ], [ 18.6262203, 45.8627066 ], [ 18.6267438, 45.8649955 ], [ 18.6272702, 45.8669001 ], [ 18.6277705, 45.8733783 ], [ 18.6283116, 45.8733804 ], [ 18.6293999, 45.8737625 ], [ 18.6295426, 45.8738632 ], [ 18.6304853, 45.8745288 ], [ 18.631562, 45.8764355 ], [ 18.6315591, 45.8768197 ], [ 18.6376222, 45.868085 ], [ 18.6479463, 45.8719275 ], [ 18.6495703, 45.8730736 ], [ 18.6539322, 45.8734733 ], [ 18.6549222, 45.8741994 ], [ 18.6478879, 45.8799221 ], [ 18.6478851, 45.8803063 ], [ 18.6451444, 45.8825772 ], [ 18.6418562, 45.884468 ], [ 18.6418533, 45.8848522 ], [ 18.6412809, 45.8890397 ], [ 18.6460129, 45.8922605 ], [ 18.6481932, 45.8925193 ], [ 18.6483033, 45.8920891 ], [ 18.649372770116653, 45.892814930991626 ], [ 18.679969465225629, 45.857690894425566 ], [ 18.667782816805868, 45.830721943210357 ], [ 18.619533326347252, 45.813007363222908 ], [ 18.61718763265543, 45.814152748253299 ], [ 18.602513126425997, 45.827229997235804 ], [ 18.6035057, 45.8279995 ] ] ] ] } },
{ "type": "Feature", "properties": { "BM": 2537, "data": { "Oznaka Gr/Op/Dr": "općina", "Grad/općina/država": "JAGODNJAK", "Rbr BM": 3, "Naziv BM": "BOLMAN", "Lokacija BM": "SALA DOMA KULTURE", "Adresa BM": "SAVE KOVAČEVIĆA 74", "Glasovalo birača": 57, "Glasovalo birača (po listićima)": 57, "Važeći listići": 54, "Nevažeći listići": 3 }, "latitude": 45.722003, "longitude": 18.5165629, "population": 300 }, "geometry": { "type": "MultiPolygon", "coordinates": [ [ [ [ 18.478009824834292, 45.689341448722494 ], [ 18.493771797036832, 45.739942463242642 ], [ 18.501484060191459, 45.750668305819225 ], [ 18.556633551293391, 45.723633421947838 ], [ 18.542185184167419, 45.671027829969752 ], [ 18.539651197324662, 45.670553650927467 ], [ 18.510663718094275, 45.66745489335095 ], [ 18.498841819636166, 45.67521365116982 ], [ 18.478009824834292, 45.689341448722494 ] ] ] ] } },
{ "type": "Feature", "properties": { "BM": 2100, "data": { "Oznaka Gr/Op/Dr": "grad", "Grad/općina/država": "ĐAKOVO", "Rbr BM": 33, "Naziv BM": "ĐURĐANCI", "Lokacija BM": "OSNOVNA ŠKOLA", "Adresa BM": "ĐURĐANCI", "Glasovalo birača": 168, "Glasovalo birača (po listićima)": 168, "Važeći listići": 162, "Nevažeći listići": 6 }, "latitude": 45.292417, "longitude": 18.5032865, "population": 327 }, "geometry": { "type": "MultiPolygon", "coordinates": [ [ [ [ 18.475655138818858, 45.27507621629055 ], [ 18.498157398534854, 45.321633058086086 ], [ 18.519842252310557, 45.328532611869413 ], [ 18.524668641440851, 45.325807632709257 ], [ 18.53049558804635, 45.299839718489089 ], [ 18.521709170834093, 45.237896805855762 ], [ 18.478681015871725, 45.266512062801901 ], [ 18.475655138818858, 45.27507621629055 ] ] ] ] } },
{ "type": "Feature", "properties": { "BM": 2037, "data": { "Oznaka Gr/Op/Dr": "grad", "Grad/općina/država": "BELI MANASTIR", "Rbr BM": 11, "Naziv BM": "ŠEĆERANA", "Lokacija BM": "OSNOVNA ŠKOLA U ŠEĆERANI", "Adresa BM": "ŽRTAVA DOMOVINSKOG RATA 27", "Glasovalo birača": 218, "Glasovalo birača (po listićima)": 218, "Važeći listići": 211, "Nevažeći listići": 7 }, "latitude": 45.7827272, "longitude": 18.5907398, "population": 407 }, "geometry": { "type": "MultiPolygon", "coordinates": [ [ [ [ 18.5803201, 45.8155941 ], [ 18.5848181, 45.8167156 ], [ 18.5853965, 45.8169236 ], [ 18.5913225, 45.819214 ], [ 18.5924844, 45.8197548 ], [ 18.5941363, 45.8206974 ], [ 18.5951927, 45.8213706 ], [ 18.5981326, 45.8236941 ], [ 18.599188, 45.8245639 ], [ 18.6005493, 45.8255853 ], [ 18.6019875, 45.8268225 ], [ 18.602513126425997, 45.827229997235804 ], [ 18.61718763265543, 45.814152748253299 ], [ 18.60339838159349, 45.783760174616503 ], [ 18.59769814006907, 45.778507561001796 ], [ 18.592836020850573, 45.774958300932532 ], [ 18.587792989603141, 45.772287346402898 ], [ 18.576329631625363, 45.814688757820903 ], [ 18.5803201, 45.8155941 ] ] ] ] } },
{ "type": "Feature", "properties": { "BM": 2647, "data": { "Oznaka Gr/Op/Dr": "općina", "Grad/općina/država": "PETRIJEVCI", "Rbr BM": 2, "Naziv BM": "PETRIJEVCI", "Lokacija BM": "VATROGASNI DOM", "Adresa BM": "REPUBLIKE 120", "Glasovalo birača": 401, "Glasovalo birača (po listićima)": 401, "Važeći listići": 386, "Nevažeći listići": 15 }, "latitude": 45.6153864, "longitude": 18.5279602, "population": 701 }, "geometry": { "type": "MultiPolygon", "coordinates": [ [ [ [ 18.507788760407252, 45.659966529916957 ], [ 18.510663718094275, 45.66745489335095 ], [ 18.539651197324662, 45.670553650927467 ], [ 18.532433229109884, 45.615488227328051 ], [ 18.519123296534172, 45.599739453306171 ], [ 18.509080323583401, 45.610490035735012 ], [ 18.507788760407252, 45.659966529916957 ] ] ] ] } },
{ "type": "Feature", "properties": { "BM": 2430, "data": { "Oznaka Gr/Op/Dr": "općina", "Grad/općina/država": "ČEPIN", "Rbr BM": 3, "Naziv BM": "BEKETINCI", "Lokacija BM": "OSNOVNA ŠKOLA \"MILKA CEPELIĆA\"", "Adresa BM": "ČEPINSKA 55", "Glasovalo birača": 263, "Glasovalo birača (po listićima)": 263, "Važeći listići": 258, "Nevažeći listići": 5 }, "latitude": 45.4564116, "longitude": 18.4801793, "population": 435 }, "geometry": { "type": "MultiPolygon", "coordinates": [ [ [ [ 18.448000793840151, 45.475721450887733 ], [ 18.510515650255879, 45.49322668190829 ], [ 18.519941057395098, 45.482476688776316 ], [ 18.480919762355771, 45.429408291225066 ], [ 18.470538873097471, 45.43100055324134 ], [ 18.448000793840151, 45.475721450887733 ] ] ] ] } },
{ "type": "Feature", "properties": { "BM": 2766, "data": { "Oznaka Gr/Op/Dr": "općina", "Grad/općina/država": "VIŠKOVCI", "Rbr BM": 2, "Naziv BM": "FORKUŠEVCI", "Lokacija BM": "DRUŠTVENI DOM", "Adresa BM": "ULICA STJEPANA RADIĆA BB", "Glasovalo birača": 188, "Glasovalo birača (po listićima)": 188, "Važeći listići": 183, "Nevažeći listići": 5 }, "latitude": 45.3484414, "longitude": 18.485461, "population": 334 }, "geometry": { "type": "MultiPolygon", "coordinates": [ [ [ [ 18.466272812241762, 45.373141900107754 ], [ 18.507365983474195, 45.383032837493964 ], [ 18.510608290633634, 45.369084873251659 ], [ 18.519842252310557, 45.328532611869413 ], [ 18.498157398534854, 45.321633058086086 ], [ 18.47371361654567, 45.329624097015376 ], [ 18.466272812241762, 45.373141900107754 ] ] ] ] } },
{ "type": "Feature", "properties": { "BM": 2697, "data": { "Oznaka Gr/Op/Dr": "općina", "Grad/općina/država": "SEMELJCI", "Rbr BM": 2, "Naziv BM": "KORITNA", "Lokacija BM": "PODRUČNA OSNOVNA ŠKOLA JOSIPA KOZARCA", "Adresa BM": "KOLODVORSKA 2", "Glasovalo birača": 387, "Glasovalo birača (po listićima)": 387, "Važeći listići": 376, "Nevažeći listići": 11 }, "latitude": 45.36165, "longitude": 18.5422826, "population": 710 }, "geometry": { "type": "MultiPolygon", "coordinates": [ [ [ [ 18.507365983474195, 45.383032837493964 ], [ 18.514127508234473, 45.394269816651004 ], [ 18.524282707028171, 45.399052058512048 ], [ 18.551384717469862, 45.373868974409994 ], [ 18.544111121219537, 45.361061086094473 ], [ 18.510608290633634, 45.369084873251659 ], [ 18.507365983474195, 45.383032837493964 ] ] ] ] } },
{ "type": "Feature", "properties": { "BM": 2775, "data": { "Oznaka Gr/Op/Dr": "općina", "Grad/općina/država": "VUKA", "Rbr BM": 1, "Naziv BM": "VUKA", "Lokacija BM": "OSNOVNA ŠKOLA \"MILKA CEPELIĆA\"", "Adresa BM": "ULICA MILKA CEPELIĆA 1", "Glasovalo birača": 463, "Glasovalo birača (po listićima)": 463, "Važeći listići": 453, "Nevažeći listići": 10 }, "latitude": 45.4367522, "longitude": 18.5069158, "population": 895 }, "geometry": { "type": "MultiPolygon", "coordinates": [ [ [ [ 18.480919762355771, 45.429408291225066 ], [ 18.519941057395098, 45.482476688776316 ], [ 18.522868708269197, 45.480898366064878 ], [ 18.540753604730568, 45.416481109150631 ], [ 18.524282707028171, 45.399052058512048 ], [ 18.514127508234473, 45.394269816651004 ], [ 18.480919762355771, 45.429408291225066 ] ] ] ] } },
{ "type": "Feature", "properties": { "BM": 2432, "data": { "Oznaka Gr/Op/Dr": "općina", "Grad/općina/država": "ČEPIN", "Rbr BM": 5, "Naziv BM": "ČEPIN", "Lokacija BM": "LOVAČKI DOM", "Adresa BM": "KRALJA ZVONIMIRA 214A", "Glasovalo birača": 415, "Glasovalo birača (po listićima)": 415, "Važeći listići": 400, "Nevažeći listići": 15 }, "latitude": 45.5184893, "longitude": 18.550981, "population": 761 }, "geometry": { "type": "MultiPolygon", "coordinates": [ [ [ [ 18.510515650255879, 45.49322668190829 ], [ 18.505177175653607, 45.54100036439722 ], [ 18.532554701760439, 45.558905974363483 ], [ 18.559111273881946, 45.510273932237183 ], [ 18.537543507057972, 45.482714627336705 ], [ 18.522868708269197, 45.480898366064878 ], [ 18.519941057395098, 45.482476688776316 ], [ 18.510515650255879, 45.49322668190829 ] ] ] ] } },
{ "type": "Feature", "properties": { "BM": 2700, "data": { "Oznaka Gr/Op/Dr": "općina", "Grad/općina/država": "SEMELJCI", "Rbr BM": 5, "Naziv BM": "MRZOVIĆ", "Lokacija BM": "PODRUČNA OSNOVNA ŠKOLA JOSIPA KOZARCA", "Adresa BM": "POTOK 2", "Glasovalo birača": 222, "Glasovalo birača (po listićima)": 222, "Važeći listići": 216, "Nevažeći listići": 6 }, "latitude": 45.3613644, "longitude": 18.5422142, "population": 414 }, "geometry": { "type": "MultiPolygon", "coordinates": [ [ [ [ 18.510608290633634, 45.369084873251659 ], [ 18.544111121219537, 45.361061086094473 ], [ 18.527954419680146, 45.326739400903129 ], [ 18.524668641440851, 45.325807632709257 ], [ 18.519842252310557, 45.328532611869413 ], [ 18.510608290633634, 45.369084873251659 ] ] ] ] } },
{ "type": "Feature", "properties": { "BM": 2646, "data": { "Oznaka Gr/Op/Dr": "općina", "Grad/općina/država": "PETRIJEVCI", "Rbr BM": 1, "Naziv BM": "PETRIJEVCI", "Lokacija BM": "ZGRADA OPĆINE", "Adresa BM": "TRG SV. PETRA 4", "Glasovalo birača": 322, "Glasovalo birača (po listićima)": 322, "Važeći listići": 316, "Nevažeći listići": 6 }, "latitude": 45.614237, "longitude": 18.5367289, "population": 557 }, "geometry": { "type": "MultiPolygon", "coordinates": [ [ [ [ 18.539651197324662, 45.670553650927467 ], [ 18.542185184167419, 45.671027829969752 ], [ 18.591073928734001, 45.641133460922049 ], [ 18.599202177087644, 45.627872150701116 ], [ 18.5660162933886, 45.576890224636408 ], [ 18.532433229109884, 45.615488227328051 ], [ 18.539651197324662, 45.670553650927467 ] ] ] ] } },
{ "type": "Feature", "properties": { "BM": 2699, "data": { "Oznaka Gr/Op/Dr": "općina", "Grad/općina/država": "SEMELJCI", "Rbr BM": 4, "Naziv BM": "VRBICA", "Lokacija BM": "PODRUČNA OSNOVNA ŠKOLA JOSIPA KOZARCA", "Adresa BM": "ĐURĐANAČKA 1", "Glasovalo birača": 236, "Glasovalo birača (po listićima)": 236, "Važeći listići": 229, "Nevažeći listići": 7 }, "latitude": 45.3047542, "longitude": 18.5582675, "population": 492 }, "geometry": { "type": "MultiPolygon", "coordinates": [ [ [ [ 18.527954419680146, 45.326739400903129 ], [ 18.532524247803103, 45.32779503749321 ], [ 18.592251432399962, 45.328317745189061 ], [ 18.57563615086838, 45.298331131866931 ], [ 18.559329725169526, 45.295520967336643 ], [ 18.555026100333858, 45.295211102816992 ], [ 18.53049558804635, 45.299839718489089 ], [ 18.524668641440851, 45.325807632709257 ], [ 18.527954419680146, 45.326739400903129 ] ] ] ] } },
{ "type": "Feature", "properties": { "BM": 2433, "data": { "Oznaka Gr/Op/Dr": "općina", "Grad/općina/država": "ČEPIN", "Rbr BM": 6, "Naziv BM": "ČEPIN", "Lokacija BM": "\"UREDNOST\" D.O.O.", "Adresa BM": "KRALJA ZVONIMIRA 176", "Glasovalo birača": 235, "Glasovalo birača (po listićima)": 235, "Važeći listići": 232, "Nevažeći listići": 3 }, "latitude": 45.521555, "longitude": 18.5565951, "population": 407 }, "geometry": { "type": "MultiPolygon", "coordinates": [ [ [ [ 18.540913553307863, 45.565277121663293 ], [ 18.547484799285634, 45.567003646874909 ], [ 18.557999246722222, 45.5308376186914 ], [ 18.562289914594857, 45.51257399026224 ], [ 18.559111273881946, 45.510273932237183 ], [ 18.532554701760439, 45.558905974363483 ], [ 18.540913553307863, 45.565277121663293 ] ] ] ] } },
{ "type": "Feature", "properties": { "BM": 2648, "data": { "Oznaka Gr/Op/Dr": "općina", "Grad/općina/država": "PETRIJEVCI", "Rbr BM": 3, "Naziv BM": "PETRIJEVCI", "Lokacija BM": "LOVAČKI DOM", "Adresa BM": "KOLODVORSKA 1", "Glasovalo birača": 284, "Glasovalo birača (po listićima)": 284, "Važeći listići": 277, "Nevažeći listići": 7 }, "latitude": 45.6110608, "longitude": 18.5330784, "population": 515 }, "geometry": { "type": "MultiPolygon", "coordinates": [ [ [ [ 18.519123296534172, 45.599739453306171 ], [ 18.532433229109884, 45.615488227328051 ], [ 18.5660162933886, 45.576890224636408 ], [ 18.56396625169949, 45.573359320968599 ], [ 18.562047409866953, 45.572188257897942 ], [ 18.547484799285634, 45.567003646874909 ], [ 18.540913553307863, 45.565277121663293 ], [ 18.519123296534172, 45.599739453306171 ] ] ] ] } },
{ "type": "Feature", "properties": { "BM": 2640, "data": { "Oznaka Gr/Op/Dr": "općina", "Grad/općina/država": "PETLOVAC", "Rbr BM": 1, "Naziv BM": "PETLOVAC", "Lokacija BM": "OSNOVNA ŠKOLA", "Adresa BM": "RADE KONČARA 29", "Glasovalo birača": 297, "Glasovalo birača (po listićima)": 297, "Važeći listići": 283, "Nevažeći listići": 14 }, "latitude": 45.7563066, "longitude": 18.5333789, "population": 559 }, "geometry": { "type": "MultiPolygon", "coordinates": [ [ [ [ 18.501339616205762, 45.770272080268711 ], [ 18.554805605970724, 45.771784840976693 ], [ 18.569657872339331, 45.742344904659518 ], [ 18.57048578550765, 45.738077159853468 ], [ 18.556633551293391, 45.723633421947838 ], [ 18.501484060191459, 45.750668305819225 ], [ 18.501339616205762, 45.770272080268711 ] ] ] ] } },
{ "type": "Feature", "properties": { "BM": 2292, "data": { "Oznaka Gr/Op/Dr": "grad", "Grad/općina/država": "OSIJEK", "Rbr BM": 97, "Naziv BM": "VIŠNJEVAC", "Lokacija BM": "OSNOVNA ŠKOLA VIŠNJEVAC", "Adresa BM": "CRNI PUT 41", "Glasovalo birača": 477, "Glasovalo birača (po listićima)": 473, "Važeći listići": 462, "Nevažeći listići": 11 }, "latitude": 45.5652264, "longitude": 18.6120216, "population": 763 }, "geometry": { "type": "MultiPolygon", "coordinates": [ [ [ [ 18.5660162933886, 45.576890224636408 ], [ 18.599202177087644, 45.627872150701116 ], [ 18.618711186472677, 45.623055655656181 ], [ 18.626384857638282, 45.619037095997584 ], [ 18.628938599909766, 45.586446614807421 ], [ 18.625583188518476, 45.550744381100074 ], [ 18.619084556470877, 45.547219899057126 ], [ 18.617246879372018, 45.546606830211601 ], [ 18.600658000742598, 45.544619565919142 ], [ 18.56396625169949, 45.573359320968599 ], [ 18.5660162933886, 45.576890224636408 ] ] ] ] } },
{ "type": "Feature", "properties": { "BM": 2441, "data": { "Oznaka Gr/Op/Dr": "općina", "Grad/općina/država": "ČEPIN", "Rbr BM": 14, "Naziv BM": "ČEPIN", "Lokacija BM": "OSNOVNA ŠKOLA \"MIROSLAV KRLEŽA\"", "Adresa BM": "KRALJA ZVONIMIRA 100", "Glasovalo birača": 617, "Glasovalo birača (po listićima)": 617, "Važeći listići": 602, "Nevažeći listići": 15 }, "latitude": 45.5237547, "longitude": 18.5641613, "population": 1069 }, "geometry": { "type": "MultiPolygon", "coordinates": [ [ [ [ 18.547484799285634, 45.567003646874909 ], [ 18.562047409866953, 45.572188257897942 ], [ 18.565840635442502, 45.557304484263852 ], [ 18.566203145980779, 45.520349571147591 ], [ 18.557999246722222, 45.5308376186914 ], [ 18.547484799285634, 45.567003646874909 ] ] ] ] } },
{ "type": "Feature", "properties": { "BM": 2536, "data": { "Oznaka Gr/Op/Dr": "općina", "Grad/općina/država": "JAGODNJAK", "Rbr BM": 2, "Naziv BM": "JAGODNJAK", "Lokacija BM": "DOM KULTURE VELIKA SALA", "Adresa BM": "BORISA KIDRIČA 100", "Glasovalo birača": 64, "Glasovalo birača (po listićima)": 64, "Važeći listići": 60, "Nevažeći listići": 4 }, "latitude": 45.7017645, "longitude": 18.59025, "population": 333 }, "geometry": { "type": "MultiPolygon", "coordinates": [ [ [ [ 18.57048578550765, 45.738077159853468 ], [ 18.590036073537945, 45.735794225062001 ], [ 18.632920228494001, 45.725910149925369 ], [ 18.591073928734001, 45.641133460922049 ], [ 18.542185184167419, 45.671027829969752 ], [ 18.556633551293391, 45.723633421947838 ], [ 18.57048578550765, 45.738077159853468 ] ] ] ] } },
{ "type": "Feature", "properties": { "BM": 2696, "data": { "Oznaka Gr/Op/Dr": "općina", "Grad/općina/država": "SEMELJCI", "Rbr BM": 1, "Naziv BM": "SEMELJCI", "Lokacija BM": "OSNOVNA ŠKOLA JOSIPA KOZARCA", "Adresa BM": "ŠKOLSKA 21", "Glasovalo birača": 502, "Glasovalo birača (po listićima)": 502, "Važeći listići": 495, "Nevažeći listići": 7 }, "latitude": 45.3597924, "longitude": 18.5455536, "population": 982 }, "geometry": { "type": "MultiPolygon", "coordinates": [ [ [ [ 18.544111121219537, 45.361061086094473 ], [ 18.551384717469862, 45.373868974409994 ], [ 18.56005649081451, 45.367613012117857 ], [ 18.532524247803103, 45.32779503749321 ], [ 18.527954419680146, 45.326739400903129 ], [ 18.544111121219537, 45.361061086094473 ] ] ] ] } },
{ "type": "Feature", "properties": { "BM": 2691, "data": { "Oznaka Gr/Op/Dr": "općina", "Grad/općina/država": "PUNITOVCI", "Rbr BM": 2, "Naziv BM": "JOSIPOVAC PUNITOVAČKI", "Lokacija BM": "DOM KULTURE", "Adresa BM": "STROSSMAYEROVA 5", "Glasovalo birača": 284, "Glasovalo birača (po listićima)": 284, "Važeći listići": 283, "Nevažeći listići": 1 }, "latitude": 45.3838423, "longitude": 18.5629036, "population": 484 }, "geometry": { "type": "MultiPolygon", "coordinates": [ [ [ [ 18.540753604730568, 45.416481109150631 ], [ 18.567851767829723, 45.417929837984374 ], [ 18.588368019881244, 45.40378525496692 ], [ 18.599492553625051, 45.361504548952922 ], [ 18.56005649081451, 45.367613012117857 ], [ 18.551384717469862, 45.373868974409994 ], [ 18.524282707028171, 45.399052058512048 ], [ 18.540753604730568, 45.416481109150631 ] ] ] ] } },
{ "type": "Feature", "properties": { "BM": 2698, "data": { "Oznaka Gr/Op/Dr": "općina", "Grad/općina/država": "SEMELJCI", "Rbr BM": 3, "Naziv BM": "KEŠINCI", "Lokacija BM": "PODRUČNA OSNOVNA ŠKOLA JOSIPA KOZARCA", "Adresa BM": "DOLJANSKA 1", "Glasovalo birača": 312, "Glasovalo birača (po listićima)": 312, "Važeći listići": 297, "Nevažeći listići": 15 }, "latitude": 45.3512829, "longitude": 18.5578603, "population": 612 }, "geometry": { "type": "MultiPolygon", "coordinates": [ [ [ [ 18.56005649081451, 45.367613012117857 ], [ 18.599492553625051, 45.361504548952922 ], [ 18.615761118554836, 45.340180274148253 ], [ 18.592251432399962, 45.328317745189061 ], [ 18.532524247803103, 45.32779503749321 ], [ 18.56005649081451, 45.367613012117857 ] ] ] ] } },
{ "type": "Feature", "properties": { "BM": 2770, "data": { "Oznaka Gr/Op/Dr": "općina", "Grad/općina/država": "VLADISLAVCI", "Rbr BM": 3, "Naziv BM": "DOPSIN", "Lokacija BM": "DOM KULTURE", "Adresa BM": "JOSIPA JURJA STROSSMAYERA 70", "Glasovalo birača": 223, "Glasovalo birača (po listićima)": 223, "Važeći listići": 208, "Nevažeći listići": 15 }, "latitude": 45.4512955, "longitude": 18.5592974, "population": 362 }, "geometry": { "type": "MultiPolygon", "coordinates": [ [ [ [ 18.537543507057972, 45.482714627336705 ], [ 18.543962323348495, 45.481536072132116 ], [ 18.567247835546119, 45.454347184968654 ], [ 18.57432585860024, 45.432988533924771 ], [ 18.567851767829723, 45.417929837984374 ], [ 18.540753604730568, 45.416481109150631 ], [ 18.522868708269197, 45.480898366064878 ], [ 18.537543507057972, 45.482714627336705 ] ] ] ] } },
{ "type": "Feature", "properties": { "BM": 2435, "data": { "Oznaka Gr/Op/Dr": "općina", "Grad/općina/država": "ČEPIN", "Rbr BM": 8, "Naziv BM": "ČEPIN", "Lokacija BM": "STARA ZGRADA OPĆINE ČEPIN", "Adresa BM": "KRALJA ZVONIMIRA 70", "Glasovalo birača": 393, "Glasovalo birača (po listićima)": 393, "Važeći listići": 385, "Nevažeći listići": 8 }, "latitude": 45.5237941, "longitude": 18.5681778, "population": 640 }, "geometry": { "type": "MultiPolygon", "coordinates": [ [ [ [ 18.566203145980779, 45.520349571147591 ], [ 18.565840635442502, 45.557304484263852 ], [ 18.574791627569628, 45.529300197393717 ], [ 18.56664660340121, 45.517046475654091 ], [ 18.566203145980779, 45.520349571147591 ] ] ] ] } },
{ "type": "Feature", "properties": { "BM": 2434, "data": { "Oznaka Gr/Op/Dr": "općina", "Grad/općina/država": "ČEPIN", "Rbr BM": 7, "Naziv BM": "ČEPIN", "Lokacija BM": "OPĆINA ČEPIN", "Adresa BM": "KRALJA ZVONIMIRA 105", "Glasovalo birača": 455, "Glasovalo birača (po listićima)": 455, "Važeći listići": 442, "Nevažeći listići": 13 }, "latitude": 45.5231513, "longitude": 18.5633899, "population": 855 }, "geometry": { "type": "MultiPolygon", "coordinates": [ [ [ [ 18.56664660340121, 45.517046475654091 ], [ 18.565849842159466, 45.513644158113991 ], [ 18.562289914594857, 45.51257399026224 ], [ 18.557999246722222, 45.5308376186914 ], [ 18.566203145980779, 45.520349571147591 ], [ 18.56664660340121, 45.517046475654091 ] ] ] ] } },
{ "type": "Feature", "properties": { "BM": 2438, "data": { "Oznaka Gr/Op/Dr": "općina", "Grad/općina/država": "ČEPIN", "Rbr BM": 11, "Naziv BM": "ČEPIN", "Lokacija BM": "OSNOVNA ŠKOLA \"VLADIMIR NAZOR\"", "Adresa BM": "KALNIČKA 17", "Glasovalo birača": 512, "Glasovalo birača (po listićima)": 512, "Važeći listići": 505, "Nevažeći listići": 7 }, "latitude": 45.5286509, "longitude": 18.5833729, "population": 804 }, "geometry": { "type": "MultiPolygon", "coordinates": [ [ [ [ 18.562047409866953, 45.572188257897942 ], [ 18.56396625169949, 45.573359320968599 ], [ 18.600658000742598, 45.544619565919142 ], [ 18.600297262275415, 45.535885406146043 ], [ 18.578675804329087, 45.523613816727028 ], [ 18.574791627569628, 45.529300197393717 ], [ 18.565840635442502, 45.557304484263852 ], [ 18.562047409866953, 45.572188257897942 ] ] ] ] } },
{ "type": "Feature", "properties": { "BM": 2437, "data": { "Oznaka Gr/Op/Dr": "općina", "Grad/općina/država": "ČEPIN", "Rbr BM": 10, "Naziv BM": "ČEPIN", "Lokacija BM": "PROSTORIJE NK \"KLAS\"", "Adresa BM": "NERETVANSKA 10", "Glasovalo birača": 396, "Glasovalo birača (po listićima)": 396, "Važeći listići": 385, "Nevažeći listići": 11 }, "latitude": 45.5043565, "longitude": 18.5690399, "population": 709 }, "geometry": { "type": "MultiPolygon", "coordinates": [ [ [ [ 18.559111273881946, 45.510273932237183 ], [ 18.562289914594857, 45.51257399026224 ], [ 18.565849842159466, 45.513644158113991 ], [ 18.582699052247403, 45.510382584922745 ], [ 18.603267194389925, 45.494123944087178 ], [ 18.607550306201226, 45.485243690869432 ], [ 18.606784357547731, 45.485140822875643 ], [ 18.543962323348495, 45.481536072132116 ], [ 18.537543507057972, 45.482714627336705 ], [ 18.559111273881946, 45.510273932237183 ] ] ] ] } },
{ "type": "Feature", "properties": { "BM": 2431, "data": { "Oznaka Gr/Op/Dr": "općina", "Grad/općina/država": "ČEPIN", "Rbr BM": 4, "Naziv BM": "LIVANA", "Lokacija BM": "PROSTORIJE NK ''TOMISLAV''", "Adresa BM": "CVJETNA BB", "Glasovalo birača": 277, "Glasovalo birača (po listićima)": 277, "Važeći listići": 272, "Nevažeći listići": 5 }, "latitude": 45.5272799, "longitude": 18.6165674, "population": 479 }, "geometry": { "type": "MultiPolygon", "coordinates": [ [ [ [ 18.603267194389925, 45.494123944087178 ], [ 18.600297262275415, 45.535885406146043 ], [ 18.600658000742598, 45.544619565919142 ], [ 18.617246879372018, 45.546606830211601 ], [ 18.627860538385431, 45.48388529956889 ], [ 18.618526920465385, 45.478853438843757 ], [ 18.607550306201226, 45.485243690869432 ], [ 18.603267194389925, 45.494123944087178 ] ] ] ] } },
{ "type": "Feature", "properties": { "BM": 2731, "data": { "Oznaka Gr/Op/Dr": "općina", "Grad/općina/država": "ŠODOLOVCI", "Rbr BM": 1, "Naziv BM": "ŠODOLOVCI", "Lokacija BM": "DRUŠTVENI DOM", "Adresa BM": "IVE ANDRIĆA 3", "Glasovalo birača": 66, "Glasovalo birača (po listićima)": 66, "Važeći listići": 64, "Nevažeći listići": 2 }, "latitude": 45.3989571, "longitude": 18.62035, "population": 293 }, "geometry": { "type": "MultiPolygon", "coordinates": [ [ [ [ 18.615761118554836, 45.340180274148253 ], [ 18.599492553625051, 45.361504548952922 ], [ 18.588368019881244, 45.40378525496692 ], [ 18.601794234777607, 45.412204383234702 ], [ 18.658721473861739, 45.37367097299294 ], [ 18.649655274698969, 45.342936818798172 ], [ 18.630748061806116, 45.33615610796226 ], [ 18.615761118554836, 45.340180274148253 ] ] ] ] } },
{ "type": "Feature", "properties": { "BM": 2768, "data": { "Oznaka Gr/Op/Dr": "općina", "Grad/općina/država": "VLADISLAVCI", "Rbr BM": 1, "Naziv BM": "VLADISLAVCI", "Lokacija BM": "OPĆINA VLADISLAVCI", "Adresa BM": "KRALJA TOMISLAVA 141", "Glasovalo birača": 299, "Glasovalo birača (po listićima)": 299, "Važeći listići": 292, "Nevažeći listići": 7 }, "latitude": 45.4617339, "longitude": 18.5714856, "population": 441 }, "geometry": { "type": "MultiPolygon", "coordinates": [ [ [ [ 18.543962323348495, 45.481536072132116 ], [ 18.606784357547731, 45.485140822875643 ], [ 18.567247835546119, 45.454347184968654 ], [ 18.543962323348495, 45.481536072132116 ] ] ] ] } },
{ "type": "Feature", "properties": { "BM": 2769, "data": { "Oznaka Gr/Op/Dr": "općina", "Grad/općina/država": "VLADISLAVCI", "Rbr BM": 2, "Naziv BM": "VLADISLAVCI", "Lokacija BM": "OSNOVNA ŠKOLA MATE LOVRAKA", "Adresa BM": "KRALJA TOMISLAVA 75", "Glasovalo birača": 274, "Glasovalo birača (po listićima)": 274, "Važeći listići": 267, "Nevažeći listići": 7 }, "latitude": 45.4566474, "longitude": 18.5754473, "population": 401 }, "geometry": { "type": "MultiPolygon", "coordinates": [ [ [ [ 18.607550306201226, 45.485243690869432 ], [ 18.618526920465385, 45.478853438843757 ], [ 18.618480131738938, 45.47821541223297 ], [ 18.57432585860024, 45.432988533924771 ], [ 18.567247835546119, 45.454347184968654 ], [ 18.606784357547731, 45.485140822875643 ], [ 18.607550306201226, 45.485243690869432 ] ] ] ] } },
{ "type": "Feature", "properties": { "BM": 2436, "data": { "Oznaka Gr/Op/Dr": "općina", "Grad/općina/država": "ČEPIN", "Rbr BM": 9, "Naziv BM": "ČEPIN", "Lokacija BM": "VETERINARSKA STANICA - AMBULANTA", "Adresa BM": "KRALJA TOMISLAVA 26", "Glasovalo birača": 345, "Glasovalo birača (po listićima)": 345, "Važeći listići": 334, "Nevažeći listići": 11 }, "latitude": 45.5210705, "longitude": 18.5722753, "population": 617 }, "geometry": { "type": "MultiPolygon", "coordinates": [ [ [ [ 18.565849842159466, 45.513644158113991 ], [ 18.56664660340121, 45.517046475654091 ], [ 18.574791627569628, 45.529300197393717 ], [ 18.578675804329087, 45.523613816727028 ], [ 18.582699052247403, 45.510382584922745 ], [ 18.565849842159466, 45.513644158113991 ] ] ] ] } },
{ "type": "Feature", "properties": { "BM": 2428, "data": { "Oznaka Gr/Op/Dr": "općina", "Grad/općina/država": "ČEPIN", "Rbr BM": 1, "Naziv BM": "ČOKADINCI", "Lokacija BM": "DRUŠTVENI DOM", "Adresa BM": "OSJEČKA ULICA 76", "Glasovalo birača": 66, "Glasovalo birača (po listićima)": 66, "Važeći listići": 64, "Nevažeći listići": 2 }, "latitude": 45.525064, "longitude": 18.5854087, "population": 109 }, "geometry": { "type": "MultiPolygon", "coordinates": [ [ [ [ 18.578675804329087, 45.523613816727028 ], [ 18.600297262275415, 45.535885406146043 ], [ 18.603267194389925, 45.494123944087178 ], [ 18.582699052247403, 45.510382584922745 ], [ 18.578675804329087, 45.523613816727028 ] ] ] ] } },
{ "type": "Feature", "properties": { "BM": 2771, "data": { "Oznaka Gr/Op/Dr": "općina", "Grad/općina/država": "VLADISLAVCI", "Rbr BM": 4, "Naziv BM": "HRASTIN", "Lokacija BM": "DOM KULTURE", "Adresa BM": "ŠANDORA PETEFIJA 64", "Glasovalo birača": 112, "Glasovalo birača (po listićima)": 112, "Važeći listići": 108, "Nevažeći listići": 4 }, "latitude": 45.4346774, "longitude": 18.597951, "population": 175 }, "geometry": { "type": "MultiPolygon", "coordinates": [ [ [ [ 18.57432585860024, 45.432988533924771 ], [ 18.618480131738938, 45.47821541223297 ], [ 18.630892449456855, 45.431479056568755 ], [ 18.601794234777607, 45.412204383234702 ], [ 18.588368019881244, 45.40378525496692 ], [ 18.567851767829723, 45.417929837984374 ], [ 18.57432585860024, 45.432988533924771 ] ] ] ] } },
{ "type": "Feature", "properties": { "BM": 2038, "data": { "Oznaka Gr/Op/Dr": "grad", "Grad/općina/država": "BELI MANASTIR", "Rbr BM": 12, "Naziv BM": "ŠUMARINA", "Lokacija BM": "DOM KULTURE", "Adresa BM": "I.G.KOVAČIĆA 59", "Glasovalo birača": 214, "Glasovalo birača (po listićima)": 214, "Važeći listići": 207, "Nevažeći listići": 7 }, "latitude": 45.7798202, "longitude": 18.5799872, "population": 372 }, "geometry": { "type": "MultiPolygon", "coordinates": [ [ [ [ 18.55865, 45.8011266 ], [ 18.5598192, 45.8036729 ], [ 18.5749572, 45.8003464 ], [ 18.573289, 45.8106824 ], [ 18.5728156, 45.8135942 ], [ 18.5748818, 45.8140325 ], [ 18.574853, 45.8143669 ], [ 18.5755626, 45.8145189 ], [ 18.5758842, 45.8145877 ], [ 18.576329631625363, 45.814688757820903 ], [ 18.587792989603141, 45.772287346402898 ], [ 18.569657872339331, 45.742344904659518 ], [ 18.554805605970724, 45.771784840976693 ], [ 18.55864150287352, 45.801110113963603 ], [ 18.55865, 45.8011266 ] ] ] ] } },
{ "type": "Feature", "properties": { "BM": 2029, "data": { "Oznaka Gr/Op/Dr": "grad", "Grad/općina/država": "BELI MANASTIR", "Rbr BM": 3, "Naziv BM": "BELI MANASTIR", "Lokacija BM": "ZGRADA \"P+8\" (LJEPOTICA)", "Adresa BM": "IMRE NAGYA 2D", "Glasovalo birača": 272, "Glasovalo birača (po listićima)": 272, "Važeći listići": 263, "Nevažeći listići": 9 }, "latitude": 45.7688591, "longitude": 18.5980848, "population": 541 }, "geometry": { "type": "MultiPolygon", "coordinates": [ [ [ [ 18.587792989603141, 45.772287346402898 ], [ 18.592836020850573, 45.774958300932532 ], [ 18.601532622623882, 45.767381351554405 ], [ 18.590036073537945, 45.735794225062001 ], [ 18.57048578550765, 45.738077159853468 ], [ 18.569657872339331, 45.742344904659518 ], [ 18.587792989603141, 45.772287346402898 ] ] ] ] } },
{ "type": "Feature", "properties": { "BM": 2032, "data": { "Oznaka Gr/Op/Dr": "grad", "Grad/općina/država": "BELI MANASTIR", "Rbr BM": 6, "Naziv BM": "BELI MANASTIR", "Lokacija BM": "ZGRADA HRVATSKE ELEKTROPRIVREDE", "Adresa BM": "KRALJA ZVONIMIRA 69", "Glasovalo birača": 220, "Glasovalo birača (po listićima)": 220, "Važeći listići": 214, "Nevažeći listići": 6 }, "latitude": 45.7709604, "longitude": 18.6081148, "population": 497 }, "geometry": { "type": "MultiPolygon", "coordinates": [ [ [ [ 18.611042940664177, 45.767155888869887 ], [ 18.604743512538416, 45.771554175407886 ], [ 18.604968972241004, 45.777263434944423 ], [ 18.607847352414069, 45.774108513658263 ], [ 18.610072359328299, 45.771029458969394 ], [ 18.611042940664177, 45.767155888869887 ] ] ] ] } },
{ "type": "Feature", "properties": { "BM": 2027, "data": { "Oznaka Gr/Op/Dr": "grad", "Grad/općina/država": "BELI MANASTIR", "Rbr BM": 1, "Naziv BM": "BELI MANASTIR", "Lokacija BM": "UDRUGA PRIJATELJI SVETOG MARTINA", "Adresa BM": "OSJEČKA ULICA 49A", "Glasovalo birača": 293, "Glasovalo birača (po listićima)": 293, "Važeći listići": 287, "Nevažeći listići": 6 }, "latitude": 45.7718916, "longitude": 18.6118312, "population": 650 }, "geometry": { "type": "MultiPolygon", "coordinates": [ [ [ [ 18.610072359328299, 45.771029458969394 ], [ 18.611790537577466, 45.772930947167183 ], [ 18.637428918762136, 45.786399347339589 ], [ 18.658369659989582, 45.757313214666908 ], [ 18.657702617497158, 45.740944357167244 ], [ 18.64101738893369, 45.730080092764588 ], [ 18.613693997583134, 45.762839932512172 ], [ 18.611042940664177, 45.767155888869887 ], [ 18.610072359328299, 45.771029458969394 ] ] ] ] } },
{ "type": "Feature", "properties": { "BM": 2030, "data": { "Oznaka Gr/Op/Dr": "grad", "Grad/općina/država": "BELI MANASTIR", "Rbr BM": 4, "Naziv BM": "BELI MANASTIR", "Lokacija BM": "CENTAR ZA KULTURU GRADA BELOG MANASTIRA", "Adresa BM": "KRALJA TOMISLAVA 2", "Glasovalo birača": 236, "Glasovalo birača (po listićima)": 236, "Važeći listići": 231, "Nevažeći listići": 5 }, "latitude": 45.7705943, "longitude": 18.5995966, "population": 560 }, "geometry": { "type": "MultiPolygon", "coordinates": [ [ [ [ 18.59769814006907, 45.778507561001796 ], [ 18.601682347912785, 45.767573934143662 ], [ 18.601532622623882, 45.767381351554405 ], [ 18.592836020850573, 45.774958300932532 ], [ 18.59769814006907, 45.778507561001796 ] ] ] ] } },
{ "type": "Feature", "properties": { "BM": 2036, "data": { "Oznaka Gr/Op/Dr": "grad", "Grad/općina/država": "BELI MANASTIR", "Rbr BM": 10, "Naziv BM": "BRANJIN VRH", "Lokacija BM": "OSNOVNA ŠKOLA U BRANJINOM VRHU", "Adresa BM": "SVETOG KRIŽA BB", "Glasovalo birača": 384, "Glasovalo birača (po listićima)": 384, "Važeći listići": 374, "Nevažeći listići": 10 }, "latitude": 45.7728664, "longitude": 18.6107524, "population": 676 }, "geometry": { "type": "MultiPolygon", "coordinates": [ [ [ [ 18.610072359328299, 45.771029458969394 ], [ 18.607847352414069, 45.774108513658263 ], [ 18.611790537577466, 45.772930947167183 ], [ 18.610072359328299, 45.771029458969394 ] ] ] ] } },
{ "type": "Feature", "properties": { "BM": 2035, "data": { "Oznaka Gr/Op/Dr": "grad", "Grad/općina/država": "BELI MANASTIR", "Rbr BM": 9, "Naziv BM": "BELI MANASTIR", "Lokacija BM": "DOM ZDRAVLJA BELI MANASTIR", "Adresa BM": "ŠKOLSKA 5", "Glasovalo birača": 335, "Glasovalo birača (po listićima)": 335, "Važeći listići": 325, "Nevažeći listići": 10 }, "latitude": 45.7662972, "longitude": 18.6051237, "population": 656 }, "geometry": { "type": "MultiPolygon", "coordinates": [ [ [ [ 18.601532622623882, 45.767381351554405 ], [ 18.601682347912785, 45.767573934143662 ], [ 18.603360883873389, 45.768863345511079 ], [ 18.613693997583134, 45.762839932512172 ], [ 18.64101738893369, 45.730080092764588 ], [ 18.638410691816865, 45.728044794429707 ], [ 18.632920228494001, 45.725910149925369 ], [ 18.590036073537945, 45.735794225062001 ], [ 18.601532622623882, 45.767381351554405 ] ] ] ] } },
{ "type": "Feature", "properties": { "BM": 2031, "data": { "Oznaka Gr/Op/Dr": "grad", "Grad/općina/država": "BELI MANASTIR", "Rbr BM": 5, "Naziv BM": "BELI MANASTIR", "Lokacija BM": "ZGRADA HKUD-A", "Adresa BM": "KRALJA TOMISLAVA 11", "Glasovalo birača": 218, "Glasovalo birača (po listićima)": 218, "Važeći listići": 206, "Nevažeći listići": 12 }, "latitude": 45.7712281, "longitude": 18.6013359, "population": 516 }, "geometry": { "type": "MultiPolygon", "coordinates": [ [ [ [ 18.60339838159349, 45.783760174616503 ], [ 18.604968972241004, 45.777263434944423 ], [ 18.604743512538416, 45.771554175407886 ], [ 18.603360883873389, 45.768863345511079 ], [ 18.601682347912785, 45.767573934143662 ], [ 18.59769814006907, 45.778507561001796 ], [ 18.60339838159349, 45.783760174616503 ] ] ] ] } },
{ "type": "Feature", "properties": { "BM": 2034, "data": { "Oznaka Gr/Op/Dr": "grad", "Grad/općina/država": "BELI MANASTIR", "Rbr BM": 8, "Naziv BM": "BELI MANASTIR", "Lokacija BM": "OSNOVNA ŠKOLA \"DR. FRANJO TUĐMAN\"", "Adresa BM": "SV. MARTINA 16", "Glasovalo birača": 366, "Glasovalo birača (po listićima)": 366, "Važeći listići": 357, "Nevažeći listići": 9 }, "latitude": 45.7685939, "longitude": 18.6064625, "population": 723 }, "geometry": { "type": "MultiPolygon", "coordinates": [ [ [ [ 18.604743512538416, 45.771554175407886 ], [ 18.611042940664177, 45.767155888869887 ], [ 18.613693997583134, 45.762839932512172 ], [ 18.603360883873389, 45.768863345511079 ], [ 18.604743512538416, 45.771554175407886 ] ] ] ] } },
{ "type": "Feature", "properties": { "BM": 2028, "data": { "Oznaka Gr/Op/Dr": "grad", "Grad/općina/država": "BELI MANASTIR", "Rbr BM": 2, "Naziv BM": "BELI MANASTIR", "Lokacija BM": "HVIDRA BARANJA", "Adresa BM": "OSJEČKA 118", "Glasovalo birača": 298, "Glasovalo birača (po listićima)": 298, "Važeći listići": 284, "Nevažeći listići": 14 }, "latitude": 45.7735542, "longitude": 18.6109578, "population": 656 }, "geometry": { "type": "MultiPolygon", "coordinates": [ [ [ [ 18.604968972241004, 45.777263434944423 ], [ 18.60339838159349, 45.783760174616503 ], [ 18.61718763265543, 45.814152748253299 ], [ 18.619533326347252, 45.813007363222908 ], [ 18.637428918762136, 45.786399347339589 ], [ 18.611790537577466, 45.772930947167183 ], [ 18.607847352414069, 45.774108513658263 ], [ 18.604968972241004, 45.777263434944423 ] ] ] ] } },
{ "type": "Feature", "properties": { "BM": 2427, "data": { "Oznaka Gr/Op/Dr": "općina", "Grad/općina/država": "ČEMINAC", "Rbr BM": 4, "Naziv BM": "NOVI ČEMINAC", "Lokacija BM": "DOM KULTURE", "Adresa BM": "ULICA KRALJA ZVONIMIRA 3A", "Glasovalo birača": 117, "Glasovalo birača (po listićima)": 117, "Važeći listići": 111, "Nevažeći listići": 6 }, "latitude": 45.6773536, "longitude": 18.6397042, "population": 239 }, "geometry": { "type": "MultiPolygon", "coordinates": [ [ [ [ 18.638410691816865, 45.728044794429707 ], [ 18.655565112806471, 45.67586516530784 ], [ 18.618711186472677, 45.623055655656181 ], [ 18.599202177087644, 45.627872150701116 ], [ 18.591073928734001, 45.641133460922049 ], [ 18.632920228494001, 45.725910149925369 ], [ 18.638410691816865, 45.728044794429707 ] ] ] ] } },
{ "type": "Feature", "properties": { "BM": 2687, "data": { "Oznaka Gr/Op/Dr": "općina", "Grad/općina/država": "POPOVAC", "Rbr BM": 1, "Naziv BM": "POPOVAC", "Lokacija BM": "DOM KULTURE", "Adresa BM": "VLADIMIRA NAZORA 32", "Glasovalo birača": 349, "Glasovalo birača (po listićima)": 348, "Važeći listići": 333, "Nevažeći listići": 15 }, "latitude": 45.8060726, "longitude": 18.6593077, "population": 626 }, "geometry": { "type": "MultiPolygon", "coordinates": [ [ [ [ 18.637428918762136, 45.786399347339589 ], [ 18.619533326347252, 45.813007363222908 ], [ 18.667782816805868, 45.830721943210357 ], [ 18.686946230375217, 45.792366644885604 ], [ 18.658369659989582, 45.757313214666908 ], [ 18.637428918762136, 45.786399347339589 ] ] ] ] } },
{ "type": "Feature", "properties": { "BM": 2501, "data": { "Oznaka Gr/Op/Dr": "općina", "Grad/općina/država": "ERNESTINOVO", "Rbr BM": 1, "Naziv BM": "ERNESTINOVO", "Lokacija BM": "OSNOVNA ŠKOLA ERNESTINOVO", "Adresa BM": "ŠKOLSKA 1", "Glasovalo birača": 579, "Glasovalo birača (po listićima)": 579, "Važeći listići": 564, "Nevažeći listići": 15 }, "latitude": 45.4506004, "longitude": 18.6579062, "population": 923 }, "geometry": { "type": "MultiPolygon", "coordinates": [ [ [ [ 18.618526920465385, 45.478853438843757 ], [ 18.627860538385431, 45.48388529956889 ], [ 18.62848175711353, 45.484153441634206 ], [ 18.636918974236636, 45.480912336506279 ], [ 18.701103082000486, 45.451050859387159 ], [ 18.674999048969372, 45.408496638573759 ], [ 18.66817920789342, 45.404328380072116 ], [ 18.630892449456855, 45.431479056568755 ], [ 18.618480131738938, 45.47821541223297 ], [ 18.618526920465385, 45.478853438843757 ] ] ] ] } },
{ "type": "Feature", "properties": { "BM": 2297, "data": { "Oznaka Gr/Op/Dr": "grad", "Grad/općina/država": "OSIJEK", "Rbr BM": 102, "Naziv BM": "BRIJEŠĆE", "Lokacija BM": "OSNOVNA ŠKOLA CVJETNO", "Adresa BM": "ZELENA ULICA 1", "Glasovalo birača": 357, "Glasovalo birača (po listićima)": 356, "Važeći listići": 346, "Nevažeći listići": 10 }, "latitude": 45.5285795, "longitude": 18.6242474, "population": 668 }, "geometry": { "type": "MultiPolygon", "coordinates": [ [ [ [ 18.619084556470877, 45.547219899057126 ], [ 18.641487183257727, 45.500261854429795 ], [ 18.62848175711353, 45.484153441634206 ], [ 18.627860538385431, 45.48388529956889 ], [ 18.617246879372018, 45.546606830211601 ], [ 18.619084556470877, 45.547219899057126 ] ] ] ] } },
{ "type": "Feature", "properties": { "BM": 2734, "data": { "Oznaka Gr/Op/Dr": "općina", "Grad/općina/država": "ŠODOLOVCI", "Rbr BM": 4, "Naziv BM": "ADA", "Lokacija BM": "DRUŠTVENI DOM", "Adresa BM": "GLAVNA 6", "Glasovalo birača": 25, "Glasovalo birača (po listićima)": 25, "Važeći listići": 24, "Nevažeći listići": 1 }, "latitude": 45.3998995, "longitude": 18.6209879, "population": 106 }, "geometry": { "type": "MultiPolygon", "coordinates": [ [ [ [ 18.630892449456855, 45.431479056568755 ], [ 18.66817920789342, 45.404328380072116 ], [ 18.658721473861739, 45.37367097299294 ], [ 18.601794234777607, 45.412204383234702 ], [ 18.630892449456855, 45.431479056568755 ] ] ] ] } },
{ "type": "Feature", "properties": { "BM": 2298, "data": { "Oznaka Gr/Op/Dr": "grad", "Grad/općina/država": "OSIJEK", "Rbr BM": 103, "Naziv BM": "OSIJEK", "Lokacija BM": "MJESNO ODBOR CVJETNO", "Adresa BM": "VIJENAC LIPA 36", "Glasovalo birača": 513, "Glasovalo birača (po listićima)": 511, "Važeći listići": 501, "Nevažeći listići": 10 }, "latitude": 45.5314787, "longitude": 18.6303244, "population": 758 }, "geometry": { "type": "MultiPolygon", "coordinates": [ [ [ [ 18.625583188518476, 45.550744381100074 ], [ 18.644383539605315, 45.543895526964235 ], [ 18.655963424207926, 45.514867725455318 ], [ 18.641487183257727, 45.500261854429795 ], [ 18.619084556470877, 45.547219899057126 ], [ 18.625583188518476, 45.550744381100074 ] ] ] ] } },
{ "type": "Feature", "properties": { "BM": 2200, "data": { "Oznaka Gr/Op/Dr": "grad", "Grad/općina/država": "OSIJEK", "Rbr BM": 5, "Naziv BM": "OSIJEK", "Lokacija BM": "OSNOVNA ŠKOLA \"RETFALA\"", "Adresa BM": "KAPELSKA ULICA 51A", "Glasovalo birača": 705, "Glasovalo birača (po listićima)": 704, "Važeći listići": 696, "Nevažeći listići": 8 }, "latitude": 45.562446, "longitude": 18.6416056, "population": 1051 }, "geometry": { "type": "MultiPolygon", "coordinates": [ [ [ [ 18.625583188518476, 45.550744381100074 ], [ 18.628938599909766, 45.586446614807421 ], [ 18.64436851341577, 45.56646364773195 ], [ 18.646393878682325, 45.546315392465566 ], [ 18.644383539605315, 45.543895526964235 ], [ 18.625583188518476, 45.550744381100074 ] ] ] ] } },
{ "type": "Feature", "properties": { "BM": 2233, "data": { "Oznaka Gr/Op/Dr": "grad", "Grad/općina/država": "OSIJEK", "Rbr BM": 38, "Naziv BM": "OSIJEK", "Lokacija BM": "PROSTORIJA UHDDR, TEMELJNI OGRANAK \"FILIPOVICA\"", "Adresa BM": "BEDNJANSKA ULICA BB", "Glasovalo birača": 371, "Glasovalo birača (po listićima)": 371, "Važeći listići": 353, "Nevažeći listići": 18 }, "latitude": 45.5445652, "longitude": 18.6631289, "population": 603 }, "geometry": { "type": "MultiPolygon", "coordinates": [ [ [ [ 18.646393878682325, 45.546315392465566 ], [ 18.64896704989637, 45.548435679096016 ], [ 18.651123801453938, 45.54967346819322 ], [ 18.662891532586773, 45.551894889277904 ], [ 18.667529460419772, 45.550651259716609 ], [ 18.671180731085823, 45.546323383228767 ], [ 18.673090945444841, 45.522652659380128 ], [ 18.671492868045213, 45.517589769291696 ], [ 18.655963424207926, 45.514867725455318 ], [ 18.644383539605315, 45.543895526964235 ], [ 18.646393878682325, 45.546315392465566 ] ] ] ] } },
{ "type": "Feature", "properties": { "BM": 2198, "data": { "Oznaka Gr/Op/Dr": "grad", "Grad/općina/država": "OSIJEK", "Rbr BM": 3, "Naziv BM": "OSIJEK", "Lokacija BM": "MAĐARSKO KULTURNO DRUŠTVO NEPKÖR", "Adresa BM": "ULICA ŠÁNDORA PETÖFIA 76", "Glasovalo birača": 438, "Glasovalo birača (po listićima)": 438, "Važeći listići": 429, "Nevažeći listići": 9 }, "latitude": 45.5681204, "longitude": 18.6489544, "population": 678 }, "geometry": { "type": "MultiPolygon", "coordinates": [ [ [ [ 18.628938599909766, 45.586446614807421 ], [ 18.626384857638282, 45.619037095997584 ], [ 18.635321427488751, 45.617746978084718 ], [ 18.650654010121308, 45.607806138282314 ], [ 18.657589850989638, 45.603006345822003 ], [ 18.660401175287728, 45.586145834227224 ], [ 18.654807351498388, 45.571239623962015 ], [ 18.649826957808806, 45.565296446819538 ], [ 18.64436851341577, 45.56646364773195 ], [ 18.628938599909766, 45.586446614807421 ] ] ] ] } },
{ "type": "Feature", "properties": { "BM": 2424, "data": { "Oznaka Gr/Op/Dr": "općina", "Grad/općina/država": "ČEMINAC", "Rbr BM": 1, "Naziv BM": "ČEMINAC", "Lokacija BM": "DRUŠTVENI CENTAR \"DR. FRANJO TUĐMAN\"", "Adresa BM": "ULICA HRVATSKIH BRANITELJA 4", "Glasovalo birača": 485, "Glasovalo birača (po listićima)": 485, "Važeći listići": 478, "Nevažeći listići": 7 }, "latitude": 45.6864748, "longitude": 18.6674487, "population": 764 }, "geometry": { "type": "MultiPolygon", "coordinates": [ [ [ [ 18.64101738893369, 45.730080092764588 ], [ 18.657702617497158, 45.740944357167244 ], [ 18.658720581758708, 45.740464069066455 ], [ 18.670129855079427, 45.672941595016177 ], [ 18.655565112806471, 45.67586516530784 ], [ 18.638410691816865, 45.728044794429707 ], [ 18.64101738893369, 45.730080092764588 ] ] ] ] } },
{ "type": "Feature", "properties": { "BM": 2199, "data": { "Oznaka Gr/Op/Dr": "grad", "Grad/općina/država": "OSIJEK", "Rbr BM": 4, "Naziv BM": "OSIJEK", "Lokacija BM": "DJEČJI VRTIĆ \"SUNČICA\"", "Adresa BM": "KOLODVORSKA 61A", "Glasovalo birača": 697, "Glasovalo birača (po listićima)": 697, "Važeći listići": 674, "Nevažeći listići": 23 }, "latitude": 45.5630763, "longitude": 18.6478758, "population": 1074 }, "geometry": { "type": "MultiPolygon", "coordinates": [ [ [ [ 18.64436851341577, 45.56646364773195 ], [ 18.649826957808806, 45.565296446819538 ], [ 18.650153916960068, 45.564435566018133 ], [ 18.650322356593595, 45.562844093875178 ], [ 18.64896704989637, 45.548435679096016 ], [ 18.646393878682325, 45.546315392465566 ], [ 18.64436851341577, 45.56646364773195 ] ] ] ] } },
{ "type": "Feature", "properties": { "BM": 2205, "data": { "Oznaka Gr/Op/Dr": "grad", "Grad/općina/država": "OSIJEK", "Rbr BM": 10, "Naziv BM": "OSIJEK", "Lokacija BM": "GRADSKA ČETVRT RETFALA", "Adresa BM": "ULICA LJUDEVITA POSAVSKOG 14A", "Glasovalo birača": 425, "Glasovalo birača (po listićima)": 425, "Važeći listići": 418, "Nevažeći listići": 7 }, "latitude": 45.562616, "longitude": 18.6527693, "population": 653 }, "geometry": { "type": "MultiPolygon", "coordinates": [ [ [ [ 18.650322356593595, 45.562844093875178 ], [ 18.655220703380643, 45.563366692229792 ], [ 18.655407662268129, 45.563027784413578 ], [ 18.655968112488033, 45.559428982015902 ], [ 18.651123801453938, 45.54967346819322 ], [ 18.64896704989637, 45.548435679096016 ], [ 18.650322356593595, 45.562844093875178 ] ] ] ] } },
{ "type": "Feature", "properties": { "BM": 2689, "data": { "Oznaka Gr/Op/Dr": "općina", "Grad/općina/država": "POPOVAC", "Rbr BM": 3, "Naziv BM": "BRANJINA", "Lokacija BM": "DOM KULTURE", "Adresa BM": "DAVORA KOKANOVIĆA 12", "Glasovalo birača": 99, "Glasovalo birača (po listićima)": 99, "Važeći listići": 96, "Nevažeći listići": 3 }, "latitude": 45.8226977, "longitude": 18.6925826, "population": 218 }, "geometry": { "type": "MultiPolygon", "coordinates": [ [ [ [ 18.679969465225629, 45.857690894425566 ], [ 18.718750048087628, 45.85443292389396 ], [ 18.70990362973173, 45.797978742119462 ], [ 18.686946230375217, 45.792366644885604 ], [ 18.667782816805868, 45.830721943210357 ], [ 18.679969465225629, 45.857690894425566 ] ] ] ] } },
{ "type": "Feature", "properties": { "BM": 2449, "data": { "Oznaka Gr/Op/Dr": "općina", "Grad/općina/država": "DARDA", "Rbr BM": 8, "Naziv BM": "UGLJEŠ", "Lokacija BM": "OSNOVNA ŠKOLA DARDA, PODRUČNI ODJEL UGLJEŠ", "Adresa BM": "BARANJSKA ULICA 11", "Glasovalo birača": 58, "Glasovalo birača (po listićima)": 58, "Važeći listići": 55, "Nevažeći listići": 3 }, "latitude": 45.6614914, "longitude": 18.6624338, "population": 291 }, "geometry": { "type": "MultiPolygon", "coordinates": [ [ [ [ 18.618711186472677, 45.623055655656181 ], [ 18.655565112806471, 45.67586516530784 ], [ 18.670129855079427, 45.672941595016177 ], [ 18.699288823024748, 45.666228170225708 ], [ 18.687006394739335, 45.651913974597193 ], [ 18.635321427488751, 45.617746978084718 ], [ 18.626384857638282, 45.619037095997584 ], [ 18.618711186472677, 45.623055655656181 ] ] ] ] } },
{ "type": "Feature", "properties": { "BM": 2206, "data": { "Oznaka Gr/Op/Dr": "grad", "Grad/općina/država": "OSIJEK", "Rbr BM": 11, "Naziv BM": "OSIJEK", "Lokacija BM": "GRADSKA ČETVRT RETFALA", "Adresa BM": "ŠOKAČKA ULICA 1", "Glasovalo birača": 412, "Glasovalo birača (po listićima)": 412, "Važeći listići": 406, "Nevažeći listići": 6 }, "latitude": 45.5635833, "longitude": 18.6526661, "population": 634 }, "geometry": { "type": "MultiPolygon", "coordinates": [ [ [ [ 18.650153916960068, 45.564435566018133 ], [ 18.654983463399944, 45.564099145832152 ], [ 18.655220703380643, 45.563366692229792 ], [ 18.650322356593595, 45.562844093875178 ], [ 18.650153916960068, 45.564435566018133 ] ] ] ] } },
{ "type": "Feature", "properties": { "BM": 2208, "data": { "Oznaka Gr/Op/Dr": "grad", "Grad/općina/država": "OSIJEK", "Rbr BM": 13, "Naziv BM": "OSIJEK", "Lokacija BM": "GRADSKA ČETVRT RETFALA", "Adresa BM": "JOSIPA JURJA STROSSMAYERA 200", "Glasovalo birača": 372, "Glasovalo birača (po listićima)": 372, "Važeći listići": 361, "Nevažeći listići": 11 }, "latitude": 45.5650399, "longitude": 18.6571632, "population": 650 }, "geometry": { "type": "MultiPolygon", "coordinates": [ [ [ [ 18.660401175287728, 45.586145834227224 ], [ 18.663396521290725, 45.578468662611364 ], [ 18.662645344321728, 45.567017296317658 ], [ 18.655407662268129, 45.563027784413578 ], [ 18.655220703380643, 45.563366692229792 ], [ 18.654983463399944, 45.564099145832152 ], [ 18.654807351498388, 45.571239623962015 ], [ 18.660401175287728, 45.586145834227224 ] ] ] ] } },
{ "type": "Feature", "properties": { "BM": 2196, "data": { "Oznaka Gr/Op/Dr": "grad", "Grad/općina/država": "OSIJEK", "Rbr BM": 1, "Naziv BM": "OSIJEK", "Lokacija BM": "DVD RETFALA", "Adresa BM": "ULICA ŠÁNDORA PETÖFIA 1", "Glasovalo birača": 646, "Glasovalo birača (po listićima)": 646, "Važeći listići": 626, "Nevažeći listići": 20 }, "latitude": 45.5649313, "longitude": 18.65276, "population": 1029 }, "geometry": { "type": "MultiPolygon", "coordinates": [ [ [ [ 18.654807351498388, 45.571239623962015 ], [ 18.654983463399944, 45.564099145832152 ], [ 18.650153916960068, 45.564435566018133 ], [ 18.649826957808806, 45.565296446819538 ], [ 18.654807351498388, 45.571239623962015 ] ] ] ] } },
{ "type": "Feature", "properties": { "BM": 2290, "data": { "Oznaka Gr/Op/Dr": "grad", "Grad/općina/država": "OSIJEK", "Rbr BM": 95, "Naziv BM": "VIŠNJEVAC", "Lokacija BM": "MJESNI ODBOR VIŠNJEVAC", "Adresa BM": "ULICA J.J. STROSSMAYERA 2", "Glasovalo birača": 500, "Glasovalo birača (po listićima)": 498, "Važeći listići": 481, "Nevažeći listići": 17 }, "latitude": 45.5634378, "longitude": 18.6580463, "population": 808 }, "geometry": { "type": "MultiPolygon", "coordinates": [ [ [ [ 18.655407662268129, 45.563027784413578 ], [ 18.662645344321728, 45.567017296317658 ], [ 18.66282925471852, 45.565026057367589 ], [ 18.662677899184395, 45.56289782771313 ], [ 18.655968112488033, 45.559428982015902 ], [ 18.655407662268129, 45.563027784413578 ] ] ] ] } },
{ "type": "Feature", "properties": { "BM": 2388, "data": { "Oznaka Gr/Op/Dr": "općina", "Grad/općina/država": "ANTUNOVAC", "Rbr BM": 3, "Naziv BM": "IVANOVAC", "Lokacija BM": "HRVATSKI DOM", "Adresa BM": "DUGA 35", "Glasovalo birača": 395, "Glasovalo birača (po listićima)": 395, "Važeći listići": 388, "Nevažeći listići": 7 }, "latitude": 45.4893778, "longitude": 18.6728023, "population": 610 }, "geometry": { "type": "MultiPolygon", "coordinates": [ [ [ [ 18.641487183257727, 45.500261854429795 ], [ 18.655963424207926, 45.514867725455318 ], [ 18.671492868045213, 45.517589769291696 ], [ 18.702604923334658, 45.503212269515288 ], [ 18.705353998511907, 45.496075393674644 ], [ 18.643087660973432, 45.481926720812403 ], [ 18.636918974236636, 45.480912336506279 ], [ 18.62848175711353, 45.484153441634206 ], [ 18.641487183257727, 45.500261854429795 ] ] ] ] } },
{ "type": "Feature", "properties": { "BM": 2312, "data": { "Oznaka Gr/Op/Dr": "grad", "Grad/općina/država": "OSIJEK", "Rbr BM": 117, "Naziv BM": "TVRĐAVICA", "Lokacija BM": "PROSTOR NADA KONJIĆ", "Adresa BM": "TVRĐAVICA 71", "Glasovalo birača": 355, "Glasovalo birača (po listićima)": 355, "Važeći listići": 345, "Nevažeći listići": 10 }, "latitude": 45.5728096, "longitude": 18.6770772, "population": 514 }, "geometry": { "type": "MultiPolygon", "coordinates": [ [ [ [ 18.660401175287728, 45.586145834227224 ], [ 18.657589850989638, 45.603006345822003 ], [ 18.702926127964918, 45.593935163779982 ], [ 18.700695464318564, 45.585688631037712 ], [ 18.687132925018251, 45.568530049546801 ], [ 18.679781492516796, 45.566100952363293 ], [ 18.678912845989451, 45.566075731134617 ], [ 18.675139030135263, 45.56675969567867 ], [ 18.672463736667218, 45.568559810421647 ], [ 18.663396521290725, 45.578468662611364 ], [ 18.660401175287728, 45.586145834227224 ] ] ] ] } },
{ "type": "Feature", "properties": { "BM": 2203, "data": { "Oznaka Gr/Op/Dr": "grad", "Grad/općina/država": "OSIJEK", "Rbr BM": 8, "Naziv BM": "OSIJEK", "Lokacija BM": "OSNOVNA ŠKOLA IVANA FILIPOVIĆA", "Adresa BM": "KALNIČKA 48", "Glasovalo birača": 563, "Glasovalo birača (po listićima)": 563, "Važeći listići": 552, "Nevažeći listići": 11 }, "latitude": 45.5588067, "longitude": 18.6604405, "population": 856 }, "geometry": { "type": "MultiPolygon", "coordinates": [ [ [ [ 18.655968112488033, 45.559428982015902 ], [ 18.662677899184395, 45.56289782771313 ], [ 18.663859802592363, 45.560844098623697 ], [ 18.662891532586773, 45.551894889277904 ], [ 18.651123801453938, 45.54967346819322 ], [ 18.655968112488033, 45.559428982015902 ] ] ] ] } },
{ "type": "Feature", "properties": { "BM": 2442, "data": { "Oznaka Gr/Op/Dr": "općina", "Grad/općina/država": "DARDA", "Rbr BM": 1, "Naziv BM": "DARDA", "Lokacija BM": "DOM KULTURE", "Adresa BM": "SVETOG IVANA KRSTITELJA 100", "Glasovalo birača": 319, "Glasovalo birača (po listićima)": 319, "Važeći listići": 311, "Nevažeći listići": 8 }, "latitude": 45.6255535, "longitude": 18.686191, "population": 638 }, "geometry": { "type": "MultiPolygon", "coordinates": [ [ [ [ 18.693162800461124, 45.627457627563281 ], [ 18.650654010121308, 45.607806138282314 ], [ 18.635321427488751, 45.617746978084718 ], [ 18.687006394739335, 45.651913974597193 ], [ 18.693162800461124, 45.627457627563281 ] ] ] ] } },
{ "type": "Feature", "properties": { "BM": 2447, "data": { "Oznaka Gr/Op/Dr": "općina", "Grad/općina/država": "DARDA", "Rbr BM": 6, "Naziv BM": "DARDA", "Lokacija BM": "OSNOVNA ŠKOLA DARDA, UČIONICA BROJ 3", "Adresa BM": "ŠKOLSKA 9", "Glasovalo birača": 181, "Glasovalo birača (po listićima)": 180, "Važeći listići": 170, "Nevažeći listići": 10 }, "latitude": 45.6290813, "longitude": 18.7002052, "population": 512 }, "geometry": { "type": "MultiPolygon", "coordinates": [ [ [ [ 18.687006394739335, 45.651913974597193 ], [ 18.699288823024748, 45.666228170225708 ], [ 18.732561007635585, 45.684731355026393 ], [ 18.732565751187639, 45.684730050780196 ], [ 18.703550076287101, 45.603754611503575 ], [ 18.693162800461124, 45.627457627563281 ], [ 18.687006394739335, 45.651913974597193 ] ] ] ] } },
{ "type": "Feature", "properties": { "BM": 2209, "data": { "Oznaka Gr/Op/Dr": "grad", "Grad/općina/država": "OSIJEK", "Rbr BM": 14, "Naziv BM": "OSIJEK", "Lokacija BM": "OSNOVNA ŠKOLA VLADIMIRA BECIĆA", "Adresa BM": "VIJENAC AUGUSTA CESARCA 36", "Glasovalo birača": 721, "Glasovalo birača (po listićima)": 721, "Važeći listići": 701, "Nevažeći listići": 20 }, "latitude": 45.5627769, "longitude": 18.6673393, "population": 1071 }, "geometry": { "type": "MultiPolygon", "coordinates": [ [ [ [ 18.66282925471852, 45.565026057367589 ], [ 18.668816071500345, 45.563177333858221 ], [ 18.668724199650466, 45.560243051281802 ], [ 18.663859802592363, 45.560844098623697 ], [ 18.662677899184395, 45.56289782771313 ], [ 18.66282925471852, 45.565026057367589 ] ] ] ] } },
{ "type": "Feature", "properties": { "BM": 2211, "data": { "Oznaka Gr/Op/Dr": "grad", "Grad/općina/država": "OSIJEK", "Rbr BM": 16, "Naziv BM": "OSIJEK", "Lokacija BM": "GRADSKA ČETVRT GORNJI GRAD", "Adresa BM": "JOSIPA JURJA STROSSMAYERA 68", "Glasovalo birača": 622, "Glasovalo birača (po listićima)": 621, "Važeći listići": 612, "Nevažeći listići": 9 }, "latitude": 45.5643407, "longitude": 18.6678222, "population": 925 }, "geometry": { "type": "MultiPolygon", "coordinates": [ [ [ [ 18.663396521290725, 45.578468662611364 ], [ 18.672463736667218, 45.568559810421647 ], [ 18.668816071500345, 45.563177333858221 ], [ 18.66282925471852, 45.565026057367589 ], [ 18.662645344321728, 45.567017296317658 ], [ 18.663396521290725, 45.578468662611364 ] ] ] ] } },
{ "type": "Feature", "properties": { "BM": 2217, "data": { "Oznaka Gr/Op/Dr": "grad", "Grad/općina/država": "OSIJEK", "Rbr BM": 22, "Naziv BM": "OSIJEK", "Lokacija BM": "VATROGASNI DOM", "Adresa BM": "ULICA PAVLA PEJAČEVIĆA 44", "Glasovalo birača": 434, "Glasovalo birača (po listićima)": 434, "Važeći listići": 426, "Nevažeći listići": 8 }, "latitude": 45.5626853, "longitude": 18.6702649, "population": 700 }, "geometry": { "type": "MultiPolygon", "coordinates": [ [ [ [ 18.668724199650466, 45.560243051281802 ], [ 18.668816071500345, 45.563177333858221 ], [ 18.672463736667218, 45.568559810421647 ], [ 18.675139030135263, 45.56675969567867 ], [ 18.674969407936061, 45.566418658628542 ], [ 18.670076243874501, 45.559205727442254 ], [ 18.668724199650466, 45.560243051281802 ] ] ] ] } },
{ "type": "Feature", "properties": { "BM": 2215, "data": { "Oznaka Gr/Op/Dr": "grad", "Grad/općina/država": "OSIJEK", "Rbr BM": 20, "Naziv BM": "OSIJEK", "Lokacija BM": "GRADSKA ČETVRT GORNJI GRAD", "Adresa BM": "ULICA ANDRIJE HEBRANGA 32", "Glasovalo birača": 503, "Glasovalo birača (po listićima)": 503, "Važeći listići": 494, "Nevažeći listići": 9 }, "latitude": 45.5581225, "longitude": 18.6667642, "population": 804 }, "geometry": { "type": "MultiPolygon", "coordinates": [ [ [ [ 18.670076243874501, 45.559205727442254 ], [ 18.67098617449555, 45.556890353053873 ], [ 18.667529460419772, 45.550651259716609 ], [ 18.662891532586773, 45.551894889277904 ], [ 18.663859802592363, 45.560844098623697 ], [ 18.668724199650466, 45.560243051281802 ], [ 18.670076243874501, 45.559205727442254 ] ] ] ] } },
{ "type": "Feature", "properties": { "BM": 2218, "data": { "Oznaka Gr/Op/Dr": "grad", "Grad/općina/država": "OSIJEK", "Rbr BM": 23, "Naziv BM": "OSIJEK", "Lokacija BM": "GRADSKA ČETVRT GORNJI GRAD", "Adresa BM": "ULICA ADOLFA WALDINGERA 11", "Glasovalo birača": 552, "Glasovalo birača (po listićima)": 549, "Važeći listići": 532, "Nevažeći listići": 17 }, "latitude": 45.5606673, "longitude": 18.6732396, "population": 779 }, "geometry": { "type": "MultiPolygon", "coordinates": [ [ [ [ 18.670076243874501, 45.559205727442254 ], [ 18.674969407936061, 45.566418658628542 ], [ 18.67394125983402, 45.559950147575726 ], [ 18.673061703270598, 45.55720927931759 ], [ 18.67098617449555, 45.556890353053873 ], [ 18.670076243874501, 45.559205727442254 ] ] ] ] } },
{ "type": "Feature", "properties": { "BM": 2552, "data": { "Oznaka Gr/Op/Dr": "općina", "Grad/općina/država": "KNEŽEVI VINOGRADI", "Rbr BM": 7, "Naziv BM": "KAMENAC", "Lokacija BM": "DOM KULTURE", "Adresa BM": "GLAVNA 49", "Glasovalo birača": 38, "Glasovalo birača (po listićima)": 38, "Važeći listići": 37, "Nevažeći listići": 1 }, "latitude": 45.7680566, "longitude": 18.70594, "population": 113 }, "geometry": { "type": "MultiPolygon", "coordinates": [ [ [ [ 18.657702617497158, 45.740944357167244 ], [ 18.658369659989582, 45.757313214666908 ], [ 18.686946230375217, 45.792366644885604 ], [ 18.70990362973173, 45.797978742119462 ], [ 18.72994704426533, 45.786318551609725 ], [ 18.717873098456753, 45.756134578046087 ], [ 18.695223880174971, 45.723557694770314 ], [ 18.658720581758708, 45.740464069066455 ], [ 18.657702617497158, 45.740944357167244 ] ] ] ] } },
{ "type": "Feature", "properties": { "BM": 2426, "data": { "Oznaka Gr/Op/Dr": "općina", "Grad/općina/država": "ČEMINAC", "Rbr BM": 3, "Naziv BM": "KOZARAC", "Lokacija BM": "DOM KULTURE \"MEĐIMURSKI DOM\"", "Adresa BM": "BANA J. JELAČIĆA 1", "Glasovalo birača": 340, "Glasovalo birača (po listićima)": 340, "Važeći listići": 324, "Nevažeći listići": 16 }, "latitude": 45.6866044, "longitude": 18.6682157, "population": 538 }, "geometry": { "type": "MultiPolygon", "coordinates": [ [ [ [ 18.670129855079427, 45.672941595016177 ], [ 18.658720581758708, 45.740464069066455 ], [ 18.695223880174971, 45.723557694770314 ], [ 18.732561007635585, 45.684731355026393 ], [ 18.699288823024748, 45.666228170225708 ], [ 18.670129855079427, 45.672941595016177 ] ] ] ] } },
{ "type": "Feature", "properties": { "BM": 2221, "data": { "Oznaka Gr/Op/Dr": "grad", "Grad/općina/država": "OSIJEK", "Rbr BM": 26, "Naziv BM": "OSIJEK", "Lokacija BM": "GRADSKA ČETVRT GORNJI GRAD", "Adresa BM": "TRG LAVA MIRSKOG 1", "Glasovalo birača": 300, "Glasovalo birača (po listićima)": 300, "Važeći listići": 295, "Nevažeći listići": 5 }, "latitude": 45.5592467, "longitude": 18.677471, "population": 490 }, "geometry": { "type": "MultiPolygon", "coordinates": [ [ [ [ 18.679485948548869, 45.557665813414097 ], [ 18.677252130921122, 45.555768006836558 ], [ 18.675262787358015, 45.556973626237024 ], [ 18.676604820915912, 45.56085702889807 ], [ 18.678912845989451, 45.566075731134617 ], [ 18.679781492516796, 45.566100952363293 ], [ 18.679485948548869, 45.557665813414097 ] ] ] ] } },
{ "type": "Feature", "properties": { "BM": 2223, "data": { "Oznaka Gr/Op/Dr": "grad", "Grad/općina/država": "OSIJEK", "Rbr BM": 28, "Naziv BM": "OSIJEK", "Lokacija BM": "OSNOVNA ŠKOLA FRANJE KREŽME", "Adresa BM": "ŠKOLSKA 3", "Glasovalo birača": 269, "Glasovalo birača (po listićima)": 269, "Važeći listići": 256, "Nevažeći listići": 13 }, "latitude": 45.5591018, "longitude": 18.6816066, "population": 385 }, "geometry": { "type": "MultiPolygon", "coordinates": [ [ [ [ 18.679781492516796, 45.566100952363293 ], [ 18.687132925018251, 45.568530049546801 ], [ 18.687400998946309, 45.563440373458945 ], [ 18.685435038320279, 45.559973334938363 ], [ 18.682364408588583, 45.556972677660191 ], [ 18.679485948548869, 45.557665813414097 ], [ 18.679781492516796, 45.566100952363293 ] ] ] ] } },
{ "type": "Feature", "properties": { "BM": 2216, "data": { "Oznaka Gr/Op/Dr": "grad", "Grad/općina/država": "OSIJEK", "Rbr BM": 21, "Naziv BM": "OSIJEK", "Lokacija BM": "ZDRAVSTVENA STANICA DRAVA", "Adresa BM": "PROLAZ JOSIPA LEOVIĆA 4", "Glasovalo birača": 602, "Glasovalo birača (po listićima)": 602, "Važeći listići": 582, "Nevažeći listići": 20 }, "latitude": 45.5539642, "longitude": 18.6742696, "population": 931 }, "geometry": { "type": "MultiPolygon", "coordinates": [ [ [ [ 18.667529460419772, 45.550651259716609 ], [ 18.67098617449555, 45.556890353053873 ], [ 18.673061703270598, 45.55720927931759 ], [ 18.675262787358015, 45.556973626237024 ], [ 18.677252130921122, 45.555768006836558 ], [ 18.678240811280443, 45.551392711065056 ], [ 18.676558684673736, 45.549742814776849 ], [ 18.671180731085823, 45.546323383228767 ], [ 18.667529460419772, 45.550651259716609 ] ] ] ] } },
{ "type": "Feature", "properties": { "BM": 2220, "data": { "Oznaka Gr/Op/Dr": "grad", "Grad/općina/država": "OSIJEK", "Rbr BM": 25, "Naziv BM": "OSIJEK", "Lokacija BM": "OSNOVNA ŠKOLA SVETE ANE", "Adresa BM": "ULICA SV. ANE 2", "Glasovalo birača": 655, "Glasovalo birača (po listićima)": 655, "Važeći listići": 636, "Nevažeći listići": 19 }, "latitude": 45.5604144, "longitude": 18.6748307, "population": 988 }, "geometry": { "type": "MultiPolygon", "coordinates": [ [ [ [ 18.675139030135263, 45.56675969567867 ], [ 18.678912845989451, 45.566075731134617 ], [ 18.676604820915912, 45.56085702889807 ], [ 18.67394125983402, 45.559950147575726 ], [ 18.674969407936061, 45.566418658628542 ], [ 18.675139030135263, 45.56675969567867 ] ] ] ] } },
{ "type": "Feature", "properties": { "BM": 2387, "data": { "Oznaka Gr/Op/Dr": "općina", "Grad/općina/država": "ANTUNOVAC", "Rbr BM": 2, "Naziv BM": "ANTUNOVAC", "Lokacija BM": "OSNOVNA ŠKOLA \"ANTUNOVAC\"", "Adresa BM": "ŠKOLSKA ULICA 15", "Glasovalo birača": 575, "Glasovalo birača (po listićima)": 575, "Važeći listići": 567, "Nevažeći listići": 8 }, "latitude": 45.4843833, "longitude": 18.6736236, "population": 800 }, "geometry": { "type": "MultiPolygon", "coordinates": [ [ [ [ 18.643087660973432, 45.481926720812403 ], [ 18.707413428455677, 45.491039391610954 ], [ 18.711915968641399, 45.481523784267232 ], [ 18.719902467084701, 45.463224955927892 ], [ 18.701103082000486, 45.451050859387159 ], [ 18.636918974236636, 45.480912336506279 ], [ 18.643087660973432, 45.481926720812403 ] ] ] ] } },
{ "type": "Feature", "properties": { "BM": 2232, "data": { "Oznaka Gr/Op/Dr": "grad", "Grad/općina/država": "OSIJEK", "Rbr BM": 37, "Naziv BM": "OSIJEK", "Lokacija BM": "GRADSKA ČETVRT INDUSTRIJSKA ČETVRT, DVORAC MAČKAMAMA", "Adresa BM": "DRINSKA 2", "Glasovalo birača": 338, "Glasovalo birača (po listićima)": 338, "Važeći listići": 329, "Nevažeći listići": 9 }, "latitude": 45.5458791, "longitude": 18.6794103, "population": 502 }, "geometry": { "type": "MultiPolygon", "coordinates": [ [ [ [ 18.676558684673736, 45.549742814776849 ], [ 18.684635310351776, 45.542578554675188 ], [ 18.685481931802101, 45.540562237717722 ], [ 18.685754762723146, 45.539244932308243 ], [ 18.673090945444841, 45.522652659380128 ], [ 18.671180731085823, 45.546323383228767 ], [ 18.676558684673736, 45.549742814776849 ] ] ] ] } },
{ "type": "Feature", "properties": { "BM": 2386, "data": { "Oznaka Gr/Op/Dr": "općina", "Grad/općina/država": "ANTUNOVAC", "Rbr BM": 1, "Naziv BM": "ANTUNOVAC", "Lokacija BM": "HRVATSKI DOM", "Adresa BM": "BRAĆE RADIĆA 4", "Glasovalo birača": 723, "Glasovalo birača (po listićima)": 723, "Važeći listići": 709, "Nevažeći listići": 14 }, "latitude": 45.4880483, "longitude": 18.6731044, "population": 1026 }, "geometry": { "type": "MultiPolygon", "coordinates": [ [ [ [ 18.705353998511907, 45.496075393674644 ], [ 18.707413428455677, 45.491039391610954 ], [ 18.643087660973432, 45.481926720812403 ], [ 18.705353998511907, 45.496075393674644 ] ] ] ] } },
{ "type": "Feature", "properties": { "BM": 2307, "data": { "Oznaka Gr/Op/Dr": "grad", "Grad/općina/država": "OSIJEK", "Rbr BM": 112, "Naziv BM": "TENJA", "Lokacija BM": "HRVATSKI DOM TENJA", "Adresa BM": "ULICA SVETE ANE 1E", "Glasovalo birača": 319, "Glasovalo birača (po listićima)": 319, "Važeći listići": 304, "Nevažeći listići": 15 }, "latitude": 45.5601251, "longitude": 18.6749292, "population": 878 }, "geometry": { "type": "MultiPolygon", "coordinates": [ [ [ [ 18.673061703270598, 45.55720927931759 ], [ 18.67394125983402, 45.559950147575726 ], [ 18.676604820915912, 45.56085702889807 ], [ 18.675262787358015, 45.556973626237024 ], [ 18.673061703270598, 45.55720927931759 ] ] ] ] } },
{ "type": "Feature", "properties": { "BM": 2300, "data": { "Oznaka Gr/Op/Dr": "grad", "Grad/općina/država": "OSIJEK", "Rbr BM": 105, "Naziv BM": "BRIJEST", "Lokacija BM": "MJESNI ODBOR BRIJEST", "Adresa BM": "JUŽNO PREDGRAĐE 54", "Glasovalo birača": 610, "Glasovalo birača (po listićima)": 608, "Važeći listići": 593, "Nevažeći listići": 15 }, "latitude": 45.5348753, "longitude": 18.6938276, "population": 902 }, "geometry": { "type": "MultiPolygon", "coordinates": [ [ [ [ 18.673090945444841, 45.522652659380128 ], [ 18.685754762723146, 45.539244932308243 ], [ 18.695575681330872, 45.542941814237224 ], [ 18.697244923055056, 45.542737811263436 ], [ 18.700110316345661, 45.541277301469201 ], [ 18.703493438247911, 45.537881486880892 ], [ 18.712059621062021, 45.520526703444553 ], [ 18.702604923334658, 45.503212269515288 ], [ 18.671492868045213, 45.517589769291696 ], [ 18.673090945444841, 45.522652659380128 ] ] ] ] } },
{ "type": "Feature", "properties": { "BM": 2227, "data": { "Oznaka Gr/Op/Dr": "grad", "Grad/općina/država": "OSIJEK", "Rbr BM": 32, "Naziv BM": "OSIJEK", "Lokacija BM": "OSNOVNA ŠKOLA \"DOBRIŠA CESARIĆ\"", "Adresa BM": "NERETVANSKA 10", "Glasovalo birača": 337, "Glasovalo birača (po listićima)": 337, "Važeći listići": 329, "Nevažeći listići": 8 }, "latitude": 45.5473725, "longitude": 18.680735, "population": 575 }, "geometry": { "type": "MultiPolygon", "coordinates": [ [ [ [ 18.684635310351776, 45.542578554675188 ], [ 18.676558684673736, 45.549742814776849 ], [ 18.678240811280443, 45.551392711065056 ], [ 18.680547770412389, 45.551396873646397 ], [ 18.683275564722457, 45.548249938802293 ], [ 18.684635310351776, 45.542578554675188 ] ] ] ] } },
{ "type": "Feature", "properties": { "BM": 2235, "data": { "Oznaka Gr/Op/Dr": "grad", "Grad/općina/država": "OSIJEK", "Rbr BM": 40, "Naziv BM": "OSIJEK", "Lokacija BM": "OSNOVNA ŠKOLA \"AUGUST ŠENOA\"", "Adresa BM": "DRINSKA 14", "Glasovalo birača": 694, "Glasovalo birača (po listićima)": 693, "Važeći listići": 677, "Nevažeći listići": 16 }, "latitude": 45.5486199, "longitude": 18.6859378, "population": 1044 }, "geometry": { "type": "MultiPolygon", "coordinates": [ [ [ [ 18.683275564722457, 45.548249938802293 ], [ 18.688364428167986, 45.551859472692044 ], [ 18.685481931802101, 45.540562237717722 ], [ 18.684635310351776, 45.542578554675188 ], [ 18.683275564722457, 45.548249938802293 ] ] ] ] } },
{ "type": "Feature", "properties": { "BM": 2225, "data": { "Oznaka Gr/Op/Dr": "grad", "Grad/općina/država": "OSIJEK", "Rbr BM": 30, "Naziv BM": "OSIJEK", "Lokacija BM": "SPORTSKA DVORANA ZRINJEVAC", "Adresa BM": "SJEVERNA STRANA", "Glasovalo birača": 543, "Glasovalo birača (po listićima)": 543, "Važeći listići": 532, "Nevažeći listići": 11 }, "latitude": 45.555421896744903, "longitude": 18.680720476002499, "population": 855 }, "geometry": { "type": "MultiPolygon", "coordinates": [ [ [ [ 18.679485948548869, 45.557665813414097 ], [ 18.682364408588583, 45.556972677660191 ], [ 18.683073252200458, 45.553395587041599 ], [ 18.680547770412389, 45.551396873646397 ], [ 18.678240811280443, 45.551392711065056 ], [ 18.677252130921122, 45.555768006836558 ], [ 18.679485948548869, 45.557665813414097 ] ] ] ] } },
{ "type": "Feature", "properties": { "BM": 2231, "data": { "Oznaka Gr/Op/Dr": "grad", "Grad/općina/država": "OSIJEK", "Rbr BM": 36, "Naziv BM": "OSIJEK", "Lokacija BM": "DJEČJI VRTIĆ \"PČELICA\"", "Adresa BM": "GACKA 1A", "Glasovalo birača": 362, "Glasovalo birača (po listićima)": 362, "Važeći listići": 353, "Nevažeći listići": 9 }, "latitude": 45.5478533, "longitude": 18.6889423, "population": 573 }, "geometry": { "type": "MultiPolygon", "coordinates": [ [ [ [ 18.685481931802101, 45.540562237717722 ], [ 18.688364428167986, 45.551859472692044 ], [ 18.688623822788735, 45.552272499219569 ], [ 18.689316395328269, 45.552461571060441 ], [ 18.691685536179524, 45.550957708490564 ], [ 18.695575681330872, 45.542941814237224 ], [ 18.685754762723146, 45.539244932308243 ], [ 18.685481931802101, 45.540562237717722 ] ] ] ] } },
{ "type": "Feature", "properties": { "BM": 2224, "data": { "Oznaka Gr/Op/Dr": "grad", "Grad/općina/država": "OSIJEK", "Rbr BM": 29, "Naziv BM": "OSIJEK", "Lokacija BM": "OSNOVNA ŠKOLA ANTUNA MIHANOVIĆA", "Adresa BM": "IVANA GUNDULIĆA 5", "Glasovalo birača": 491, "Glasovalo birača (po listićima)": 491, "Važeći listići": 469, "Nevažeći listići": 22 }, "latitude": 45.556166, "longitude": 18.6844755, "population": 733 }, "geometry": { "type": "MultiPolygon", "coordinates": [ [ [ [ 18.682364408588583, 45.556972677660191 ], [ 18.685435038320279, 45.559973334938363 ], [ 18.685659658463329, 45.553409301201263 ], [ 18.683073252200458, 45.553395587041599 ], [ 18.682364408588583, 45.556972677660191 ] ] ] ] } },
{ "type": "Feature", "properties": { "BM": 2236, "data": { "Oznaka Gr/Op/Dr": "grad", "Grad/općina/država": "OSIJEK", "Rbr BM": 41, "Naziv BM": "OSIJEK", "Lokacija BM": "GRADSKA ČETVRT TVRĐA", "Adresa BM": "TRG FRANJE BARUNA TRENKA 3", "Glasovalo birača": 435, "Glasovalo birača (po listićima)": 435, "Važeći listići": 425, "Nevažeći listići": 10 }, "latitude": 45.5562405, "longitude": 18.6866526, "population": 658 }, "geometry": { "type": "MultiPolygon", "coordinates": [ [ [ [ 18.687400998946309, 45.563440373458945 ], [ 18.690416849645171, 45.557427229814515 ], [ 18.689316395328269, 45.552461571060441 ], [ 18.688623822788735, 45.552272499219569 ], [ 18.685659658463329, 45.553409301201263 ], [ 18.685435038320279, 45.559973334938363 ], [ 18.687400998946309, 45.563440373458945 ] ] ] ] } },
{ "type": "Feature", "properties": { "BM": 2229, "data": { "Oznaka Gr/Op/Dr": "grad", "Grad/općina/država": "OSIJEK", "Rbr BM": 34, "Naziv BM": "OSIJEK", "Lokacija BM": "GRADSKA ČETVRT INDUSTRIJSKA ČETVRT", "Adresa BM": "VIJENAC KRALJEVE SUTJESKE 2", "Glasovalo birača": 426, "Glasovalo birača (po listićima)": 426, "Važeći listići": 416, "Nevažeći listići": 10 }, "latitude": 45.5506402, "longitude": 18.6845048, "population": 636 }, "geometry": { "type": "MultiPolygon", "coordinates": [ [ [ [ 18.680547770412389, 45.551396873646397 ], [ 18.683073252200458, 45.553395587041599 ], [ 18.685659658463329, 45.553409301201263 ], [ 18.688623822788735, 45.552272499219569 ], [ 18.688364428167986, 45.551859472692044 ], [ 18.683275564722457, 45.548249938802293 ], [ 18.680547770412389, 45.551396873646397 ] ] ] ] } },
{ "type": "Feature", "properties": { "BM": 2239, "data": { "Oznaka Gr/Op/Dr": "grad", "Grad/općina/država": "OSIJEK", "Rbr BM": 44, "Naziv BM": "OSIJEK", "Lokacija BM": "II.GIMNAZIJA OSIJEK", "Adresa BM": "ULICA KAMILA FIRINGERA 5", "Glasovalo birača": 163, "Glasovalo birača (po listićima)": 163, "Važeći listići": 159, "Nevažeći listići": 4 }, "latitude": 45.5597345, "longitude": 18.6936191, "population": 277 }, "geometry": { "type": "MultiPolygon", "coordinates": [ [ [ [ 18.687132925018251, 45.568530049546801 ], [ 18.700695464318564, 45.585688631037712 ], [ 18.70222445438193, 45.574721259695394 ], [ 18.697333329252192, 45.559727835324345 ], [ 18.695685482775207, 45.557792768901294 ], [ 18.69420540716715, 45.557204938114019 ], [ 18.690416849645171, 45.557427229814515 ], [ 18.687400998946309, 45.563440373458945 ], [ 18.687132925018251, 45.568530049546801 ] ] ] ] } },
{ "type": "Feature", "properties": { "BM": 2445, "data": { "Oznaka Gr/Op/Dr": "općina", "Grad/općina/država": "DARDA", "Rbr BM": 4, "Naziv BM": "DARDA", "Lokacija BM": "SREDNJA ŠKOLA BELI MANASTIR, PODRUČNI ODJEL DARDA", "Adresa BM": "SVETOG IVANA KRSTITELJA 109", "Glasovalo birača": 247, "Glasovalo birača (po listićima)": 246, "Važeći listići": 236, "Nevažeći listići": 10 }, "latitude": 45.6233802, "longitude": 18.6871957, "population": 529 }, "geometry": { "type": "MultiPolygon", "coordinates": [ [ [ [ 18.650654010121308, 45.607806138282314 ], [ 18.693162800461124, 45.627457627563281 ], [ 18.703550076287101, 45.603754611503575 ], [ 18.702937220135777, 45.593940170004267 ], [ 18.702926127964918, 45.593935163779982 ], [ 18.657589850989638, 45.603006345822003 ], [ 18.650654010121308, 45.607806138282314 ] ] ] ] } },
{ "type": "Feature", "properties": { "BM": 2285, "data": { "Oznaka Gr/Op/Dr": "grad", "Grad/općina/država": "OSIJEK", "Rbr BM": 90, "Naziv BM": "JOSIPOVAC", "Lokacija BM": "OSNOVNA ŠKOLA JOSIPOVAC", "Adresa BM": "OSJEČKA 77A", "Glasovalo birača": 479, "Glasovalo birača (po listićima)": 479, "Važeći listići": 465, "Nevažeći listići": 14 }, "latitude": 45.5129458, "longitude": 18.7339872, "population": 764 }, "geometry": { "type": "MultiPolygon", "coordinates": [ [ [ [ 18.702604923334658, 45.503212269515288 ], [ 18.712059621062021, 45.520526703444553 ], [ 18.71261593066189, 45.520928460911527 ], [ 18.723145931011057, 45.526972171247344 ], [ 18.72592709057772, 45.52790370016141 ], [ 18.747252150895623, 45.533406543193784 ], [ 18.734166557742046, 45.511236248065075 ], [ 18.711915968641399, 45.481523784267232 ], [ 18.707413428455677, 45.491039391610954 ], [ 18.705353998511907, 45.496075393674644 ], [ 18.702604923334658, 45.503212269515288 ] ] ] ] } },
{ "type": "Feature", "properties": { "BM": 2252, "data": { "Oznaka Gr/Op/Dr": "grad", "Grad/općina/država": "OSIJEK", "Rbr BM": 57, "Naziv BM": "OSIJEK", "Lokacija BM": "GRADSKA ČETVRT NOVI GRAD", "Adresa BM": "SJENJAK 133", "Glasovalo birača": 392, "Glasovalo birača (po listićima)": 384, "Važeći listići": 373, "Nevažeći listići": 11 }, "latitude": 45.5511919, "longitude": 18.6958217, "population": 553 }, "geometry": { "type": "MultiPolygon", "coordinates": [ [ [ [ 18.694593006281814, 45.552989532725206 ], [ 18.697753517026214, 45.553247117913315 ], [ 18.697842578517019, 45.553208534109885 ], [ 18.698236357828655, 45.54809519393082 ], [ 18.697244923055056, 45.542737811263436 ], [ 18.695575681330872, 45.542941814237224 ], [ 18.691685536179524, 45.550957708490564 ], [ 18.694593006281814, 45.552989532725206 ] ] ] ] } },
{ "type": "Feature", "properties": { "BM": 2238, "data": { "Oznaka Gr/Op/Dr": "grad", "Grad/općina/država": "OSIJEK", "Rbr BM": 43, "Naziv BM": "OSIJEK", "Lokacija BM": "ELEKTROTEHNIČKA I PROMETNA ŠKOLA OSIJEK", "Adresa BM": "ISTARSKA 3", "Glasovalo birača": 429, "Glasovalo birača (po listićima)": 429, "Važeći listići": 417, "Nevažeći listići": 12 }, "latitude": 45.5547613, "longitude": 18.6933273, "population": 644 }, "geometry": { "type": "MultiPolygon", "coordinates": [ [ [ [ 18.691685536179524, 45.550957708490564 ], [ 18.689316395328269, 45.552461571060441 ], [ 18.690416849645171, 45.557427229814515 ], [ 18.69420540716715, 45.557204938114019 ], [ 18.694593006281814, 45.552989532725206 ], [ 18.691685536179524, 45.550957708490564 ] ] ] ] } },
{ "type": "Feature", "properties": { "BM": 2301, "data": { "Oznaka Gr/Op/Dr": "grad", "Grad/općina/država": "OSIJEK", "Rbr BM": 106, "Naziv BM": "PODRAVLJE", "Lokacija BM": "MJESNI ODBOR OSIJEK - LIJEVA OBALA", "Adresa BM": "ULICA PRINCA EUGENA SAVOJSKOG 38", "Glasovalo birača": 334, "Glasovalo birača (po listićima)": 334, "Važeći listići": 328, "Nevažeći listići": 6 }, "latitude": 45.5626596, "longitude": 18.7146007, "population": 491 }, "geometry": { "type": "MultiPolygon", "coordinates": [ [ [ [ 18.702926127964918, 45.593935163779982 ], [ 18.702937220135777, 45.593940170004267 ], [ 18.716196305402871, 45.592214488286729 ], [ 18.729635952581852, 45.582731179280842 ], [ 18.727785465605461, 45.577073319232369 ], [ 18.727522101410859, 45.576323496117652 ], [ 18.71546479226074, 45.558513644524389 ], [ 18.712452969082548, 45.557073136768409 ], [ 18.707276360882858, 45.560637907712184 ], [ 18.70222445438193, 45.574721259695394 ], [ 18.700695464318564, 45.585688631037712 ], [ 18.702926127964918, 45.593935163779982 ] ] ] ] } },
{ "type": "Feature", "properties": { "BM": 2240, "data": { "Oznaka Gr/Op/Dr": "grad", "Grad/općina/država": "OSIJEK", "Rbr BM": 45, "Naziv BM": "OSIJEK", "Lokacija BM": "GRADSKA ČETVRT TVRĐA", "Adresa BM": "VIJENAC IVANA MEŠTROVIĆA 26F", "Glasovalo birača": 570, "Glasovalo birača (po listićima)": 566, "Važeći listići": 550, "Nevažeći listići": 16 }, "latitude": 45.5560621, "longitude": 18.6979316, "population": 819 }, "geometry": { "type": "MultiPolygon", "coordinates": [ [ [ [ 18.697333329252192, 45.559727835324345 ], [ 18.699175472982443, 45.556735673443882 ], [ 18.699818841904747, 45.554174145896951 ], [ 18.697842578517019, 45.553208534109885 ], [ 18.697753517026214, 45.553247117913315 ], [ 18.695685482775207, 45.557792768901294 ], [ 18.697333329252192, 45.559727835324345 ] ] ] ] } },
{ "type": "Feature", "properties": { "BM": 2267, "data": { "Oznaka Gr/Op/Dr": "grad", "Grad/općina/država": "OSIJEK", "Rbr BM": 72, "Naziv BM": "OSIJEK", "Lokacija BM": "DOM SINDIKATA TVORNICE ŠEĆERA", "Adresa BM": "FRANKOPANSKA 99", "Glasovalo birača": 457, "Glasovalo birača (po listićima)": 453, "Važeći listići": 440, "Nevažeći listići": 13 }, "latitude": 45.5549624, "longitude": 18.6955144, "population": 710 }, "geometry": { "type": "MultiPolygon", "coordinates": [ [ [ [ 18.695685482775207, 45.557792768901294 ], [ 18.697753517026214, 45.553247117913315 ], [ 18.694593006281814, 45.552989532725206 ], [ 18.69420540716715, 45.557204938114019 ], [ 18.695685482775207, 45.557792768901294 ] ] ] ] } },
{ "type": "Feature", "properties": { "BM": 2733, "data": { "Oznaka Gr/Op/Dr": "općina", "Grad/općina/država": "ŠODOLOVCI", "Rbr BM": 3, "Naziv BM": "PALAČA", "Lokacija BM": "DRUŠTVENI DOM", "Adresa BM": "BRAĆE ODAVIĆ 2", "Glasovalo birača": 59, "Glasovalo birača (po listićima)": 59, "Važeći listići": 56, "Nevažeći listići": 3 }, "latitude": 45.4123401, "longitude": 18.7202773, "population": 172 }, "geometry": { "type": "MultiPolygon", "coordinates": [ [ [ [ 18.674999048969372, 45.408496638573759 ], [ 18.701103082000486, 45.451050859387159 ], [ 18.719902467084701, 45.463224955927892 ], [ 18.737091824004246, 45.460525360658316 ], [ 18.740923774497027, 45.44244348299847 ], [ 18.727620235112873, 45.389017435197388 ], [ 18.726880542253447, 45.388281844910452 ], [ 18.703392939376247, 45.39691580487542 ], [ 18.674999048969372, 45.408496638573759 ] ] ] ] } },
{ "type": "Feature", "properties": { "BM": 2247, "data": { "Oznaka Gr/Op/Dr": "grad", "Grad/općina/država": "OSIJEK", "Rbr BM": 52, "Naziv BM": "OSIJEK", "Lokacija BM": "OSNOVNA ŠKOLA FRANA KRSTE FRANKOPANA", "Adresa BM": "MARTINA DIVALTA 53", "Glasovalo birača": 651, "Glasovalo birača (po listićima)": 650, "Važeći listići": 630, "Nevažeći listići": 20 }, "latitude": 45.5501227, "longitude": 18.7015993, "population": 1049 }, "geometry": { "type": "MultiPolygon", "coordinates": [ [ [ [ 18.698236357828655, 45.54809519393082 ], [ 18.701896484822662, 45.551881901186682 ], [ 18.704816610781123, 45.550258869676036 ], [ 18.700110316345661, 45.541277301469201 ], [ 18.697244923055056, 45.542737811263436 ], [ 18.698236357828655, 45.54809519393082 ] ] ] ] } },
{ "type": "Feature", "properties": { "BM": 2250, "data": { "Oznaka Gr/Op/Dr": "grad", "Grad/općina/država": "OSIJEK", "Rbr BM": 55, "Naziv BM": "OSIJEK", "Lokacija BM": "OSNOVNA ŠKOLA \"MLADOST\"", "Adresa BM": "SJENJAK 7", "Glasovalo birača": 631, "Glasovalo birača (po listićima)": 631, "Važeći listići": 619, "Nevažeći listići": 12 }, "latitude": 45.5515251, "longitude": 18.7001484, "population": 897 }, "geometry": { "type": "MultiPolygon", "coordinates": [ [ [ [ 18.697842578517019, 45.553208534109885 ], [ 18.699818841904747, 45.554174145896951 ], [ 18.700795071457886, 45.554091316344689 ], [ 18.701896484822662, 45.551881901186682 ], [ 18.698236357828655, 45.54809519393082 ], [ 18.697842578517019, 45.553208534109885 ] ] ] ] } },
{ "type": "Feature", "properties": { "BM": 2265, "data": { "Oznaka Gr/Op/Dr": "grad", "Grad/općina/država": "OSIJEK", "Rbr BM": 70, "Naziv BM": "OSIJEK", "Lokacija BM": "DJEČJI VRTIĆ \"MASLAČAK\"", "Adresa BM": "VELALUŠKA BB", "Glasovalo birača": 601, "Glasovalo birača (po listićima)": 601, "Važeći listići": 582, "Nevažeći listići": 19 }, "latitude": 45.5437258, "longitude": 18.7117584, "population": 914 }, "geometry": { "type": "MultiPolygon", "coordinates": [ [ [ [ 18.703493438247911, 45.537881486880892 ], [ 18.709802869227907, 45.54652975580013 ], [ 18.714232886205249, 45.545092651973761 ], [ 18.71261593066189, 45.520928460911527 ], [ 18.712059621062021, 45.520526703444553 ], [ 18.703493438247911, 45.537881486880892 ] ] ] ] } },
{ "type": "Feature", "properties": { "BM": 2244, "data": { "Oznaka Gr/Op/Dr": "grad", "Grad/općina/država": "OSIJEK", "Rbr BM": 49, "Naziv BM": "OSIJEK", "Lokacija BM": "DJEČJI VRTIĆ \"STRIBOR\"", "Adresa BM": "VIJENAC IVANA MEŠTROVIĆA 7A", "Glasovalo birača": 413, "Glasovalo birača (po listićima)": 412, "Važeći listići": 397, "Nevažeći listići": 15 }, "latitude": 45.557543, "longitude": 18.700337, "population": 622 }, "geometry": { "type": "MultiPolygon", "coordinates": [ [ [ [ 18.70222445438193, 45.574721259695394 ], [ 18.707276360882858, 45.560637907712184 ], [ 18.706291838725374, 45.558949692790826 ], [ 18.699175472982443, 45.556735673443882 ], [ 18.697333329252192, 45.559727835324345 ], [ 18.70222445438193, 45.574721259695394 ] ] ] ] } },
{ "type": "Feature", "properties": { "BM": 2455, "data": { "Oznaka Gr/Op/Dr": "općina", "Grad/općina/država": "DRAŽ", "Rbr BM": 2, "Naziv BM": "BATINA", "Lokacija BM": "DOM KULTURE", "Adresa BM": "TRG SLOBODE 8", "Glasovalo birača": 189, "Glasovalo birača (po listićima)": 189, "Važeći listići": 180, "Nevažeći listići": 9 }, "latitude": 45.8521797, "longitude": 18.8521815, "population": 511 }, "geometry": { "type": "MultiPolygon", "coordinates": [ [ [ [ 18.8147288, 45.9091664 ], [ 18.8173377, 45.9112642 ], [ 18.8179831, 45.911756 ], [ 18.8192685, 45.9127665 ], [ 18.821634, 45.9146342 ], [ 18.8224824, 45.913706 ], [ 18.8240663, 45.91165 ], [ 18.8249911, 45.9103252 ], [ 18.8261391, 45.9083613 ], [ 18.8266829, 45.9071534 ], [ 18.8271232, 45.906055 ], [ 18.8275505, 45.9047907 ], [ 18.8682048, 45.9112381 ], [ 18.8681236, 45.9114209 ], [ 18.8678179, 45.9124679 ], [ 18.866698, 45.9137838 ], [ 18.8665171, 45.9141526 ], [ 18.8663449, 45.9148748 ], [ 18.8651394, 45.9168894 ], [ 18.864993, 45.9176484 ], [ 18.8650265, 45.9178327 ], [ 18.8648672, 45.9183718 ], [ 18.8646137, 45.9190033 ], [ 18.8646061, 45.9193937 ], [ 18.8646198, 45.9207411 ], [ 18.864896, 45.9204284 ], [ 18.8661246, 45.9190269 ], [ 18.8679787, 45.9177457 ], [ 18.8696897, 45.9168488 ], [ 18.8711919, 45.9161989 ], [ 18.8727946, 45.915862 ], [ 18.8742065, 45.9157525 ], [ 18.8759822, 45.9157867 ], [ 18.877333, 45.9158974 ], [ 18.8791461, 45.9164365 ], [ 18.8807881, 45.9171751 ], [ 18.8827081, 45.9183103 ], [ 18.8843794, 45.9196627 ], [ 18.8852057, 45.9202482 ], [ 18.88548, 45.920383 ], [ 18.8859856, 45.9204602 ], [ 18.8863744, 45.9206307 ], [ 18.887306, 45.9211404 ], [ 18.8868403, 45.9213683 ], [ 18.8864624, 45.9213913 ], [ 18.8868904, 45.9214684 ], [ 18.8876983, 45.9215242 ], [ 18.8881478, 45.9218387 ], [ 18.888414, 45.9218658 ], [ 18.8886801, 45.9218153 ], [ 18.8892831, 45.9214366 ], [ 18.8897278, 45.9213305 ], [ 18.8899229, 45.9213774 ], [ 18.890209, 45.9220529 ], [ 18.8907241, 45.9212905 ], [ 18.8917082, 45.9207494 ], [ 18.892958, 45.92049 ], [ 18.8946253, 45.9203846 ], [ 18.8964346, 45.9202266 ], [ 18.8988504, 45.9199583 ], [ 18.8995253, 45.9198175 ], [ 18.9003619, 45.9195899 ], [ 18.9008316, 45.9194198 ], [ 18.9012563, 45.9192374 ], [ 18.9023806, 45.9187546 ], [ 18.903279, 45.9181909 ], [ 18.9040633, 45.9173867 ], [ 18.9049017, 45.9164783 ], [ 18.9053859, 45.9154484 ], [ 18.9054569, 45.914459 ], [ 18.9049699, 45.9128121 ], [ 18.904503, 45.911962 ], [ 18.904123, 45.9114429 ], [ 18.9028384, 45.9102079 ], [ 18.9009307, 45.9089053 ], [ 18.8998208, 45.9083356 ], [ 18.8984313, 45.9077713 ], [ 18.8968978, 45.9073822 ], [ 18.8938376, 45.9064375 ], [ 18.8918205, 45.9058147 ], [ 18.8912649, 45.9056432 ], [ 18.8875585, 45.9045514 ], [ 18.8870992, 45.9045047 ], [ 18.886523, 45.9043504 ], [ 18.8795455, 45.902457 ], [ 18.8784757, 45.9020683 ], [ 18.8766162, 45.9013117 ], [ 18.8745164, 45.9003103 ], [ 18.8729007, 45.8991329 ], [ 18.8717295, 45.8978867 ], [ 18.8710954, 45.897076 ], [ 18.8705369, 45.8961106 ], [ 18.8703094, 45.8956155 ], [ 18.8701735, 45.8951243 ], [ 18.8702929, 45.8943393 ], [ 18.8704825, 45.8934137 ], [ 18.8710039, 45.8926826 ], [ 18.8733341, 45.8898676 ], [ 18.87472, 45.8877404 ], [ 18.8762214, 45.8854907 ], [ 18.8772386, 45.8843164 ], [ 18.878617, 45.883291 ], [ 18.8801907, 45.8824678 ], [ 18.8822482, 45.8817145 ], [ 18.8891917, 45.879744 ], [ 18.896395, 45.8767268 ], [ 18.8982008, 45.875822 ], [ 18.8991517, 45.8751784 ], [ 18.8999462, 45.8745792 ], [ 18.9009414, 45.8737133 ], [ 18.9017748, 45.8726319 ], [ 18.9022613, 45.8719431 ], [ 18.9032196, 45.8699541 ], [ 18.903298, 45.8694795 ], [ 18.9033438, 45.8688672 ], [ 18.903248, 45.8678171 ], [ 18.9031397, 45.8673926 ], [ 18.9025996, 45.8666112 ], [ 18.9019719, 45.8657809 ], [ 18.9010676, 45.8653996 ], [ 18.8998266, 45.8648883 ], [ 18.8985856, 45.864377 ], [ 18.8978808, 45.8640468 ], [ 18.8962278, 45.863137 ], [ 18.8959551, 45.8628791 ], [ 18.8951846, 45.8620421 ], [ 18.8944142, 45.8612051 ], [ 18.8932607, 45.8606917 ], [ 18.8913556, 45.8600528 ], [ 18.8896234, 45.8596025 ], [ 18.8878912, 45.8591522 ], [ 18.887735, 45.8591162 ], [ 18.8864829, 45.8589438 ], [ 18.8855943, 45.8589238 ], [ 18.8837482, 45.8590064 ], [ 18.881902, 45.859089 ], [ 18.8798971, 45.8591491 ], [ 18.878686, 45.8591695 ], [ 18.8769158, 45.8591472 ], [ 18.8751456, 45.859125 ], [ 18.8741126, 45.8591422 ], [ 18.8737211, 45.8592074 ], [ 18.8736723, 45.8592155 ], [ 18.8736698, 45.8592157 ], [ 18.8736482, 45.8592175 ], [ 18.8736481, 45.8592175 ], [ 18.8717542, 45.8593762 ], [ 18.8707323, 45.8594168 ], [ 18.8698209, 45.8595757 ], [ 18.8680149, 45.8600028 ], [ 18.8662088, 45.8604298 ], [ 18.8641432, 45.8610681 ], [ 18.8624344, 45.8616317 ], [ 18.8618598, 45.8618338 ], [ 18.8606792, 45.8621799 ], [ 18.8603199, 45.8622595 ], [ 18.8596847, 45.8623421 ], [ 18.8596013, 45.8631676 ], [ 18.8587332, 45.8623575 ], [ 18.8578652, 45.8615474 ], [ 18.8569973, 45.8607373 ], [ 18.8552421, 45.8590975 ], [ 18.8554966, 45.8585559 ], [ 18.8563052, 45.8562333 ], [ 18.8564095, 45.8558436 ], [ 18.8564579, 45.8548081 ], [ 18.856463675896972, 45.854237339665026 ], [ 18.856463675896972, 45.854237339665019 ], [ 18.8566854, 45.8534544 ], [ 18.8567176, 45.8516713 ], [ 18.856718357860338, 45.85163006690351 ], [ 18.8569983, 45.8499268 ], [ 18.8573422, 45.8468273 ], [ 18.8573944, 45.8441011 ], [ 18.8573781, 45.8436161 ], [ 18.8571102, 45.8412736 ], [ 18.856918808311249, 45.84055079744445 ], [ 18.8569257, 45.8401561 ], [ 18.8561982, 45.8335986 ], [ 18.855003, 45.8283799 ], [ 18.8512901, 45.821062 ], [ 18.8494754, 45.817485 ], [ 18.848889653613774, 45.814351245866035 ], [ 18.8490347, 45.8141835 ], [ 18.849148, 45.8138546 ], [ 18.849102, 45.813335 ], [ 18.8491256, 45.8128389 ], [ 18.8493507, 45.8111666 ], [ 18.8493232, 45.8092325 ], [ 18.8496983, 45.8092619 ], [ 18.8500563, 45.8087005 ], [ 18.8505026, 45.8083098 ], [ 18.851054, 45.807968 ], [ 18.8520242, 45.8076449 ], [ 18.8528541, 45.807544 ], [ 18.8533419, 45.8075534 ], [ 18.8545846, 45.8080077 ], [ 18.8548994, 45.8080932 ], [ 18.8549577, 45.8081091 ], [ 18.8553742, 45.8082223 ], [ 18.8560231, 45.8082746 ], [ 18.8565963, 45.808267 ], [ 18.8569259, 45.8082164 ], [ 18.8574386, 45.8080978 ], [ 18.8584108, 45.8077497 ], [ 18.8589779, 45.8074111 ], [ 18.8596376, 45.8070881 ], [ 18.8608593, 45.8065339 ], [ 18.8613478, 45.8063386 ], [ 18.8616409, 45.8062623 ], [ 18.8620559, 45.8061947 ], [ 18.8626658, 45.8061701 ], [ 18.8640719, 45.8062471 ], [ 18.8654781, 45.806324 ], [ 18.8668842, 45.8064009 ], [ 18.8682904, 45.8064778 ], [ 18.8698862, 45.8067533 ], [ 18.871482, 45.8070288 ], [ 18.8724085, 45.8071668 ], [ 18.8743595, 45.8073748 ], [ 18.8747376, 45.8073754 ], [ 18.8753967, 45.80724 ], [ 18.8756407, 45.8072489 ], [ 18.8758723, 45.8072749 ], [ 18.8761381, 45.807335 ], [ 18.8765326, 45.8075319 ], [ 18.8774908, 45.8085228 ], [ 18.8778499, 45.8091716 ], [ 18.8783515, 45.8103237 ], [ 18.8791282, 45.811647 ], [ 18.8797828, 45.8129958 ], [ 18.8802065, 45.8140952 ], [ 18.8810434, 45.8157103 ], [ 18.8813711, 45.8162636 ], [ 18.881296, 45.816939 ], [ 18.8814795, 45.8169662 ], [ 18.8811237, 45.8174421 ], [ 18.8809152, 45.817783 ], [ 18.8807555, 45.8181667 ], [ 18.8807062, 45.8183371 ], [ 18.8806904, 45.8187125 ], [ 18.8808972, 45.8197449 ], [ 18.8817627, 45.8208296 ], [ 18.8821033, 45.8211542 ], [ 18.8832892, 45.8220133 ], [ 18.8844751, 45.8228723 ], [ 18.885766, 45.8237187 ], [ 18.887862, 45.8246259 ], [ 18.8897294, 45.8252939 ], [ 18.8905438, 45.8254828 ], [ 18.8915337, 45.8257572 ], [ 18.8937383, 45.8263232 ], [ 18.8941677, 45.8263409 ], [ 18.8960077, 45.8263264 ], [ 18.8964715, 45.8262588 ], [ 18.8969352, 45.8262253 ], [ 18.8983635, 45.825997 ], [ 18.8996697, 45.8257104 ], [ 18.9004146, 45.8254862 ], [ 18.9017668, 45.825111 ], [ 18.9031191, 45.8247358 ], [ 18.9044713, 45.8243605 ], [ 18.9058235, 45.8239853 ], [ 18.9072888, 45.8234753 ], [ 18.9084132, 45.82275 ], [ 18.9091609, 45.8223278 ], [ 18.9099525, 45.8219603 ], [ 18.9119553, 45.821144 ], [ 18.9122599, 45.8213149 ], [ 18.912565, 45.8212471 ], [ 18.9137617, 45.8208221 ], [ 18.9149484, 45.8204006 ], [ 18.9147157, 45.8200222 ], [ 18.9168205, 45.8179374 ], [ 18.9181655, 45.8157437 ], [ 18.9212968, 45.809441 ], [ 18.9224476, 45.8073905 ], [ 18.9229189, 45.806181 ], [ 18.9230287, 45.8056606 ], [ 18.9226844, 45.8040594 ], [ 18.922542, 45.8032524 ], [ 18.9223382, 45.8027326 ], [ 18.9214983, 45.8004243 ], [ 18.9210616, 45.7992993 ], [ 18.9209804, 45.7987543 ], [ 18.9209912, 45.7983264 ], [ 18.9209199, 45.7974542 ], [ 18.9207127, 45.7961688 ], [ 18.9200411, 45.7947614 ], [ 18.9195819, 45.7942669 ], [ 18.9194133, 45.7936971 ], [ 18.9193697, 45.7930987 ], [ 18.9194029, 45.7925753 ], [ 18.9200164, 45.7907682 ], [ 18.9201074, 45.7902269 ], [ 18.9193952, 45.7900984 ], [ 18.9186286, 45.7889588 ], [ 18.9169775, 45.7865532 ], [ 18.9163709, 45.7848465 ], [ 18.9148144, 45.7841022 ], [ 18.910418, 45.7823411 ], [ 18.9075228, 45.7812975 ], [ 18.905669, 45.7808518 ], [ 18.9038138, 45.7805039 ], [ 18.9019626, 45.7803023 ], [ 18.8993852, 45.7801269 ], [ 18.8970531, 45.7801682 ], [ 18.8957584, 45.7802261 ], [ 18.8945955, 45.7803301 ], [ 18.8929859, 45.7806213 ], [ 18.8920444, 45.7789589 ], [ 18.8896806, 45.779784 ], [ 18.88742, 45.7806605 ], [ 18.8869808, 45.7808567 ], [ 18.8866302, 45.7810837 ], [ 18.8851755, 45.7819408 ], [ 18.882717, 45.7834546 ], [ 18.8810814, 45.7844559 ], [ 18.8805146, 45.784691 ], [ 18.8794769, 45.7849478 ], [ 18.8784797, 45.7850378 ], [ 18.878022, 45.7850278 ], [ 18.8768588, 45.7849039 ], [ 18.875336194654452, 45.784654390884668 ], [ 18.8755175, 45.7846229 ], [ 18.8825227, 45.7812707 ], [ 18.8898314, 45.7743598 ], [ 18.890690827510948, 45.769263113592899 ], [ 18.823212069766129, 45.829045548330726 ], [ 18.810496744909482, 45.905785542641766 ], [ 18.8147288, 45.9091664 ] ] ], [ [ [ 18.923874183408735, 45.746923059635726 ], [ 18.9242207, 45.7470674 ], [ 18.9256108, 45.7476465 ], [ 18.9264628, 45.7480193 ], [ 18.927709, 45.7486902 ], [ 18.9289552, 45.7493611 ], [ 18.9303374, 45.7502752 ], [ 18.9317196, 45.7511894 ], [ 18.932693, 45.7518626 ], [ 18.9343961, 45.7531949 ], [ 18.9348219, 45.7535127 ], [ 18.9360507, 45.7544352 ], [ 18.9365373, 45.7547529 ], [ 18.9367566, 45.7548965 ], [ 18.9370364, 45.7550775 ], [ 18.9374381, 45.7552895 ], [ 18.9386604, 45.7558622 ], [ 18.9398827, 45.7564349 ], [ 18.9411051, 45.7570076 ], [ 18.9423275, 45.7575802 ], [ 18.9434096, 45.7580896 ], [ 18.9444918, 45.758599 ], [ 18.9455739, 45.7591084 ], [ 18.9466561, 45.7596178 ], [ 18.9477383, 45.7601271 ], [ 18.9477983, 45.7606901 ], [ 18.9477245, 45.7610824 ], [ 18.9476874, 45.7614099 ], [ 18.947686, 45.7621401 ], [ 18.9478173, 45.7622767 ], [ 18.9495119, 45.7633188 ], [ 18.9503883, 45.7638996 ], [ 18.9517522, 45.7645491 ], [ 18.9535786, 45.7654889 ], [ 18.954967, 45.7660701 ], [ 18.9563554, 45.7666513 ], [ 18.9584019, 45.7673183 ], [ 18.958743, 45.7674039 ], [ 18.9589867, 45.7674211 ], [ 18.9595961, 45.7674216 ], [ 18.9610832, 45.7673205 ], [ 18.962351, 45.7671509 ], [ 18.9636187, 45.7669813 ], [ 18.9646916, 45.7667688 ], [ 18.9658864, 45.7664884 ], [ 18.9662278, 45.7663862 ], [ 18.9666668, 45.7662501 ], [ 18.9678618, 45.7657733 ], [ 18.9696425, 45.7648023 ], [ 18.9702039, 45.7642909 ], [ 18.9707654, 45.763626 ], [ 18.9710584, 45.7632595 ], [ 18.9715958, 45.7623557 ], [ 18.9719944, 45.7613879 ], [ 18.972393, 45.7604201 ], [ 18.9724644, 45.7598913 ], [ 18.9724657, 45.758936 ], [ 18.9722723, 45.7577474 ], [ 18.972079, 45.7565588 ], [ 18.9718856, 45.7553702 ], [ 18.971613, 45.7542697 ], [ 18.9713403, 45.7531692 ], [ 18.9709594, 45.7519747 ], [ 18.9704453, 45.7510847 ], [ 18.9699312, 45.7501947 ], [ 18.9719321, 45.7504743 ], [ 18.972668, 45.7505772 ], [ 18.9727789, 45.7505927 ], [ 18.9734856, 45.7501896 ], [ 18.9728548, 45.7489328 ], [ 18.9749941, 45.7483358 ], [ 18.9764416, 45.747435 ], [ 18.9770104, 45.7470413 ], [ 18.9773031, 45.7465986 ], [ 18.9780799, 45.744335 ], [ 18.9781367, 45.7438415 ], [ 18.9781636, 45.7433749 ], [ 18.9782322, 45.7430182 ], [ 18.9786634, 45.7422513 ], [ 18.9787545, 45.7418863 ], [ 18.9787373, 45.741568 ], [ 18.9784714, 45.741108 ], [ 18.9784693, 45.7408572 ], [ 18.9785139, 45.7403398 ], [ 18.9784794, 45.7400465 ], [ 18.9782481, 45.7395611 ], [ 18.9771384, 45.7376074 ], [ 18.9766311, 45.7368919 ], [ 18.9744759, 45.7346646 ], [ 18.972460597499293, 45.732717776168386 ], [ 18.937196663866988, 45.740525215848464 ], [ 18.923874183408731, 45.746923059635726 ], [ 18.923874183408735, 45.746923059635726 ] ] ] ] } },
{ "type": "Feature", "properties": { "BM": 2456, "data": { "Oznaka Gr/Op/Dr": "općina", "Grad/općina/država": "DRAŽ", "Rbr BM": 3, "Naziv BM": "GAJIĆ", "Lokacija BM": "NOVI DOM KULTURE", "Adresa BM": "MATIJE GUPCA BB", "Glasovalo birača": 138, "Glasovalo birača (po listićima)": 138, "Važeći listići": 136, "Nevažeći listići": 2 }, "latitude": 45.8411359, "longitude": 18.7721785, "population": 214 }, "geometry": { "type": "MultiPolygon", "coordinates": [ [ [ [ 18.7569043, 45.8967929 ], [ 18.7575377, 45.8953818 ], [ 18.7605319, 45.8931019 ], [ 18.7595988, 45.8901099 ], [ 18.7602319, 45.8886362 ], [ 18.7628655, 45.88903 ], [ 18.7650466, 45.8894198 ], [ 18.7672207, 45.8894253 ], [ 18.7688088, 45.889153 ], [ 18.7711722, 45.8885767 ], [ 18.7730478, 45.8879841 ], [ 18.7759017, 45.8867865 ], [ 18.7764448, 45.8863168 ], [ 18.7783614, 45.8855631 ], [ 18.778996721651716, 45.885136843462959 ], [ 18.77981124744931, 45.856778914487379 ], [ 18.776734023827579, 45.812068383254626 ], [ 18.764527203817277, 45.811098448445627 ], [ 18.732073614043649, 45.86087362444696 ], [ 18.755878631063297, 45.896826421438085 ], [ 18.7569043, 45.8967929 ] ] ] ] } },
{ "type": "Feature", "properties": { "BM": 2242, "data": { "Oznaka Gr/Op/Dr": "grad", "Grad/općina/država": "OSIJEK", "Rbr BM": 47, "Naziv BM": "OSIJEK", "Lokacija BM": "OSNOVNA ŠKOLA VIJENAC", "Adresa BM": "VIJENAC IVANA MEŠTROVIĆA 36", "Glasovalo birača": 289, "Glasovalo birača (po listićima)": 289, "Važeći listići": 279, "Nevažeći listići": 10 }, "latitude": 45.5567298, "longitude": 18.70059, "population": 442 }, "geometry": { "type": "MultiPolygon", "coordinates": [ [ [ [ 18.699818841904747, 45.554174145896951 ], [ 18.699175472982443, 45.556735673443882 ], [ 18.706291838725374, 45.558949692790826 ], [ 18.705606290117192, 45.557560085987085 ], [ 18.700795071457886, 45.554091316344689 ], [ 18.699818841904747, 45.554174145896951 ] ] ] ] } },
{ "type": "Feature", "properties": { "BM": 2248, "data": { "Oznaka Gr/Op/Dr": "grad", "Grad/općina/država": "OSIJEK", "Rbr BM": 53, "Naziv BM": "OSIJEK", "Lokacija BM": "DJEČJI VRTIĆ \"JABUKA\"", "Adresa BM": "VIJENAC IVANA ČESMIČKOG 7A", "Glasovalo birača": 270, "Glasovalo birača (po listićima)": 270, "Važeći listići": 264, "Nevažeći listići": 6 }, "latitude": 45.5530742, "longitude": 18.7079999, "population": 425 }, "geometry": { "type": "MultiPolygon", "coordinates": [ [ [ [ 18.707276360882858, 45.560637907712184 ], [ 18.712452969082548, 45.557073136768409 ], [ 18.713327496002641, 45.552972173177906 ], [ 18.709747254868304, 45.549649634926929 ], [ 18.705622172710569, 45.550740157621512 ], [ 18.705606290117192, 45.557560085987085 ], [ 18.706291838725374, 45.558949692790826 ], [ 18.707276360882858, 45.560637907712184 ] ] ] ] } },
{ "type": "Feature", "properties": { "BM": 2245, "data": { "Oznaka Gr/Op/Dr": "grad", "Grad/općina/država": "OSIJEK", "Rbr BM": 50, "Naziv BM": "OSIJEK", "Lokacija BM": "VATROGASNI CENTAR OSIJEK", "Adresa BM": "ULICA IVANA GORANA KOVAČIĆA 2", "Glasovalo birača": 411, "Glasovalo birača (po listićima)": 411, "Važeći listići": 397, "Nevažeći listići": 14 }, "latitude": 45.5530631, "longitude": 18.7032336, "population": 636 }, "geometry": { "type": "MultiPolygon", "coordinates": [ [ [ [ 18.705606290117192, 45.557560085987085 ], [ 18.705622172710569, 45.550740157621512 ], [ 18.704816610781123, 45.550258869676036 ], [ 18.701896484822662, 45.551881901186682 ], [ 18.700795071457886, 45.554091316344689 ], [ 18.705606290117192, 45.557560085987085 ] ] ] ] } },
{ "type": "Feature", "properties": { "BM": 2254, "data": { "Oznaka Gr/Op/Dr": "grad", "Grad/općina/država": "OSIJEK", "Rbr BM": 59, "Naziv BM": "OSIJEK", "Lokacija BM": "GRADSKA ČETVRT NOVI GRAD", "Adresa BM": "UICA KRALJA PETRA SVAČIĆA 36", "Glasovalo birača": 432, "Glasovalo birača (po listićima)": 431, "Važeći listići": 420, "Nevažeći listići": 11 }, "latitude": 45.547536, "longitude": 18.7065358, "population": 661 }, "geometry": { "type": "MultiPolygon", "coordinates": [ [ [ [ 18.704816610781123, 45.550258869676036 ], [ 18.705622172710569, 45.550740157621512 ], [ 18.709747254868304, 45.549649634926929 ], [ 18.709802869227907, 45.54652975580013 ], [ 18.703493438247911, 45.537881486880892 ], [ 18.700110316345661, 45.541277301469201 ], [ 18.704816610781123, 45.550258869676036 ] ] ] ] } },
{ "type": "Feature", "properties": { "BM": 2546, "data": { "Oznaka Gr/Op/Dr": "općina", "Grad/općina/država": "KNEŽEVI VINOGRADI", "Rbr BM": 1, "Naziv BM": "KNEŽEVI VINOGRADI", "Lokacija BM": "DOM KULTURE", "Adresa BM": "GLAVNA 82", "Glasovalo birača": 259, "Glasovalo birača (po listićima)": 259, "Važeći listići": 255, "Nevažeći listići": 4 }, "latitude": 45.7491007, "longitude": 18.7332047, "population": 557 }, "geometry": { "type": "MultiPolygon", "coordinates": [ [ [ [ 18.732561007635585, 45.684731355026393 ], [ 18.695223880174971, 45.723557694770314 ], [ 18.717873098456753, 45.756134578046087 ], [ 18.733886642144007, 45.752836481385373 ], [ 18.754309617436913, 45.717819690856103 ], [ 18.758660593261876, 45.70923433364748 ], [ 18.755653148508124, 45.693310101172933 ], [ 18.746589863823843, 45.683525538952516 ], [ 18.732565751187639, 45.684730050780196 ], [ 18.732561007635585, 45.684731355026393 ] ] ] ] } },
{ "type": "Feature", "properties": { "BM": 2271, "data": { "Oznaka Gr/Op/Dr": "grad", "Grad/općina/država": "OSIJEK", "Rbr BM": 76, "Naziv BM": "OSIJEK", "Lokacija BM": "OSNOVNA ŠKOLA \"TIN UJEVIĆ\"", "Adresa BM": "OPATIJSKA 46", "Glasovalo birača": 464, "Glasovalo birača (po listićima)": 464, "Važeći listići": 446, "Nevažeći listići": 18 }, "latitude": 45.5446987, "longitude": 18.7233518, "population": 825 }, "geometry": { "type": "MultiPolygon", "coordinates": [ [ [ [ 18.723145931011057, 45.526972171247344 ], [ 18.720368180200495, 45.541714657454186 ], [ 18.720572903440875, 45.549610775741257 ], [ 18.723720963080744, 45.55097689464062 ], [ 18.724068863636912, 45.550656276113898 ], [ 18.72592709057772, 45.52790370016141 ], [ 18.723145931011057, 45.526972171247344 ] ] ] ] } },
{ "type": "Feature", "properties": { "BM": 2459, "data": { "Oznaka Gr/Op/Dr": "općina", "Grad/općina/država": "DRAŽ", "Rbr BM": 6, "Naziv BM": "PODOLJE", "Lokacija BM": "DOM KULTURE", "Adresa BM": "GLAVNA 139", "Glasovalo birača": 35, "Glasovalo birača (po listićima)": 35, "Važeći listići": 35, "Nevažeći listići": 0 }, "latitude": 45.8162145, "longitude": 18.7339557, "population": 62 }, "geometry": { "type": "MultiPolygon", "coordinates": [ [ [ [ 18.70990362973173, 45.797978742119462 ], [ 18.718750048087628, 45.85443292389396 ], [ 18.732073614043649, 45.86087362444696 ], [ 18.764527203817277, 45.811098448445627 ], [ 18.745281126120403, 45.786519154150476 ], [ 18.72994704426533, 45.786318551609725 ], [ 18.70990362973173, 45.797978742119462 ] ] ] ] } },
{ "type": "Feature", "properties": { "BM": 2266, "data": { "Oznaka Gr/Op/Dr": "grad", "Grad/općina/država": "OSIJEK", "Rbr BM": 71, "Naziv BM": "OSIJEK", "Lokacija BM": "DJEČJI VRTIĆ \"NEVIČICA\"", "Adresa BM": "OPATIJSKA BB", "Glasovalo birača": 337, "Glasovalo birača (po listićima)": 337, "Važeći listići": 325, "Nevažeći listići": 12 }, "latitude": 45.5434083, "longitude": 18.7165032, "population": 579 }, "geometry": { "type": "MultiPolygon", "coordinates": [ [ [ [ 18.714232886205249, 45.545092651973761 ], [ 18.714914810666688, 45.545650468915099 ], [ 18.720368180200495, 45.541714657454186 ], [ 18.723145931011057, 45.526972171247344 ], [ 18.71261593066189, 45.520928460911527 ], [ 18.714232886205249, 45.545092651973761 ] ] ] ] } },
{ "type": "Feature", "properties": { "BM": 2260, "data": { "Oznaka Gr/Op/Dr": "grad", "Grad/općina/država": "OSIJEK", "Rbr BM": 65, "Naziv BM": "OSIJEK", "Lokacija BM": "OSNOVNA ŠKOLA \"GRIGOR VITEZ\"", "Adresa BM": "KORČULANSKA 1", "Glasovalo birača": 404, "Glasovalo birača (po listićima)": 404, "Važeći listići": 398, "Nevažeći listići": 6 }, "latitude": 45.5476518, "longitude": 18.713032, "population": 705 }, "geometry": { "type": "MultiPolygon", "coordinates": [ [ [ [ 18.713327496002641, 45.552972173177906 ], [ 18.71698734677992, 45.550503297052202 ], [ 18.717617583042955, 45.55000113679872 ], [ 18.714914810666688, 45.545650468915099 ], [ 18.714232886205249, 45.545092651973761 ], [ 18.709802869227907, 45.54652975580013 ], [ 18.709747254868304, 45.549649634926929 ], [ 18.713327496002641, 45.552972173177906 ] ] ] ] } },
{ "type": "Feature", "properties": { "BM": 2448, "data": { "Oznaka Gr/Op/Dr": "općina", "Grad/općina/država": "DARDA", "Rbr BM": 7, "Naziv BM": "MECE", "Lokacija BM": "DOM MEĐUGENERACIJSKE SOLIDARNOSTI I KLUB MLADIH", "Adresa BM": "BELJSKA 48", "Glasovalo birača": 406, "Glasovalo birača (po listićima)": 406, "Važeći listići": 389, "Nevažeći listići": 17 }, "latitude": 45.6211932, "longitude": 18.7222189, "population": 698 }, "geometry": { "type": "MultiPolygon", "coordinates": [ [ [ [ 18.703550076287101, 45.603754611503575 ], [ 18.732565751187639, 45.684730050780196 ], [ 18.746589863823843, 45.683525538952516 ], [ 18.755917984700417, 45.667843787861287 ], [ 18.748729217260475, 45.643147254056053 ], [ 18.733696223502022, 45.613418867493237 ], [ 18.716196305402871, 45.592214488286729 ], [ 18.702937220135777, 45.593940170004267 ], [ 18.703550076287101, 45.603754611503575 ] ] ] ] } },
{ "type": "Feature", "properties": { "BM": 2275, "data": { "Oznaka Gr/Op/Dr": "grad", "Grad/općina/država": "OSIJEK", "Rbr BM": 80, "Naziv BM": "OSIJEK", "Lokacija BM": "GRADSKA ČETVRT DONJI GRAD", "Adresa BM": "TRG BANA JOSIPA JELAČIĆA 25", "Glasovalo birača": 511, "Glasovalo birača (po listićima)": 511, "Važeći listići": 498, "Nevažeći listići": 13 }, "latitude": 45.5552387, "longitude": 18.71815, "population": 786 }, "geometry": { "type": "MultiPolygon", "coordinates": [ [ [ [ 18.713327496002641, 45.552972173177906 ], [ 18.712452969082548, 45.557073136768409 ], [ 18.71546479226074, 45.558513644524389 ], [ 18.719186015765505, 45.557136385633164 ], [ 18.71698734677992, 45.550503297052202 ], [ 18.713327496002641, 45.552972173177906 ] ] ] ] } },
{ "type": "Feature", "properties": { "BM": 2276, "data": { "Oznaka Gr/Op/Dr": "grad", "Grad/općina/država": "OSIJEK", "Rbr BM": 81, "Naziv BM": "OSIJEK", "Lokacija BM": "OSNOVNA ŠKOLA JAGODE TRUHELKE", "Adresa BM": "CRKVENA ULICA 23", "Glasovalo birača": 525, "Glasovalo birača (po listićima)": 525, "Važeći listići": 500, "Nevažeći listići": 25 }, "latitude": 45.5592513, "longitude": 18.7196351, "population": 817 }, "geometry": { "type": "MultiPolygon", "coordinates": [ [ [ [ 18.71546479226074, 45.558513644524389 ], [ 18.727522101410859, 45.576323496117652 ], [ 18.723971485380659, 45.556291110470511 ], [ 18.719186015765505, 45.557136385633164 ], [ 18.71546479226074, 45.558513644524389 ] ] ] ] } },
{ "type": "Feature", "properties": { "BM": 2262, "data": { "Oznaka Gr/Op/Dr": "grad", "Grad/općina/država": "OSIJEK", "Rbr BM": 67, "Naziv BM": "OSIJEK", "Lokacija BM": "GRADSKA ČETVRT JUG II", "Adresa BM": "SRIJEMSKA ULICA 124B", "Glasovalo birača": 298, "Glasovalo birača (po listićima)": 297, "Važeći listići": 290, "Nevažeći listići": 7 }, "latitude": 45.5448493, "longitude": 18.7175432, "population": 454 }, "geometry": { "type": "MultiPolygon", "coordinates": [ [ [ [ 18.717617583042955, 45.55000113679872 ], [ 18.720572903440875, 45.549610775741257 ], [ 18.720368180200495, 45.541714657454186 ], [ 18.714914810666688, 45.545650468915099 ], [ 18.717617583042955, 45.55000113679872 ] ] ] ] } },
{ "type": "Feature", "properties": { "BM": 2274, "data": { "Oznaka Gr/Op/Dr": "grad", "Grad/općina/država": "OSIJEK", "Rbr BM": 79, "Naziv BM": "OSIJEK", "Lokacija BM": "OBRTNIČKA ŠKOLA OSIJEK", "Adresa BM": "TRG BANA JOSIPA JELAČIĆA 24", "Glasovalo birača": 504, "Glasovalo birača (po listićima)": 504, "Važeći listići": 494, "Nevažeći listići": 10 }, "latitude": 45.5549956, "longitude": 18.7188834, "population": 798 }, "geometry": { "type": "MultiPolygon", "coordinates": [ [ [ [ 18.720572903440875, 45.549610775741257 ], [ 18.717617583042955, 45.55000113679872 ], [ 18.71698734677992, 45.550503297052202 ], [ 18.719186015765505, 45.557136385633164 ], [ 18.723971485380659, 45.556291110470511 ], [ 18.724565325359485, 45.55395303497631 ], [ 18.723720963080744, 45.55097689464062 ], [ 18.720572903440875, 45.549610775741257 ] ] ] ] } },
{ "type": "Feature", "properties": { "BM": 2283, "data": { "Oznaka Gr/Op/Dr": "grad", "Grad/općina/država": "OSIJEK", "Rbr BM": 88, "Naziv BM": "OSIJEK", "Lokacija BM": "GRADSKA ČETVRT DONJI GRAD", "Adresa BM": "ZELENO POLJE 5", "Glasovalo birača": 505, "Glasovalo birača (po listićima)": 505, "Važeći listići": 494, "Nevažeći listići": 11 }, "latitude": 45.5518564, "longitude": 18.7299482, "population": 821 }, "geometry": { "type": "MultiPolygon", "coordinates": [ [ [ [ 18.723720963080744, 45.55097689464062 ], [ 18.724565325359485, 45.55395303497631 ], [ 18.729732731120624, 45.554753846557091 ], [ 18.775264558326786, 45.555095464840491 ], [ 18.788205372331305, 45.539919766993805 ], [ 18.7508315721558, 45.534492328970273 ], [ 18.724068863636912, 45.550656276113898 ], [ 18.723720963080744, 45.55097689464062 ] ] ] ] } },
{ "type": "Feature", "properties": { "BM": 2280, "data": { "Oznaka Gr/Op/Dr": "grad", "Grad/općina/država": "OSIJEK", "Rbr BM": 85, "Naziv BM": "OSIJEK", "Lokacija BM": "GRADSKA ČETVRT DONJI GRAD", "Adresa BM": "KRSTOVA ULICA 97B", "Glasovalo birača": 380, "Glasovalo birača (po listićima)": 380, "Važeći listići": 375, "Nevažeći listići": 5 }, "latitude": 45.5575806, "longitude": 18.7290611, "population": 561 }, "geometry": { "type": "MultiPolygon", "coordinates": [ [ [ [ 18.724565325359485, 45.55395303497631 ], [ 18.723971485380659, 45.556291110470511 ], [ 18.727522101410859, 45.576323496117652 ], [ 18.727785465605461, 45.577073319232369 ], [ 18.729732731120624, 45.554753846557091 ], [ 18.724565325359485, 45.55395303497631 ] ] ] ] } },
{ "type": "Feature", "properties": { "BM": 2391, "data": { "Oznaka Gr/Op/Dr": "općina", "Grad/općina/država": "BILJE", "Rbr BM": 2, "Naziv BM": "BILJE", "Lokacija BM": "DOM KULTURE", "Adresa BM": "KRALJA ZVONIMIRA 2", "Glasovalo birača": 367, "Glasovalo birača (po listićima)": 367, "Važeći listići": 357, "Nevažeći listići": 10 }, "latitude": 45.6036246, "longitude": 18.7435065, "population": 614 }, "geometry": { "type": "MultiPolygon", "coordinates": [ [ [ [ 18.716196305402871, 45.592214488286729 ], [ 18.733696223502022, 45.613418867493237 ], [ 18.754207626562714, 45.600479553616871 ], [ 18.762490646619742, 45.581138682209023 ], [ 18.761686229640297, 45.57324808889021 ], [ 18.729635952581852, 45.582731179280842 ], [ 18.716196305402871, 45.592214488286729 ] ] ] ] } },
{ "type": "Feature", "properties": { "BM": 2270, "data": { "Oznaka Gr/Op/Dr": "grad", "Grad/općina/država": "OSIJEK", "Rbr BM": 75, "Naziv BM": "OSIJEK", "Lokacija BM": "GRADSKA ČETVRT JUG II", "Adresa BM": "KAŠTELANSKA 42B", "Glasovalo birača": 475, "Glasovalo birača (po listićima)": 473, "Važeći listići": 454, "Nevažeći listići": 19 }, "latitude": 45.544894, "longitude": 18.7257431, "population": 721 }, "geometry": { "type": "MultiPolygon", "coordinates": [ [ [ [ 18.7508315721558, 45.534492328970273 ], [ 18.747252150895623, 45.533406543193784 ], [ 18.72592709057772, 45.52790370016141 ], [ 18.724068863636912, 45.550656276113898 ], [ 18.7508315721558, 45.534492328970273 ] ] ] ] } },
{ "type": "Feature", "properties": { "BM": 2282, "data": { "Oznaka Gr/Op/Dr": "grad", "Grad/općina/država": "OSIJEK", "Rbr BM": 87, "Naziv BM": "OSIJEK", "Lokacija BM": "OSNOVNA ŠKOLA LJUDEVITA GAJA", "Adresa BM": "KRSTOVA ULICA 99", "Glasovalo birača": 373, "Glasovalo birača (po listićima)": 373, "Važeći listići": 365, "Nevažeći listići": 8 }, "latitude": 45.5576542, "longitude": 18.7299047, "population": 613 }, "geometry": { "type": "MultiPolygon", "coordinates": [ [ [ [ 18.729635952581852, 45.582731179280842 ], [ 18.761686229640297, 45.57324808889021 ], [ 18.775264558326786, 45.555095464840491 ], [ 18.729732731120624, 45.554753846557091 ], [ 18.727785465605461, 45.577073319232369 ], [ 18.729635952581852, 45.582731179280842 ] ] ] ] } },
{ "type": "Feature", "properties": { "BM": 2288, "data": { "Oznaka Gr/Op/Dr": "grad", "Grad/općina/država": "OSIJEK", "Rbr BM": 93, "Naziv BM": "JOSIPOVAC", "Lokacija BM": "HRVATSKI DOM JOSIPOVAC", "Adresa BM": "OSJEČKA 66", "Glasovalo birača": 538, "Glasovalo birača (po listićima)": 538, "Važeći listići": 527, "Nevažeći listići": 11 }, "latitude": 45.5119054, "longitude": 18.7357499, "population": 846 }, "geometry": { "type": "MultiPolygon", "coordinates": [ [ [ [ 18.788205372331305, 45.539919766993805 ], [ 18.799000613749993, 45.533761632709393 ], [ 18.79768730811913, 45.530211352842599 ], [ 18.734166557742046, 45.511236248065075 ], [ 18.747252150895623, 45.533406543193784 ], [ 18.7508315721558, 45.534492328970273 ], [ 18.788205372331305, 45.539919766993805 ] ] ] ] } },
{ "type": "Feature", "properties": { "BM": 2311, "data": { "Oznaka Gr/Op/Dr": "grad", "Grad/općina/država": "OSIJEK", "Rbr BM": 116, "Naziv BM": "SARVAŠ", "Lokacija BM": "MJESNI ODBOR SARVAŠ", "Adresa BM": "OSJEČKA ULICA 64", "Glasovalo birača": 366, "Glasovalo birača (po listićima)": 366, "Važeći listići": 358, "Nevažeći listići": 8 }, "latitude": 45.5115452, "longitude": 18.7358575, "population": 726 }, "geometry": { "type": "MultiPolygon", "coordinates": [ [ [ [ 18.734166557742046, 45.511236248065075 ], [ 18.79768730811913, 45.530211352842599 ], [ 18.778333426239577, 45.477420038588527 ], [ 18.737091824004246, 45.460525360658316 ], [ 18.719902467084701, 45.463224955927892 ], [ 18.711915968641399, 45.481523784267232 ], [ 18.734166557742046, 45.511236248065075 ] ] ] ] } },
{ "type": "Feature", "properties": { "BM": 2548, "data": { "Oznaka Gr/Op/Dr": "općina", "Grad/općina/država": "KNEŽEVI VINOGRADI", "Rbr BM": 3, "Naziv BM": "KARANAC", "Lokacija BM": "HRVATSKI DOM KULTURE", "Adresa BM": "PETEFI ŠANDORA 68", "Glasovalo birača": 222, "Glasovalo birača (po listićima)": 222, "Važeći listići": 215, "Nevažeći listići": 7 }, "latitude": 45.7565377, "longitude": 18.7347364, "population": 525 }, "geometry": { "type": "MultiPolygon", "coordinates": [ [ [ [ 18.717873098456753, 45.756134578046087 ], [ 18.72994704426533, 45.786318551609725 ], [ 18.745281126120403, 45.786519154150476 ], [ 18.749655050508494, 45.779467936044298 ], [ 18.738312997871756, 45.755285964191174 ], [ 18.733886642144007, 45.752836481385373 ], [ 18.717873098456753, 45.756134578046087 ] ] ] ] } },
{ "type": "Feature", "properties": { "BM": 2551, "data": { "Oznaka Gr/Op/Dr": "općina", "Grad/općina/država": "KNEŽEVI VINOGRADI", "Rbr BM": 6, "Naziv BM": "KOTLINA", "Lokacija BM": "DOM KULTURE", "Adresa BM": "GLAVNA 48", "Glasovalo birača": 30, "Glasovalo birača (po listićima)": 30, "Važeći listići": 30, "Nevažeći listići": 0 }, "latitude": 45.7533362, "longitude": 18.7415622, "population": 97 }, "geometry": { "type": "MultiPolygon", "coordinates": [ [ [ [ 18.754309617436913, 45.717819690856103 ], [ 18.738312997871756, 45.755285964191174 ], [ 18.749655050508494, 45.779467936044298 ], [ 18.771558049331986, 45.753115736456714 ], [ 18.758660593261876, 45.70923433364748 ], [ 18.754309617436913, 45.717819690856103 ] ] ] ] } },
{ "type": "Feature", "properties": { "BM": 2550, "data": { "Oznaka Gr/Op/Dr": "općina", "Grad/općina/država": "KNEŽEVI VINOGRADI", "Rbr BM": 5, "Naziv BM": "SUZA", "Lokacija BM": "DOM KULTURE", "Adresa BM": "MARŠALA TITA 105", "Glasovalo birača": 44, "Glasovalo birača (po listićima)": 44, "Važeći listići": 41, "Nevažeći listići": 3 }, "latitude": 45.7826462, "longitude": 18.776826, "population": 195 }, "geometry": { "type": "MultiPolygon", "coordinates": [ [ [ [ 18.749655050508494, 45.779467936044298 ], [ 18.745281126120403, 45.786519154150476 ], [ 18.764527203817277, 45.811098448445627 ], [ 18.776734023827579, 45.812068383254626 ], [ 18.778265338205642, 45.811844956506107 ], [ 18.803027887360678, 45.766978747156202 ], [ 18.771558049331986, 45.753115736456714 ], [ 18.749655050508494, 45.779467936044298 ] ] ] ] } },
{ "type": "Feature", "properties": { "BM": 2547, "data": { "Oznaka Gr/Op/Dr": "općina", "Grad/općina/država": "KNEŽEVI VINOGRADI", "Rbr BM": 2, "Naziv BM": "KNEŽEVI VINOGRADI", "Lokacija BM": "OSNOVNA ŠKOLA KNEŽEVI VINOGRADI", "Adresa BM": "KNEŽEVI VINOGRADI", "Glasovalo birača": 218, "Glasovalo birača (po listićima)": 218, "Važeći listići": 208, "Nevažeći listići": 10 }, "latitude": 45.7515907, "longitude": 18.737474, "population": 495 }, "geometry": { "type": "MultiPolygon", "coordinates": [ [ [ [ 18.733886642144007, 45.752836481385373 ], [ 18.738312997871756, 45.755285964191174 ], [ 18.754309617436913, 45.717819690856103 ], [ 18.733886642144007, 45.752836481385373 ] ] ] ] } },
{ "type": "Feature", "properties": { "BM": 2395, "data": { "Oznaka Gr/Op/Dr": "općina", "Grad/općina/država": "BILJE", "Rbr BM": 6, "Naziv BM": "VARDARAC", "Lokacija BM": "DOM KULTURE", "Adresa BM": "ŠANDORA PETEFIJA 114", "Glasovalo birača": 92, "Glasovalo birača (po listićima)": 92, "Važeći listići": 91, "Nevažeći listići": 1 }, "latitude": 45.610395, "longitude": 18.7593154, "population": 239 }, "geometry": { "type": "MultiPolygon", "coordinates": [ [ [ [ 18.754207626562714, 45.600479553616871 ], [ 18.748729217260475, 45.643147254056053 ], [ 18.755917984700417, 45.667843787861287 ], [ 18.787835777166951, 45.641401260705521 ], [ 18.762490646619742, 45.581138682209023 ], [ 18.754207626562714, 45.600479553616871 ] ] ] ] } },
{ "type": "Feature", "properties": { "BM": 2394, "data": { "Oznaka Gr/Op/Dr": "općina", "Grad/općina/država": "BILJE", "Rbr BM": 5, "Naziv BM": "KOPAČEVO", "Lokacija BM": "DOM KULTURE", "Adresa BM": "FERENCA KIŠA 2C", "Glasovalo birača": 117, "Glasovalo birača (po listićima)": 117, "Važeći listići": 116, "Nevažeći listići": 1 }, "latitude": 45.5993311, "longitude": 18.7856218, "population": 274 }, "geometry": { "type": "MultiPolygon", "coordinates": [ [ [ [ 18.762490646619742, 45.581138682209023 ], [ 18.787835777166951, 45.641401260705521 ], [ 18.876696541347368, 45.609335480281317 ], [ 18.810876098583204, 45.53830467140417 ], [ 18.799000613749993, 45.533761632709393 ], [ 18.788205372331305, 45.539919766993805 ], [ 18.775264558326786, 45.555095464840491 ], [ 18.761686229640297, 45.57324808889021 ], [ 18.762490646619742, 45.581138682209023 ] ] ] ] } },
{ "type": "Feature", "properties": { "BM": 2732, "data": { "Oznaka Gr/Op/Dr": "općina", "Grad/općina/država": "ŠODOLOVCI", "Rbr BM": 2, "Naziv BM": "SILAŠ", "Lokacija BM": "DRUŠTVENI DOM", "Adresa BM": "BORISA KIDRIČA 1", "Glasovalo birača": 30, "Glasovalo birača (po listićima)": 30, "Važeći listići": 24, "Nevažeći listići": 6 }, "latitude": 45.4233026, "longitude": 18.7720062, "population": 266 }, "geometry": { "type": "MultiPolygon", "coordinates": [ [ [ [ 18.740923774497027, 45.44244348299847 ], [ 18.737091824004246, 45.460525360658316 ], [ 18.778333426239577, 45.477420038588527 ], [ 18.814872324878323, 45.435270239930929 ], [ 18.814251834958817, 45.409997630861625 ], [ 18.792234176071524, 45.400631576189383 ], [ 18.76687742284993, 45.401589363747334 ], [ 18.740923774497027, 45.44244348299847 ] ] ] ] } },
{ "type": "Feature", "properties": { "BM": 2393, "data": { "Oznaka Gr/Op/Dr": "općina", "Grad/općina/država": "BILJE", "Rbr BM": 4, "Naziv BM": "BILJE", "Lokacija BM": "OSNOVNA ŠKOLA BILJE", "Adresa BM": "ŠKOLSKA ULICA 6", "Glasovalo birača": 483, "Glasovalo birača (po listićima)": 483, "Važeći listići": 473, "Nevažeći listići": 10 }, "latitude": 45.608783, "longitude": 18.7467606, "population": 774 }, "geometry": { "type": "MultiPolygon", "coordinates": [ [ [ [ 18.748729217260475, 45.643147254056053 ], [ 18.754207626562714, 45.600479553616871 ], [ 18.733696223502022, 45.613418867493237 ], [ 18.748729217260475, 45.643147254056053 ] ] ] ] } },
{ "type": "Feature", "properties": { "BM": 2397, "data": { "Oznaka Gr/Op/Dr": "općina", "Grad/općina/država": "BILJE", "Rbr BM": 8, "Naziv BM": "KOZJAK", "Lokacija BM": "DRUŠTVENE PROSTORIJE", "Adresa BM": "KOZJAK 16", "Glasovalo birača": 22, "Glasovalo birača (po listićima)": 22, "Važeći listići": 20, "Nevažeći listići": 2 }, "latitude": 45.6751911, "longitude": 18.8129962, "population": 40 }, "geometry": { "type": "MultiPolygon", "coordinates": [ [ [ [ 18.9721127, 45.7323817 ], [ 18.9710106, 45.7314069 ], [ 18.9693192, 45.7303146 ], [ 18.9678841, 45.7294832 ], [ 18.9659337, 45.7284276 ], [ 18.9647624, 45.7276593 ], [ 18.9635952, 45.7268041 ], [ 18.9624635, 45.7260686 ], [ 18.9610607, 45.7253945 ], [ 18.9598081, 45.7247357 ], [ 18.9587396, 45.7243094 ], [ 18.9575316, 45.7239339 ], [ 18.955764, 45.7235132 ], [ 18.9547574, 45.7233864 ], [ 18.9528228, 45.7233029 ], [ 18.950789, 45.7232628 ], [ 18.9482206, 45.723443 ], [ 18.9463262, 45.7235586 ], [ 18.9454293, 45.7236797 ], [ 18.9440969, 45.7239502 ], [ 18.9432234, 45.7242549 ], [ 18.9421099, 45.7247378 ], [ 18.9404628, 45.7255051 ], [ 18.9385107, 45.726251 ], [ 18.936934, 45.7269818 ], [ 18.9346378, 45.7277546 ], [ 18.9325746, 45.7282329 ], [ 18.9305989, 45.7285179 ], [ 18.928639, 45.7286467 ], [ 18.9270716, 45.7286563 ], [ 18.9256793, 45.7284735 ], [ 18.9203174, 45.7272138 ], [ 18.9153203, 45.7257757 ], [ 18.9136506, 45.7252332 ], [ 18.9127175, 45.7247584 ], [ 18.9118332, 45.7240988 ], [ 18.9109647, 45.7233581 ], [ 18.910245, 45.7225629 ], [ 18.9095492, 45.7213078 ], [ 18.9086343, 45.7192206 ], [ 18.9084696, 45.7186194 ], [ 18.9084872, 45.7179307 ], [ 18.9085762, 45.7173104 ], [ 18.9091045, 45.715732 ], [ 18.9100051, 45.7139777 ], [ 18.9104972, 45.7132299 ], [ 18.9119855, 45.7118252 ], [ 18.9181184, 45.7131739 ], [ 18.9243173, 45.7144968 ], [ 18.927435, 45.7152046 ], [ 18.9284981, 45.715454 ], [ 18.928887, 45.7154745 ], [ 18.9292373, 45.7154091 ], [ 18.9314425, 45.7148797 ], [ 18.9330501, 45.7145628 ], [ 18.9338599, 45.7145535 ], [ 18.9350535, 45.7145506 ], [ 18.9359928, 45.7145965 ], [ 18.9381515, 45.7147862 ], [ 18.9405756, 45.7150237 ], [ 18.9428551, 45.7155084 ], [ 18.9438741, 45.715836 ], [ 18.9443497, 45.7159358 ], [ 18.9484309, 45.7165665 ], [ 18.9508552, 45.7170289 ], [ 18.9526747, 45.7175147 ], [ 18.9534938, 45.7178123 ], [ 18.9575524, 45.7197302 ], [ 18.9587114, 45.7202486 ], [ 18.96091, 45.7211711 ], [ 18.961503, 45.721381 ], [ 18.9619733, 45.7215017 ], [ 18.9635716, 45.7214418 ], [ 18.9649035, 45.7214815 ], [ 18.9651163, 45.7216818 ], [ 18.9649823, 45.7218611 ], [ 18.9657838, 45.7219136 ], [ 18.9667244, 45.7219566 ], [ 18.9673875, 45.7219309 ], [ 18.9687774, 45.7218247 ], [ 18.9702349, 45.7216222 ], [ 18.9716563, 45.7211791 ], [ 18.9729209, 45.7205914 ], [ 18.9741166, 45.7198113 ], [ 18.9748186, 45.7191702 ], [ 18.9762588, 45.7172575 ], [ 18.9768412, 45.7164059 ], [ 18.9772836, 45.7153998 ], [ 18.9776375, 45.7136765 ], [ 18.9776972, 45.7128294 ], [ 18.9776664, 45.7120343 ], [ 18.9774125, 45.7100622 ], [ 18.9770308, 45.7083842 ], [ 18.9748812, 45.7031276 ], [ 18.9748556, 45.7029204 ], [ 18.9747754, 45.7024878 ], [ 18.9746534, 45.7018528 ], [ 18.974455, 45.7010797 ], [ 18.974205, 45.7003647 ], [ 18.9738762, 45.6996999 ], [ 18.9735178, 45.6991046 ], [ 18.972928, 45.6982764 ], [ 18.9725686, 45.6977657 ], [ 18.9722574, 45.6973724 ], [ 18.9719508, 45.697025 ], [ 18.971487, 45.6965664 ], [ 18.971052, 45.6962111 ], [ 18.9705356, 45.6959078 ], [ 18.9700446, 45.6956546 ], [ 18.9696382, 45.6954709 ], [ 18.9692541, 45.6953158 ], [ 18.9685732, 45.6951425 ], [ 18.9680856, 45.6950171 ], [ 18.9676114, 45.6949167 ], [ 18.9670395, 45.6948127 ], [ 18.9666252, 45.6947685 ], [ 18.9660109, 45.694735 ], [ 18.9655037, 45.6947357 ], [ 18.9653494, 45.6947208 ], [ 18.9645449, 45.694608 ], [ 18.962668, 45.6944007 ], [ 18.9619163, 45.694372 ], [ 18.961616, 45.6943763 ], [ 18.9610195, 45.6944093 ], [ 18.9603823, 45.6944687 ], [ 18.9600619, 45.6945038 ], [ 18.959245, 45.6946357 ], [ 18.9586232, 45.6947634 ], [ 18.958146, 45.6948681 ], [ 18.9575261, 45.6950326 ], [ 18.9571865, 45.6951471 ], [ 18.9566873, 45.6953105 ], [ 18.9563183, 45.6954306 ], [ 18.9560554, 45.6955246 ], [ 18.9554591, 45.6957694 ], [ 18.954194, 45.6964562 ], [ 18.9536764, 45.6967127 ], [ 18.9533309, 45.6968963 ], [ 18.9535062, 45.6972358 ], [ 18.9528621, 45.6985468 ], [ 18.952206, 45.6993619 ], [ 18.9514024, 45.7003602 ], [ 18.9504862, 45.7014695 ], [ 18.9498511, 45.701879 ], [ 18.9492639, 45.7022472 ], [ 18.948083, 45.7030625 ], [ 18.9467953, 45.7038416 ], [ 18.9454846, 45.7041733 ], [ 18.9441739, 45.7045049 ], [ 18.9428808, 45.704412 ], [ 18.9415877, 45.7043191 ], [ 18.9402946, 45.7042262 ], [ 18.9390015, 45.7041332 ], [ 18.9377084, 45.7040403 ], [ 18.9364153, 45.7039473 ], [ 18.9351222, 45.7038543 ], [ 18.934737, 45.7037856 ], [ 18.9343845, 45.7037503 ], [ 18.9342454, 45.7041277 ], [ 18.933867, 45.7047558 ], [ 18.9337684, 45.7048835 ], [ 18.9337233, 45.7049496 ], [ 18.93367, 45.7050084 ], [ 18.9335326, 45.7051028 ], [ 18.9332788, 45.7052277 ], [ 18.933072, 45.7052892 ], [ 18.9329806, 45.7053117 ], [ 18.9327951, 45.7053758 ], [ 18.9321767, 45.7056417 ], [ 18.9319779, 45.7057711 ], [ 18.9314095, 45.706173 ], [ 18.9311918, 45.7062666 ], [ 18.9310103, 45.7063212 ], [ 18.930824, 45.7063687 ], [ 18.9305987, 45.7064014 ], [ 18.9303932, 45.7064005 ], [ 18.9302003, 45.7063827 ], [ 18.9300162, 45.706357 ], [ 18.9296722, 45.7062974 ], [ 18.9293154, 45.7062028 ], [ 18.9285435, 45.7060115 ], [ 18.9279684, 45.7058825 ], [ 18.9272535, 45.7057371 ], [ 18.9265213, 45.7055177 ], [ 18.9262013, 45.7053884 ], [ 18.9253772, 45.7050199 ], [ 18.9251239, 45.7048812 ], [ 18.9249957, 45.7047906 ], [ 18.9249375, 45.7047889 ], [ 18.9245507, 45.7049713 ], [ 18.9240884, 45.7052436 ], [ 18.9239931, 45.7053017 ], [ 18.9236354, 45.7053686 ], [ 18.9234111, 45.7053531 ], [ 18.9229585, 45.705317 ], [ 18.9225643, 45.7052831 ], [ 18.9222215, 45.7052838 ], [ 18.9220883, 45.7053021 ], [ 18.9219202, 45.7053652 ], [ 18.9216832, 45.7054882 ], [ 18.921497, 45.7056276 ], [ 18.9213407, 45.7057812 ], [ 18.9211905, 45.7059636 ], [ 18.9209463, 45.7062852 ], [ 18.9207988, 45.7064468 ], [ 18.9207453, 45.7065051 ], [ 18.9200265, 45.7072642 ], [ 18.9193077, 45.7080233 ], [ 18.9190771, 45.7082223 ], [ 18.9189048, 45.7083366 ], [ 18.9186868, 45.7084291 ], [ 18.916309, 45.7087067 ], [ 18.9127992, 45.7081864 ], [ 18.9143524, 45.7055919 ], [ 18.9157933, 45.7036576 ], [ 18.9161066, 45.7032761 ], [ 18.9204507, 45.6985739 ], [ 18.9212969, 45.6978863 ], [ 18.9237676, 45.695047 ], [ 18.9259214, 45.6929137 ], [ 18.9271423, 45.6915079 ], [ 18.9277526, 45.6909951 ], [ 18.929319, 45.6900488 ], [ 18.928563270318559, 45.689484174375934 ], [ 18.933055827720629, 45.687662104794704 ], [ 18.9333478, 45.6881205 ], [ 18.93861, 45.6871175 ], [ 18.94396, 45.686409 ], [ 18.946687, 45.6860572 ], [ 18.9493561, 45.6855686 ], [ 18.9505829, 45.6853573 ], [ 18.9510817, 45.6851054 ], [ 18.9552079, 45.6824174 ], [ 18.9573389, 45.6807742 ], [ 18.9585112, 45.6793057 ], [ 18.9591756, 45.6777404 ], [ 18.959368209514253, 45.675699843952557 ], [ 18.959971180618783, 45.675372810074556 ], [ 18.899131934943458, 45.617978857343147 ], [ 18.876696541347368, 45.609335480281317 ], [ 18.787835777166951, 45.641401260705521 ], [ 18.755917984700417, 45.667843787861287 ], [ 18.746589863823843, 45.683525538952516 ], [ 18.755653148508124, 45.693310101172933 ], [ 18.937196663866988, 45.740525215848464 ], [ 18.972460597499293, 45.732717776168386 ], [ 18.9721127, 45.7323817 ] ] ] ] } },
{ "type": "Feature", "properties": { "BM": 2553, "data": { "Oznaka Gr/Op/Dr": "općina", "Grad/općina/država": "KNEŽEVI VINOGRADI", "Rbr BM": 8, "Naziv BM": "MIRKOVAC", "Lokacija BM": "SJEDIŠTE RESTORANA POLJOPRIVREDE MIRKOVAC", "Adresa BM": "MIRKOVAC 21", "Glasovalo birača": 28, "Glasovalo birača (po listićima)": 27, "Važeći listići": 25, "Nevažeći listići": 2 }, "latitude": 45.7370707, "longitude": 18.7969028, "population": 62 }, "geometry": { "type": "MultiPolygon", "coordinates": [ [ [ [ 18.894261067056476, 45.756659632367793 ], [ 18.8954859, 45.7538299 ], [ 18.896133611385469, 45.750421268390063 ], [ 18.89675, 45.7501192 ], [ 18.9003366, 45.7484162 ], [ 18.9013908, 45.7478853 ], [ 18.9024449, 45.7473544 ], [ 18.903499, 45.7468235 ], [ 18.9046869, 45.7463644 ], [ 18.9057357, 45.7460286 ], [ 18.9070135, 45.7456358 ], [ 18.9082913, 45.745243 ], [ 18.9100953, 45.7449211 ], [ 18.9114603, 45.7447522 ], [ 18.9128979, 45.7447248 ], [ 18.914384, 45.7448461 ], [ 18.9159918, 45.745039 ], [ 18.9178368, 45.7453295 ], [ 18.9196819, 45.74562 ], [ 18.9203882, 45.7457914 ], [ 18.9226043, 45.746408 ], [ 18.9228307, 45.7464884 ], [ 18.923874183408731, 45.746923059635726 ], [ 18.937196663866988, 45.740525215848464 ], [ 18.755653148508124, 45.693310101172933 ], [ 18.758660593261876, 45.70923433364748 ], [ 18.771558049331986, 45.753115736456714 ], [ 18.803027887360678, 45.766978747156202 ], [ 18.894261067056476, 45.7566596323678 ], [ 18.894261067056476, 45.756659632367793 ] ] ] ] } },
{ "type": "Feature", "properties": { "BM": 2309, "data": { "Oznaka Gr/Op/Dr": "grad", "Grad/općina/država": "OSIJEK", "Rbr BM": 114, "Naziv BM": "KLISA", "Lokacija BM": "MJESNI ODBOR KLISA", "Adresa BM": "VUKOVARSKA ULICA 48", "Glasovalo birača": 59, "Glasovalo birača (po listićima)": 59, "Važeći listići": 58, "Nevažeći listići": 1 }, "latitude": 45.4760046, "longitude": 18.8328011, "population": 173 }, "geometry": { "type": "MultiPolygon", "coordinates": [ [ [ [ 18.799000613749993, 45.533761632709393 ], [ 18.810876098583204, 45.53830467140417 ], [ 18.882905273492213, 45.467852203579 ], [ 18.879614497549014, 45.463981624394521 ], [ 18.814872324878323, 45.435270239930929 ], [ 18.778333426239577, 45.477420038588527 ], [ 18.79768730811913, 45.530211352842599 ], [ 18.799000613749993, 45.533761632709393 ] ] ] ] } },
{ "type": "Feature", "properties": { "BM": 2458, "data": { "Oznaka Gr/Op/Dr": "općina", "Grad/općina/država": "DRAŽ", "Rbr BM": 5, "Naziv BM": "TOPOLJE", "Lokacija BM": "DOM KULTURE", "Adresa BM": "REPUBLIKE 25", "Glasovalo birača": 157, "Glasovalo birača (po listićima)": 157, "Važeći listići": 151, "Nevažeći listići": 6 }, "latitude": 45.8415998, "longitude": 18.7883293, "population": 264 }, "geometry": { "type": "MultiPolygon", "coordinates": [ [ [ [ 18.7805661, 45.8840839 ], [ 18.7821292, 45.8823766 ], [ 18.7827045, 45.8818517 ], [ 18.785266, 45.8800675 ], [ 18.7883492, 45.8788214 ], [ 18.7910962, 45.8781625 ], [ 18.7950878, 45.8783069 ], [ 18.7972443, 45.8784944 ], [ 18.7990728, 45.878473 ], [ 18.8030971, 45.8787429 ], [ 18.8061145, 45.8791398 ], [ 18.8083759, 45.879572 ], [ 18.8087457, 45.8795153 ], [ 18.8089306, 45.879463 ], [ 18.8101209, 45.8815537 ], [ 18.8105177, 45.8824585 ], [ 18.8126002, 45.8908159 ], [ 18.8119447, 45.8962976 ], [ 18.8115167, 45.8977626 ], [ 18.8072491, 45.9031911 ], [ 18.810496744909482, 45.905785542641766 ], [ 18.823212069766129, 45.829045548330726 ], [ 18.796149442351034, 45.819590059430091 ], [ 18.77981124744931, 45.856778914487379 ], [ 18.778996721651716, 45.885136843462959 ], [ 18.7805661, 45.8840839 ] ] ] ] } },
{ "type": "Feature", "properties": { "BM": 2454, "data": { "Oznaka Gr/Op/Dr": "općina", "Grad/općina/država": "DRAŽ", "Rbr BM": 1, "Naziv BM": "DRAŽ", "Lokacija BM": "OMLADINSKI DOM", "Adresa BM": "VLADIMIRA NAZORA BB", "Glasovalo birača": 208, "Glasovalo birača (po listićima)": 208, "Važeći listići": 203, "Nevažeći listići": 5 }, "latitude": 45.8402377, "longitude": 18.7852289, "population": 320 }, "geometry": { "type": "MultiPolygon", "coordinates": [ [ [ [ 18.776734023827579, 45.812068383254626 ], [ 18.77981124744931, 45.856778914487379 ], [ 18.796149442351034, 45.819590059430091 ], [ 18.778265338205642, 45.811844956506107 ], [ 18.776734023827579, 45.812068383254626 ] ] ] ] } },
{ "type": "Feature", "properties": { "BM": 2549, "data": { "Oznaka Gr/Op/Dr": "općina", "Grad/općina/država": "KNEŽEVI VINOGRADI", "Rbr BM": 4, "Naziv BM": "ZMAJEVAC", "Lokacija BM": "DOM KULTURE", "Adresa BM": "MARŠALA TITA 90", "Glasovalo birača": 92, "Glasovalo birača (po listićima)": 92, "Važeći listići": 90, "Nevažeći listići": 2 }, "latitude": 45.7974993, "longitude": 18.8037377, "population": 393 }, "geometry": { "type": "MultiPolygon", "coordinates": [ [ [ [ 18.890690827510948, 45.769263113592892 ], [ 18.8918939, 45.7621285 ], [ 18.894261067056476, 45.7566596323678 ], [ 18.803027887360678, 45.766978747156202 ], [ 18.778265338205642, 45.811844956506107 ], [ 18.796149442351034, 45.819590059430091 ], [ 18.823212069766129, 45.829045548330726 ], [ 18.890690827510948, 45.769263113592899 ], [ 18.890690827510948, 45.769263113592892 ] ] ] ] } },
{ "type": "Feature", "properties": { "BM": 2496, "data": { "Oznaka Gr/Op/Dr": "općina", "Grad/općina/država": "ERDUT", "Rbr BM": 5, "Naziv BM": "BIJELO BRDO", "Lokacija BM": "OSNOVNA ŠKOLA", "Adresa BM": "NIKOLE TESLE 71", "Glasovalo birača": 99, "Glasovalo birača (po listićima)": 99, "Važeći listići": 92, "Nevažeći listići": 7 }, "latitude": 45.5177637, "longitude": 18.8736461, "population": 689 }, "geometry": { "type": "MultiPolygon", "coordinates": [ [ [ [ 18.899493169125769, 45.584887801613725 ], [ 18.8983833, 45.5822921 ], [ 18.8973068, 45.579371 ], [ 18.8971334, 45.5778745 ], [ 18.8973066, 45.5772411 ], [ 18.89749, 45.5756825 ], [ 18.8975079, 45.5744037 ], [ 18.8978124, 45.5726302 ], [ 18.898232, 45.5718573 ], [ 18.898846, 45.5710718 ], [ 18.899496, 45.5704024 ], [ 18.9001899, 45.5699323 ], [ 18.9017066, 45.5691192 ], [ 18.9033145, 45.5684489 ], [ 18.905147, 45.5679787 ], [ 18.906176039694198, 45.567812347001031 ], [ 18.918904234222225, 45.477165043330615 ], [ 18.882905273492213, 45.467852203579 ], [ 18.810876098583204, 45.53830467140417 ], [ 18.876696541347368, 45.609335480281317 ], [ 18.899131934943458, 45.617978857343147 ], [ 18.903348506900393, 45.58794939182966 ], [ 18.899493169125769, 45.584887801613725 ] ] ] ] } },
{ "type": "Feature", "properties": { "BM": 2495, "data": { "Oznaka Gr/Op/Dr": "općina", "Grad/općina/država": "ERDUT", "Rbr BM": 4, "Naziv BM": "DALJ", "Lokacija BM": "DRUŠTVENI DOM", "Adresa BM": "BANA J. JELAČIĆA 12", "Glasovalo birača": 58, "Glasovalo birača (po listićima)": 58, "Važeći listići": 55, "Nevažeći listići": 3 }, "latitude": 45.5251561, "longitude": 19.0548521, "population": 375 }, "geometry": { "type": "MultiPolygon", "coordinates": [ [ [ [ 19.0088441, 45.5573891 ], [ 19.010531, 45.5575235 ], [ 19.0137353, 45.5575134 ], [ 19.0166692, 45.5575488 ], [ 19.0183529, 45.5572696 ], [ 19.0197452, 45.5568924 ], [ 19.0221087, 45.5560478 ], [ 19.0235604, 45.5554218 ], [ 19.0245995, 45.5548637 ], [ 19.0253945, 45.5542285 ], [ 19.0264107, 45.552932 ], [ 19.0266174, 45.5525122 ], [ 19.0274709, 45.5493026 ], [ 19.0280331, 45.5476655 ], [ 19.0292263, 45.5417432 ], [ 19.0299013, 45.5398993 ], [ 19.0304787, 45.5380995 ], [ 19.0308902, 45.5372084 ], [ 19.0314698, 45.5362327 ], [ 19.0318552, 45.5358181 ], [ 19.0338474, 45.5345372 ], [ 19.0348321, 45.5340641 ], [ 19.0359518, 45.5337641 ], [ 19.0372931, 45.5335893 ], [ 19.0397289, 45.5333067 ], [ 19.0421404, 45.5332452 ], [ 19.0484626, 45.5331648 ], [ 19.0532986, 45.53267 ], [ 19.0549873, 45.5325226 ], [ 19.056426864089794, 45.532421795331508 ], [ 19.057606485733896, 45.527166577032659 ], [ 19.055089903647758, 45.485776732618326 ], [ 19.0545303, 45.4856097 ], [ 19.0531342, 45.4852978 ], [ 19.0515017, 45.4850698 ], [ 19.0497187, 45.48486 ], [ 19.0473349, 45.4849149 ], [ 19.0435973, 45.485121 ], [ 19.0403372, 45.4854661 ], [ 19.0392711, 45.4856391 ], [ 19.0339568, 45.4868266 ], [ 19.0300504, 45.4879768 ], [ 19.0267214, 45.4891877 ], [ 19.0249048, 45.4901315 ], [ 19.0216591, 45.4918748 ], [ 19.0183739, 45.4938221 ], [ 19.0163069, 45.4946868 ], [ 19.0132464, 45.4958022 ], [ 19.01166290813369, 45.496105309120459 ], [ 19.011662908133687, 45.496105309120459 ], [ 19.007583170330555, 45.55730893703992 ], [ 19.0088441, 45.5573891 ] ] ] ] } },
{ "type": "Feature", "properties": { "BM": 2498, "data": { "Oznaka Gr/Op/Dr": "općina", "Grad/općina/država": "ERDUT", "Rbr BM": 7, "Naziv BM": "ALJMAŠ", "Lokacija BM": "PROSTORIJE MO", "Adresa BM": "MLADENA PALINKAŠA 5", "Glasovalo birača": 315, "Glasovalo birača (po listićima)": 315, "Važeći listići": 304, "Nevažeći listići": 11 }, "latitude": 45.5286578, "longitude": 18.9512314, "population": 534 }, "geometry": { "type": "MultiPolygon", "coordinates": [ [ [ [ 18.9641132, 45.6731263 ], [ 18.9651168, 45.6714479 ], [ 18.9656677, 45.6682505 ], [ 18.96598342461575, 45.666355362275745 ], [ 18.9663661, 45.6661856 ], [ 18.9687392, 45.6653315 ], [ 18.9707818, 45.6647411 ], [ 18.970965, 45.6647239 ], [ 18.9711425, 45.6647452 ], [ 18.9713498, 45.664687 ], [ 18.9715431, 45.6645288 ], [ 18.9718279, 45.6642416 ], [ 18.9723018, 45.6636881 ], [ 18.9728544, 45.6630581 ], [ 18.9736244, 45.6619487 ], [ 18.9742669, 45.6608912 ], [ 18.9744769, 45.6605259 ], [ 18.9748237, 45.6597368 ], [ 18.9752902, 45.6586466 ], [ 18.9755629, 45.6578639 ], [ 18.9756844, 45.6574232 ], [ 18.9757606, 45.656884 ], [ 18.975772, 45.6563756 ], [ 18.9757529, 45.6560257 ], [ 18.9755054, 45.6548016 ], [ 18.9752777, 45.6541295 ], [ 18.9749493, 45.6536895 ], [ 18.9745945, 45.6532669 ], [ 18.9740028, 45.6526778 ], [ 18.9728144, 45.6515478 ], [ 18.9721651, 45.6510872 ], [ 18.9713183, 45.650607 ], [ 18.970511, 45.6501556 ], [ 18.9695526, 45.6496971 ], [ 18.9681493, 45.6491391 ], [ 18.9673118, 45.648846 ], [ 18.9659107, 45.6484403 ], [ 18.9645821, 45.6482224 ], [ 18.9638074, 45.6481035 ], [ 18.9626049, 45.6479917 ], [ 18.9616589, 45.6478954 ], [ 18.9607036, 45.6477463 ], [ 18.9598841, 45.6475747 ], [ 18.959281, 45.6475158 ], [ 18.9584674, 45.6474964 ], [ 18.9576859, 45.6474576 ], [ 18.9571434, 45.6473507 ], [ 18.9566009, 45.6471729 ], [ 18.9532996, 45.6457471 ], [ 18.9505189, 45.6445751 ], [ 18.9488434, 45.6440884 ], [ 18.9477963, 45.6438566 ], [ 18.9468928, 45.6437002 ], [ 18.9457083, 45.6436719 ], [ 18.9430999, 45.6438497 ], [ 18.9412856, 45.644177 ], [ 18.94078590646015, 45.644265176737619 ], [ 18.9388731, 45.6427752 ], [ 18.9356378, 45.634687 ], [ 18.935397214924279, 45.634363703129146 ], [ 18.9353627, 45.6342187 ], [ 18.9350422, 45.6333214 ], [ 18.9350141, 45.6331095 ], [ 18.9350766, 45.6328977 ], [ 18.9365935, 45.6312864 ], [ 18.9392396, 45.6319519 ], [ 18.9416402, 45.6326056 ], [ 18.9430713, 45.6331864 ], [ 18.9452066, 45.6341987 ], [ 18.9467766, 45.633042 ], [ 18.9509836, 45.6283224 ], [ 18.9518936, 45.6270431 ], [ 18.9521501, 45.626329 ], [ 18.9522433, 45.6258362 ], [ 18.9521847, 45.625336 ], [ 18.9518224, 45.6248067 ], [ 18.9512614, 45.6243763 ], [ 18.9504046, 45.6240151 ], [ 18.9492013, 45.6234927 ], [ 18.947693, 45.6230046 ], [ 18.9460831, 45.6225035 ], [ 18.9437749, 45.621853 ], [ 18.9418246, 45.6214334 ], [ 18.940874, 45.6213502 ], [ 18.9393197, 45.6212514 ], [ 18.9379082, 45.6213117 ], [ 18.9369297, 45.6214331 ], [ 18.935555, 45.6216807 ], [ 18.9347825, 45.621807 ], [ 18.93385, 45.6218739 ], [ 18.932577, 45.6222076 ], [ 18.9313171, 45.6225467 ], [ 18.9300017, 45.6231535 ], [ 18.9288611, 45.6238102 ], [ 18.9273863, 45.6244478 ], [ 18.9249088, 45.6258417 ], [ 18.9223486, 45.6247953 ], [ 18.9190487, 45.6235248 ], [ 18.9176041, 45.6228338 ], [ 18.9170765, 45.6225074 ], [ 18.9165294, 45.622113 ], [ 18.9161018, 45.6217112 ], [ 18.9146162, 45.6197129 ], [ 18.9143681, 45.6191824 ], [ 18.9141827, 45.6185102 ], [ 18.9142432, 45.6178386 ], [ 18.9142938, 45.6168032 ], [ 18.9142628, 45.6157106 ], [ 18.9139847, 45.6143169 ], [ 18.9161628, 45.6141974 ], [ 18.9173814, 45.6142206 ], [ 18.9185938, 45.6143099 ], [ 18.9200104, 45.6137816 ], [ 18.9204675, 45.6137817 ], [ 18.9225973, 45.614174 ], [ 18.9279291, 45.6142614 ], [ 18.9317249, 45.6168034 ], [ 18.9320708, 45.6169145 ], [ 18.9329871, 45.6169225 ], [ 18.9334595, 45.6170011 ], [ 18.9339114, 45.6170225 ], [ 18.9351011, 45.6168083 ], [ 18.9357248, 45.6167797 ], [ 18.9365435, 45.6169224 ], [ 18.9376298, 45.617265 ], [ 18.9384068, 45.6177351 ], [ 18.9393472, 45.6185836 ], [ 18.9400849, 45.6196237 ], [ 18.9425604, 45.6209331 ], [ 18.9433239, 45.621026 ], [ 18.9440328, 45.6207525 ], [ 18.9445172, 45.6203933 ], [ 18.944894, 45.6199319 ], [ 18.9451468, 45.619469 ], [ 18.9451884, 45.6191484 ], [ 18.9435638, 45.6169835 ], [ 18.9431487, 45.6150409 ], [ 18.9430132, 45.6137656 ], [ 18.943024, 45.6134977 ], [ 18.9431287, 45.613139 ], [ 18.9434581, 45.6125619 ], [ 18.9440473, 45.6117627 ], [ 18.9447245, 45.6105952 ], [ 18.9455985, 45.6088833 ], [ 18.9460314, 45.6073458 ], [ 18.9461816, 45.6071941 ], [ 18.9460647, 45.6070591 ], [ 18.9460682, 45.606664 ], [ 18.9459655, 45.6061713 ], [ 18.9457163, 45.6055126 ], [ 18.9451072, 45.6043598 ], [ 18.9448357, 45.6037863 ], [ 18.9445181, 45.6034755 ], [ 18.9438035, 45.6028876 ], [ 18.9430747, 45.6022904 ], [ 18.9421201, 45.6017091 ], [ 18.940934, 45.6011138 ], [ 18.9388613, 45.6002914 ], [ 18.9361109, 45.5993825 ], [ 18.9335481, 45.5985444 ], [ 18.932354, 45.5981727 ], [ 18.9311041, 45.5979422 ], [ 18.9300471, 45.59788 ], [ 18.9291585, 45.5979337 ], [ 18.9276016, 45.5981817 ], [ 18.9263603, 45.5980657 ], [ 18.9249137, 45.59823 ], [ 18.9232525, 45.5983223 ], [ 18.9209524, 45.5990885 ], [ 18.9196374, 45.5991613 ], [ 18.9186651, 45.5994258 ], [ 18.9186803, 45.6001722 ], [ 18.9168239, 45.6002034 ], [ 18.9168358, 45.6003173 ], [ 18.9156283, 45.6003756 ], [ 18.9126438, 45.6009119 ], [ 18.912228492359279, 45.600393118955502 ], [ 18.9125734, 45.6000355 ], [ 18.913407, 45.5980876 ], [ 18.9133423, 45.5961396 ], [ 18.9132386, 45.595378 ], [ 18.9128899, 45.5944308 ], [ 18.911008, 45.5930722 ], [ 18.905981, 45.5900399 ], [ 18.903348506900393, 45.58794939182966 ], [ 18.899131934943458, 45.617978857343147 ], [ 18.959971180618783, 45.675372810074556 ], [ 18.9641132, 45.6731263 ] ] ], [ [ [ 18.9076529, 45.5675736 ], [ 18.9100313, 45.5672999 ], [ 18.9121851, 45.5671549 ], [ 18.9131739, 45.567224 ], [ 18.9142267, 45.5685621 ], [ 18.9149703, 45.5682791 ], [ 18.9181607, 45.5674772 ], [ 18.9213231, 45.5670397 ], [ 18.924039, 45.566715 ], [ 18.9263856, 45.5663494 ], [ 18.9276801, 45.5659929 ], [ 18.9289468, 45.5655104 ], [ 18.9300167, 45.5648924 ], [ 18.9309411, 45.5641699 ], [ 18.9316766, 45.5635135 ], [ 18.9320762, 45.5629669 ], [ 18.9326616, 45.5618446 ], [ 18.9330438, 45.5608124 ], [ 18.9333405, 45.5588305 ], [ 18.9334012, 45.5579535 ], [ 18.9330465, 45.5569461 ], [ 18.9320758, 45.5552851 ], [ 18.9310284, 45.5539088 ], [ 18.9302033, 45.5531782 ], [ 18.9291129, 45.5524048 ], [ 18.9281467, 45.5518468 ], [ 18.9268568, 45.5512601 ], [ 18.9233934, 45.5497699 ], [ 18.923810390700634, 45.549097612297615 ], [ 18.9272645, 45.5456911 ], [ 18.9296371, 45.5436389 ], [ 18.927201, 45.5440516 ], [ 18.926916854739517, 45.544089274774315 ], [ 18.9270698, 45.5438427 ], [ 18.9274663, 45.5432407 ], [ 18.9325924, 45.5405969 ], [ 18.9402026, 45.5366102 ], [ 18.9430884, 45.535439 ], [ 18.9462656, 45.5343159 ], [ 18.9551678, 45.5343401 ], [ 18.9595894, 45.5344228 ], [ 18.9610756, 45.5344731 ], [ 18.9647559, 45.5350189 ], [ 18.965879990569437, 45.535175792806882 ], [ 18.965879990569441, 45.535175792806882 ], [ 18.924156191405547, 45.47464768740624 ], [ 18.918904234222225, 45.477165043330615 ], [ 18.906176039694198, 45.567812347001031 ], [ 18.9076529, 45.5675736 ] ] ] ] } },
{ "type": "Feature", "properties": { "BM": 2500, "data": { "Oznaka Gr/Op/Dr": "općina", "Grad/općina/država": "ERDUT", "Rbr BM": 9, "Naziv BM": "DALJ", "Lokacija BM": "PROSTORIJA KUD ŠANDOR PETEFI", "Adresa BM": "DALJSKA PLANINA", "Glasovalo birača": 36, "Glasovalo birača (po listićima)": 36, "Važeći listići": 33, "Nevažeći listići": 3 }, "latitude": 45.5191667, "longitude": 18.965, "population": 71 }, "geometry": { "type": "MultiPolygon", "coordinates": [ [ [ [ 18.9701108, 45.5357663 ], [ 18.9731994, 45.5362609 ], [ 18.974411, 45.5363603 ], [ 18.978037, 45.5360782 ], [ 18.9822156, 45.5365948 ], [ 18.9851779, 45.5374545 ], [ 18.9886078, 45.5389771 ], [ 18.9911283, 45.5403178 ], [ 18.9919965, 45.5408784 ], [ 18.9941062, 45.5426523 ], [ 18.9951498, 45.5434703 ], [ 18.9967173, 45.5456118 ], [ 18.9984053, 45.5480293 ], [ 19.0000281, 45.5502675 ], [ 19.0011896, 45.5522166 ], [ 19.001689, 45.5530299 ], [ 19.0023256, 45.5538193 ], [ 19.0027316, 45.5545322 ], [ 19.0031553, 45.555329 ], [ 19.0036383, 45.5560897 ], [ 19.0039854, 45.556504 ], [ 19.0044528, 45.55685 ], [ 19.0051157, 45.55703 ], [ 19.0068606, 45.557263 ], [ 19.007583170330555, 45.55730893703992 ], [ 19.011662908133687, 45.496105309120459 ], [ 19.0115428, 45.4961283 ], [ 19.0095503, 45.4964163 ], [ 19.0059695, 45.4971542 ], [ 19.004005, 45.4964886 ], [ 19.0028668, 45.4958334 ], [ 19.0015118, 45.4948709 ], [ 19.0001702, 45.4938246 ], [ 18.9991548, 45.4928807 ], [ 18.9985671, 45.4922034 ], [ 18.9973482, 45.4904029 ], [ 18.9935598, 45.484421 ], [ 18.9927119, 45.4826889 ], [ 18.9920998, 45.4807922 ], [ 18.9917883, 45.4795713 ], [ 18.991637568509791, 45.478561486143619 ], [ 18.932954314923428, 45.46881012600312 ], [ 18.924156191405547, 45.47464768740624 ], [ 18.965879990569441, 45.535175792806882 ], [ 18.9701108, 45.5357663 ] ] ] ] } },
{ "type": "Feature", "properties": { "BM": 2494, "data": { "Oznaka Gr/Op/Dr": "općina", "Grad/općina/država": "ERDUT", "Rbr BM": 3, "Naziv BM": "DALJ", "Lokacija BM": "PROSTORIJE NK \"RADNIČKI\"", "Adresa BM": "30. SVIBNJA BB", "Glasovalo birača": 51, "Glasovalo birača (po listićima)": 51, "Važeći listići": 45, "Nevažeći listići": 6 }, "latitude": 45.5248372, "longitude": 19.060097, "population": 441 }, "geometry": { "type": "MultiPolygon", "coordinates": [ [ [ [ 19.1011247, 45.5042932 ], [ 19.1009301, 45.5036617 ], [ 19.1001142, 45.5019115 ], [ 19.0988473, 45.4998888 ], [ 19.0967096, 45.4972881 ], [ 19.0941115, 45.49455 ], [ 19.0917793, 45.4923751 ], [ 19.0907951, 45.491695 ], [ 19.0867525, 45.4891559 ], [ 19.0857314, 45.4887067 ], [ 19.0842297, 45.4882696 ], [ 19.0824832, 45.4878377 ], [ 19.0812162, 45.4877623 ], [ 19.0797052, 45.4876572 ], [ 19.0768045, 45.4875425 ], [ 19.0734649, 45.4874223 ], [ 19.0709242, 45.4868998 ], [ 19.06903, 45.4871498 ], [ 19.0676122, 45.4872581 ], [ 19.065585, 45.4872723 ], [ 19.0625699, 45.4872197 ], [ 19.0612009, 45.4871268 ], [ 19.0580349, 45.4865496 ], [ 19.0561066, 45.4860802 ], [ 19.055089903647758, 45.485776732618326 ], [ 19.057606485733896, 45.527166577032659 ], [ 19.101175995596492, 45.505010359139796 ], [ 19.1011247, 45.5042932 ] ] ] ] } },
{ "type": "Feature", "properties": { "BM": 2493, "data": { "Oznaka Gr/Op/Dr": "općina", "Grad/općina/država": "ERDUT", "Rbr BM": 2, "Naziv BM": "DALJ", "Lokacija BM": "SREDNJA ŠKOLA", "Adresa BM": "BRAĆE RADIĆA 7", "Glasovalo birača": 341, "Glasovalo birača (po listićima)": 341, "Važeći listići": 332, "Nevažeći listići": 9 }, "latitude": 45.5265262, "longitude": 19.0609559, "population": 814 }, "geometry": { "type": "MultiPolygon", "coordinates": [ [ [ [ 19.0596928, 45.5321931 ], [ 19.062696, 45.5318368 ], [ 19.0665022, 45.5312924 ], [ 19.0703311, 45.5299939 ], [ 19.0730341, 45.5290292 ], [ 19.0762127, 45.5272732 ], [ 19.0831045, 45.5243456 ], [ 19.0849389, 45.5237622 ], [ 19.0861128, 45.5234001 ], [ 19.0894473, 45.5217539 ], [ 19.0906983, 45.5211919 ], [ 19.0926792, 45.5204106 ], [ 19.0940827, 45.5198969 ], [ 19.0958111, 45.5191802 ], [ 19.0968602, 45.5184433 ], [ 19.0986255, 45.5168219 ], [ 19.0992587, 45.5161177 ], [ 19.1000448, 45.5143764 ], [ 19.1008826, 45.5122492 ], [ 19.1012801, 45.5109086 ], [ 19.101393, 45.5103417 ], [ 19.1015237, 45.5096853 ], [ 19.1010168, 45.5071469 ], [ 19.1011928, 45.5052453 ], [ 19.101175995596492, 45.505010359139796 ], [ 19.057606485733896, 45.527166577032659 ], [ 19.056426864089794, 45.532421795331508 ], [ 19.0596928, 45.5321931 ] ] ] ] } }
]
}
