{
"type": "FeatureCollection",
"name": "zupanija_4",
"crs": { "type": "name", "properties": { "name": "urn:ogc:def:crs:EPSG::3765" } },
"features": [
{ "type": "Feature", "properties": { "BM": 4223, "data": { "Oznaka Gr/Op/Dr": "grad", "Grad/općina/država": "OGULIN", "Rbr BM": 16, "Naziv BM": "BIRAČKO MJESTO BR. 16", "Lokacija BM": "PODRUČNA ŠKOLA JASENAK", "Adresa BM": "JASENAK 27", "Glasovalo birača": 34, "Glasovalo birača (po listićima)": 34, "Važeći listići": 31, "Nevažeći listići": 3 }, "latitude": 45.231367, "longitude": 15.0426384, "population": 125 }, "geometry": { "type": "Polygon", "coordinates": [ [ [ 14.95856283743155, 45.279426415831601 ], [ 14.971376909507747, 45.288374312271245 ], [ 15.013955206875071, 45.303887897483136 ], [ 15.049661198090693, 45.305115932191654 ], [ 15.054128113481509, 45.303891140948252 ], [ 15.077190636746327, 45.286823901532429 ], [ 15.094616166889894, 45.19834860399461 ], [ 14.982295154620282, 45.142954893930984 ], [ 14.962621882953691, 45.153772929717171 ], [ 14.929440254344259, 45.231791109312532 ], [ 14.946862278783664, 45.270822201124723 ], [ 14.95856283743155, 45.279426415831601 ] ] ] } },
{ "type": "Feature", "properties": { "BM": 4271, "data": { "Oznaka Gr/Op/Dr": "grad", "Grad/općina/država": "OZALJ", "Rbr BM": 25, "Naziv BM": "BIRČKO MJESTO BROJ 25 RADATOVIĆI", "Lokacija BM": "VATROGASNI DOM", "Adresa BM": "RADATOVIĆI", "Glasovalo birača": 63, "Glasovalo birača (po listićima)": 61, "Važeći listići": 57, "Nevažeći listići": 4 }, "latitude": 45.7126478, "longitude": 15.3096398, "population": 127 }, "geometry": { "type": "Polygon", "coordinates": [ [ [ 15.3415171, 45.7141408 ], [ 15.3411587, 45.7142907 ], [ 15.3405976, 45.7145231 ], [ 15.339764, 45.7145553 ], [ 15.3397261, 45.7145315 ], [ 15.3395672, 45.7143898 ], [ 15.3393798, 45.7142219 ], [ 15.3391941, 45.7139662 ], [ 15.3389702, 45.7136557 ], [ 15.3388292, 45.7134568 ], [ 15.3387236, 45.7132992 ], [ 15.338726, 45.7132531 ], [ 15.3387586, 45.7131276 ], [ 15.3387913, 45.7129934 ], [ 15.3387995, 45.7129252 ], [ 15.3388141, 45.7126351 ], [ 15.3387916, 45.712589 ], [ 15.3387235, 45.7124358 ], [ 15.338471, 45.7123187 ], [ 15.3384491, 45.7123102 ], [ 15.3384331, 45.7122992 ], [ 15.3378784, 45.712101 ], [ 15.3375808, 45.7119076 ], [ 15.3372802, 45.711723 ], [ 15.3371178, 45.7115484 ], [ 15.3369203, 45.7113278 ], [ 15.3367161, 45.7110963 ], [ 15.336552, 45.7107963 ], [ 15.3364713, 45.7106408 ], [ 15.3363653, 45.7104767 ], [ 15.3362532, 45.7102971 ], [ 15.3366435, 45.7099736 ], [ 15.3369068, 45.7097521 ], [ 15.3371019, 45.7095814 ], [ 15.3372129, 45.7092421 ], [ 15.3372969, 45.7089735 ], [ 15.3373028, 45.7089448 ], [ 15.3370194, 45.7090926 ], [ 15.3369823, 45.7091119 ], [ 15.3363129, 45.709235 ], [ 15.3363002, 45.7092131 ], [ 15.3361394, 45.7091595 ], [ 15.3360548, 45.7091602 ], [ 15.3357664, 45.7091648 ], [ 15.3356233, 45.7090298 ], [ 15.3354292, 45.70884 ], [ 15.3352734, 45.7086873 ], [ 15.3351078, 45.7085105 ], [ 15.3349964, 45.708397 ], [ 15.3349373, 45.7082085 ], [ 15.3349176, 45.7081448 ], [ 15.3348294, 45.7079038 ], [ 15.3348029, 45.7078007 ], [ 15.3347191, 45.7074388 ], [ 15.3346797, 45.7073116 ], [ 15.3346814, 45.7071639 ], [ 15.3346866, 45.7070847 ], [ 15.3346982, 45.7070297 ], [ 15.3347548, 45.706825 ], [ 15.3347662, 45.7067479 ], [ 15.3347721, 45.7067105 ], [ 15.334786, 45.7065983 ], [ 15.3348532, 45.7064705 ], [ 15.334893, 45.7064044 ], [ 15.3349142, 45.706347 ], [ 15.3349778, 45.7061993 ], [ 15.3350628, 45.7059964 ], [ 15.3351445, 45.7057937 ], [ 15.3352081, 45.7056437 ], [ 15.3352202, 45.7056129 ], [ 15.3353654, 45.7052424 ], [ 15.3352406, 45.7050671 ], [ 15.3350901, 45.7048523 ], [ 15.3349523, 45.7046661 ], [ 15.3348085, 45.7044623 ], [ 15.3346647, 45.7042695 ], [ 15.3345526, 45.7041118 ], [ 15.3344343, 45.7039432 ], [ 15.3343989, 45.7038907 ], [ 15.3338154, 45.7036217 ], [ 15.3335575, 45.7035552 ], [ 15.3333292, 45.7033634 ], [ 15.3331477, 45.7031713 ], [ 15.3330793, 45.7029984 ], [ 15.3330386, 45.7027901 ], [ 15.3330426, 45.7026429 ], [ 15.3328569, 45.7023874 ], [ 15.3325924, 45.7019128 ], [ 15.3318633, 45.7016149 ], [ 15.331732, 45.701429 ], [ 15.3317442, 45.7014091 ], [ 15.3311672, 45.7012001 ], [ 15.3307257, 45.7008429 ], [ 15.3305897, 45.7007713 ], [ 15.3303336, 45.7006391 ], [ 15.3300861, 45.7004122 ], [ 15.3296893, 45.7000611 ], [ 15.329556, 45.6999434 ], [ 15.3294232, 45.6998609 ], [ 15.3291544, 45.6996935 ], [ 15.3284714, 45.6992786 ], [ 15.3280224, 45.6990094 ], [ 15.326803, 45.6985718 ], [ 15.3267495, 45.6985546 ], [ 15.3259082, 45.6982573 ], [ 15.3256498, 45.6981646 ], [ 15.3254106, 45.6980848 ], [ 15.325332, 45.6980744 ], [ 15.3249675, 45.6980264 ], [ 15.3245938, 45.6979829 ], [ 15.3242609, 45.6979412 ], [ 15.3239375, 45.697904 ], [ 15.3235964, 45.6978844 ], [ 15.3233846, 45.6978499 ], [ 15.3231003, 45.6978019 ], [ 15.3227753, 45.697681 ], [ 15.3224756, 45.6975687 ], [ 15.3222033, 45.697468 ], [ 15.3219596, 45.6973799 ], [ 15.3216464, 45.697262 ], [ 15.3209344, 45.6968947 ], [ 15.3206439, 45.6967428 ], [ 15.3203157, 45.696567 ], [ 15.3196118, 45.6961912 ], [ 15.3195863, 45.6961629 ], [ 15.3194425, 45.6959616 ], [ 15.319414, 45.6959399 ], [ 15.3192388, 45.695748 ], [ 15.3187743, 45.6952658 ], [ 15.3187298, 45.6952201 ], [ 15.3185892, 45.6950323 ], [ 15.3185413, 45.6949645 ], [ 15.3183536, 45.6947726 ], [ 15.3183721, 45.6947505 ], [ 15.3186381, 45.694498 ], [ 15.3187991, 45.6943583 ], [ 15.3189665, 45.694212 ], [ 15.3189013, 45.6940412 ], [ 15.3188459, 45.693901 ], [ 15.3188363, 45.6938681 ], [ 15.3187772, 45.6936951 ], [ 15.3187802, 45.6936819 ], [ 15.3187951, 45.6936301 ], [ 15.318839, 45.6935811 ], [ 15.318896, 45.6934746 ], [ 15.3188812, 45.6933121 ], [ 15.3188735, 45.6931867 ], [ 15.3188941, 45.6930986 ], [ 15.318938, 45.692852 ], [ 15.3188476, 45.6926481 ], [ 15.3189364, 45.6922652 ], [ 15.3189419, 45.6922256 ], [ 15.319001, 45.6921879 ], [ 15.3190568, 45.6921391 ], [ 15.3190969, 45.6920905 ], [ 15.3191152, 45.6920618 ], [ 15.3191117, 45.6920289 ], [ 15.3190893, 45.6919916 ], [ 15.3190637, 45.6919655 ], [ 15.3190224, 45.6919263 ], [ 15.3189936, 45.691876 ], [ 15.3189743, 45.6918454 ], [ 15.3189583, 45.6918169 ], [ 15.3189166, 45.6917447 ], [ 15.3189099, 45.6917271 ], [ 15.3189253, 45.6917007 ], [ 15.3189967, 45.6916497 ], [ 15.3190836, 45.6915853 ], [ 15.3191578, 45.6915167 ], [ 15.3192072, 45.691468 ], [ 15.3192691, 45.6914061 ], [ 15.3193154, 45.6913618 ], [ 15.3193618, 45.6913174 ], [ 15.319408, 45.6912601 ], [ 15.3194542, 45.6912049 ], [ 15.3195159, 45.6911297 ], [ 15.3195839, 45.6910523 ], [ 15.3196424, 45.6909881 ], [ 15.319701, 45.6909219 ], [ 15.3197812, 45.690829 ], [ 15.3198182, 45.6907848 ], [ 15.3198674, 45.6907273 ], [ 15.3199076, 45.6906809 ], [ 15.3199476, 45.6906279 ], [ 15.320003, 45.6905638 ], [ 15.3200586, 45.6904975 ], [ 15.3201202, 45.6904246 ], [ 15.3201906, 45.6903011 ], [ 15.3202301, 45.6902239 ], [ 15.3202759, 45.6901313 ], [ 15.3202905, 45.6900632 ], [ 15.3202962, 45.6900214 ], [ 15.3203138, 45.6899333 ], [ 15.3203064, 45.6898609 ], [ 15.3202929, 45.6897863 ], [ 15.3202924, 45.689738 ], [ 15.3203037, 45.6896478 ], [ 15.3203308, 45.6895706 ], [ 15.3203521, 45.6895111 ], [ 15.3203763, 45.6894449 ], [ 15.3204004, 45.6893722 ], [ 15.3204336, 45.6892753 ], [ 15.3204397, 45.6892577 ], [ 15.3204642, 45.6892048 ], [ 15.3205009, 45.6891407 ], [ 15.3205316, 45.6890944 ], [ 15.3205685, 45.6890458 ], [ 15.3206084, 45.688984 ], [ 15.320639, 45.688931 ], [ 15.3206758, 45.688867 ], [ 15.3206785, 45.6888274 ], [ 15.3206731, 45.6886538 ], [ 15.3206698, 45.6886297 ], [ 15.3206219, 45.6885684 ], [ 15.3205486, 45.6884789 ], [ 15.3204529, 45.6883808 ], [ 15.3203703, 45.6883112 ], [ 15.3203128, 45.6882437 ], [ 15.3202615, 45.6881694 ], [ 15.3202038, 45.6880864 ], [ 15.3201778, 45.6880383 ], [ 15.3201583, 45.6879902 ], [ 15.3201191, 45.6878851 ], [ 15.3200994, 45.6878303 ], [ 15.3200796, 45.6877668 ], [ 15.3200588, 45.6876463 ], [ 15.3200671, 45.6875759 ], [ 15.3200693, 45.6875188 ], [ 15.3200746, 45.687455 ], [ 15.3200799, 45.6873979 ], [ 15.3200823, 45.6873474 ], [ 15.3200941, 45.6873012 ], [ 15.320121, 45.6872176 ], [ 15.3201481, 45.6871471 ], [ 15.3201721, 45.6870811 ], [ 15.3201993, 45.6870061 ], [ 15.3202141, 45.6869556 ], [ 15.3202291, 45.6869005 ], [ 15.3202502, 45.6868388 ], [ 15.3202711, 45.6867728 ], [ 15.3202893, 45.6867222 ], [ 15.3203043, 45.6866693 ], [ 15.3203317, 45.6866229 ], [ 15.3203716, 45.6865656 ], [ 15.3203992, 45.6865215 ], [ 15.3204239, 45.6864839 ], [ 15.3204668, 45.6864198 ], [ 15.3204912, 45.6863802 ], [ 15.3205405, 45.686316 ], [ 15.3205868, 45.6862631 ], [ 15.3206329, 45.6862056 ], [ 15.3207006, 45.6861172 ], [ 15.3207438, 45.686062 ], [ 15.3207715, 45.6860245 ], [ 15.320843, 45.6859844 ], [ 15.3209207, 45.6859421 ], [ 15.321014, 45.6858887 ], [ 15.321098, 45.6858464 ], [ 15.3212037, 45.6857885 ], [ 15.3212815, 45.6857462 ], [ 15.3213437, 45.6857084 ], [ 15.3213934, 45.6856773 ], [ 15.3214711, 45.6856306 ], [ 15.3215736, 45.6855662 ], [ 15.3216637, 45.6855106 ], [ 15.3217508, 45.6854594 ], [ 15.3218001, 45.6854298 ], [ 15.3218471, 45.6854016 ], [ 15.3219125, 45.6853682 ], [ 15.3219842, 45.6853501 ], [ 15.3221092, 45.6853229 ], [ 15.3221466, 45.6853095 ], [ 15.3221994, 45.6852761 ], [ 15.3222679, 45.6852338 ], [ 15.3223329, 45.6851872 ], [ 15.3224261, 45.6851273 ], [ 15.3225161, 45.6850717 ], [ 15.3226123, 45.6850051 ], [ 15.3226712, 45.6849695 ], [ 15.3226961, 45.6849518 ], [ 15.3227174, 45.6849121 ], [ 15.3227562, 45.6847888 ], [ 15.322783, 45.6846941 ], [ 15.3228191, 45.6845906 ], [ 15.3228518, 45.6844694 ], [ 15.3228845, 45.6843528 ], [ 15.3229086, 45.6842713 ], [ 15.3229228, 45.684179 ], [ 15.3229402, 45.6840756 ], [ 15.3229423, 45.6839986 ], [ 15.3230107, 45.6839454 ], [ 15.3230882, 45.6838745 ], [ 15.3231377, 45.6838237 ], [ 15.3231997, 45.6837705 ], [ 15.323246, 45.6837219 ], [ 15.3233296, 45.683651 ], [ 15.3234072, 45.6835845 ], [ 15.3234629, 45.6835358 ], [ 15.3235464, 45.6834583 ], [ 15.3236389, 45.6833632 ], [ 15.3237253, 45.6832724 ], [ 15.3237775, 45.6831909 ], [ 15.3237925, 45.6831446 ], [ 15.3238314, 45.6830103 ], [ 15.3238614, 45.6829177 ], [ 15.3238973, 45.6828011 ], [ 15.3239242, 45.6827064 ], [ 15.3239541, 45.6826095 ], [ 15.3239812, 45.682528 ], [ 15.3240171, 45.6824113 ], [ 15.3240469, 45.6823101 ], [ 15.3240829, 45.6821999 ], [ 15.3241188, 45.6820875 ], [ 15.3241396, 45.6820104 ], [ 15.3241758, 45.6819004 ], [ 15.3242088, 45.6817991 ], [ 15.3242421, 45.6817023 ], [ 15.3242818, 45.6816186 ], [ 15.3243338, 45.6815239 ], [ 15.3243889, 45.6814377 ], [ 15.3244593, 45.6813207 ], [ 15.324505, 45.681237 ], [ 15.3245601, 45.6811421 ], [ 15.3246152, 45.6810494 ], [ 15.3246733, 45.6809458 ], [ 15.3247194, 45.6808773 ], [ 15.3247681, 45.6807781 ], [ 15.3247733, 45.6807012 ], [ 15.3247844, 45.6806022 ], [ 15.3247896, 45.6805231 ], [ 15.3247944, 45.6804177 ], [ 15.3247998, 45.6803584 ], [ 15.3248046, 45.6802595 ], [ 15.3248126, 45.6801563 ], [ 15.3248207, 45.6800661 ], [ 15.3248382, 45.6799629 ], [ 15.3248558, 45.6798749 ], [ 15.3248829, 45.6797979 ], [ 15.3249251, 45.6796812 ], [ 15.3249491, 45.6796042 ], [ 15.3249765, 45.6795295 ], [ 15.3249883, 45.6794877 ], [ 15.3249942, 45.6794656 ], [ 15.3250163, 45.6794655 ], [ 15.3251215, 45.6791485 ], [ 15.3252201, 45.6788206 ], [ 15.3253166, 45.6785411 ], [ 15.3255097, 45.6780324 ], [ 15.3256958, 45.6776688 ], [ 15.3259494, 45.6771973 ], [ 15.3260775, 45.6769526 ], [ 15.326074, 45.6767177 ], [ 15.326061, 45.6764697 ], [ 15.3260638, 45.6762214 ], [ 15.3260595, 45.6761358 ], [ 15.3261415, 45.6759596 ], [ 15.3262872, 45.6756336 ], [ 15.3261958, 45.6755454 ], [ 15.3260133, 45.6753689 ], [ 15.3258668, 45.6752713 ], [ 15.3258254, 45.6752496 ], [ 15.3256255, 45.6751548 ], [ 15.3252223, 45.674965 ], [ 15.3249336, 45.674849 ], [ 15.3245744, 45.6746919 ], [ 15.3241582, 45.6745088 ], [ 15.3240112, 45.674409 ], [ 15.3238608, 45.674307 ], [ 15.3236699, 45.6742076 ], [ 15.3233523, 45.6740587 ], [ 15.3231311, 45.6739859 ], [ 15.322916, 45.6739042 ], [ 15.3227863, 45.6738505 ], [ 15.3226707, 45.6738913 ], [ 15.322477, 45.673946 ], [ 15.3222863, 45.6739985 ], [ 15.3221642, 45.6740305 ], [ 15.3219426, 45.6741118 ], [ 15.3218141, 45.6741284 ], [ 15.3217229, 45.6741315 ], [ 15.3215594, 45.6741374 ], [ 15.3213645, 45.6741457 ], [ 15.3211349, 45.6741542 ], [ 15.3210313, 45.6741639 ], [ 15.3208302, 45.6741809 ], [ 15.3207486, 45.6741948 ], [ 15.3206667, 45.6741977 ], [ 15.3205442, 45.6742139 ], [ 15.3204533, 45.6742234 ], [ 15.3202961, 45.6742378 ], [ 15.320211, 45.6742408 ], [ 15.3201389, 45.6742479 ], [ 15.3195665, 45.6742286 ], [ 15.3181582, 45.6744441 ], [ 15.3179805, 45.6754669 ], [ 15.317915, 45.6763205 ], [ 15.317537, 45.6783303 ], [ 15.3171325, 45.6782108 ], [ 15.316495, 45.6790927 ], [ 15.3158723, 45.6799584 ], [ 15.3155711, 45.6802714 ], [ 15.3147329, 45.6809307 ], [ 15.313846, 45.6817662 ], [ 15.3123937, 45.6831344 ], [ 15.3123493, 45.6833036 ], [ 15.3123029, 45.6839017 ], [ 15.3115863, 45.6839951 ], [ 15.3112612, 45.6840553 ], [ 15.3110284, 45.6841241 ], [ 15.3111708, 45.6843792 ], [ 15.311279, 45.6847523 ], [ 15.3113176, 45.6849043 ], [ 15.3112883, 45.6852416 ], [ 15.3111117, 45.6856131 ], [ 15.3108006, 45.6862508 ], [ 15.3095315, 45.6860049 ], [ 15.3084355, 45.6858894 ], [ 15.3084872, 45.6860922 ], [ 15.3085301, 45.6865005 ], [ 15.308451, 45.686501 ], [ 15.3082938, 45.6865646 ], [ 15.3083625, 45.6867325 ], [ 15.3083777, 45.6868547 ], [ 15.3083511, 45.6870511 ], [ 15.3083049, 45.6872476 ], [ 15.3082014, 45.6873661 ], [ 15.308182, 45.6873963 ], [ 15.3079833, 45.6875364 ], [ 15.307902, 45.6875924 ], [ 15.3077891, 45.6877456 ], [ 15.3076647, 45.6877905 ], [ 15.3075959, 45.6878186 ], [ 15.3073161, 45.6876294 ], [ 15.3072879, 45.6876495 ], [ 15.3072248, 45.6876947 ], [ 15.306525, 45.6882218 ], [ 15.3061507, 45.6885109 ], [ 15.3059186, 45.6886603 ], [ 15.3056671, 45.6887707 ], [ 15.3056499, 45.6887809 ], [ 15.305762, 45.6888414 ], [ 15.3061812, 45.6893197 ], [ 15.30674, 45.6892598 ], [ 15.306792, 45.6892583 ], [ 15.3068729, 45.689279 ], [ 15.3070973, 45.6893642 ], [ 15.3076522, 45.6895486 ], [ 15.3077619, 45.6895885 ], [ 15.3078248, 45.6896114 ], [ 15.3079936, 45.6896691 ], [ 15.3079567, 45.6897382 ], [ 15.3079463, 45.6897634 ], [ 15.3079432, 45.689791 ], [ 15.3080588, 45.6900195 ], [ 15.3082295, 45.6900948 ], [ 15.3085419, 45.6900641 ], [ 15.3086527, 45.6900546 ], [ 15.3086814, 45.6900657 ], [ 15.30882, 45.6901338 ], [ 15.3088823, 45.6902536 ], [ 15.3088738, 45.6902812 ], [ 15.3086826, 45.6904302 ], [ 15.3086579, 45.6904654 ], [ 15.3086514, 45.6905007 ], [ 15.3086621, 45.6906459 ], [ 15.308617, 45.6908929 ], [ 15.3088415, 45.6912435 ], [ 15.3089035, 45.6913458 ], [ 15.30908, 45.6918596 ], [ 15.3091894, 45.6923074 ], [ 15.3095123, 45.6926724 ], [ 15.3095292, 45.6927299 ], [ 15.3095191, 45.6927901 ], [ 15.309498, 45.692804 ], [ 15.3091145, 45.6928815 ], [ 15.3087983, 45.6930527 ], [ 15.308725, 45.6931884 ], [ 15.3087133, 45.6932386 ], [ 15.3087544, 45.6933924 ], [ 15.3088626, 45.6936021 ], [ 15.3090011, 45.693932 ], [ 15.3089687, 45.6942103 ], [ 15.3091239, 45.6944587 ], [ 15.3092647, 45.6945554 ], [ 15.3094926, 45.6946342 ], [ 15.3096206, 45.6947211 ], [ 15.3096762, 45.694851 ], [ 15.3095978, 45.6950282 ], [ 15.3094324, 45.6950893 ], [ 15.3093009, 45.6952943 ], [ 15.3093609, 45.6953841 ], [ 15.3098606, 45.6955701 ], [ 15.3101346, 45.6957438 ], [ 15.310349, 45.6957325 ], [ 15.3105149, 45.6958353 ], [ 15.3105004, 45.6959658 ], [ 15.3103376, 45.6962374 ], [ 15.3104314, 45.6964384 ], [ 15.3106061, 45.6968106 ], [ 15.3112719, 45.6969956 ], [ 15.3113277, 45.6972203 ], [ 15.3113106, 45.6972363 ], [ 15.3109823, 45.6975391 ], [ 15.3109309, 45.6975821 ], [ 15.3109108, 45.6976012 ], [ 15.3107642, 45.6976227 ], [ 15.310453, 45.6976705 ], [ 15.3103579, 45.6976553 ], [ 15.3100702, 45.6977967 ], [ 15.3100307, 45.6978127 ], [ 15.3099492, 45.6978457 ], [ 15.3099308, 45.6978573 ], [ 15.3096602, 45.6979678 ], [ 15.3090966, 45.6982231 ], [ 15.3088469, 45.6984425 ], [ 15.3086068, 45.6986594 ], [ 15.3084991, 45.6985966 ], [ 15.3083884, 45.6985383 ], [ 15.3082418, 45.6984802 ], [ 15.3082061, 45.6984646 ], [ 15.3080663, 45.6984247 ], [ 15.3079619, 45.698373 ], [ 15.3078934, 45.6983327 ], [ 15.3079423, 45.6978424 ], [ 15.3079612, 45.6975498 ], [ 15.3078845, 45.6973711 ], [ 15.3076804, 45.6971274 ], [ 15.3075954, 45.6970486 ], [ 15.3075374, 45.6970761 ], [ 15.3075192, 45.6971669 ], [ 15.3069591, 45.697175 ], [ 15.3063857, 45.6971628 ], [ 15.3058512, 45.6971615 ], [ 15.305606, 45.697222 ], [ 15.3051315, 45.697343 ], [ 15.3049739, 45.6974278 ], [ 15.3047179, 45.6976721 ], [ 15.3046157, 45.6977816 ], [ 15.3045915, 45.697902 ], [ 15.3049756, 45.6983351 ], [ 15.3048842, 45.6987892 ], [ 15.3049279, 45.6989046 ], [ 15.3047466, 45.698908 ], [ 15.304407, 45.6989374 ], [ 15.3041417, 45.6989708 ], [ 15.3022834, 45.6990095 ], [ 15.3022591, 45.6990097 ], [ 15.3024414, 45.6986917 ], [ 15.3024744, 45.6985442 ], [ 15.3024897, 45.6984513 ], [ 15.3015745, 45.697433 ], [ 15.3015438, 45.6973913 ], [ 15.3015148, 45.6973926 ], [ 15.3001693, 45.6972911 ], [ 15.2991511, 45.6972157 ], [ 15.2992855, 45.6968992 ], [ 15.2993277, 45.6967043 ], [ 15.2993362, 45.6963676 ], [ 15.2992929, 45.6960429 ], [ 15.2992671, 45.6958116 ], [ 15.2993017, 45.6955276 ], [ 15.299368, 45.6951867 ], [ 15.2993999, 45.6948849 ], [ 15.2994983, 45.6946096 ], [ 15.299968, 45.6940093 ], [ 15.3003321, 45.6935897 ], [ 15.3003926, 45.6934665 ], [ 15.3004086, 45.6933495 ], [ 15.3003921, 45.6932522 ], [ 15.3002993, 45.6930705 ], [ 15.300148, 45.693156 ], [ 15.2994166, 45.6937828 ], [ 15.2987876, 45.6943776 ], [ 15.2985096, 45.6943053 ], [ 15.3000964, 45.6927895 ], [ 15.2998454, 45.6926524 ], [ 15.2982123, 45.6942159 ], [ 15.2979245, 45.6940439 ], [ 15.2976421, 45.6937675 ], [ 15.2990029, 45.6922924 ], [ 15.3000384, 45.6921262 ], [ 15.300088, 45.6920417 ], [ 15.3001978, 45.6919211 ], [ 15.3003188, 45.6918052 ], [ 15.3004435, 45.6917144 ], [ 15.3005698, 45.6916653 ], [ 15.3006679, 45.6916422 ], [ 15.300715, 45.6914505 ], [ 15.3001015, 45.6914788 ], [ 15.2998893, 45.6915448 ], [ 15.2995859, 45.6910404 ], [ 15.2993729, 45.69119 ], [ 15.2989641, 45.6912012 ], [ 15.2988836, 45.6909893 ], [ 15.2987472, 45.6907829 ], [ 15.2985025, 45.6906284 ], [ 15.2983102, 45.6904446 ], [ 15.2981136, 45.6904052 ], [ 15.2976985, 45.6903303 ], [ 15.2974251, 45.6903028 ], [ 15.2972385, 45.6902965 ], [ 15.2970144, 45.6903348 ], [ 15.2967476, 45.6900628 ], [ 15.2965859, 45.6899231 ], [ 15.2963695, 45.6897686 ], [ 15.2965636, 45.6896815 ], [ 15.2967554, 45.6896174 ], [ 15.2977306, 45.6894652 ], [ 15.2979987, 45.689383 ], [ 15.2980898, 45.6893361 ], [ 15.2982354, 45.6892913 ], [ 15.2982975, 45.6892719 ], [ 15.2983479, 45.689258 ], [ 15.2983771, 45.6892415 ], [ 15.2983982, 45.6892085 ], [ 15.2987152, 45.6886862 ], [ 15.2989798, 45.6886421 ], [ 15.2991583, 45.6886092 ], [ 15.2992387, 45.6886191 ], [ 15.2993669, 45.6886828 ], [ 15.2994151, 45.6885785 ], [ 15.2994577, 45.6885398 ], [ 15.2993851, 45.6885359 ], [ 15.2992989, 45.6885004 ], [ 15.2992956, 45.6883999 ], [ 15.2994079, 45.6881014 ], [ 15.2994172, 45.688074 ], [ 15.2994246, 45.6880454 ], [ 15.2995663, 45.6878228 ], [ 15.2996579, 45.687711 ], [ 15.2997814, 45.6875508 ], [ 15.2999827, 45.6873566 ], [ 15.3000836, 45.6872846 ], [ 15.3002113, 45.6871937 ], [ 15.3005128, 45.6870007 ], [ 15.3007446, 45.6871213 ], [ 15.3008176, 45.687077 ], [ 15.3012318, 45.6873372 ], [ 15.3015313, 45.6875387 ], [ 15.3013523, 45.6875069 ], [ 15.3010997, 45.6876015 ], [ 15.3011618, 45.6876332 ], [ 15.3011519, 45.6877039 ], [ 15.301314, 45.6877364 ], [ 15.3013116, 45.6877826 ], [ 15.3019154, 45.6878375 ], [ 15.3024341, 45.6878967 ], [ 15.3027518, 45.6879632 ], [ 15.3025495, 45.6878416 ], [ 15.3023766, 45.6877375 ], [ 15.3019397, 45.6874206 ], [ 15.3014596, 45.687067 ], [ 15.3009854, 45.6867408 ], [ 15.3008695, 45.6866623 ], [ 15.3001133, 45.6862149 ], [ 15.2999719, 45.6861421 ], [ 15.2997558, 45.6860137 ], [ 15.2996516, 45.6860895 ], [ 15.2995079, 45.6861811 ], [ 15.2994318, 45.6862289 ], [ 15.2993533, 45.6862766 ], [ 15.2992237, 45.6863526 ], [ 15.2990699, 45.6864299 ], [ 15.2989158, 45.6865229 ], [ 15.2988538, 45.6865622 ], [ 15.2988032, 45.6866003 ], [ 15.2987611, 45.6866343 ], [ 15.2986794, 45.6867005 ], [ 15.2985697, 45.6867797 ], [ 15.2983929, 45.686917 ], [ 15.2982619, 45.6870103 ], [ 15.2981478, 45.6870816 ], [ 15.2978054, 45.687399 ], [ 15.2977352, 45.6874571 ], [ 15.2976324, 45.6875293 ], [ 15.2976072, 45.6875444 ], [ 15.2975062, 45.6876316 ], [ 15.2974396, 45.6876647 ], [ 15.2973104, 45.687767 ], [ 15.2971786, 45.6878991 ], [ 15.297159, 45.6879211 ], [ 15.2971308, 45.6879386 ], [ 15.2969101, 45.688049 ], [ 15.2954749, 45.6888142 ], [ 15.2955027, 45.6893866 ], [ 15.2949927, 45.6895389 ], [ 15.2947463, 45.689696 ], [ 15.2946383, 45.689924 ], [ 15.2944395, 45.6900295 ], [ 15.2943937, 45.6900459 ], [ 15.2937809, 45.6902603 ], [ 15.2935785, 45.690334 ], [ 15.2935198, 45.6903773 ], [ 15.2933116, 45.6906425 ], [ 15.293288, 45.690694 ], [ 15.2932699, 45.6907205 ], [ 15.2930581, 45.6909627 ], [ 15.2928924, 45.6913169 ], [ 15.292835, 45.6914254 ], [ 15.2926911, 45.6914808 ], [ 15.2924172, 45.6915046 ], [ 15.2921341, 45.691485 ], [ 15.2919398, 45.6915055 ], [ 15.2914914, 45.6915477 ], [ 15.29109, 45.6915557 ], [ 15.2908894, 45.6915682 ], [ 15.29053, 45.6916357 ], [ 15.2902822, 45.6916626 ], [ 15.2901561, 45.6916887 ], [ 15.2897368, 45.691769 ], [ 15.2896206, 45.6918012 ], [ 15.2888431, 45.692055 ], [ 15.2886011, 45.6921455 ], [ 15.2883327, 45.6923987 ], [ 15.2881574, 45.6924342 ], [ 15.2881101, 45.6924709 ], [ 15.2880983, 45.6924934 ], [ 15.2880394, 45.6926136 ], [ 15.2880369, 45.6927603 ], [ 15.2880357, 45.6932929 ], [ 15.2880413, 45.6936634 ], [ 15.288006, 45.6938338 ], [ 15.2878838, 45.6942221 ], [ 15.2876419, 45.6944109 ], [ 15.287564, 45.6946422 ], [ 15.2874679, 45.694906 ], [ 15.2874443, 45.6949622 ], [ 15.2874494, 45.6950074 ], [ 15.2877265, 45.6958851 ], [ 15.2875557, 45.6960561 ], [ 15.2873805, 45.6962317 ], [ 15.2871352, 45.6964795 ], [ 15.2871388, 45.6967255 ], [ 15.2871391, 45.6969108 ], [ 15.2871447, 45.6971459 ], [ 15.2871432, 45.6973404 ], [ 15.2871462, 45.6975475 ], [ 15.287144, 45.6976893 ], [ 15.2871458, 45.6978216 ], [ 15.2871451, 45.6980816 ], [ 15.2873832, 45.69841 ], [ 15.2874396, 45.6987662 ], [ 15.2875122, 45.6988652 ], [ 15.2878652, 45.6991199 ], [ 15.2884357, 45.6993818 ], [ 15.2887547, 45.6994652 ], [ 15.2889854, 45.6995803 ], [ 15.2891274, 45.6997148 ], [ 15.2892707, 45.7000859 ], [ 15.2892068, 45.7007295 ], [ 15.2890077, 45.7009519 ], [ 15.2889175, 45.701172 ], [ 15.2887459, 45.7014505 ], [ 15.2887368, 45.701734 ], [ 15.2884357, 45.7028868 ], [ 15.2884838, 45.7033006 ], [ 15.2882456, 45.7038014 ], [ 15.2879913, 45.7042804 ], [ 15.2879755, 45.7044181 ], [ 15.2880248, 45.704752 ], [ 15.2880451, 45.7050741 ], [ 15.2879579, 45.7053441 ], [ 15.2877866, 45.7056567 ], [ 15.2873086, 45.706107 ], [ 15.2870597, 45.7062552 ], [ 15.286945, 45.7063307 ], [ 15.2868413, 45.7063891 ], [ 15.2867641, 45.706441 ], [ 15.2862293, 45.7068138 ], [ 15.286003, 45.7073013 ], [ 15.2859518, 45.7073017 ], [ 15.2858882, 45.7073628 ], [ 15.285634, 45.7076122 ], [ 15.2854959, 45.7077425 ], [ 15.2852194, 45.7080059 ], [ 15.2851426, 45.7080765 ], [ 15.2850292, 45.7082268 ], [ 15.2850118, 45.7082534 ], [ 15.2848143, 45.7085508 ], [ 15.2847229, 45.7086642 ], [ 15.2844702, 45.7090625 ], [ 15.284427, 45.709121 ], [ 15.2841262, 45.7095675 ], [ 15.2833061, 45.7102534 ], [ 15.2810538, 45.710789 ], [ 15.280876, 45.7106434 ], [ 15.2807329, 45.7105384 ], [ 15.2805849, 45.7104266 ], [ 15.2804515, 45.7103216 ], [ 15.2802838, 45.7101963 ], [ 15.2801455, 45.7100845 ], [ 15.2799973, 45.7099727 ], [ 15.2798592, 45.7098678 ], [ 15.2797459, 45.7097797 ], [ 15.279599, 45.7096724 ], [ 15.2794757, 45.7095725 ], [ 15.2793638, 45.7094898 ], [ 15.2792517, 45.7094014 ], [ 15.2790557, 45.7092515 ], [ 15.2789127, 45.709142 ], [ 15.2787308, 45.7090094 ], [ 15.2785826, 45.708898 ], [ 15.2784144, 45.7087692 ], [ 15.2782354, 45.7086385 ], [ 15.2781317, 45.7085579 ], [ 15.2780757, 45.7085194 ], [ 15.2779412, 45.7084138 ], [ 15.2777985, 45.7083139 ], [ 15.277667, 45.7082159 ], [ 15.2770998, 45.707865 ], [ 15.2761867, 45.7075456 ], [ 15.2754108, 45.7072574 ], [ 15.2741572, 45.7068483 ], [ 15.2743246, 45.7066367 ], [ 15.2744098, 45.7065546 ], [ 15.2741348, 45.7063405 ], [ 15.2733097, 45.7062963 ], [ 15.2719038, 45.70691 ], [ 15.2697237, 45.7072306 ], [ 15.2698222, 45.707254 ], [ 15.269801, 45.7072814 ], [ 15.2695441, 45.7072195 ], [ 15.2695689, 45.7072672 ], [ 15.269511, 45.7072726 ], [ 15.2694526, 45.7073416 ], [ 15.2694043, 45.7074429 ], [ 15.2695465, 45.7077698 ], [ 15.2694133, 45.7078769 ], [ 15.2694297, 45.707989 ], [ 15.2694819, 45.7080551 ], [ 15.2694425, 45.7082174 ], [ 15.2695825, 45.7083599 ], [ 15.2695775, 45.7083932 ], [ 15.2695675, 45.7084248 ], [ 15.2691685, 45.7085962 ], [ 15.2688943, 45.7091018 ], [ 15.2686467, 45.7092255 ], [ 15.2685263, 45.7099671 ], [ 15.26845, 45.7101994 ], [ 15.2683237, 45.7105751 ], [ 15.2681968, 45.7109447 ], [ 15.2681502, 45.7110769 ], [ 15.2681325, 45.7115192 ], [ 15.2678186, 45.7118948 ], [ 15.2681316, 45.7123176 ], [ 15.2677166, 45.7127989 ], [ 15.2673017, 45.7131609 ], [ 15.2671521, 45.7132275 ], [ 15.2671363, 45.7133075 ], [ 15.267158, 45.713976 ], [ 15.2669504, 45.7142366 ], [ 15.2668164, 45.7143426 ], [ 15.2667928, 45.7147213 ], [ 15.2666874, 45.7150209 ], [ 15.2667175, 45.7152298 ], [ 15.2669751, 45.715529 ], [ 15.266806, 45.7159471 ], [ 15.2671244, 45.7162301 ], [ 15.2672448, 45.7165814 ], [ 15.2673273, 45.7166739 ], [ 15.2673998, 45.7169453 ], [ 15.2670983, 45.7170508 ], [ 15.2668, 45.7171241 ], [ 15.2662994, 45.7170472 ], [ 15.2656768, 45.7170347 ], [ 15.2650756, 45.7172109 ], [ 15.2649594, 45.7172778 ], [ 15.2645244, 45.7175025 ], [ 15.2634813, 45.7178494 ], [ 15.263398, 45.7179479 ], [ 15.2628497, 45.7188297 ], [ 15.2628755, 45.7189756 ], [ 15.2625761, 45.7190448 ], [ 15.2623825, 45.7191656 ], [ 15.2620165, 45.7194484 ], [ 15.2617198, 45.7194855 ], [ 15.2615706, 45.7195105 ], [ 15.261298, 45.7195309 ], [ 15.2609339, 45.7193615 ], [ 15.2602711, 45.7192009 ], [ 15.2602078, 45.7192178 ], [ 15.2596327, 45.7190962 ], [ 15.2593022, 45.7190351 ], [ 15.2588919, 45.7188327 ], [ 15.2588403, 45.7186694 ], [ 15.2586822, 45.718613 ], [ 15.2582691, 45.7185604 ], [ 15.2581517, 45.7184991 ], [ 15.2576645, 45.7184265 ], [ 15.2576119, 45.7185022 ], [ 15.2574537, 45.7186727 ], [ 15.2572358, 45.7186718 ], [ 15.2570751, 45.7186634 ], [ 15.2569169, 45.7187326 ], [ 15.2567517, 45.7188445 ], [ 15.2570494, 45.71909 ], [ 15.2572634, 45.7193571 ], [ 15.2572863, 45.7195333 ], [ 15.257379, 45.7197406 ], [ 15.2573231, 45.7201202 ], [ 15.2574545, 45.7202608 ], [ 15.2574705, 45.720465 ], [ 15.257575, 45.7207277 ], [ 15.2577943, 45.7210225 ], [ 15.2577882, 45.7212704 ], [ 15.2579626, 45.7211933 ], [ 15.2585239, 45.7214885 ], [ 15.2579936, 45.7219617 ], [ 15.2583152, 45.7222202 ], [ 15.2585078, 45.7226603 ], [ 15.2585881, 45.7227247 ], [ 15.2586239, 45.7227741 ], [ 15.2588584, 45.7231208 ], [ 15.2592466, 45.7238583 ], [ 15.2592938, 45.7241937 ], [ 15.2583605, 45.724191 ], [ 15.2580928, 45.7240328 ], [ 15.2576337, 45.7242049 ], [ 15.2575305, 45.7245079 ], [ 15.2575156, 45.7245342 ], [ 15.2576682, 45.7246141 ], [ 15.2577771, 45.7246462 ], [ 15.2581629, 45.724757 ], [ 15.2593834, 45.7253094 ], [ 15.2595328, 45.7254264 ], [ 15.2597129, 45.7255675 ], [ 15.2596369, 45.7256588 ], [ 15.259648, 45.7260818 ], [ 15.2602738, 45.7261228 ], [ 15.2607313, 45.7262219 ], [ 15.2608681, 45.7262559 ], [ 15.2610488, 45.7263754 ], [ 15.261226, 45.7264994 ], [ 15.2613337, 45.7265827 ], [ 15.2614274, 45.7266607 ], [ 15.2614916, 45.7267278 ], [ 15.2615378, 45.7267399 ], [ 15.2617091, 45.7268012 ], [ 15.2618556, 45.7268522 ], [ 15.2620143, 45.7269061 ], [ 15.2621757, 45.7269628 ], [ 15.2623025, 45.7270121 ], [ 15.2624381, 45.7270793 ], [ 15.2625697, 45.7271419 ], [ 15.2626353, 45.7271723 ], [ 15.2626711, 45.7272083 ], [ 15.2627452, 45.7272872 ], [ 15.2628144, 45.7273626 ], [ 15.2629184, 45.7274591 ], [ 15.2630182, 45.7275863 ], [ 15.2631018, 45.7277123 ], [ 15.2631637, 45.7278262 ], [ 15.2632219, 45.7279177 ], [ 15.2633397, 45.7281052 ], [ 15.2634057, 45.7282057 ], [ 15.2635209, 45.7283821 ], [ 15.2637091, 45.7285322 ], [ 15.2639169, 45.7283433 ], [ 15.2641934, 45.7283623 ], [ 15.2642736, 45.7284239 ], [ 15.2644778, 45.7285872 ], [ 15.2646905, 45.7287268 ], [ 15.2648952, 45.7288499 ], [ 15.2649862, 45.7290805 ], [ 15.2649918, 45.7290962 ], [ 15.2650776, 45.7292027 ], [ 15.2651432, 45.7292776 ], [ 15.2652077, 45.729353 ], [ 15.2652574, 45.7294107 ], [ 15.2652262, 45.7294855 ], [ 15.2652368, 45.7295237 ], [ 15.2652911, 45.7296987 ], [ 15.265415, 45.729812 ], [ 15.2654926, 45.7298766 ], [ 15.2655683, 45.729961 ], [ 15.2656857, 45.7300945 ], [ 15.2658021, 45.7302155 ], [ 15.2658674, 45.7303142 ], [ 15.2659738, 45.7304183 ], [ 15.2660758, 45.7305288 ], [ 15.2661743, 45.7306373 ], [ 15.2662796, 45.7307448 ], [ 15.2664939, 45.7308132 ], [ 15.266708, 45.7308748 ], [ 15.2668537, 45.7309133 ], [ 15.2669012, 45.7309574 ], [ 15.2670269, 45.7310703 ], [ 15.2670701, 45.7311018 ], [ 15.2673376, 45.7312315 ], [ 15.2675217, 45.7313256 ], [ 15.2676042, 45.731419 ], [ 15.2677029, 45.731532 ], [ 15.2678334, 45.7316624 ], [ 15.267901, 45.7317874 ], [ 15.2679615, 45.7318677 ], [ 15.268011, 45.7319034 ], [ 15.2681297, 45.7319935 ], [ 15.2681748, 45.7320338 ], [ 15.2682094, 45.7320911 ], [ 15.2682475, 45.7321588 ], [ 15.2682931, 45.7322122 ], [ 15.2683753, 45.7323121 ], [ 15.2684654, 45.7324219 ], [ 15.2685419, 45.7325082 ], [ 15.2685843, 45.7325442 ], [ 15.26866, 45.7325944 ], [ 15.2687097, 45.7326208 ], [ 15.2688221, 45.7326394 ], [ 15.2690191, 45.7326682 ], [ 15.2692382, 45.7327224 ], [ 15.2693763, 45.732792 ], [ 15.2695575, 45.7328841 ], [ 15.26963, 45.7329144 ], [ 15.2696863, 45.7329566 ], [ 15.2698408, 45.7330585 ], [ 15.2699705, 45.7331471 ], [ 15.270108, 45.7332407 ], [ 15.2702568, 45.7333654 ], [ 15.2703494, 45.7334432 ], [ 15.2706742, 45.7337227 ], [ 15.2707265, 45.7339591 ], [ 15.2711347, 45.7347997 ], [ 15.2718522, 45.7352007 ], [ 15.2726356, 45.7354147 ], [ 15.2728982, 45.7355255 ], [ 15.2735152, 45.7357401 ], [ 15.2738578, 45.7359318 ], [ 15.2745759, 45.7365919 ], [ 15.2752072, 45.7367671 ], [ 15.275535, 45.7370308 ], [ 15.2755404, 45.7375015 ], [ 15.2754376, 45.7377577 ], [ 15.2750681, 45.7381132 ], [ 15.2749153, 45.7384545 ], [ 15.2749036, 45.7389046 ], [ 15.2750397, 45.7395506 ], [ 15.2747848, 45.7400549 ], [ 15.2751023, 45.7402556 ], [ 15.2760832, 45.7402278 ], [ 15.2765196, 45.7401365 ], [ 15.2770705, 45.7399798 ], [ 15.277754, 45.7396651 ], [ 15.2784699, 45.7393809 ], [ 15.2784637, 45.739684 ], [ 15.2784516, 45.7401664 ], [ 15.2785712, 45.7403061 ], [ 15.2784653, 45.7410012 ], [ 15.2784835, 45.7415114 ], [ 15.2784767, 45.7416335 ], [ 15.2784661, 45.7420329 ], [ 15.2787357, 45.7424446 ], [ 15.2793264, 45.7428673 ], [ 15.2801079, 45.7432836 ], [ 15.2807801, 45.7434644 ], [ 15.2812832, 45.7436461 ], [ 15.2816559, 45.7436067 ], [ 15.2825559, 45.7431405 ], [ 15.2830387, 45.7432108 ], [ 15.283909, 45.743474 ], [ 15.2845864, 45.743754 ], [ 15.2848458, 45.7440373 ], [ 15.2849209, 45.7443967 ], [ 15.2855974, 45.744762 ], [ 15.2857309, 45.745197 ], [ 15.2862345, 45.7453403 ], [ 15.2868955, 45.7453222 ], [ 15.2876929, 45.7452256 ], [ 15.2884156, 45.7451282 ], [ 15.2885353, 45.7451515 ], [ 15.288658, 45.7451812 ], [ 15.2886768, 45.7451895 ], [ 15.2887943, 45.7452455 ], [ 15.2889054, 45.7452972 ], [ 15.289027, 45.7453405 ], [ 15.2891709, 45.745388 ], [ 15.2893198, 45.745438 ], [ 15.2894765, 45.7454444 ], [ 15.2896848, 45.7454507 ], [ 15.289779, 45.7454654 ], [ 15.2899057, 45.7454855 ], [ 15.2899857, 45.7454947 ], [ 15.2900974, 45.7455164 ], [ 15.2901515, 45.7455238 ], [ 15.2902621, 45.745564 ], [ 15.2903705, 45.7456057 ], [ 15.2904877, 45.7456511 ], [ 15.2905025, 45.7456594 ], [ 15.2906001, 45.7456953 ], [ 15.2907259, 45.7457431 ], [ 15.2908199, 45.7458019 ], [ 15.2909112, 45.7458629 ], [ 15.2909749, 45.7459033 ], [ 15.2911308, 45.7460006 ], [ 15.2911961, 45.7460438 ], [ 15.2912873, 45.7460999 ], [ 15.2913721, 45.7461552 ], [ 15.2913871, 45.7461725 ], [ 15.2914389, 45.7462283 ], [ 15.2915254, 45.7463263 ], [ 15.2915956, 45.7464066 ], [ 15.2916607, 45.7464801 ], [ 15.2916977, 45.7464919 ], [ 15.2918485, 45.7465306 ], [ 15.2919421, 45.7465556 ], [ 15.2920701, 45.7465882 ], [ 15.2922017, 45.7466218 ], [ 15.2922446, 45.7466346 ], [ 15.292329, 45.7466567 ], [ 15.2923575, 45.7466634 ], [ 15.2924159, 45.746679 ], [ 15.2924627, 45.7467026 ], [ 15.2925029, 45.7467231 ], [ 15.2925306, 45.7467333 ], [ 15.2926741, 45.7468052 ], [ 15.2927297, 45.7468467 ], [ 15.2928571, 45.7469525 ], [ 15.2929634, 45.7470412 ], [ 15.2930493, 45.7470513 ], [ 15.2931627, 45.7470647 ], [ 15.2933045, 45.7471456 ], [ 15.2933669, 45.7471789 ], [ 15.2934847, 45.7472481 ], [ 15.2935641, 45.7472939 ], [ 15.2936826, 45.7473036 ], [ 15.2938006, 45.7473142 ], [ 15.2938394, 45.7473187 ], [ 15.2939391, 45.7473543 ], [ 15.2939483, 45.7473617 ], [ 15.2939808, 45.7473718 ], [ 15.2941096, 45.7474183 ], [ 15.2942182, 45.7474582 ], [ 15.2943418, 45.7475001 ], [ 15.2944089, 45.7475277 ], [ 15.2945018, 45.7475613 ], [ 15.2946481, 45.7476159 ], [ 15.294682, 45.7476311 ], [ 15.2947743, 45.7476748 ], [ 15.2948674, 45.7477199 ], [ 15.2948865, 45.7477441 ], [ 15.294939, 45.7478049 ], [ 15.2950038, 45.7478796 ], [ 15.2950556, 45.7479381 ], [ 15.2951135, 45.7480052 ], [ 15.2951151, 45.7480132 ], [ 15.2950945, 45.7480478 ], [ 15.2950293, 45.7481399 ], [ 15.2949478, 45.748263 ], [ 15.2950211, 45.7483208 ], [ 15.2952156, 45.7485329 ], [ 15.2952914, 45.7486069 ], [ 15.2951414, 45.7487576 ], [ 15.295055, 45.7488379 ], [ 15.2950495, 45.7490267 ], [ 15.2950519, 45.7490647 ], [ 15.2953348, 45.7492279 ], [ 15.2956392, 45.749424 ], [ 15.2959402, 45.7496276 ], [ 15.2959357, 45.7496631 ], [ 15.2958494, 45.7499652 ], [ 15.2957537, 45.7503166 ], [ 15.295505, 45.7505355 ], [ 15.29547, 45.7507503 ], [ 15.2952694, 45.7509039 ], [ 15.2954267, 45.7509883 ], [ 15.2958928, 45.7515374 ], [ 15.2961387, 45.7515832 ], [ 15.2962342, 45.7518595 ], [ 15.2969662, 45.7522641 ], [ 15.2969903, 45.7523424 ], [ 15.2971541, 45.7524122 ], [ 15.2973222, 45.7524021 ], [ 15.2978046, 45.7526581 ], [ 15.2982154, 45.7529355 ], [ 15.2984285, 45.7530025 ], [ 15.2984743, 45.7530193 ], [ 15.2986942, 45.7531744 ], [ 15.298684, 45.753199 ], [ 15.2985987, 45.7533357 ], [ 15.2987566, 45.7534704 ], [ 15.2991731, 45.7536486 ], [ 15.2992208, 45.7536726 ], [ 15.2994623, 45.7538717 ], [ 15.2997856, 45.7541375 ], [ 15.2999635, 45.7542871 ], [ 15.300129, 45.7542695 ], [ 15.3002163, 45.7542768 ], [ 15.3002928, 45.7543141 ], [ 15.3004338, 45.7543818 ], [ 15.3006086, 45.7544657 ], [ 15.3006986, 45.7544725 ], [ 15.3008834, 45.7544859 ], [ 15.301044, 45.7544982 ], [ 15.30118, 45.7545085 ], [ 15.3012986, 45.7545179 ], [ 15.3014044, 45.7545252 ], [ 15.301573, 45.7545373 ], [ 15.3016696, 45.7545466 ], [ 15.3017733, 45.7545541 ], [ 15.3018898, 45.7545635 ], [ 15.3019617, 45.7545988 ], [ 15.3019985, 45.7546158 ], [ 15.3021256, 45.7546568 ], [ 15.3022485, 45.7546951 ], [ 15.3023691, 45.7547323 ], [ 15.3024147, 45.7547486 ], [ 15.3025023, 45.7547756 ], [ 15.3025784, 45.7547998 ], [ 15.3026667, 45.7548283 ], [ 15.3028025, 45.7548701 ], [ 15.3029353, 45.7549114 ], [ 15.3030407, 45.7549436 ], [ 15.3031524, 45.7549816 ], [ 15.3032068, 45.7549816 ], [ 15.3033574, 45.7549762 ], [ 15.3034889, 45.7549726 ], [ 15.3036986, 45.7549666 ], [ 15.3038134, 45.7549631 ], [ 15.3040298, 45.7549578 ], [ 15.3042054, 45.7549522 ], [ 15.3043535, 45.7549465 ], [ 15.3045175, 45.7549419 ], [ 15.3047608, 45.7549337 ], [ 15.3048205, 45.7549639 ], [ 15.3049633, 45.7550291 ], [ 15.3050442, 45.7550671 ], [ 15.3051385, 45.7551089 ], [ 15.3052551, 45.7551611 ], [ 15.3054363, 45.7552461 ], [ 15.3054582, 45.7552408 ], [ 15.3056264, 45.755208 ], [ 15.3057235, 45.7551899 ], [ 15.3058471, 45.7551659 ], [ 15.305928, 45.7551487 ], [ 15.3061023, 45.7550624 ], [ 15.3061967, 45.7550159 ], [ 15.3063414, 45.7549409 ], [ 15.3063665, 45.7549292 ], [ 15.3064792, 45.754874 ], [ 15.3065, 45.7548591 ], [ 15.306555, 45.754811 ], [ 15.3066364, 45.7547464 ], [ 15.3066686, 45.7547175 ], [ 15.3067873, 45.7547305 ], [ 15.3069, 45.7547424 ], [ 15.3069899, 45.7547521 ], [ 15.3070749, 45.7547615 ], [ 15.3071256, 45.7547683 ], [ 15.307239, 45.7547801 ], [ 15.3072916, 45.7547892 ], [ 15.3074279, 45.7548522 ], [ 15.3075442, 45.7549071 ], [ 15.3076914, 45.7549751 ], [ 15.3077708, 45.7550102 ], [ 15.3077768, 45.7550158 ], [ 15.3078146, 45.755033 ], [ 15.3079001, 45.7550744 ], [ 15.3079879, 45.7551135 ], [ 15.3081304, 45.755182 ], [ 15.3081617, 45.7551935 ], [ 15.3082828, 45.755266 ], [ 15.3084387, 45.755355 ], [ 15.3085851, 45.7554446 ], [ 15.3086486, 45.7554819 ], [ 15.3088454, 45.7555602 ], [ 15.3089747, 45.7556116 ], [ 15.3090667, 45.7556468 ], [ 15.3092095, 45.7557033 ], [ 15.3093609, 45.7557636 ], [ 15.3094562, 45.7558007 ], [ 15.309607, 45.7558588 ], [ 15.3096677, 45.7558909 ], [ 15.3097597, 45.755942 ], [ 15.3098561, 45.7559935 ], [ 15.31006, 45.7561017 ], [ 15.3101179, 45.7561335 ], [ 15.3101507, 45.7561522 ], [ 15.3101578, 45.7561568 ], [ 15.3103134, 45.7562035 ], [ 15.3104951, 45.7562565 ], [ 15.3106546, 45.7563046 ], [ 15.3107636, 45.7563394 ], [ 15.3109117, 45.7563839 ], [ 15.3109339, 45.7563933 ], [ 15.3109435, 45.7563944 ], [ 15.3110931, 45.756426 ], [ 15.3113119, 45.7564721 ], [ 15.3114687, 45.756506 ], [ 15.3114791, 45.7565106 ], [ 15.3116033, 45.7565364 ], [ 15.3116671, 45.7565498 ], [ 15.3117142, 45.7565597 ], [ 15.3117879, 45.7565764 ], [ 15.3118426, 45.7566093 ], [ 15.3120029, 45.7567041 ], [ 15.3120089, 45.7567105 ], [ 15.3120496, 45.756733 ], [ 15.3121802, 45.7568107 ], [ 15.3122938, 45.7568795 ], [ 15.3124357, 45.7569677 ], [ 15.3125428, 45.7570334 ], [ 15.3126728, 45.7571089 ], [ 15.3128173, 45.7572109 ], [ 15.3129121, 45.7572748 ], [ 15.3130198, 45.7573487 ], [ 15.313074, 45.7573857 ], [ 15.3131614, 45.7574484 ], [ 15.3132687, 45.7575185 ], [ 15.3133478, 45.7575722 ], [ 15.3134231, 45.7576231 ], [ 15.3134894, 45.7576707 ], [ 15.3135645, 45.7577221 ], [ 15.3136305, 45.7577661 ], [ 15.3136963, 45.7578112 ], [ 15.3137768, 45.7578645 ], [ 15.313783, 45.7578722 ], [ 15.313848, 45.7579155 ], [ 15.3138841, 45.7579382 ], [ 15.3139177, 45.7579629 ], [ 15.3140576, 45.7580566 ], [ 15.3142118, 45.7581636 ], [ 15.314323, 45.7582381 ], [ 15.3144499, 45.7583288 ], [ 15.3145445, 45.7583937 ], [ 15.3146036, 45.7584329 ], [ 15.3146988, 45.7584997 ], [ 15.3147612, 45.7585418 ], [ 15.3148278, 45.7585907 ], [ 15.314855, 45.7586076 ], [ 15.314928, 45.7586571 ], [ 15.3149681, 45.7586866 ], [ 15.3150008, 45.7587105 ], [ 15.315043, 45.7587388 ], [ 15.3151069, 45.7587849 ], [ 15.3151513, 45.7588153 ], [ 15.3152006, 45.7588472 ], [ 15.3152512, 45.7588799 ], [ 15.3153364, 45.7589386 ], [ 15.315397, 45.7589808 ], [ 15.3154759, 45.7590341 ], [ 15.3155363, 45.7590772 ], [ 15.3156067, 45.7591265 ], [ 15.3156834, 45.7591784 ], [ 15.3157526, 45.7592249 ], [ 15.3157704, 45.75924 ], [ 15.3158221, 45.7592752 ], [ 15.3158625, 45.7593039 ], [ 15.3159054, 45.7593317 ], [ 15.3159833, 45.759385 ], [ 15.3160825, 45.7594546 ], [ 15.3161152, 45.7594769 ], [ 15.3162165, 45.7595466 ], [ 15.3162746, 45.7595865 ], [ 15.3163431, 45.7596326 ], [ 15.3164172, 45.7596868 ], [ 15.3166732, 45.75975 ], [ 15.3170525, 45.7598436 ], [ 15.3176694, 45.7599685 ], [ 15.3178295, 45.759999 ], [ 15.3179317, 45.7600185 ], [ 15.3187966, 45.7599589 ], [ 15.3207074, 45.7598698 ], [ 15.3214013, 45.7599685 ], [ 15.3218101, 45.7599453 ], [ 15.3231156, 45.7603494 ], [ 15.3238325, 45.760234 ], [ 15.3246796, 45.7605097 ], [ 15.3275781, 45.7618647 ], [ 15.3276623, 45.761889 ], [ 15.3278577, 45.7619456 ], [ 15.3279042, 45.7619559 ], [ 15.3279441, 45.7619685 ], [ 15.328061, 45.7620019 ], [ 15.3280904, 45.7620086 ], [ 15.3282331, 45.7620533 ], [ 15.3283788, 45.762093 ], [ 15.3287734, 45.762211 ], [ 15.3288908, 45.762241 ], [ 15.3292419, 45.7623263 ], [ 15.3293286, 45.7623675 ], [ 15.329423907110408, 45.762412973687887 ], [ 15.345908225422681, 45.731135182256381 ], [ 15.341890516422167, 45.714677858057478 ], [ 15.3418567, 45.7146307 ], [ 15.3416614, 45.7143441 ], [ 15.3415171, 45.7141408 ] ] ] } },
{ "type": "Feature", "properties": { "BM": 4795, "data": { "Oznaka Gr/Op/Dr": "općina", "Grad/općina/država": "ŽAKANJE", "Rbr BM": 10, "Naziv BM": "BIRAČKO MJESTO BR. 10 VELIKA PAKA", "Lokacija BM": "VATROGASNI DOM VELIKA PAKA", "Adresa BM": "VELIKA PAKA", "Glasovalo birača": 91, "Glasovalo birača (po listićima)": 91, "Važeći listići": 85, "Nevažeći listići": 6 }, "latitude": 45.577265, "longitude": 15.3021017, "population": 145 }, "geometry": { "type": "Polygon", "coordinates": [ [ [ 15.2990953, 45.5503687 ], [ 15.2992946, 45.552537 ], [ 15.2994189, 45.5536681 ], [ 15.2995554, 45.5547176 ], [ 15.2997124, 45.5559761 ], [ 15.2997375, 45.5566786 ], [ 15.299564, 45.5577447 ], [ 15.2993025, 45.5590893 ], [ 15.299094, 45.5604181 ], [ 15.2988676, 45.5611633 ], [ 15.298604, 45.5623112 ], [ 15.298352, 45.5636526 ], [ 15.2981751, 45.5647428 ], [ 15.2982278, 45.5654222 ], [ 15.2984942, 45.5666569 ], [ 15.2986908, 45.5678393 ], [ 15.2988146, 45.568679 ], [ 15.2988146, 45.5694093 ], [ 15.2991076, 45.5700148 ], [ 15.2991246, 45.5703798 ], [ 15.2991817, 45.5709207 ], [ 15.2991301, 45.5709207 ], [ 15.2991774, 45.5721589 ], [ 15.2992837, 45.5728665 ], [ 15.2994445, 45.5736751 ], [ 15.2995231, 45.574429 ], [ 15.2997961, 45.5751884 ], [ 15.2999928, 45.5758823 ], [ 15.3001068, 45.5766933 ], [ 15.3000094, 45.5774044 ], [ 15.299716, 45.5784401 ], [ 15.2994837, 45.5798625 ], [ 15.2994057, 45.5806132 ], [ 15.2993314, 45.5814055 ], [ 15.2992375, 45.582143 ], [ 15.2991602, 45.5829377 ], [ 15.2989469, 45.5836473 ], [ 15.2986833, 45.584342 ], [ 15.2984111, 45.5848541 ], [ 15.2979503, 45.5853101 ], [ 15.2973624, 45.5856965 ], [ 15.2964888, 45.5863423 ], [ 15.2956956, 45.5870737 ], [ 15.295122, 45.5876029 ], [ 15.2945849, 45.5880636 ], [ 15.294473, 45.5881707 ], [ 15.2938301, 45.5889132 ], [ 15.2934934, 45.5893808 ], [ 15.2931357, 45.5897644 ], [ 15.2926455, 45.5900743 ], [ 15.2923648, 45.5903147 ], [ 15.2920136, 45.5905195 ], [ 15.2910403, 45.5910107 ], [ 15.2901916, 45.5913929 ], [ 15.289994028128728, 45.591495728729704 ], [ 15.314212937875418, 45.590828455612524 ], [ 15.326149409056345, 45.574012864154611 ], [ 15.32606078285888, 45.570523275461156 ], [ 15.321296307138724, 45.560036503531443 ], [ 15.299048066203088, 45.548916192880313 ], [ 15.2990953, 45.5503687 ] ] ] } },
{ "type": "Feature", "properties": { "BM": 4224, "data": { "Oznaka Gr/Op/Dr": "grad", "Grad/općina/država": "OGULIN", "Rbr BM": 17, "Naziv BM": "BIRAČKO MJESTO BR. 17", "Lokacija BM": "PROSTORIJE MJESNOG ODBORA DREŽNICA (IZNAD POŠTE)", "Adresa BM": "DREŽNICA 8", "Glasovalo birača": 90, "Glasovalo birača (po listićima)": 90, "Važeći listići": 84, "Nevažeći listići": 6 }, "latitude": 45.1370113, "longitude": 15.0891721, "population": 293 }, "geometry": { "type": "Polygon", "coordinates": [ [ [ 14.982295154620282, 45.142954893930984 ], [ 15.094616166889894, 45.19834860399461 ], [ 15.150319092879071, 45.177874510876713 ], [ 15.165701334360092, 45.149042257816774 ], [ 15.16430353725203, 45.118083387114559 ], [ 15.162650480097883, 45.115810209226495 ], [ 15.108271449091895, 45.089959095059427 ], [ 15.012680780140409, 45.093871340472141 ], [ 14.982295154620282, 45.142954893930984 ] ] ] } },
{ "type": "Feature", "properties": { "BM": 4222, "data": { "Oznaka Gr/Op/Dr": "grad", "Grad/općina/država": "OGULIN", "Rbr BM": 15, "Naziv BM": "BIRAČKO MJESTO BR. 15", "Lokacija BM": "PODRUČNA ŠKOLA POTOK MUSULINSKI", "Adresa BM": "POTOK MUSULINSKI 11", "Glasovalo birača": 28, "Glasovalo birača (po listićima)": 28, "Važeći listići": 27, "Nevažeći listići": 1 }, "latitude": 45.2486109, "longitude": 15.1301915, "population": 62 }, "geometry": { "type": "Polygon", "coordinates": [ [ [ 15.077190636746327, 45.286823901532429 ], [ 15.13098399362204, 45.293013597101314 ], [ 15.173984989262612, 45.226710063174671 ], [ 15.150319092879071, 45.177874510876713 ], [ 15.094616166889894, 45.19834860399461 ], [ 15.077190636746327, 45.286823901532429 ] ] ] } },
{ "type": "Feature", "properties": { "BM": 4215, "data": { "Oznaka Gr/Op/Dr": "grad", "Grad/općina/država": "OGULIN", "Rbr BM": 8, "Naziv BM": "BIRAČKO MJESTO BR. 8", "Lokacija BM": "MO - DOM TURKOVIĆI", "Adresa BM": "TURKOVIĆI 21A", "Glasovalo birača": 152, "Glasovalo birača (po listićima)": 152, "Važeći listići": 143, "Nevažeći listići": 9 }, "latitude": 45.2756279, "longitude": 15.1718492, "population": 226 }, "geometry": { "type": "Polygon", "coordinates": [ [ [ 15.13098399362204, 45.293013597101314 ], [ 15.140359146858744, 45.301035364582098 ], [ 15.186367692545232, 45.280682347575123 ], [ 15.178545593894635, 45.229749269202088 ], [ 15.173984989262612, 45.226710063174671 ], [ 15.13098399362204, 45.293013597101314 ] ] ] } },
{ "type": "Feature", "properties": { "BM": 4217, "data": { "Oznaka Gr/Op/Dr": "grad", "Grad/općina/država": "OGULIN", "Rbr BM": 10, "Naziv BM": "BIRAČKO MJESTO BR. 10", "Lokacija BM": "PODRUČNA ŠKOLA DESMERICE", "Adresa BM": "DESMERICE 54", "Glasovalo birača": 152, "Glasovalo birača (po listićima)": 152, "Važeći listići": 149, "Nevažeći listići": 3 }, "latitude": 45.2059079, "longitude": 15.2183109, "population": 201 }, "geometry": { "type": "Polygon", "coordinates": [ [ [ 15.178545593894635, 45.229749269202088 ], [ 15.184138219054315, 45.231421225938881 ], [ 15.214226542901852, 45.224674762557612 ], [ 15.231190341099758, 45.196476735037415 ], [ 15.183775993472226, 45.154417130471145 ], [ 15.165701334360092, 45.149042257816774 ], [ 15.150319092879071, 45.177874510876713 ], [ 15.173984989262612, 45.226710063174671 ], [ 15.178545593894635, 45.229749269202088 ] ] ] } },
{ "type": "Feature", "properties": { "BM": 4447, "data": { "Oznaka Gr/Op/Dr": "općina", "Grad/općina/država": "BOSILJEVO", "Rbr BM": 3, "Naziv BM": "BIRAČKO MJESTO BR. 3", "Lokacija BM": "PRIKUPLJE - VATROGASNI DOM", "Adresa BM": "PRIBANJCI 50", "Glasovalo birača": 220, "Glasovalo birača (po listićima)": 220, "Važeći listići": 217, "Nevažeći listići": 3 }, "latitude": 45.4530145, "longitude": 15.2520582, "population": 378 }, "geometry": { "type": "Polygon", "coordinates": [ [ [ 15.222198405587104, 45.425464773759018 ], [ 15.2231059, 45.4256188 ], [ 15.2245743, 45.4261026 ], [ 15.2255962, 45.42641 ], [ 15.2263003, 45.4268088 ], [ 15.226817, 45.4273879 ], [ 15.2273992, 45.42828 ], [ 15.2279197, 45.4291726 ], [ 15.2281816, 45.4298427 ], [ 15.2283859, 45.4309611 ], [ 15.2285254, 45.4319006 ], [ 15.2284097, 45.4328867 ], [ 15.2282929, 45.4337382 ], [ 15.2283041, 45.4346338 ], [ 15.228253, 45.4357089 ], [ 15.2285823, 45.4365579 ], [ 15.2292281, 45.4374048 ], [ 15.2301943, 45.4383841 ], [ 15.231095, 45.4392296 ], [ 15.2315455, 45.4396298 ], [ 15.2332215, 45.441411 ], [ 15.2343186, 45.4427031 ], [ 15.2347759, 45.4436407 ], [ 15.2355545, 45.4448899 ], [ 15.2366518, 45.4461819 ], [ 15.2376176, 45.4470716 ], [ 15.2387764, 45.4481841 ], [ 15.2398677, 45.4489836 ], [ 15.2412206, 45.4503187 ], [ 15.2421879, 45.4513428 ], [ 15.243095, 45.4526806 ], [ 15.2439947, 45.4533916 ], [ 15.2452747, 45.4540107 ], [ 15.2469223, 45.4548385 ], [ 15.2502162, 45.4564906 ], [ 15.2555918, 45.4580908 ], [ 15.2560176, 45.4581953 ], [ 15.2565432, 45.4583079 ], [ 15.2572721, 45.458463 ], [ 15.257513, 45.458516 ], [ 15.2577041, 45.4585761 ], [ 15.2579706, 45.4586708 ], [ 15.2587416, 45.4589331 ], [ 15.2588452, 45.4589762 ], [ 15.2593407, 45.4591702 ], [ 15.2596829, 45.4593191 ], [ 15.2602413, 45.4595586 ], [ 15.260442, 45.459645 ], [ 15.2611829, 45.4600038 ], [ 15.261525, 45.4601593 ], [ 15.2619077, 45.4603211 ], [ 15.262419, 45.460539 ], [ 15.2626229, 45.4606079 ], [ 15.2627763, 45.4606638 ], [ 15.2636325, 45.4609542 ], [ 15.264495, 45.4612601 ], [ 15.2648307, 45.4613741 ], [ 15.2660645, 45.4618726 ], [ 15.2666972, 45.4621636 ], [ 15.2668264, 45.4622279 ], [ 15.2684603, 45.4634004 ], [ 15.2686576, 45.4635494 ], [ 15.2690365, 45.4639453 ], [ 15.2697136, 45.4645083 ], [ 15.2708751, 45.465292 ], [ 15.2717693, 45.4655482 ], [ 15.2726061, 45.4657639 ], [ 15.2738068, 45.4660017 ], [ 15.2745048, 45.4660171 ], [ 15.2765009, 45.4659419 ], [ 15.2771732, 45.4659121 ], [ 15.2781515, 45.4656345 ], [ 15.2789992, 45.4653195 ], [ 15.2807334, 45.464673 ], [ 15.2815181, 45.4643797 ], [ 15.2833382, 45.4636791 ], [ 15.2848902, 45.4631069 ], [ 15.2863938, 45.4627678 ], [ 15.2874335, 45.4626008 ], [ 15.2887244, 45.4622368 ], [ 15.2895891, 45.4619919 ], [ 15.2913521, 45.461436 ], [ 15.292593, 45.4610809 ], [ 15.2945894, 45.4602357 ], [ 15.29576536194409, 45.459691074012461 ], [ 15.295630539521747, 45.457009369249796 ], [ 15.247900576782641, 45.413408670843836 ], [ 15.230867414678897, 45.416285028590131 ], [ 15.222198405587102, 45.425464773759018 ], [ 15.222198405587104, 45.425464773759018 ] ] ] } },
{ "type": "Feature", "properties": { "BM": 4213, "data": { "Oznaka Gr/Op/Dr": "grad", "Grad/općina/država": "OGULIN", "Rbr BM": 6, "Naziv BM": "BIRAČKO MJESTO BR. 6", "Lokacija BM": "PODRUČNA ŠKOLA HRELJIN OGULINSKI", "Adresa BM": "HRELJIN OGULINSKI 30", "Glasovalo birača": 192, "Glasovalo birača (po listićima)": 190, "Važeći listići": 182, "Nevažeći listići": 8 }, "latitude": 45.2948252, "longitude": 15.1803416, "population": 362 }, "geometry": { "type": "Polygon", "coordinates": [ [ [ 15.172389050355658, 45.347789844267147 ], [ 15.195683863573731, 45.344913433924788 ], [ 15.222079817733784, 45.325571517930115 ], [ 15.224210770603415, 45.319084865453334 ], [ 15.215510335126195, 45.30362407162707 ], [ 15.186367692545232, 45.280682347575123 ], [ 15.140359146858744, 45.301035364582098 ], [ 15.172389050355658, 45.347789844267147 ] ] ] } },
{ "type": "Feature", "properties": { "BM": 4214, "data": { "Oznaka Gr/Op/Dr": "grad", "Grad/općina/država": "OGULIN", "Rbr BM": 7, "Naziv BM": "BIRAČKO MJESTO BR. 7", "Lokacija BM": "DOM SV. PETAR", "Adresa BM": "SV. PETAR 117C", "Glasovalo birača": 561, "Glasovalo birača (po listićima)": 561, "Važeći listići": 535, "Nevažeći listići": 26 }, "latitude": 45.2715042, "longitude": 15.1987004, "population": 888 }, "geometry": { "type": "Polygon", "coordinates": [ [ [ 15.186367692545232, 45.280682347575123 ], [ 15.215510335126195, 45.30362407162707 ], [ 15.213852121936124, 45.285418101869567 ], [ 15.20387604690475, 45.249400499524107 ], [ 15.202612246707444, 45.247340308755298 ], [ 15.184138219054315, 45.231421225938881 ], [ 15.178545593894635, 45.229749269202088 ], [ 15.186367692545232, 45.280682347575123 ] ] ] } },
{ "type": "Feature", "properties": { "BM": 4227, "data": { "Oznaka Gr/Op/Dr": "grad", "Grad/općina/država": "OGULIN", "Rbr BM": 20, "Naziv BM": "BIRAČKO MJESTO BR. 20", "Lokacija BM": "DOM ŽELJEZNIČARA", "Adresa BM": "SABORČANSKA 5", "Glasovalo birača": 212, "Glasovalo birača (po listićima)": 212, "Važeći listići": 210, "Nevažeći listići": 2 }, "latitude": 45.2652113, "longitude": 15.2309268, "population": 329 }, "geometry": { "type": "Polygon", "coordinates": [ [ [ 15.263748242824354, 45.287322137019693 ], [ 15.232344210831458, 45.262150853749354 ], [ 15.229453814982758, 45.264085016496708 ], [ 15.253201088653542, 45.294835213057453 ], [ 15.263748242824354, 45.287322137019693 ] ] ] } },
{ "type": "Feature", "properties": { "BM": 4210, "data": { "Oznaka Gr/Op/Dr": "grad", "Grad/općina/država": "OGULIN", "Rbr BM": 3, "Naziv BM": "BIRAČKO MJESTO BR. 3", "Lokacija BM": "PROSTORIJE MJESNOG ODBORA TROŠMARIJA", "Adresa BM": "TROŠMARIJA 1", "Glasovalo birača": 77, "Glasovalo birača (po listićima)": 70, "Važeći listići": 69, "Nevažeći listići": 1 }, "latitude": 45.325567, "longitude": 15.2739201, "population": 112 }, "geometry": { "type": "Polygon", "coordinates": [ [ [ 15.253201088653542, 45.294835213057453 ], [ 15.251542247321803, 45.296049368983411 ], [ 15.224210770603415, 45.319084865453334 ], [ 15.222079817733784, 45.325571517930115 ], [ 15.257068247387835, 45.350599039699517 ], [ 15.29760660842549, 45.332554037943844 ], [ 15.270340352791488, 45.283405344767317 ], [ 15.263748242824354, 45.287322137019693 ], [ 15.253201088653542, 45.294835213057453 ] ] ] } },
{ "type": "Feature", "properties": { "BM": 4216, "data": { "Oznaka Gr/Op/Dr": "grad", "Grad/općina/država": "OGULIN", "Rbr BM": 9, "Naziv BM": "BIRAČKO MJESTO BR. 9", "Lokacija BM": "PROSTORIJE MJESNOG ODBORA PRAPUĆE-ZAGRAD (BIVŠI ''METIS'')", "Adresa BM": "MALA CESTA 6", "Glasovalo birača": 899, "Glasovalo birača (po listićima)": 898, "Važeći listići": 877, "Nevažeći listići": 21 }, "latitude": 45.2656916, "longitude": 15.2196862, "population": 1341 }, "geometry": { "type": "Polygon", "coordinates": [ [ [ 15.213852121936124, 45.285418101869567 ], [ 15.221513895280111, 45.270219306530166 ], [ 15.222148820013734, 45.25987106937994 ], [ 15.20387604690475, 45.249400499524107 ], [ 15.213852121936124, 45.285418101869567 ] ] ] } },
{ "type": "Feature", "properties": { "BM": 4211, "data": { "Oznaka Gr/Op/Dr": "grad", "Grad/općina/država": "OGULIN", "Rbr BM": 4, "Naziv BM": "BIRAČKO MJESTO BR. 4", "Lokacija BM": "DOM SV. ANTUN", "Adresa BM": "ŽEGAR I 3", "Glasovalo birača": 609, "Glasovalo birača (po listićima)": 609, "Važeći listići": 594, "Nevažeći listići": 15 }, "latitude": 45.2689958, "longitude": 15.2262408, "population": 932 }, "geometry": { "type": "Polygon", "coordinates": [ [ [ 15.213852121936124, 45.285418101869567 ], [ 15.215510335126195, 45.30362407162707 ], [ 15.224210770603415, 45.319084865453334 ], [ 15.251542247321803, 45.296049368983411 ], [ 15.227028141433205, 45.265949150178052 ], [ 15.221513895280111, 45.270219306530166 ], [ 15.213852121936124, 45.285418101869567 ] ] ] } },
{ "type": "Feature", "properties": { "BM": 4225, "data": { "Oznaka Gr/Op/Dr": "grad", "Grad/općina/država": "OGULIN", "Rbr BM": 18, "Naziv BM": "BIRAČKO MJESTO BR. 18", "Lokacija BM": "DOM SV. JAKOVA", "Adresa BM": "SV. JAKOV 167", "Glasovalo birača": 533, "Glasovalo birača (po listićima)": 532, "Važeći listići": 521, "Nevažeći listići": 11 }, "latitude": 45.2548034, "longitude": 15.2259253, "population": 762 }, "geometry": { "type": "Polygon", "coordinates": [ [ [ 15.222148820013734, 45.25987106937994 ], [ 15.223563811498142, 45.260130553041208 ], [ 15.230576855927689, 45.257275675454615 ], [ 15.236352618894813, 45.247357515837962 ], [ 15.202612246707444, 45.247340308755298 ], [ 15.20387604690475, 45.249400499524107 ], [ 15.222148820013734, 45.25987106937994 ] ] ] } },
{ "type": "Feature", "properties": { "BM": 4530, "data": { "Oznaka Gr/Op/Dr": "općina", "Grad/općina/država": "JOSIPDOL", "Rbr BM": 4, "Naziv BM": "BIRAČKO MJESTO BR. 4", "Lokacija BM": "PROSTORIJE ŠKOLE", "Adresa BM": "MODRUŠ 28", "Glasovalo birača": 66, "Glasovalo birača (po listićima)": 66, "Važeći listići": 65, "Nevažeći listići": 1 }, "latitude": 45.1301637, "longitude": 15.240835, "population": 103 }, "geometry": { "type": "Polygon", "coordinates": [ [ [ 15.183775993472226, 45.154417130471145 ], [ 15.252915985738356, 45.156814435315326 ], [ 15.263455489699332, 45.142486790800092 ], [ 15.263859086478661, 45.085246507409138 ], [ 15.243266343109266, 45.082148660875212 ], [ 15.16430353725203, 45.118083387114559 ], [ 15.165701334360092, 45.149042257816774 ], [ 15.183775993472226, 45.154417130471145 ] ] ] } },
{ "type": "Feature", "properties": { "BM": 4219, "data": { "Oznaka Gr/Op/Dr": "grad", "Grad/općina/država": "OGULIN", "Rbr BM": 12, "Naziv BM": "BIRAČKO MJESTO BR. 12", "Lokacija BM": "PODRUČNA ŠKOLA KUČINIĆI", "Adresa BM": "KUČINIĆ SELO 26", "Glasovalo birača": 718, "Glasovalo birača (po listićima)": 718, "Važeći listići": 695, "Nevažeći listići": 23 }, "latitude": 45.239901, "longitude": 15.2259329, "population": 1079 }, "geometry": { "type": "Polygon", "coordinates": [ [ [ 15.202612246707444, 45.247340308755298 ], [ 15.236352618894813, 45.247357515837962 ], [ 15.2404105115713, 45.24553152238984 ], [ 15.237775194970276, 45.227197528003508 ], [ 15.214226542901852, 45.224674762557612 ], [ 15.184138219054315, 45.231421225938881 ], [ 15.202612246707444, 45.247340308755298 ] ] ] } },
{ "type": "Feature", "properties": { "BM": 4218, "data": { "Oznaka Gr/Op/Dr": "grad", "Grad/općina/država": "OGULIN", "Rbr BM": 11, "Naziv BM": "BIRAČKO MJESTO BR. 11", "Lokacija BM": "PODRUČNA ŠKOLA ZAGORJE", "Adresa BM": "GORNJE ZAGORJE 13", "Glasovalo birača": 296, "Glasovalo birača (po listićima)": 296, "Važeći listići": 289, "Nevažeći listići": 7 }, "latitude": 45.1825644, "longitude": 15.2390181, "population": 463 }, "geometry": { "type": "Polygon", "coordinates": [ [ [ 15.231190341099758, 45.196476735037415 ], [ 15.255895137836148, 45.20489657587413 ], [ 15.259099297568406, 45.202239914521478 ], [ 15.263232965303883, 45.176811282244799 ], [ 15.252915985738356, 45.156814435315326 ], [ 15.183775993472226, 45.154417130471145 ], [ 15.231190341099758, 45.196476735037415 ] ] ] } },
{ "type": "Feature", "properties": { "BM": 4228, "data": { "Oznaka Gr/Op/Dr": "grad", "Grad/općina/država": "OGULIN", "Rbr BM": 21, "Naziv BM": "BIRAČKO MJESTO BR. 21", "Lokacija BM": "SPORTSKA DVORANA \"IVICA CINDRIĆ - PIVA\"", "Adresa BM": "J.B. JELAČIĆA 1 A", "Glasovalo birača": 373, "Glasovalo birača (po listićima)": 373, "Važeći listići": 364, "Nevažeći listići": 9 }, "latitude": 45.265949, "longitude": 15.2238814, "population": 564 }, "geometry": { "type": "Polygon", "coordinates": [ [ [ 15.223563811498142, 45.260130553041208 ], [ 15.222148820013734, 45.25987106937994 ], [ 15.221513895280111, 45.270219306530166 ], [ 15.227028141433205, 45.265949150178052 ], [ 15.227002991908906, 45.264922654636194 ], [ 15.223563811498142, 45.260130553041208 ] ] ] } },
{ "type": "Feature", "properties": { "BM": 4229, "data": { "Oznaka Gr/Op/Dr": "grad", "Grad/općina/država": "OGULIN", "Rbr BM": 22, "Naziv BM": "BIRAČKO MJESTO BR. 22", "Lokacija BM": "GIMNAZIJA I STRUKOVNA ŠKOLA BERNARDINA FRANKOPANA", "Adresa BM": "STRUGA 3", "Glasovalo birača": 488, "Glasovalo birača (po listićima)": 488, "Važeći listići": 474, "Nevažeći listići": 14 }, "latitude": 45.2622938, "longitude": 15.2289745, "population": 699 }, "geometry": { "type": "Polygon", "coordinates": [ [ [ 15.227002991908906, 45.264922654636194 ], [ 15.229453814982758, 45.264085016496708 ], [ 15.232344210831458, 45.262150853749354 ], [ 15.230576855927689, 45.257275675454615 ], [ 15.223563811498142, 45.260130553041208 ], [ 15.227002991908906, 45.264922654636194 ] ] ] } },
{ "type": "Feature", "properties": { "BM": 4226, "data": { "Oznaka Gr/Op/Dr": "grad", "Grad/općina/država": "OGULIN", "Rbr BM": 19, "Naziv BM": "BIRAČKO MJESTO BR. 19", "Lokacija BM": "DOM DOBROTVORNOG PODUPIRAJUĆEG DRUŠTVA \"SV. ROK\" U LOMOSTU", "Adresa BM": "LOMOŠĆANSKA CESTA 19", "Glasovalo birača": 637, "Glasovalo birača (po listićima)": 636, "Važeći listići": 624, "Nevažeći listići": 12 }, "latitude": 45.2601012, "longitude": 15.2350227, "population": 900 }, "geometry": { "type": "Polygon", "coordinates": [ [ [ 15.232344210831458, 45.262150853749354 ], [ 15.263748242824354, 45.287322137019693 ], [ 15.270340352791488, 45.283405344767317 ], [ 15.277688215664396, 45.272956442539559 ], [ 15.2404105115713, 45.24553152238984 ], [ 15.236352618894813, 45.247357515837962 ], [ 15.230576855927689, 45.257275675454615 ], [ 15.232344210831458, 45.262150853749354 ] ] ] } },
{ "type": "Feature", "properties": { "BM": 4220, "data": { "Oznaka Gr/Op/Dr": "grad", "Grad/općina/država": "OGULIN", "Rbr BM": 13, "Naziv BM": "BIRAČKO MJESTO BR. 13", "Lokacija BM": "DOM RIBARIĆI", "Adresa BM": "RIBARIĆI 42", "Glasovalo birača": 172, "Glasovalo birača (po listićima)": 172, "Važeći listići": 169, "Nevažeći listići": 3 }, "latitude": 45.2122738, "longitude": 15.2288926, "population": 246 }, "geometry": { "type": "Polygon", "coordinates": [ [ [ 15.214226542901852, 45.224674762557612 ], [ 15.237775194970276, 45.227197528003508 ], [ 15.254190396033389, 45.210750500888388 ], [ 15.255895137836148, 45.20489657587413 ], [ 15.231190341099758, 45.196476735037415 ], [ 15.214226542901852, 45.224674762557612 ] ] ] } },
{ "type": "Feature", "properties": { "BM": 4656, "data": { "Oznaka Gr/Op/Dr": "općina", "Grad/općina/država": "PLAŠKI", "Rbr BM": 3, "Naziv BM": "BIRAČKO MJESTO BR. 3", "Lokacija BM": "ZGRADA KNJIŽNICE I ČITAONICE", "Adresa BM": "SABORČANSKA 4A", "Glasovalo birača": 174, "Glasovalo birača (po listićima)": 174, "Važeći listići": 166, "Nevažeći listići": 8 }, "latitude": 45.2657949, "longitude": 15.2301711, "population": 464 }, "geometry": { "type": "Polygon", "coordinates": [ [ [ 15.251542247321803, 45.296049368983411 ], [ 15.253201088653542, 45.294835213057453 ], [ 15.229453814982758, 45.264085016496708 ], [ 15.227002991908906, 45.264922654636194 ], [ 15.227028141433205, 45.265949150178052 ], [ 15.251542247321803, 45.296049368983411 ] ] ] } },
{ "type": "Feature", "properties": { "BM": 4212, "data": { "Oznaka Gr/Op/Dr": "grad", "Grad/općina/država": "OGULIN", "Rbr BM": 5, "Naziv BM": "BIRAČKO MJESTO BR. 5", "Lokacija BM": "PROSTORIJE MJESNOG ODBORA PONIKVE", "Adresa BM": "PONIKVE 21", "Glasovalo birača": 9, "Glasovalo birača (po listićima)": 9, "Važeći listići": 8, "Nevažeći listići": 1 }, "latitude": 45.3746338, "longitude": 15.2388222, "population": 38 }, "geometry": { "type": "Polygon", "coordinates": [ [ [ 15.195683863573731, 45.344913433924788 ], [ 15.230867414678897, 45.416285028590131 ], [ 15.247900576782641, 45.413408670843836 ], [ 15.271066544051356, 45.384615543120887 ], [ 15.257068247387835, 45.350599039699517 ], [ 15.222079817733784, 45.325571517930115 ], [ 15.195683863573731, 45.344913433924788 ] ] ] } },
{ "type": "Feature", "properties": { "BM": 4221, "data": { "Oznaka Gr/Op/Dr": "grad", "Grad/općina/država": "OGULIN", "Rbr BM": 14, "Naziv BM": "BIRAČKO MJESTO BR. 14", "Lokacija BM": "PODRUČNA ŠKOLA OTOK OŠTARIJSKI", "Adresa BM": "OTOK OŠTARSKI 73", "Glasovalo birača": 150, "Glasovalo birača (po listićima)": 150, "Važeći listići": 143, "Nevažeći listići": 7 }, "latitude": 45.2360512, "longitude": 15.2527161, "population": 268 }, "geometry": { "type": "Polygon", "coordinates": [ [ [ 15.2404105115713, 45.24553152238984 ], [ 15.277688215664396, 45.272956442539559 ], [ 15.281508569531338, 45.270250432768272 ], [ 15.281806884698433, 45.268980626782756 ], [ 15.254190396033389, 45.210750500888388 ], [ 15.237775194970276, 45.227197528003508 ], [ 15.2404105115713, 45.24553152238984 ] ] ] } },
{ "type": "Feature", "properties": { "BM": 4535, "data": { "Oznaka Gr/Op/Dr": "općina", "Grad/općina/država": "JOSIPDOL", "Rbr BM": 9, "Naziv BM": "BIRAČKO MJESTO BR. 9", "Lokacija BM": "POSLOVNA ZGRADA", "Adresa BM": "OŠTARIJE, OŠTARIJE 231", "Glasovalo birača": 518, "Glasovalo birača (po listićima)": 515, "Važeći listići": 500, "Nevažeći listići": 15 }, "latitude": 45.2256179, "longitude": 15.274715, "population": 778 }, "geometry": { "type": "Polygon", "coordinates": [ [ [ 15.255895137836148, 45.20489657587413 ], [ 15.254190396033389, 45.210750500888388 ], [ 15.281806884698433, 45.268980626782756 ], [ 15.299765364330076, 45.236986439804525 ], [ 15.295365446396678, 45.22111593160443 ], [ 15.275768218871505, 45.206754623299766 ], [ 15.259099297568406, 45.202239914521478 ], [ 15.255895137836148, 45.20489657587413 ] ] ] } },
{ "type": "Feature", "properties": { "BM": 4793, "data": { "Oznaka Gr/Op/Dr": "općina", "Grad/općina/država": "ŽAKANJE", "Rbr BM": 8, "Naziv BM": "BIRAČKO MJESTO BR. 8 ZALUKA LIPNIČKA", "Lokacija BM": "VATROGASNI DOM ZALUKA LIPNIČKA", "Adresa BM": "ZALUKA LIPNIČKA", "Glasovalo birača": 69, "Glasovalo birača (po listićima)": 69, "Važeći listići": 66, "Nevažeći listići": 3 }, "latitude": 45.6050382, "longitude": 15.3028669, "population": 96 }, "geometry": { "type": "Polygon", "coordinates": [ [ [ 15.289439, 45.5917846 ], [ 15.289031, 45.5920317 ], [ 15.2883743, 45.5924388 ], [ 15.288174, 45.5925624 ], [ 15.2877174, 45.5928812 ], [ 15.2865013, 45.5937383 ], [ 15.2852828, 45.5945841 ], [ 15.2848333, 45.5948316 ], [ 15.2842291, 45.5954674 ], [ 15.2839456, 45.5957078 ], [ 15.2838304, 45.595853 ], [ 15.2834089, 45.5963132 ], [ 15.2832284, 45.5965631 ], [ 15.2828938, 45.5968581 ], [ 15.2823863, 45.5972946 ], [ 15.281535, 45.5982349 ], [ 15.2811454, 45.5987389 ], [ 15.2808182, 45.5992507 ], [ 15.27966, 45.6009878 ], [ 15.277302, 45.6033178 ], [ 15.2770128, 45.6038158 ], [ 15.2770525, 45.6044548 ], [ 15.2794841, 45.6065465 ], [ 15.2814887, 45.607881 ], [ 15.2856755, 45.6096441 ], [ 15.2856757, 45.6096441 ], [ 15.2869259, 45.6101092 ], [ 15.2877126, 45.610432 ], [ 15.2884499, 45.6107236 ], [ 15.289226, 45.6110208 ], [ 15.2899083, 45.6112786 ], [ 15.2924882, 45.6124081 ], [ 15.2928404, 45.6125096 ], [ 15.2932754, 45.6126222 ], [ 15.293764, 45.6126729 ], [ 15.2947289, 45.6126358 ], [ 15.2950573, 45.6126199 ], [ 15.2951995, 45.6126019 ], [ 15.2956142, 45.6125416 ], [ 15.2964253, 45.6124862 ], [ 15.2980454, 45.6124612 ], [ 15.2997229, 45.6125316 ], [ 15.3009528, 45.6125164 ], [ 15.3020641, 45.6124406 ], [ 15.3031156, 45.6124125 ], [ 15.3041443, 45.612448 ], [ 15.3051301, 45.6125455 ], [ 15.3060638, 45.6127706 ], [ 15.306203462404522, 45.61283863356735 ], [ 15.308418964604559, 45.611358143984617 ], [ 15.314786887081887, 45.593056306224241 ], [ 15.314212937875418, 45.590828455612524 ], [ 15.289994028128728, 45.591495728729704 ], [ 15.289439, 45.5917846 ] ] ] } },
{ "type": "Feature", "properties": { "BM": 4445, "data": { "Oznaka Gr/Op/Dr": "općina", "Grad/općina/država": "BOSILJEVO", "Rbr BM": 1, "Naziv BM": "BIRAČKO MJESTO BR. 1", "Lokacija BM": "BOSILJEVO - ZGRADA OPĆINE", "Adresa BM": "ULICA ISELJENIKA BOSILJEVA 1", "Glasovalo birača": 160, "Glasovalo birača (po listićima)": 160, "Važeći listići": 148, "Nevažeći listići": 12 }, "latitude": 45.4139753, "longitude": 15.28772, "population": 299 }, "geometry": { "type": "Polygon", "coordinates": [ [ [ 15.295630539521747, 45.457009369249796 ], [ 15.331155551482246, 45.404921372961596 ], [ 15.331473298317697, 45.402910469649711 ], [ 15.3277369893769, 45.396495263464899 ], [ 15.315630410446458, 45.38403243618739 ], [ 15.271066544051356, 45.384615543120887 ], [ 15.247900576782641, 45.413408670843836 ], [ 15.295630539521747, 45.457009369249796 ] ] ] } },
{ "type": "Feature", "properties": { "BM": 4532, "data": { "Oznaka Gr/Op/Dr": "općina", "Grad/općina/država": "JOSIPDOL", "Rbr BM": 6, "Naziv BM": "BIRAČKO MJESTO BR. 6", "Lokacija BM": "ZGRADA ŠKOLE", "Adresa BM": "MUNJAVA MODRUŠKA 11 A", "Glasovalo birača": 31, "Glasovalo birača (po listićima)": 31, "Važeći listići": 30, "Nevažeći listići": 1 }, "latitude": 45.1604119, "longitude": 15.2819551, "population": 47 }, "geometry": { "type": "Polygon", "coordinates": [ [ [ 15.263232965303883, 45.176811282244799 ], [ 15.299317926040253, 45.17384932931332 ], [ 15.300551961873618, 45.172560047842701 ], [ 15.2854709599735, 45.14564434241079 ], [ 15.263455489699332, 45.142486790800092 ], [ 15.252915985738356, 45.156814435315326 ], [ 15.263232965303883, 45.176811282244799 ] ] ] } },
{ "type": "Feature", "properties": { "BM": 4209, "data": { "Oznaka Gr/Op/Dr": "grad", "Grad/općina/država": "OGULIN", "Rbr BM": 2, "Naziv BM": "BIRAČKO MJESTO BR. 2", "Lokacija BM": "PROSTORIJE MJESNOG ODBORA GORNJE DUBRAVE", "Adresa BM": "GORNJE DUBRAVE 5", "Glasovalo birača": 18, "Glasovalo birača (po listićima)": 18, "Važeći listići": 18, "Nevažeći listići": 0 }, "latitude": 45.3087595, "longitude": 15.3042164, "population": 46 }, "geometry": { "type": "Polygon", "coordinates": [ [ [ 15.270340352791488, 45.283405344767317 ], [ 15.29760660842549, 45.332554037943844 ], [ 15.317242799694604, 45.339914977763925 ], [ 15.333366127496564, 45.325826650929031 ], [ 15.332091405253136, 45.288471149269434 ], [ 15.32732832171085, 45.285142082098801 ], [ 15.281508569531338, 45.270250432768272 ], [ 15.277688215664396, 45.272956442539559 ], [ 15.270340352791488, 45.283405344767317 ] ] ] } },
{ "type": "Feature", "properties": { "BM": 4533, "data": { "Oznaka Gr/Op/Dr": "općina", "Grad/općina/država": "JOSIPDOL", "Rbr BM": 7, "Naziv BM": "BIRAČKO MJESTO BR. 7", "Lokacija BM": "STARA ŠKOLSKA ZGRADA U SABLJAKIMA MODRUŠKIM", "Adresa BM": "SABLJAKI MODRUŠKI 19", "Glasovalo birača": 11, "Glasovalo birača (po listićima)": 11, "Važeći listići": 11, "Nevažeći listići": 0 }, "latitude": 45.1304839, "longitude": 15.2862475, "population": 29 }, "geometry": { "type": "Polygon", "coordinates": [ [ [ 15.263455489699332, 45.142486790800092 ], [ 15.2854709599735, 45.14564434241079 ], [ 15.316966778426377, 45.124004458572067 ], [ 15.320224251407398, 45.115211862699809 ], [ 15.296640283357943, 45.07448118313993 ], [ 15.263859086478661, 45.085246507409138 ], [ 15.263455489699332, 45.142486790800092 ] ] ] } },
{ "type": "Feature", "properties": { "BM": 4529, "data": { "Oznaka Gr/Op/Dr": "općina", "Grad/općina/država": "JOSIPDOL", "Rbr BM": 3, "Naziv BM": "BIRAČKO MJESTO BR. 3", "Lokacija BM": "KUĆA JOSIPA BOŽIČEVIĆA", "Adresa BM": "OŠTARIJE, ČAKOVAC 408", "Glasovalo birača": 99, "Glasovalo birača (po listićima)": 99, "Važeći listići": 98, "Nevažeći listići": 1 }, "latitude": 45.2000685, "longitude": 15.2934382, "population": 153 }, "geometry": { "type": "Polygon", "coordinates": [ [ [ 15.295365446396678, 45.22111593160443 ], [ 15.30711011239487, 45.203056917546384 ], [ 15.299040046606263, 45.185942690448513 ], [ 15.275768218871505, 45.206754623299766 ], [ 15.295365446396678, 45.22111593160443 ] ] ] } },
{ "type": "Feature", "properties": { "BM": 4446, "data": { "Oznaka Gr/Op/Dr": "općina", "Grad/općina/država": "BOSILJEVO", "Rbr BM": 2, "Naziv BM": "BIRAČKO MJESTO BR. 2", "Lokacija BM": "GRABRK - VATROGASNI DOM", "Adresa BM": "GRABRK 1", "Glasovalo birača": 193, "Glasovalo birača (po listićima)": 193, "Važeći listići": 184, "Nevažeći listići": 9 }, "latitude": 45.3548301, "longitude": 15.2869461, "population": 260 }, "geometry": { "type": "Polygon", "coordinates": [ [ [ 15.271066544051356, 45.384615543120887 ], [ 15.315630410446458, 45.38403243618739 ], [ 15.317242799694604, 45.339914977763925 ], [ 15.29760660842549, 45.332554037943844 ], [ 15.257068247387835, 45.350599039699517 ], [ 15.271066544051356, 45.384615543120887 ] ] ] } },
{ "type": "Feature", "properties": { "BM": 4527, "data": { "Oznaka Gr/Op/Dr": "općina", "Grad/općina/država": "JOSIPDOL", "Rbr BM": 1, "Naziv BM": "BIRAČKO MJESTO BR. 1", "Lokacija BM": "ZGRADA OPĆINE, JOSIPDOL", "Adresa BM": "OGULINSKA 12", "Glasovalo birača": 581, "Glasovalo birača (po listićima)": 571, "Važeći listići": 550, "Nevažeći listići": 21 }, "latitude": 45.1899382, "longitude": 15.2843787, "population": 939 }, "geometry": { "type": "Polygon", "coordinates": [ [ [ 15.275768218871505, 45.206754623299766 ], [ 15.299040046606263, 45.185942690448513 ], [ 15.299317926040253, 45.17384932931332 ], [ 15.263232965303883, 45.176811282244799 ], [ 15.259099297568406, 45.202239914521478 ], [ 15.275768218871505, 45.206754623299766 ] ] ] } },
{ "type": "Feature", "properties": { "BM": 4767, "data": { "Oznaka Gr/Op/Dr": "općina", "Grad/općina/država": "VOJNIĆ", "Rbr BM": 1, "Naziv BM": "BIRAČKO MJESTO BR. 1", "Lokacija BM": "UTINJA LOVAČKI DOM U MEĐAĐAKU", "Adresa BM": "MEĐEĐAK BB", "Glasovalo birača": 68, "Glasovalo birača (po listićima)": 68, "Važeći listići": 65, "Nevažeći listići": 3 }, "latitude": 45.0933475, "longitude": 15.3503839, "population": 230 }, "geometry": { "type": "Polygon", "coordinates": [ [ [ 15.320224251407398, 45.115211862699809 ], [ 15.423833411653034, 45.141929892933945 ], [ 15.450227118253988, 45.137021099936916 ], [ 15.462229243640657, 45.093830782473823 ], [ 15.385062588516121, 45.004051157432635 ], [ 15.339010957731764, 45.019854726110097 ], [ 15.316155115663198, 45.042302629400517 ], [ 15.296640283357943, 45.07448118313993 ], [ 15.320224251407398, 45.115211862699809 ] ] ] } },
{ "type": "Feature", "properties": { "BM": 4729, "data": { "Oznaka Gr/Op/Dr": "općina", "Grad/općina/država": "TOUNJ", "Rbr BM": 1, "Naziv BM": "BIRAČKO MJESTO BR. 1", "Lokacija BM": "PROSTORIJE KULTURNO-UMJETNIČKOG DRUŠTVA \"TOUNJČICA\"", "Adresa BM": "TOUNJ 26", "Glasovalo birača": 187, "Glasovalo birača (po listićima)": 187, "Važeći listići": 184, "Nevažeći listići": 3 }, "latitude": 45.2524496, "longitude": 15.3225174, "population": 309 }, "geometry": { "type": "Polygon", "coordinates": [ [ [ 15.281508569531338, 45.270250432768272 ], [ 15.32732832171085, 45.285142082098801 ], [ 15.333626065168673, 45.243377406774741 ], [ 15.328354763572793, 45.231636294745186 ], [ 15.299765364330076, 45.236986439804525 ], [ 15.281806884698433, 45.268980626782756 ], [ 15.281508569531338, 45.270250432768272 ] ] ] } },
{ "type": "Feature", "properties": { "BM": 4531, "data": { "Oznaka Gr/Op/Dr": "općina", "Grad/općina/država": "JOSIPDOL", "Rbr BM": 5, "Naziv BM": "BIRAČKO MJESTO BR. 5", "Lokacija BM": "ZGRADA ŠKOLE U CEROVNIKU", "Adresa BM": "CEROVNIK 30", "Glasovalo birača": 87, "Glasovalo birača (po listićima)": 87, "Važeći listići": 83, "Nevažeći listići": 4 }, "latitude": 45.1503565, "longitude": 15.2999014, "population": 121 }, "geometry": { "type": "Polygon", "coordinates": [ [ [ 15.300551961873618, 45.172560047842701 ], [ 15.318636476410662, 45.166449191135939 ], [ 15.316966778426377, 45.124004458572067 ], [ 15.2854709599735, 45.14564434241079 ], [ 15.300551961873618, 45.172560047842701 ] ] ] } },
{ "type": "Feature", "properties": { "BM": 4528, "data": { "Oznaka Gr/Op/Dr": "općina", "Grad/općina/država": "JOSIPDOL", "Rbr BM": 2, "Naziv BM": "BIRAČKO MJESTO BR. 2", "Lokacija BM": "ZGRADA DOMA ''SV. ANTUN'' U CAREVOM POLJU", "Adresa BM": "CAREVO POLJE 41", "Glasovalo birača": 84, "Glasovalo birača (po listićima)": 84, "Važeći listići": 79, "Nevažeći listići": 5 }, "latitude": 45.1906074, "longitude": 15.3135024, "population": 132 }, "geometry": { "type": "Polygon", "coordinates": [ [ [ 15.299317926040253, 45.17384932931332 ], [ 15.299040046606263, 45.185942690448513 ], [ 15.30711011239487, 45.203056917546384 ], [ 15.343911838898059, 45.20013618005796 ], [ 15.350345576409604, 45.183605382535774 ], [ 15.318636476410662, 45.166449191135939 ], [ 15.300551961873618, 45.172560047842701 ], [ 15.299317926040253, 45.17384932931332 ] ] ] } },
{ "type": "Feature", "properties": { "BM": 4499, "data": { "Oznaka Gr/Op/Dr": "općina", "Grad/općina/država": "GENERALSKI STOL", "Rbr BM": 5, "Naziv BM": "BIRAČKO MJESTO BR. 5", "Lokacija BM": "ŠKOLA GORINCI", "Adresa BM": "GORINCI 6", "Glasovalo birača": 133, "Glasovalo birača (po listićima)": 133, "Važeći listići": 132, "Nevažeći listići": 1 }, "latitude": 45.3570019, "longitude": 15.3463699, "population": 221 }, "geometry": { "type": "Polygon", "coordinates": [ [ [ 15.3277369893769, 45.396495263464899 ], [ 15.363014747473724, 45.353255894141334 ], [ 15.351562312974355, 45.331233937818908 ], [ 15.333366127496564, 45.325826650929031 ], [ 15.317242799694604, 45.339914977763925 ], [ 15.315630410446458, 45.38403243618739 ], [ 15.3277369893769, 45.396495263464899 ] ] ] } },
{ "type": "Feature", "properties": { "BM": 4536, "data": { "Oznaka Gr/Op/Dr": "općina", "Grad/općina/država": "JOSIPDOL", "Rbr BM": 10, "Naziv BM": "BIRAČKO MJESTO BR. 10", "Lokacija BM": "ZGRADA DOMA \"SVETI MARKO\"", "Adresa BM": "SKRADNIK 40", "Glasovalo birača": 200, "Glasovalo birača (po listićima)": 200, "Važeći listići": 197, "Nevažeći listići": 3 }, "latitude": 45.2143423, "longitude": 15.3153861, "population": 295 }, "geometry": { "type": "Polygon", "coordinates": [ [ [ 15.295365446396678, 45.22111593160443 ], [ 15.299765364330076, 45.236986439804525 ], [ 15.328354763572793, 45.231636294745186 ], [ 15.344057928104622, 45.212624282435662 ], [ 15.343911838898059, 45.20013618005796 ], [ 15.30711011239487, 45.203056917546384 ], [ 15.295365446396678, 45.22111593160443 ] ] ] } },
{ "type": "Feature", "properties": { "BM": 4534, "data": { "Oznaka Gr/Op/Dr": "općina", "Grad/općina/država": "JOSIPDOL", "Rbr BM": 8, "Naziv BM": "BIRAČKO MJESTO BR. 8", "Lokacija BM": "DRUŠTVENI DOM U VOJNOVCU", "Adresa BM": "VOJNOVAC 5 A", "Glasovalo birača": 46, "Glasovalo birača (po listićima)": 46, "Važeći listići": 44, "Nevažeći listići": 2 }, "latitude": 45.1489345, "longitude": 15.3360495, "population": 99 }, "geometry": { "type": "Polygon", "coordinates": [ [ [ 15.316966778426377, 45.124004458572067 ], [ 15.318636476410662, 45.166449191135939 ], [ 15.350345576409604, 45.183605382535774 ], [ 15.423833411653034, 45.141929892933945 ], [ 15.320224251407398, 45.115211862699809 ], [ 15.316966778426377, 45.124004458572067 ] ] ] } },
{ "type": "Feature", "properties": { "BM": 4788, "data": { "Oznaka Gr/Op/Dr": "općina", "Grad/općina/država": "ŽAKANJE", "Rbr BM": 3, "Naziv BM": "BIRAČKO MJESTO BR. 3 JUROVO", "Lokacija BM": "VATROGASNI DOM JUROVO", "Adresa BM": "JUROVO", "Glasovalo birača": 60, "Glasovalo birača (po listićima)": 60, "Važeći listići": 60, "Nevažeći listići": 0 }, "latitude": 45.6256469, "longitude": 15.3068672, "population": 68 }, "geometry": { "type": "Polygon", "coordinates": [ [ [ 15.3054524, 45.6196062 ], [ 15.3047399, 45.6200689 ], [ 15.3039702, 45.620539 ], [ 15.3032313, 45.6210349 ], [ 15.3026344, 45.6215817 ], [ 15.3021701, 45.6222245 ], [ 15.3018332, 45.6228452 ], [ 15.3016397, 45.6234721 ], [ 15.3016554, 45.6241353 ], [ 15.3018729, 45.6247925 ], [ 15.3021681, 45.6254609 ], [ 15.3024478, 45.6261153 ], [ 15.3026062, 45.6267587 ], [ 15.3024386, 45.6273217 ], [ 15.3022235, 45.6277197 ], [ 15.3018638, 45.6280147 ], [ 15.3014676, 45.6284759 ], [ 15.3014718, 45.6288175 ], [ 15.3016627, 45.6294429 ], [ 15.3018879, 45.629822 ], [ 15.3020244, 45.629973 ], [ 15.3023152, 45.6301787 ], [ 15.3028593, 45.6305506 ], [ 15.3040352, 45.6313185 ], [ 15.3042867, 45.631478 ], [ 15.3054194, 45.6320649 ], [ 15.3060805, 45.6323129 ], [ 15.3064398, 45.6324086 ], [ 15.3072954, 45.6325301 ], [ 15.3075119, 45.6325419 ], [ 15.3082026, 45.6326233 ], [ 15.3096308, 45.6329057 ], [ 15.3100577, 45.632914 ], [ 15.3104623, 45.6329424 ], [ 15.3107695, 45.6330099 ], [ 15.31094491005396, 45.633049793702483 ], [ 15.314785040926459, 45.626404988240537 ], [ 15.305742088348381, 45.619340026431971 ], [ 15.3054524, 45.6196062 ] ] ] } },
{ "type": "Feature", "properties": { "BM": 4479, "data": { "Oznaka Gr/Op/Dr": "općina", "Grad/općina/država": "DRAGANIĆ", "Rbr BM": 4, "Naziv BM": "BIRAČKO MJESTO BR. 4", "Lokacija BM": "VATROGASNI DOM MRZLJAKI-GOLJAK", "Adresa BM": "MRZLJAKI 3", "Glasovalo birača": 463, "Glasovalo birača (po listićima)": 461, "Važeći listići": 446, "Nevažeći listići": 15 }, "latitude": 45.5343431, "longitude": 15.3235553, "population": 784 }, "geometry": { "type": "Polygon", "coordinates": [ [ [ 15.3265922, 45.5180107 ], [ 15.3262295, 45.5192508 ], [ 15.3258357, 45.5198394 ], [ 15.3252105, 45.5203441 ], [ 15.3245054, 45.5207662 ], [ 15.3238148, 45.5210205 ], [ 15.3227367, 45.5214176 ], [ 15.3216516, 45.5216778 ], [ 15.317361, 45.5217491 ], [ 15.3164119, 45.5219448 ], [ 15.3155682, 45.5223 ], [ 15.314959, 45.5228991 ], [ 15.3139793, 45.5242054 ], [ 15.3135779, 45.5249471 ], [ 15.313342, 45.525684 ], [ 15.313282, 45.5271579 ], [ 15.3135516, 45.5279653 ], [ 15.3138862, 45.5287449 ], [ 15.3140152, 45.5298637 ], [ 15.3140197, 45.5299647 ], [ 15.3140434, 45.5300939 ], [ 15.3140669, 45.5302078 ], [ 15.3140571, 45.5305915 ], [ 15.3140841, 45.5311478 ], [ 15.3140842, 45.5315374 ], [ 15.3139534, 45.5317486 ], [ 15.3137221, 45.5319102 ], [ 15.3134785, 45.5320807 ], [ 15.3132497, 45.5322138 ], [ 15.3131071, 45.5322718 ], [ 15.3128836, 45.5323391 ], [ 15.3125877, 45.532361 ], [ 15.3123785, 45.5323515 ], [ 15.3119286, 45.5323002 ], [ 15.3112846, 45.5322152 ], [ 15.3103843, 45.5320754 ], [ 15.3096062, 45.5319737 ], [ 15.3092908, 45.531943 ], [ 15.3085229, 45.5319083 ], [ 15.307556, 45.5319313 ], [ 15.3061169, 45.5322114 ], [ 15.305798, 45.5326107 ], [ 15.3056317, 45.5327742 ], [ 15.3051496, 45.5333633 ], [ 15.3049043, 45.533644 ], [ 15.3046855, 45.5338411 ], [ 15.304084, 45.5340893 ], [ 15.3038194, 45.5341917 ], [ 15.303571, 45.5343338 ], [ 15.3030563, 45.5347232 ], [ 15.3025038, 45.5351876 ], [ 15.3020789, 45.5356164 ], [ 15.3016622, 45.5360919 ], [ 15.3015148, 45.5363084 ], [ 15.3012076, 45.5367152 ], [ 15.3008732, 45.5376806 ], [ 15.3008628, 45.5381009 ], [ 15.3009882, 45.5385156 ], [ 15.3010243, 45.5387701 ], [ 15.3011848, 45.539838 ], [ 15.3012831, 45.5401831 ], [ 15.3014346, 45.541026 ], [ 15.3014727, 45.5412273 ], [ 15.3014614, 45.5419585 ], [ 15.3014352, 45.5424844 ], [ 15.3011779, 45.5431164 ], [ 15.300587, 45.5442708 ], [ 15.2994861, 45.5458004 ], [ 15.2990722, 45.5470047 ], [ 15.2990257, 45.5482284 ], [ 15.299048066203088, 45.548916192880313 ], [ 15.321296307138724, 45.560036503531443 ], [ 15.345326490753337, 45.53518168015674 ], [ 15.326709053961675, 45.517287729281691 ], [ 15.3265922, 45.5180107 ] ] ] } },
{ "type": "Feature", "properties": { "BM": 4790, "data": { "Oznaka Gr/Op/Dr": "općina", "Grad/općina/država": "ŽAKANJE", "Rbr BM": 5, "Naziv BM": "BIRAČKO MJESTO BR. 5 BRIHOVO", "Lokacija BM": "VATROGASNI DOM BRIHOVO", "Adresa BM": "BRIHOVO", "Glasovalo birača": 101, "Glasovalo birača (po listićima)": 101, "Važeći listići": 96, "Nevažeći listići": 5 }, "latitude": 45.6098495, "longitude": 15.3166949, "population": 132 }, "geometry": { "type": "Polygon", "coordinates": [ [ [ 15.308418964604559, 45.611358143984617 ], [ 15.326359511215538, 45.620393691299455 ], [ 15.326729573300028, 45.620350318148212 ], [ 15.326926518600049, 45.607465696491801 ], [ 15.314786887081887, 45.593056306224241 ], [ 15.308418964604559, 45.611358143984617 ] ] ] } },
{ "type": "Feature", "properties": { "BM": 4789, "data": { "Oznaka Gr/Op/Dr": "općina", "Grad/općina/država": "ŽAKANJE", "Rbr BM": 4, "Naziv BM": "BIRAČKO MJESTO BR. 4 MIŠINCI", "Lokacija BM": "VATROGASNI DOM MIŠINCI", "Adresa BM": "MIŠINCI", "Glasovalo birača": 74, "Glasovalo birača (po listićima)": 74, "Važeći listići": 72, "Nevažeći listići": 2 }, "latitude": 45.6189058, "longitude": 15.3121338, "population": 96 }, "geometry": { "type": "Polygon", "coordinates": [ [ [ 15.3068718, 45.6131642 ], [ 15.3075393, 45.6136247 ], [ 15.3080799, 45.6141476 ], [ 15.3082439, 45.6147036 ], [ 15.3079293, 45.6152015 ], [ 15.3075651, 45.615787 ], [ 15.3072113, 45.6163747 ], [ 15.3068448, 45.6170286 ], [ 15.3066571, 45.6177121 ], [ 15.3064624, 45.6183791 ], [ 15.3060425, 45.619064 ], [ 15.305742088348383, 45.619340026431971 ], [ 15.305742088348381, 45.619340026431971 ], [ 15.314785040926459, 45.626404988240537 ], [ 15.326359511215538, 45.620393691299455 ], [ 15.308418964604559, 45.611358143984617 ], [ 15.306203462404522, 45.61283863356735 ], [ 15.3068718, 45.6131642 ] ] ] } },
{ "type": "Feature", "properties": { "BM": 4792, "data": { "Oznaka Gr/Op/Dr": "općina", "Grad/općina/država": "ŽAKANJE", "Rbr BM": 7, "Naziv BM": "BIRAČKO MJESTO BR. 7 KOHANJAC", "Lokacija BM": "VATROGASNI DOM KOHANJAC", "Adresa BM": "KOHANJAC", "Glasovalo birača": 54, "Glasovalo birača (po listićima)": 54, "Važeći listići": 54, "Nevažeći listići": 0 }, "latitude": 45.5977872, "longitude": 15.3310125, "population": 76 }, "geometry": { "type": "Polygon", "coordinates": [ [ [ 15.314786887081887, 45.593056306224241 ], [ 15.326926518600049, 45.607465696491801 ], [ 15.350689474095129, 45.595812651457969 ], [ 15.326149409056345, 45.574012864154611 ], [ 15.314212937875418, 45.590828455612524 ], [ 15.314786887081887, 45.593056306224241 ] ] ] } },
{ "type": "Feature", "properties": { "BM": 4272, "data": { "Oznaka Gr/Op/Dr": "grad", "Grad/općina/država": "OZALJ", "Rbr BM": 26, "Naziv BM": "BIRAČKO MJESTO BROJ 26 KAŠT", "Lokacija BM": "VATROGASNI DOM", "Adresa BM": "KAŠT", "Glasovalo birača": 41, "Glasovalo birača (po listićima)": 41, "Važeći listići": 40, "Nevažeći listići": 1 }, "latitude": 45.6980152, "longitude": 15.3695778, "population": 87 }, "geometry": { "type": "Polygon", "coordinates": [ [ [ 15.3725389, 45.6825096 ], [ 15.3720087, 45.6829932 ], [ 15.3717256, 45.6832097 ], [ 15.3715904, 45.6833029 ], [ 15.3711619, 45.6834572 ], [ 15.3709592, 45.6836657 ], [ 15.3707875, 45.6839304 ], [ 15.3706179, 45.684236 ], [ 15.3706713, 45.6843799 ], [ 15.3705093, 45.6848729 ], [ 15.3704492, 45.6849331 ], [ 15.3701975, 45.6849854 ], [ 15.3701156, 45.6851115 ], [ 15.3700748, 45.6851063 ], [ 15.3700622, 45.6851064 ], [ 15.3700153, 45.6850979 ], [ 15.369965, 45.6850981 ], [ 15.3696765, 45.6850935 ], [ 15.3696296, 45.6851114 ], [ 15.3692833, 45.6852301 ], [ 15.3689493, 45.6853575 ], [ 15.368681, 45.6854538 ], [ 15.3689465, 45.6856125 ], [ 15.3690304, 45.6857877 ], [ 15.3690662, 45.6858995 ], [ 15.3691584, 45.6859955 ], [ 15.3692263, 45.6861424 ], [ 15.3692226, 45.6863446 ], [ 15.3692026, 45.6865007 ], [ 15.3691669, 45.6866438 ], [ 15.3692422, 45.6868829 ], [ 15.3693173, 45.6871219 ], [ 15.369357, 45.6872579 ], [ 15.3694395, 45.6875957 ], [ 15.3694629, 45.6876944 ], [ 15.3694892, 45.6877888 ], [ 15.3694958, 45.6878172 ], [ 15.3696375, 45.6881314 ], [ 15.3698232, 45.6884019 ], [ 15.3698661, 45.6885532 ], [ 15.3700069, 45.6887807 ], [ 15.3700489, 45.6888837 ], [ 15.3700876, 45.6889648 ], [ 15.3701414, 45.68925 ], [ 15.3701688, 45.6894278 ], [ 15.3702294, 45.6897503 ], [ 15.3699551, 45.6898486 ], [ 15.3699526, 45.689919 ], [ 15.3699492, 45.6901341 ], [ 15.3699488, 45.6903407 ], [ 15.3699526, 45.6903976 ], [ 15.3699472, 45.690446 ], [ 15.3699883, 45.6904896 ], [ 15.3700453, 45.6905508 ], [ 15.370179, 45.6906927 ], [ 15.3702713, 45.6907888 ], [ 15.3707121, 45.6909462 ], [ 15.3710267, 45.691054 ], [ 15.3712254, 45.6911427 ], [ 15.3713799, 45.6912056 ], [ 15.3716636, 45.6913312 ], [ 15.3719191, 45.6914416 ], [ 15.3719662, 45.6914612 ], [ 15.3717782, 45.6917279 ], [ 15.3714334, 45.6919518 ], [ 15.3714052, 45.6919651 ], [ 15.3713741, 45.6919829 ], [ 15.3712747, 45.6920473 ], [ 15.3709947, 45.691897 ], [ 15.3708424, 45.6918085 ], [ 15.3706255, 45.6920184 ], [ 15.3704275, 45.6922172 ], [ 15.3703597, 45.6922857 ], [ 15.3702111, 45.6923582 ], [ 15.3702103, 45.692381 ], [ 15.3701291, 45.6923712 ], [ 15.3700722, 45.6923643 ], [ 15.3700484, 45.6923729 ], [ 15.369988, 45.6923912 ], [ 15.3699292, 45.69244 ], [ 15.3698949, 45.6924623 ], [ 15.3698457, 45.692535 ], [ 15.3698523, 45.6925679 ], [ 15.3698983, 45.6927192 ], [ 15.3699034, 45.6928796 ], [ 15.3697489, 45.6930433 ], [ 15.3695551, 45.6930689 ], [ 15.3695081, 45.6930803 ], [ 15.3694428, 45.6931247 ], [ 15.3693533, 45.6932242 ], [ 15.3692546, 45.6933436 ], [ 15.3692206, 45.6933791 ], [ 15.36917, 45.6933443 ], [ 15.3690404, 45.6932595 ], [ 15.3689637, 45.6931545 ], [ 15.3689106, 45.6931616 ], [ 15.3688165, 45.6931579 ], [ 15.3687154, 45.693097 ], [ 15.3686361, 45.6930164 ], [ 15.3685724, 45.6929488 ], [ 15.3684265, 45.6928289 ], [ 15.3681482, 45.6926401 ], [ 15.3680626, 45.6925574 ], [ 15.3680664, 45.6923925 ], [ 15.368063, 45.6923618 ], [ 15.3679758, 45.6921538 ], [ 15.3679552, 45.6920199 ], [ 15.3679197, 45.6917126 ], [ 15.3678953, 45.6915194 ], [ 15.3678805, 45.6913548 ], [ 15.3678033, 45.6912016 ], [ 15.3678331, 45.6910938 ], [ 15.3678542, 45.6910255 ], [ 15.3678779, 45.6909264 ], [ 15.3679225, 45.6907371 ], [ 15.3679063, 45.6904581 ], [ 15.3679219, 45.6904514 ], [ 15.3682686, 45.6903368 ], [ 15.3685619, 45.6902358 ], [ 15.3687772, 45.6901641 ], [ 15.3686477, 45.6900837 ], [ 15.3684859, 45.6899354 ], [ 15.368356, 45.6898265 ], [ 15.3682672, 45.6897568 ], [ 15.3682095, 45.6899072 ], [ 15.3680066, 45.6900278 ], [ 15.3679579, 45.6900536 ], [ 15.3678852, 45.6901509 ], [ 15.3676848, 45.6900203 ], [ 15.3675212, 45.6899123 ], [ 15.3673903, 45.68983 ], [ 15.3672758, 45.689759 ], [ 15.3671776, 45.6896993 ], [ 15.3670834, 45.6896169 ], [ 15.3670179, 45.6895628 ], [ 15.3669441, 45.6894946 ], [ 15.3668825, 45.6894234 ], [ 15.3668332, 45.6893608 ], [ 15.3667757, 45.6892867 ], [ 15.3666532, 45.68923 ], [ 15.3665429, 45.689179 ], [ 15.3663634, 45.6891482 ], [ 15.3658509, 45.6892412 ], [ 15.3655693, 45.6891707 ], [ 15.365296, 45.6890974 ], [ 15.3651162, 45.6890095 ], [ 15.3649936, 45.6889528 ], [ 15.3648547, 45.6888904 ], [ 15.3647279, 45.6888023 ], [ 15.3644946, 45.6886375 ], [ 15.3640568, 45.6883306 ], [ 15.3638642, 45.6881542 ], [ 15.3638146, 45.6880316 ], [ 15.3638184, 45.6879888 ], [ 15.3638262, 45.6879374 ], [ 15.3638299, 45.6878889 ], [ 15.3638297, 45.687846 ], [ 15.3638335, 45.6878118 ], [ 15.3638171, 45.6877919 ], [ 15.3637966, 45.6877662 ], [ 15.3637801, 45.6877434 ], [ 15.3637553, 45.6877106 ], [ 15.363714, 45.6876605 ], [ 15.3636726, 45.6875885 ], [ 15.3636424, 45.6875157 ], [ 15.3636172, 45.6874498 ], [ 15.3636433, 45.6873923 ], [ 15.3636681, 45.6873393 ], [ 15.3636991, 45.6872599 ], [ 15.3636989, 45.6872246 ], [ 15.3636858, 45.6871541 ], [ 15.3635729, 45.6872118 ], [ 15.3634225, 45.6872916 ], [ 15.3632598, 45.6874333 ], [ 15.3630642, 45.6873501 ], [ 15.3629065, 45.6872889 ], [ 15.3626983, 45.6871969 ], [ 15.3628037, 45.6869497 ], [ 15.3627651, 45.6868263 ], [ 15.3627138, 45.6866765 ], [ 15.3626495, 45.6864695 ], [ 15.3625532, 45.6861744 ], [ 15.3624953, 45.6859761 ], [ 15.3624885, 45.6858879 ], [ 15.3625003, 45.6857688 ], [ 15.3624616, 45.6856234 ], [ 15.362542, 45.6854115 ], [ 15.3626039, 45.6852614 ], [ 15.3626782, 45.6850671 ], [ 15.3627216, 45.6849788 ], [ 15.3627528, 45.6849258 ], [ 15.3627838, 45.6848595 ], [ 15.3628272, 45.6847712 ], [ 15.3629703, 45.6845106 ], [ 15.3630262, 45.6844046 ], [ 15.363107, 45.6842544 ], [ 15.3631629, 45.6841396 ], [ 15.3632065, 45.6840689 ], [ 15.3632623, 45.6839496 ], [ 15.3632867, 45.6838261 ], [ 15.3632988, 45.6837643 ], [ 15.3633118, 45.683728 ], [ 15.3632991, 45.6837193 ], [ 15.3633019, 45.6836754 ], [ 15.3634145, 45.6836485 ], [ 15.3632536, 45.6835725 ], [ 15.3634178, 45.683385 ], [ 15.3632967, 45.6832234 ], [ 15.3633745, 45.6831745 ], [ 15.3632355, 45.68307 ], [ 15.3633874, 45.6829373 ], [ 15.363283, 45.682872 ], [ 15.3633, 45.6827423 ], [ 15.3632647, 45.6826722 ], [ 15.3631855, 45.6823871 ], [ 15.3631374, 45.6822863 ], [ 15.3630409, 45.6821154 ], [ 15.3629125, 45.6819008 ], [ 15.3627817, 45.68175 ], [ 15.3627417, 45.68157 ], [ 15.3627045, 45.6813637 ], [ 15.3626914, 45.6813264 ], [ 15.3626711, 45.6809749 ], [ 15.3626845, 45.6807947 ], [ 15.3627661, 45.6805656 ], [ 15.362805, 45.6804248 ], [ 15.3628222, 45.6803103 ], [ 15.3628361, 45.6801631 ], [ 15.362994, 45.6799865 ], [ 15.3629254, 45.6794908 ], [ 15.3630282, 45.6792201 ], [ 15.3629685, 45.6789744 ], [ 15.3629331, 45.6784345 ], [ 15.3629031, 45.6780594 ], [ 15.3616542, 45.6773619 ], [ 15.3613296, 45.677182 ], [ 15.3610675, 45.6770367 ], [ 15.3606415, 45.6768024 ], [ 15.3606381, 45.6767739 ], [ 15.3605804, 45.6766822 ], [ 15.3605326, 45.6766211 ], [ 15.3605136, 45.6765926 ], [ 15.360472, 45.6765314 ], [ 15.3604338, 45.6764746 ], [ 15.3603571, 45.6763676 ], [ 15.3603123, 45.6762933 ], [ 15.3602005, 45.6761316 ], [ 15.3601015, 45.675994 ], [ 15.3599642, 45.675793 ], [ 15.359881, 45.6756662 ], [ 15.3598769, 45.6758331 ], [ 15.3598771, 45.6758462 ], [ 15.3598746, 45.6758945 ], [ 15.3598273, 45.676103 ], [ 15.3598161, 45.6762018 ], [ 15.3597188, 45.6766736 ], [ 15.3598098, 45.6771506 ], [ 15.3598578, 45.6774636 ], [ 15.3590693, 45.6774902 ], [ 15.3590564, 45.6774618 ], [ 15.3589951, 45.6773199 ], [ 15.3589203, 45.6771211 ], [ 15.3574492, 45.6769292 ], [ 15.3573614, 45.6769166 ], [ 15.3580534, 45.6762681 ], [ 15.3581058, 45.6762151 ], [ 15.3581581, 45.6761424 ], [ 15.3586816, 45.6754722 ], [ 15.3586936, 45.6754436 ], [ 15.3586999, 45.6753774 ], [ 15.3586552, 45.6753536 ], [ 15.3586115, 45.6753352 ], [ 15.3584583, 45.6752928 ], [ 15.3583562, 45.6752715 ], [ 15.3582536, 45.6752657 ], [ 15.3581346, 45.6752832 ], [ 15.3580864, 45.6752748 ], [ 15.3580026, 45.6753007 ], [ 15.3579587, 45.6753361 ], [ 15.3577366, 45.6754321 ], [ 15.3576355, 45.6754819 ], [ 15.3574417, 45.6756193 ], [ 15.3573457, 45.6756985 ], [ 15.3573008, 45.675748 ], [ 15.3572274, 45.6758874 ], [ 15.3571438, 45.6759647 ], [ 15.3570449, 45.6760574 ], [ 15.3569742, 45.676139 ], [ 15.3568294, 45.6763043 ], [ 15.3567125, 45.6764409 ], [ 15.3565325, 45.676359 ], [ 15.3559994, 45.6761528 ], [ 15.3556034, 45.6765737 ], [ 15.3555062, 45.6766549 ], [ 15.3553955, 45.6766927 ], [ 15.3553068, 45.6767022 ], [ 15.3551425, 45.6767027 ], [ 15.3550538, 45.676703 ], [ 15.3549207, 45.6767252 ], [ 15.3548319, 45.6767318 ], [ 15.3546632, 45.6767323 ], [ 15.3544105, 45.6767673 ], [ 15.3543305, 45.6767707 ], [ 15.3542371, 45.6767305 ], [ 15.353885, 45.6765386 ], [ 15.3539732, 45.6764388 ], [ 15.3540573, 45.676398 ], [ 15.3541409, 45.6762826 ], [ 15.3541844, 45.6761362 ], [ 15.354203, 45.6760512 ], [ 15.3541323, 45.6758781 ], [ 15.354079, 45.6753799 ], [ 15.3542554, 45.6752714 ], [ 15.354302, 45.6752142 ], [ 15.3544589, 45.6750218 ], [ 15.3546001, 45.6747924 ], [ 15.3547414, 45.6745673 ], [ 15.3548672, 45.6743666 ], [ 15.3549721, 45.6742582 ], [ 15.3550403, 45.6741831 ], [ 15.3551673, 45.6740723 ], [ 15.3552048, 45.674048 ], [ 15.3552508, 45.6739839 ], [ 15.3553496, 45.6738667 ], [ 15.3553675, 45.6737919 ], [ 15.3554475, 45.6734332 ], [ 15.3552788, 45.6732568 ], [ 15.3547365, 45.672996 ], [ 15.3543738, 45.672827 ], [ 15.35383387707275, 45.672524430831501 ], [ 15.353833877072747, 45.672524430831501 ], [ 15.353833877072743, 45.672524430831501 ], [ 15.349003564825006, 45.6737780910765 ], [ 15.3490278, 45.673847 ], [ 15.3490656, 45.6740006 ], [ 15.3491742, 45.6743891 ], [ 15.3492749, 45.6747072 ], [ 15.3492816, 45.6747336 ], [ 15.3492884, 45.6747555 ], [ 15.3493864, 45.675111 ], [ 15.3494207, 45.6752582 ], [ 15.3494481, 45.6753657 ], [ 15.3494856, 45.6755172 ], [ 15.3495515, 45.6758312 ], [ 15.3495553, 45.675862 ], [ 15.3495718, 45.6759036 ], [ 15.349414, 45.6763387 ], [ 15.3492776, 45.6767494 ], [ 15.3490998, 45.6772859 ], [ 15.3490909, 45.6773145 ], [ 15.348293, 45.6777823 ], [ 15.3480414, 45.6779278 ], [ 15.348168, 45.6779771 ], [ 15.3484657, 45.6780909 ], [ 15.3486741, 45.6781504 ], [ 15.3491539, 45.6782733 ], [ 15.3495644, 45.678386 ], [ 15.3501072, 45.6786711 ], [ 15.3500402, 45.6787774 ], [ 15.3499855, 45.6788703 ], [ 15.3498275, 45.6791338 ], [ 15.3498219, 45.6791733 ], [ 15.3497981, 45.6792397 ], [ 15.349771, 45.6792994 ], [ 15.3497565, 45.6793589 ], [ 15.3497419, 45.679414 ], [ 15.3497343, 45.6795087 ], [ 15.3497395, 45.6797684 ], [ 15.3497852, 45.6798253 ], [ 15.3497463, 45.6799823 ], [ 15.3497159, 45.680082 ], [ 15.3496845, 45.6801642 ], [ 15.3496531, 45.6802309 ], [ 15.3496155, 45.6802799 ], [ 15.3495847, 45.6803399 ], [ 15.3495765, 45.6803993 ], [ 15.349575, 45.6804918 ], [ 15.3495706, 45.6805842 ], [ 15.3496374, 45.6806232 ], [ 15.3496947, 45.68066 ], [ 15.3502896, 45.6810218 ], [ 15.3510796, 45.6815271 ], [ 15.3511432, 45.6815638 ], [ 15.351104, 45.6816369 ], [ 15.3510586, 45.6817143 ], [ 15.351016, 45.6817874 ], [ 15.3509831, 45.6818581 ], [ 15.3509588, 45.6819024 ], [ 15.3509125, 45.6819491 ], [ 15.3508694, 45.6819957 ], [ 15.3508387, 45.6820246 ], [ 15.3508204, 45.6820513 ], [ 15.3510973, 45.6822195 ], [ 15.3513273, 45.6824932 ], [ 15.3514846, 45.6828045 ], [ 15.3512579, 45.6828546 ], [ 15.3506512, 45.6829999 ], [ 15.3503684, 45.6826643 ], [ 15.3503095, 45.6827294 ], [ 15.3500856, 45.6833241 ], [ 15.3501973, 45.6834043 ], [ 15.3504036, 45.6835526 ], [ 15.3504941, 45.6835891 ], [ 15.3511094, 45.683772 ], [ 15.3518034, 45.6840379 ], [ 15.3517274, 45.6841389 ], [ 15.3516322, 45.6842714 ], [ 15.3517637, 45.6844219 ], [ 15.3517169, 45.6844654 ], [ 15.3516063, 45.6845681 ], [ 15.3520844, 45.6848746 ], [ 15.3522143, 45.6849616 ], [ 15.3522582, 45.6849504 ], [ 15.3527103, 45.6851955 ], [ 15.3530819, 45.6853071 ], [ 15.3533119, 45.6853824 ], [ 15.3537057, 45.6855115 ], [ 15.3537876, 45.685535 ], [ 15.3538821, 45.685576 ], [ 15.354115, 45.6856381 ], [ 15.3542477, 45.6857206 ], [ 15.354374, 45.6857855 ], [ 15.3545092, 45.6858044 ], [ 15.3546444, 45.6858517 ], [ 15.3547073, 45.6858667 ], [ 15.3548749, 45.6855186 ], [ 15.3549945, 45.6855441 ], [ 15.3552398, 45.6855995 ], [ 15.3554502, 45.6856485 ], [ 15.3553732, 45.6859543 ], [ 15.3553673, 45.685985 ], [ 15.3547487, 45.6859081 ], [ 15.3546986, 45.6859239 ], [ 15.3546736, 45.6861721 ], [ 15.3548869, 45.6863925 ], [ 15.3550809, 45.6863625 ], [ 15.3551859, 45.6864738 ], [ 15.3553027, 45.6865279 ], [ 15.3555557, 45.6864579 ], [ 15.355565, 45.6862339 ], [ 15.3555734, 45.6861526 ], [ 15.3556029, 45.6860317 ], [ 15.3556057, 45.6860053 ], [ 15.3557059, 45.6855567 ], [ 15.355859, 45.6855293 ], [ 15.3560215, 45.6854951 ], [ 15.3561339, 45.6854724 ], [ 15.3563613, 45.6860241 ], [ 15.3568948, 45.6858732 ], [ 15.3571849, 45.6857855 ], [ 15.3575657, 45.6856972 ], [ 15.3580538, 45.6854391 ], [ 15.3580267, 45.6852834 ], [ 15.3581231, 45.6850348 ], [ 15.3584589, 45.6848548 ], [ 15.3585431, 45.6848345 ], [ 15.3586743, 45.6848116 ], [ 15.3587403, 45.6848265 ], [ 15.3588441, 45.6848609 ], [ 15.3590079, 45.6849124 ], [ 15.3590424, 45.6849187 ], [ 15.3592557, 45.6849457 ], [ 15.3595046, 45.6850492 ], [ 15.3596743, 45.6848725 ], [ 15.3597946, 45.6847488 ], [ 15.3600115, 45.6848108 ], [ 15.3602378, 45.6848751 ], [ 15.360486, 45.6851518 ], [ 15.3607639, 45.6855098 ], [ 15.3608244, 45.6855862 ], [ 15.3608673, 45.6859459 ], [ 15.3611089, 45.6861921 ], [ 15.3612395, 45.686334 ], [ 15.3613365, 45.6865308 ], [ 15.3611905, 45.6866196 ], [ 15.3609605, 45.6871964 ], [ 15.3609031, 45.6873286 ], [ 15.3607604, 45.687424 ], [ 15.3606614, 45.6874993 ], [ 15.3609136, 45.6882635 ], [ 15.3609511, 45.6884693 ], [ 15.3609761, 45.6884714 ], [ 15.3609831, 45.6885219 ], [ 15.3610005, 45.6886489 ], [ 15.361018, 45.6887585 ], [ 15.3610349, 45.6888505 ], [ 15.3610587, 45.6889906 ], [ 15.3610825, 45.6891242 ], [ 15.3611063, 45.6892468 ], [ 15.3611191, 45.6892774 ], [ 15.3612205, 45.6893621 ], [ 15.3612495, 45.6894057 ], [ 15.3613296, 45.689552 ], [ 15.3613521, 45.6895782 ], [ 15.3618424, 45.6899494 ], [ 15.3618611, 45.6899581 ], [ 15.3621277, 45.6899848 ], [ 15.3621532, 45.6899999 ], [ 15.3621758, 45.6900633 ], [ 15.3621917, 45.6900718 ], [ 15.3624269, 45.6901075 ], [ 15.362449, 45.6901184 ], [ 15.3624783, 45.690197 ], [ 15.3626995, 45.6903532 ], [ 15.3627594, 45.6903901 ], [ 15.3628882, 45.6904134 ], [ 15.3629168, 45.6904373 ], [ 15.3630667, 45.6906466 ], [ 15.3631656, 45.6907729 ], [ 15.3632296, 45.6908841 ], [ 15.3632682, 45.690956 ], [ 15.3633132, 45.6910367 ], [ 15.3633644, 45.6911305 ], [ 15.363393, 45.6911632 ], [ 15.3637976, 45.6914541 ], [ 15.3638326, 45.6914866 ], [ 15.3638612, 45.6915106 ], [ 15.3639968, 45.6915777 ], [ 15.364066, 45.6916145 ], [ 15.3641014, 45.6916755 ], [ 15.3641336, 45.6917475 ], [ 15.3641851, 45.6918502 ], [ 15.3642239, 45.6919332 ], [ 15.3642529, 45.6919942 ], [ 15.3642409, 45.6920315 ], [ 15.3642134, 45.6920885 ], [ 15.3642233, 45.6921345 ], [ 15.3642464, 45.692211 ], [ 15.3642379, 45.6922746 ], [ 15.3642262, 45.6923424 ], [ 15.3642328, 45.6923665 ], [ 15.3643125, 45.6924515 ], [ 15.364322, 45.6924733 ], [ 15.3643325, 45.6925543 ], [ 15.3643489, 45.6926046 ], [ 15.3643912, 45.6927183 ], [ 15.3644236, 45.6927991 ], [ 15.3644498, 45.6928713 ], [ 15.3644732, 45.692974 ], [ 15.3644837, 45.6930552 ], [ 15.3644809, 45.6930815 ], [ 15.3644341, 45.6930949 ], [ 15.3644253, 45.6931344 ], [ 15.3643951, 45.6932179 ], [ 15.3643895, 45.6932552 ], [ 15.3644173, 45.6934454 ], [ 15.3644053, 45.6934695 ], [ 15.3643463, 45.6935293 ], [ 15.3643407, 45.6935578 ], [ 15.3643263, 45.6936503 ], [ 15.3643146, 45.6937075 ], [ 15.3642562, 45.6937804 ], [ 15.364179, 45.6938533 ], [ 15.3641604, 45.6938777 ], [ 15.3640927, 45.6939594 ], [ 15.3640837, 45.693988 ], [ 15.36406, 45.6940848 ], [ 15.3640542, 45.6941179 ], [ 15.3640146, 45.6942016 ], [ 15.3640058, 45.6942303 ], [ 15.3638555, 45.6944577 ], [ 15.3638065, 45.6945415 ], [ 15.3638418, 45.6946094 ], [ 15.3638867, 45.6946772 ], [ 15.3639407, 45.6947253 ], [ 15.3640233, 45.6948127 ], [ 15.3641343, 45.6949331 ], [ 15.364223, 45.6950205 ], [ 15.3642739, 45.6950795 ], [ 15.3643819, 45.6952087 ], [ 15.3644868, 45.6953401 ], [ 15.3645633, 45.6954474 ], [ 15.3646146, 45.6955461 ], [ 15.3645725, 45.6956739 ], [ 15.3645514, 45.6957356 ], [ 15.3646185, 45.6958363 ], [ 15.3646766, 45.6959387 ], [ 15.3647003, 45.696026 ], [ 15.3647147, 45.6961244 ], [ 15.3647624, 45.6961701 ], [ 15.3647691, 45.6961941 ], [ 15.3647769, 45.6962796 ], [ 15.3647027, 45.696346 ], [ 15.3646937, 45.696379 ], [ 15.3647819, 45.6965867 ], [ 15.3647491, 45.6967097 ], [ 15.3647499, 45.6967338 ], [ 15.3647837, 45.6968626 ], [ 15.3648101, 45.6969325 ], [ 15.3648398, 45.6970088 ], [ 15.3648135, 45.697112 ], [ 15.3647994, 45.6971932 ], [ 15.3647975, 45.6972589 ], [ 15.3647786, 45.6972613 ], [ 15.3646221, 45.6973 ], [ 15.364453, 45.6973433 ], [ 15.3640858, 45.6973841 ], [ 15.3640546, 45.6973909 ], [ 15.3642851, 45.6976121 ], [ 15.3643686, 45.6976945 ], [ 15.3643785, 45.6977163 ], [ 15.3642925, 45.6979777 ], [ 15.3642592, 45.6980459 ], [ 15.3639312, 45.6983317 ], [ 15.3637882, 45.6984274 ], [ 15.3637565, 45.6985744 ], [ 15.3637471, 45.698581 ], [ 15.3636377, 45.6986216 ], [ 15.3634011, 45.6987597 ], [ 15.3633418, 45.6987955 ], [ 15.3632734, 45.6988377 ], [ 15.3629205, 45.6989835 ], [ 15.3628207, 45.6990414 ], [ 15.3624907, 45.6992308 ], [ 15.3624254, 45.6992687 ], [ 15.3623305, 45.699241 ], [ 15.3621031, 45.6991795 ], [ 15.3618161, 45.6990985 ], [ 15.3617589, 45.6990573 ], [ 15.3616985, 45.6990052 ], [ 15.3615621, 45.6988987 ], [ 15.3615804, 45.6988723 ], [ 15.3614553, 45.6987973 ], [ 15.3611787, 45.6986118 ], [ 15.3608883, 45.6984402 ], [ 15.3608501, 45.6984163 ], [ 15.3608118, 45.6983529 ], [ 15.3608053, 45.6983311 ], [ 15.3607636, 45.6982676 ], [ 15.3607099, 45.6982327 ], [ 15.360312, 45.6980049 ], [ 15.3600779, 45.6978748 ], [ 15.3599545, 45.6977879 ], [ 15.3597392, 45.6976404 ], [ 15.3597487, 45.6976315 ], [ 15.3595873, 45.6975405 ], [ 15.359429, 45.6974406 ], [ 15.3593535, 45.6974083 ], [ 15.3592972, 45.6974153 ], [ 15.3589531, 45.6974549 ], [ 15.358459, 45.6975041 ], [ 15.3582984, 45.6976698 ], [ 15.3582644, 45.6976964 ], [ 15.3581855, 45.6978683 ], [ 15.3581372, 45.6979983 ], [ 15.3580201, 45.6981463 ], [ 15.3577862, 45.6984335 ], [ 15.3575726, 45.6986064 ], [ 15.3574922, 45.6986797 ], [ 15.3573748, 45.6988012 ], [ 15.35732, 45.6989115 ], [ 15.3572934, 45.6990215 ], [ 15.3572915, 45.6991072 ], [ 15.3573176, 45.6991794 ], [ 15.3573441, 45.6992539 ], [ 15.3573764, 45.6993393 ], [ 15.3573492, 45.6996228 ], [ 15.3573551, 45.6998094 ], [ 15.3573598, 45.6999235 ], [ 15.3573579, 45.7000113 ], [ 15.3573589, 45.7000683 ], [ 15.3574011, 45.7001735 ], [ 15.3574081, 45.7002239 ], [ 15.3574475, 45.7003554 ], [ 15.3574839, 45.7004911 ], [ 15.3575236, 45.7006248 ], [ 15.3575398, 45.700662 ], [ 15.3576315, 45.7007228 ], [ 15.3576662, 45.7007533 ], [ 15.3577044, 45.7007728 ], [ 15.358106, 45.7010311 ], [ 15.3587419, 45.7014481 ], [ 15.3584716, 45.7018276 ], [ 15.3584563, 45.7018387 ], [ 15.3580616, 45.7020675 ], [ 15.3579525, 45.7021254 ], [ 15.3574148, 45.7024036 ], [ 15.3573723, 45.7025049 ], [ 15.3573575, 45.7025533 ], [ 15.3574337, 45.7026295 ], [ 15.35751, 45.7027059 ], [ 15.3575323, 45.7027365 ], [ 15.3575804, 45.7027888 ], [ 15.3576974, 45.7028867 ], [ 15.3578212, 45.7029868 ], [ 15.3578688, 45.703026 ], [ 15.3580614, 45.7033386 ], [ 15.3581318, 45.7034479 ], [ 15.3581943, 45.703645 ], [ 15.3582304, 45.7037568 ], [ 15.3583253, 45.7040394 ], [ 15.3583679, 45.7041665 ], [ 15.3584503, 45.7044405 ], [ 15.3584866, 45.7045654 ], [ 15.3585432, 45.7047869 ], [ 15.358553, 45.7048219 ], [ 15.3586191, 45.7050478 ], [ 15.358691, 45.7052495 ], [ 15.3588171, 45.7054993 ], [ 15.3589106, 45.7056834 ], [ 15.358959, 45.705771 ], [ 15.3589944, 45.7058301 ], [ 15.359065, 45.705944 ], [ 15.3592335, 45.7061033 ], [ 15.359083, 45.7062893 ], [ 15.3591023, 45.7065511 ], [ 15.3588694, 45.7069161 ], [ 15.3591845, 45.7072198 ], [ 15.3593817, 45.7074032 ], [ 15.3594449, 45.7074246 ], [ 15.3595305, 45.7074768 ], [ 15.3595938, 45.7075313 ], [ 15.359957, 45.7078918 ], [ 15.3599445, 45.7079008 ], [ 15.3599514, 45.7087791 ], [ 15.3598692, 45.7089515 ], [ 15.3598204, 45.709042 ], [ 15.3597657, 45.7091525 ], [ 15.3597041, 45.7092497 ], [ 15.359634, 45.7093647 ], [ 15.3594926, 45.7095747 ], [ 15.3593512, 45.7097891 ], [ 15.3593303, 45.7097805 ], [ 15.3593182, 45.7098136 ], [ 15.3592787, 45.7099041 ], [ 15.3592606, 45.7099548 ], [ 15.3592424, 45.7100012 ], [ 15.3591939, 45.7101158 ], [ 15.3591726, 45.7101643 ], [ 15.3592105, 45.7101948 ], [ 15.3592549, 45.7102341 ], [ 15.3593119, 45.710291 ], [ 15.3593562, 45.7103324 ], [ 15.3593914, 45.7103673 ], [ 15.3594232, 45.7103956 ], [ 15.3594644, 45.7104326 ], [ 15.3594997, 45.7104718 ], [ 15.3596394, 45.7105893 ], [ 15.3597636, 45.7107046 ], [ 15.3593421, 45.7112016 ], [ 15.3590347, 45.711597 ], [ 15.359001, 45.7116455 ], [ 15.3589909, 45.7120632 ], [ 15.3583719, 45.7130408 ], [ 15.3583199, 45.7131291 ], [ 15.3582554, 45.7132196 ], [ 15.3582065, 45.7133056 ], [ 15.3580824, 45.7133746 ], [ 15.3572908, 45.713857 ], [ 15.3571075, 45.713966 ], [ 15.3565886, 45.7140488 ], [ 15.3558378, 45.7141664 ], [ 15.3555282, 45.7142125 ], [ 15.3551718, 45.7142899 ], [ 15.35485, 45.7143603 ], [ 15.3545531, 45.7144284 ], [ 15.3545311, 45.7144308 ], [ 15.3542772, 45.7144369 ], [ 15.3542396, 45.714435 ], [ 15.3541487, 45.7144357 ], [ 15.3538321, 45.7144401 ], [ 15.353557, 45.714284 ], [ 15.3534495, 45.7142299 ], [ 15.3533135, 45.7141518 ], [ 15.3529923, 45.7140574 ], [ 15.3527086, 45.7139649 ], [ 15.3524065, 45.7138925 ], [ 15.3522523, 45.7138518 ], [ 15.3521074, 45.7138199 ], [ 15.35178, 45.71373 ], [ 15.3514301, 45.7138314 ], [ 15.3512581, 45.71387 ], [ 15.3510921, 45.7138866 ], [ 15.3509672, 45.7139249 ], [ 15.3509112, 45.7139604 ], [ 15.3508283, 45.7140885 ], [ 15.3508045, 45.7141376 ], [ 15.3507634, 45.7141461 ], [ 15.3506414, 45.7141712 ], [ 15.3506411, 45.7141535 ], [ 15.3502974, 45.7142506 ], [ 15.3500725, 45.7143159 ], [ 15.3501664, 45.7143174 ], [ 15.3502965, 45.7144044 ], [ 15.3502126, 45.7144534 ], [ 15.3502431, 45.7144027 ], [ 15.3501546, 45.7143549 ], [ 15.3501044, 45.7143464 ], [ 15.34985, 45.7143396 ], [ 15.3497149, 45.7143186 ], [ 15.349629, 45.7142357 ], [ 15.3494973, 45.7142366 ], [ 15.3494352, 45.7142788 ], [ 15.3493598, 45.7142816 ], [ 15.3493061, 45.7142512 ], [ 15.349242, 45.7141681 ], [ 15.3490782, 45.7141231 ], [ 15.3490372, 45.7141037 ], [ 15.3489961, 45.7140864 ], [ 15.348949, 45.7140801 ], [ 15.348824, 45.7141074 ], [ 15.3487582, 45.7141079 ], [ 15.3486951, 45.7140841 ], [ 15.348521, 45.7139799 ], [ 15.3484551, 45.7139672 ], [ 15.3482954, 45.7139903 ], [ 15.3482134, 45.7139579 ], [ 15.3479247, 45.7140139 ], [ 15.3471405, 45.7135734 ], [ 15.3468134, 45.7132856 ], [ 15.346594, 45.7130939 ], [ 15.3464285, 45.7129478 ], [ 15.3460877, 45.7128141 ], [ 15.3458685, 45.7128375 ], [ 15.3457951, 45.7125723 ], [ 15.345395, 45.7124565 ], [ 15.3450146, 45.7123845 ], [ 15.3449316, 45.7124906 ], [ 15.3448978, 45.7125326 ], [ 15.3445748, 45.7129281 ], [ 15.3445473, 45.7129701 ], [ 15.3438743, 45.7134363 ], [ 15.3438313, 45.7139222 ], [ 15.3436803, 45.7141123 ], [ 15.343477, 45.7143555 ], [ 15.3433016, 45.7145808 ], [ 15.3431486, 45.7146347 ], [ 15.3428025, 45.7147559 ], [ 15.3424282, 45.7148925 ], [ 15.3419335, 45.7147378 ], [ 15.341890516422167, 45.714677858057478 ], [ 15.345908225422681, 45.731135182256381 ], [ 15.373801300920121, 45.724727184545408 ], [ 15.382342673179938, 45.71191155499659 ], [ 15.372774827301042, 45.6824291680595 ], [ 15.3725389, 45.6825096 ] ] ] } },
{ "type": "Feature", "properties": { "BM": 4787, "data": { "Oznaka Gr/Op/Dr": "općina", "Grad/općina/država": "ŽAKANJE", "Rbr BM": 2, "Naziv BM": "BIRAČKO MJESTO BR. 2 JUROVSKI BROD", "Lokacija BM": "VATROGASNI DOM JUROVSKI BROD", "Adresa BM": "JUROVSKI BROD", "Glasovalo birača": 218, "Glasovalo birača (po listićima)": 218, "Važeći listići": 210, "Nevažeći listići": 8 }, "latitude": 45.6328869, "longitude": 15.319395, "population": 327 }, "geometry": { "type": "Polygon", "coordinates": [ [ [ 15.3110852, 45.6330817 ], [ 15.3115011, 45.6330856 ], [ 15.3117143, 45.6330832 ], [ 15.3122115, 45.6331871 ], [ 15.3126799, 45.63329 ], [ 15.3132555, 45.6334009 ], [ 15.313949, 45.633565 ], [ 15.3146282, 45.6336756 ], [ 15.3151131, 45.6337713 ], [ 15.3158892, 45.6338684 ], [ 15.3170988, 45.6339951 ], [ 15.3172861, 45.6339755 ], [ 15.3175692, 45.6339821 ], [ 15.3191739, 45.6340264 ], [ 15.3210388, 45.6341234 ], [ 15.3225882, 45.634333 ], [ 15.3250748, 45.6346865 ], [ 15.3259542, 45.6348556 ], [ 15.3270113, 45.6349941 ], [ 15.3285049, 45.6351493 ], [ 15.3293565, 45.635108 ], [ 15.3304326, 45.6348825 ], [ 15.3311306, 45.634644 ], [ 15.3317918, 45.6343663 ], [ 15.3324309, 45.6341372 ], [ 15.3330042, 45.633992 ], [ 15.3335782, 45.6338565 ], [ 15.3343487, 45.6337585 ], [ 15.3352511, 45.6337 ], [ 15.3360795, 45.633656 ], [ 15.3371098, 45.6335518 ], [ 15.3381457, 45.6333868 ], [ 15.338491549559897, 45.633326133327003 ], [ 15.339347473843574, 45.630169725168557 ], [ 15.326729573300028, 45.620350318148212 ], [ 15.326359511215538, 45.620393691299455 ], [ 15.314785040926459, 45.626404988240537 ], [ 15.31094491005396, 45.633049793702483 ], [ 15.3110852, 45.6330817 ] ] ] } },
{ "type": "Feature", "properties": { "BM": 4628, "data": { "Oznaka Gr/Op/Dr": "općina", "Grad/općina/država": "NETRETIĆ", "Rbr BM": 8, "Naziv BM": "BIRAČKO MJESTO BR. 8", "Lokacija BM": "DOM KULTURE VUKOVA GORICA", "Adresa BM": "VUKOVA GORICA 26", "Glasovalo birača": 30, "Glasovalo birača (po listićima)": 30, "Važeći listići": 30, "Nevažeći listići": 0 }, "latitude": 45.4486645, "longitude": 15.3385825, "population": 51 }, "geometry": { "type": "Polygon", "coordinates": [ [ [ 15.295989, 45.4595875 ], [ 15.2974406, 45.4591907 ], [ 15.2982128, 45.4590275 ], [ 15.2989035, 45.4588979 ], [ 15.2996178, 45.4588054 ], [ 15.3003161, 45.4587547 ], [ 15.3010421, 45.4586842 ], [ 15.3017873, 45.4586134 ], [ 15.3024331, 45.4585499 ], [ 15.303043, 45.4584998 ], [ 15.3037383, 45.4584272 ], [ 15.3045485, 45.4583143 ], [ 15.3051961, 45.4582267 ], [ 15.3058909, 45.4581276 ], [ 15.3066231, 45.4580328 ], [ 15.3074273, 45.4579287 ], [ 15.3090919, 45.4576278 ], [ 15.3098872, 45.4575085 ], [ 15.3104508, 45.4573839 ], [ 15.3112192, 45.4571878 ], [ 15.3119406, 45.4570052 ], [ 15.3127737, 45.4567888 ], [ 15.3134492, 45.456668 ], [ 15.3141812, 45.4565445 ], [ 15.3148519, 45.4564324 ], [ 15.3154547, 45.4563341 ], [ 15.3161383, 45.4562482 ], [ 15.3168529, 45.4562676 ], [ 15.3177768, 45.4562812 ], [ 15.3180196, 45.4562709 ], [ 15.3184835, 45.4562063 ], [ 15.319103, 45.456088 ], [ 15.3195203, 45.4559776 ], [ 15.3205375, 45.4556888 ], [ 15.3208142, 45.4555888 ], [ 15.3215686, 45.4551533 ], [ 15.3219517, 45.4549376 ], [ 15.3231389, 45.4543322 ], [ 15.324365, 45.4535509 ], [ 15.3256518, 45.4529228 ], [ 15.3272945, 45.4525845 ], [ 15.3289238, 45.4525757 ], [ 15.3306858, 45.4533964 ], [ 15.3329667, 45.4545385 ], [ 15.3348381, 45.4555781 ], [ 15.3372338, 45.4566513 ], [ 15.3391934, 45.4570421 ], [ 15.341079, 45.4571281 ], [ 15.3418834, 45.457072 ], [ 15.3432495, 45.4567486 ], [ 15.3439892, 45.4565611 ], [ 15.3447973, 45.4563319 ], [ 15.3451587, 45.4562351 ], [ 15.3454689, 45.4562615 ], [ 15.3458092, 45.4563469 ], [ 15.3460258, 45.456497 ], [ 15.3462704, 45.4567633 ], [ 15.3465331, 45.4572535 ], [ 15.3470203, 45.4582385 ], [ 15.347602, 45.4596512 ], [ 15.348042408388515, 45.460304503283886 ], [ 15.360667715453456, 45.447144892165397 ], [ 15.331155551482246, 45.404921372961596 ], [ 15.295630539521747, 45.457009369249796 ], [ 15.29576536194409, 45.459691074012461 ], [ 15.295989, 45.4595875 ] ] ] } },
{ "type": "Feature", "properties": { "BM": 4791, "data": { "Oznaka Gr/Op/Dr": "općina", "Grad/općina/država": "ŽAKANJE", "Rbr BM": 6, "Naziv BM": "BIRAČKO MJESTO BR. 6 ŽAKANJE", "Lokacija BM": "VATROGASNI DOM ŽAKANJE", "Adresa BM": "ŽAKANJE", "Glasovalo birača": 131, "Glasovalo birača (po listićima)": 131, "Važeći listići": 129, "Nevažeći listići": 2 }, "latitude": 45.6101611, "longitude": 15.3370805, "population": 193 }, "geometry": { "type": "Polygon", "coordinates": [ [ [ 15.339347473843574, 45.630169725168557 ], [ 15.360547147246345, 45.618330134986408 ], [ 15.371082019786325, 45.603731982813741 ], [ 15.350689474095129, 45.595812651457969 ], [ 15.326926518600049, 45.607465696491801 ], [ 15.326729573300028, 45.620350318148212 ], [ 15.339347473843574, 45.630169725168557 ] ] ] } },
{ "type": "Feature", "properties": { "BM": 4730, "data": { "Oznaka Gr/Op/Dr": "općina", "Grad/općina/država": "TOUNJ", "Rbr BM": 2, "Naziv BM": "BIRAČKO MJESTO BR. 2", "Lokacija BM": "OSNOVNA ŠKOLA \"KAMENICA SKRADNIČKA\"", "Adresa BM": "KAMENICA 55", "Glasovalo birača": 106, "Glasovalo birača (po listićima)": 106, "Važeći listići": 105, "Nevažeći listići": 1 }, "latitude": 45.2136711, "longitude": 15.3727621, "population": 182 }, "geometry": { "type": "Polygon", "coordinates": [ [ [ 15.344057928104622, 45.212624282435662 ], [ 15.400955650110156, 45.264422980643481 ], [ 15.408885438484663, 45.265400145866835 ], [ 15.469838336421949, 45.19518962621818 ], [ 15.450227118253988, 45.137021099936916 ], [ 15.423833411653034, 45.141929892933945 ], [ 15.350345576409604, 45.183605382535774 ], [ 15.343911838898059, 45.20013618005796 ], [ 15.344057928104622, 45.212624282435662 ] ] ] } },
{ "type": "Feature", "properties": { "BM": 4732, "data": { "Oznaka Gr/Op/Dr": "općina", "Grad/općina/država": "TOUNJ", "Rbr BM": 4, "Naziv BM": "BIRAČKO MJESTO BR. 4", "Lokacija BM": "OBJEKT \"BOĆARA\"", "Adresa BM": "BRLETIĆI 164D", "Glasovalo birača": 69, "Glasovalo birača (po listićima)": 69, "Važeći listići": 67, "Nevažeći listići": 2 }, "latitude": 45.2411044, "longitude": 15.3477873, "population": 136 }, "geometry": { "type": "Polygon", "coordinates": [ [ [ 15.333626065168673, 45.243377406774741 ], [ 15.387863689087792, 45.267112256413398 ], [ 15.400955650110156, 45.264422980643481 ], [ 15.344057928104622, 45.212624282435662 ], [ 15.328354763572793, 45.231636294745186 ], [ 15.333626065168673, 45.243377406774741 ] ] ] } },
{ "type": "Feature", "properties": { "BM": 4626, "data": { "Oznaka Gr/Op/Dr": "općina", "Grad/općina/država": "NETRETIĆ", "Rbr BM": 6, "Naziv BM": "BIRAČKO MJESTO BR. 6", "Lokacija BM": "VATROGASNI DOM KUNIĆI", "Adresa BM": "KUNIĆI RIBNIČKI 26A", "Glasovalo birača": 43, "Glasovalo birača (po listićima)": 43, "Važeći listići": 40, "Nevažeći listići": 3 }, "latitude": 45.5134608, "longitude": 15.3436261, "population": 70 }, "geometry": { "type": "Polygon", "coordinates": [ [ [ 15.361884929242152, 45.495102399141444 ], [ 15.36188492924215, 45.495102399141444 ], [ 15.3613662, 45.4954465 ], [ 15.3603898, 45.496279 ], [ 15.3599773, 45.4966544 ], [ 15.3595777, 45.4970013 ], [ 15.3591868, 45.4975457 ], [ 15.3585223, 45.498208 ], [ 15.3580071, 45.498725 ], [ 15.3569744, 45.4995657 ], [ 15.3565061, 45.4999186 ], [ 15.355423, 45.500465 ], [ 15.3532001, 45.5015793 ], [ 15.3528683, 45.5018062 ], [ 15.352613, 45.5019485 ], [ 15.3520369, 45.5022345 ], [ 15.3516639, 45.5023536 ], [ 15.3510706, 45.5025431 ], [ 15.3501791, 45.5028568 ], [ 15.3496989, 45.5030231 ], [ 15.3480104, 45.5037522 ], [ 15.3459492, 45.5047297 ], [ 15.3435311, 45.5056138 ], [ 15.3415532, 45.5064694 ], [ 15.339194, 45.5075251 ], [ 15.3360526, 45.5087132 ], [ 15.3341825, 45.5094599 ], [ 15.3326604, 45.5102716 ], [ 15.3323607, 45.5104484 ], [ 15.3320932, 45.5105774 ], [ 15.3317276, 45.5107776 ], [ 15.3306937, 45.5117129 ], [ 15.3305854, 45.511797 ], [ 15.3304835, 45.5118788 ], [ 15.3280702, 45.5137106 ], [ 15.3279748, 45.5138055 ], [ 15.3278858, 45.5138982 ], [ 15.3269398, 45.5155019 ], [ 15.3269037, 45.5155922 ], [ 15.3267425, 45.5170808 ], [ 15.326709053961675, 45.517287729281691 ], [ 15.345326490753337, 45.53518168015674 ], [ 15.353076612864648, 45.534597933726339 ], [ 15.3770411602013, 45.505225359445085 ], [ 15.374738651835035, 45.499884201419647 ], [ 15.361884929242153, 45.495102399141444 ], [ 15.361884929242152, 45.495102399141444 ] ] ] } },
{ "type": "Feature", "properties": { "BM": 4731, "data": { "Oznaka Gr/Op/Dr": "općina", "Grad/općina/država": "TOUNJ", "Rbr BM": 3, "Naziv BM": "BIRAČKO MJESTO BR. 3", "Lokacija BM": "OSNOVNA ŠKOLA \"LUCIJA CAPAN\"", "Adresa BM": "ZDENAC 45", "Glasovalo birača": 131, "Glasovalo birača (po listićima)": 131, "Važeći listići": 126, "Nevažeći listići": 5 }, "latitude": 45.2553219, "longitude": 15.3415656, "population": 232 }, "geometry": { "type": "Polygon", "coordinates": [ [ [ 15.332091405253136, 45.288471149269434 ], [ 15.387863689087792, 45.267112256413398 ], [ 15.333626065168673, 45.243377406774741 ], [ 15.32732832171085, 45.285142082098801 ], [ 15.332091405253136, 45.288471149269434 ] ] ] } },
{ "type": "Feature", "properties": { "BM": 4692, "data": { "Oznaka Gr/Op/Dr": "općina", "Grad/općina/država": "RIBNIK", "Rbr BM": 2, "Naziv BM": "BIRAČKO MJESTO BR. 2 LIPNIK", "Lokacija BM": "ŽUPNI DVOR LIPNIK", "Adresa BM": "LIPNIK 40", "Glasovalo birača": 64, "Glasovalo birača (po listićima)": 64, "Važeći listići": 63, "Nevažeći listići": 1 }, "latitude": 45.5569122, "longitude": 15.3468989, "population": 102 }, "geometry": { "type": "Polygon", "coordinates": [ [ [ 15.32606078285888, 45.570523275461156 ], [ 15.367692575725036, 45.563052889132571 ], [ 15.368030941444077, 45.559478821616928 ], [ 15.353076612864648, 45.534597933726339 ], [ 15.345326490753337, 45.53518168015674 ], [ 15.321296307138724, 45.560036503531443 ], [ 15.32606078285888, 45.570523275461156 ] ] ] } },
{ "type": "Feature", "properties": { "BM": 4786, "data": { "Oznaka Gr/Op/Dr": "općina", "Grad/općina/država": "ŽAKANJE", "Rbr BM": 1, "Naziv BM": "BIRAČKO MJESTO BR. 1 BUBNJARCI", "Lokacija BM": "VATROGASNI DOM BUBNJARCI", "Adresa BM": "BUBNJARCI", "Glasovalo birača": 113, "Glasovalo birača (po listićima)": 113, "Važeći listići": 111, "Nevažeći listići": 2 }, "latitude": 45.6425945, "longitude": 15.3551939, "population": 164 }, "geometry": { "type": "Polygon", "coordinates": [ [ [ 15.340004, 45.6331149 ], [ 15.3406101, 45.633158 ], [ 15.3410155, 45.6332262 ], [ 15.3421477, 45.6336283 ], [ 15.3430894, 45.6339036 ], [ 15.3449007, 45.6342495 ], [ 15.3460985, 45.6345452 ], [ 15.3469507, 45.6347933 ], [ 15.3477908, 45.6350914 ], [ 15.3492022, 45.6357819 ], [ 15.3499779, 45.636131 ], [ 15.3502462, 45.6362841 ], [ 15.350405, 45.636379 ], [ 15.3506674, 45.6365199 ], [ 15.3511456, 45.6368194 ], [ 15.3516043, 45.6372004 ], [ 15.3523125, 45.6379935 ], [ 15.3524712, 45.638295 ], [ 15.3525103, 45.638511 ], [ 15.3524199, 45.6388674 ], [ 15.3522685, 45.6391439 ], [ 15.3518972, 45.6395858 ], [ 15.3515047, 45.6399708 ], [ 15.3510551, 45.6403289 ], [ 15.3505681, 45.6406677 ], [ 15.3501547, 45.6408702 ], [ 15.3496924, 45.6410308 ], [ 15.3491542, 45.6411505 ], [ 15.348749, 45.6411701 ], [ 15.3480575, 45.6411994 ], [ 15.3475013, 45.6412453 ], [ 15.3467253, 45.6413439 ], [ 15.3457145, 45.641383 ], [ 15.3448316, 45.6413019 ], [ 15.3444135, 45.6412878 ], [ 15.3440134, 45.6413453 ], [ 15.3435293, 45.6415421 ], [ 15.3429166, 45.6419437 ], [ 15.342464, 45.6424044 ], [ 15.3421774, 45.642863 ], [ 15.341942, 45.6433374 ], [ 15.3418903, 45.6438176 ], [ 15.3419903, 45.6442613 ], [ 15.3421097, 45.6446258 ], [ 15.3424075, 45.6450357 ], [ 15.3424736, 45.6451225 ], [ 15.3426838, 45.6453666 ], [ 15.3430032, 45.6456511 ], [ 15.3433392, 45.6458598 ], [ 15.3436733, 45.6459752 ], [ 15.3437624, 45.6460083 ], [ 15.3440047, 45.6460713 ], [ 15.3442399, 45.646111 ], [ 15.3444131, 45.646092 ], [ 15.3448274, 45.6460469 ], [ 15.3448824, 45.6460396 ], [ 15.3449297, 45.6460366 ], [ 15.3458812, 45.6460721 ], [ 15.3477512, 45.6463388 ], [ 15.3495695, 45.6466514 ], [ 15.3506545, 45.6467657 ], [ 15.3523254, 45.6466578 ], [ 15.3537461, 45.6463219 ], [ 15.3552982, 45.6460679 ], [ 15.3555019, 45.6460373 ], [ 15.3558361, 45.6459078 ], [ 15.3561484, 45.645834 ], [ 15.3564703, 45.6457689 ], [ 15.3566952, 45.6457262 ], [ 15.3570013, 45.6456566 ], [ 15.3574106, 45.6455715 ], [ 15.358456, 45.6452641 ], [ 15.3596805, 45.6450545 ], [ 15.3602649, 45.6449703 ], [ 15.360767, 45.64481 ], [ 15.3609511, 45.6447543 ], [ 15.3611446, 45.6446941 ], [ 15.3613504, 45.6446426 ], [ 15.3615413, 45.6446286 ], [ 15.3617507, 45.6446035 ], [ 15.3619227, 45.6445828 ], [ 15.3621133, 45.6445598 ], [ 15.3622788, 45.6445194 ], [ 15.3624444, 45.6444703 ], [ 15.3625909, 45.6444191 ], [ 15.3627562, 45.6443657 ], [ 15.362937, 45.6443012 ], [ 15.3631214, 45.6442652 ], [ 15.3633245, 45.6442247 ], [ 15.3636462, 45.6441572 ], [ 15.3640432, 45.6441158 ], [ 15.3644434, 45.6440768 ], [ 15.3647749, 45.6440466 ], [ 15.3648878, 45.6440701 ], [ 15.3659353, 45.6442932 ], [ 15.366424986396217, 45.644713168567712 ], [ 15.360547147246345, 45.618330134986408 ], [ 15.339347473843574, 45.630169725168557 ], [ 15.338491549559897, 45.633326133327003 ], [ 15.3395424, 45.6331418 ], [ 15.340004, 45.6331149 ] ] ] } },
{ "type": "Feature", "properties": { "BM": 4693, "data": { "Oznaka Gr/Op/Dr": "općina", "Grad/općina/država": "RIBNIK", "Rbr BM": 3, "Naziv BM": "BIRAČKO MJESTO BR. 3 VESELIĆI", "Lokacija BM": "PROSTORIJE LOVAČKOG DRUŠTVA \"SRNJAK\" U VESELIĆIMA", "Adresa BM": "VESELIĆI 26", "Glasovalo birača": 46, "Glasovalo birača (po listićima)": 46, "Važeći listići": 44, "Nevažeći listići": 2 }, "latitude": 45.5396134, "longitude": 15.3756805, "population": 75 }, "geometry": { "type": "Polygon", "coordinates": [ [ [ 15.353076612864648, 45.534597933726339 ], [ 15.368030941444077, 45.559478821616928 ], [ 15.395650704706521, 45.5418666716484 ], [ 15.396466335147815, 45.523184677375831 ], [ 15.386671754020583, 45.510726402521932 ], [ 15.3770411602013, 45.505225359445085 ], [ 15.353076612864648, 45.534597933726339 ] ] ] } },
{ "type": "Feature", "properties": { "BM": 4691, "data": { "Oznaka Gr/Op/Dr": "općina", "Grad/općina/država": "RIBNIK", "Rbr BM": 1, "Naziv BM": "BIRAČKO MJESTO BR. 1 RIBNIK", "Lokacija BM": "PROSTORIJE DVD-A RIBNIK, POTKROVLJE IZNAD GARAŽE", "Adresa BM": "RIBNIK 2", "Glasovalo birača": 71, "Glasovalo birača (po listićima)": 71, "Važeći listići": 67, "Nevažeći listići": 4 }, "latitude": 45.5760401, "longitude": 15.3503312, "population": 109 }, "geometry": { "type": "Polygon", "coordinates": [ [ [ 15.326149409056345, 45.574012864154611 ], [ 15.350689474095129, 45.595812651457969 ], [ 15.371082019786325, 45.603731982813741 ], [ 15.375763749538409, 45.601816356558906 ], [ 15.380703556029671, 45.596567141749034 ], [ 15.367692575725036, 45.563052889132571 ], [ 15.32606078285888, 45.570523275461156 ], [ 15.326149409056345, 45.574012864154611 ] ] ] } },
{ "type": "Feature", "properties": { "BM": 4496, "data": { "Oznaka Gr/Op/Dr": "općina", "Grad/općina/država": "GENERALSKI STOL", "Rbr BM": 2, "Naziv BM": "BIRAČKO MJESTO BR. 2", "Lokacija BM": "TRGOVINA \"HALAR\"", "Adresa BM": "ERDELJ 64", "Glasovalo birača": 176, "Glasovalo birača (po listićima)": 176, "Važeći listići": 169, "Nevažeći listići": 7 }, "latitude": 45.3703139, "longitude": 15.3626862, "population": 268 }, "geometry": { "type": "Polygon", "coordinates": [ [ [ 15.331473298317697, 45.402910469649711 ], [ 15.371601166557779, 45.397950748321783 ], [ 15.384338480432458, 45.385066567112837 ], [ 15.384146064183305, 45.362848993673794 ], [ 15.363014747473724, 45.353255894141334 ], [ 15.3277369893769, 45.396495263464899 ], [ 15.331473298317697, 45.402910469649711 ] ] ] } },
{ "type": "Feature", "properties": { "BM": 4208, "data": { "Oznaka Gr/Op/Dr": "grad", "Grad/općina/država": "OGULIN", "Rbr BM": 1, "Naziv BM": "BIRAČKO MJESTO BR. 1", "Lokacija BM": "DOM DONJE DUBRAVE", "Adresa BM": "DONJE DUBRAVE 6A", "Glasovalo birača": 32, "Glasovalo birača (po listićima)": 32, "Važeći listići": 29, "Nevažeći listići": 3 }, "latitude": 45.3068121, "longitude": 15.3612846, "population": 110 }, "geometry": { "type": "Polygon", "coordinates": [ [ [ 15.333366127496564, 45.325826650929031 ], [ 15.351562312974355, 45.331233937818908 ], [ 15.402035401558706, 45.310513587521186 ], [ 15.412050396528352, 45.290864274679329 ], [ 15.408885438484663, 45.265400145866835 ], [ 15.400955650110156, 45.264422980643481 ], [ 15.387863689087792, 45.267112256413398 ], [ 15.332091405253136, 45.288471149269434 ], [ 15.333366127496564, 45.325826650929031 ] ] ] } },
{ "type": "Feature", "properties": { "BM": 4627, "data": { "Oznaka Gr/Op/Dr": "općina", "Grad/općina/država": "NETRETIĆ", "Rbr BM": 7, "Naziv BM": "BIRAČKO MJESTO BR. 7", "Lokacija BM": "VATROGASNI DOM PRILIŠĆE", "Adresa BM": "SREDNJE PRILIŠĆE 4", "Glasovalo birača": 97, "Glasovalo birača (po listićima)": 97, "Važeći listići": 93, "Nevažeći listići": 4 }, "latitude": 45.4692741, "longitude": 15.3600643, "population": 145 }, "geometry": { "type": "Polygon", "coordinates": [ [ [ 15.3482, 45.4612354 ], [ 15.3482284, 45.4618214 ], [ 15.3482591, 45.4621286 ], [ 15.3482966, 45.4623766 ], [ 15.348426, 45.4627491 ], [ 15.34904, 45.4638102 ], [ 15.3501268, 45.4652019 ], [ 15.351946, 45.4664787 ], [ 15.352715, 45.4670247 ], [ 15.3543807, 45.4682761 ], [ 15.3548615, 45.468857 ], [ 15.3554516, 45.4693911 ], [ 15.3556367, 45.4700993 ], [ 15.3557136, 45.4706347 ], [ 15.3557003, 45.4715683 ], [ 15.3557964, 45.4720926 ], [ 15.3560249, 45.4725743 ], [ 15.3562622, 45.4730603 ], [ 15.3572703, 45.4742925 ], [ 15.3588717, 45.4760664 ], [ 15.3598492, 45.4771393 ], [ 15.3602725, 45.4774106 ], [ 15.3607393, 45.4776683 ], [ 15.3611613, 45.4778366 ], [ 15.3618332, 45.478091 ], [ 15.3628644, 45.4784505 ], [ 15.3632111, 45.4785602 ], [ 15.3636378, 45.478597 ], [ 15.3642273, 45.4787052 ], [ 15.3657992, 45.4792782 ], [ 15.3669309, 45.4797204 ], [ 15.3669903, 45.479742 ], [ 15.3677343, 45.4800155 ], [ 15.3692387, 45.4806622 ], [ 15.3705359, 45.4812062 ], [ 15.3722678, 45.482157 ], [ 15.3740358, 45.4832585 ], [ 15.3751315, 45.4838059 ], [ 15.3760638, 45.4842228 ], [ 15.3768922, 45.4845462 ], [ 15.3784763, 45.4850796 ], [ 15.3794154, 45.4852754 ], [ 15.380199715219385, 45.485401958636437 ], [ 15.386273529985857, 45.469294754988084 ], [ 15.377293925330026, 45.45092147396516 ], [ 15.360667715453456, 45.447144892165397 ], [ 15.348042408388515, 45.460304503283886 ], [ 15.348078, 45.4603573 ], [ 15.3482, 45.4612354 ] ] ] } },
{ "type": "Feature", "properties": { "BM": 4448, "data": { "Oznaka Gr/Op/Dr": "općina", "Grad/općina/država": "BOSILJEVO", "Rbr BM": 4, "Naziv BM": "BIRAČKO MJESTO BR. 4", "Lokacija BM": "VODENA DRAGA - STANICA ZA OTKUP MLIJEKA", "Adresa BM": "VODENA DRAGA BB", "Glasovalo birača": 24, "Glasovalo birača (po listićima)": 24, "Važeći listići": 24, "Nevažeći listići": 0 }, "latitude": 45.4269265, "longitude": 15.3696834, "population": 33 }, "geometry": { "type": "Polygon", "coordinates": [ [ [ 15.331155551482246, 45.404921372961596 ], [ 15.360667715453456, 45.447144892165397 ], [ 15.377293925330026, 45.45092147396516 ], [ 15.392376935914118, 45.428184303800784 ], [ 15.371601166557779, 45.397950748321783 ], [ 15.331473298317697, 45.402910469649711 ], [ 15.331155551482246, 45.404921372961596 ] ] ] } },
{ "type": "Feature", "properties": { "BM": 4695, "data": { "Oznaka Gr/Op/Dr": "općina", "Grad/općina/država": "SABORSKO", "Rbr BM": 1, "Naziv BM": "BIRAČKO MJESTO BR. 1", "Lokacija BM": "PROSTORIJE OSNOVNE ŠKOLE PLAŠKI, PODRUČNE ŠKOLE U SABORSKOM", "Adresa BM": "SABORSKO, ULICA CENTAR 54", "Glasovalo birača": 207, "Glasovalo birača (po listićima)": 207, "Važeći listići": 204, "Nevažeći listići": 3 }, "latitude": 44.9831824, "longitude": 15.4785556, "population": 438 }, "geometry": { "type": "Polygon", "coordinates": [ [ [ 15.395290399977119, 44.940593296884444 ], [ 15.385062588516121, 45.004051157432635 ], [ 15.462229243640657, 45.093830782473823 ], [ 15.49290941516437, 45.07926474582343 ], [ 15.499451169375901, 45.074105814777774 ], [ 15.529082475394963, 45.050242158572587 ], [ 15.537821416220758, 45.043047316998603 ], [ 15.561928628257274, 45.018632550743931 ], [ 15.563628543092392, 45.005054692818355 ], [ 15.543530854145795, 44.92398590417762 ], [ 15.531358718056495, 44.919555038955096 ], [ 15.521123884293319, 44.918275164845738 ], [ 15.429719315399506, 44.926262485522102 ], [ 15.395719551211455, 44.94016773333265 ], [ 15.395290399977119, 44.940593296884444 ] ] ] } },
{ "type": "Feature", "properties": { "BM": 4694, "data": { "Oznaka Gr/Op/Dr": "općina", "Grad/općina/država": "RIBNIK", "Rbr BM": 4, "Naziv BM": "BIRAČKO MJESTO BR. 4 GORICA LIPNIČKA", "Lokacija BM": "SRCE PRIRODE", "Adresa BM": "GORICA LIPNIČKA 8", "Glasovalo birača": 25, "Glasovalo birača (po listićima)": 25, "Važeći listići": 24, "Nevažeći listići": 1 }, "latitude": 45.5609235, "longitude": 15.3892692, "population": 45 }, "geometry": { "type": "Polygon", "coordinates": [ [ [ 15.367692575725036, 45.563052889132571 ], [ 15.380703556029671, 45.596567141749034 ], [ 15.409676705542919, 45.590403780172039 ], [ 15.414425659507137, 45.570573456515312 ], [ 15.413503563663006, 45.5660270035102 ], [ 15.395650704706521, 45.5418666716484 ], [ 15.368030941444077, 45.559478821616928 ], [ 15.367692575725036, 45.563052889132571 ] ] ] } },
{ "type": "Feature", "properties": { "BM": 4539, "data": { "Oznaka Gr/Op/Dr": "općina", "Grad/općina/država": "KAMANJE", "Rbr BM": 2, "Naziv BM": "BIRAČKO MJESTO BR. 2 ORLJAKOVO", "Lokacija BM": "VATROGASNI DOM ORLJAKOVO", "Adresa BM": "ORLJAKOVO 12 B", "Glasovalo birača": 136, "Glasovalo birača (po listićima)": 136, "Važeći listići": 131, "Nevažeći listići": 5 }, "latitude": 45.6380272, "longitude": 15.3756945, "population": 212 }, "geometry": { "type": "Polygon", "coordinates": [ [ [ 15.3666426, 45.6448998 ], [ 15.3669866, 45.6450974 ], [ 15.3679333, 45.6455198 ], [ 15.3689774, 45.645791 ], [ 15.3696586, 45.6458645 ], [ 15.3698374, 45.6458834 ], [ 15.370054, 45.6459087 ], [ 15.370239, 45.6459231 ], [ 15.3704277, 45.6459749 ], [ 15.3706252, 45.6460047 ], [ 15.3710699, 45.645974 ], [ 15.3712509, 45.6459204 ], [ 15.3714317, 45.6458514 ], [ 15.3715992, 45.6457362 ], [ 15.3718324, 45.6455834 ], [ 15.372142, 45.6452881 ], [ 15.3722859, 45.6450066 ], [ 15.3722803, 45.6445809 ], [ 15.3721267, 45.6443051 ], [ 15.3717627, 45.6436506 ], [ 15.3717118, 45.6431349 ], [ 15.3718253, 45.6425193 ], [ 15.3723899, 45.6421496 ], [ 15.3729539, 45.6419558 ], [ 15.3737209, 45.6415901 ], [ 15.3747157, 45.6411598 ], [ 15.3756342, 45.6410127 ], [ 15.3767001, 45.6409566 ], [ 15.3782647, 45.6409234 ], [ 15.3788838, 45.6409095 ], [ 15.3805567, 45.6409165 ], [ 15.3813893, 45.641 ], [ 15.3827506, 45.6407288 ], [ 15.3835268, 45.6401936 ], [ 15.384128, 45.6393271 ], [ 15.3846546, 45.6387811 ], [ 15.3853357, 45.6383684 ], [ 15.3867932, 45.6380034 ], [ 15.386947581884668, 45.637965156875133 ], [ 15.381422083312447, 45.614303493370222 ], [ 15.375763749538409, 45.601816356558906 ], [ 15.371082019786325, 45.603731982813741 ], [ 15.360547147246345, 45.618330134986408 ], [ 15.366424986396217, 45.644713168567712 ], [ 15.3666426, 45.6448998 ] ] ] } },
{ "type": "Feature", "properties": { "BM": 4497, "data": { "Oznaka Gr/Op/Dr": "općina", "Grad/općina/država": "GENERALSKI STOL", "Rbr BM": 3, "Naziv BM": "BIRAČKO MJESTO BR. 3", "Lokacija BM": "DOM GENERALSKI STOL", "Adresa BM": "GENERALSKI STOL 32", "Glasovalo birača": 442, "Glasovalo birača (po listićima)": 441, "Važeći listići": 432, "Nevažeći listići": 9 }, "latitude": 45.3417802, "longitude": 15.3756398, "population": 754 }, "geometry": { "type": "Polygon", "coordinates": [ [ [ 15.351562312974355, 45.331233937818908 ], [ 15.363014747473724, 45.353255894141334 ], [ 15.384146064183305, 45.362848993673794 ], [ 15.402323755251759, 45.343424660105974 ], [ 15.402035401558706, 45.310513587521186 ], [ 15.351562312974355, 45.331233937818908 ] ] ] } },
{ "type": "Feature", "properties": { "BM": 4260, "data": { "Oznaka Gr/Op/Dr": "grad", "Grad/općina/država": "OZALJ", "Rbr BM": 14, "Naziv BM": "BIRAČKO MJESTO BR. 14 DOJUTROVICA", "Lokacija BM": "VATROGASNI DOM", "Adresa BM": "DOJUTROVICA", "Glasovalo birača": 30, "Glasovalo birača (po listićima)": 30, "Važeći listići": 28, "Nevažeći listići": 2 }, "latitude": 45.6931677, "longitude": 15.3845149, "population": 44 }, "geometry": { "type": "Polygon", "coordinates": [ [ [ 15.3762343, 45.6783848 ], [ 15.376151, 45.678516 ], [ 15.3760805, 45.6786363 ], [ 15.3760944, 45.6787196 ], [ 15.3761148, 45.678814 ], [ 15.3760744, 45.6789179 ], [ 15.3760061, 45.6790828 ], [ 15.3759085, 45.6792343 ], [ 15.3757789, 45.6793951 ], [ 15.3756716, 45.6795263 ], [ 15.3756755, 45.6795984 ], [ 15.3756553, 45.6797651 ], [ 15.3756317, 45.6799196 ], [ 15.3754884, 45.6802313 ], [ 15.3754422, 45.6803871 ], [ 15.3753882, 45.6806824 ], [ 15.3753517, 45.6808324 ], [ 15.3752089, 45.680973 ], [ 15.3750016, 45.6810745 ], [ 15.3744187, 45.6812152 ], [ 15.3740272, 45.6814948 ], [ 15.3734589, 45.6817586 ], [ 15.3731125, 45.6819281 ], [ 15.3729106, 45.682211 ], [ 15.372785, 45.6824257 ], [ 15.372774827301042, 45.6824291680595 ], [ 15.382342673179938, 45.71191155499659 ], [ 15.399950033099328, 45.701025517564389 ], [ 15.376257001326563, 45.678324831474256 ], [ 15.3762343, 45.6783848 ] ] ] } },
{ "type": "Feature", "properties": { "BM": 4501, "data": { "Oznaka Gr/Op/Dr": "općina", "Grad/općina/država": "GENERALSKI STOL", "Rbr BM": 7, "Naziv BM": "BIRAČKO MJESTO BR. 7", "Lokacija BM": "ŠKOLA LIPOV PESAK", "Adresa BM": "LIPOV PESAK 3", "Glasovalo birača": 118, "Glasovalo birača (po listićima)": 118, "Važeći listići": 116, "Nevažeći listići": 2 }, "latitude": 45.4065483, "longitude": 15.3993384, "population": 214 }, "geometry": { "type": "Polygon", "coordinates": [ [ [ 15.371601166557779, 45.397950748321783 ], [ 15.392376935914118, 45.428184303800784 ], [ 15.410667332995173, 45.426870192270052 ], [ 15.420267950035219, 45.423129765567268 ], [ 15.423381128205806, 45.419858181541258 ], [ 15.423621585969663, 45.411900184680292 ], [ 15.407613650765329, 45.389131672584995 ], [ 15.384338480432458, 45.385066567112837 ], [ 15.371601166557779, 45.397950748321783 ] ] ] } },
{ "type": "Feature", "properties": { "BM": 4630, "data": { "Oznaka Gr/Op/Dr": "općina", "Grad/općina/država": "NETRETIĆ", "Rbr BM": 10, "Naziv BM": "BIRAČKO MJESTO BR. 10", "Lokacija BM": "ZGRADA MO KUČEVICE KOD KRIŽA", "Adresa BM": "KUČEVICE BB", "Glasovalo birača": 62, "Glasovalo birača (po listićima)": 62, "Važeći listići": 61, "Nevažeći listići": 1 }, "latitude": 45.4865848, "longitude": 15.4059707, "population": 83 }, "geometry": { "type": "Polygon", "coordinates": [ [ [ 15.380226, 45.4854062 ], [ 15.3817215, 45.4855548 ], [ 15.3831761, 45.4856663 ], [ 15.3848806, 45.4861114 ], [ 15.3855303, 45.4865716 ], [ 15.3855992, 45.4870848 ], [ 15.3857017, 45.487849 ], [ 15.3858421, 45.488424 ], [ 15.3856659, 45.4889789 ], [ 15.3852341, 45.4893989 ], [ 15.3846735, 45.4896257 ], [ 15.3838455, 45.4897846 ], [ 15.3827034, 45.4897916 ], [ 15.381177, 45.4899321 ], [ 15.3802468, 45.4902267 ], [ 15.379951, 45.4904649 ], [ 15.3795099, 45.4910564 ], [ 15.3780227, 45.4921536 ], [ 15.377597300026176, 45.492303326739723 ], [ 15.377597300026174, 45.492303326739723 ], [ 15.374738651835035, 45.499884201419647 ], [ 15.3770411602013, 45.505225359445085 ], [ 15.386671754020583, 45.510726402521932 ], [ 15.413911941594616, 45.495458502252426 ], [ 15.425985251888344, 45.48240120906928 ], [ 15.4211647533134, 45.470805367742614 ], [ 15.40802714515957, 45.467226718537326 ], [ 15.386273529985857, 45.469294754988084 ], [ 15.380199715219385, 45.485401958636437 ], [ 15.380226, 45.4854062 ] ] ] } },
{ "type": "Feature", "properties": { "BM": 4632, "data": { "Oznaka Gr/Op/Dr": "općina", "Grad/općina/država": "NETRETIĆ", "Rbr BM": 12, "Naziv BM": "BIRAČKO MJESTO BR. 12", "Lokacija BM": "ZGRADA PODRUČNE ŠKOLE JARČE POLJE", "Adresa BM": "JARČE POLJE 18", "Glasovalo birača": 124, "Glasovalo birača (po listićima)": 124, "Važeći listići": 122, "Nevažeći listići": 2 }, "latitude": 45.4486029, "longitude": 15.4023599, "population": 236 }, "geometry": { "type": "Polygon", "coordinates": [ [ [ 15.377293925330026, 45.45092147396516 ], [ 15.386273529985857, 45.469294754988084 ], [ 15.40802714515957, 45.467226718537326 ], [ 15.410667332995173, 45.426870192270052 ], [ 15.392376935914118, 45.428184303800784 ], [ 15.377293925330026, 45.45092147396516 ] ] ] } },
{ "type": "Feature", "properties": { "BM": 4500, "data": { "Oznaka Gr/Op/Dr": "općina", "Grad/općina/država": "GENERALSKI STOL", "Rbr BM": 6, "Naziv BM": "BIRAČKO MJESTO BR. 6", "Lokacija BM": "ŠKOLA BREST", "Adresa BM": "MREŽNIČKI BREST 23", "Glasovalo birača": 76, "Glasovalo birača (po listićima)": 76, "Važeći listići": 73, "Nevažeći listići": 3 }, "latitude": 45.3413129, "longitude": 15.4289748, "population": 139 }, "geometry": { "type": "Polygon", "coordinates": [ [ [ 15.402323755251759, 45.343424660105974 ], [ 15.428013325569637, 45.364281631378503 ], [ 15.43380661528726, 45.364555580110469 ], [ 15.454937133936353, 45.323608834848052 ], [ 15.412050396528352, 45.290864274679329 ], [ 15.402035401558706, 45.310513587521186 ], [ 15.402323755251759, 45.343424660105974 ] ] ] } },
{ "type": "Feature", "properties": { "BM": 4540, "data": { "Oznaka Gr/Op/Dr": "općina", "Grad/općina/država": "KAMANJE", "Rbr BM": 3, "Naziv BM": "BIRAČKO MJESTO BR. 3 BRLOG OZALJSKI", "Lokacija BM": "VATROGASNI DOM BRLOG OZALJSKI", "Adresa BM": "BRLOG OZALJSKI 43", "Glasovalo birača": 69, "Glasovalo birača (po listićima)": 69, "Važeći listići": 67, "Nevažeći listići": 2 }, "latitude": 45.625638, "longitude": 15.4030357, "population": 122 }, "geometry": { "type": "Polygon", "coordinates": [ [ [ 15.381422083312447, 45.614303493370222 ], [ 15.41152695084825, 45.638600105840091 ], [ 15.421783440188314, 45.629754738458672 ], [ 15.419002319971897, 45.597216816746744 ], [ 15.409676705542919, 45.590403780172039 ], [ 15.380703556029671, 45.596567141749034 ], [ 15.375763749538409, 45.601816356558906 ], [ 15.381422083312447, 45.614303493370222 ] ] ] } },
{ "type": "Feature", "properties": { "BM": 4261, "data": { "Oznaka Gr/Op/Dr": "grad", "Grad/općina/država": "OZALJ", "Rbr BM": 15, "Naziv BM": "BIRAČKO MJESTO BR. 15 STOJAVNICE", "Lokacija BM": "KUĆA KOSTELAC JANKA", "Adresa BM": "SRŠIĆI 6", "Glasovalo birača": 21, "Glasovalo birača (po listićima)": 21, "Važeći listići": 21, "Nevažeći listići": 0 }, "latitude": 45.6859405, "longitude": 15.3914394, "population": 40 }, "geometry": { "type": "Polygon", "coordinates": [ [ [ 15.3842983, 45.6739076 ], [ 15.3841903, 45.6739983 ], [ 15.3839456, 45.6741914 ], [ 15.3839109, 45.6742428 ], [ 15.3838134, 45.6744024 ], [ 15.3839007, 45.674548 ], [ 15.383722, 45.6746609 ], [ 15.3835005, 45.6748271 ], [ 15.3834359, 45.6748601 ], [ 15.3831347, 45.6749731 ], [ 15.3828976, 45.6750528 ], [ 15.3828212, 45.6750925 ], [ 15.3825509, 45.675226 ], [ 15.3823701, 45.6752655 ], [ 15.3820781, 45.6752967 ], [ 15.3819802, 45.6752995 ], [ 15.3815652, 45.675143 ], [ 15.3813826, 45.6750564 ], [ 15.3812359, 45.6750158 ], [ 15.3809267, 45.6750685 ], [ 15.3807179, 45.6750856 ], [ 15.3805736, 45.6751064 ], [ 15.3802443, 45.6752233 ], [ 15.3800527, 45.6754233 ], [ 15.3799736, 45.6754472 ], [ 15.3798372, 45.6754639 ], [ 15.3795482, 45.67536 ], [ 15.3793124, 45.6753751 ], [ 15.3791615, 45.6755005 ], [ 15.3789341, 45.675672 ], [ 15.37871, 45.675731 ], [ 15.3785932, 45.6758782 ], [ 15.3785552, 45.6759172 ], [ 15.3782427, 45.676086 ], [ 15.3781855, 45.676146 ], [ 15.3778961, 45.6764333 ], [ 15.3776429, 45.6765195 ], [ 15.37734, 45.6766249 ], [ 15.3772647, 45.6766478 ], [ 15.3771621, 45.676662 ], [ 15.3769892, 45.676706 ], [ 15.3769103, 45.676801 ], [ 15.3767527, 45.6769147 ], [ 15.3767404, 45.6770757 ], [ 15.3767146, 45.6771847 ], [ 15.3766998, 45.6772985 ], [ 15.3766248, 45.6774318 ], [ 15.3765363, 45.6775473 ], [ 15.3765099, 45.6776026 ], [ 15.3764337, 45.6778109 ], [ 15.3764044, 45.677891 ], [ 15.3763384, 45.6779996 ], [ 15.37629, 45.6780945 ], [ 15.3763122, 45.6781889 ], [ 15.3762809, 45.6782617 ], [ 15.376257001326563, 45.678324831474256 ], [ 15.399950033099328, 45.701025517564389 ], [ 15.412021779805823, 45.697806144206112 ], [ 15.41497236709672, 45.692875282864016 ], [ 15.384304169766835, 45.673901278912162 ], [ 15.3842983, 45.6739076 ] ] ] } },
{ "type": "Feature", "properties": { "BM": 4498, "data": { "Oznaka Gr/Op/Dr": "općina", "Grad/općina/država": "GENERALSKI STOL", "Rbr BM": 4, "Naziv BM": "BIRAČKO MJESTO BR. 4", "Lokacija BM": "DOM GORNJI ZVEČAJ", "Adresa BM": "GORNJI ZVEČAJ BB", "Glasovalo birača": 89, "Glasovalo birača (po listićima)": 89, "Važeći listići": 84, "Nevažeći listići": 5 }, "latitude": 45.3699411, "longitude": 15.405732, "population": 155 }, "geometry": { "type": "Polygon", "coordinates": [ [ [ 15.384338480432458, 45.385066567112837 ], [ 15.407613650765329, 45.389131672584995 ], [ 15.428013325569637, 45.364281631378503 ], [ 15.402323755251759, 45.343424660105974 ], [ 15.384146064183305, 45.362848993673794 ], [ 15.384338480432458, 45.385066567112837 ] ] ] } },
{ "type": "Feature", "properties": { "BM": 4538, "data": { "Oznaka Gr/Op/Dr": "općina", "Grad/općina/država": "KAMANJE", "Rbr BM": 1, "Naziv BM": "BIRAČKO MJESTO BR. 1 KAMANJE", "Lokacija BM": "OSNOVNA ŠKOLA KAMANJE", "Adresa BM": "KAMANJE 111 A", "Glasovalo birača": 251, "Glasovalo birača (po listićima)": 251, "Važeći listići": 241, "Nevažeći listići": 10 }, "latitude": 45.6330369, "longitude": 15.3970643, "population": 359 }, "geometry": { "type": "Polygon", "coordinates": [ [ [ 15.3889225, 45.637556 ], [ 15.389973, 45.6374673 ], [ 15.3909321, 45.6376448 ], [ 15.3922884, 45.6380859 ], [ 15.3929143, 45.6384252 ], [ 15.3937639, 45.6388907 ], [ 15.3946004, 45.6393037 ], [ 15.3954437, 45.6397737 ], [ 15.3958791, 45.6400014 ], [ 15.3961321, 45.6400987 ], [ 15.3967797, 45.6403875 ], [ 15.3972294, 45.6406311 ], [ 15.3984065, 45.6413256 ], [ 15.3997623, 45.6424745 ], [ 15.4003433, 45.6434338 ], [ 15.4007872, 45.6443494 ], [ 15.401298, 45.6453701 ], [ 15.4017591, 45.6458378 ], [ 15.4023123, 45.6463136 ], [ 15.4030125, 45.6467205 ], [ 15.4037425, 45.6470592 ], [ 15.4047633, 45.6473831 ], [ 15.4052087, 45.6475039 ], [ 15.4057112, 45.6476548 ], [ 15.405964976620741, 45.647726798320058 ], [ 15.41152695084825, 45.638600105840091 ], [ 15.381422083312447, 45.614303493370222 ], [ 15.386947581884668, 45.637965156875133 ], [ 15.3879324, 45.6377212 ], [ 15.3889225, 45.637556 ] ] ] } },
{ "type": "Feature", "properties": { "BM": 4258, "data": { "Oznaka Gr/Op/Dr": "grad", "Grad/općina/država": "OZALJ", "Rbr BM": 12, "Naziv BM": "BIRAČKO MJESTO BR. 12 VIVODINA", "Lokacija BM": "MO VIVODINA", "Adresa BM": "VIVODINA", "Glasovalo birača": 167, "Glasovalo birača (po listićima)": 167, "Važeći listići": 164, "Nevažeći listići": 3 }, "latitude": 45.6749123, "longitude": 15.3982624, "population": 287 }, "geometry": { "type": "Polygon", "coordinates": [ [ [ 15.395019, 45.6542302 ], [ 15.3950825, 45.6544211 ], [ 15.3950067, 45.6547324 ], [ 15.3950045, 45.6548091 ], [ 15.3949988, 45.6548608 ], [ 15.3949902, 45.6549398 ], [ 15.3949667, 45.6550964 ], [ 15.3950219, 45.65514 ], [ 15.3950353, 45.6553021 ], [ 15.3948035, 45.655482 ], [ 15.3949166, 45.6556558 ], [ 15.3950793, 45.6556874 ], [ 15.3951433, 45.6556678 ], [ 15.3952704, 45.6558145 ], [ 15.3953823, 45.6560113 ], [ 15.395419, 45.6560944 ], [ 15.3954303, 45.6562148 ], [ 15.3953803, 45.65633 ], [ 15.3951707, 45.6564961 ], [ 15.3950354, 45.6565826 ], [ 15.3949419, 45.6566789 ], [ 15.3945816, 45.6568661 ], [ 15.3944955, 45.6570259 ], [ 15.3944385, 45.6571986 ], [ 15.3946945, 45.6573726 ], [ 15.395036, 45.6574525 ], [ 15.3951421, 45.6576853 ], [ 15.3951853, 45.6577898 ], [ 15.3951994, 45.6578889 ], [ 15.3951038, 45.6580566 ], [ 15.3948011, 45.6582118 ], [ 15.3947438, 45.6582596 ], [ 15.3945025, 45.6584684 ], [ 15.3944363, 45.6585453 ], [ 15.3944433, 45.6585971 ], [ 15.3944641, 45.6587062 ], [ 15.3944852, 45.6588424 ], [ 15.3946146, 45.6589135 ], [ 15.3946519, 45.659054 ], [ 15.3946388, 45.6591425 ], [ 15.3945934, 45.6593465 ], [ 15.3946838, 45.6596118 ], [ 15.3947175, 45.6598486 ], [ 15.3947096, 45.6599758 ], [ 15.3946957, 45.6602976 ], [ 15.3942269, 45.6605486 ], [ 15.3942056, 45.6607566 ], [ 15.3943402, 45.6608445 ], [ 15.394495, 45.6608862 ], [ 15.3946472, 45.6610913 ], [ 15.3945904, 45.6611879 ], [ 15.3945086, 45.6612967 ], [ 15.3943685, 45.6613854 ], [ 15.3942185, 45.6614495 ], [ 15.3939916, 45.6615365 ], [ 15.3935117, 45.6616783 ], [ 15.3933391, 45.6617245 ], [ 15.3932369, 45.6617748 ], [ 15.3931417, 45.6618565 ], [ 15.3930139, 45.6619137 ], [ 15.3928794, 45.6619416 ], [ 15.3927439, 45.6619222 ], [ 15.3926208, 45.6619143 ], [ 15.3924621, 45.6619255 ], [ 15.3923877, 45.6619157 ], [ 15.3922629, 45.6619413 ], [ 15.3922253, 45.662018 ], [ 15.3922461, 45.6621238 ], [ 15.3923216, 45.6622404 ], [ 15.3924131, 45.6623501 ], [ 15.3924462, 45.6624321 ], [ 15.3924534, 45.6624951 ], [ 15.3923835, 45.6625496 ], [ 15.392246, 45.6625708 ], [ 15.3920116, 45.6625859 ], [ 15.3918443, 45.6625735 ], [ 15.3915583, 45.6625417 ], [ 15.3914651, 45.662549 ], [ 15.3913695, 45.6626038 ], [ 15.3913096, 45.6626852 ], [ 15.391301, 45.6627574 ], [ 15.3913438, 45.6628427 ], [ 15.3913931, 45.6629392 ], [ 15.3913472, 45.6630825 ], [ 15.3913156, 45.6631176 ], [ 15.3911976, 45.6631859 ], [ 15.3911823, 45.6632402 ], [ 15.3912141, 45.6634482 ], [ 15.3911764, 45.6635166 ], [ 15.3912356, 45.6636698 ], [ 15.3912546, 45.6637188 ], [ 15.39129, 45.6638215 ], [ 15.3911558, 45.6638855 ], [ 15.3910985, 45.6639354 ], [ 15.3910964, 45.6639985 ], [ 15.3911519, 45.6640678 ], [ 15.3912435, 45.6641889 ], [ 15.3913156, 45.6642819 ], [ 15.3910536, 45.6644008 ], [ 15.3909516, 45.6644556 ], [ 15.3909921, 45.6645904 ], [ 15.3910309, 45.6646194 ], [ 15.391038, 45.6646554 ], [ 15.3911297, 45.6647989 ], [ 15.391351, 45.6650023 ], [ 15.3913656, 45.6651249 ], [ 15.391363, 45.6651835 ], [ 15.391212, 45.6651733 ], [ 15.3911607, 45.6651805 ], [ 15.3911234, 45.6652685 ], [ 15.3912185, 45.6654074 ], [ 15.3912359, 45.6655087 ], [ 15.3913588, 45.6655754 ], [ 15.3915308, 45.6656846 ], [ 15.3915893, 45.6657585 ], [ 15.3916308, 45.6658506 ], [ 15.3917587, 45.6659263 ], [ 15.3918958, 45.6660909 ], [ 15.3918176, 45.6661207 ], [ 15.3918318, 45.6662236 ], [ 15.391891, 45.6663133 ], [ 15.391745, 45.6664539 ], [ 15.3918273, 45.6665817 ], [ 15.3919373, 45.6666496 ], [ 15.3917911, 45.6668815 ], [ 15.3918233, 45.6670051 ], [ 15.3917166, 45.6671866 ], [ 15.3916424, 45.6672829 ], [ 15.3915491, 45.6673769 ], [ 15.3912311, 45.6673903 ], [ 15.3910422, 45.6671912 ], [ 15.3908812, 45.6671625 ], [ 15.3907091, 45.6671354 ], [ 15.3905161, 45.6671198 ], [ 15.3902185, 45.6670915 ], [ 15.3900299, 45.6671541 ], [ 15.3898587, 45.6672059 ], [ 15.3897196, 45.6672553 ], [ 15.3895819, 45.6672877 ], [ 15.3894567, 45.6673163 ], [ 15.389352, 45.6674863 ], [ 15.3893139, 45.6675524 ], [ 15.3893251, 45.6677833 ], [ 15.389371, 45.6679531 ], [ 15.3894318, 45.6681501 ], [ 15.3892466, 45.6683484 ], [ 15.3890281, 45.6683522 ], [ 15.3888347, 45.6683028 ], [ 15.3886534, 45.6683168 ], [ 15.3884273, 45.6684434 ], [ 15.3882288, 45.6685079 ], [ 15.3880288, 45.6685621 ], [ 15.3878637, 45.6685846 ], [ 15.3878398, 45.6686033 ], [ 15.3877018, 45.6687271 ], [ 15.3876459, 45.6688591 ], [ 15.3875867, 45.669006 ], [ 15.3875688, 45.6692233 ], [ 15.3875427, 45.6693017 ], [ 15.387513, 45.6693696 ], [ 15.3873432, 45.6695283 ], [ 15.3870095, 45.6696708 ], [ 15.3870794, 45.6700903 ], [ 15.3869271, 45.6703352 ], [ 15.3867379, 45.6704805 ], [ 15.3865628, 45.6705987 ], [ 15.3864499, 45.6706784 ], [ 15.3862483, 45.6707214 ], [ 15.3858455, 45.6706368 ], [ 15.3854124, 45.6705716 ], [ 15.3851695, 45.6706588 ], [ 15.3849013, 45.6707687 ], [ 15.384791, 45.67081 ], [ 15.3845104, 45.6710384 ], [ 15.3845055, 45.6710793 ], [ 15.3844362, 45.6711699 ], [ 15.3843809, 45.6712479 ], [ 15.3842272, 45.671401 ], [ 15.384147, 45.6716329 ], [ 15.3841875, 45.6717925 ], [ 15.3842148, 45.6718948 ], [ 15.3844202, 45.6721102 ], [ 15.3842024, 45.6724157 ], [ 15.3843109, 45.6727105 ], [ 15.3843363, 45.67293 ], [ 15.3845071, 45.6730774 ], [ 15.3845762, 45.6731935 ], [ 15.3846312, 45.6733552 ], [ 15.3846506, 45.6734723 ], [ 15.3845343, 45.6735418 ], [ 15.3845246, 45.6736639 ], [ 15.384304169766835, 45.673901278912162 ], [ 15.41497236709672, 45.692875282864016 ], [ 15.426558422603941, 45.681772840968016 ], [ 15.425620117865055, 45.676174582300177 ], [ 15.402237201575671, 45.653843737212476 ], [ 15.395117587405441, 45.654047436991753 ], [ 15.395019, 45.6542302 ] ] ] } },
{ "type": "Feature", "properties": { "BM": 4259, "data": { "Oznaka Gr/Op/Dr": "grad", "Grad/općina/država": "OZALJ", "Rbr BM": 13, "Naziv BM": "BIRAČKO MJESTO BR. 13 OBREŽ VIVODINSKI", "Lokacija BM": "VATROGASNI DOM", "Adresa BM": "OBREŽ VIVODINSKI", "Glasovalo birača": 97, "Glasovalo birača (po listićima)": 97, "Važeći listići": 93, "Nevažeći listići": 4 }, "latitude": 45.6489039, "longitude": 15.4231006, "population": 145 }, "geometry": { "type": "Polygon", "coordinates": [ [ [ 15.405964976620742, 45.647726798320058 ], [ 15.4064017, 45.6478507 ], [ 15.4062552, 45.6481849 ], [ 15.4060807, 45.6482559 ], [ 15.4058636, 45.6484084 ], [ 15.4057985, 45.6484964 ], [ 15.4058253, 45.6486431 ], [ 15.405908, 45.6487655 ], [ 15.4060315, 45.648914 ], [ 15.406077, 45.6490862 ], [ 15.4061015, 45.6491395 ], [ 15.4060436, 45.6492223 ], [ 15.4061287, 45.6494278 ], [ 15.4061446, 45.6495669 ], [ 15.4061148, 45.6496578 ], [ 15.4060811, 45.6497602 ], [ 15.4061126, 45.6497863 ], [ 15.4061789, 45.6498322 ], [ 15.4062025, 45.6500139 ], [ 15.4060468, 45.6500673 ], [ 15.4060441, 45.6502436 ], [ 15.4060277, 45.6502727 ], [ 15.4059934, 45.650335 ], [ 15.4058717, 45.6503553 ], [ 15.4057734, 45.6503333 ], [ 15.4056899, 45.6503717 ], [ 15.4054517, 45.6503926 ], [ 15.4052561, 45.6503975 ], [ 15.4051762, 45.650376 ], [ 15.4051116, 45.6503591 ], [ 15.4050765, 45.6503189 ], [ 15.4048855, 45.650248 ], [ 15.4047948, 45.6502485 ], [ 15.4046785, 45.6503247 ], [ 15.4045621, 45.6504009 ], [ 15.4045034, 45.6504115 ], [ 15.4044116, 45.6503687 ], [ 15.404363806295311, 45.650354172804462 ], [ 15.402237201575671, 45.653843737212476 ], [ 15.425620117865055, 45.676174582300177 ], [ 15.445152627490167, 45.644331809036302 ], [ 15.421783440188314, 45.629754738458672 ], [ 15.41152695084825, 45.638600105840091 ], [ 15.405964976620742, 45.647726798320058 ] ] ] } },
{ "type": "Feature", "properties": { "BM": 4625, "data": { "Oznaka Gr/Op/Dr": "općina", "Grad/općina/država": "NETRETIĆ", "Rbr BM": 5, "Naziv BM": "BIRAČKO MJESTO BR. 5", "Lokacija BM": "KUĆA ROŽIĆ PEPE", "Adresa BM": "LONČAR BRDO 3", "Glasovalo birača": 31, "Glasovalo birača (po listićima)": 31, "Važeći listići": 31, "Nevažeći listići": 0 }, "latitude": 45.5413624, "longitude": 15.4157413, "population": 42 }, "geometry": { "type": "Polygon", "coordinates": [ [ [ 15.395650704706521, 45.5418666716484 ], [ 15.413503563663006, 45.5660270035102 ], [ 15.427529249517525, 45.541910021626471 ], [ 15.409155701621211, 45.523771535011697 ], [ 15.396466335147815, 45.523184677375831 ], [ 15.395650704706521, 45.5418666716484 ] ] ] } },
{ "type": "Feature", "properties": { "BM": 4634, "data": { "Oznaka Gr/Op/Dr": "općina", "Grad/općina/država": "NETRETIĆ", "Rbr BM": 14, "Naziv BM": "BIRAČKO MJESTO BR. 14", "Lokacija BM": "ZGRADA DRUŠTVENOG DOMA MRAČIN", "Adresa BM": "MRAČIN 65", "Glasovalo birača": 135, "Glasovalo birača (po listićima)": 135, "Važeći listići": 130, "Nevažeći listići": 5 }, "latitude": 45.4495, "longitude": 15.4160725, "population": 213 }, "geometry": { "type": "Polygon", "coordinates": [ [ [ 15.410667332995173, 45.426870192270052 ], [ 15.40802714515957, 45.467226718537326 ], [ 15.4211647533134, 45.470805367742614 ], [ 15.430623581609078, 45.459018705534639 ], [ 15.420267950035219, 45.423129765567268 ], [ 15.410667332995173, 45.426870192270052 ] ] ] } },
{ "type": "Feature", "properties": { "BM": 4414, "data": { "Oznaka Gr/Op/Dr": "grad", "Grad/općina/država": "SLUNJ", "Rbr BM": 5, "Naziv BM": "BIRAČKO MJESTO BR. 5", "Lokacija BM": "MJESNI DOM NIKŠIĆ", "Adresa BM": "DONJI NIKŠIĆ 1A", "Glasovalo birača": 254, "Glasovalo birača (po listićima)": 254, "Važeći listići": 248, "Nevažeći listići": 6 }, "latitude": 45.1511219, "longitude": 15.5582883, "population": 381 }, "geometry": { "type": "Polygon", "coordinates": [ [ [ 15.450227118253988, 45.137021099936916 ], [ 15.469838336421949, 45.19518962621818 ], [ 15.487563668997373, 45.206749245727522 ], [ 15.585197807677043, 45.200597600694216 ], [ 15.598430801480896, 45.185510544952386 ], [ 15.573368448271342, 45.142698222994781 ], [ 15.534963577476187, 45.108536461335383 ], [ 15.49290941516437, 45.07926474582343 ], [ 15.462229243640657, 45.093830782473823 ], [ 15.450227118253988, 45.137021099936916 ] ] ] } },
{ "type": "Feature", "properties": { "BM": 4002, "data": { "Oznaka Gr/Op/Dr": "grad", "Grad/općina/država": "DUGA RESA", "Rbr BM": 20, "Naziv BM": "BIRAČKO MJESTO BR. 20", "Lokacija BM": "PODRUČNA ŠKOLA ZVEČAJ", "Adresa BM": "ZVEČAJ 78", "Glasovalo birača": 173, "Glasovalo birača (po listićima)": 173, "Važeći listići": 171, "Nevažeći listići": 2 }, "latitude": 45.3872386, "longitude": 15.4268031, "population": 243 }, "geometry": { "type": "Polygon", "coordinates": [ [ [ 15.423621585969663, 45.411900184680292 ], [ 15.440452082159279, 45.394587986630576 ], [ 15.43878581084566, 45.368999210256064 ], [ 15.43380661528726, 45.364555580110469 ], [ 15.428013325569637, 45.364281631378503 ], [ 15.407613650765329, 45.389131672584995 ], [ 15.423621585969663, 45.411900184680292 ] ] ] } },
{ "type": "Feature", "properties": { "BM": 4621, "data": { "Oznaka Gr/Op/Dr": "općina", "Grad/općina/država": "NETRETIĆ", "Rbr BM": 1, "Naziv BM": "BIRAČKO MJESTO BR. 1", "Lokacija BM": "ZGRADA OSNOVNE ŠKOLE \"NETRETIĆ\" - PRIZEMLJE", "Adresa BM": "NETRETIĆ 1", "Glasovalo birača": 67, "Glasovalo birača (po listićima)": 67, "Važeći listići": 67, "Nevažeći listići": 0 }, "latitude": 45.5068636, "longitude": 15.4173368, "population": 100 }, "geometry": { "type": "Polygon", "coordinates": [ [ [ 15.423572117882912, 45.517889409156332 ], [ 15.425045126488689, 45.511544916178998 ], [ 15.413911941594616, 45.495458502252426 ], [ 15.386671754020583, 45.510726402521932 ], [ 15.396466335147815, 45.523184677375831 ], [ 15.409155701621211, 45.523771535011697 ], [ 15.423572117882912, 45.517889409156332 ] ] ] } },
{ "type": "Feature", "properties": { "BM": 4622, "data": { "Oznaka Gr/Op/Dr": "općina", "Grad/općina/država": "NETRETIĆ", "Rbr BM": 2, "Naziv BM": "BIRAČKO MJESTO BR. 2", "Lokacija BM": "KUĆA TOMISLAVA MOŠKUN", "Adresa BM": "ZAVRŠJE NETRETIĆKO 15A", "Glasovalo birača": 33, "Glasovalo birača (po listićima)": 33, "Važeći listići": 32, "Nevažeći listići": 1 }, "latitude": 45.5301301, "longitude": 15.4268299, "population": 48 }, "geometry": { "type": "Polygon", "coordinates": [ [ [ 15.409155701621211, 45.523771535011697 ], [ 15.427529249517525, 45.541910021626471 ], [ 15.449003805121645, 45.534995555869941 ], [ 15.45001630653598, 45.527704826931696 ], [ 15.423572117882912, 45.517889409156332 ], [ 15.409155701621211, 45.523771535011697 ] ] ] } },
{ "type": "Feature", "properties": { "BM": 4251, "data": { "Oznaka Gr/Op/Dr": "grad", "Grad/općina/država": "OZALJ", "Rbr BM": 5, "Naziv BM": "BIRAČKO MJESTO BR. 5 GRDUN", "Lokacija BM": "MO GRDUN", "Adresa BM": "GRDUN", "Glasovalo birača": 64, "Glasovalo birača (po listićima)": 64, "Važeći listići": 63, "Nevažeći listići": 1 }, "latitude": 45.5518849, "longitude": 15.4338346, "population": 103 }, "geometry": { "type": "Polygon", "coordinates": [ [ [ 15.414425659507137, 45.570573456515312 ], [ 15.457522067892249, 45.555747479890407 ], [ 15.449003805121645, 45.534995555869941 ], [ 15.427529249517525, 45.541910021626471 ], [ 15.413503563663006, 45.5660270035102 ], [ 15.414425659507137, 45.570573456515312 ] ] ] } },
{ "type": "Feature", "properties": { "BM": 4631, "data": { "Oznaka Gr/Op/Dr": "općina", "Grad/općina/država": "NETRETIĆ", "Rbr BM": 11, "Naziv BM": "BIRAČKO MJESTO BR. 11", "Lokacija BM": "ZGRADA PODRUČNE ŠKOLE NOVIGRAD", "Adresa BM": "NOVIGRAD NA DOBRI 19", "Glasovalo birača": 136, "Glasovalo birača (po listićima)": 136, "Važeći listići": 132, "Nevažeći listići": 4 }, "latitude": 45.4711634, "longitude": 15.4430673, "population": 201 }, "geometry": { "type": "Polygon", "coordinates": [ [ [ 15.425985251888344, 45.48240120906928 ], [ 15.440321293748484, 45.491356243257087 ], [ 15.453719942885472, 45.494416766069769 ], [ 15.457609241611248, 45.486158693545505 ], [ 15.459954426411537, 45.476997036185118 ], [ 15.449909242445711, 45.455430669193369 ], [ 15.430623581609078, 45.459018705534639 ], [ 15.4211647533134, 45.470805367742614 ], [ 15.425985251888344, 45.48240120906928 ] ] ] } },
{ "type": "Feature", "properties": { "BM": 4629, "data": { "Oznaka Gr/Op/Dr": "općina", "Grad/općina/država": "NETRETIĆ", "Rbr BM": 9, "Naziv BM": "BIRAČKO MJESTO BR. 9", "Lokacija BM": "KUĆA NIKOLE MARKUŠ", "Adresa BM": "VINSKI VRH 7A", "Glasovalo birača": 49, "Glasovalo birača (po listićima)": 49, "Važeći listići": 46, "Nevažeći listići": 3 }, "latitude": 45.5026816, "longitude": 15.4233794, "population": 64 }, "geometry": { "type": "Polygon", "coordinates": [ [ [ 15.413911941594616, 45.495458502252426 ], [ 15.425045126488689, 45.511544916178998 ], [ 15.440321293748484, 45.491356243257087 ], [ 15.425985251888344, 45.48240120906928 ], [ 15.413911941594616, 45.495458502252426 ] ] ] } },
{ "type": "Feature", "properties": { "BM": 4263, "data": { "Oznaka Gr/Op/Dr": "grad", "Grad/općina/država": "OZALJ", "Rbr BM": 17, "Naziv BM": "BIRAČKO MJESTO BR. 17 LOVIĆ PREKRIŠKI", "Lokacija BM": "VATROGASNI DOM", "Adresa BM": "LOVIĆ PREKRIŠKI", "Glasovalo birača": 33, "Glasovalo birača (po listićima)": 33, "Važeći listići": 33, "Nevažeći listići": 0 }, "latitude": 45.6660612, "longitude": 15.4510712, "population": 48 }, "geometry": { "type": "Polygon", "coordinates": [ [ [ 15.426558422603941, 45.681772840968016 ], [ 15.438724304494423, 45.686956426686109 ], [ 15.463359715064414, 45.671241252421922 ], [ 15.465739589992564, 45.650213344523856 ], [ 15.458040980841789, 45.640924934782042 ], [ 15.445152627490167, 45.644331809036302 ], [ 15.425620117865055, 45.676174582300177 ], [ 15.426558422603941, 45.681772840968016 ] ] ] } },
{ "type": "Feature", "properties": { "BM": 4256, "data": { "Oznaka Gr/Op/Dr": "grad", "Grad/općina/država": "OZALJ", "Rbr BM": 10, "Naziv BM": "BIRAČKO MJESTO BR. 10 SVETIČKO HRAŠĆE", "Lokacija BM": "LOVAČKI DOM", "Adresa BM": "SVETIČKO HRAŠĆE", "Glasovalo birača": 77, "Glasovalo birača (po listićima)": 77, "Važeći listići": 72, "Nevažeći listići": 5 }, "latitude": 45.5733657, "longitude": 15.4412244, "population": 106 }, "geometry": { "type": "Polygon", "coordinates": [ [ [ 15.409676705542919, 45.590403780172039 ], [ 15.419002319971897, 45.597216816746744 ], [ 15.452198605162634, 45.598340550822158 ], [ 15.463739836822645, 45.588782566731943 ], [ 15.464206637939791, 45.578880059114596 ], [ 15.459016895296443, 45.556976972724179 ], [ 15.457522067892249, 45.555747479890407 ], [ 15.414425659507137, 45.570573456515312 ], [ 15.409676705542919, 45.590403780172039 ] ] ] } },
{ "type": "Feature", "properties": { "BM": 4623, "data": { "Oznaka Gr/Op/Dr": "općina", "Grad/općina/država": "NETRETIĆ", "Rbr BM": 3, "Naziv BM": "BIRAČKO MJESTO BR. 3", "Lokacija BM": "KUĆA DRAGUTINA KUŠAN", "Adresa BM": "BRAJAKOVO BRDO 53", "Glasovalo birača": 59, "Glasovalo birača (po listićima)": 59, "Važeći listići": 58, "Nevažeći listići": 1 }, "latitude": 45.5107387, "longitude": 15.4340275, "population": 95 }, "geometry": { "type": "Polygon", "coordinates": [ [ [ 15.423572117882912, 45.517889409156332 ], [ 15.45001630653598, 45.527704826931696 ], [ 15.451087601442127, 45.526130912729343 ], [ 15.455405273620695, 45.497681872855161 ], [ 15.453719942885472, 45.494416766069769 ], [ 15.440321293748484, 45.491356243257087 ], [ 15.425045126488689, 45.511544916178998 ], [ 15.423572117882912, 45.517889409156332 ] ] ] } },
{ "type": "Feature", "properties": { "BM": 4633, "data": { "Oznaka Gr/Op/Dr": "općina", "Grad/općina/država": "NETRETIĆ", "Rbr BM": 13, "Naziv BM": "BIRAČKO MJESTO BR. 13", "Lokacija BM": "ZGRADA PODRUČNE ŠKOLE DUBRAVCI", "Adresa BM": "DUBRAVČANI 50", "Glasovalo birača": 200, "Glasovalo birača (po listićima)": 200, "Važeći listići": 191, "Nevažeći listići": 9 }, "latitude": 45.4432113, "longitude": 15.4378669, "population": 348 }, "geometry": { "type": "Polygon", "coordinates": [ [ [ 15.420267950035219, 45.423129765567268 ], [ 15.430623581609078, 45.459018705534639 ], [ 15.449909242445711, 45.455430669193369 ], [ 15.455308327632439, 45.446438717108656 ], [ 15.454573515432706, 45.4401501912402 ], [ 15.424296214109971, 45.420126480626649 ], [ 15.423381128205806, 45.419858181541258 ], [ 15.420267950035219, 45.423129765567268 ] ] ] } },
{ "type": "Feature", "properties": { "BM": 4441, "data": { "Oznaka Gr/Op/Dr": "općina", "Grad/općina/država": "BARILOVIĆ", "Rbr BM": 9, "Naziv BM": "BIRAČKO MJESTO BR. 9", "Lokacija BM": "OPĆINSKA ZGRADA", "Adresa BM": "PERJASICA 1", "Glasovalo birača": 21, "Glasovalo birača (po listićima)": 21, "Važeći listići": 21, "Nevažeći listići": 0 }, "latitude": 45.2938994, "longitude": 15.4651756, "population": 162 }, "geometry": { "type": "Polygon", "coordinates": [ [ [ 15.454937133936353, 45.323608834848052 ], [ 15.466612144288293, 45.325447267563284 ], [ 15.510762522686749, 45.320514195083071 ], [ 15.51536008099165, 45.274495164318125 ], [ 15.487563668997373, 45.206749245727522 ], [ 15.469838336421949, 45.19518962621818 ], [ 15.408885438484663, 45.265400145866835 ], [ 15.412050396528352, 45.290864274679329 ], [ 15.454937133936353, 45.323608834848052 ] ] ] } },
{ "type": "Feature", "properties": { "BM": 4255, "data": { "Oznaka Gr/Op/Dr": "grad", "Grad/općina/država": "OZALJ", "Rbr BM": 9, "Naziv BM": "BIRAČKO MJESTO BR. 9 FRATROVCI", "Lokacija BM": "KUĆA JOSIPA MRLJAKA", "Adresa BM": "FRATROVCI  21", "Glasovalo birača": 23, "Glasovalo birača (po listićima)": 22, "Važeći listići": 22, "Nevažeći listići": 0 }, "latitude": 45.6225161, "longitude": 15.4395606, "population": 29 }, "geometry": { "type": "Polygon", "coordinates": [ [ [ 15.421783440188314, 45.629754738458672 ], [ 15.445152627490167, 45.644331809036302 ], [ 15.458040980841789, 45.640924934782042 ], [ 15.460866051588392, 45.63318091650428 ], [ 15.452198605162634, 45.598340550822158 ], [ 15.419002319971897, 45.597216816746744 ], [ 15.421783440188314, 45.629754738458672 ] ] ] } },
{ "type": "Feature", "properties": { "BM": 4003, "data": { "Oznaka Gr/Op/Dr": "grad", "Grad/općina/država": "DUGA RESA", "Rbr BM": 21, "Naziv BM": "BIRAČKO MJESTO BR. 21", "Lokacija BM": "ŠKOLA DONJI ZVEČAJ", "Adresa BM": "DONJI ZVEČAJ 8", "Glasovalo birača": 100, "Glasovalo birača (po listićima)": 100, "Važeći listići": 94, "Nevažeći listići": 6 }, "latitude": 45.4080242, "longitude": 15.4481836, "population": 140 }, "geometry": { "type": "Polygon", "coordinates": [ [ [ 15.423381128205806, 45.419858181541258 ], [ 15.424296214109971, 45.420126480626649 ], [ 15.445919109716645, 45.416418356020998 ], [ 15.45787723939805, 45.403574726923075 ], [ 15.455732156700801, 45.397882017353062 ], [ 15.440452082159279, 45.394587986630576 ], [ 15.423621585969663, 45.411900184680292 ], [ 15.423381128205806, 45.419858181541258 ] ] ] } },
{ "type": "Feature", "properties": { "BM": 4252, "data": { "Oznaka Gr/Op/Dr": "grad", "Grad/općina/država": "OZALJ", "Rbr BM": 6, "Naziv BM": "BIRAČKO MJESTO BR. 6 TOMAŠNICA", "Lokacija BM": "KUĆA VERICE KAIN", "Adresa BM": "TOMAŠNICA 23", "Glasovalo birača": 77, "Glasovalo birača (po listićima)": 77, "Važeći listići": 74, "Nevažeći listići": 3 }, "latitude": 45.5363565, "longitude": 15.4716644, "population": 110 }, "geometry": { "type": "Polygon", "coordinates": [ [ [ 15.449003805121645, 45.534995555869941 ], [ 15.457522067892249, 45.555747479890407 ], [ 15.459016895296443, 45.556976972724179 ], [ 15.485447570266222, 45.546701622188621 ], [ 15.477828280835043, 45.527095162339307 ], [ 15.463981713731142, 45.526313974601749 ], [ 15.451087601442127, 45.526130912729343 ], [ 15.45001630653598, 45.527704826931696 ], [ 15.449003805121645, 45.534995555869941 ] ] ] } },
{ "type": "Feature", "properties": { "BM": 4495, "data": { "Oznaka Gr/Op/Dr": "općina", "Grad/općina/država": "GENERALSKI STOL", "Rbr BM": 1, "Naziv BM": "BIRAČKO MJESTO BR. 1", "Lokacija BM": "ŠKOLA BUKOVLJE", "Adresa BM": "DONJE BUKOVLJE 6", "Glasovalo birača": 145, "Glasovalo birača (po listićima)": 145, "Važeći listići": 137, "Nevažeći listići": 8 }, "latitude": 45.3855306, "longitude": 15.4530327, "population": 218 }, "geometry": { "type": "Polygon", "coordinates": [ [ [ 15.440452082159279, 45.394587986630576 ], [ 15.455732156700801, 45.397882017353062 ], [ 15.470106032445921, 45.383437279544474 ], [ 15.46523219316639, 45.372767769759726 ], [ 15.462486219514291, 45.370955079030288 ], [ 15.43878581084566, 45.368999210256064 ], [ 15.440452082159279, 45.394587986630576 ] ] ] } },
{ "type": "Feature", "properties": { "BM": 4443, "data": { "Oznaka Gr/Op/Dr": "općina", "Grad/općina/država": "BARILOVIĆ", "Rbr BM": 11, "Naziv BM": "BIRAČKO MJESTO BR. 11", "Lokacija BM": "KUĆA GRGINČIĆ JOSIPA", "Adresa BM": "VIJENAC BARILOVIĆKI 2", "Glasovalo birača": 33, "Glasovalo birača (po listićima)": 33, "Važeći listići": 33, "Nevažeći listići": 0 }, "latitude": 45.355027, "longitude": 15.45555, "population": 41 }, "geometry": { "type": "Polygon", "coordinates": [ [ [ 15.43878581084566, 45.368999210256064 ], [ 15.462486219514291, 45.370955079030288 ], [ 15.466612144288293, 45.325447267563284 ], [ 15.454937133936353, 45.323608834848052 ], [ 15.43380661528726, 45.364555580110469 ], [ 15.43878581084566, 45.368999210256064 ] ] ] } },
{ "type": "Feature", "properties": { "BM": 4007, "data": { "Oznaka Gr/Op/Dr": "grad", "Grad/općina/država": "DUGA RESA", "Rbr BM": 25, "Naziv BM": "BIRAČKO MJESTO BR. 25", "Lokacija BM": "PROSTORIJE MO LIŠNICA", "Adresa BM": "LIŠNICA BB", "Glasovalo birača": 103, "Glasovalo birača (po listićima)": 103, "Važeći listići": 103, "Nevažeći listići": 0 }, "latitude": 45.4603165, "longitude": 15.4663549, "population": 149 }, "geometry": { "type": "Polygon", "coordinates": [ [ [ 15.459954426411537, 45.476997036185118 ], [ 15.473400873970137, 45.469335276578263 ], [ 15.473603328305897, 45.465590058339686 ], [ 15.468578454388481, 45.44970645286682 ], [ 15.455308327632439, 45.446438717108656 ], [ 15.449909242445711, 45.455430669193369 ], [ 15.459954426411537, 45.476997036185118 ] ] ] } },
{ "type": "Feature", "properties": { "BM": 4005, "data": { "Oznaka Gr/Op/Dr": "grad", "Grad/općina/država": "DUGA RESA", "Rbr BM": 23, "Naziv BM": "BIRAČKO MJESTO BR. 23", "Lokacija BM": "KUĆA MIJE KAPELIĆA", "Adresa BM": "GRŠĆAKI 1", "Glasovalo birača": 36, "Glasovalo birača (po listićima)": 36, "Važeći listići": 36, "Nevažeći listići": 0 }, "latitude": 45.4392771, "longitude": 15.4715358, "population": 60 }, "geometry": { "type": "Polygon", "coordinates": [ [ [ 15.455308327632439, 45.446438717108656 ], [ 15.468578454388481, 45.44970645286682 ], [ 15.481235835016731, 45.446182547233697 ], [ 15.484395597975441, 45.439802465097124 ], [ 15.48334184605994, 45.433501911523194 ], [ 15.46449405708961, 45.427078763665641 ], [ 15.454573515432706, 45.4401501912402 ], [ 15.455308327632439, 45.446438717108656 ] ] ] } },
{ "type": "Feature", "properties": { "BM": 4635, "data": { "Oznaka Gr/Op/Dr": "općina", "Grad/općina/država": "NETRETIĆ", "Rbr BM": 15, "Naziv BM": "BIRAČKO MJESTO BR. 15", "Lokacija BM": "DRUŠTVENI DOM SKUPICA", "Adresa BM": "SKUPICA 36", "Glasovalo birača": 86, "Glasovalo birača (po listićima)": 86, "Važeći listići": 85, "Nevažeći listići": 1 }, "latitude": 45.4878189, "longitude": 15.4784316, "population": 147 }, "geometry": { "type": "Polygon", "coordinates": [ [ [ 15.453719942885472, 45.494416766069769 ], [ 15.455405273620695, 45.497681872855161 ], [ 15.483636088473725, 45.504066681780273 ], [ 15.485761522244646, 45.504478046724074 ], [ 15.489672008625098, 45.501054017365171 ], [ 15.493355037141654, 45.486548060666493 ], [ 15.489028008150347, 45.482688823633374 ], [ 15.457609241611248, 45.486158693545505 ], [ 15.453719942885472, 45.494416766069769 ] ] ] } },
{ "type": "Feature", "properties": { "BM": 4001, "data": { "Oznaka Gr/Op/Dr": "grad", "Grad/općina/država": "DUGA RESA", "Rbr BM": 19, "Naziv BM": "BIRAČKO MJESTO BR. 19", "Lokacija BM": "DRUŠTVENI DOM DVORJANCI", "Adresa BM": "DVORJANCI BB", "Glasovalo birača": 111, "Glasovalo birača (po listićima)": 111, "Važeći listići": 107, "Nevažeći listići": 4 }, "latitude": 45.4235784, "longitude": 15.450851, "population": 160 }, "geometry": { "type": "Polygon", "coordinates": [ [ [ 15.454573515432706, 45.4401501912402 ], [ 15.46449405708961, 45.427078763665641 ], [ 15.464167319053864, 45.422392279164782 ], [ 15.445919109716645, 45.416418356020998 ], [ 15.424296214109971, 45.420126480626649 ], [ 15.454573515432706, 45.4401501912402 ] ] ] } },
{ "type": "Feature", "properties": { "BM": 4004, "data": { "Oznaka Gr/Op/Dr": "grad", "Grad/općina/država": "DUGA RESA", "Rbr BM": 22, "Naziv BM": "BIRAČKO MJESTO BR. 22", "Lokacija BM": "KUĆA MALOVIĆ IVICE", "Adresa BM": "MREŽNIČKI VENAC 17", "Glasovalo birača": 80, "Glasovalo birača (po listićima)": 80, "Važeći listići": 79, "Nevažeći listići": 1 }, "latitude": 45.413561, "longitude": 15.4541304, "population": 110 }, "geometry": { "type": "Polygon", "coordinates": [ [ [ 15.464167319053864, 45.422392279164782 ], [ 15.467235089481459, 45.413597083894921 ], [ 15.45787723939805, 45.403574726923075 ], [ 15.445919109716645, 45.416418356020998 ], [ 15.464167319053864, 45.422392279164782 ] ] ] } },
{ "type": "Feature", "properties": { "BM": 4264, "data": { "Oznaka Gr/Op/Dr": "grad", "Grad/općina/država": "OZALJ", "Rbr BM": 18, "Naziv BM": "BIRAČKO MJESTO BR. 18 VRHOVAC", "Lokacija BM": "VATROGASNI DOM", "Adresa BM": "VRHOVAC", "Glasovalo birača": 281, "Glasovalo birača (po listićima)": 281, "Važeći listići": 266, "Nevažeći listići": 15 }, "latitude": 45.6387403, "longitude": 15.484034, "population": 418 }, "geometry": { "type": "Polygon", "coordinates": [ [ [ 15.458040980841789, 45.640924934782042 ], [ 15.465739589992564, 45.650213344523856 ], [ 15.470863145775452, 45.65149242230941 ], [ 15.499338445905876, 45.644683172744472 ], [ 15.490605092876962, 45.629534995838426 ], [ 15.475687161146194, 45.628137948150226 ], [ 15.468184823552196, 45.630441778774532 ], [ 15.460866051588392, 45.63318091650428 ], [ 15.458040980841789, 45.640924934782042 ] ] ] } },
{ "type": "Feature", "properties": { "BM": 3998, "data": { "Oznaka Gr/Op/Dr": "grad", "Grad/općina/država": "DUGA RESA", "Rbr BM": 16, "Naziv BM": "BIRAČKO MJESTO BR. 16", "Lokacija BM": "MONTAŽNI OBJEKT PORED KUĆE MIJE MIHALIĆA", "Adresa BM": "MIHALIĆ SELO 15", "Glasovalo birača": 59, "Glasovalo birača (po listićima)": 59, "Važeći listići": 57, "Nevažeći listići": 2 }, "latitude": 45.4005207, "longitude": 15.4680967, "population": 107 }, "geometry": { "type": "Polygon", "coordinates": [ [ [ 15.455732156700801, 45.397882017353062 ], [ 15.45787723939805, 45.403574726923075 ], [ 15.467235089481459, 45.413597083894921 ], [ 15.474796994287294, 45.410235813213454 ], [ 15.481073608701623, 45.389097625330777 ], [ 15.470106032445921, 45.383437279544474 ], [ 15.455732156700801, 45.397882017353062 ] ] ] } },
{ "type": "Feature", "properties": { "BM": 4249, "data": { "Oznaka Gr/Op/Dr": "grad", "Grad/općina/država": "OZALJ", "Rbr BM": 3, "Naziv BM": "BIRAČKO MJESTO BR. 3 OZALJ GRAD", "Lokacija BM": "OZALJ GRAD", "Adresa BM": "ZRINSKIH I FRANKOPANA 15", "Glasovalo birača": 167, "Glasovalo birača (po listićima)": 167, "Važeći listići": 167, "Nevažeći listići": 0 }, "latitude": 45.6137765, "longitude": 15.474691, "population": 248 }, "geometry": { "type": "Polygon", "coordinates": [ [ [ 15.452198605162634, 45.598340550822158 ], [ 15.460866051588392, 45.63318091650428 ], [ 15.468184823552196, 45.630441778774532 ], [ 15.476201885412344, 45.613070589071071 ], [ 15.470720391647763, 45.593930092979193 ], [ 15.46979511729084, 45.590828436141599 ], [ 15.463739836822645, 45.588782566731943 ], [ 15.452198605162634, 45.598340550822158 ] ] ] } },
{ "type": "Feature", "properties": { "BM": 4624, "data": { "Oznaka Gr/Op/Dr": "općina", "Grad/općina/država": "NETRETIĆ", "Rbr BM": 4, "Naziv BM": "BIRAČKO MJESTO BR. 4", "Lokacija BM": "ZGRADA PODRUČNE ŠKOLE DONJE STATIVE", "Adresa BM": "DONJE STATIVE 1", "Glasovalo birača": 111, "Glasovalo birača (po listićima)": 111, "Važeći listići": 107, "Nevažeći listići": 4 }, "latitude": 45.5164936, "longitude": 15.4719464, "population": 173 }, "geometry": { "type": "Polygon", "coordinates": [ [ [ 15.451087601442127, 45.526130912729343 ], [ 15.463981713731142, 45.526313974601749 ], [ 15.483636088473725, 45.504066681780273 ], [ 15.455405273620695, 45.497681872855161 ], [ 15.451087601442127, 45.526130912729343 ] ] ] } },
{ "type": "Feature", "properties": { "BM": 4000, "data": { "Oznaka Gr/Op/Dr": "grad", "Grad/općina/država": "DUGA RESA", "Rbr BM": 18, "Naziv BM": "BIRAČKO MJESTO BR. 18", "Lokacija BM": "PROSTORIJE PODRUČNE ŠKOLE BELAVIĆI", "Adresa BM": "BELAVIĆI", "Glasovalo birača": 302, "Glasovalo birača (po listićima)": 302, "Važeći listići": 288, "Nevažeći listići": 14 }, "latitude": 45.4217191, "longitude": 15.4775194, "population": 438 }, "geometry": { "type": "Polygon", "coordinates": [ [ [ 15.46449405708961, 45.427078763665641 ], [ 15.48334184605994, 45.433501911523194 ], [ 15.484133809321921, 45.432387120159902 ], [ 15.48212400011132, 45.413995862966239 ], [ 15.474796994287294, 45.410235813213454 ], [ 15.467235089481459, 45.413597083894921 ], [ 15.464167319053864, 45.422392279164782 ], [ 15.46449405708961, 45.427078763665641 ] ] ] } },
{ "type": "Feature", "properties": { "BM": 4442, "data": { "Oznaka Gr/Op/Dr": "općina", "Grad/općina/država": "BARILOVIĆ", "Rbr BM": 10, "Naziv BM": "BIRAČKO MJESTO BR. 10", "Lokacija BM": "DVD SIČA", "Adresa BM": "SIČA 8", "Glasovalo birača": 96, "Glasovalo birača (po listićima)": 96, "Važeći listići": 95, "Nevažeći listići": 1 }, "latitude": 45.3565342, "longitude": 15.472174, "population": 136 }, "geometry": { "type": "Polygon", "coordinates": [ [ [ 15.46523219316639, 45.372767769759726 ], [ 15.501985656883823, 45.347196534763093 ], [ 15.51169446621866, 45.32206842552057 ], [ 15.510762522686749, 45.320514195083071 ], [ 15.466612144288293, 45.325447267563284 ], [ 15.462486219514291, 45.370955079030288 ], [ 15.46523219316639, 45.372767769759726 ] ] ] } },
{ "type": "Feature", "properties": { "BM": 4444, "data": { "Oznaka Gr/Op/Dr": "općina", "Grad/općina/država": "BARILOVIĆ", "Rbr BM": 12, "Naziv BM": "BIRAČKO MJESTO BR. 12", "Lokacija BM": "ŠKOLA U BARILOVIĆKOM CEROVCU", "Adresa BM": "BARILOVIĆKI CEROVAC 17", "Glasovalo birača": 67, "Glasovalo birača (po listićima)": 67, "Važeći listići": 65, "Nevažeći listići": 2 }, "latitude": 45.3719025, "longitude": 15.4828665, "population": 110 }, "geometry": { "type": "Polygon", "coordinates": [ [ [ 15.470106032445921, 45.383437279544474 ], [ 15.481073608701623, 45.389097625330777 ], [ 15.49938370181159, 45.387557593806129 ], [ 15.501985656883823, 45.347196534763093 ], [ 15.46523219316639, 45.372767769759726 ], [ 15.470106032445921, 45.383437279544474 ] ] ] } },
{ "type": "Feature", "properties": { "BM": 4636, "data": { "Oznaka Gr/Op/Dr": "općina", "Grad/općina/država": "NETRETIĆ", "Rbr BM": 16, "Naziv BM": "BIRAČKO MJESTO BR. 16", "Lokacija BM": "ZGRADA PODRUČNE ŠKOLE ZAGRADCI", "Adresa BM": "ZAGRADCI 69", "Glasovalo birača": 119, "Glasovalo birača (po listićima)": 119, "Važeći listići": 112, "Nevažeći listići": 7 }, "latitude": 45.4799947, "longitude": 15.4775675, "population": 178 }, "geometry": { "type": "Polygon", "coordinates": [ [ [ 15.457609241611248, 45.486158693545505 ], [ 15.489028008150347, 45.482688823633374 ], [ 15.482739526497811, 45.471221460551462 ], [ 15.473400873970137, 45.469335276578263 ], [ 15.459954426411537, 45.476997036185118 ], [ 15.457609241611248, 45.486158693545505 ] ] ] } },
{ "type": "Feature", "properties": { "BM": 4125, "data": { "Oznaka Gr/Op/Dr": "grad", "Grad/općina/država": "KARLOVAC", "Rbr BM": 72, "Naziv BM": "BIRAČKO MJESTO BR. 72", "Lokacija BM": "PROSTORIJE MO GORNJE STATIVE", "Adresa BM": "GORNJE STATIVE 1 A", "Glasovalo birača": 230, "Glasovalo birača (po listićima)": 230, "Važeći listići": 224, "Nevažeći listići": 6 }, "latitude": 45.5171993, "longitude": 15.4727452, "population": 332 }, "geometry": { "type": "Polygon", "coordinates": [ [ [ 15.463981713731142, 45.526313974601749 ], [ 15.477828280835043, 45.527095162339307 ], [ 15.487015664969169, 45.515481363498161 ], [ 15.485761522244646, 45.504478046724074 ], [ 15.483636088473725, 45.504066681780273 ], [ 15.463981713731142, 45.526313974601749 ] ] ] } },
{ "type": "Feature", "properties": { "BM": 3993, "data": { "Oznaka Gr/Op/Dr": "grad", "Grad/općina/država": "DUGA RESA", "Rbr BM": 11, "Naziv BM": "BIRAČKO MJESTO BR. 11", "Lokacija BM": "KUĆA PROTULIPAC VIDE", "Adresa BM": "PETRAKOVO BRDO 22B", "Glasovalo birača": 75, "Glasovalo birača (po listićima)": 75, "Važeći listići": 74, "Nevažeći listići": 1 }, "latitude": 45.4571071, "longitude": 15.4764998, "population": 109 }, "geometry": { "type": "Polygon", "coordinates": [ [ [ 15.473603328305897, 45.465590058339686 ], [ 15.484228384364155, 45.452701546972484 ], [ 15.481235835016731, 45.446182547233697 ], [ 15.468578454388481, 45.44970645286682 ], [ 15.473603328305897, 45.465590058339686 ] ] ] } },
{ "type": "Feature", "properties": { "BM": 4253, "data": { "Oznaka Gr/Op/Dr": "grad", "Grad/općina/država": "OZALJ", "Rbr BM": 7, "Naziv BM": "BIRAČKO MJESTO BR. 7 JAŠKOVO", "Lokacija BM": "MO JAŠKOVO", "Adresa BM": "JAŠKOVO", "Glasovalo birača": 209, "Glasovalo birača (po listićima)": 209, "Važeći listići": 201, "Nevažeći listići": 8 }, "latitude": 45.56364, "longitude": 15.4822713, "population": 352 }, "geometry": { "type": "Polygon", "coordinates": [ [ [ 15.464206637939791, 45.578880059114596 ], [ 15.500961220406372, 45.562420858410299 ], [ 15.500522375512345, 45.558725205165928 ], [ 15.49686418076084, 45.548844045993604 ], [ 15.485447570266222, 45.546701622188621 ], [ 15.459016895296443, 45.556976972724179 ], [ 15.464206637939791, 45.578880059114596 ] ] ] } },
{ "type": "Feature", "properties": { "BM": 4247, "data": { "Oznaka Gr/Op/Dr": "grad", "Grad/općina/država": "OZALJ", "Rbr BM": 1, "Naziv BM": "BIRAČKO MJESTO BR. 1 KURILOVAC", "Lokacija BM": "GRADSKA VIJEĆNICA", "Adresa BM": "KURILOVAC 1", "Glasovalo birača": 559, "Glasovalo birača (po listićima)": 557, "Važeći listići": 546, "Nevažeći listići": 11 }, "latitude": 45.6127082, "longitude": 15.4782721, "population": 806 }, "geometry": { "type": "Polygon", "coordinates": [ [ [ 15.470720391647763, 45.593930092979193 ], [ 15.478871314712675, 45.614860048367596 ], [ 15.481303598693959, 45.616868864806328 ], [ 15.492476950706932, 45.603952119089016 ], [ 15.493840554799281, 45.596868642070881 ], [ 15.46979511729084, 45.590828436141599 ], [ 15.470720391647763, 45.593930092979193 ] ] ] } },
{ "type": "Feature", "properties": { "BM": 4257, "data": { "Oznaka Gr/Op/Dr": "grad", "Grad/općina/država": "OZALJ", "Rbr BM": 11, "Naziv BM": "BIRAČKO MJESTO BR. 11 POLICE", "Lokacija BM": "ŠKOLA POLICE", "Adresa BM": "POLICE", "Glasovalo birača": 113, "Glasovalo birača (po listićima)": 113, "Važeći listići": 108, "Nevažeći listići": 5 }, "latitude": 45.6128697, "longitude": 15.4778574, "population": 192 }, "geometry": { "type": "Polygon", "coordinates": [ [ [ 15.476201885412344, 45.613070589071071 ], [ 15.478871314712675, 45.614860048367596 ], [ 15.470720391647763, 45.593930092979193 ], [ 15.476201885412344, 45.613070589071071 ] ] ] } },
{ "type": "Feature", "properties": { "BM": 3992, "data": { "Oznaka Gr/Op/Dr": "grad", "Grad/općina/država": "DUGA RESA", "Rbr BM": 10, "Naziv BM": "BIRAČKO MJESTO BR. 10", "Lokacija BM": "VATROGASNI DOM STARA SELA", "Adresa BM": "FRANKOPANSKA BB", "Glasovalo birača": 397, "Glasovalo birača (po listićima)": 397, "Važeći listići": 387, "Nevažeći listići": 10 }, "latitude": 45.4611286, "longitude": 15.481378, "population": 580 }, "geometry": { "type": "Polygon", "coordinates": [ [ [ 15.473400873970137, 45.469335276578263 ], [ 15.482739526497811, 45.471221460551462 ], [ 15.490493327679408, 45.462657875302511 ], [ 15.485269894947924, 45.453726060488904 ], [ 15.484228384364155, 45.452701546972484 ], [ 15.473603328305897, 45.465590058339686 ], [ 15.473400873970137, 45.469335276578263 ] ] ] } },
{ "type": "Feature", "properties": { "BM": 4254, "data": { "Oznaka Gr/Op/Dr": "grad", "Grad/općina/država": "OZALJ", "Rbr BM": 8, "Naziv BM": "BIRAČKO MJESTO BR. 8 OZALJSKI NOVAKI", "Lokacija BM": "VATROGASNI DOM DVORIŠĆE", "Adresa BM": "OZALJSKI NOVAKI", "Glasovalo birača": 72, "Glasovalo birača (po listićima)": 72, "Važeći listići": 68, "Nevažeći listići": 4 }, "latitude": 45.6146783, "longitude": 15.476645, "population": 129 }, "geometry": { "type": "Polygon", "coordinates": [ [ [ 15.468184823552196, 45.630441778774532 ], [ 15.475687161146194, 45.628137948150226 ], [ 15.481303598693959, 45.616868864806328 ], [ 15.478871314712675, 45.614860048367596 ], [ 15.476201885412344, 45.613070589071071 ], [ 15.468184823552196, 45.630441778774532 ] ] ] } },
{ "type": "Feature", "properties": { "BM": 4250, "data": { "Oznaka Gr/Op/Dr": "grad", "Grad/općina/država": "OZALJ", "Rbr BM": 4, "Naziv BM": "BIRAČKO MJESTO BR. 4 MALI ERJAVEC", "Lokacija BM": "MO MALI ERJAVEC", "Adresa BM": "MALI ERJAVEC", "Glasovalo birača": 229, "Glasovalo birača (po listićima)": 229, "Važeći listići": 221, "Nevažeći listići": 8 }, "latitude": 45.5755521, "longitude": 15.4876057, "population": 380 }, "geometry": { "type": "Polygon", "coordinates": [ [ [ 15.463739836822645, 45.588782566731943 ], [ 15.46979511729084, 45.590828436141599 ], [ 15.493840554799281, 45.596868642070881 ], [ 15.500771666474954, 45.594413102034203 ], [ 15.504865742314479, 45.585740012399022 ], [ 15.503820486222237, 45.567993159869687 ], [ 15.500961220406372, 45.562420858410299 ], [ 15.464206637939791, 45.578880059114596 ], [ 15.463739836822645, 45.588782566731943 ] ] ] } },
{ "type": "Feature", "properties": { "BM": 4006, "data": { "Oznaka Gr/Op/Dr": "grad", "Grad/općina/država": "DUGA RESA", "Rbr BM": 24, "Naziv BM": "BIRAČKO MJESTO BR. 24", "Lokacija BM": "KLUB ŠPORTSKIH RIBOLOVACA \"MREŽNICA\"", "Adresa BM": "SVETI PETAR MREŽNIČKI 28A", "Glasovalo birača": 181, "Glasovalo birača (po listićima)": 181, "Važeći listići": 170, "Nevažeći listići": 11 }, "latitude": 45.4351212, "longitude": 15.4963846, "population": 301 }, "geometry": { "type": "Polygon", "coordinates": [ [ [ 15.51206228949146, 45.423772223821899 ], [ 15.512026461333413, 45.416896538135447 ], [ 15.484133809321921, 45.432387120159902 ], [ 15.48334184605994, 45.433501911523194 ], [ 15.484395597975441, 45.439802465097124 ], [ 15.490751229884342, 45.441447680722881 ], [ 15.493760957769574, 45.441135747769977 ], [ 15.499912894267995, 45.43997537416022 ], [ 15.501530156989745, 45.438728898667549 ], [ 15.511580576795629, 45.425221444277653 ], [ 15.51206228949146, 45.423772223821899 ] ] ] } },
{ "type": "Feature", "properties": { "BM": 4654, "data": { "Oznaka Gr/Op/Dr": "općina", "Grad/općina/država": "PLAŠKI", "Rbr BM": 1, "Naziv BM": "BIRAČKO MJESTO BR. 1", "Lokacija BM": "(BIVŠA) ZGRADA OPĆINE PLAŠKI", "Adresa BM": "143. DOMOBRANSKE PUKOVNIJE BR. 5", "Glasovalo birača": 289, "Glasovalo birača (po listićima)": 289, "Važeći listići": 279, "Nevažeći listići": 10 }, "latitude": 45.4422483, "longitude": 15.5178263, "population": 618 }, "geometry": { "type": "Polygon", "coordinates": [ [ [ 15.511580576795629, 45.425221444277653 ], [ 15.512516467910411, 45.453753191056265 ], [ 15.521700570642464, 45.461668782584702 ], [ 15.531035675435001, 45.449875820225486 ], [ 15.51206228949146, 45.423772223821899 ], [ 15.511580576795629, 45.425221444277653 ] ] ] } },
{ "type": "Feature", "properties": { "BM": 4440, "data": { "Oznaka Gr/Op/Dr": "općina", "Grad/općina/država": "BARILOVIĆ", "Rbr BM": 8, "Naziv BM": "BIRAČKO MJESTO BR. 8", "Lokacija BM": "PROSTORIJE KUĆE ZA ODMOR MARČINKOVIĆ", "Adresa BM": "ŠĆULAC 13", "Glasovalo birača": 75, "Glasovalo birača (po listićima)": 75, "Važeći listići": 74, "Nevažeći listići": 1 }, "latitude": 45.3741529, "longitude": 15.5177743, "population": 115 }, "geometry": { "type": "Polygon", "coordinates": [ [ [ 15.501985656883823, 45.347196534763093 ], [ 15.49938370181159, 45.387557593806129 ], [ 15.501406690440156, 45.389610160163798 ], [ 15.529355593951063, 45.381437482334739 ], [ 15.525836881990786, 45.330656735898884 ], [ 15.51169446621866, 45.32206842552057 ], [ 15.501985656883823, 45.347196534763093 ] ] ] } },
{ "type": "Feature", "properties": { "BM": 3990, "data": { "Oznaka Gr/Op/Dr": "grad", "Grad/općina/država": "DUGA RESA", "Rbr BM": 8, "Naziv BM": "BIRAČKO MJESTO BR. 8", "Lokacija BM": "KUĆA GAJSKI IVANA", "Adresa BM": "NIKOLE TESLE 4", "Glasovalo birača": 229, "Glasovalo birača (po listićima)": 229, "Važeći listići": 223, "Nevažeći listići": 6 }, "latitude": 45.4497129, "longitude": 15.4926074, "population": 311 }, "geometry": { "type": "Polygon", "coordinates": [ [ [ 15.484228384364155, 45.452701546972484 ], [ 15.485269894947924, 45.453726060488904 ], [ 15.493872769869375, 45.451656853224293 ], [ 15.49489439055813, 45.450780333643074 ], [ 15.494371039974418, 45.447003138989999 ], [ 15.490751229884342, 45.441447680722881 ], [ 15.484395597975441, 45.439802465097124 ], [ 15.481235835016731, 45.446182547233697 ], [ 15.484228384364155, 45.452701546972484 ] ] ] } },
{ "type": "Feature", "properties": { "BM": 4124, "data": { "Oznaka Gr/Op/Dr": "grad", "Grad/općina/država": "KARLOVAC", "Rbr BM": 71, "Naziv BM": "BIRAČKO MJESTO BR. 71", "Lokacija BM": "OSNOVNA ŠKOLA ZADOBARJE", "Adresa BM": "ZADOBARJE", "Glasovalo birača": 188, "Glasovalo birača (po listićima)": 188, "Važeći listići": 183, "Nevažeći listići": 5 }, "latitude": 45.5297641, "longitude": 15.4886284, "population": 283 }, "geometry": { "type": "Polygon", "coordinates": [ [ [ 15.485447570266222, 45.546701622188621 ], [ 15.49686418076084, 45.548844045993604 ], [ 15.507885339512477, 45.533511455196361 ], [ 15.507584666141897, 45.53196535027255 ], [ 15.487015664969169, 45.515481363498161 ], [ 15.477828280835043, 45.527095162339307 ], [ 15.485447570266222, 45.546701622188621 ] ] ] } },
{ "type": "Feature", "properties": { "BM": 3999, "data": { "Oznaka Gr/Op/Dr": "grad", "Grad/općina/država": "DUGA RESA", "Rbr BM": 17, "Naziv BM": "BIRAČKO MJESTO BR. 17", "Lokacija BM": "PROSTOR MO SVETA JELENA", "Adresa BM": "MREŽNIČKI NOVAKI BB", "Glasovalo birača": 91, "Glasovalo birača (po listićima)": 91, "Važeći listići": 88, "Nevažeći listići": 3 }, "latitude": 45.4057517, "longitude": 15.4857135, "population": 151 }, "geometry": { "type": "Polygon", "coordinates": [ [ [ 15.48212400011132, 45.413995862966239 ], [ 15.50770036145583, 45.409543958223942 ], [ 15.501406690440156, 45.389610160163798 ], [ 15.49938370181159, 45.387557593806129 ], [ 15.481073608701623, 45.389097625330777 ], [ 15.474796994287294, 45.410235813213454 ], [ 15.48212400011132, 45.413995862966239 ] ] ] } },
{ "type": "Feature", "properties": { "BM": 4556, "data": { "Oznaka Gr/Op/Dr": "općina", "Grad/općina/država": "KRNJAK", "Rbr BM": 5, "Naziv BM": "BIRAČKO MJESTO BR. 5", "Lokacija BM": "KUĆA MARKOVIĆ JOVANKE", "Adresa BM": "ČATRNJA 27", "Glasovalo birača": 42, "Glasovalo birača (po listićima)": 42, "Važeći listići": 37, "Nevažeći listići": 5 }, "latitude": 45.3034442, "longitude": 15.5607138, "population": 193 }, "geometry": { "type": "Polygon", "coordinates": [ [ [ 15.51169446621866, 45.32206842552057 ], [ 15.525836881990786, 45.330656735898884 ], [ 15.566720207556886, 45.34300328629169 ], [ 15.570367958014852, 45.340795832953503 ], [ 15.59787811927416, 45.302125773269466 ], [ 15.598609478024366, 45.298732827634495 ], [ 15.592458034997055, 45.280611788277547 ], [ 15.51536008099165, 45.274495164318125 ], [ 15.510762522686749, 45.320514195083071 ], [ 15.51169446621866, 45.32206842552057 ] ] ] } },
{ "type": "Feature", "properties": { "BM": 3994, "data": { "Oznaka Gr/Op/Dr": "grad", "Grad/općina/država": "DUGA RESA", "Rbr BM": 12, "Naziv BM": "BIRAČKO MJESTO BR. 12", "Lokacija BM": "PROSTORIJE SPORTSKOG DRUŠTVA BRODAC", "Adresa BM": "GORNJE MRZLO POLJE MREŽNIČKO 101 C", "Glasovalo birača": 326, "Glasovalo birača (po listićima)": 326, "Važeći listići": 318, "Nevažeći listići": 8 }, "latitude": 45.471577, "longitude": 15.4929176, "population": 504 }, "geometry": { "type": "Polygon", "coordinates": [ [ [ 15.482739526497811, 45.471221460551462 ], [ 15.489028008150347, 45.482688823633374 ], [ 15.493355037141654, 45.486548060666493 ], [ 15.510509557946454, 45.476977657802202 ], [ 15.493353503350473, 45.462773526858307 ], [ 15.490493327679408, 45.462657875302511 ], [ 15.482739526497811, 45.471221460551462 ] ] ] } },
{ "type": "Feature", "properties": { "BM": 4248, "data": { "Oznaka Gr/Op/Dr": "grad", "Grad/općina/država": "OZALJ", "Rbr BM": 2, "Naziv BM": "BIRAČKO MJESTO BR. 2 ZAJAČKO SELO", "Lokacija BM": "VATROGASNI DOM", "Adresa BM": "ZAJAČKO SELO", "Glasovalo birača": 220, "Glasovalo birača (po listićima)": 220, "Važeći listići": 211, "Nevažeći listići": 9 }, "latitude": 45.6192697, "longitude": 15.4858574, "population": 312 }, "geometry": { "type": "Polygon", "coordinates": [ [ [ 15.481303598693959, 45.616868864806328 ], [ 15.475687161146194, 45.628137948150226 ], [ 15.490605092876962, 45.629534995838426 ], [ 15.494624600207681, 45.622534892908433 ], [ 15.492476950706932, 45.603952119089016 ], [ 15.481303598693959, 45.616868864806328 ] ] ] } },
{ "type": "Feature", "properties": { "BM": 3997, "data": { "Oznaka Gr/Op/Dr": "grad", "Grad/općina/država": "DUGA RESA", "Rbr BM": 15, "Naziv BM": "BIRAČKO MJESTO BR. 15", "Lokacija BM": "PROSTORIJE BIVŠE EKONOMIJE", "Adresa BM": "MREŽNIČKI BRIG 51", "Glasovalo birača": 170, "Glasovalo birača (po listićima)": 170, "Važeći listići": 165, "Nevažeći listići": 5 }, "latitude": 45.4205423, "longitude": 15.488288, "population": 272 }, "geometry": { "type": "Polygon", "coordinates": [ [ [ 15.484133809321921, 45.432387120159902 ], [ 15.512026461333413, 45.416896538135447 ], [ 15.512432422586633, 45.415782160428137 ], [ 15.50770036145583, 45.409543958223942 ], [ 15.48212400011132, 45.413995862966239 ], [ 15.484133809321921, 45.432387120159902 ] ] ] } },
{ "type": "Feature", "properties": { "BM": 4123, "data": { "Oznaka Gr/Op/Dr": "grad", "Grad/općina/država": "KARLOVAC", "Rbr BM": 70, "Naziv BM": "BIRAČKO MJESTO BR. 70", "Lokacija BM": "PROSTORIJE MO MALA JELSA", "Adresa BM": "MALA JELSA 9 A", "Glasovalo birača": 212, "Glasovalo birača (po listićima)": 212, "Važeći listići": 208, "Nevažeći listići": 4 }, "latitude": 45.5139439, "longitude": 15.5013067, "population": 287 }, "geometry": { "type": "Polygon", "coordinates": [ [ [ 15.487015664969169, 45.515481363498161 ], [ 15.507584666141897, 45.53196535027255 ], [ 15.514613568912544, 45.513730540627684 ], [ 15.510086218456845, 45.505910433842018 ], [ 15.489672008625098, 45.501054017365171 ], [ 15.485761522244646, 45.504478046724074 ], [ 15.487015664969169, 45.515481363498161 ] ] ] } },
{ "type": "Feature", "properties": { "BM": 3988, "data": { "Oznaka Gr/Op/Dr": "grad", "Grad/općina/država": "DUGA RESA", "Rbr BM": 6, "Naziv BM": "BIRAČKO MJESTO BR. 6", "Lokacija BM": "OŠ IVAN GORAN KOVAČIĆ", "Adresa BM": "BANA JOSIPA JELAČIĆA 8", "Glasovalo birača": 391, "Glasovalo birača (po listićima)": 391, "Važeći listići": 385, "Nevažeći listići": 6 }, "latitude": 45.453203, "longitude": 15.4956018, "population": 560 }, "geometry": { "type": "Polygon", "coordinates": [ [ [ 15.493872769869375, 45.451656853224293 ], [ 15.496613467544316, 45.458762632628691 ], [ 15.499732673484138, 45.456134339252479 ], [ 15.497350324973338, 45.451506069892893 ], [ 15.49489439055813, 45.450780333643074 ], [ 15.493872769869375, 45.451656853224293 ] ] ] } },
{ "type": "Feature", "properties": { "BM": 4265, "data": { "Oznaka Gr/Op/Dr": "grad", "Grad/općina/država": "OZALJ", "Rbr BM": 19, "Naziv BM": "BIRAČKO MJESTO BR. 19 TRG", "Lokacija BM": "ŠKOLA TRG", "Adresa BM": "TRG", "Glasovalo birača": 95, "Glasovalo birača (po listićima)": 95, "Važeći listići": 90, "Nevažeći listići": 5 }, "latitude": 45.617356, "longitude": 15.5024159, "population": 158 }, "geometry": { "type": "Polygon", "coordinates": [ [ [ 15.494624600207681, 45.622534892908433 ], [ 15.511353545187061, 45.623366308578611 ], [ 15.513861978504384, 45.616598316393087 ], [ 15.501941830720705, 45.595418831018051 ], [ 15.500771666474954, 45.594413102034203 ], [ 15.493840554799281, 45.596868642070881 ], [ 15.492476950706932, 45.603952119089016 ], [ 15.494624600207681, 45.622534892908433 ] ] ] } },
{ "type": "Feature", "properties": { "BM": 4142, "data": { "Oznaka Gr/Op/Dr": "grad", "Grad/općina/država": "KARLOVAC", "Rbr BM": 89, "Naziv BM": "BIRAČKO MJESTO 89", "Lokacija BM": "VATROGASNI DOM DVD PRISELCI", "Adresa BM": "PRISELCI 43 A", "Glasovalo birača": 56, "Glasovalo birača (po listićima)": 56, "Važeći listići": 54, "Nevažeći listići": 2 }, "latitude": 45.5505703, "longitude": 15.5175739, "population": 80 }, "geometry": { "type": "Polygon", "coordinates": [ [ [ 15.500522375512345, 45.558725205165928 ], [ 15.521663608825078, 45.554225356111168 ], [ 15.526806060821038, 45.55194712367733 ], [ 15.527178577554789, 45.545638638944915 ], [ 15.523913673094482, 45.537416303815505 ], [ 15.507885339512477, 45.533511455196361 ], [ 15.49686418076084, 45.548844045993604 ], [ 15.500522375512345, 45.558725205165928 ] ] ] } },
{ "type": "Feature", "properties": { "BM": 4262, "data": { "Oznaka Gr/Op/Dr": "grad", "Grad/općina/država": "OZALJ", "Rbr BM": 16, "Naziv BM": "BIRAČKO MJESTO BR. 16 PODBREŽJE", "Lokacija BM": "ŠKOLA PODBREŽJE", "Adresa BM": "PODBREŽJE", "Glasovalo birača": 144, "Glasovalo birača (po listićima)": 144, "Važeći listići": 139, "Nevažeći listići": 5 }, "latitude": 45.6284608, "longitude": 15.501864, "population": 240 }, "geometry": { "type": "Polygon", "coordinates": [ [ [ 15.499338445905876, 45.644683172744472 ], [ 15.501638721564349, 45.645773709078448 ], [ 15.510968008039164, 45.639276815122152 ], [ 15.513628949655413, 45.635364727950467 ], [ 15.511353545187061, 45.623366308578611 ], [ 15.494624600207681, 45.622534892908433 ], [ 15.490605092876962, 45.629534995838426 ], [ 15.499338445905876, 45.644683172744472 ] ] ] } },
{ "type": "Feature", "properties": { "BM": 3989, "data": { "Oznaka Gr/Op/Dr": "grad", "Grad/općina/država": "DUGA RESA", "Rbr BM": 7, "Naziv BM": "BIRAČKO MJESTO BR. 7", "Lokacija BM": "PEKARA MUS", "Adresa BM": "TRG KRALJA TOMISLAVA 1", "Glasovalo birača": 305, "Glasovalo birača (po listićima)": 305, "Važeći listići": 292, "Nevažeći listići": 13 }, "latitude": 45.4491313, "longitude": 15.496805, "population": 474 }, "geometry": { "type": "Polygon", "coordinates": [ [ [ 15.499373306199532, 45.448434328763803 ], [ 15.494371039974418, 45.447003138989999 ], [ 15.49489439055813, 45.450780333643074 ], [ 15.497350324973338, 45.451506069892893 ], [ 15.499373306199532, 45.448434328763803 ] ] ] } },
{ "type": "Feature", "properties": { "BM": 3986, "data": { "Oznaka Gr/Op/Dr": "grad", "Grad/općina/država": "DUGA RESA", "Rbr BM": 4, "Naziv BM": "BIRAČKO MJESTO BR. 4", "Lokacija BM": "UDRUŽENJE UMIROVLJENIKA", "Adresa BM": "JOSEFA JERUZALEMA 2", "Glasovalo birača": 290, "Glasovalo birača (po listićima)": 290, "Važeći listići": 274, "Nevažeći listići": 16 }, "latitude": 45.4510691, "longitude": 15.4997474, "population": 498 }, "geometry": { "type": "Polygon", "coordinates": [ [ [ 15.497350324973338, 45.451506069892893 ], [ 15.499732673484138, 45.456134339252479 ], [ 15.5110567417402, 45.453579270973229 ], [ 15.501612489614123, 45.447775426016065 ], [ 15.499764150417079, 45.448248049683436 ], [ 15.499373306199532, 45.448434328763803 ], [ 15.497350324973338, 45.451506069892893 ] ] ] } },
{ "type": "Feature", "properties": { "BM": 3987, "data": { "Oznaka Gr/Op/Dr": "grad", "Grad/općina/država": "DUGA RESA", "Rbr BM": 5, "Naziv BM": "BIRAČKO MJESTO BR. 5", "Lokacija BM": "DOM SPORTOVA", "Adresa BM": "BANA JOSIPA JELAČIĆA 41", "Glasovalo birača": 258, "Glasovalo birača (po listićima)": 258, "Važeći listići": 245, "Nevažeći listići": 13 }, "latitude": 45.4539636, "longitude": 15.4936298, "population": 378 }, "geometry": { "type": "Polygon", "coordinates": [ [ [ 15.485269894947924, 45.453726060488904 ], [ 15.490493327679408, 45.462657875302511 ], [ 15.493353503350473, 45.462773526858307 ], [ 15.496613467544316, 45.458762632628691 ], [ 15.493872769869375, 45.451656853224293 ], [ 15.485269894947924, 45.453726060488904 ] ] ] } },
{ "type": "Feature", "properties": { "BM": 3991, "data": { "Oznaka Gr/Op/Dr": "grad", "Grad/općina/država": "DUGA RESA", "Rbr BM": 9, "Naziv BM": "BIRAČKO MJESTO BR. 9", "Lokacija BM": "PROSTORIJE MO TREŠNJEVKA", "Adresa BM": "TRG HRVATSKIH MUČENIKA 17", "Glasovalo birača": 310, "Glasovalo birača (po listićima)": 310, "Važeći listići": 303, "Nevažeći listići": 7 }, "latitude": 45.4464844, "longitude": 15.4975623, "population": 459 }, "geometry": { "type": "Polygon", "coordinates": [ [ [ 15.499764150417079, 45.448248049683436 ], [ 15.493760957769574, 45.441135747769977 ], [ 15.490751229884342, 45.441447680722881 ], [ 15.494371039974418, 45.447003138989999 ], [ 15.499373306199532, 45.448434328763803 ], [ 15.499764150417079, 45.448248049683436 ] ] ] } },
{ "type": "Feature", "properties": { "BM": 3985, "data": { "Oznaka Gr/Op/Dr": "grad", "Grad/općina/država": "DUGA RESA", "Rbr BM": 3, "Naziv BM": "BIRAČKO MJESTO BR. 3", "Lokacija BM": "PROSTORIJE SPORTSKOG DRUŠTVA \"MLADOST\" NA NOGOMETNOM IGRALIŠTU U DONJEM MRZLOM POLJU", "Adresa BM": "DONJE MRZLO POLJE BB", "Glasovalo birača": 303, "Glasovalo birača (po listićima)": 303, "Važeći listići": 298, "Nevažeći listići": 5 }, "latitude": 45.4607025, "longitude": 15.501921, "population": 423 }, "geometry": { "type": "Polygon", "coordinates": [ [ [ 15.493353503350473, 45.462773526858307 ], [ 15.510509557946454, 45.476977657802202 ], [ 15.517917032116261, 45.476120513305361 ], [ 15.519636818454337, 45.47382982275505 ], [ 15.521663842427788, 45.466877975549792 ], [ 15.521700570642464, 45.461668782584702 ], [ 15.512516467910411, 45.453753191056265 ], [ 15.512433304175609, 45.453732295601597 ], [ 15.5110567417402, 45.453579270973229 ], [ 15.499732673484138, 45.456134339252479 ], [ 15.496613467544316, 45.458762632628691 ], [ 15.493353503350473, 45.462773526858307 ] ] ] } },
{ "type": "Feature", "properties": { "BM": 3995, "data": { "Oznaka Gr/Op/Dr": "grad", "Grad/općina/država": "DUGA RESA", "Rbr BM": 13, "Naziv BM": "BIRAČKO MJESTO BR. 13", "Lokacija BM": "PROSTORIJE MO VAROŠ", "Adresa BM": "RADIĆEVA ULICA BB", "Glasovalo birača": 493, "Glasovalo birača (po listićima)": 493, "Važeći listići": 479, "Nevažeći listići": 14 }, "latitude": 45.442621, "longitude": 15.5064641, "population": 774 }, "geometry": { "type": "Polygon", "coordinates": [ [ [ 15.501530156989745, 45.438728898667549 ], [ 15.512433304175609, 45.453732295601597 ], [ 15.512516467910411, 45.453753191056265 ], [ 15.511580576795629, 45.425221444277653 ], [ 15.501530156989745, 45.438728898667549 ] ] ] } },
{ "type": "Feature", "properties": { "BM": 3983, "data": { "Oznaka Gr/Op/Dr": "grad", "Grad/općina/država": "DUGA RESA", "Rbr BM": 1, "Naziv BM": "BIRAČKO MJESTO BR. 1", "Lokacija BM": "OŠ VLADIMIR NAZOR", "Adresa BM": "JOZEFINSKA CESTA 85", "Glasovalo birača": 503, "Glasovalo birača (po listićima)": 497, "Važeći listići": 484, "Nevažeći listići": 13 }, "latitude": 45.4446236, "longitude": 15.5037084, "population": 732 }, "geometry": { "type": "Polygon", "coordinates": [ [ [ 15.5110567417402, 45.453579270973229 ], [ 15.512433304175609, 45.453732295601597 ], [ 15.501530156989745, 45.438728898667549 ], [ 15.499912894267995, 45.43997537416022 ], [ 15.501612489614123, 45.447775426016065 ], [ 15.5110567417402, 45.453579270973229 ] ] ] } },
{ "type": "Feature", "properties": { "BM": 4439, "data": { "Oznaka Gr/Op/Dr": "općina", "Grad/općina/država": "BARILOVIĆ", "Rbr BM": 7, "Naziv BM": "BIRAČKO MJESTO BR. 7", "Lokacija BM": "KUĆA PRIJATELJSTVA - BLIZU ŽUPNOG DVORA U BARILOVIĆKOM LESKOVCU", "Adresa BM": "BARILOVIĆKI LESKOVAC", "Glasovalo birača": 104, "Glasovalo birača (po listićima)": 104, "Važeći listići": 104, "Nevažeći listići": 0 }, "latitude": 45.393814, "longitude": 15.5235235, "population": 152 }, "geometry": { "type": "Polygon", "coordinates": [ [ [ 15.50770036145583, 45.409543958223942 ], [ 15.512432422586633, 45.415782160428137 ], [ 15.530816903626681, 45.413845594911123 ], [ 15.543910208921357, 45.403458268849747 ], [ 15.533272103583768, 45.384449982995172 ], [ 15.529355593951063, 45.381437482334739 ], [ 15.501406690440156, 45.389610160163798 ], [ 15.50770036145583, 45.409543958223942 ] ] ] } },
{ "type": "Feature", "properties": { "BM": 3984, "data": { "Oznaka Gr/Op/Dr": "grad", "Grad/općina/država": "DUGA RESA", "Rbr BM": 2, "Naziv BM": "BIRAČKO MJESTO BR. 2", "Lokacija BM": "DJEČJI VRTIĆ", "Adresa BM": "TRG HRVATSKIH MUČENIKA BB", "Glasovalo birača": 418, "Glasovalo birača (po listićima)": 415, "Važeći listići": 410, "Nevažeći listići": 5 }, "latitude": 45.4457813, "longitude": 15.4983953, "population": 626 }, "geometry": { "type": "Polygon", "coordinates": [ [ [ 15.499912894267995, 45.43997537416022 ], [ 15.493760957769574, 45.441135747769977 ], [ 15.499764150417079, 45.448248049683436 ], [ 15.501612489614123, 45.447775426016065 ], [ 15.499912894267995, 45.43997537416022 ] ] ] } },
{ "type": "Feature", "properties": { "BM": 4121, "data": { "Oznaka Gr/Op/Dr": "grad", "Grad/općina/država": "KARLOVAC", "Rbr BM": 68, "Naziv BM": "BIRAČKO MJESTO BR. 68", "Lokacija BM": "PROSTORIJE MO ZAGRAD-KALVARIJA-VUČJAK", "Adresa BM": "KALVARIJA 7 B", "Glasovalo birača": 397, "Glasovalo birača (po listićima)": 397, "Važeći listići": 390, "Nevažeći listići": 7 }, "latitude": 45.4947841, "longitude": 15.5058647, "population": 623 }, "geometry": { "type": "Polygon", "coordinates": [ [ [ 15.489672008625098, 45.501054017365171 ], [ 15.510086218456845, 45.505910433842018 ], [ 15.518965988292331, 45.487519377157007 ], [ 15.519327783800314, 45.481930464122847 ], [ 15.517917032116261, 45.476120513305361 ], [ 15.510509557946454, 45.476977657802202 ], [ 15.493355037141654, 45.486548060666493 ], [ 15.489672008625098, 45.501054017365171 ] ] ] } },
{ "type": "Feature", "properties": { "BM": 4270, "data": { "Oznaka Gr/Op/Dr": "grad", "Grad/općina/država": "OZALJ", "Rbr BM": 24, "Naziv BM": "BIRAČKO MJESTO BR. 24 GORNJE POKUPJE", "Lokacija BM": "KUĆA VESNE SEVERINSKI", "Adresa BM": "GORNJE POKUPJE 30", "Glasovalo birača": 93, "Glasovalo birača (po listićima)": 92, "Važeći listići": 86, "Nevažeći listići": 6 }, "latitude": 45.5592291, "longitude": 15.5194169, "population": 123 }, "geometry": { "type": "Polygon", "coordinates": [ [ [ 15.500961220406372, 45.562420858410299 ], [ 15.503820486222237, 45.567993159869687 ], [ 15.518981999328799, 45.56652252275169 ], [ 15.521663608825078, 45.554225356111168 ], [ 15.500522375512345, 45.558725205165928 ], [ 15.500961220406372, 45.562420858410299 ] ] ] } },
{ "type": "Feature", "properties": { "BM": 4122, "data": { "Oznaka Gr/Op/Dr": "grad", "Grad/općina/država": "KARLOVAC", "Rbr BM": 69, "Naziv BM": "BIRAČKO MJESTO BR. 69", "Lokacija BM": "PROSTORIJE MO VELIKA JELSA", "Adresa BM": "DONJA JELSA 186", "Glasovalo birača": 863, "Glasovalo birača (po listićima)": 863, "Važeći listići": 839, "Nevažeći listići": 24 }, "latitude": 45.5228203, "longitude": 15.5243344, "population": 1343 }, "geometry": { "type": "Polygon", "coordinates": [ [ [ 15.507885339512477, 45.533511455196361 ], [ 15.523913673094482, 45.537416303815505 ], [ 15.53298095211866, 45.531369727770624 ], [ 15.522975081291497, 45.512545048520124 ], [ 15.514613568912544, 45.513730540627684 ], [ 15.507584666141897, 45.53196535027255 ], [ 15.507885339512477, 45.533511455196361 ] ] ] } },
{ "type": "Feature", "properties": { "BM": 4118, "data": { "Oznaka Gr/Op/Dr": "grad", "Grad/općina/država": "KARLOVAC", "Rbr BM": 65, "Naziv BM": "BIRAČKO MJESTO BR. 65", "Lokacija BM": "PROSTORIJE GČ DUBOVAC", "Adresa BM": "DUBOVAC 11", "Glasovalo birača": 536, "Glasovalo birača (po listićima)": 536, "Važeći listići": 520, "Nevažeći listići": 16 }, "latitude": 45.4964126, "longitude": 15.5310213, "population": 787 }, "geometry": { "type": "Polygon", "coordinates": [ [ [ 15.518965988292331, 45.487519377157007 ], [ 15.52739039269369, 45.501258731322935 ], [ 15.529828428866079, 45.50119946023608 ], [ 15.532769937506956, 45.492067353881218 ], [ 15.531226996476974, 45.489874956282343 ], [ 15.519327783800314, 45.481930464122847 ], [ 15.518965988292331, 45.487519377157007 ] ] ] } },
{ "type": "Feature", "properties": { "BM": 3996, "data": { "Oznaka Gr/Op/Dr": "grad", "Grad/općina/država": "DUGA RESA", "Rbr BM": 14, "Naziv BM": "BIRAČKO MJESTO BR. 14", "Lokacija BM": "PROSTORIJE MO BELAJSKA VINICA", "Adresa BM": "BELAJSKA VINICA BB", "Glasovalo birača": 143, "Glasovalo birača (po listićima)": 143, "Važeći listići": 141, "Nevažeći listići": 2 }, "latitude": 45.4349572, "longitude": 15.5278574, "population": 228 }, "geometry": { "type": "Polygon", "coordinates": [ [ [ 15.512026461333413, 45.416896538135447 ], [ 15.51206228949146, 45.423772223821899 ], [ 15.531035675435001, 45.449875820225486 ], [ 15.539793984478285, 45.445287251510102 ], [ 15.540965299666475, 45.436183467563957 ], [ 15.530816903626681, 45.413845594911123 ], [ 15.512432422586633, 45.415782160428137 ], [ 15.512026461333413, 45.416896538135447 ] ] ] } },
{ "type": "Feature", "properties": { "BM": 4120, "data": { "Oznaka Gr/Op/Dr": "grad", "Grad/općina/država": "KARLOVAC", "Rbr BM": 67, "Naziv BM": "BIRAČKO MJESTO BR. 67", "Lokacija BM": "PROSTORIJE MJESNOG ODBORA, BORLIN", "Adresa BM": "V.BOGOVIĆA 17", "Glasovalo birača": 883, "Glasovalo birača (po listićima)": 881, "Važeći listići": 858, "Nevažeći listići": 23 }, "latitude": 45.5022969, "longitude": 15.5214246, "population": 1223 }, "geometry": { "type": "Polygon", "coordinates": [ [ [ 15.514613568912544, 45.513730540627684 ], [ 15.522975081291497, 45.512545048520124 ], [ 15.523289611306625, 45.512374090524737 ], [ 15.52739039269369, 45.501258731322935 ], [ 15.518965988292331, 45.487519377157007 ], [ 15.510086218456845, 45.505910433842018 ], [ 15.514613568912544, 45.513730540627684 ] ] ] } },
{ "type": "Feature", "properties": { "BM": 4269, "data": { "Oznaka Gr/Op/Dr": "grad", "Grad/općina/država": "OZALJ", "Rbr BM": 23, "Naziv BM": "BIRAČKO MJESTO BR. 23 LEVKUŠJE", "Lokacija BM": "VATROGASNI DOM", "Adresa BM": "LEVKUŠJE", "Glasovalo birača": 100, "Glasovalo birača (po listićima)": 100, "Važeći listići": 98, "Nevažeći listići": 2 }, "latitude": 45.5735964, "longitude": 15.5208105, "population": 149 }, "geometry": { "type": "Polygon", "coordinates": [ [ [ 15.503820486222237, 45.567993159869687 ], [ 15.504865742314479, 45.585740012399022 ], [ 15.522415799222168, 45.583069200918878 ], [ 15.534299980486789, 45.579081745362984 ], [ 15.533983345458065, 45.56740037946301 ], [ 15.518981999328799, 45.56652252275169 ], [ 15.503820486222237, 45.567993159869687 ] ] ] } },
{ "type": "Feature", "properties": { "BM": 4141, "data": { "Oznaka Gr/Op/Dr": "grad", "Grad/općina/država": "KARLOVAC", "Rbr BM": 88, "Naziv BM": "BIRAČKO MJESTO BR 88", "Lokacija BM": "OSNOVNA ŠKOLA MAHIČNO", "Adresa BM": "MAHIČNO 1 C", "Glasovalo birača": 147, "Glasovalo birača (po listićima)": 147, "Važeći listići": 142, "Nevažeći listići": 5 }, "latitude": 45.5597102, "longitude": 15.5216231, "population": 221 }, "geometry": { "type": "Polygon", "coordinates": [ [ [ 15.521663608825078, 45.554225356111168 ], [ 15.518981999328799, 45.56652252275169 ], [ 15.533983345458065, 45.56740037946301 ], [ 15.534647805869618, 45.566095566688105 ], [ 15.526806060821038, 45.55194712367733 ], [ 15.521663608825078, 45.554225356111168 ] ] ] } },
{ "type": "Feature", "properties": { "BM": 4268, "data": { "Oznaka Gr/Op/Dr": "grad", "Grad/općina/država": "OZALJ", "Rbr BM": 22, "Naziv BM": "BIRAČKO MJESTO BR. 22 ZORKOVAC NA KUPI", "Lokacija BM": "KUĆA BRANKO KOSMAČ", "Adresa BM": "ZORKOVAC NA KUPI 18", "Glasovalo birača": 67, "Glasovalo birača (po listićima)": 67, "Važeći listići": 67, "Nevažeći listići": 0 }, "latitude": 45.5925907, "longitude": 15.5237011, "population": 87 }, "geometry": { "type": "Polygon", "coordinates": [ [ [ 15.501941830720705, 45.595418831018051 ], [ 15.528179313843992, 45.601257061897826 ], [ 15.522415799222168, 45.583069200918878 ], [ 15.504865742314479, 45.585740012399022 ], [ 15.500771666474954, 45.594413102034203 ], [ 15.501941830720705, 45.595418831018051 ] ] ] } },
{ "type": "Feature", "properties": { "BM": 4094, "data": { "Oznaka Gr/Op/Dr": "grad", "Grad/općina/država": "KARLOVAC", "Rbr BM": 41, "Naziv BM": "BIRAČKO MJESTO BR. 41", "Lokacija BM": "ŠPORTSKA STRELJANA", "Adresa BM": "JAMADOLSKA 2 A", "Glasovalo birača": 546, "Glasovalo birača (po listićima)": 546, "Važeći listići": 520, "Nevažeći listići": 26 }, "latitude": 45.4871787, "longitude": 15.5371863, "population": 804 }, "geometry": { "type": "Polygon", "coordinates": [ [ [ 15.519327783800314, 45.481930464122847 ], [ 15.531226996476974, 45.489874956282343 ], [ 15.541770325391809, 45.489283680898232 ], [ 15.542287830382994, 45.486194604862185 ], [ 15.534457815651884, 45.478252553252631 ], [ 15.519636818454337, 45.47382982275505 ], [ 15.517917032116261, 45.476120513305361 ], [ 15.519327783800314, 45.481930464122847 ] ] ] } },
{ "type": "Feature", "properties": { "BM": 4266, "data": { "Oznaka Gr/Op/Dr": "grad", "Grad/općina/država": "OZALJ", "Rbr BM": 20, "Naziv BM": "BIRAČKO MJESTO BR. 20 POLJE OZALJSKO", "Lokacija BM": "DOM ŠLJUNČARA", "Adresa BM": "POLJE OZALJSKO", "Glasovalo birača": 141, "Glasovalo birača (po listićima)": 141, "Važeći listići": 136, "Nevažeći listići": 5 }, "latitude": 45.6072068, "longitude": 15.5204488, "population": 225 }, "geometry": { "type": "Polygon", "coordinates": [ [ [ 15.513861978504384, 45.616598316393087 ], [ 15.541711104860168, 45.614040339138114 ], [ 15.545329605741765, 45.611613476630808 ], [ 15.545992721866048, 45.608558875232475 ], [ 15.528179313843992, 45.601257061897826 ], [ 15.501941830720705, 45.595418831018051 ], [ 15.513861978504384, 45.616598316393087 ] ] ] } },
{ "type": "Feature", "properties": { "BM": 4267, "data": { "Oznaka Gr/Op/Dr": "grad", "Grad/općina/država": "OZALJ", "Rbr BM": 21, "Naziv BM": "BIRAČKO MJESTO BR. 21 ZORKOVAC", "Lokacija BM": "ŠKOLA ZORKOVAC", "Adresa BM": "ZORKOVAC", "Glasovalo birača": 94, "Glasovalo birača (po listićima)": 94, "Važeći listići": 90, "Nevažeći listići": 4 }, "latitude": 45.5915932, "longitude": 15.5268489, "population": 171 }, "geometry": { "type": "Polygon", "coordinates": [ [ [ 15.522415799222168, 45.583069200918878 ], [ 15.528179313843992, 45.601257061897826 ], [ 15.545992721866048, 45.608558875232475 ], [ 15.552064578263211, 45.598653312910294 ], [ 15.534299980486789, 45.579081745362984 ], [ 15.522415799222168, 45.583069200918878 ] ] ] } },
{ "type": "Feature", "properties": { "BM": 4139, "data": { "Oznaka Gr/Op/Dr": "grad", "Grad/općina/država": "KARLOVAC", "Rbr BM": 86, "Naziv BM": "BIRAČKO MJESTO BR.86", "Lokacija BM": "PROSTORIJE MO DONJE POKUPJE", "Adresa BM": "DONJE POKUPJE 72", "Glasovalo birača": 318, "Glasovalo birača (po listićima)": 318, "Važeći listići": 313, "Nevažeći listići": 5 }, "latitude": 45.5426382, "longitude": 15.5375501, "population": 419 }, "geometry": { "type": "Polygon", "coordinates": [ [ [ 15.527178577554789, 45.545638638944915 ], [ 15.55506046744126, 45.550005510779769 ], [ 15.556200304825143, 45.549040725740049 ], [ 15.55319473587593, 45.527877246313153 ], [ 15.549207064846875, 45.526604597414376 ], [ 15.53298095211866, 45.531369727770624 ], [ 15.523913673094482, 45.537416303815505 ], [ 15.527178577554789, 45.545638638944915 ] ] ] } },
{ "type": "Feature", "properties": { "BM": 4138, "data": { "Oznaka Gr/Op/Dr": "grad", "Grad/općina/država": "KARLOVAC", "Rbr BM": 85, "Naziv BM": "BIRAČKO MJESTO BR. 85", "Lokacija BM": "OSNOVNA ŠKOLA HRNETIĆ", "Adresa BM": "HRNETIĆ 20", "Glasovalo birača": 356, "Glasovalo birača (po listićima)": 356, "Važeći listići": 346, "Nevažeći listići": 10 }, "latitude": 45.51942, "longitude": 15.5307316, "population": 531 }, "geometry": { "type": "Polygon", "coordinates": [ [ [ 15.522975081291497, 45.512545048520124 ], [ 15.53298095211866, 45.531369727770624 ], [ 15.549207064846875, 45.526604597414376 ], [ 15.539800189946151, 45.513011281697295 ], [ 15.523289611306625, 45.512374090524737 ], [ 15.522975081291497, 45.512545048520124 ] ] ] } },
{ "type": "Feature", "properties": { "BM": 4143, "data": { "Oznaka Gr/Op/Dr": "grad", "Grad/općina/država": "KARLOVAC", "Rbr BM": 90, "Naziv BM": "BIRAČKO MJESTO BR 90", "Lokacija BM": "VATROGASNI DOM DVD GORŠĆAKI-VUKODER", "Adresa BM": "GORŠĆAKI 10", "Glasovalo birača": 108, "Glasovalo birača (po listićima)": 108, "Važeći listići": 107, "Nevažeći listići": 1 }, "latitude": 45.5728737, "longitude": 15.5474725, "population": 179 }, "geometry": { "type": "Polygon", "coordinates": [ [ [ 15.533983345458065, 45.56740037946301 ], [ 15.534299980486789, 45.579081745362984 ], [ 15.552064578263211, 45.598653312910294 ], [ 15.561910904790521, 45.593773341616703 ], [ 15.548968677369933, 45.558440319312147 ], [ 15.534647805869618, 45.566095566688105 ], [ 15.533983345458065, 45.56740037946301 ] ] ] } },
{ "type": "Feature", "properties": { "BM": 4140, "data": { "Oznaka Gr/Op/Dr": "grad", "Grad/općina/država": "KARLOVAC", "Rbr BM": 87, "Naziv BM": "BIRAČKO MJESTO BR 87", "Lokacija BM": "PROSTORIJE MO MAHIČNO-TUŠKANI", "Adresa BM": "MAHIČNO 92", "Glasovalo birača": 252, "Glasovalo birača (po listićima)": 252, "Važeći listići": 246, "Nevažeći listići": 6 }, "latitude": 45.5516664, "longitude": 15.5361361, "population": 376 }, "geometry": { "type": "Polygon", "coordinates": [ [ [ 15.526806060821038, 45.55194712367733 ], [ 15.534647805869618, 45.566095566688105 ], [ 15.548968677369933, 45.558440319312147 ], [ 15.55506046744126, 45.550005510779769 ], [ 15.527178577554789, 45.545638638944915 ], [ 15.526806060821038, 45.55194712367733 ] ] ] } },
{ "type": "Feature", "properties": { "BM": 4437, "data": { "Oznaka Gr/Op/Dr": "općina", "Grad/općina/država": "BARILOVIĆ", "Rbr BM": 5, "Naziv BM": "BIRAČKO MJESTO BR. 5", "Lokacija BM": "KUĆA KARAMARKOVIĆ", "Adresa BM": "KOSIJERSKO SELO 41", "Glasovalo birača": 36, "Glasovalo birača (po listićima)": 36, "Važeći listići": 36, "Nevažeći listići": 0 }, "latitude": 45.3726252, "longitude": 15.5398215, "population": 120 }, "geometry": { "type": "Polygon", "coordinates": [ [ [ 15.529355593951063, 45.381437482334739 ], [ 15.533272103583768, 45.384449982995172 ], [ 15.563704665341733, 45.360827198898576 ], [ 15.567217046217165, 45.347943546484963 ], [ 15.566720207556886, 45.34300328629169 ], [ 15.525836881990786, 45.330656735898884 ], [ 15.529355593951063, 45.381437482334739 ] ] ] } },
{ "type": "Feature", "properties": { "BM": 4137, "data": { "Oznaka Gr/Op/Dr": "grad", "Grad/općina/država": "KARLOVAC", "Rbr BM": 84, "Naziv BM": "BIRAČKO MJESTO BR. 84", "Lokacija BM": "DUBROVAČKA 5 B", "Adresa BM": "PROSTORIJE GČ. DREŽNIK", "Glasovalo birača": 209, "Glasovalo birača (po listićima)": 208, "Važeći listići": 202, "Nevažeći listići": 6 }, "latitude": 45.5059227, "longitude": 15.5312525, "population": 302 }, "geometry": { "type": "Polygon", "coordinates": [ [ [ 15.539800189946151, 45.513011281697295 ], [ 15.540218202192321, 45.504386169279442 ], [ 15.537944412750457, 45.501549341257146 ], [ 15.529828428866079, 45.50119946023608 ], [ 15.52739039269369, 45.501258731322935 ], [ 15.523289611306625, 45.512374090524737 ], [ 15.539800189946151, 45.513011281697295 ] ] ] } },
{ "type": "Feature", "properties": { "BM": 4117, "data": { "Oznaka Gr/Op/Dr": "grad", "Grad/općina/država": "KARLOVAC", "Rbr BM": 64, "Naziv BM": "BIRAČKO MJESTO BR. 64", "Lokacija BM": "STARA ŠKOLA DUBOVAC", "Adresa BM": "DUBOVAC 8", "Glasovalo birača": 205, "Glasovalo birača (po listićima)": 205, "Važeći listići": 201, "Nevažeći listići": 4 }, "latitude": 45.4966163, "longitude": 15.5316537, "population": 326 }, "geometry": { "type": "Polygon", "coordinates": [ [ [ 15.529828428866079, 45.50119946023608 ], [ 15.537944412750457, 45.501549341257146 ], [ 15.537763698123918, 45.498189497604834 ], [ 15.532769937506956, 45.492067353881218 ], [ 15.529828428866079, 45.50119946023608 ] ] ] } },
{ "type": "Feature", "properties": { "BM": 4089, "data": { "Oznaka Gr/Op/Dr": "grad", "Grad/općina/država": "KARLOVAC", "Rbr BM": 36, "Naziv BM": "BIRAČKO MJESTO BR. 36", "Lokacija BM": "PROSTORIJE MO MALA ŠVARČA", "Adresa BM": "MALA ŠVARČA 84", "Glasovalo birača": 456, "Glasovalo birača (po listićima)": 456, "Važeći listići": 444, "Nevažeći listići": 12 }, "latitude": 45.4609815, "longitude": 15.5414918, "population": 670 }, "geometry": { "type": "Polygon", "coordinates": [ [ [ 15.521663842427788, 45.466877975549792 ], [ 15.549350454955416, 45.466534952535973 ], [ 15.550455414029138, 45.463830598661389 ], [ 15.549951524447206, 45.450873197163276 ], [ 15.539793984478285, 45.445287251510102 ], [ 15.531035675435001, 45.449875820225486 ], [ 15.521700570642464, 45.461668782584702 ], [ 15.521663842427788, 45.466877975549792 ] ] ] } },
{ "type": "Feature", "properties": { "BM": 4136, "data": { "Oznaka Gr/Op/Dr": "grad", "Grad/općina/država": "KARLOVAC", "Rbr BM": 83, "Naziv BM": "BIRAČKO MJESTO BR.83", "Lokacija BM": "PROSTORIJE GČ DREŽNIK", "Adresa BM": "DUBROVAČKA 5 B", "Glasovalo birača": 507, "Glasovalo birača (po listićima)": 507, "Važeći listići": 497, "Nevažeći listići": 10 }, "latitude": 45.49597, "longitude": 15.5436697, "population": 783 }, "geometry": { "type": "Polygon", "coordinates": [ [ [ 15.537944412750457, 45.501549341257146 ], [ 15.540218202192321, 45.504386169279442 ], [ 15.541504108833166, 45.503753045340183 ], [ 15.54792392608416, 45.495379918038516 ], [ 15.547839119330726, 45.494739531917944 ], [ 15.54653458895933, 45.492945623266408 ], [ 15.542387906589603, 45.491144093462097 ], [ 15.537763698123918, 45.498189497604834 ], [ 15.537944412750457, 45.501549341257146 ] ] ] } },
{ "type": "Feature", "properties": { "BM": 4435, "data": { "Oznaka Gr/Op/Dr": "općina", "Grad/općina/država": "BARILOVIĆ", "Rbr BM": 3, "Naziv BM": "BIRAČKO MJESTO BR. 3", "Lokacija BM": "VATROGASNI DOM BARILOVIĆ", "Adresa BM": "BARILOVIĆ 90B", "Glasovalo birača": 166, "Glasovalo birača (po listićima)": 166, "Važeći listići": 158, "Nevažeći listići": 8 }, "latitude": 45.381038, "longitude": 15.5463518, "population": 248 }, "geometry": { "type": "Polygon", "coordinates": [ [ [ 15.543910208921357, 45.403458268849747 ], [ 15.555179913057421, 45.402872154921106 ], [ 15.561780015331177, 45.390440629148607 ], [ 15.563704665341733, 45.360827198898576 ], [ 15.533272103583768, 45.384449982995172 ], [ 15.543910208921357, 45.403458268849747 ] ] ] } },
{ "type": "Feature", "properties": { "BM": 4119, "data": { "Oznaka Gr/Op/Dr": "grad", "Grad/općina/država": "KARLOVAC", "Rbr BM": 66, "Naziv BM": "BIRAČKO MJESTO BR. 66", "Lokacija BM": "OSNOVNA ŠKOLA DUBOVAC", "Adresa BM": "PRIMORSKA 9", "Glasovalo birača": 336, "Glasovalo birača (po listićima)": 336, "Važeći listići": 324, "Nevažeći listići": 12 }, "latitude": 45.491888, "longitude": 15.5374504, "population": 554 }, "geometry": { "type": "Polygon", "coordinates": [ [ [ 15.532769937506956, 45.492067353881218 ], [ 15.537763698123918, 45.498189497604834 ], [ 15.542387906589603, 45.491144093462097 ], [ 15.541770325391809, 45.489283680898232 ], [ 15.531226996476974, 45.489874956282343 ], [ 15.532769937506956, 45.492067353881218 ] ] ] } },
{ "type": "Feature", "properties": { "BM": 4092, "data": { "Oznaka Gr/Op/Dr": "grad", "Grad/općina/država": "KARLOVAC", "Rbr BM": 39, "Naziv BM": "BIRAČKO MJESTO BR. 39", "Lokacija BM": "PROSTORIJE GČ LUŠČIĆ-JAMADOL", "Adresa BM": "MEDOVIĆEVA 5 C", "Glasovalo birača": 757, "Glasovalo birača (po listićima)": 757, "Važeći listići": 716, "Nevažeći listići": 41 }, "latitude": 45.481107569631597, "longitude": 15.5433443, "population": 1048 }, "geometry": { "type": "Polygon", "coordinates": [ [ [ 15.542287830382994, 45.486194604862185 ], [ 15.54547250872829, 45.484765734907789 ], [ 15.546534313019922, 45.484104446062283 ], [ 15.551281310268292, 45.474988370064104 ], [ 15.534457815651884, 45.478252553252631 ], [ 15.542287830382994, 45.486194604862185 ] ] ] } },
{ "type": "Feature", "properties": { "BM": 4091, "data": { "Oznaka Gr/Op/Dr": "grad", "Grad/općina/država": "KARLOVAC", "Rbr BM": 38, "Naziv BM": "BIRAČKO MJESTO BR. 38", "Lokacija BM": "PROSTORIJE GČ ŠVARČA", "Adresa BM": "TRG SV.FRANJE KSAVERSKOG 2", "Glasovalo birača": 1185, "Glasovalo birača (po listićima)": 1185, "Važeći listići": 1161, "Nevažeći listići": 24 }, "latitude": 45.4722814, "longitude": 15.5416318, "population": 1795 }, "geometry": { "type": "Polygon", "coordinates": [ [ [ 15.534457815651884, 45.478252553252631 ], [ 15.551281310268292, 45.474988370064104 ], [ 15.551396104439554, 45.474905449974784 ], [ 15.549350454955416, 45.466534952535973 ], [ 15.521663842427788, 45.466877975549792 ], [ 15.519636818454337, 45.47382982275505 ], [ 15.534457815651884, 45.478252553252631 ] ] ] } },
{ "type": "Feature", "properties": { "BM": 4134, "data": { "Oznaka Gr/Op/Dr": "grad", "Grad/općina/država": "KARLOVAC", "Rbr BM": 81, "Naziv BM": "BIRAČKO MJESTO BR. 81", "Lokacija BM": "PRIVATNA KUĆA NIKOLE I MIRE ŠKRGIĆ", "Adresa BM": "BANIJA 99", "Glasovalo birača": 192, "Glasovalo birača (po listićima)": 192, "Važeći listići": 187, "Nevažeći listići": 5 }, "latitude": 45.5067825, "longitude": 15.5489933, "population": 269 }, "geometry": { "type": "Polygon", "coordinates": [ [ [ 15.540218202192321, 45.504386169279442 ], [ 15.539800189946151, 45.513011281697295 ], [ 15.549207064846875, 45.526604597414376 ], [ 15.55319473587593, 45.527877246313153 ], [ 15.555110468742686, 45.526431153441166 ], [ 15.557057487894307, 45.511160785543304 ], [ 15.554058916941889, 45.503940183858958 ], [ 15.550834422111464, 45.503054023129863 ], [ 15.541504108833166, 45.503753045340183 ], [ 15.540218202192321, 45.504386169279442 ] ] ] } },
{ "type": "Feature", "properties": { "BM": 4434, "data": { "Oznaka Gr/Op/Dr": "općina", "Grad/općina/država": "BARILOVIĆ", "Rbr BM": 2, "Naziv BM": "BIRAČKO MJESTO BR. 2", "Lokacija BM": "PODRUČNA ŠKOLA BELAJ", "Adresa BM": "BELAJ 30", "Glasovalo birača": 250, "Glasovalo birača (po listićima)": 250, "Važeći listići": 241, "Nevažeći listići": 9 }, "latitude": 45.4255043, "longitude": 15.5486644, "population": 452 }, "geometry": { "type": "Polygon", "coordinates": [ [ [ 15.540965299666475, 45.436183467563957 ], [ 15.569036847950112, 45.424586854134652 ], [ 15.567481072162543, 45.416064536715893 ], [ 15.555179913057421, 45.402872154921106 ], [ 15.543910208921357, 45.403458268849747 ], [ 15.530816903626681, 45.413845594911123 ], [ 15.540965299666475, 45.436183467563957 ] ] ] } },
{ "type": "Feature", "properties": { "BM": 4056, "data": { "Oznaka Gr/Op/Dr": "grad", "Grad/općina/država": "KARLOVAC", "Rbr BM": 3, "Naziv BM": "BIRAČKO MJESTO BR. 3", "Lokacija BM": "MV TREND D.O.O. (NOVA TRŽNICA)", "Adresa BM": "TRG HRVATSKIH BRANITELJA 4", "Glasovalo birača": 362, "Glasovalo birača (po listićima)": 362, "Važeći listići": 356, "Nevažeći listići": 6 }, "latitude": 45.4887876, "longitude": 15.5467901, "population": 518 }, "geometry": { "type": "Polygon", "coordinates": [ [ [ 15.542387906589603, 45.491144093462097 ], [ 15.54653458895933, 45.492945623266408 ], [ 15.548225960584352, 45.490438928549523 ], [ 15.54547250872829, 45.484765734907789 ], [ 15.542287830382994, 45.486194604862185 ], [ 15.541770325391809, 45.489283680898232 ], [ 15.542387906589603, 45.491144093462097 ] ] ] } },
{ "type": "Feature", "properties": { "BM": 4096, "data": { "Oznaka Gr/Op/Dr": "grad", "Grad/općina/država": "KARLOVAC", "Rbr BM": 43, "Naziv BM": "BIRAČKO MJESTO BR. 43", "Lokacija BM": "DRUŠTVENI DOM LADVENJAK", "Adresa BM": "LADVENJAK 101 B", "Glasovalo birača": 110, "Glasovalo birača (po listićima)": 110, "Važeći listići": 107, "Nevažeći listići": 3 }, "latitude": 45.4182469, "longitude": 15.5884194, "population": 173 }, "geometry": { "type": "Polygon", "coordinates": [ [ [ 15.569036847950112, 45.424586854134652 ], [ 15.573261549098447, 45.431841808877437 ], [ 15.589183443915063, 45.438978506657456 ], [ 15.598550112080616, 45.419955770469365 ], [ 15.587430996668683, 45.406029952462063 ], [ 15.567481072162543, 45.416064536715893 ], [ 15.569036847950112, 45.424586854134652 ] ] ] } },
{ "type": "Feature", "properties": { "BM": 4460, "data": { "Oznaka Gr/Op/Dr": "općina", "Grad/općina/država": "CETINGRAD", "Rbr BM": 1, "Naziv BM": "BIRAČKO MJESTO BR. 1", "Lokacija BM": "CETINGRAD - HRVATSKI DOM", "Adresa BM": "TRG HRVATSKIH BRANITELJA 3, CETINGRAD", "Glasovalo birača": 83, "Glasovalo birača (po listićima)": 83, "Važeći listići": 82, "Nevažeći listići": 1 }, "latitude": 45.4882892, "longitude": 15.547817, "population": 189 }, "geometry": { "type": "Polygon", "coordinates": [ [ [ 15.54547250872829, 45.484765734907789 ], [ 15.548225960584352, 45.490438928549523 ], [ 15.550920621466268, 45.488106994189181 ], [ 15.546534313019922, 45.484104446062283 ], [ 15.54547250872829, 45.484765734907789 ] ] ] } },
{ "type": "Feature", "properties": { "BM": 4060, "data": { "Oznaka Gr/Op/Dr": "grad", "Grad/općina/država": "KARLOVAC", "Rbr BM": 7, "Naziv BM": "BIRAČKO MJESTO BR. 7", "Lokacija BM": "OSNOVNA ŠKOLA GRABRIK", "Adresa BM": "BARTOLA KAŠIĆA 15", "Glasovalo birača": 687, "Glasovalo birača (po listićima)": 682, "Važeći listići": 671, "Nevažeći listići": 11 }, "latitude": 45.4849997, "longitude": 15.5508187, "population": 1029 }, "geometry": { "type": "Polygon", "coordinates": [ [ [ 15.546534313019922, 45.484104446062283 ], [ 15.550920621466268, 45.488106994189181 ], [ 15.551453863029952, 45.48815240890481 ], [ 15.553454698138809, 45.484622084173296 ], [ 15.554498968189494, 45.476377642517839 ], [ 15.551396104439554, 45.474905449974784 ], [ 15.551281310268292, 45.474988370064104 ], [ 15.546534313019922, 45.484104446062283 ] ] ] } },
{ "type": "Feature", "properties": { "BM": 4130, "data": { "Oznaka Gr/Op/Dr": "grad", "Grad/općina/država": "KARLOVAC", "Rbr BM": 77, "Naziv BM": "BIRAČKO MJESTO BR. 77", "Lokacija BM": "PROSTORIJE GČ BANIJA", "Adresa BM": "A.STARČEVIĆA 20", "Glasovalo birača": 190, "Glasovalo birača (po listićima)": 189, "Važeći listići": 186, "Nevažeći listići": 3 }, "latitude": 45.4996415, "longitude": 15.5484583, "population": 279 }, "geometry": { "type": "Polygon", "coordinates": [ [ [ 15.541504108833166, 45.503753045340183 ], [ 15.550834422111464, 45.503054023129863 ], [ 15.548970477936074, 45.49619261378816 ], [ 15.54792392608416, 45.495379918038516 ], [ 15.541504108833166, 45.503753045340183 ] ] ] } },
{ "type": "Feature", "properties": { "BM": 4144, "data": { "Oznaka Gr/Op/Dr": "grad", "Grad/općina/država": "KARLOVAC", "Rbr BM": 91, "Naziv BM": "BIRAČKO MJESTO BR.91", "Lokacija BM": "VATROGASNI DOM DVD TUŠKANI", "Adresa BM": "TUŠKANI 11", "Glasovalo birača": 150, "Glasovalo birača (po listićima)": 150, "Važeći listići": 146, "Nevažeći listići": 4 }, "latitude": 45.5684924, "longitude": 15.5594337, "population": 244 }, "geometry": { "type": "Polygon", "coordinates": [ [ [ 15.548968677369933, 45.558440319312147 ], [ 15.561910904790521, 45.593773341616703 ], [ 15.565816956579335, 45.592954293666573 ], [ 15.582592067061057, 45.560093973142244 ], [ 15.556200304825143, 45.549040725740049 ], [ 15.55506046744126, 45.550005510779769 ], [ 15.548968677369933, 45.558440319312147 ] ] ] } },
{ "type": "Feature", "properties": { "BM": 4133, "data": { "Oznaka Gr/Op/Dr": "grad", "Grad/općina/država": "KARLOVAC", "Rbr BM": 80, "Naziv BM": "BIRAČKO MJESTO BR. 80", "Lokacija BM": "OSNOVNA ŠKOLA BANIJA (PREDVORJE LIJEVO)", "Adresa BM": "DR.GAJE PETROVIĆA 5", "Glasovalo birača": 199, "Glasovalo birača (po listićima)": 199, "Važeći listići": 190, "Nevažeći listići": 9 }, "latitude": 45.4989083, "longitude": 15.5511573, "population": 336 }, "geometry": { "type": "Polygon", "coordinates": [ [ [ 15.554058916941889, 45.503940183858958 ], [ 15.5555130719831, 45.500361072258372 ], [ 15.554638397308853, 45.497625345596163 ], [ 15.548970477936074, 45.49619261378816 ], [ 15.550834422111464, 45.503054023129863 ], [ 15.554058916941889, 45.503940183858958 ] ] ] } },
{ "type": "Feature", "properties": { "BM": 4126, "data": { "Oznaka Gr/Op/Dr": "grad", "Grad/općina/država": "KARLOVAC", "Rbr BM": 73, "Naziv BM": "BIRAČKO MJESTO BR. 73", "Lokacija BM": "OSNOVNA ŠKOLA \"BRAĆE SELJAN\"", "Adresa BM": "DOMOBRANSKA 2", "Glasovalo birača": 375, "Glasovalo birača (po listićima)": 375, "Važeći listići": 361, "Nevažeći listići": 14 }, "latitude": 45.4911523, "longitude": 15.5502947, "population": 541 }, "geometry": { "type": "Polygon", "coordinates": [ [ [ 15.547839119330726, 45.494739531917944 ], [ 15.552260447146034, 45.492474470101655 ], [ 15.553271041195687, 45.490629509403519 ], [ 15.553427895018062, 45.490182444549092 ], [ 15.551453863029952, 45.48815240890481 ], [ 15.550920621466268, 45.488106994189181 ], [ 15.548225960584352, 45.490438928549523 ], [ 15.54653458895933, 45.492945623266408 ], [ 15.547839119330726, 45.494739531917944 ] ] ] } },
{ "type": "Feature", "properties": { "BM": 4433, "data": { "Oznaka Gr/Op/Dr": "općina", "Grad/općina/država": "BARILOVIĆ", "Rbr BM": 1, "Naziv BM": "BIRAČKO MJESTO BR. 1", "Lokacija BM": "VATROGASNI DOM DVD BELAJSKE POLJICE", "Adresa BM": "BELAJSKE POLJICE 101A", "Glasovalo birača": 373, "Glasovalo birača (po listićima)": 373, "Važeći listići": 367, "Nevažeći listići": 6 }, "latitude": 45.4383152, "longitude": 15.5539567, "population": 593 }, "geometry": { "type": "Polygon", "coordinates": [ [ [ 15.539793984478285, 45.445287251510102 ], [ 15.549951524447206, 45.450873197163276 ], [ 15.56150407011881, 45.448132602902817 ], [ 15.573261549098447, 45.431841808877437 ], [ 15.569036847950112, 45.424586854134652 ], [ 15.540965299666475, 45.436183467563957 ], [ 15.539793984478285, 45.445287251510102 ] ] ] } },
{ "type": "Feature", "properties": { "BM": 4128, "data": { "Oznaka Gr/Op/Dr": "grad", "Grad/općina/država": "KARLOVAC", "Rbr BM": 75, "Naziv BM": "BIRAČKO MJESTO BR. 75", "Lokacija BM": "PROSTORIJE GČ ZVIJEZDA", "Adresa BM": "GUNDULIĆEVA 8", "Glasovalo birača": 263, "Glasovalo birača (po listićima)": 263, "Važeći listići": 256, "Nevažeći listići": 7 }, "latitude": 45.4948423, "longitude": 15.5521851, "population": 417 }, "geometry": { "type": "Polygon", "coordinates": [ [ [ 15.54792392608416, 45.495379918038516 ], [ 15.548970477936074, 45.49619261378816 ], [ 15.554638397308853, 45.497625345596163 ], [ 15.554922200713936, 45.496678601917502 ], [ 15.552260447146034, 45.492474470101655 ], [ 15.547839119330726, 45.494739531917944 ], [ 15.54792392608416, 45.495379918038516 ] ] ] } },
{ "type": "Feature", "properties": { "BM": 4411, "data": { "Oznaka Gr/Op/Dr": "grad", "Grad/općina/država": "SLUNJ", "Rbr BM": 2, "Naziv BM": "BIRAČKO MJESTO BR. 2", "Lokacija BM": "OSNOVNA ŠKOLA SLUNJ", "Adresa BM": "SPORTSKA DVORANA, ULICA ŠKOLSKA 17", "Glasovalo birača": 289, "Glasovalo birača (po listićima)": 289, "Važeći listići": 281, "Nevažeći listići": 8 }, "latitude": 45.1156209, "longitude": 15.5829987, "population": 458 }, "geometry": { "type": "Polygon", "coordinates": [ [ [ 15.49290941516437, 45.07926474582343 ], [ 15.534963577476187, 45.108536461335383 ], [ 15.585914232971934, 45.122382893813715 ], [ 15.584197428106341, 45.115140378243595 ], [ 15.499451169375901, 45.074105814777774 ], [ 15.49290941516437, 45.07926474582343 ] ] ] } },
{ "type": "Feature", "properties": { "BM": 4098, "data": { "Oznaka Gr/Op/Dr": "grad", "Grad/općina/država": "KARLOVAC", "Rbr BM": 45, "Naziv BM": "BIRAČKO MJESTO BR. 45", "Lokacija BM": "PROSTORIJE GRADSKE ČETVRTI MOSTANJE", "Adresa BM": "MOSTANJE 94", "Glasovalo birača": 295, "Glasovalo birača (po listićima)": 295, "Važeći listići": 291, "Nevažeći listići": 4 }, "latitude": 45.4680736, "longitude": 15.5588495, "population": 460 }, "geometry": { "type": "Polygon", "coordinates": [ [ [ 15.554498968189494, 45.476377642517839 ], [ 15.568222751537681, 45.478670901601745 ], [ 15.571357135267117, 45.474009114322321 ], [ 15.569843506970619, 45.464631083963049 ], [ 15.550455414029138, 45.463830598661389 ], [ 15.549350454955416, 45.466534952535973 ], [ 15.551396104439554, 45.474905449974784 ], [ 15.554498968189494, 45.476377642517839 ] ] ] } },
{ "type": "Feature", "properties": { "BM": 4062, "data": { "Oznaka Gr/Op/Dr": "grad", "Grad/općina/država": "KARLOVAC", "Rbr BM": 9, "Naziv BM": "BIRAČKO MJESTO BR. 9", "Lokacija BM": "GRADSKA ČETVRT ZVIJEZDA", "Adresa BM": "BANJAVČIĆEVA 8 (ČITAONICA)", "Glasovalo birača": 222, "Glasovalo birača (po listićima)": 222, "Važeći listići": 217, "Nevažeći listići": 5 }, "latitude": 45.493419091569002, "longitude": 15.554433, "population": 344 }, "geometry": { "type": "Polygon", "coordinates": [ [ [ 15.552260447146034, 45.492474470101655 ], [ 15.554922200713936, 45.496678601917502 ], [ 15.555556677950007, 45.495935478013372 ], [ 15.556085881467858, 45.495135592328261 ], [ 15.553271041195687, 45.490629509403519 ], [ 15.552260447146034, 45.492474470101655 ] ] ] } },
{ "type": "Feature", "properties": { "BM": 4064, "data": { "Oznaka Gr/Op/Dr": "grad", "Grad/općina/država": "KARLOVAC", "Rbr BM": 11, "Naziv BM": "BIRAČKO MJESTO BR. 11", "Lokacija BM": "PROSTORIJE TVRTKI VODOVOD I KANALIZACIJA D.O.O I ČISTOĆA D.O.O.", "Adresa BM": "GAŽANSKI TRG 8 (U PRIZEMLJU)", "Glasovalo birača": 190, "Glasovalo birača (po listićima)": 189, "Važeći listići": 186, "Nevažeći listići": 3 }, "latitude": 45.4966508, "longitude": 15.5582181, "population": 319 }, "geometry": { "type": "Polygon", "coordinates": [ [ [ 15.554638397308853, 45.497625345596163 ], [ 15.5555130719831, 45.500361072258372 ], [ 15.566824278842182, 45.49752747332959 ], [ 15.555556677950007, 45.495935478013372 ], [ 15.554922200713936, 45.496678601917502 ], [ 15.554638397308853, 45.497625345596163 ] ] ] } },
{ "type": "Feature", "properties": { "BM": 4087, "data": { "Oznaka Gr/Op/Dr": "grad", "Grad/općina/država": "KARLOVAC", "Rbr BM": 34, "Naziv BM": "BIRAČKO MJESTO BR. 34", "Lokacija BM": "GIMNAZIJA KARLOVAC", "Adresa BM": "RAKOVAC 4", "Glasovalo birača": 323, "Glasovalo birača (po listićima)": 323, "Važeći listići": 319, "Nevažeći listići": 4 }, "latitude": 45.485645, "longitude": 15.5559133, "population": 456 }, "geometry": { "type": "Polygon", "coordinates": [ [ [ 15.553454698138809, 45.484622084173296 ], [ 15.55639470349678, 45.487553265000315 ], [ 15.568409831351687, 45.480764731649877 ], [ 15.568222751537681, 45.478670901601745 ], [ 15.554498968189494, 45.476377642517839 ], [ 15.553454698138809, 45.484622084173296 ] ] ] } },
{ "type": "Feature", "properties": { "BM": 4065, "data": { "Oznaka Gr/Op/Dr": "grad", "Grad/općina/država": "KARLOVAC", "Rbr BM": 12, "Naziv BM": "BIRAČKO MJESTO BR. 12", "Lokacija BM": "PROSTORIJE G.Č. GAZA", "Adresa BM": "GAŽANSKI TRG 11", "Glasovalo birača": 466, "Glasovalo birača (po listićima)": 466, "Važeći listići": 452, "Nevažeći listići": 14 }, "latitude": 45.4959855, "longitude": 15.5583121, "population": 766 }, "geometry": { "type": "Polygon", "coordinates": [ [ [ 15.555556677950007, 45.495935478013372 ], [ 15.566824278842182, 45.49752747332959 ], [ 15.571723769937863, 45.496500505427939 ], [ 15.572575877557433, 45.494517091315522 ], [ 15.570934416932161, 45.491494671316254 ], [ 15.558854354433377, 45.492406922548959 ], [ 15.556085881467858, 45.495135592328261 ], [ 15.555556677950007, 45.495935478013372 ] ] ] } },
{ "type": "Feature", "properties": { "BM": 4436, "data": { "Oznaka Gr/Op/Dr": "općina", "Grad/općina/država": "BARILOVIĆ", "Rbr BM": 4, "Naziv BM": "BIRAČKO MJESTO BR. 4", "Lokacija BM": "ŠKOLA U DONJEM VELEMERIĆU", "Adresa BM": "DONJI VELEMERIĆ 20", "Glasovalo birača": 137, "Glasovalo birača (po listićima)": 137, "Važeći listići": 137, "Nevažeći listići": 0 }, "latitude": 45.397953, "longitude": 15.5782118, "population": 201 }, "geometry": { "type": "Polygon", "coordinates": [ [ [ 15.567481072162543, 45.416064536715893 ], [ 15.587430996668683, 45.406029952462063 ], [ 15.595972504409232, 45.390820234763773 ], [ 15.595897643236212, 45.390633072352323 ], [ 15.561780015331177, 45.390440629148607 ], [ 15.555179913057421, 45.402872154921106 ], [ 15.567481072162543, 45.416064536715893 ] ] ] } },
{ "type": "Feature", "properties": { "BM": 4088, "data": { "Oznaka Gr/Op/Dr": "grad", "Grad/općina/država": "KARLOVAC", "Rbr BM": 35, "Naziv BM": "BIRAČKO MJESTO BR. 35", "Lokacija BM": "PROSTORIJE MO LOGORIŠTE", "Adresa BM": "LOGORIŠTE 38", "Glasovalo birača": 200, "Glasovalo birača (po listićima)": 200, "Važeći listići": 199, "Nevažeći listići": 1 }, "latitude": 45.460294, "longitude": 15.5591707, "population": 286 }, "geometry": { "type": "Polygon", "coordinates": [ [ [ 15.550455414029138, 45.463830598661389 ], [ 15.569843506970619, 45.464631083963049 ], [ 15.570131274972411, 45.463090796363296 ], [ 15.56150407011881, 45.448132602902817 ], [ 15.549951524447206, 45.450873197163276 ], [ 15.550455414029138, 45.463830598661389 ] ] ] } },
{ "type": "Feature", "properties": { "BM": 4086, "data": { "Oznaka Gr/Op/Dr": "grad", "Grad/općina/država": "KARLOVAC", "Rbr BM": 33, "Naziv BM": "BIRAČKO MJESTO BR. 33", "Lokacija BM": "PROSTORIJE GRADSKE ČETVRTI RAKOVAC", "Adresa BM": "DOMOBRANSKA 20 C", "Glasovalo birača": 797, "Glasovalo birača (po listićima)": 797, "Važeći listići": 772, "Nevažeći listići": 25 }, "latitude": 45.4870776, "longitude": 15.554485, "population": 1173 }, "geometry": { "type": "Polygon", "coordinates": [ [ [ 15.553427895018062, 45.490182444549092 ], [ 15.555022714923703, 45.489967790454884 ], [ 15.55639470349678, 45.487553265000315 ], [ 15.553454698138809, 45.484622084173296 ], [ 15.551453863029952, 45.48815240890481 ], [ 15.553427895018062, 45.490182444549092 ] ] ] } },
{ "type": "Feature", "properties": { "BM": 4102, "data": { "Oznaka Gr/Op/Dr": "grad", "Grad/općina/država": "KARLOVAC", "Rbr BM": 49, "Naziv BM": "BIRAČKO MJESTO BR. 49", "Lokacija BM": "DRUŠTVENI DOM ZASTINJA", "Adresa BM": "ZASTINJA 11", "Glasovalo birača": 75, "Glasovalo birača (po listićima)": 75, "Važeći listići": 74, "Nevažeći listići": 1 }, "latitude": 45.4928973, "longitude": 15.5552683, "population": 122 }, "geometry": { "type": "Polygon", "coordinates": [ [ [ 15.553427895018062, 45.490182444549092 ], [ 15.553271041195687, 45.490629509403519 ], [ 15.556085881467858, 45.495135592328261 ], [ 15.558854354433377, 45.492406922548959 ], [ 15.555022714923703, 45.489967790454884 ], [ 15.553427895018062, 45.490182444549092 ] ] ] } },
{ "type": "Feature", "properties": { "BM": 4066, "data": { "Oznaka Gr/Op/Dr": "grad", "Grad/općina/država": "KARLOVAC", "Rbr BM": 13, "Naziv BM": "BIRAČKO MJESTO BR. 13", "Lokacija BM": "PROSTORIJE PRIRODOSLOVNE ŠKOLE KARLOVAC", "Adresa BM": "STJEPANA MIHALIĆA 43", "Glasovalo birača": 226, "Glasovalo birača (po listićima)": 226, "Važeći listići": 217, "Nevažeći listići": 9 }, "latitude": 45.5023579, "longitude": 15.5596478, "population": 400 }, "geometry": { "type": "Polygon", "coordinates": [ [ [ 15.554058916941889, 45.503940183858958 ], [ 15.557057487894307, 45.511160785543304 ], [ 15.57160792185266, 45.497214834414017 ], [ 15.571723769937863, 45.496500505427939 ], [ 15.566824278842182, 45.49752747332959 ], [ 15.5555130719831, 45.500361072258372 ], [ 15.554058916941889, 45.503940183858958 ] ] ] } },
{ "type": "Feature", "properties": { "BM": 4085, "data": { "Oznaka Gr/Op/Dr": "grad", "Grad/općina/država": "KARLOVAC", "Rbr BM": 32, "Naziv BM": "BIRAČKO MJESTO BR. 32", "Lokacija BM": "EKONOMSKA ŠKOLA KARLOVAC", "Adresa BM": "KURELČEVA 2", "Glasovalo birača": 145, "Glasovalo birača (po listićima)": 145, "Važeći listići": 144, "Nevažeći listići": 1 }, "latitude": 45.488950364252702, "longitude": 15.557780826982301, "population": 213 }, "geometry": { "type": "Polygon", "coordinates": [ [ [ 15.558854354433377, 45.492406922548959 ], [ 15.570934416932161, 45.491494671316254 ], [ 15.568409831351687, 45.480764731649877 ], [ 15.55639470349678, 45.487553265000315 ], [ 15.555022714923703, 45.489967790454884 ], [ 15.558854354433377, 45.492406922548959 ] ] ] } },
{ "type": "Feature", "properties": { "BM": 4067, "data": { "Oznaka Gr/Op/Dr": "grad", "Grad/općina/država": "KARLOVAC", "Rbr BM": 14, "Naziv BM": "BIRAČKO MJESTO BR. 14", "Lokacija BM": "PROSTORIJE MJESNOG ODBORA GRADAC", "Adresa BM": "GRADAC 31", "Glasovalo birača": 232, "Glasovalo birača (po listićima)": 232, "Važeći listići": 228, "Nevažeći listići": 4 }, "latitude": 45.5089461, "longitude": 15.5659623, "population": 341 }, "geometry": { "type": "Polygon", "coordinates": [ [ [ 15.555110468742686, 45.526431153441166 ], [ 15.561886051082778, 45.52493048520973 ], [ 15.575097163000219, 45.51466989984155 ], [ 15.57160792185266, 45.497214834414017 ], [ 15.557057487894307, 45.511160785543304 ], [ 15.555110468742686, 45.526431153441166 ] ] ] } },
{ "type": "Feature", "properties": { "BM": 4410, "data": { "Oznaka Gr/Op/Dr": "grad", "Grad/općina/država": "SLUNJ", "Rbr BM": 1, "Naziv BM": "BIRAČKO MJESTO BR. 1", "Lokacija BM": "KNJIŽNICA I ČITAONICA SLUNJ", "Adresa BM": "TRG DR. FRANJE TUĐMANA 9, SLUNJ", "Glasovalo birača": 365, "Glasovalo birača (po listićima)": 365, "Važeći listići": 350, "Nevažeći listići": 15 }, "latitude": 45.113902, "longitude": 15.583831, "population": 596 }, "geometry": { "type": "Polygon", "coordinates": [ [ [ 15.499451169375901, 45.074105814777774 ], [ 15.584197428106341, 45.115140378243595 ], [ 15.585041101699128, 45.113905673852202 ], [ 15.529082475394963, 45.050242158572587 ], [ 15.499451169375901, 45.074105814777774 ] ] ] } },
{ "type": "Feature", "properties": { "BM": 4415, "data": { "Oznaka Gr/Op/Dr": "grad", "Grad/općina/država": "SLUNJ", "Rbr BM": 6, "Naziv BM": "BIRAČKO MJESTO BR. 6", "Lokacija BM": "MJESNI DOM CVITOVIĆ", "Adresa BM": "CVITOVIĆ 100", "Glasovalo birača": 202, "Glasovalo birača (po listićima)": 202, "Važeći listići": 192, "Nevažeći listići": 10 }, "latitude": 45.1336724, "longitude": 15.5880961, "population": 336 }, "geometry": { "type": "Polygon", "coordinates": [ [ [ 15.598430801480896, 45.185510544952386 ], [ 15.613760603428153, 45.176775119713213 ], [ 15.615831603284246, 45.124872744338404 ], [ 15.605894868601277, 45.121675242076854 ], [ 15.589340710373607, 45.12399469094192 ], [ 15.573368448271342, 45.142698222994781 ], [ 15.598430801480896, 45.185510544952386 ] ] ] } },
{ "type": "Feature", "properties": { "BM": 4106, "data": { "Oznaka Gr/Op/Dr": "grad", "Grad/općina/država": "KARLOVAC", "Rbr BM": 53, "Naziv BM": "BIRAČKO MJESTO BR. 53", "Lokacija BM": "PROSTORIJE MO GORNJE MEKUŠJE", "Adresa BM": "MEKUŠANSKA CESTA 63", "Glasovalo birača": 269, "Glasovalo birača (po listićima)": 261, "Važeći listići": 256, "Nevažeći listići": 5 }, "latitude": 45.4833523, "longitude": 15.5815736, "population": 408 }, "geometry": { "type": "Polygon", "coordinates": [ [ [ 15.568409831351687, 45.480764731649877 ], [ 15.570934416932161, 45.491494671316254 ], [ 15.572575877557433, 45.494517091315522 ], [ 15.582888361727635, 45.494628815732092 ], [ 15.592734499651852, 45.480151329243967 ], [ 15.589206078944416, 45.473809694801744 ], [ 15.571357135267117, 45.474009114322321 ], [ 15.568222751537681, 45.478670901601745 ], [ 15.568409831351687, 45.480764731649877 ] ] ] } },
{ "type": "Feature", "properties": { "BM": 4072, "data": { "Oznaka Gr/Op/Dr": "grad", "Grad/općina/država": "KARLOVAC", "Rbr BM": 19, "Naziv BM": "BIRAČKO MJESTO BR. 19", "Lokacija BM": "PROSTORIJE DRUŠTVENOG DOMA VODOSTAJ", "Adresa BM": "VODOSTAJ 42 C", "Glasovalo birača": 150, "Glasovalo birača (po listićima)": 150, "Važeći listići": 147, "Nevažeći listići": 3 }, "latitude": 45.5058742, "longitude": 15.5813296, "population": 215 }, "geometry": { "type": "Polygon", "coordinates": [ [ [ 15.571723769937863, 45.496500505427939 ], [ 15.57160792185266, 45.497214834414017 ], [ 15.575097163000219, 45.51466989984155 ], [ 15.595119001518936, 45.517765759423867 ], [ 15.591089180673853, 45.501881885692754 ], [ 15.582888361727635, 45.494628815732092 ], [ 15.572575877557433, 45.494517091315522 ], [ 15.571723769937863, 45.496500505427939 ] ] ] } },
{ "type": "Feature", "properties": { "BM": 4100, "data": { "Oznaka Gr/Op/Dr": "grad", "Grad/općina/država": "KARLOVAC", "Rbr BM": 47, "Naziv BM": "BIRAČKO MJESTO BR. 47", "Lokacija BM": "PRIVATNA KUĆA ŽELJKA STAVLJENIĆA", "Adresa BM": "JELAŠI 74", "Glasovalo birača": 199, "Glasovalo birača (po listićima)": 199, "Važeći listići": 194, "Nevažeći listići": 5 }, "latitude": 45.452203, "longitude": 15.5731992, "population": 320 }, "geometry": { "type": "Polygon", "coordinates": [ [ [ 15.56150407011881, 45.448132602902817 ], [ 15.570131274972411, 45.463090796363296 ], [ 15.594975047370948, 45.446517927321345 ], [ 15.589183443915063, 45.438978506657456 ], [ 15.573261549098447, 45.431841808877437 ], [ 15.56150407011881, 45.448132602902817 ] ] ] } },
{ "type": "Feature", "properties": { "BM": 4438, "data": { "Oznaka Gr/Op/Dr": "općina", "Grad/općina/država": "BARILOVIĆ", "Rbr BM": 6, "Naziv BM": "BIRAČKO MJESTO BR. 6", "Lokacija BM": "KORANSKI BRIJEG - BIVŠA MLJEKARA", "Adresa BM": "KORANSKI BRIJEG", "Glasovalo birača": 28, "Glasovalo birača (po listićima)": 28, "Važeći listići": 28, "Nevažeći listići": 0 }, "latitude": 45.3831141, "longitude": 15.5782955, "population": 86 }, "geometry": { "type": "Polygon", "coordinates": [ [ [ 15.563704665341733, 45.360827198898576 ], [ 15.561780015331177, 45.390440629148607 ], [ 15.595897643236212, 45.390633072352323 ], [ 15.596011162634413, 45.384173233781176 ], [ 15.567217046217165, 45.347943546484963 ], [ 15.563704665341733, 45.360827198898576 ] ] ] } },
{ "type": "Feature", "properties": { "BM": 4104, "data": { "Oznaka Gr/Op/Dr": "grad", "Grad/općina/država": "KARLOVAC", "Rbr BM": 51, "Naziv BM": "BIRAČKO MJESTO BR. 51", "Lokacija BM": "PROSTORIJE GČ TURANJ,PROSTORIJA SAJEVAC", "Adresa BM": "BRAĆE GOJAK 111", "Glasovalo birača": 227, "Glasovalo birača (po listićima)": 227, "Važeći listići": 218, "Nevažeći listići": 9 }, "latitude": 45.46444, "longitude": 15.5813623, "population": 441 }, "geometry": { "type": "Polygon", "coordinates": [ [ [ 15.569843506970619, 45.464631083963049 ], [ 15.571357135267117, 45.474009114322321 ], [ 15.589206078944416, 45.473809694801744 ], [ 15.598975001703367, 45.449154865030934 ], [ 15.594975047370948, 45.446517927321345 ], [ 15.570131274972411, 45.463090796363296 ], [ 15.569843506970619, 45.464631083963049 ] ] ] } },
{ "type": "Feature", "properties": { "BM": 4135, "data": { "Oznaka Gr/Op/Dr": "grad", "Grad/općina/država": "KARLOVAC", "Rbr BM": 82, "Naziv BM": "BIRAČKO MJESTO BR.82", "Lokacija BM": "ŠERIF EXPORT - IMPORT D.O.O.", "Adresa BM": "ZAGREBAČKA 19", "Glasovalo birača": 136, "Glasovalo birača (po listićima)": 136, "Važeći listići": 129, "Nevažeći listići": 7 }, "latitude": 45.5376988, "longitude": 15.5723305, "population": 226 }, "geometry": { "type": "Polygon", "coordinates": [ [ [ 15.55319473587593, 45.527877246313153 ], [ 15.556200304825143, 45.549040725740049 ], [ 15.582592067061057, 45.560093973142244 ], [ 15.61261909356714, 45.548987892321215 ], [ 15.561886051082778, 45.52493048520973 ], [ 15.555110468742686, 45.526431153441166 ], [ 15.55319473587593, 45.527877246313153 ] ] ] } },
{ "type": "Feature", "properties": { "BM": 4421, "data": { "Oznaka Gr/Op/Dr": "grad", "Grad/općina/država": "SLUNJ", "Rbr BM": 12, "Naziv BM": "BIRAČKO MJESTO BR. 12", "Lokacija BM": "MJESNI DOM VELJUN", "Adresa BM": "VELJUN 58", "Glasovalo birača": 65, "Glasovalo birača (po listićima)": 65, "Važeći listići": 65, "Nevažeći listići": 0 }, "latitude": 45.2530596, "longitude": 15.5647111, "population": 225 }, "geometry": { "type": "Polygon", "coordinates": [ [ [ 15.51536008099165, 45.274495164318125 ], [ 15.592458034997055, 45.280611788277547 ], [ 15.605690350657341, 45.247039553304333 ], [ 15.585197807677043, 45.200597600694216 ], [ 15.487563668997373, 45.206749245727522 ], [ 15.51536008099165, 45.274495164318125 ] ] ] } },
{ "type": "Feature", "properties": { "BM": 4554, "data": { "Oznaka Gr/Op/Dr": "općina", "Grad/općina/država": "KRNJAK", "Rbr BM": 3, "Naziv BM": "BIRAČKO MJESTO BROJ 3", "Lokacija BM": "PODRUČNA ŠKOLA", "Adresa BM": "DONJI BUDAČKI BB", "Glasovalo birača": 111, "Glasovalo birača (po listićima)": 111, "Važeći listići": 108, "Nevažeći listići": 3 }, "latitude": 45.3666758, "longitude": 15.5989787, "population": 256 }, "geometry": { "type": "Polygon", "coordinates": [ [ [ 15.566720207556886, 45.34300328629169 ], [ 15.567217046217165, 45.347943546484963 ], [ 15.596011162634413, 45.384173233781176 ], [ 15.624784391571572, 45.359256920136971 ], [ 15.570367958014852, 45.340795832953503 ], [ 15.566720207556886, 45.34300328629169 ] ] ] } },
{ "type": "Feature", "properties": { "BM": 4478, "data": { "Oznaka Gr/Op/Dr": "općina", "Grad/općina/država": "DRAGANIĆ", "Rbr BM": 3, "Naziv BM": "BIRAČKO MJESTO BR. 3", "Lokacija BM": "UREDSKI KONTEJNER NA JAVNOJ POVRŠINI SAP", "Adresa BM": "BUDROVCI BB", "Glasovalo birača": 352, "Glasovalo birača (po listićima)": 352, "Važeći listići": 341, "Nevažeći listići": 11 }, "latitude": 45.583776446918598, "longitude": 15.589373215522199, "population": 578 }, "geometry": { "type": "Polygon", "coordinates": [ [ [ 15.569952770899134, 45.595325449755471 ], [ 15.581398945860897, 45.598311396261153 ], [ 15.607419220757519, 45.587668692863105 ], [ 15.62960390527866, 45.549133095674307 ], [ 15.62778133754678, 45.547003809505156 ], [ 15.625239444917611, 45.546630401209022 ], [ 15.61261909356714, 45.548987892321215 ], [ 15.582592067061057, 45.560093973142244 ], [ 15.565816956579335, 45.592954293666573 ], [ 15.569952770899134, 45.595325449755471 ] ] ] } },
{ "type": "Feature", "properties": { "BM": 4413, "data": { "Oznaka Gr/Op/Dr": "grad", "Grad/općina/država": "SLUNJ", "Rbr BM": 4, "Naziv BM": "BIRAČKO MJESTO BR. 4", "Lokacija BM": "MJESNI DOM TABORIŠTE", "Adresa BM": "DONJE TABORIŠTE 149 A", "Glasovalo birača": 288, "Glasovalo birača (po listićima)": 288, "Važeći listići": 282, "Nevažeći listići": 6 }, "latitude": 45.1267391, "longitude": 15.5799772, "population": 428 }, "geometry": { "type": "Polygon", "coordinates": [ [ [ 15.573368448271342, 45.142698222994781 ], [ 15.589340710373607, 45.12399469094192 ], [ 15.585914232971934, 45.122382893813715 ], [ 15.534963577476187, 45.108536461335383 ], [ 15.573368448271342, 45.142698222994781 ] ] ] } },
{ "type": "Feature", "properties": { "BM": 4068, "data": { "Oznaka Gr/Op/Dr": "grad", "Grad/općina/država": "KARLOVAC", "Rbr BM": 15, "Naziv BM": "BIRAČKO MJESTO BR. 15", "Lokacija BM": "PROSTORIJE MJESNOG ODBORA ORLOVAC", "Adresa BM": "REČIČKA 55", "Glasovalo birača": 370, "Glasovalo birača (po listićima)": 370, "Važeći listići": 358, "Nevažeći listići": 12 }, "latitude": 45.5249372, "longitude": 15.578382, "population": 689 }, "geometry": { "type": "Polygon", "coordinates": [ [ [ 15.61261909356714, 45.548987892321215 ], [ 15.625239444917611, 45.546630401209022 ], [ 15.595119001518936, 45.517765759423867 ], [ 15.575097163000219, 45.51466989984155 ], [ 15.561886051082778, 45.52493048520973 ], [ 15.61261909356714, 45.548987892321215 ] ] ] } },
{ "type": "Feature", "properties": { "BM": 4420, "data": { "Oznaka Gr/Op/Dr": "grad", "Grad/općina/država": "SLUNJ", "Rbr BM": 11, "Naziv BM": "BIRAČKO MJESTO BR. 11", "Lokacija BM": "OSNOVNA ŠKOLA PRIMIŠLJE", "Adresa BM": "MJESTO PRIMIŠLJE 31 A", "Glasovalo birača": 22, "Glasovalo birača (po listićima)": 22, "Važeći listići": 21, "Nevažeći listići": 1 }, "latitude": 45.1150317, "longitude": 15.5854843, "population": 112 }, "geometry": { "type": "Polygon", "coordinates": [ [ [ 15.584197428106341, 45.115140378243595 ], [ 15.585914232971934, 45.122382893813715 ], [ 15.589340710373607, 45.12399469094192 ], [ 15.605894868601277, 45.121675242076854 ], [ 15.59633165539476, 45.112490593710525 ], [ 15.585041101699128, 45.113905673852202 ], [ 15.584197428106341, 45.115140378243595 ] ] ] } },
{ "type": "Feature", "properties": { "BM": 4073, "data": { "Oznaka Gr/Op/Dr": "grad", "Grad/općina/država": "KARLOVAC", "Rbr BM": 20, "Naziv BM": "BIRAČKO MJESTO BR. 20", "Lokacija BM": "DRUŠTVENI DOM ČURJACI", "Adresa BM": "VODOSTAJ 140 B", "Glasovalo birača": 27, "Glasovalo birača (po listićima)": 27, "Važeći listići": 27, "Nevažeći listići": 0 }, "latitude": 45.5007387, "longitude": 15.6015716, "population": 42 }, "geometry": { "type": "Polygon", "coordinates": [ [ [ 15.595119001518936, 45.517765759423867 ], [ 15.625239444917611, 45.546630401209022 ], [ 15.62778133754678, 45.547003809505156 ], [ 15.629627591236275, 45.537968661552675 ], [ 15.631356279530966, 45.51613676645475 ], [ 15.616394331973282, 45.49448841162296 ], [ 15.601608858521679, 45.492898033518692 ], [ 15.591089180673853, 45.501881885692754 ], [ 15.595119001518936, 45.517765759423867 ] ] ] } },
{ "type": "Feature", "properties": { "BM": 4778, "data": { "Oznaka Gr/Op/Dr": "općina", "Grad/općina/država": "VOJNIĆ", "Rbr BM": 12, "Naziv BM": "BIRAČKO MJESTO BR. 12", "Lokacija BM": "KESTENOVAC - ZGRADA BIVŠE ŠKOLE", "Adresa BM": "KESTENOVAC B.B.", "Glasovalo birača": 13, "Glasovalo birača (po listićima)": 13, "Važeći listići": 13, "Nevažeći listići": 0 }, "latitude": 45.2208269, "longitude": 15.6377596, "population": 81 }, "geometry": { "type": "Polygon", "coordinates": [ [ [ 15.585197807677043, 45.200597600694216 ], [ 15.605690350657341, 45.247039553304333 ], [ 15.661111115712409, 45.252922563783152 ], [ 15.684344316858374, 45.200654205118539 ], [ 15.626107903608025, 45.177504310320103 ], [ 15.613760603428153, 45.176775119713213 ], [ 15.598430801480896, 45.185510544952386 ], [ 15.585197807677043, 45.200597600694216 ] ] ] } },
{ "type": "Feature", "properties": { "BM": 4412, "data": { "Oznaka Gr/Op/Dr": "grad", "Grad/općina/država": "SLUNJ", "Rbr BM": 3, "Naziv BM": "BIRAČKO MJESTO BR. 3", "Lokacija BM": "VATROGASNI DOM SLUNJ", "Adresa BM": "ULICA PLITVIČKA 9, SLUNJ", "Glasovalo birača": 336, "Glasovalo birača (po listićima)": 336, "Važeći listići": 326, "Nevažeći listići": 10 }, "latitude": 45.1127051, "longitude": 15.5851927, "population": 534 }, "geometry": { "type": "Polygon", "coordinates": [ [ [ 15.529082475394963, 45.050242158572587 ], [ 15.585041101699128, 45.113905673852202 ], [ 15.59633165539476, 45.112490593710525 ], [ 15.537821416220758, 45.043047316998603 ], [ 15.529082475394963, 45.050242158572587 ] ] ] } },
{ "type": "Feature", "properties": { "BM": 4552, "data": { "Oznaka Gr/Op/Dr": "općina", "Grad/općina/država": "KRNJAK", "Rbr BM": 1, "Naziv BM": "BIRAČKO MJESTO BR. 1", "Lokacija BM": "ZGRADA OPĆINE KRNJAK", "Adresa BM": "KRNJAK BR. 5", "Glasovalo birača": 118, "Glasovalo birača (po listićima)": 118, "Važeći listići": 114, "Nevažeći listići": 4 }, "latitude": 45.3376673, "longitude": 15.60882, "population": 299 }, "geometry": { "type": "Polygon", "coordinates": [ [ [ 15.570367958014852, 45.340795832953503 ], [ 15.624784391571572, 45.359256920136971 ], [ 15.644469386139026, 45.357149078646088 ], [ 15.644490901659536, 45.356942540565008 ], [ 15.59787811927416, 45.302125773269466 ], [ 15.570367958014852, 45.340795832953503 ] ] ] } },
{ "type": "Feature", "properties": { "BM": 4417, "data": { "Oznaka Gr/Op/Dr": "grad", "Grad/općina/država": "SLUNJ", "Rbr BM": 8, "Naziv BM": "BIRAČKO MJESTO BR. 8", "Lokacija BM": "MJESNI DOM POPOVAC", "Adresa BM": "LUMBARDENIK 76 C", "Glasovalo birača": 124, "Glasovalo birača (po listićima)": 124, "Važeći listići": 120, "Nevažeći listići": 4 }, "latitude": 45.1015495, "longitude": 15.5984328, "population": 223 }, "geometry": { "type": "Polygon", "coordinates": [ [ [ 15.537821416220758, 45.043047316998603 ], [ 15.59633165539476, 45.112490593710525 ], [ 15.605894868601277, 45.121675242076854 ], [ 15.615831603284246, 45.124872744338404 ], [ 15.623499505155445, 45.114960629751572 ], [ 15.605908110741987, 45.04274837765599 ], [ 15.561928628257274, 45.018632550743931 ], [ 15.537821416220758, 45.043047316998603 ] ] ] } },
{ "type": "Feature", "properties": { "BM": 4675, "data": { "Oznaka Gr/Op/Dr": "općina", "Grad/općina/država": "RAKOVICA", "Rbr BM": 3, "Naziv BM": "BIRAČKO MJESTO BR. 3", "Lokacija BM": "DJEČJI VRTIĆ U SELIŠTU DREŽNIČKOM", "Adresa BM": "SELIŠTE DREŽNIČKO 1", "Glasovalo birača": 293, "Glasovalo birača (po listićima)": 293, "Važeći listići": 276, "Nevažeći listići": 17 }, "latitude": 44.9459768, "longitude": 15.6286332, "population": 435 }, "geometry": { "type": "Polygon", "coordinates": [ [ [ 15.543530854145795, 44.92398590417762 ], [ 15.563628543092392, 45.005054692818355 ], [ 15.580198704946909, 44.998625631739898 ], [ 15.640547298751784, 44.954085865558177 ], [ 15.6351901735887, 44.91052486943029 ], [ 15.558194840820624, 44.910973197427474 ], [ 15.543530854145795, 44.92398590417762 ] ] ] } },
{ "type": "Feature", "properties": { "BM": 4107, "data": { "Oznaka Gr/Op/Dr": "grad", "Grad/općina/država": "KARLOVAC", "Rbr BM": 54, "Naziv BM": "BIRAČKO MJESTO BR. 54", "Lokacija BM": "PROSTORIJE MO CEROVAC VUKMANIĆKI", "Adresa BM": "CEROVAC VUKMANIĆKI 58", "Glasovalo birača": 365, "Glasovalo birača (po listićima)": 365, "Važeći listići": 354, "Nevažeći listići": 11 }, "latitude": 45.4269436, "longitude": 15.6060815, "population": 770 }, "geometry": { "type": "Polygon", "coordinates": [ [ [ 15.594975047370948, 45.446517927321345 ], [ 15.598975001703367, 45.449154865030934 ], [ 15.619153209464322, 45.451262282601967 ], [ 15.631063681431995, 45.435265430113908 ], [ 15.631576783144125, 45.428675746809041 ], [ 15.629995466122795, 45.408905419516266 ], [ 15.627185752993562, 45.408406535201856 ], [ 15.598550112080616, 45.419955770469365 ], [ 15.589183443915063, 45.438978506657456 ], [ 15.594975047370948, 45.446517927321345 ] ] ] } },
{ "type": "Feature", "properties": { "BM": 4071, "data": { "Oznaka Gr/Op/Dr": "grad", "Grad/općina/država": "KARLOVAC", "Rbr BM": 18, "Naziv BM": "BIRAČKO MJESTO BR. 18", "Lokacija BM": "PROSTORIJE MO POKUPSKA DOLINA", "Adresa BM": "DONJE MEKUŠJE 33 A", "Glasovalo birača": 134, "Glasovalo birača (po listićima)": 134, "Važeći listići": 131, "Nevažeći listići": 3 }, "latitude": 45.4917076, "longitude": 15.593859, "population": 168 }, "geometry": { "type": "Polygon", "coordinates": [ [ [ 15.591089180673853, 45.501881885692754 ], [ 15.601608858521679, 45.492898033518692 ], [ 15.592831364638434, 45.48018876754827 ], [ 15.592734499651852, 45.480151329243967 ], [ 15.582888361727635, 45.494628815732092 ], [ 15.591089180673853, 45.501881885692754 ] ] ] } },
{ "type": "Feature", "properties": { "BM": 4097, "data": { "Oznaka Gr/Op/Dr": "grad", "Grad/općina/država": "KARLOVAC", "Rbr BM": 44, "Naziv BM": "BIRAČKO MJESTO BR. 44", "Lokacija BM": "OSNOVNA ŠKOLA TUŠILOVIĆ", "Adresa BM": "TUŠILOVIĆ 58", "Glasovalo birača": 319, "Glasovalo birača (po listićima)": 319, "Važeći listići": 308, "Nevažeći listići": 11 }, "latitude": 45.3837372, "longitude": 15.6137531, "population": 718 }, "geometry": { "type": "Polygon", "coordinates": [ [ [ 15.595972504409232, 45.390820234763773 ], [ 15.627185752993562, 45.408406535201856 ], [ 15.629995466122795, 45.408905419516266 ], [ 15.649728025222663, 45.387387980007112 ], [ 15.650395381056876, 45.367919277366937 ], [ 15.644469386139026, 45.357149078646088 ], [ 15.624784391571572, 45.359256920136971 ], [ 15.596011162634413, 45.384173233781176 ], [ 15.595897643236212, 45.390633072352323 ], [ 15.595972504409232, 45.390820234763773 ] ] ] } },
{ "type": "Feature", "properties": { "BM": 4103, "data": { "Oznaka Gr/Op/Dr": "grad", "Grad/općina/država": "KARLOVAC", "Rbr BM": 50, "Naziv BM": "BIRAČKO MJESTO BR. 50", "Lokacija BM": "PROSTORIJE GČ TURANJ", "Adresa BM": "BRAĆE GOJAK 4", "Glasovalo birača": 668, "Glasovalo birača (po listićima)": 668, "Važeći listići": 649, "Nevažeći listići": 19 }, "latitude": 45.4723552, "longitude": 15.6013387, "population": 1076 }, "geometry": { "type": "Polygon", "coordinates": [ [ [ 15.592734499651852, 45.480151329243967 ], [ 15.592831364638434, 45.48018876754827 ], [ 15.599882647923925, 45.479147419379736 ], [ 15.619689495004096, 45.452810172509778 ], [ 15.619153209464322, 45.451262282601967 ], [ 15.598975001703367, 45.449154865030934 ], [ 15.589206078944416, 45.473809694801744 ], [ 15.592734499651852, 45.480151329243967 ] ] ] } },
{ "type": "Feature", "properties": { "BM": 4553, "data": { "Oznaka Gr/Op/Dr": "općina", "Grad/općina/država": "KRNJAK", "Rbr BM": 2, "Naziv BM": "BIRAČKO MJESTO BR. 2", "Lokacija BM": "LOVAČKI DOM", "Adresa BM": "HRVATSKO ŽARIŠTE BR. 5", "Glasovalo birača": 70, "Glasovalo birača (po listićima)": 70, "Važeći listići": 69, "Nevažeći listići": 1 }, "latitude": 45.3186375, "longitude": 15.6311991, "population": 221 }, "geometry": { "type": "Polygon", "coordinates": [ [ [ 15.59787811927416, 45.302125773269466 ], [ 15.644490901659536, 45.356942540565008 ], [ 15.659846481684854, 45.327046159142284 ], [ 15.647286747629495, 45.299158105065196 ], [ 15.598609478024366, 45.298732827634495 ], [ 15.59787811927416, 45.302125773269466 ] ] ] } },
{ "type": "Feature", "properties": { "BM": 4477, "data": { "Oznaka Gr/Op/Dr": "općina", "Grad/općina/država": "DRAGANIĆ", "Rbr BM": 2, "Naziv BM": "BIRAČKO MJESTO BR. 2", "Lokacija BM": "OSNOVNA ŠKOLA DRAGANIĆI", "Adresa BM": "DRAGANIĆI 35", "Glasovalo birača": 278, "Glasovalo birača (po listićima)": 278, "Važeći listići": 270, "Nevažeći listići": 8 }, "latitude": 45.6030918, "longitude": 15.5972735, "population": 511 }, "geometry": { "type": "Polygon", "coordinates": [ [ [ 15.593729951116664, 45.615052117917074 ], [ 15.609362977205237, 45.612432992542843 ], [ 15.607419220757519, 45.587668692863105 ], [ 15.581398945860897, 45.598311396261153 ], [ 15.593729951116664, 45.615052117917074 ] ] ] } },
{ "type": "Feature", "properties": { "BM": 4095, "data": { "Oznaka Gr/Op/Dr": "grad", "Grad/općina/država": "KARLOVAC", "Rbr BM": 42, "Naziv BM": "BIRAČKO MJESTO BR. 42", "Lokacija BM": "MO LADVENJAK-DOM SELIŠĆE", "Adresa BM": "LADVENJAK 56 B", "Glasovalo birača": 100, "Glasovalo birača (po listićima)": 100, "Važeći listići": 97, "Nevažeći listići": 3 }, "latitude": 45.4096981, "longitude": 15.5991261, "population": 162 }, "geometry": { "type": "Polygon", "coordinates": [ [ [ 15.587430996668683, 45.406029952462063 ], [ 15.598550112080616, 45.419955770469365 ], [ 15.627185752993562, 45.408406535201856 ], [ 15.595972504409232, 45.390820234763773 ], [ 15.587430996668683, 45.406029952462063 ] ] ] } },
{ "type": "Feature", "properties": { "BM": 4555, "data": { "Oznaka Gr/Op/Dr": "općina", "Grad/općina/država": "KRNJAK", "Rbr BM": 4, "Naziv BM": "BIRAČKO MJESTO BR. 4", "Lokacija BM": "DRUŠTVENI DOM TRUPINJAK", "Adresa BM": "PERIĆI BR. 16", "Glasovalo birača": 22, "Glasovalo birača (po listićima)": 22, "Važeći listići": 22, "Nevažeći listići": 0 }, "latitude": 45.2794006, "longitude": 15.6315419, "population": 78 }, "geometry": { "type": "Polygon", "coordinates": [ [ [ 15.598609478024366, 45.298732827634495 ], [ 15.647286747629495, 45.299158105065196 ], [ 15.665533127388766, 45.262883820026417 ], [ 15.661111115712409, 45.252922563783152 ], [ 15.605690350657341, 45.247039553304333 ], [ 15.592458034997055, 45.280611788277547 ], [ 15.598609478024366, 45.298732827634495 ] ] ] } },
{ "type": "Feature", "properties": { "BM": 4105, "data": { "Oznaka Gr/Op/Dr": "grad", "Grad/općina/država": "KARLOVAC", "Rbr BM": 52, "Naziv BM": "BIRAČKO MJESTO BR. 52", "Lokacija BM": "PROSTORIJE MO KAMENSKO", "Adresa BM": "KAMENSKO 73 B", "Glasovalo birača": 233, "Glasovalo birača (po listićima)": 233, "Važeći listići": 228, "Nevažeći listići": 5 }, "latitude": 45.4758638, "longitude": 15.6060041, "population": 377 }, "geometry": { "type": "Polygon", "coordinates": [ [ [ 15.599882647923925, 45.479147419379736 ], [ 15.615328263753426, 45.483706391219137 ], [ 15.623051344869735, 45.45990318179593 ], [ 15.619689495004096, 45.452810172509778 ], [ 15.599882647923925, 45.479147419379736 ] ] ] } },
{ "type": "Feature", "properties": { "BM": 4476, "data": { "Oznaka Gr/Op/Dr": "općina", "Grad/općina/država": "DRAGANIĆ", "Rbr BM": 1, "Naziv BM": "BIRAČKO MJESTO BR. 1", "Lokacija BM": "UREDSKI KONTEJNER NA JAVNOJ POVRŠINI DOBRA", "Adresa BM": "LAZINA BB", "Glasovalo birača": 232, "Glasovalo birača (po listićima)": 232, "Važeći listići": 220, "Nevažeći listići": 12 }, "latitude": 45.60132, "longitude": 15.619847, "population": 347 }, "geometry": { "type": "Polygon", "coordinates": [ [ [ 15.620989649419521, 45.620600980375102 ], [ 15.679422972193018, 45.580079510716708 ], [ 15.679674898024118, 45.578157194555629 ], [ 15.62960390527866, 45.549133095674307 ], [ 15.607419220757519, 45.587668692863105 ], [ 15.609362977205237, 45.612432992542843 ], [ 15.618348231815894, 45.619531390333762 ], [ 15.620989649419521, 45.620600980375102 ] ] ] } },
{ "type": "Feature", "properties": { "BM": 4069, "data": { "Oznaka Gr/Op/Dr": "grad", "Grad/općina/država": "KARLOVAC", "Rbr BM": 16, "Naziv BM": "BIRAČKO MJESTO BR. 16", "Lokacija BM": "DRUŠTVENI DOM HUSJE", "Adresa BM": "HUSJE 29 B", "Glasovalo birača": 109, "Glasovalo birača (po listićima)": 109, "Važeći listići": 108, "Nevažeći listići": 1 }, "latitude": 45.4852288, "longitude": 15.6032399, "population": 135 }, "geometry": { "type": "Polygon", "coordinates": [ [ [ 15.615328263753426, 45.483706391219137 ], [ 15.599882647923925, 45.479147419379736 ], [ 15.592831364638434, 45.48018876754827 ], [ 15.601608858521679, 45.492898033518692 ], [ 15.616394331973282, 45.49448841162296 ], [ 15.615328263753426, 45.483706391219137 ] ] ] } },
{ "type": "Feature", "properties": { "BM": 4070, "data": { "Oznaka Gr/Op/Dr": "grad", "Grad/općina/država": "KARLOVAC", "Rbr BM": 17, "Naziv BM": "BIRAČKO MJESTO BR. 17", "Lokacija BM": "VATROGASNI DOM DVD POKUPSKI KOBILIĆ", "Adresa BM": "KOBILIĆ POKUPSKI 29 A", "Glasovalo birača": 23, "Glasovalo birača (po listićima)": 23, "Važeći listići": 21, "Nevažeći listići": 2 }, "latitude": 45.482832, "longitude": 15.6274807, "population": 32 }, "geometry": { "type": "Polygon", "coordinates": [ [ [ 15.616394331973282, 45.49448841162296 ], [ 15.631356279530966, 45.51613676645475 ], [ 15.646362563953385, 45.492617481288114 ], [ 15.644292822851137, 45.475184186321684 ], [ 15.623051344869735, 45.45990318179593 ], [ 15.615328263753426, 45.483706391219137 ], [ 15.616394331973282, 45.49448841162296 ] ] ] } },
{ "type": "Feature", "properties": { "BM": 4109, "data": { "Oznaka Gr/Op/Dr": "grad", "Grad/općina/država": "KARLOVAC", "Rbr BM": 56, "Naziv BM": "BIRAČKO MJESTO BR. 56", "Lokacija BM": "PROSTORIJE MO  POPOVIĆ BRDO", "Adresa BM": "POPOVIĆ BRDO 30 B", "Glasovalo birača": 86, "Glasovalo birača (po listićima)": 86, "Važeći listići": 84, "Nevažeći listići": 2 }, "latitude": 45.4568129, "longitude": 15.6461987, "population": 200 }, "geometry": { "type": "Polygon", "coordinates": [ [ [ 15.619689495004096, 45.452810172509778 ], [ 15.623051344869735, 45.45990318179593 ], [ 15.644292822851137, 45.475184186321684 ], [ 15.671409939778366, 45.455060731320216 ], [ 15.671624684410531, 45.453218613472643 ], [ 15.671577040092057, 45.452211219257407 ], [ 15.631063681431995, 45.435265430113908 ], [ 15.619153209464322, 45.451262282601967 ], [ 15.619689495004096, 45.452810172509778 ] ] ] } },
{ "type": "Feature", "properties": { "BM": 4676, "data": { "Oznaka Gr/Op/Dr": "općina", "Grad/općina/država": "RAKOVICA", "Rbr BM": 4, "Naziv BM": "BIRAČKO MJESTO BR. 4", "Lokacija BM": "SPELEON - CENTAR PODZEMNE BAŠTINE", "Adresa BM": "NOVA KRŠLJA 47", "Glasovalo birača": 41, "Glasovalo birača (po listićima)": 41, "Važeći listići": 38, "Nevažeći listići": 3 }, "latitude": 45.0048306, "longitude": 15.6514679, "population": 80 }, "geometry": { "type": "Polygon", "coordinates": [ [ [ 15.563628543092392, 45.005054692818355 ], [ 15.561928628257274, 45.018632550743931 ], [ 15.605908110741987, 45.04274837765599 ], [ 15.651507400027631, 45.048996156917852 ], [ 15.726228277778382, 45.00443595521876 ], [ 15.5988080570043, 44.99526143329846 ], [ 15.580198704946909, 44.998625631739898 ], [ 15.563628543092392, 45.005054692818355 ] ] ] } },
{ "type": "Feature", "properties": { "BM": 4074, "data": { "Oznaka Gr/Op/Dr": "grad", "Grad/općina/država": "KARLOVAC", "Rbr BM": 21, "Naziv BM": "BIRAČKO MJESTO BR. 21", "Lokacija BM": "PROSTORIJE MO REČICA", "Adresa BM": "POKUPSKA LUKA  9", "Glasovalo birača": 151, "Glasovalo birača (po listićima)": 151, "Važeći listići": 143, "Nevažeći listići": 8 }, "latitude": 45.5147296, "longitude": 15.6700399, "population": 279 }, "geometry": { "type": "Polygon", "coordinates": [ [ [ 15.62778133754678, 45.547003809505156 ], [ 15.62960390527866, 45.549133095674307 ], [ 15.679674898024118, 45.578157194555629 ], [ 15.690124737221508, 45.571810992790283 ], [ 15.690571016845102, 45.564693031345129 ], [ 15.678769806525994, 45.501041346959688 ], [ 15.629627591236275, 45.537968661552675 ], [ 15.62778133754678, 45.547003809505156 ] ] ] } },
{ "type": "Feature", "properties": { "BM": 4077, "data": { "Oznaka Gr/Op/Dr": "grad", "Grad/općina/država": "KARLOVAC", "Rbr BM": 24, "Naziv BM": "BIRAČKO MJESTO BR. 24", "Lokacija BM": "PROSTORIJE ZDRAVSTVENE AMB.REČICA", "Adresa BM": "REČICA 47 B", "Glasovalo birača": 182, "Glasovalo birača (po listićima)": 182, "Važeći listići": 173, "Nevažeći listići": 9 }, "latitude": 45.505618, "longitude": 15.6631931, "population": 263 }, "geometry": { "type": "Polygon", "coordinates": [ [ [ 15.629627591236275, 45.537968661552675 ], [ 15.678769806525994, 45.501041346959688 ], [ 15.679087108874761, 45.499250158529755 ], [ 15.678449552990354, 45.497523146874727 ], [ 15.656429925708444, 45.492331626835366 ], [ 15.646362563953385, 45.492617481288114 ], [ 15.631356279530966, 45.51613676645475 ], [ 15.629627591236275, 45.537968661552675 ] ] ] } },
{ "type": "Feature", "properties": { "BM": 4416, "data": { "Oznaka Gr/Op/Dr": "grad", "Grad/općina/država": "SLUNJ", "Rbr BM": 7, "Naziv BM": "BIRAČKO MJESTO BR. 7", "Lokacija BM": "OSNOVNA ŠKOLA KREMEN", "Adresa BM": "DONJI KREMEN 127", "Glasovalo birača": 136, "Glasovalo birača (po listićima)": 136, "Važeći listići": 129, "Nevažeći listići": 7 }, "latitude": 45.1358543, "longitude": 15.6427778, "population": 281 }, "geometry": { "type": "Polygon", "coordinates": [ [ [ 15.615831603284246, 45.124872744338404 ], [ 15.613760603428153, 45.176775119713213 ], [ 15.626107903608025, 45.177504310320103 ], [ 15.68046262039987, 45.112983370912765 ], [ 15.67779516199638, 45.11105590452437 ], [ 15.623499505155445, 45.114960629751572 ], [ 15.615831603284246, 45.124872744338404 ] ] ] } },
{ "type": "Feature", "properties": { "BM": 4768, "data": { "Oznaka Gr/Op/Dr": "općina", "Grad/općina/država": "VOJNIĆ", "Rbr BM": 2, "Naziv BM": "BIRAČKO MJESTO BR. 2", "Lokacija BM": "KNEŽEVIĆ KOSA -  KUĆA MIHANOVIĆ MILE", "Adresa BM": "KNEŽEVIĆ KOSA 34", "Glasovalo birača": 107, "Glasovalo birača (po listićima)": 107, "Važeći listići": 95, "Nevažeći listići": 12 }, "latitude": 45.3454332, "longitude": 15.6833687, "population": 227 }, "geometry": { "type": "Polygon", "coordinates": [ [ [ 15.644469386139026, 45.357149078646088 ], [ 15.650395381056876, 45.367919277366937 ], [ 15.707109811779993, 45.364442361192673 ], [ 15.703182411020475, 45.342634124960988 ], [ 15.669129366623196, 45.324831763798116 ], [ 15.659846481684854, 45.327046159142284 ], [ 15.644490901659536, 45.356942540565008 ], [ 15.644469386139026, 45.357149078646088 ] ] ] } },
{ "type": "Feature", "properties": { "BM": 4108, "data": { "Oznaka Gr/Op/Dr": "grad", "Grad/općina/država": "KARLOVAC", "Rbr BM": 55, "Naziv BM": "BIRAČKO MJESTO BR. 55", "Lokacija BM": "PROSTORIJE MO VUKMANIĆ", "Adresa BM": "VUKMANIĆ 88", "Glasovalo birača": 138, "Glasovalo birača (po listićima)": 138, "Važeći listići": 134, "Nevažeći listići": 4 }, "latitude": 45.4229131, "longitude": 15.6564726, "population": 176 }, "geometry": { "type": "Polygon", "coordinates": [ [ [ 15.631576783144125, 45.428675746809041 ], [ 15.687603117662201, 45.424750723023692 ], [ 15.690955124417398, 45.42040647900091 ], [ 15.649728025222663, 45.387387980007112 ], [ 15.629995466122795, 45.408905419516266 ], [ 15.631576783144125, 45.428675746809041 ] ] ] } },
{ "type": "Feature", "properties": { "BM": 4677, "data": { "Oznaka Gr/Op/Dr": "općina", "Grad/općina/država": "RAKOVICA", "Rbr BM": 5, "Naziv BM": "BIRAČKO MJESTO BR. 5", "Lokacija BM": "HOTEL GRABOVAC", "Adresa BM": "GRABOVAC 109", "Glasovalo birača": 177, "Glasovalo birača (po listićima)": 177, "Važeći listići": 174, "Nevažeći listići": 3 }, "latitude": 44.9678608, "longitude": 15.6447845, "population": 295 }, "geometry": { "type": "Polygon", "coordinates": [ [ [ 15.580198704946909, 44.998625631739898 ], [ 15.5988080570043, 44.99526143329846 ], [ 15.669183585158951, 44.974511201514964 ], [ 15.65870032861592, 44.958050446251526 ], [ 15.640547298751784, 44.954085865558177 ], [ 15.580198704946909, 44.998625631739898 ] ] ] } },
{ "type": "Feature", "properties": { "BM": 4418, "data": { "Oznaka Gr/Op/Dr": "grad", "Grad/općina/država": "SLUNJ", "Rbr BM": 9, "Naziv BM": "BIRAČKO MJESTO BR. 9", "Lokacija BM": "MJESNI DOM LAĐEVAC", "Adresa BM": "GORNJI LAĐEVAC 2", "Glasovalo birača": 124, "Glasovalo birača (po listićima)": 124, "Važeći listići": 120, "Nevažeći listići": 4 }, "latitude": 45.0915234, "longitude": 15.6395897, "population": 248 }, "geometry": { "type": "Polygon", "coordinates": [ [ [ 15.623499505155445, 45.114960629751572 ], [ 15.67779516199638, 45.11105590452437 ], [ 15.651507400027631, 45.048996156917852 ], [ 15.605908110741987, 45.04274837765599 ], [ 15.623499505155445, 45.114960629751572 ] ] ] } },
{ "type": "Feature", "properties": { "BM": 4773, "data": { "Oznaka Gr/Op/Dr": "općina", "Grad/općina/država": "VOJNIĆ", "Rbr BM": 7, "Naziv BM": "BIRAČKO MJESTO BR. 7", "Lokacija BM": "KUPLJENSKO - KUĆA NAPIJALO MILANA", "Adresa BM": "KUPLJENSKO 108", "Glasovalo birača": 82, "Glasovalo birača (po listićima)": 82, "Važeći listići": 76, "Nevažeći listići": 6 }, "latitude": 45.300021, "longitude": 15.6725358, "population": 212 }, "geometry": { "type": "Polygon", "coordinates": [ [ [ 15.659846481684854, 45.327046159142284 ], [ 15.669129366623196, 45.324831763798116 ], [ 15.693562313108972, 45.303468227381167 ], [ 15.701630998948582, 45.282631431130397 ], [ 15.665533127388766, 45.262883820026417 ], [ 15.647286747629495, 45.299158105065196 ], [ 15.659846481684854, 45.327046159142284 ] ] ] } },
{ "type": "Feature", "properties": { "BM": 4082, "data": { "Oznaka Gr/Op/Dr": "grad", "Grad/općina/država": "KARLOVAC", "Rbr BM": 29, "Naziv BM": "BIRAČKO MJESTO BR. 29", "Lokacija BM": "VATROGASNI DOM DVD BROĐANI", "Adresa BM": "BROĐANI 38 A", "Glasovalo birača": 18, "Glasovalo birača (po listićima)": 18, "Važeći listići": 17, "Nevažeći listići": 1 }, "latitude": 45.4786829, "longitude": 15.6624283, "population": 28 }, "geometry": { "type": "Polygon", "coordinates": [ [ [ 15.646362563953385, 45.492617481288114 ], [ 15.656429925708444, 45.492331626835366 ], [ 15.677010423028195, 45.466566847678408 ], [ 15.671409939778366, 45.455060731320216 ], [ 15.644292822851137, 45.475184186321684 ], [ 15.646362563953385, 45.492617481288114 ] ] ] } },
{ "type": "Feature", "properties": { "BM": 4775, "data": { "Oznaka Gr/Op/Dr": "općina", "Grad/općina/država": "VOJNIĆ", "Rbr BM": 9, "Naziv BM": "BIRAČKO MJESTO BR. 9", "Lokacija BM": "MIHOLJSKO - KUĆA MILJENOVIĆ ILIJE", "Adresa BM": "MIHOLJSKO 15", "Glasovalo birača": 34, "Glasovalo birača (po listićima)": 34, "Važeći listići": 33, "Nevažeći listići": 1 }, "latitude": 45.2487518, "longitude": 15.700583, "population": 135 }, "geometry": { "type": "Polygon", "coordinates": [ [ [ 15.665533127388766, 45.262883820026417 ], [ 15.701630998948582, 45.282631431130397 ], [ 15.718611658128379, 45.279855325769709 ], [ 15.707844039762822, 45.194544335389011 ], [ 15.706505727817257, 45.192172899816939 ], [ 15.684344316858374, 45.200654205118539 ], [ 15.661111115712409, 45.252922563783152 ], [ 15.665533127388766, 45.262883820026417 ] ] ] } },
{ "type": "Feature", "properties": { "BM": 4419, "data": { "Oznaka Gr/Op/Dr": "grad", "Grad/općina/država": "SLUNJ", "Rbr BM": 10, "Naziv BM": "BIRAČKO MJESTO BR. 10", "Lokacija BM": "OSNOVNA ŠKOLA FURJAN", "Adresa BM": "DONJI FURJAN 41", "Glasovalo birača": 80, "Glasovalo birača (po listićima)": 80, "Važeći listići": 73, "Nevažeći listići": 7 }, "latitude": 45.0700236, "longitude": 15.6903461, "population": 139 }, "geometry": { "type": "Polygon", "coordinates": [ [ [ 15.68046262039987, 45.112983370912765 ], [ 15.693547741200309, 45.117038114867938 ], [ 15.76123787064115, 44.998693711060035 ], [ 15.728581524618104, 45.003268345748303 ], [ 15.726228277778382, 45.00443595521876 ], [ 15.651507400027631, 45.048996156917852 ], [ 15.67779516199638, 45.11105590452437 ], [ 15.68046262039987, 45.112983370912765 ] ] ] } },
{ "type": "Feature", "properties": { "BM": 4463, "data": { "Oznaka Gr/Op/Dr": "općina", "Grad/općina/država": "CETINGRAD", "Rbr BM": 4, "Naziv BM": "BIRAČKO MJESTO BR. 4", "Lokacija BM": "KUĆA IVANA RAKOCIJE", "Adresa BM": "TATAR VAROŠ 118", "Glasovalo birača": 110, "Glasovalo birača (po listićima)": 110, "Važeći listići": 108, "Nevažeći listići": 2 }, "latitude": 45.1540044, "longitude": 15.6643226, "population": 189 }, "geometry": { "type": "Polygon", "coordinates": [ [ [ 15.684344316858374, 45.200654205118539 ], [ 15.706505727817257, 45.192172899816939 ], [ 15.70910853039668, 45.188261853213163 ], [ 15.713769969320058, 45.141904841660129 ], [ 15.693547741200309, 45.117038114867938 ], [ 15.68046262039987, 45.112983370912765 ], [ 15.626107903608025, 45.177504310320103 ], [ 15.684344316858374, 45.200654205118539 ] ] ] } },
{ "type": "Feature", "properties": { "BM": 4673, "data": { "Oznaka Gr/Op/Dr": "općina", "Grad/općina/država": "RAKOVICA", "Rbr BM": 1, "Naziv BM": "BIRAČKO MJESTO BR. 1", "Lokacija BM": "VATROGASNI DOM DVD-A RAKOVICA", "Adresa BM": "RAKOVICA 29 C", "Glasovalo birača": 393, "Glasovalo birača (po listićima)": 393, "Važeći listići": 386, "Nevažeći listići": 7 }, "latitude": 44.9933351, "longitude": 15.6522956, "population": 665 }, "geometry": { "type": "Polygon", "coordinates": [ [ [ 15.5988080570043, 44.99526143329846 ], [ 15.726228277778382, 45.00443595521876 ], [ 15.728581524618104, 45.003268345748303 ], [ 15.669183585158951, 44.974511201514964 ], [ 15.5988080570043, 44.99526143329846 ] ] ] } },
{ "type": "Feature", "properties": { "BM": 4674, "data": { "Oznaka Gr/Op/Dr": "općina", "Grad/općina/država": "RAKOVICA", "Rbr BM": 2, "Naziv BM": "BIRAČKO MJESTO BR. 2", "Lokacija BM": "VATROGASNI DOM DVD-A DREŽNIK GRAD", "Adresa BM": "DREŽNIK GRAD 133", "Glasovalo birača": 331, "Glasovalo birača (po listićima)": 331, "Važeći listići": 319, "Nevažeći listići": 12 }, "latitude": 44.9495888, "longitude": 15.6734751, "population": 539 }, "geometry": { "type": "Polygon", "coordinates": [ [ [ 15.669183585158951, 44.974511201514964 ], [ 15.728581524618104, 45.003268345748303 ], [ 15.76123787064115, 44.998693711060035 ], [ 15.762981331572544, 44.997952602442766 ], [ 15.671507540954648, 44.910290766990244 ], [ 15.65870032861592, 44.958050446251526 ], [ 15.669183585158951, 44.974511201514964 ] ] ] } },
{ "type": "Feature", "properties": { "BM": 4145, "data": { "Oznaka Gr/Op/Dr": "grad", "Grad/općina/država": "KARLOVAC", "Rbr BM": 92, "Naziv BM": "BIRAČKO MJESTO BR 92", "Lokacija BM": "PROSTORIJE MO KNEZ GORICA", "Adresa BM": "KNEZ GORICA 40 A", "Glasovalo birača": 85, "Glasovalo birača (po listićima)": 85, "Važeći listići": 84, "Nevažeći listići": 1 }, "latitude": 45.4309109, "longitude": 15.6570329, "population": 101 }, "geometry": { "type": "Polygon", "coordinates": [ [ [ 15.671577040092057, 45.452211219257407 ], [ 15.687603117662201, 45.424750723023692 ], [ 15.631576783144125, 45.428675746809041 ], [ 15.631063681431995, 45.435265430113908 ], [ 15.671577040092057, 45.452211219257407 ] ] ] } },
{ "type": "Feature", "properties": { "BM": 4083, "data": { "Oznaka Gr/Op/Dr": "grad", "Grad/općina/država": "KARLOVAC", "Rbr BM": 30, "Naziv BM": "BIRAČKO MJESTO BR. 30", "Lokacija BM": "LOVAČKI DOM \"LISICA\"", "Adresa BM": "BREŽANI 9 A", "Glasovalo birača": 44, "Glasovalo birača (po listićima)": 44, "Važeći listići": 44, "Nevažeći listići": 0 }, "latitude": 45.4625651, "longitude": 15.6955421, "population": 91 }, "geometry": { "type": "Polygon", "coordinates": [ [ [ 15.677010423028195, 45.466566847678408 ], [ 15.685890426384233, 45.478091911410388 ], [ 15.703125312065566, 45.478222231802604 ], [ 15.704826817993233, 45.460268462304349 ], [ 15.671624684410531, 45.453218613472643 ], [ 15.671409939778366, 45.455060731320216 ], [ 15.677010423028195, 45.466566847678408 ] ] ] } },
{ "type": "Feature", "properties": { "BM": 4769, "data": { "Oznaka Gr/Op/Dr": "općina", "Grad/općina/država": "VOJNIĆ", "Rbr BM": 3, "Naziv BM": "BIRAČKO MJESTO BR. 3", "Lokacija BM": "BUKOVICA UTINJSKA - KUĆA IVKOVIĆ MILKE", "Adresa BM": "BUKOVICA UTINJSKA 23", "Glasovalo birača": 21, "Glasovalo birača (po listićima)": 21, "Važeći listići": 20, "Nevažeći listići": 1 }, "latitude": 45.3862092, "longitude": 15.6858685, "population": 72 }, "geometry": { "type": "Polygon", "coordinates": [ [ [ 15.690955124417398, 45.42040647900091 ], [ 15.733372496485565, 45.413310023043607 ], [ 15.741611102240062, 45.41039214832454 ], [ 15.737272277634796, 45.387669944656729 ], [ 15.707109811779993, 45.364442361192673 ], [ 15.650395381056876, 45.367919277366937 ], [ 15.649728025222663, 45.387387980007112 ], [ 15.690955124417398, 45.42040647900091 ] ] ] } },
{ "type": "Feature", "properties": { "BM": 4078, "data": { "Oznaka Gr/Op/Dr": "grad", "Grad/općina/država": "KARLOVAC", "Rbr BM": 25, "Naziv BM": "BIRAČKO MJESTO BR. 25", "Lokacija BM": "VATROGASNI DOM DVD DONJA REČICA", "Adresa BM": "REČICA 166", "Glasovalo birača": 110, "Glasovalo birača (po listićima)": 110, "Važeći listići": 101, "Nevažeći listići": 9 }, "latitude": 45.4834657, "longitude": 15.6684159, "population": 155 }, "geometry": { "type": "Polygon", "coordinates": [ [ [ 15.656429925708444, 45.492331626835366 ], [ 15.678449552990354, 45.497523146874727 ], [ 15.685890426384233, 45.478091911410388 ], [ 15.677010423028195, 45.466566847678408 ], [ 15.656429925708444, 45.492331626835366 ] ] ] } },
{ "type": "Feature", "properties": { "BM": 4076, "data": { "Oznaka Gr/Op/Dr": "grad", "Grad/općina/država": "KARLOVAC", "Rbr BM": 23, "Naziv BM": "BIRAČKO MJESTO BR. 23", "Lokacija BM": "PROSTORIJE \"ZUK\" ZAMRŠJE", "Adresa BM": "ZAMRŠJE 30 B", "Glasovalo birača": 103, "Glasovalo birača (po listićima)": 103, "Važeći listići": 99, "Nevažeći listići": 4 }, "latitude": 45.5106903, "longitude": 15.6918265, "population": 141 }, "geometry": { "type": "Polygon", "coordinates": [ [ [ 15.678769806525994, 45.501041346959688 ], [ 15.690571016845102, 45.564693031345129 ], [ 15.705904365143983, 45.509112657822257 ], [ 15.703732493648884, 45.504316414741488 ], [ 15.679087108874761, 45.499250158529755 ], [ 15.678769806525994, 45.501041346959688 ] ] ] } },
{ "type": "Feature", "properties": { "BM": 4115, "data": { "Oznaka Gr/Op/Dr": "grad", "Grad/općina/država": "KARLOVAC", "Rbr BM": 62, "Naziv BM": "BIRAČKO MJESTO BR. 62", "Lokacija BM": "PRIVATNA KUĆA MATE JOHA", "Adresa BM": "SLUNJSKI MORAVCI  3", "Glasovalo birača": 40, "Glasovalo birača (po listićima)": 40, "Važeći listići": 39, "Nevažeći listići": 1 }, "latitude": 45.4543972, "longitude": 15.6972764, "population": 142 }, "geometry": { "type": "Polygon", "coordinates": [ [ [ 15.671577040092057, 45.452211219257407 ], [ 15.671624684410531, 45.453218613472643 ], [ 15.704826817993233, 45.460268462304349 ], [ 15.733372496485565, 45.413310023043607 ], [ 15.690955124417398, 45.42040647900091 ], [ 15.687603117662201, 45.424750723023692 ], [ 15.671577040092057, 45.452211219257407 ] ] ] } },
{ "type": "Feature", "properties": { "BM": 4081, "data": { "Oznaka Gr/Op/Dr": "grad", "Grad/općina/država": "KARLOVAC", "Rbr BM": 28, "Naziv BM": "BIRAČKO MJESTO BR. 28", "Lokacija BM": "DRUŠTVENI DOM RIBARI", "Adresa BM": "RIBARI 29 A", "Glasovalo birača": 86, "Glasovalo birača (po listićima)": 86, "Važeći listići": 86, "Nevažeći listići": 0 }, "latitude": 45.4937629, "longitude": 15.6953062, "population": 117 }, "geometry": { "type": "Polygon", "coordinates": [ [ [ 15.679087108874761, 45.499250158529755 ], [ 15.703732493648884, 45.504316414741488 ], [ 15.709792950311446, 45.482338536800619 ], [ 15.703125312065566, 45.478222231802604 ], [ 15.685890426384233, 45.478091911410388 ], [ 15.678449552990354, 45.497523146874727 ], [ 15.679087108874761, 45.499250158529755 ] ] ] } },
{ "type": "Feature", "properties": { "BM": 4075, "data": { "Oznaka Gr/Op/Dr": "grad", "Grad/općina/država": "KARLOVAC", "Rbr BM": 22, "Naziv BM": "BIRAČKO MJESTO BR. 22", "Lokacija BM": "DRUŠTVENI DOM KARASI", "Adresa BM": "KARASI 13 A", "Glasovalo birača": 42, "Glasovalo birača (po listićima)": 42, "Važeći listići": 40, "Nevažeći listići": 2 }, "latitude": 45.5176853, "longitude": 15.717182, "population": 54 }, "geometry": { "type": "Polygon", "coordinates": [ [ [ 15.690124737221508, 45.571810992790283 ], [ 15.720463215120969, 45.567386352287592 ], [ 15.728514960311205, 45.515849495493008 ], [ 15.720186898269791, 45.508477785697018 ], [ 15.705904365143983, 45.509112657822257 ], [ 15.690571016845102, 45.564693031345129 ], [ 15.690124737221508, 45.571810992790283 ] ] ] } },
{ "type": "Feature", "properties": { "BM": 4771, "data": { "Oznaka Gr/Op/Dr": "općina", "Grad/općina/država": "VOJNIĆ", "Rbr BM": 5, "Naziv BM": "BIRAČKO MJESTO BR. 5", "Lokacija BM": "RADONJA - KUĆA PAJIĆ LJUBICE", "Adresa BM": "GORNJI VOJNIĆ 26", "Glasovalo birača": 121, "Glasovalo birača (po listićima)": 121, "Važeći listići": 119, "Nevažeći listići": 2 }, "latitude": 45.3150809, "longitude": 15.7114269, "population": 269 }, "geometry": { "type": "Polygon", "coordinates": [ [ [ 15.693562313108972, 45.303468227381167 ], [ 15.708853583542025, 45.330707805854701 ], [ 15.780341175327676, 45.295981740655357 ], [ 15.78061076122785, 45.295604900393656 ], [ 15.780831420665709, 45.294930275603484 ], [ 15.718611658128379, 45.279855325769709 ], [ 15.701630998948582, 45.282631431130397 ], [ 15.693562313108972, 45.303468227381167 ] ] ] } },
{ "type": "Feature", "properties": { "BM": 4772, "data": { "Oznaka Gr/Op/Dr": "općina", "Grad/općina/država": "VOJNIĆ", "Rbr BM": 6, "Naziv BM": "BIRAČKO MJESTO BR. 6", "Lokacija BM": "VOJNIĆ - DOM KULTURE VOJNIĆ", "Adresa BM": "ANDRIJE HEBRANGA 2", "Glasovalo birača": 486, "Glasovalo birača (po listićima)": 485, "Važeći listići": 464, "Nevažeći listići": 21 }, "latitude": 45.3247667, "longitude": 15.6941728, "population": 852 }, "geometry": { "type": "Polygon", "coordinates": [ [ [ 15.669129366623196, 45.324831763798116 ], [ 15.703182411020475, 45.342634124960988 ], [ 15.708853583542025, 45.330707805854701 ], [ 15.693562313108972, 45.303468227381167 ], [ 15.669129366623196, 45.324831763798116 ] ] ] } },
{ "type": "Feature", "properties": { "BM": 4770, "data": { "Oznaka Gr/Op/Dr": "općina", "Grad/općina/država": "VOJNIĆ", "Rbr BM": 4, "Naziv BM": "BIRAČKO MJESTO BR. 4", "Lokacija BM": "VOJIŠNICA - KUĆA VUKOBRATOVIĆ DRAGANA", "Adresa BM": "VOJIŠNICA 99A", "Glasovalo birača": 149, "Glasovalo birača (po listićima)": 149, "Važeći listići": 140, "Nevažeći listići": 9 }, "latitude": 45.3383451, "longitude": 15.7227278, "population": 369 }, "geometry": { "type": "Polygon", "coordinates": [ [ [ 15.703182411020475, 45.342634124960988 ], [ 15.707109811779993, 45.364442361192673 ], [ 15.737272277634796, 45.387669944656729 ], [ 15.780341175327676, 45.295981740655357 ], [ 15.708853583542025, 45.330707805854701 ], [ 15.703182411020475, 45.342634124960988 ] ] ] } },
{ "type": "Feature", "properties": { "BM": 4114, "data": { "Oznaka Gr/Op/Dr": "grad", "Grad/općina/država": "KARLOVAC", "Rbr BM": 61, "Naziv BM": "BIRAČKO MJESTO BR. 61", "Lokacija BM": "PROSTORIJE OSNOVNE ŠKOLE SKAKAVAC", "Adresa BM": "SKAKAVAC 44", "Glasovalo birača": 105, "Glasovalo birača (po listićima)": 105, "Važeći listići": 103, "Nevažeći listići": 2 }, "latitude": 45.4642684, "longitude": 15.7135148, "population": 215 }, "geometry": { "type": "Polygon", "coordinates": [ [ [ 15.703125312065566, 45.478222231802604 ], [ 15.709792950311446, 45.482338536800619 ], [ 15.726017817321667, 45.481023214468529 ], [ 15.756246121036678, 45.434978692745553 ], [ 15.741797919689411, 45.410529048495377 ], [ 15.741611102240062, 45.41039214832454 ], [ 15.733372496485565, 45.413310023043607 ], [ 15.704826817993233, 45.460268462304349 ], [ 15.703125312065566, 45.478222231802604 ] ] ] } },
{ "type": "Feature", "properties": { "BM": 4777, "data": { "Oznaka Gr/Op/Dr": "općina", "Grad/općina/država": "VOJNIĆ", "Rbr BM": 11, "Naziv BM": "BIRAČKO MJESTO BR. 11", "Lokacija BM": "ŠIROKA RIJEKA - KUĆA DELIĆ-OMERAGIĆ ASIME", "Adresa BM": "ŠIROKA RIJEKA 9", "Glasovalo birača": 46, "Glasovalo birača (po listićima)": 46, "Važeći listići": 43, "Nevažeći listići": 3 }, "latitude": 45.2163478, "longitude": 15.7580016, "population": 137 }, "geometry": { "type": "Polygon", "coordinates": [ [ [ 15.7849388, 45.1918614 ], [ 15.7849203, 45.1917662 ], [ 15.7848061, 45.1911811 ], [ 15.784744866395881, 45.190867352091516 ], [ 15.70910853039668, 45.188261853213163 ], [ 15.706505727817257, 45.192172899816939 ], [ 15.707844039762822, 45.194544335389011 ], [ 15.776531061896435, 45.265026501704163 ], [ 15.785342179858212, 45.192074374914526 ], [ 15.7849388, 45.1918614 ] ] ] } },
{ "type": "Feature", "properties": { "BM": 4112, "data": { "Oznaka Gr/Op/Dr": "grad", "Grad/općina/država": "KARLOVAC", "Rbr BM": 59, "Naziv BM": "BIRAČKO MJESTO BR. 59", "Lokacija BM": "PRIVATNA KUĆA ANDRIJE KLOBUČARA", "Adresa BM": "SLUNJSKA SELNICA 51", "Glasovalo birača": 36, "Glasovalo birača (po listićima)": 36, "Važeći listići": 35, "Nevažeći listići": 1 }, "latitude": 45.4995732, "longitude": 15.7163769, "population": 52 }, "geometry": { "type": "Polygon", "coordinates": [ [ [ 15.703732493648884, 45.504316414741488 ], [ 15.705904365143983, 45.509112657822257 ], [ 15.720186898269791, 45.508477785697018 ], [ 15.728554495273228, 45.486559150722258 ], [ 15.726017817321667, 45.481023214468529 ], [ 15.709792950311446, 45.482338536800619 ], [ 15.703732493648884, 45.504316414741488 ] ] ] } },
{ "type": "Feature", "properties": { "BM": 4462, "data": { "Oznaka Gr/Op/Dr": "općina", "Grad/općina/država": "CETINGRAD", "Rbr BM": 3, "Naziv BM": "BIRAČKO MJESTO BR. 3", "Lokacija BM": "KUĆA IGORA VALENTIĆA", "Adresa BM": "KRUŠKOVAČA 46", "Glasovalo birača": 68, "Glasovalo birača (po listićima)": 68, "Važeći listići": 68, "Nevažeći listići": 0 }, "latitude": 45.0959623, "longitude": 15.7356954, "population": 329 }, "geometry": { "type": "Polygon", "coordinates": [ [ [ 15.7883056, 45.1140008 ], [ 15.7871048, 45.1126774 ], [ 15.7869075, 45.1114934 ], [ 15.786414, 45.1114237 ], [ 15.786233, 45.1107504 ], [ 15.7855422, 45.1103441 ], [ 15.7857067, 45.1095199 ], [ 15.7848417, 45.1092954 ], [ 15.7841403, 45.1082691 ], [ 15.7825978, 45.1078714 ], [ 15.7818082, 45.1073838 ], [ 15.7814299, 45.1066524 ], [ 15.7809858, 45.1067453 ], [ 15.7811338, 45.1062228 ], [ 15.7813641, 45.1058978 ], [ 15.780591, 45.1051547 ], [ 15.7806568, 45.1045626 ], [ 15.7802127, 45.1040053 ], [ 15.7793738, 45.103332 ], [ 15.7799487, 45.1026876 ], [ 15.7793338, 45.1015939 ], [ 15.7799796, 45.1011877 ], [ 15.7794201, 45.1007271 ], [ 15.7798415, 45.0994209 ], [ 15.7802206, 45.0986489 ], [ 15.7796534, 45.0980258 ], [ 15.7790111, 45.0965974 ], [ 15.7794396, 45.0958545 ], [ 15.7788863, 45.0951413 ], [ 15.776172, 45.0953378 ], [ 15.7742885, 45.0953224 ], [ 15.7733568, 45.0951179 ], [ 15.7715207, 45.0942296 ], [ 15.7705077, 45.0934508 ], [ 15.7700133, 45.0924163 ], [ 15.7693873, 45.0913207 ], [ 15.7687148, 45.0893167 ], [ 15.7695866, 45.0884921 ], [ 15.7701048, 45.0885485 ], [ 15.771642, 45.0872483 ], [ 15.7734521, 45.0859952 ], [ 15.7733863, 45.0852984 ], [ 15.774458, 45.0838911 ], [ 15.7735562, 45.0835716 ], [ 15.7705413, 45.0824515 ], [ 15.7689964, 45.0813153 ], [ 15.7696411, 45.0792818 ], [ 15.7709683, 45.0785271 ], [ 15.771396, 45.0774352 ], [ 15.7709519, 45.076506 ], [ 15.7694304, 45.0756025 ], [ 15.7689833, 45.0750138 ], [ 15.765826, 45.0739282 ], [ 15.7637502, 45.0730814 ], [ 15.7624178, 45.0719149 ], [ 15.7606054, 45.0715807 ], [ 15.7588419, 45.0706739 ], [ 15.7566576, 45.069722 ], [ 15.7564767, 45.0689978 ], [ 15.7548705, 45.0666238 ], [ 15.7538404, 45.0657529 ], [ 15.7521345, 45.0650576 ], [ 15.7509331, 45.0651952 ], [ 15.7497875, 45.0650856 ], [ 15.7487922, 45.065304 ], [ 15.7482676, 45.0649406 ], [ 15.7479096, 45.064167 ], [ 15.7474963, 45.0638703 ], [ 15.7466017, 45.0636059 ], [ 15.7462366, 45.0632449 ], [ 15.7457938, 45.0628967 ], [ 15.7450955, 45.0626517 ], [ 15.7447464, 45.0625727 ], [ 15.7445182, 45.0626743 ], [ 15.7442945, 45.062584 ], [ 15.743918, 45.062181 ], [ 15.7436855, 45.0620667 ], [ 15.7428363, 45.0621972 ], [ 15.7422247, 45.0618877 ], [ 15.7415811, 45.0619715 ], [ 15.7411884, 45.0618627 ], [ 15.7411586, 45.0618544 ], [ 15.7412118, 45.0608942 ], [ 15.7412837, 45.0602394 ], [ 15.741595, 45.0598403 ], [ 15.7420191, 45.0595587 ], [ 15.7423513, 45.0596165 ], [ 15.7422797, 45.0601363 ], [ 15.7425454, 45.0603167 ], [ 15.7426698, 45.0603813 ], [ 15.7429663, 45.0606368 ], [ 15.7433497, 45.0608399 ], [ 15.7435916, 45.0607835 ], [ 15.7438518, 45.0606078 ], [ 15.7437286, 45.0604272 ], [ 15.7432298, 45.0601412 ], [ 15.7429948, 45.059965 ], [ 15.7432151, 45.0597953 ], [ 15.7435118, 45.0597825 ], [ 15.7437964, 45.0598396 ], [ 15.7444208, 45.0600424 ], [ 15.7448125, 45.0602 ], [ 15.745034, 45.0601796 ], [ 15.7452064, 45.059978 ], [ 15.7448807, 45.0596598 ], [ 15.7447938, 45.0593458 ], [ 15.7448513, 45.059207 ], [ 15.7450688, 45.0591193 ], [ 15.7453384, 45.0592199 ], [ 15.7455748, 45.0593375 ], [ 15.74578, 45.059371 ], [ 15.7462638, 45.0591041 ], [ 15.7464443, 45.0587322 ], [ 15.7464873, 45.0584185 ], [ 15.7459384, 45.0580319 ], [ 15.7455928, 45.0576016 ], [ 15.7452179, 45.0575446 ], [ 15.7450493, 45.0573605 ], [ 15.7453116, 45.0568417 ], [ 15.7455194, 45.0567144 ], [ 15.7457544, 45.0566928 ], [ 15.7459895, 45.0569382 ], [ 15.7465158, 45.0570357 ], [ 15.7470064, 45.0572414 ], [ 15.7476911, 45.0571043 ], [ 15.7480016, 45.056685 ], [ 15.7477166, 45.05657 ], [ 15.7472976, 45.0565339 ], [ 15.74741, 45.056274 ], [ 15.7476144, 45.0560214 ], [ 15.7476591, 45.0556054 ], [ 15.7478239, 45.0554366 ], [ 15.7493416, 45.0551767 ], [ 15.7499956, 45.0551153 ], [ 15.7501234, 45.0553644 ], [ 15.7506956, 45.055418 ], [ 15.7509972, 45.0552886 ], [ 15.7512731, 45.0551334 ], [ 15.7514928, 45.0547904 ], [ 15.7517435, 45.0546551 ], [ 15.7520754, 45.0547471 ], [ 15.7521724, 45.0549096 ], [ 15.7524663, 45.0551199 ], [ 15.7527754, 45.0552128 ], [ 15.7529543, 45.0551225 ], [ 15.7529987, 45.0547458 ], [ 15.7531178, 45.0544331 ], [ 15.7535777, 45.0543067 ], [ 15.7537821, 45.0540675 ], [ 15.7533324, 45.0533032 ], [ 15.7529987, 45.0530904 ], [ 15.7527345, 45.0532057 ], [ 15.7526834, 45.0534801 ], [ 15.7524177, 45.0537905 ], [ 15.7521268, 45.0538911 ], [ 15.7519476, 45.0537761 ], [ 15.7519323, 45.0535884 ], [ 15.7517534, 45.053361 ], [ 15.7514843, 45.0531214 ], [ 15.7516052, 45.0529747 ], [ 15.7519946, 45.0527598 ], [ 15.7524484, 45.0526354 ], [ 15.7528964, 45.0525318 ], [ 15.753082, 45.0522672 ], [ 15.7532149, 45.0519675 ], [ 15.7530162, 45.0517812 ], [ 15.7527907, 45.0514621 ], [ 15.7526743, 45.0511592 ], [ 15.7528776, 45.0509495 ], [ 15.7532184, 45.050833 ], [ 15.753266, 45.0504802 ], [ 15.7530156, 45.0502275 ], [ 15.752646, 45.0500607 ], [ 15.7525301, 45.0499207 ], [ 15.7528469, 45.0496391 ], [ 15.7532762, 45.0492925 ], [ 15.753377, 45.0485032 ], [ 15.7531454, 45.047654 ], [ 15.7532097, 45.0474188 ], [ 15.7537565, 45.0469206 ], [ 15.7543748, 45.0468773 ], [ 15.7549016, 45.0465195 ], [ 15.7551617, 45.0462419 ], [ 15.7550748, 45.0458303 ], [ 15.7549235, 45.0453412 ], [ 15.7547529, 45.0450505 ], [ 15.7547753, 45.0447751 ], [ 15.7552281, 45.0443861 ], [ 15.7558209, 45.0441659 ], [ 15.7563934, 45.0439868 ], [ 15.7565618, 45.0437363 ], [ 15.7565618, 45.0433283 ], [ 15.7564051, 45.0430472 ], [ 15.7562041, 45.0428481 ], [ 15.755975, 45.0427599 ], [ 15.7557749, 45.0425881 ], [ 15.7557187, 45.0423895 ], [ 15.7560151, 45.0422379 ], [ 15.756245, 45.0421549 ], [ 15.7564059, 45.0418373 ], [ 15.756383, 45.0415086 ], [ 15.756107, 45.0412522 ], [ 15.7557653, 45.041116 ], [ 15.7555041, 45.0409489 ], [ 15.7555041, 45.0405987 ], [ 15.7557596, 45.0404001 ], [ 15.7561122, 45.0404254 ], [ 15.7563311, 45.0403126 ], [ 15.7562961, 45.0400463 ], [ 15.7563676, 45.0398296 ], [ 15.7570115, 45.0398152 ], [ 15.7571852, 45.0399127 ], [ 15.7573539, 45.0399199 ], [ 15.7575531, 45.0397791 ], [ 15.7578302, 45.0398212 ], [ 15.7580458, 45.0395853 ], [ 15.7582689, 45.039184 ], [ 15.7582604, 45.0389462 ], [ 15.7582072, 45.038643 ], [ 15.7582553, 45.0384371 ], [ 15.7585414, 45.0382782 ], [ 15.7590485, 45.0381541 ], [ 15.7591239, 45.0379532 ], [ 15.7587768, 45.0376396 ], [ 15.7584648, 45.0375018 ], [ 15.7581173, 45.0376066 ], [ 15.7577923, 45.0376596 ], [ 15.7574939, 45.0375488 ], [ 15.7575705, 45.0372708 ], [ 15.7574683, 45.036888 ], [ 15.7570285, 45.0366501 ], [ 15.756471, 45.0364562 ], [ 15.7564176, 45.0361984 ], [ 15.7568705, 45.0353729 ], [ 15.7575766, 45.0346545 ], [ 15.7583524, 45.0339502 ], [ 15.758971, 45.0333829 ], [ 15.7594152, 45.0333796 ], [ 15.7595787, 45.0331052 ], [ 15.759916, 45.0329318 ], [ 15.760754, 45.0327657 ], [ 15.7614158, 45.0326918 ], [ 15.7614898, 45.0324118 ], [ 15.7613059, 45.0321446 ], [ 15.7607703, 45.0318878 ], [ 15.7605123, 45.0315871 ], [ 15.7609686, 45.0302523 ], [ 15.7619395, 45.02979 ], [ 15.762011, 45.0295445 ], [ 15.7623278, 45.0293856 ], [ 15.7624793, 45.0290728 ], [ 15.7630393, 45.0291015 ], [ 15.7630953, 45.0293678 ], [ 15.7628612, 45.0296412 ], [ 15.7629172, 45.029947 ], [ 15.7632328, 45.0305047 ], [ 15.7635077, 45.0305659 ], [ 15.7647906, 45.0296124 ], [ 15.7648007, 45.0291159 ], [ 15.7632684, 45.0284935 ], [ 15.763189, 45.0282989 ], [ 15.7632073, 45.0278243 ], [ 15.7630037, 45.0275976 ], [ 15.7622452, 45.0273601 ], [ 15.7619316, 45.0269879 ], [ 15.7617289, 45.0267801 ], [ 15.7620414, 45.0266175 ], [ 15.7623429, 45.02652 ], [ 15.7626086, 45.0264767 ], [ 15.7630634, 45.0262419 ], [ 15.7633495, 45.026195 ], [ 15.7636868, 45.0263322 ], [ 15.7639269, 45.0263575 ], [ 15.76407, 45.0263792 ], [ 15.7642999, 45.0263033 ], [ 15.76439, 45.0262529 ], [ 15.7644695, 45.0260333 ], [ 15.7643322, 45.0259515 ], [ 15.7638769, 45.0259669 ], [ 15.7636963, 45.0258851 ], [ 15.7636524, 45.0256183 ], [ 15.7635298, 45.0254594 ], [ 15.7632334, 45.0254161 ], [ 15.7631005, 45.0252499 ], [ 15.7632334, 45.0249177 ], [ 15.7636426, 45.0248517 ], [ 15.7639799, 45.0249167 ], [ 15.7641638, 45.0250214 ], [ 15.7642762, 45.0251984 ], [ 15.7644551, 45.0253393 ], [ 15.764685, 45.025444 ], [ 15.7650836, 45.0254404 ], [ 15.7653902, 45.0253718 ], [ 15.7655997, 45.0251984 ], [ 15.7657837, 45.0249889 ], [ 15.7658245, 45.0248372 ], [ 15.7656099, 45.0247433 ], [ 15.7653544, 45.0247361 ], [ 15.7651551, 45.024718 ], [ 15.7648945, 45.0246675 ], [ 15.7646748, 45.0245411 ], [ 15.7646288, 45.0244436 ], [ 15.7646135, 45.0242991 ], [ 15.7645573, 45.0241618 ], [ 15.7644142, 45.0241005 ], [ 15.7642762, 45.0240463 ], [ 15.7642609, 45.0238946 ], [ 15.7642916, 45.0237501 ], [ 15.7646646, 45.0238043 ], [ 15.7649763, 45.0238765 ], [ 15.7653033, 45.0240463 ], [ 15.765569, 45.0242377 ], [ 15.7657479, 45.0243749 ], [ 15.7659318, 45.0243135 ], [ 15.7661311, 45.0240896 ], [ 15.7663202, 45.0237176 ], [ 15.7661831, 45.0234015 ], [ 15.7659282, 45.0232672 ], [ 15.7658921, 45.0230578 ], [ 15.7659282, 45.0228586 ], [ 15.7657918, 45.0227078 ], [ 15.766481, 45.0226366 ], [ 15.7662793, 45.0224882 ], [ 15.7655886, 45.0219801 ], [ 15.7655026, 45.0216863 ], [ 15.7657909, 45.0215408 ], [ 15.7663257, 45.0214437 ], [ 15.7666976, 45.021228 ], [ 15.7668171, 45.0207848 ], [ 15.7665498, 45.0205828 ], [ 15.765698, 45.0205189 ], [ 15.7655163, 45.0205754 ], [ 15.7654007, 45.0207388 ], [ 15.7653934, 45.0209585 ], [ 15.7652634, 45.0210811 ], [ 15.7649379, 45.0210157 ], [ 15.7649888, 45.0206724 ], [ 15.7648687, 45.0201784 ], [ 15.7644034, 45.0199215 ], [ 15.7645335, 45.019518 ], [ 15.764862, 45.0190509 ], [ 15.7655669, 45.0185985 ], [ 15.765697, 45.01843 ], [ 15.7659047, 45.0183854 ], [ 15.7660222, 45.0185066 ], [ 15.7663041, 45.0185694 ], [ 15.7665208, 45.0183431 ], [ 15.7667072, 45.0182763 ], [ 15.7670964, 45.0184094 ], [ 15.7677076, 45.0182871 ], [ 15.7680283, 45.0182601 ], [ 15.7682217, 45.0180909 ], [ 15.7682625, 45.0179344 ], [ 15.7677941, 45.0175619 ], [ 15.7674454, 45.0177761 ], [ 15.7670528, 45.0176998 ], [ 15.7667737, 45.0173266 ], [ 15.7670494, 45.016921 ], [ 15.7673518, 45.016167 ], [ 15.7677233, 45.0155817 ], [ 15.7689705, 45.0152628 ], [ 15.7692813, 45.0153496 ], [ 15.7695054, 45.0153358 ], [ 15.7698088, 45.0150176 ], [ 15.7696973, 45.0147752 ], [ 15.769209, 45.0145629 ], [ 15.7690284, 45.0143739 ], [ 15.7687154, 45.0140354 ], [ 15.7685008, 45.0138068 ], [ 15.7692628, 45.0135385 ], [ 15.7698192, 45.013323 ], [ 15.7702784, 45.0137581 ], [ 15.770706, 45.0135529 ], [ 15.7704265, 45.0124422 ], [ 15.7696249, 45.0123054 ], [ 15.7696777, 45.0117715 ], [ 15.769917, 45.0115123 ], [ 15.7698424, 45.0110702 ], [ 15.7704809, 45.0100825 ], [ 15.7709795, 45.0096891 ], [ 15.7711424, 45.0091067 ], [ 15.7716588, 45.0087848 ], [ 15.7720716, 45.0086903 ], [ 15.772554, 45.0086727 ], [ 15.7728645, 45.0085539 ], [ 15.7730209, 45.0081926 ], [ 15.7730246, 45.0074258 ], [ 15.7729812, 45.0069455 ], [ 15.7729816, 45.0063188 ], [ 15.7734572, 45.0061033 ], [ 15.773674, 45.0063907 ], [ 15.7739399, 45.0066074 ], [ 15.7742238, 45.0063691 ], [ 15.7743001, 45.005948 ], [ 15.7747736, 45.0056421 ], [ 15.7750027, 45.0057861 ], [ 15.7749619, 45.0060632 ], [ 15.7752012, 45.0062684 ], [ 15.775919, 45.0062612 ], [ 15.7758884, 45.0059408 ], [ 15.7755575, 45.0056853 ], [ 15.7755219, 45.0053361 ], [ 15.7757995, 45.0050857 ], [ 15.7761267, 45.0052356 ], [ 15.7764138, 45.0055507 ], [ 15.7767173, 45.0061076 ], [ 15.777228, 45.0064517 ], [ 15.7770642, 45.0066339 ], [ 15.7771726, 45.0067871 ], [ 15.7775845, 45.0069046 ], [ 15.7781987, 45.0072316 ], [ 15.7786878, 45.0073328 ], [ 15.7791815, 45.0071601 ], [ 15.7791375, 45.006908 ], [ 15.7786034, 45.0066339 ], [ 15.77856, 45.006358 ], [ 15.7786034, 45.0059237 ], [ 15.7784133, 45.005276 ], [ 15.7784516, 45.0050142 ], [ 15.7787335, 45.0049069 ], [ 15.7791165, 45.0051113 ], [ 15.7795284, 45.0051164 ], [ 15.7797378, 45.0049346 ], [ 15.7797018, 45.0045697 ], [ 15.7795862, 45.0043244 ], [ 15.7797307, 45.0040894 ], [ 15.7799981, 45.0040587 ], [ 15.7802872, 45.0040945 ], [ 15.7803825, 45.0039411 ], [ 15.780766, 45.0041916 ], [ 15.7811033, 45.0042856 ], [ 15.7815019, 45.0041338 ], [ 15.7813493, 45.0033169 ], [ 15.7812157, 45.0029849 ], [ 15.781306, 45.0027473 ], [ 15.7817573, 45.0024646 ], [ 15.7822248, 45.002011 ], [ 15.7822377, 45.001807 ], [ 15.781972, 45.0016481 ], [ 15.7815938, 45.0016914 ], [ 15.7814215, 45.0019788 ], [ 15.7808941, 45.0021633 ], [ 15.7800813, 45.0018576 ], [ 15.7794417, 45.0019232 ], [ 15.7791922, 45.0016119 ], [ 15.7795619, 45.0011795 ], [ 15.7801835, 45.0010483 ], [ 15.7808021, 45.0007893 ], [ 15.7813179, 44.9998993 ], [ 15.7819858, 44.9991476 ], [ 15.7817267, 44.9985335 ], [ 15.78188, 44.9978831 ], [ 15.782593, 44.9972826 ], [ 15.7831993, 44.9966689 ], [ 15.7838687, 44.9964485 ], [ 15.7843139, 44.9963183 ], [ 15.7845225, 44.9961384 ], [ 15.7847272, 44.9958162 ], [ 15.7850491, 44.99578 ], [ 15.7851973, 44.995574 ], [ 15.7854272, 44.9955488 ], [ 15.7856429, 44.9954508 ], [ 15.7858253, 44.9951408 ], [ 15.785798453562514, 44.994894970856741 ], [ 15.762981331572544, 44.997952602442766 ], [ 15.76123787064115, 44.998693711060035 ], [ 15.693547741200309, 45.117038114867938 ], [ 15.713769969320058, 45.141904841660129 ], [ 15.790023120171021, 45.114711953555407 ], [ 15.7883056, 45.1140008 ] ] ] } },
{ "type": "Feature", "properties": { "BM": 4774, "data": { "Oznaka Gr/Op/Dr": "općina", "Grad/općina/država": "VOJNIĆ", "Rbr BM": 8, "Naziv BM": "BIRAČKO MJESTO BR. 8", "Lokacija BM": "KRSTINJA - ZGRADA POLJOPRIVREDNE ZADRUGE", "Adresa BM": "KRSTINJA B.B.", "Glasovalo birača": 52, "Glasovalo birača (po listićima)": 52, "Važeći listići": 48, "Nevažeći listići": 4 }, "latitude": 45.2452476, "longitude": 15.7283465, "population": 172 }, "geometry": { "type": "Polygon", "coordinates": [ [ [ 15.718611658128379, 45.279855325769709 ], [ 15.780831420665709, 45.294930275603484 ], [ 15.78444121508582, 45.291671038903637 ], [ 15.776531061896435, 45.265026501704163 ], [ 15.707844039762822, 45.194544335389011 ], [ 15.718611658128379, 45.279855325769709 ] ] ] } },
{ "type": "Feature", "properties": { "BM": 4111, "data": { "Oznaka Gr/Op/Dr": "grad", "Grad/općina/država": "KARLOVAC", "Rbr BM": 58, "Naziv BM": "BIRAČKO MJESTO BR. 58", "Lokacija BM": "PROSTORIJE MO KABLAR", "Adresa BM": "KABLAR 12", "Glasovalo birača": 71, "Glasovalo birača (po listićima)": 71, "Važeći listići": 71, "Nevažeći listići": 0 }, "latitude": 45.4858331, "longitude": 15.7463627, "population": 138 }, "geometry": { "type": "Polygon", "coordinates": [ [ [ 15.728554495273228, 45.486559150722258 ], [ 15.747147352245328, 45.504005720223425 ], [ 15.762342145560993, 45.498516969006303 ], [ 15.773051220408359, 45.447703420326604 ], [ 15.756246121036678, 45.434978692745553 ], [ 15.726017817321667, 45.481023214468529 ], [ 15.728554495273228, 45.486559150722258 ] ] ] } },
{ "type": "Feature", "properties": { "BM": 4113, "data": { "Oznaka Gr/Op/Dr": "grad", "Grad/općina/država": "KARLOVAC", "Rbr BM": 60, "Naziv BM": "BIRAČKO MJESTO BR. 60", "Lokacija BM": "PRIVATNA KUĆA ANE BABURIĆA", "Adresa BM": "BANSKA SELNICA 53", "Glasovalo birača": 36, "Glasovalo birača (po listićima)": 36, "Važeći listići": 36, "Nevažeći listići": 0 }, "latitude": 45.5043775, "longitude": 15.7289616, "population": 63 }, "geometry": { "type": "Polygon", "coordinates": [ [ [ 15.720186898269791, 45.508477785697018 ], [ 15.728514960311205, 45.515849495493008 ], [ 15.746533567459528, 45.505275984802559 ], [ 15.747147352245328, 45.504005720223425 ], [ 15.728554495273228, 45.486559150722258 ], [ 15.720186898269791, 45.508477785697018 ] ] ] } },
{ "type": "Feature", "properties": { "BM": 4464, "data": { "Oznaka Gr/Op/Dr": "općina", "Grad/općina/država": "CETINGRAD", "Rbr BM": 5, "Naziv BM": "BIRAČKO MJESTO BR. 5", "Lokacija BM": "KUĆA TOMISLAVA LESARA", "Adresa BM": "PAŠIN POTOK 169", "Glasovalo birača": 126, "Glasovalo birača (po listićima)": 126, "Važeći listići": 125, "Nevažeći listići": 1 }, "latitude": 45.163607, "longitude": 15.7598184, "population": 323 }, "geometry": { "type": "Polygon", "coordinates": [ [ [ 15.7847237, 45.1907589 ], [ 15.7847631, 45.1907481 ], [ 15.7840898, 45.1896728 ], [ 15.7837408, 45.1885333 ], [ 15.783229, 45.1883776 ], [ 15.7827871, 45.1877218 ], [ 15.7826242, 45.1872094 ], [ 15.7821939, 45.1871316 ], [ 15.781719, 45.1871244 ], [ 15.7804085, 45.1866807 ], [ 15.7790825, 45.18607 ], [ 15.7792512, 45.1855494 ], [ 15.7789895, 45.1850903 ], [ 15.7779441, 45.1843004 ], [ 15.7773553, 45.1843566 ], [ 15.7765585, 45.1838975 ], [ 15.7767429, 45.1829746 ], [ 15.777368, 45.1815601 ], [ 15.7773025, 45.1805844 ], [ 15.7765288, 45.1795817 ], [ 15.7768021, 45.1785938 ], [ 15.7770952, 45.1780457 ], [ 15.7776795, 45.1768818 ], [ 15.7776579, 45.1764094 ], [ 15.7765939, 45.1756875 ], [ 15.7756198, 45.1748451 ], [ 15.7746118, 45.1745975 ], [ 15.7737893, 45.1746903 ], [ 15.7733699, 45.1740351 ], [ 15.7731396, 45.1734785 ], [ 15.7728024, 45.1731307 ], [ 15.7716839, 45.1735597 ], [ 15.770771, 45.1732151 ], [ 15.7709354, 45.1724117 ], [ 15.7703515, 45.1720116 ], [ 15.7694879, 45.1718435 ], [ 15.7697429, 45.1715652 ], [ 15.7687559, 45.1710317 ], [ 15.7684763, 45.1706259 ], [ 15.7680897, 45.1708346 ], [ 15.7676797, 45.1708826 ], [ 15.7676703, 45.1704635 ], [ 15.7677854, 45.1699417 ], [ 15.7672097, 45.1697561 ], [ 15.7672015, 45.1694024 ], [ 15.7674647, 45.1690777 ], [ 15.7680651, 45.1689443 ], [ 15.7679664, 45.1683703 ], [ 15.7678806, 45.1678742 ], [ 15.7672344, 45.1682717 ], [ 15.766889, 45.1683761 ], [ 15.7665271, 45.1680688 ], [ 15.766889, 45.1672801 ], [ 15.7666751, 45.1670482 ], [ 15.7657704, 45.1671236 ], [ 15.764625, 45.1662789 ], [ 15.7647752, 45.1659986 ], [ 15.7650467, 45.1657899 ], [ 15.7654908, 45.1653492 ], [ 15.7657209, 45.1649734 ], [ 15.7647012, 45.1641952 ], [ 15.7650631, 45.163163 ], [ 15.7646683, 45.1626991 ], [ 15.7651783, 45.1624555 ], [ 15.7658691, 45.1623859 ], [ 15.7664734, 45.1611328 ], [ 15.7662639, 45.1607273 ], [ 15.7667738, 45.159985 ], [ 15.7671028, 45.1591267 ], [ 15.7669054, 45.158628 ], [ 15.767185, 45.1583264 ], [ 15.7673412, 45.1574819 ], [ 15.7677937, 45.1563661 ], [ 15.768501, 45.1554265 ], [ 15.7689655, 45.1528113 ], [ 15.7697511, 45.1507633 ], [ 15.7708152, 45.1498826 ], [ 15.7719371, 45.149212 ], [ 15.7726293, 45.1475633 ], [ 15.7759153, 45.1462552 ], [ 15.7761908, 45.1445544 ], [ 15.7757385, 45.1428279 ], [ 15.7748557, 45.1411676 ], [ 15.7755247, 45.1397649 ], [ 15.7751299, 45.1393704 ], [ 15.775903, 45.1383145 ], [ 15.7769528, 45.1373887 ], [ 15.7789966, 45.1366808 ], [ 15.7814322, 45.1363056 ], [ 15.7818207, 45.1358616 ], [ 15.7803936, 45.1340908 ], [ 15.779785, 45.1331973 ], [ 15.7790777, 45.1325242 ], [ 15.7788639, 45.1316307 ], [ 15.7776116, 45.1309007 ], [ 15.7792751, 45.1278591 ], [ 15.7802456, 45.1270119 ], [ 15.7807391, 45.1261763 ], [ 15.7818411, 45.1252363 ], [ 15.7824415, 45.1252516 ], [ 15.7833051, 45.1246328 ], [ 15.7843579, 45.1240293 ], [ 15.7847362, 45.122416 ], [ 15.7863975, 45.1216848 ], [ 15.7874423, 45.1207208 ], [ 15.7878659, 45.1197435 ], [ 15.788622, 45.1198819 ], [ 15.7902631, 45.1200599 ], [ 15.7902302, 45.1192242 ], [ 15.7895887, 45.1177384 ], [ 15.7902844, 45.117295 ], [ 15.7901808, 45.1169259 ], [ 15.7904111, 45.116659 ], [ 15.7903015, 45.1161514 ], [ 15.7910393, 45.1156172 ], [ 15.7909939, 45.114994 ], [ 15.7903727, 45.1148567 ], [ 15.790023120171027, 45.114711953555407 ], [ 15.790023120171023, 45.114711953555407 ], [ 15.790023120171021, 45.114711953555407 ], [ 15.713769969320058, 45.141904841660129 ], [ 15.70910853039668, 45.188261853213163 ], [ 15.784744866395881, 45.190867352091516 ], [ 15.7847237, 45.1907589 ] ] ] } },
{ "type": "Feature", "properties": { "BM": 4079, "data": { "Oznaka Gr/Op/Dr": "grad", "Grad/općina/država": "KARLOVAC", "Rbr BM": 26, "Naziv BM": "BIRAČKO MJESTO BR. 26", "Lokacija BM": "VATROGASNI DOM DVD KORITINJA", "Adresa BM": "KORITINJA 23 A", "Glasovalo birača": 73, "Glasovalo birača (po listićima)": 73, "Važeći listići": 71, "Nevažeći listići": 2 }, "latitude": 45.5210546, "longitude": 15.7387479, "population": 105 }, "geometry": { "type": "Polygon", "coordinates": [ [ [ 15.728514960311205, 45.515849495493008 ], [ 15.720463215120969, 45.567386352287592 ], [ 15.755106947540645, 45.570027205996261 ], [ 15.746533567459528, 45.505275984802559 ], [ 15.728514960311205, 45.515849495493008 ] ] ] } },
{ "type": "Feature", "properties": { "BM": 4080, "data": { "Oznaka Gr/Op/Dr": "grad", "Grad/općina/država": "KARLOVAC", "Rbr BM": 27, "Naziv BM": "BIRAČKO MJESTO BR. 27", "Lokacija BM": "PROSTORIJE MO ŠIŠLJAVIĆ", "Adresa BM": "ŠIŠLJAVIĆ 67", "Glasovalo birača": 228, "Glasovalo birača (po listićima)": 228, "Važeći listići": 223, "Nevažeći listići": 5 }, "latitude": 45.5184847, "longitude": 15.7581573, "population": 366 }, "geometry": { "type": "Polygon", "coordinates": [ [ [ 15.761459904979684, 45.571763798959886 ], [ 15.785682259823435, 45.520742556999615 ], [ 15.762342145560993, 45.498516969006303 ], [ 15.747147352245328, 45.504005720223425 ], [ 15.746533567459528, 45.505275984802559 ], [ 15.755106947540645, 45.570027205996261 ], [ 15.761459904979684, 45.571763798959886 ] ] ] } },
{ "type": "Feature", "properties": { "BM": 4116, "data": { "Oznaka Gr/Op/Dr": "grad", "Grad/općina/država": "KARLOVAC", "Rbr BM": 63, "Naziv BM": "BIRAČKO MJESTO BR. 63", "Lokacija BM": "PROSTORIJE MO SJENIČAK-UTINJA", "Adresa BM": "GORNJI SJENIČAK 260", "Glasovalo birača": 21, "Glasovalo birača (po listićima)": 21, "Važeći listići": 20, "Nevažeći listići": 1 }, "latitude": 45.411675, "longitude": 15.8025148, "population": 176 }, "geometry": { "type": "Polygon", "coordinates": [ [ [ 15.756246121036678, 45.434978692745553 ], [ 15.773051220408359, 45.447703420326604 ], [ 15.829803124740172, 45.461899681394598 ], [ 15.866875411233762, 45.417862385178601 ], [ 15.843950996292453, 45.393324959814414 ], [ 15.812925610260946, 45.381640869524887 ], [ 15.741797919689411, 45.410529048495377 ], [ 15.756246121036678, 45.434978692745553 ] ] ] } },
{ "type": "Feature", "properties": { "BM": 4557, "data": { "Oznaka Gr/Op/Dr": "općina", "Grad/općina/država": "LASINJA", "Rbr BM": 1, "Naziv BM": "BIRAČKO MJESTO BR. 1", "Lokacija BM": "SJENIČAK LASINJSKI, SJENIČAK LASINJSKI 206", "Adresa BM": "LOVAČKI DOM LD \"FAZAN\" BANSKI KOVAČEVAC", "Glasovalo birača": 85, "Glasovalo birača (po listićima)": 85, "Važeći listići": 84, "Nevažeći listići": 1 }, "latitude": 45.4933609, "longitude": 15.7820814, "population": 312 }, "geometry": { "type": "Polygon", "coordinates": [ [ [ 15.785682259823435, 45.520742556999615 ], [ 15.824595858113222, 45.502019261607195 ], [ 15.832675925114527, 45.484178570899978 ], [ 15.829803124740172, 45.461899681394598 ], [ 15.773051220408359, 45.447703420326604 ], [ 15.762342145560993, 45.498516969006303 ], [ 15.785682259823435, 45.520742556999615 ] ] ] } },
{ "type": "Feature", "properties": { "BM": 4776, "data": { "Oznaka Gr/Op/Dr": "općina", "Grad/općina/država": "VOJNIĆ", "Rbr BM": 10, "Naziv BM": "BIRAČKO MJESTO BR. 10", "Lokacija BM": "SVINICA KRSTINJSKA -  ZGRADA BIVŠE PODRUČNE ŠKOLE", "Adresa BM": "SVINICA KRSTINJSKA B.B.", "Glasovalo birača": 82, "Glasovalo birača (po listićima)": 82, "Važeći listići": 69, "Nevažeći listići": 13 }, "latitude": 45.2221592, "longitude": 15.8061174, "population": 260 }, "geometry": { "type": "Polygon", "coordinates": [ [ [ 15.8597202, 45.2176566 ], [ 15.8583876, 45.2171231 ], [ 15.8573211, 45.2169101 ], [ 15.8566744, 45.216932 ], [ 15.8563019, 45.2171143 ], [ 15.8558699, 45.2182793 ], [ 15.855441, 45.2184159 ], [ 15.85485, 45.218672 ], [ 15.8546918, 45.2188015 ], [ 15.8541342, 45.2191395 ], [ 15.8533988, 45.219552 ], [ 15.8531399, 45.2196037 ], [ 15.8527356, 45.2197071 ], [ 15.8518538, 45.2197995 ], [ 15.8517974, 45.2199654 ], [ 15.8521782, 45.2201822 ], [ 15.8523569, 45.2205309 ], [ 15.8515564, 45.2208519 ], [ 15.8509664, 45.2211899 ], [ 15.850272, 45.221934 ], [ 15.8498849, 45.2226206 ], [ 15.8495455, 45.2229011 ], [ 15.8490691, 45.2233647 ], [ 15.8483821, 45.2238343 ], [ 15.8474607, 45.224407 ], [ 15.8466599, 45.2246194 ], [ 15.8455599, 45.2249178 ], [ 15.8441602, 45.2250048 ], [ 15.8426051, 45.2249579 ], [ 15.8421617, 45.2249445 ], [ 15.8421371, 45.2249437 ], [ 15.8414486, 45.2246127 ], [ 15.8407039, 45.2244359 ], [ 15.8402151, 45.2244046 ], [ 15.8402091, 45.2244042 ], [ 15.8400406, 45.2243927 ], [ 15.8389351, 45.2243336 ], [ 15.8386169, 45.2242416 ], [ 15.8383785, 45.2241621 ], [ 15.8366511, 45.2226795 ], [ 15.8352909, 45.2217395 ], [ 15.8346951, 45.2214971 ], [ 15.8339931, 45.2213389 ], [ 15.8336308, 45.2212113 ], [ 15.8333817, 45.2210784 ], [ 15.8330949, 45.2208099 ], [ 15.8329099, 45.2206479 ], [ 15.8326274, 45.2204636 ], [ 15.8325367, 45.2203583 ], [ 15.832454, 45.2202211 ], [ 15.8324246, 45.2200519 ], [ 15.832446, 45.2198903 ], [ 15.8325287, 45.2196102 ], [ 15.832676, 45.2192442 ], [ 15.8325219, 45.2180654 ], [ 15.829909, 45.2187928 ], [ 15.8273477, 45.2190173 ], [ 15.8269981, 45.2181409 ], [ 15.8279488, 45.215146 ], [ 15.832066, 45.2127342 ], [ 15.8313545, 45.2114178 ], [ 15.8297003, 45.2108403 ], [ 15.8282072, 45.2094288 ], [ 15.8269832, 45.2076104 ], [ 15.8259359, 45.2070038 ], [ 15.822804, 45.2071921 ], [ 15.8208251, 45.2076212 ], [ 15.8188036, 45.2079716 ], [ 15.8174269, 45.2082123 ], [ 15.8171743, 45.2086207 ], [ 15.8169475, 45.2088461 ], [ 15.8169323, 45.2090332 ], [ 15.8169165, 45.209483 ], [ 15.817133, 45.2097768 ], [ 15.8170579, 45.2099722 ], [ 15.8168939, 45.2101502 ], [ 15.8167083, 45.2101878 ], [ 15.8165224, 45.2101415 ], [ 15.816586, 45.2098804 ], [ 15.8164115, 45.2098154 ], [ 15.8156633, 45.2097655 ], [ 15.815484, 45.2098331 ], [ 15.8154186, 45.2099321 ], [ 15.8155949, 45.2101816 ], [ 15.8158261, 45.2103804 ], [ 15.8157142, 45.2106124 ], [ 15.81527, 45.2109538 ], [ 15.8151188, 45.210986 ], [ 15.8145027, 45.2108646 ], [ 15.8144757, 45.2106535 ], [ 15.8145182, 45.2104657 ], [ 15.8146953, 45.2103366 ], [ 15.8147, 45.2100735 ], [ 15.8140926, 45.2098644 ], [ 15.8137868, 45.2097994 ], [ 15.8135926, 45.2098986 ], [ 15.8134272, 45.2103271 ], [ 15.8133593, 45.2103469 ], [ 15.8132005, 45.2102696 ], [ 15.8130417, 45.2103296 ], [ 15.8129355, 45.2105451 ], [ 15.8127328, 45.2106315 ], [ 15.812499, 45.2105933 ], [ 15.8121741, 45.2102138 ], [ 15.8121598, 45.2100973 ], [ 15.811889, 45.2099406 ], [ 15.8115612, 45.2098402 ], [ 15.8112077, 45.2101174 ], [ 15.811031, 45.2101977 ], [ 15.8107659, 45.2102479 ], [ 15.8105093, 45.2102158 ], [ 15.8102499, 45.2101073 ], [ 15.810039, 45.209782 ], [ 15.8099563, 45.2095169 ], [ 15.8093919, 45.2090931 ], [ 15.809084, 45.2090128 ], [ 15.8087505, 45.2088381 ], [ 15.8084854, 45.208589 ], [ 15.8082032, 45.208324 ], [ 15.8079581, 45.2081834 ], [ 15.8074506, 45.208083 ], [ 15.8072055, 45.208095 ], [ 15.8069204, 45.2081593 ], [ 15.8064986, 45.2083561 ], [ 15.8053441, 45.2087718 ], [ 15.8051331, 45.2087577 ], [ 15.8049991, 45.2086152 ], [ 15.8050131, 45.2084169 ], [ 15.8052044, 45.2081271 ], [ 15.8057589, 45.2076501 ], [ 15.8059797, 45.2074523 ], [ 15.8062848, 45.2070567 ], [ 15.8065328, 45.2069342 ], [ 15.8068064, 45.2067394 ], [ 15.8075191, 45.2063156 ], [ 15.8077899, 45.2062493 ], [ 15.8081291, 45.2062513 ], [ 15.8084484, 45.2062473 ], [ 15.8087505, 45.2061389 ], [ 15.8089814, 45.2059842 ], [ 15.8092864, 45.2059019 ], [ 15.8094632, 45.2057874 ], [ 15.8095287, 45.2056167 ], [ 15.8094575, 45.205464 ], [ 15.8092095, 45.2053074 ], [ 15.8088294, 45.2051123 ], [ 15.8068873, 45.2048986 ], [ 15.8037491, 45.2042474 ], [ 15.8021556, 45.2023577 ], [ 15.8010381, 45.2008847 ], [ 15.8015487, 45.198097 ], [ 15.8009376, 45.1977342 ], [ 15.8004958, 45.1974798 ], [ 15.7994081, 45.1969228 ], [ 15.7990708, 45.1974555 ], [ 15.798559, 45.19739 ], [ 15.7987219, 45.1970457 ], [ 15.7984194, 45.1967548 ], [ 15.798117, 45.1969679 ], [ 15.7977247, 45.1968892 ], [ 15.7972272, 45.1965089 ], [ 15.7970121, 45.1959556 ], [ 15.7964189, 45.1955171 ], [ 15.7963635, 45.195461 ], [ 15.7957801, 45.1948704 ], [ 15.7952499, 45.1948204 ], [ 15.7947149, 45.1951524 ], [ 15.7936248, 45.1951222 ], [ 15.793154, 45.1951591 ], [ 15.7928682, 45.1952971 ], [ 15.7926793, 45.1954517 ], [ 15.7923611, 45.1954159 ], [ 15.7921091, 45.1953305 ], [ 15.7919689, 45.1953979 ], [ 15.7914618, 45.1954743 ], [ 15.7909696, 45.1951647 ], [ 15.7905102, 45.1947425 ], [ 15.7899635, 45.194468 ], [ 15.7888411, 45.1939639 ], [ 15.7859754, 45.1924087 ], [ 15.785342179858212, 45.192074374914526 ], [ 15.776531061896435, 45.265026501704163 ], [ 15.78444121508582, 45.291671038903637 ], [ 15.802564783828585, 45.289051563507016 ], [ 15.859846809315268, 45.233465953448345 ], [ 15.860866821029784, 45.218128041934619 ], [ 15.8597202, 45.2176566 ] ] ] } },
{ "type": "Feature", "properties": { "BM": 4560, "data": { "Oznaka Gr/Op/Dr": "općina", "Grad/općina/država": "LASINJA", "Rbr BM": 4, "Naziv BM": "BIRAČKO MJESTO BR. 4", "Lokacija BM": "DESNO SREDIČKO, DESNO SREDIČKO 42A", "Adresa BM": "ZGRADA DRUŠTVENOG DOMA", "Glasovalo birača": 72, "Glasovalo birača (po listićima)": 72, "Važeći listići": 69, "Nevažeći listići": 3 }, "latitude": 45.5282634, "longitude": 15.8591457, "population": 129 }, "geometry": { "type": "Polygon", "coordinates": [ [ [ 15.824595858113222, 45.502019261607195 ], [ 15.836235078631567, 45.553084487129553 ], [ 15.869696494612858, 45.535340265866893 ], [ 15.876265764910247, 45.506681590334338 ], [ 15.832675925114527, 45.484178570899978 ], [ 15.824595858113222, 45.502019261607195 ] ] ] } }
]
}
