{
"type": "FeatureCollection",
"name": "zupanija_12",
"crs": { "type": "name", "properties": { "name": "urn:ogc:def:crs:EPSG::3765" } },
"features": [
{ "type": "Feature", "properties": { "BM": 3453, "data": { "Oznaka Gr/Op/Dr": "općina", "Grad/općina/država": "STARA GRADIŠKA", "Rbr BM": 4, "Naziv BM": "USKOCI", "Lokacija BM": "MJESNI DOM USKOCI", "Adresa BM": "USKOCI 23", "Glasovalo birača": 42, "Glasovalo birača (po listićima)": 42, "Važeći listići": 42, "Nevažeći listići": 0 }, "latitude": 45.1478948, "longitude": 17.2277464, "population": 64 }, "geometry": { "type": "MultiPolygon", "coordinates": [ [ [ [ 17.2340673, 45.1469309 ], [ 17.2334176, 45.1469175 ], [ 17.2327637, 45.1468697 ], [ 17.2313342, 45.1466658 ], [ 17.226646, 45.146076 ], [ 17.2242502, 45.1458516 ], [ 17.2230223, 45.1457251 ], [ 17.2218045, 45.1456971 ], [ 17.220385, 45.1456923 ], [ 17.2190354, 45.1457269 ], [ 17.218296469524944, 45.145778475875019 ], [ 17.231115448849476, 45.174934461169691 ], [ 17.232783543154778, 45.175431974424953 ], [ 17.234753165289071, 45.169730902937957 ], [ 17.234658012599159, 45.146922127040604 ], [ 17.2340673, 45.1469309 ] ] ] ] } },
{ "type": "Feature", "properties": { "BM": 3455, "data": { "Oznaka Gr/Op/Dr": "općina", "Grad/općina/država": "STARA GRADIŠKA", "Rbr BM": 6, "Naziv BM": "GREĐANI", "Lokacija BM": "MJESNI DOM GREĐANI", "Adresa BM": "GREĐANI 133", "Glasovalo birača": 12, "Glasovalo birača (po listićima)": 12, "Važeći listići": 9, "Nevažeći listići": 3 }, "latitude": 45.2153122, "longitude": 17.1797883, "population": 87 }, "geometry": { "type": "MultiPolygon", "coordinates": [ [ [ [ 17.150358920190818, 45.159254592779625 ], [ 17.1482944, 45.1604345 ], [ 17.148100539, 45.160545252 ], [ 17.1464661, 45.161479 ], [ 17.1455211, 45.1619975 ], [ 17.144334, 45.1624666 ], [ 17.1432556, 45.1628206 ], [ 17.1413028, 45.1633783 ], [ 17.1403709, 45.1636488 ], [ 17.1386017, 45.1640664 ], [ 17.1362288, 45.164764 ], [ 17.132814, 45.165732 ], [ 17.1297732, 45.1667051 ], [ 17.1281316, 45.1673795 ], [ 17.1266408, 45.16804 ], [ 17.1254613, 45.1687292 ], [ 17.1239157, 45.1696665 ], [ 17.1228565, 45.1703875 ], [ 17.1218826, 45.171034 ], [ 17.1208894, 45.171585 ], [ 17.1202566, 45.1720071 ], [ 17.1199859, 45.1722094 ], [ 17.1186675, 45.1730513 ], [ 17.1172785, 45.1739226 ], [ 17.1163402, 45.1744548 ], [ 17.1154247, 45.1749472 ], [ 17.1145215, 45.175327 ], [ 17.113227, 45.1759152 ], [ 17.1121033, 45.1763658 ], [ 17.1113471, 45.1766139 ], [ 17.1092828, 45.1770058 ], [ 17.1066157, 45.1774633 ], [ 17.1044961, 45.1778672 ], [ 17.1003574, 45.1788535 ], [ 17.097695, 45.1797271 ], [ 17.0933439, 45.1813242 ], [ 17.091365421986573, 45.18219855489307 ], [ 17.093549365292578, 45.197311420803409 ], [ 17.189906177151968, 45.232493757702244 ], [ 17.204459356222102, 45.21895967880053 ], [ 17.178862917895596, 45.174956349259446 ], [ 17.150358920190822, 45.159254592779625 ], [ 17.150358920190818, 45.159254592779625 ] ] ] ] } },
{ "type": "Feature", "properties": { "BM": 3452, "data": { "Oznaka Gr/Op/Dr": "općina", "Grad/općina/država": "STARA GRADIŠKA", "Rbr BM": 3, "Naziv BM": "GORNJI VAROŠ", "Lokacija BM": "MJESNI DOM GORNJI VAROŠ", "Adresa BM": "GORNJI VAROŠ 44A", "Glasovalo birača": 90, "Glasovalo birača (po listićima)": 90, "Važeći listići": 85, "Nevažeći listići": 5 }, "latitude": 45.1541727, "longitude": 17.2134677, "population": 185 }, "geometry": { "type": "MultiPolygon", "coordinates": [ [ [ [ 17.2175898, 45.1458278 ], [ 17.2162311, 45.1460514 ], [ 17.2157872, 45.1461641 ], [ 17.2153505, 45.1462971 ], [ 17.2142715, 45.1467054 ], [ 17.2116328, 45.1476912 ], [ 17.2084824, 45.1486203 ], [ 17.2069895, 45.1490137 ], [ 17.2045428, 45.1494378 ], [ 17.2043583, 45.1494698 ], [ 17.2039948, 45.149534 ], [ 17.2021776, 45.149431 ], [ 17.200896, 45.1492758 ], [ 17.1995283, 45.1490247 ], [ 17.1977328, 45.1485466 ], [ 17.1952947, 45.1477814 ], [ 17.1940946, 45.1474948 ], [ 17.1931768, 45.1472756 ], [ 17.1918263, 45.146977 ], [ 17.1904896, 45.14673 ], [ 17.1901812, 45.1466888 ], [ 17.1892389, 45.1465629 ], [ 17.1891422, 45.14655 ], [ 17.1879187, 45.1464455 ], [ 17.1862592, 45.1463082 ], [ 17.1846641, 45.1462962 ], [ 17.1846134, 45.1462958 ], [ 17.1832855, 45.1464149 ], [ 17.1831434, 45.1464276 ], [ 17.1810012, 45.1467949 ], [ 17.1789934, 45.1471833 ], [ 17.1739786, 45.1483806 ], [ 17.1684537, 45.1499684 ], [ 17.1626537, 45.152335 ], [ 17.157277, 45.1554503 ], [ 17.151221, 45.1587619 ], [ 17.150358920190822, 45.159254592779625 ], [ 17.178862917895596, 45.174956349259446 ], [ 17.231115448849476, 45.174934461169691 ], [ 17.218296469524944, 45.145778475875019 ], [ 17.2175898, 45.1458278 ] ] ] ] } },
{ "type": "Feature", "properties": { "BM": 3383, "data": { "Oznaka Gr/Op/Dr": "općina", "Grad/općina/država": "OKUČANI", "Rbr BM": 3, "Naziv BM": "ČOVAC", "Lokacija BM": "DRUŠTVENI DOM U ČOVCU", "Adresa BM": "ČOVAC", "Glasovalo birača": 51, "Glasovalo birača (po listićima)": 51, "Važeći listići": 49, "Nevažeći listići": 2 }, "latitude": 45.2391136, "longitude": 17.1710978, "population": 192 }, "geometry": { "type": "MultiPolygon", "coordinates": [ [ [ [ 17.093526195339365, 45.226516309247337 ], [ 17.102896255693178, 45.235773117113609 ], [ 17.154959791844956, 45.262631992057784 ], [ 17.186026179602603, 45.248466321145457 ], [ 17.188136874868913, 45.24570237987497 ], [ 17.189906177151968, 45.232493757702244 ], [ 17.093549365292578, 45.197311420803409 ], [ 17.093526195339365, 45.226516309247337 ] ] ] ] } },
{ "type": "Feature", "properties": { "BM": 3450, "data": { "Oznaka Gr/Op/Dr": "općina", "Grad/općina/država": "STARA GRADIŠKA", "Rbr BM": 1, "Naziv BM": "STARA GRADIŠKA", "Lokacija BM": "ZGRADA OPĆINE", "Adresa BM": "TRG HRVATSKIH BRANITELJA 1", "Glasovalo birača": 106, "Glasovalo birača (po listićima)": 106, "Važeći listići": 101, "Nevažeći listići": 5 }, "latitude": 45.1478371, "longitude": 17.2415775, "population": 229 }, "geometry": { "type": "MultiPolygon", "coordinates": [ [ [ [ 17.2498921, 45.1486388 ], [ 17.2487204, 45.1477455 ], [ 17.247988, 45.147275 ], [ 17.2472326, 45.1468303 ], [ 17.2464965, 45.1464699 ], [ 17.2457171, 45.1461814 ], [ 17.2448796, 45.1459901 ], [ 17.2440555, 45.1458814 ], [ 17.2432884, 45.1458407 ], [ 17.2425602, 45.1458306 ], [ 17.2411164, 45.1459253 ], [ 17.2387, 45.1463303 ], [ 17.2366193, 45.1467016 ], [ 17.2357502, 45.1468212 ], [ 17.2353458, 45.1468768 ], [ 17.2347339, 45.146921 ], [ 17.234658012599159, 45.146922127040604 ], [ 17.234753165289071, 45.169730902937957 ], [ 17.250213849228331, 45.148921055299859 ], [ 17.2498921, 45.1486388 ] ] ] ] } },
{ "type": "Feature", "properties": { "BM": 3384, "data": { "Oznaka Gr/Op/Dr": "općina", "Grad/općina/država": "OKUČANI", "Rbr BM": 4, "Naziv BM": "BODEGRAJ", "Lokacija BM": "DRUŠTVENI DOM U BODEGRAJU", "Adresa BM": "BODEGRAJ", "Glasovalo birača": 201, "Glasovalo birača (po listićima)": 201, "Važeći listići": 190, "Nevažeći listići": 11 }, "latitude": 45.26587, "longitude": 17.1832982, "population": 476 }, "geometry": { "type": "MultiPolygon", "coordinates": [ [ [ [ 17.176746513271404, 45.297934064970619 ], [ 17.196075006107733, 45.27730293166649 ], [ 17.186026179602603, 45.248466321145457 ], [ 17.154959791844956, 45.262631992057784 ], [ 17.176746513271404, 45.297934064970619 ] ] ] ] } },
{ "type": "Feature", "properties": { "BM": 3386, "data": { "Oznaka Gr/Op/Dr": "općina", "Grad/općina/država": "OKUČANI", "Rbr BM": 6, "Naziv BM": "TRNAKOVAC", "Lokacija BM": "DRUŠTVENI DOM U TRNAKOVCU", "Adresa BM": "TRNAKOVAC", "Glasovalo birača": 56, "Glasovalo birača (po listićima)": 56, "Važeći listići": 55, "Nevažeći listići": 1 }, "latitude": 45.3262326, "longitude": 17.2064141, "population": 161 }, "geometry": { "type": "MultiPolygon", "coordinates": [ [ [ [ 17.15809571356731, 45.337252076135421 ], [ 17.211530110080229, 45.380993947358057 ], [ 17.270631980336081, 45.370035569657006 ], [ 17.267055589278034, 45.338993570120103 ], [ 17.23774520185037, 45.309334951342024 ], [ 17.176760400424943, 45.306194096820356 ], [ 17.15809571356731, 45.337252076135421 ] ] ] ] } },
{ "type": "Feature", "properties": { "BM": 3381, "data": { "Oznaka Gr/Op/Dr": "općina", "Grad/općina/država": "OKUČANI", "Rbr BM": 1, "Naziv BM": "OKUČANI", "Lokacija BM": "DRUŠTVENI DOM OKUČANI", "Adresa BM": "TRG DR.FRANJE TUĐMANA 1", "Glasovalo birača": 399, "Glasovalo birača (po listićima)": 399, "Važeći listići": 394, "Nevažeći listići": 5 }, "latitude": 45.2604055, "longitude": 17.1989794, "population": 854 }, "geometry": { "type": "MultiPolygon", "coordinates": [ [ [ [ 17.186026179602603, 45.248466321145457 ], [ 17.196075006107733, 45.27730293166649 ], [ 17.213014923422971, 45.271830815274413 ], [ 17.193793049013802, 45.248203643252687 ], [ 17.188136874868913, 45.24570237987497 ], [ 17.186026179602603, 45.248466321145457 ] ] ] ] } },
{ "type": "Feature", "properties": { "BM": 3385, "data": { "Oznaka Gr/Op/Dr": "općina", "Grad/općina/država": "OKUČANI", "Rbr BM": 5, "Naziv BM": "CAGE", "Lokacija BM": "DRUŠTVENI DOM U CAGAMA", "Adresa BM": "CAGE", "Glasovalo birača": 189, "Glasovalo birača (po listićima)": 189, "Važeći listići": 182, "Nevažeći listići": 7 }, "latitude": 45.289308, "longitude": 17.2083158, "population": 427 }, "geometry": { "type": "MultiPolygon", "coordinates": [ [ [ [ 17.176760400424943, 45.306194096820356 ], [ 17.23774520185037, 45.309334951342024 ], [ 17.23128468011496, 45.282162459186758 ], [ 17.221508582936522, 45.273881826839961 ], [ 17.214071431771725, 45.27171643931171 ], [ 17.213014923422971, 45.271830815274413 ], [ 17.196075006107733, 45.27730293166649 ], [ 17.176746513271404, 45.297934064970619 ], [ 17.176760400424943, 45.306194096820356 ] ] ] ] } },
{ "type": "Feature", "properties": { "BM": 3263, "data": { "Oznaka Gr/Op/Dr": "općina", "Grad/općina/država": "GORNJI BOGIĆEVCI", "Rbr BM": 2, "Naziv BM": "DUBOVAC", "Lokacija BM": "DRUŠTVENI DOM DUBOVAC", "Adresa BM": "DUBOVAC 66", "Glasovalo birača": 104, "Glasovalo birača (po listićima)": 103, "Važeći listići": 98, "Nevažeći listići": 5 }, "latitude": 45.2438302, "longitude": 17.2063093, "population": 297 }, "geometry": { "type": "MultiPolygon", "coordinates": [ [ [ [ 17.193793049013802, 45.248203643252687 ], [ 17.211074076451876, 45.250556579525863 ], [ 17.233100595360053, 45.223230818050688 ], [ 17.204459356222102, 45.21895967880053 ], [ 17.189906177151968, 45.232493757702244 ], [ 17.188136874868913, 45.24570237987497 ], [ 17.193793049013802, 45.248203643252687 ] ] ] ] } },
{ "type": "Feature", "properties": { "BM": 3382, "data": { "Oznaka Gr/Op/Dr": "općina", "Grad/općina/država": "OKUČANI", "Rbr BM": 2, "Naziv BM": "OKUČANI", "Lokacija BM": "ZGRADA NOGOMETNOG KLUBA \"PSUNJ-SOKOL OKUČANI\"", "Adresa BM": "GRIGORA VITEZA 12A, OKUČANI", "Glasovalo birača": 151, "Glasovalo birača (po listićima)": 151, "Važeći listići": 146, "Nevažeći listići": 5 }, "latitude": 45.2557642, "longitude": 17.2046844, "population": 345 }, "geometry": { "type": "MultiPolygon", "coordinates": [ [ [ [ 17.213014923422971, 45.271830815274413 ], [ 17.214071431771725, 45.27171643931171 ], [ 17.211074076451876, 45.250556579525863 ], [ 17.193793049013802, 45.248203643252687 ], [ 17.213014923422971, 45.271830815274413 ] ] ] ] } },
{ "type": "Feature", "properties": { "BM": 3454, "data": { "Oznaka Gr/Op/Dr": "općina", "Grad/općina/država": "STARA GRADIŠKA", "Rbr BM": 5, "Naziv BM": "NOVI VAROŠ", "Lokacija BM": "MJESNI DOM NOVI VAROŠ", "Adresa BM": "NOVI VAROŠ 62", "Glasovalo birača": 66, "Glasovalo birača (po listićima)": 66, "Važeći listići": 64, "Nevažeći listići": 2 }, "latitude": 45.195711, "longitude": 17.2134851, "population": 148 }, "geometry": { "type": "MultiPolygon", "coordinates": [ [ [ [ 17.204459356222102, 45.21895967880053 ], [ 17.233100595360053, 45.223230818050688 ], [ 17.236071054238838, 45.222966189379612 ], [ 17.248394131817037, 45.218819971656799 ], [ 17.254603904860254, 45.198053303463631 ], [ 17.232783543154778, 45.175431974424953 ], [ 17.231115448849476, 45.174934461169691 ], [ 17.178862917895596, 45.174956349259446 ], [ 17.204459356222102, 45.21895967880053 ] ] ] ] } },
{ "type": "Feature", "properties": { "BM": 3264, "data": { "Oznaka Gr/Op/Dr": "općina", "Grad/općina/država": "GORNJI BOGIĆEVCI", "Rbr BM": 3, "Naziv BM": "KOSOVAC", "Lokacija BM": "DRUŠTVENI DOM KOSOVAC", "Adresa BM": "KOSOVAC BB", "Glasovalo birača": 57, "Glasovalo birača (po listićima)": 57, "Važeći listići": 55, "Nevažeći listići": 2 }, "latitude": 45.2537847, "longitude": 17.2186587, "population": 136 }, "geometry": { "type": "MultiPolygon", "coordinates": [ [ [ [ 17.214071431771725, 45.27171643931171 ], [ 17.221508582936522, 45.273881826839961 ], [ 17.236071054238838, 45.222966189379612 ], [ 17.233100595360053, 45.223230818050688 ], [ 17.211074076451876, 45.250556579525863 ], [ 17.214071431771725, 45.27171643931171 ] ] ] ] } },
{ "type": "Feature", "properties": { "BM": 3262, "data": { "Oznaka Gr/Op/Dr": "općina", "Grad/općina/država": "GORNJI BOGIĆEVCI", "Rbr BM": 1, "Naziv BM": "GORNJI BOGIĆEVCI", "Lokacija BM": "HRVATSKI SELJAČKI DOM GORNJI BOGIĆEVCI", "Adresa BM": "TRG HRVATSKIH BRANITELJA 1", "Glasovalo birača": 278, "Glasovalo birača (po listićima)": 278, "Važeći listići": 267, "Nevažeći listići": 11 }, "latitude": 45.258331, "longitude": 17.2345542, "population": 556 }, "geometry": { "type": "MultiPolygon", "coordinates": [ [ [ [ 17.23128468011496, 45.282162459186758 ], [ 17.260978567307912, 45.251597683178701 ], [ 17.257461925904757, 45.231555285585486 ], [ 17.248394131817037, 45.218819971656799 ], [ 17.236071054238838, 45.222966189379612 ], [ 17.221508582936522, 45.273881826839961 ], [ 17.23128468011496, 45.282162459186758 ] ] ] ] } },
{ "type": "Feature", "properties": { "BM": 3537, "data": { "Oznaka Gr/Op/Dr": "općina", "Grad/općina/država": "VRBJE", "Rbr BM": 5, "Naziv BM": "MAČKOVAC", "Lokacija BM": "DRUŠTVENI DOM MAČKOVAC", "Adresa BM": "MAČKOVAC BB", "Glasovalo birača": 94, "Glasovalo birača (po listićima)": 94, "Važeći listići": 94, "Nevažeći listići": 0 }, "latitude": 45.1425595, "longitude": 17.3497241, "population": 213 }, "geometry": { "type": "MultiPolygon", "coordinates": [ [ [ [ 17.3632781, 45.1378299 ], [ 17.3590078, 45.1386582 ], [ 17.3522341, 45.1399466 ], [ 17.3468786, 45.1411601 ], [ 17.3427488, 45.1426522 ], [ 17.3406041, 45.1440282 ], [ 17.3392369, 45.1449053 ], [ 17.3344318, 45.1484255 ], [ 17.3303675, 45.1517808 ], [ 17.3284624, 45.1540425 ], [ 17.3277246, 45.1565296 ], [ 17.32825790522185, 45.157735110730485 ], [ 17.344179075792571, 45.174316017490042 ], [ 17.355674510449848, 45.177472625604032 ], [ 17.368959521676015, 45.16397950992674 ], [ 17.367122280577149, 45.137437835685667 ], [ 17.3632781, 45.1378299 ] ] ] ] } },
{ "type": "Feature", "properties": { "BM": 3224, "data": { "Oznaka Gr/Op/Dr": "općina", "Grad/općina/država": "DAVOR", "Rbr BM": 2, "Naziv BM": "DAVOR", "Lokacija BM": "DRUŠTVENI DOM U DAVORU", "Adresa BM": "DAVOR", "Glasovalo birača": 465, "Glasovalo birača (po listićima)": 465, "Važeći listići": 447, "Nevažeći listići": 18 }, "latitude": 45.1132944, "longitude": 17.5119747, "population": 844 }, "geometry": { "type": "MultiPolygon", "coordinates": [ [ [ [ 17.5742658, 45.115989 ], [ 17.5730759, 45.1156297 ], [ 17.571991, 45.1150845 ], [ 17.570871, 45.1143659 ], [ 17.5696986, 45.1129906 ], [ 17.5683512, 45.1115284 ], [ 17.5670038, 45.1103265 ], [ 17.5655624, 45.1095792 ], [ 17.563609, 45.1089139 ], [ 17.5613692, 45.1086475 ], [ 17.5581844, 45.1082943 ], [ 17.5563645, 45.1084183 ], [ 17.5552971, 45.1088767 ], [ 17.5547896, 45.1094096 ], [ 17.5541772, 45.1103885 ], [ 17.5539847, 45.1116276 ], [ 17.5544921, 45.1132136 ], [ 17.5565045, 45.1163855 ], [ 17.5573374, 45.1185707 ], [ 17.5575019, 45.1198917 ], [ 17.5575194, 45.1212421 ], [ 17.5571301, 45.1231758 ], [ 17.556312, 45.1249833 ], [ 17.5550887, 45.1266617 ], [ 17.5536872, 45.1281422 ], [ 17.5524973, 45.128935 ], [ 17.5511674, 45.1296286 ], [ 17.549225, 45.130025 ], [ 17.5480351, 45.1300993 ], [ 17.5468277, 45.130025 ], [ 17.5447453, 45.1295543 ], [ 17.5433629, 45.1290341 ], [ 17.5420505, 45.1283652 ], [ 17.5412105, 45.127721 ], [ 17.5405806, 45.1270273 ], [ 17.5397756, 45.1259372 ], [ 17.5395831, 45.1248471 ], [ 17.5398456, 45.1232118 ], [ 17.5407206, 45.1204987 ], [ 17.541158, 45.119012 ], [ 17.541123, 45.1182191 ], [ 17.5408256, 45.1171288 ], [ 17.5401781, 45.1158155 ], [ 17.5389007, 45.1141057 ], [ 17.5367804, 45.1123387 ], [ 17.5346135, 45.1109956 ], [ 17.5322511, 45.1097813 ], [ 17.5307812, 45.1090502 ], [ 17.5294863, 45.1087528 ], [ 17.5282264, 45.108728 ], [ 17.5252166, 45.1088767 ], [ 17.5229068, 45.1088643 ], [ 17.519722, 45.1085917 ], [ 17.5165022, 45.108443 ], [ 17.5147873, 45.1084926 ], [ 17.5133874, 45.1087404 ], [ 17.5126262, 45.109008 ], [ 17.51211, 45.1093476 ], [ 17.5104476, 45.110562 ], [ 17.5079101, 45.1130935 ], [ 17.5066329, 45.1140066 ], [ 17.504953, 45.1146385 ], [ 17.5037456, 45.1148739 ], [ 17.5020832, 45.1149358 ], [ 17.5002808, 45.1143907 ], [ 17.4961511, 45.1126188 ], [ 17.4914089, 45.1107974 ], [ 17.4885248, 45.1097358 ], [ 17.4861513, 45.1095439 ], [ 17.4842714, 45.1097117 ], [ 17.4826801, 45.110133 ], [ 17.4818284, 45.1104982 ], [ 17.4810496, 45.1109832 ], [ 17.4804997, 45.1114409 ], [ 17.4801169, 45.1120267 ], [ 17.4797988, 45.1131165 ], [ 17.4797253, 45.1137384 ], [ 17.4797385, 45.1143094 ], [ 17.4801315, 45.1151348 ], [ 17.4807696, 45.115989 ], [ 17.4823736, 45.1174006 ], [ 17.4842519, 45.1186775 ], [ 17.4871392, 45.1200403 ], [ 17.489694, 45.1213536 ], [ 17.4910764, 45.1223942 ], [ 17.4920974, 45.1235855 ], [ 17.4927954, 45.1249383 ], [ 17.4932339, 45.1259012 ], [ 17.4935091, 45.1267627 ], [ 17.4936895, 45.1278159 ], [ 17.4937527, 45.1289232 ], [ 17.4937319, 45.1299265 ], [ 17.4935723, 45.1305713 ], [ 17.4936084, 45.1313667 ], [ 17.4935272, 45.1317962 ], [ 17.4933468, 45.1325503 ], [ 17.4931078, 45.1333043 ], [ 17.4929364, 45.1339056 ], [ 17.4927996, 45.1344994 ], [ 17.4923922, 45.1353674 ], [ 17.4916691, 45.1362471 ], [ 17.4908844, 45.1368866 ], [ 17.489985619073536, 45.137189725499546 ], [ 17.502470104172787, 45.157816909848009 ], [ 17.559826264281067, 45.132580416623512 ], [ 17.571265819007056, 45.123348336727695 ], [ 17.57444011788424, 45.116025697652205 ], [ 17.5742658, 45.115989 ] ] ] ] } },
{ "type": "Feature", "properties": { "BM": 3265, "data": { "Oznaka Gr/Op/Dr": "općina", "Grad/općina/država": "GORNJI BOGIĆEVCI", "Rbr BM": 4, "Naziv BM": "SMRTIĆ", "Lokacija BM": "DRUŠTVENI DOM SMRTIĆ", "Adresa BM": "SMRTIĆ  BB", "Glasovalo birača": 157, "Glasovalo birača (po listićima)": 157, "Važeći listići": 150, "Nevažeći listići": 7 }, "latitude": 45.2782056, "longitude": 17.2550117, "population": 357 }, "geometry": { "type": "MultiPolygon", "coordinates": [ [ [ [ 17.23774520185037, 45.309334951342024 ], [ 17.267055589278034, 45.338993570120103 ], [ 17.282781344149939, 45.307973150355586 ], [ 17.282685157472191, 45.307656881477556 ], [ 17.264771434043759, 45.255887114374893 ], [ 17.260978567307912, 45.251597683178701 ], [ 17.23128468011496, 45.282162459186758 ], [ 17.23774520185037, 45.309334951342024 ] ] ] ] } },
{ "type": "Feature", "properties": { "BM": 3451, "data": { "Oznaka Gr/Op/Dr": "općina", "Grad/općina/država": "STARA GRADIŠKA", "Rbr BM": 2, "Naziv BM": "DONJI VAROŠ", "Lokacija BM": "MJESNI DOM DONJI VAROŠ", "Adresa BM": "DONJI VAROŠ 70", "Glasovalo birača": 132, "Glasovalo birača (po listićima)": 132, "Važeći listići": 127, "Nevažeći listići": 5 }, "latitude": 45.1568768, "longitude": 17.2537448, "population": 241 }, "geometry": { "type": "MultiPolygon", "coordinates": [ [ [ [ 17.270314, 45.1879868 ], [ 17.2686629, 45.1852026 ], [ 17.2670807, 45.1827591 ], [ 17.2650628, 45.1793943 ], [ 17.2618468, 45.1732856 ], [ 17.2586244, 45.1631476 ], [ 17.2574799, 45.1594228 ], [ 17.25673, 45.1575843 ], [ 17.2559538, 45.1556814 ], [ 17.2552862, 45.1545754 ], [ 17.2544359, 45.1534467 ], [ 17.2527193, 45.1515237 ], [ 17.2509717, 45.1495938 ], [ 17.2504526, 45.1491305 ], [ 17.250213849228331, 45.148921055299859 ], [ 17.234753165289071, 45.169730902937957 ], [ 17.232783543154778, 45.175431974424953 ], [ 17.254603904860254, 45.198053303463631 ], [ 17.270864869188372, 45.188444356838602 ], [ 17.270314, 45.1879868 ] ] ] ] } },
{ "type": "Feature", "properties": { "BM": 3197, "data": { "Oznaka Gr/Op/Dr": "općina", "Grad/općina/država": "CERNIK", "Rbr BM": 6, "Naziv BM": "CERNIČKA ŠAGOVINA", "Lokacija BM": "DRUŠTVENI DOM CERNIČKA ŠAGOVINA", "Adresa BM": "CERNIČKA ŠAGOVINA", "Glasovalo birača": 130, "Glasovalo birača (po listićima)": 130, "Važeći listići": 125, "Nevažeći listići": 5 }, "latitude": 45.3127768, "longitude": 17.3232064, "population": 216 }, "geometry": { "type": "MultiPolygon", "coordinates": [ [ [ [ 17.276173192095168, 45.374463142930772 ], [ 17.350466362534092, 45.377847561957843 ], [ 17.342770827767996, 45.291167011973712 ], [ 17.309329133515568, 45.287951878902454 ], [ 17.282781344149939, 45.307973150355586 ], [ 17.267055589278034, 45.338993570120103 ], [ 17.270631980336081, 45.370035569657006 ], [ 17.276173192095168, 45.374463142930772 ] ] ] ] } },
{ "type": "Feature", "properties": { "BM": 3240, "data": { "Oznaka Gr/Op/Dr": "općina", "Grad/općina/država": "DRAGALIĆ", "Rbr BM": 4, "Naziv BM": "MEDARI", "Lokacija BM": "DRUŠTVENI DOM MEDARI", "Adresa BM": "MEDARI 158 B", "Glasovalo birača": 50, "Glasovalo birača (po listićima)": 50, "Važeći listići": 50, "Nevažeći listići": 0 }, "latitude": 45.267785, "longitude": 17.2892754, "population": 142 }, "geometry": { "type": "MultiPolygon", "coordinates": [ [ [ [ 17.282781344149939, 45.307973150355586 ], [ 17.309329133515568, 45.287951878902454 ], [ 17.30824701829572, 45.261300437199907 ], [ 17.302861737683756, 45.257488367528005 ], [ 17.288927303338461, 45.258344740856835 ], [ 17.282685157472191, 45.307656881477556 ], [ 17.282781344149939, 45.307973150355586 ] ] ] ] } },
{ "type": "Feature", "properties": { "BM": 3237, "data": { "Oznaka Gr/Op/Dr": "općina", "Grad/općina/država": "DRAGALIĆ", "Rbr BM": 1, "Naziv BM": "GORICE", "Lokacija BM": "DRUŠTVENI DOM GORICE", "Adresa BM": "GORICE 58", "Glasovalo birača": 80, "Glasovalo birača (po listićima)": 80, "Važeći listići": 76, "Nevažeći listići": 4 }, "latitude": 45.2186683, "longitude": 17.2902587, "population": 189 }, "geometry": { "type": "MultiPolygon", "coordinates": [ [ [ [ 17.2761564, 45.1881814 ], [ 17.2747805, 45.1892741 ], [ 17.2733199, 45.1894987 ], [ 17.2716476, 45.1890945 ], [ 17.270864869188372, 45.188444356838602 ], [ 17.254603904860254, 45.198053303463631 ], [ 17.248394131817037, 45.218819971656799 ], [ 17.257461925904757, 45.231555285585486 ], [ 17.293865002331277, 45.234131620623707 ], [ 17.313792554225742, 45.218426534128362 ], [ 17.308490792051675, 45.202589005210413 ], [ 17.277761826418832, 45.185757251737869 ], [ 17.2761564, 45.1881814 ] ] ] ] } },
{ "type": "Feature", "properties": { "BM": 3538, "data": { "Oznaka Gr/Op/Dr": "općina", "Grad/općina/država": "VRBJE", "Rbr BM": 6, "Naziv BM": "SAVSKI BOK", "Lokacija BM": "DRUŠTVENI DOM SAVSKI BOK", "Adresa BM": "SAVSKI BOK BB", "Glasovalo birača": 21, "Glasovalo birača (po listićima)": 21, "Važeći listići": 21, "Nevažeći listići": 0 }, "latitude": 45.1785678, "longitude": 17.3122237, "population": 54 }, "geometry": { "type": "MultiPolygon", "coordinates": [ [ [ [ 17.3285259, 45.1583409 ], [ 17.3298589, 45.1604505 ], [ 17.331033, 45.1619055 ], [ 17.3314285, 45.1624623 ], [ 17.3315927, 45.162857 ], [ 17.3316334, 45.1631658 ], [ 17.3316073, 45.1634279 ], [ 17.3312901, 45.1638841 ], [ 17.3309378, 45.1642747 ], [ 17.3302135, 45.1647767 ], [ 17.329469, 45.1651236 ], [ 17.3283808, 45.1654276 ], [ 17.3274985, 45.1656043 ], [ 17.3266543, 45.1657086 ], [ 17.3256429, 45.165733 ], [ 17.3245722, 45.1656322 ], [ 17.3224631, 45.1653928 ], [ 17.3185868, 45.1647857 ], [ 17.3169081, 45.1644955 ], [ 17.3163058, 45.1644612 ], [ 17.3156731, 45.1644998 ], [ 17.3145963, 45.1646457 ], [ 17.3135743, 45.1648301 ], [ 17.3129992, 45.1650217 ], [ 17.3124927, 45.1652646 ], [ 17.3120085, 45.1656729 ], [ 17.3115765, 45.1660761 ], [ 17.3112541, 45.1664803 ], [ 17.3109742, 45.1668953 ], [ 17.310728, 45.1676477 ], [ 17.3106833, 45.1685274 ], [ 17.3108109, 45.1697523 ], [ 17.3109571, 45.1708864 ], [ 17.3112305, 45.1721777 ], [ 17.3113079, 45.1734162 ], [ 17.3112661, 45.1740273 ], [ 17.3111278, 45.1746606 ], [ 17.3108592, 45.1753258 ], [ 17.3106592, 45.175673 ], [ 17.310433, 45.1760102 ], [ 17.3100999, 45.1763295 ], [ 17.3096528, 45.176641 ], [ 17.3092005, 45.176761 ], [ 17.3085939, 45.1768171 ], [ 17.3079865, 45.1768264 ], [ 17.306269, 45.1767857 ], [ 17.3003302, 45.1759357 ], [ 17.29489, 45.1753218 ], [ 17.2893077, 45.1751013 ], [ 17.2882128, 45.1752832 ], [ 17.2876722, 45.1754284 ], [ 17.2871214, 45.1755764 ], [ 17.2849623, 45.1765046 ], [ 17.2836158, 45.1774655 ], [ 17.2823979, 45.1786764 ], [ 17.2803784, 45.1818063 ], [ 17.277761826418832, 45.185757251737869 ], [ 17.308490792051675, 45.202589005210413 ], [ 17.344179075792571, 45.174316017490042 ], [ 17.32825790522185, 45.157735110730485 ], [ 17.3285259, 45.1583409 ] ] ] ] } },
{ "type": "Feature", "properties": { "BM": 3238, "data": { "Oznaka Gr/Op/Dr": "općina", "Grad/općina/država": "DRAGALIĆ", "Rbr BM": 2, "Naziv BM": "DRAGALIĆ", "Lokacija BM": "DRUŠTVENI DOM DRAGALIĆ", "Adresa BM": "TRG.SV. IVANA KRSTITELJA 2", "Glasovalo birača": 254, "Glasovalo birača (po listićima)": 254, "Važeći listići": 242, "Nevažeći listići": 12 }, "latitude": 45.2489329, "longitude": 17.2881168, "population": 430 }, "geometry": { "type": "MultiPolygon", "coordinates": [ [ [ [ 17.264771434043759, 45.255887114374893 ], [ 17.288927303338461, 45.258344740856835 ], [ 17.302861737683756, 45.257488367528005 ], [ 17.293865002331277, 45.234131620623707 ], [ 17.257461925904757, 45.231555285585486 ], [ 17.260978567307912, 45.251597683178701 ], [ 17.264771434043759, 45.255887114374893 ] ] ] ] } },
{ "type": "Feature", "properties": { "BM": 3266, "data": { "Oznaka Gr/Op/Dr": "općina", "Grad/općina/država": "GORNJI BOGIĆEVCI", "Rbr BM": 5, "Naziv BM": "TRNAVA", "Lokacija BM": "DRUŠTVENI DOM TRNAVA", "Adresa BM": "TRNAVA 32A", "Glasovalo birača": 63, "Glasovalo birača (po listićima)": 63, "Važeći listići": 63, "Nevažeći listići": 0 }, "latitude": 45.2674005, "longitude": 17.2862379, "population": 175 }, "geometry": { "type": "MultiPolygon", "coordinates": [ [ [ [ 17.282685157472191, 45.307656881477556 ], [ 17.288927303338461, 45.258344740856835 ], [ 17.264771434043759, 45.255887114374893 ], [ 17.282685157472191, 45.307656881477556 ] ] ] ] } },
{ "type": "Feature", "properties": { "BM": 3239, "data": { "Oznaka Gr/Op/Dr": "općina", "Grad/općina/država": "DRAGALIĆ", "Rbr BM": 3, "Naziv BM": "POLJANE", "Lokacija BM": "OBITELJSKA KUĆA GOJKA KUKIĆA", "Adresa BM": "POLJANE 29", "Glasovalo birača": 16, "Glasovalo birača (po listićima)": 16, "Važeći listići": 16, "Nevažeći listići": 0 }, "latitude": 45.2412521, "longitude": 17.3080572, "population": 90 }, "geometry": { "type": "MultiPolygon", "coordinates": [ [ [ [ 17.302861737683756, 45.257488367528005 ], [ 17.30824701829572, 45.261300437199907 ], [ 17.335029501170908, 45.240254200521804 ], [ 17.335657945638506, 45.23308523664862 ], [ 17.313792554225742, 45.218426534128362 ], [ 17.293865002331277, 45.234131620623707 ], [ 17.302861737683756, 45.257488367528005 ] ] ] ] } },
{ "type": "Feature", "properties": { "BM": 3539, "data": { "Oznaka Gr/Op/Dr": "općina", "Grad/općina/država": "VRBJE", "Rbr BM": 7, "Naziv BM": "VISOKA GREDA", "Lokacija BM": "OSNOVNA ŠKOLA \"MATO LOVRAK\", PODRUČNA ŠKOLA VISOKA GREDA", "Adresa BM": "VISOKA GREDA 19", "Glasovalo birača": 90, "Glasovalo birača (po listićima)": 90, "Važeći listići": 85, "Nevažeći listići": 5 }, "latitude": 45.204451, "longitude": 17.3327289, "population": 185 }, "geometry": { "type": "MultiPolygon", "coordinates": [ [ [ [ 17.313792554225742, 45.218426534128362 ], [ 17.335657945638506, 45.23308523664862 ], [ 17.354456729339915, 45.220083439896364 ], [ 17.362041596229929, 45.194576533096779 ], [ 17.355674510449848, 45.177472625604032 ], [ 17.344179075792571, 45.174316017490042 ], [ 17.308490792051675, 45.202589005210413 ], [ 17.313792554225742, 45.218426534128362 ] ] ] ] } },
{ "type": "Feature", "properties": { "BM": 3241, "data": { "Oznaka Gr/Op/Dr": "općina", "Grad/općina/država": "DRAGALIĆ", "Rbr BM": 5, "Naziv BM": "MAŠIĆ", "Lokacija BM": "DRUŠTVENI DOM MAŠIĆ", "Adresa BM": "MAŠIĆ 78", "Glasovalo birača": 112, "Glasovalo birača (po listićima)": 112, "Važeći listići": 108, "Nevažeći listići": 4 }, "latitude": 45.2662256, "longitude": 17.3276819, "population": 245 }, "geometry": { "type": "MultiPolygon", "coordinates": [ [ [ [ 17.309329133515568, 45.287951878902454 ], [ 17.342770827767996, 45.291167011973712 ], [ 17.35115904702624, 45.283683409788203 ], [ 17.352017428356987, 45.281416071291211 ], [ 17.350863529965046, 45.266572785948775 ], [ 17.335029501170908, 45.240254200521804 ], [ 17.30824701829572, 45.261300437199907 ], [ 17.309329133515568, 45.287951878902454 ] ] ] ] } },
{ "type": "Feature", "properties": { "BM": 3198, "data": { "Oznaka Gr/Op/Dr": "općina", "Grad/općina/država": "CERNIK", "Rbr BM": 7, "Naziv BM": "GILETINCI", "Lokacija BM": "DRUŠTVENI DOM GILETINCI", "Adresa BM": "GILETINCI", "Glasovalo birača": 107, "Glasovalo birača (po listićima)": 107, "Važeći listići": 105, "Nevažeći listići": 2 }, "latitude": 45.3089921, "longitude": 17.3658363, "population": 201 }, "geometry": { "type": "MultiPolygon", "coordinates": [ [ [ [ 17.354454492755153, 45.379320049821189 ], [ 17.359609580658397, 45.373776837040424 ], [ 17.383359087573535, 45.304089160101448 ], [ 17.35115904702624, 45.283683409788203 ], [ 17.342770827767996, 45.291167011973712 ], [ 17.350466362534092, 45.377847561957843 ], [ 17.354454492755153, 45.379320049821189 ] ] ] ] } },
{ "type": "Feature", "properties": { "BM": 3536, "data": { "Oznaka Gr/Op/Dr": "općina", "Grad/općina/država": "VRBJE", "Rbr BM": 4, "Naziv BM": "DOLINA", "Lokacija BM": "DRUŠTVENI DOM DOLINA", "Adresa BM": "DOLINA BB", "Glasovalo birača": 82, "Glasovalo birača (po listićima)": 82, "Važeći listići": 77, "Nevažeći listići": 5 }, "latitude": 45.1401135, "longitude": 17.3850602, "population": 207 }, "geometry": { "type": "MultiPolygon", "coordinates": [ [ [ [ 17.4179665, 45.1358497 ], [ 17.4149971, 45.1350325 ], [ 17.4116102, 45.1343433 ], [ 17.407546, 45.1342684 ], [ 17.4013014, 45.1348377 ], [ 17.394062, 45.1361562 ], [ 17.391849, 45.1365203 ], [ 17.3871401, 45.1372949 ], [ 17.380959, 45.1372199 ], [ 17.3756247, 45.1370102 ], [ 17.3724283, 45.137145 ], [ 17.3674962, 45.1373997 ], [ 17.367122280577149, 45.137437835685667 ], [ 17.368959521676015, 45.16397950992674 ], [ 17.408522117247625, 45.158784480488741 ], [ 17.421304145872078, 45.150034053163139 ], [ 17.422192126411467, 45.138104159255825 ], [ 17.4179665, 45.1358497 ] ] ] ] } },
{ "type": "Feature", "properties": { "BM": 2852, "data": { "Oznaka Gr/Op/Dr": "grad", "Grad/općina/država": "NOVA GRADIŠKA", "Rbr BM": 14, "Naziv BM": "NOVA GRADIŠKA", "Lokacija BM": "DRUŠTVENI DOM PRVČA", "Adresa BM": "PRVČA BB", "Glasovalo birača": 281, "Glasovalo birača (po listićima)": 281, "Važeći listići": 268, "Nevažeći listići": 13 }, "latitude": 45.2459297, "longitude": 17.3614168, "population": 574 }, "geometry": { "type": "MultiPolygon", "coordinates": [ [ [ [ 17.335029501170908, 45.240254200521804 ], [ 17.350863529965046, 45.266572785948775 ], [ 17.368120895795403, 45.253879499170068 ], [ 17.373165820376567, 45.235046119464535 ], [ 17.373087720627012, 45.233698312995628 ], [ 17.354456729339915, 45.220083439896364 ], [ 17.335657945638506, 45.23308523664862 ], [ 17.335029501170908, 45.240254200521804 ] ] ] ] } },
{ "type": "Feature", "properties": { "BM": 2851, "data": { "Oznaka Gr/Op/Dr": "grad", "Grad/općina/država": "NOVA GRADIŠKA", "Rbr BM": 13, "Naziv BM": "NOVA GRADIŠKA", "Lokacija BM": "PODRUČNA ŠKOLA LJUPINA", "Adresa BM": "LJUPINA", "Glasovalo birača": 393, "Glasovalo birača (po listićima)": 393, "Važeći listići": 373, "Nevažeći listići": 20 }, "latitude": 45.2188634, "longitude": 17.3811959, "population": 732 }, "geometry": { "type": "MultiPolygon", "coordinates": [ [ [ [ 17.373087720627012, 45.233698312995628 ], [ 17.416440498476877, 45.225416499080971 ], [ 17.41738730933897, 45.224468521403224 ], [ 17.417150975026182, 45.223688196465211 ], [ 17.400734810659163, 45.204770361768908 ], [ 17.362041596229929, 45.194576533096779 ], [ 17.354456729339915, 45.220083439896364 ], [ 17.373087720627012, 45.233698312995628 ] ] ] ] } },
{ "type": "Feature", "properties": { "BM": 3193, "data": { "Oznaka Gr/Op/Dr": "općina", "Grad/općina/država": "CERNIK", "Rbr BM": 2, "Naziv BM": "PODVRŠKO", "Lokacija BM": "DRUŠTVENI DOM PODVRŠKO", "Adresa BM": "PODVRŠKO", "Glasovalo birača": 159, "Glasovalo birača (po listićima)": 159, "Važeći listići": 153, "Nevažeći listići": 6 }, "latitude": 45.362872, "longitude": 17.4237728, "population": 216 }, "geometry": { "type": "MultiPolygon", "coordinates": [ [ [ [ 17.354454492755153, 45.379320049821189 ], [ 17.38532497782829, 45.421800768325113 ], [ 17.417769594164632, 45.448806756514834 ], [ 17.464341934366654, 45.381002822478671 ], [ 17.446049185812058, 45.351071173067197 ], [ 17.409990146500306, 45.340115247471068 ], [ 17.359609580658397, 45.373776837040424 ], [ 17.354454492755153, 45.379320049821189 ] ] ] ] } },
{ "type": "Feature", "properties": { "BM": 2845, "data": { "Oznaka Gr/Op/Dr": "grad", "Grad/općina/država": "NOVA GRADIŠKA", "Rbr BM": 7, "Naziv BM": "NOVA GRADIŠKA", "Lokacija BM": "\"SLAVČA\" D.O.O.", "Adresa BM": "LJUDEVITA GAJA 56", "Glasovalo birača": 388, "Glasovalo birača (po listićima)": 388, "Važeći listići": 380, "Nevažeći listići": 8 }, "latitude": 45.2626472, "longitude": 17.373713, "population": 747 }, "geometry": { "type": "MultiPolygon", "coordinates": [ [ [ [ 17.350863529965046, 45.266572785948775 ], [ 17.352017428356987, 45.281416071291211 ], [ 17.377359488173319, 45.274301313228555 ], [ 17.379439831600667, 45.269258901348628 ], [ 17.376034546528594, 45.258138748287664 ], [ 17.374144197680618, 45.255930157850557 ], [ 17.368120895795403, 45.253879499170068 ], [ 17.350863529965046, 45.266572785948775 ] ] ] ] } },
{ "type": "Feature", "properties": { "BM": 3196, "data": { "Oznaka Gr/Op/Dr": "općina", "Grad/općina/država": "CERNIK", "Rbr BM": 5, "Naziv BM": "ŠUMETLICA", "Lokacija BM": "DRUŠTVENI DOM ŠUMETLICA", "Adresa BM": "ŠUMETLICA", "Glasovalo birača": 94, "Glasovalo birača (po listićima)": 94, "Važeći listići": 84, "Nevažeći listići": 10 }, "latitude": 45.3186724, "longitude": 17.394241, "population": 229 }, "geometry": { "type": "MultiPolygon", "coordinates": [ [ [ [ 17.359609580658397, 45.373776837040424 ], [ 17.409990146500306, 45.340115247471068 ], [ 17.415456562402806, 45.318752279754833 ], [ 17.40571782607994, 45.294512687313031 ], [ 17.383359087573535, 45.304089160101448 ], [ 17.359609580658397, 45.373776837040424 ] ] ] ] } },
{ "type": "Feature", "properties": { "BM": 3199, "data": { "Oznaka Gr/Op/Dr": "općina", "Grad/općina/država": "CERNIK", "Rbr BM": 8, "Naziv BM": "CERNIK", "Lokacija BM": "ZGRADA OPĆINE CERNIK", "Adresa BM": "CERNIK", "Glasovalo birača": 260, "Glasovalo birača (po listićima)": 260, "Važeći listići": 247, "Nevažeći listići": 13 }, "latitude": 45.2861504, "longitude": 17.3803115, "population": 431 }, "geometry": { "type": "MultiPolygon", "coordinates": [ [ [ [ 17.352017428356987, 45.281416071291211 ], [ 17.35115904702624, 45.283683409788203 ], [ 17.383359087573535, 45.304089160101448 ], [ 17.40571782607994, 45.294512687313031 ], [ 17.407709970541124, 45.288891943038216 ], [ 17.407678959109496, 45.287871504841348 ], [ 17.377359488173319, 45.274301313228555 ], [ 17.352017428356987, 45.281416071291211 ] ] ] ] } },
{ "type": "Feature", "properties": { "BM": 2843, "data": { "Oznaka Gr/Op/Dr": "grad", "Grad/općina/država": "NOVA GRADIŠKA", "Rbr BM": 5, "Naziv BM": "NOVA GRADIŠKA", "Lokacija BM": "PRIVATNA KUĆA MIROSLAVA STRINAVIĆA", "Adresa BM": "I.G. KOVAČIĆA 30", "Glasovalo birača": 488, "Glasovalo birača (po listićima)": 488, "Važeći listići": 470, "Nevažeći listići": 18 }, "latitude": 45.2503454, "longitude": 17.3779012, "population": 1014 }, "geometry": { "type": "MultiPolygon", "coordinates": [ [ [ [ 17.368120895795403, 45.253879499170068 ], [ 17.374144197680618, 45.255930157850557 ], [ 17.382578125480649, 45.251919634940108 ], [ 17.383715993065966, 45.249831268925462 ], [ 17.373165820376567, 45.235046119464535 ], [ 17.368120895795403, 45.253879499170068 ] ] ] ] } },
{ "type": "Feature", "properties": { "BM": 2841, "data": { "Oznaka Gr/Op/Dr": "grad", "Grad/općina/država": "NOVA GRADIŠKA", "Rbr BM": 3, "Naziv BM": "NOVA GRADIŠKA", "Lokacija BM": "KUĆA VLASNIŠTVO GRADA NOVA GRADIŠKA - ULAZ BR. 1", "Adresa BM": "NOVA GRADIŠKA, KRALJA DMITRA ZVONIMIRA 106", "Glasovalo birača": 342, "Glasovalo birača (po listićima)": 342, "Važeći listići": 333, "Nevažeći listići": 9 }, "latitude": 45.2444998, "longitude": 17.3860933, "population": 815 }, "geometry": { "type": "MultiPolygon", "coordinates": [ [ [ [ 17.373165820376567, 45.235046119464535 ], [ 17.383715993065966, 45.249831268925462 ], [ 17.406085325420886, 45.249099633495739 ], [ 17.416440498476877, 45.225416499080971 ], [ 17.373087720627012, 45.233698312995628 ], [ 17.373165820376567, 45.235046119464535 ] ] ] ] } },
{ "type": "Feature", "properties": { "BM": 2846, "data": { "Oznaka Gr/Op/Dr": "grad", "Grad/općina/država": "NOVA GRADIŠKA", "Rbr BM": 8, "Naziv BM": "NOVA GRADIŠKA", "Lokacija BM": "DRUŠTVENI DOM", "Adresa BM": "TRG DR. FRANJE TUĐMANA 1", "Glasovalo birača": 560, "Glasovalo birača (po listićima)": 560, "Važeći listići": 544, "Nevažeći listići": 16 }, "latitude": 45.2565409, "longitude": 17.3808473, "population": 941 }, "geometry": { "type": "MultiPolygon", "coordinates": [ [ [ [ 17.374144197680618, 45.255930157850557 ], [ 17.376034546528594, 45.258138748287664 ], [ 17.381728271597897, 45.258653728801207 ], [ 17.383496575260253, 45.255242498137179 ], [ 17.382578125480649, 45.251919634940108 ], [ 17.374144197680618, 45.255930157850557 ] ] ] ] } },
{ "type": "Feature", "properties": { "BM": 2849, "data": { "Oznaka Gr/Op/Dr": "grad", "Grad/općina/država": "NOVA GRADIŠKA", "Rbr BM": 11, "Naziv BM": "NOVA GRADIŠKA", "Lokacija BM": "GRADSKA VIJEĆNICA", "Adresa BM": "TRG K. TOMISLAVA 1", "Glasovalo birača": 529, "Glasovalo birača (po listićima)": 529, "Važeći listići": 516, "Nevažeći listići": 13 }, "latitude": 45.2605742, "longitude": 17.3804825, "population": 907 }, "geometry": { "type": "MultiPolygon", "coordinates": [ [ [ [ 17.381728271597897, 45.258653728801207 ], [ 17.376034546528594, 45.258138748287664 ], [ 17.379439831600667, 45.269258901348628 ], [ 17.385243075850973, 45.263711564676626 ], [ 17.381728271597897, 45.258653728801207 ] ] ] ] } },
{ "type": "Feature", "properties": { "BM": 2839, "data": { "Oznaka Gr/Op/Dr": "grad", "Grad/općina/država": "NOVA GRADIŠKA", "Rbr BM": 1, "Naziv BM": "NOVA GRADIŠKA", "Lokacija BM": "UPRAVA ŠUMA", "Adresa BM": "J.J. STROSSMAYERA 9", "Glasovalo birača": 524, "Glasovalo birača (po listićima)": 524, "Važeći listići": 512, "Nevažeći listići": 12 }, "latitude": 45.2581558, "longitude": 17.3839626, "population": 922 }, "geometry": { "type": "MultiPolygon", "coordinates": [ [ [ [ 17.385243075850973, 45.263711564676626 ], [ 17.391237156976207, 45.261303071327021 ], [ 17.383496575260253, 45.255242498137179 ], [ 17.381728271597897, 45.258653728801207 ], [ 17.385243075850973, 45.263711564676626 ] ] ] ] } },
{ "type": "Feature", "properties": { "BM": 2848, "data": { "Oznaka Gr/Op/Dr": "grad", "Grad/općina/država": "NOVA GRADIŠKA", "Rbr BM": 10, "Naziv BM": "NOVA GRADIŠKA", "Lokacija BM": "DOM MALA", "Adresa BM": "MALA 92", "Glasovalo birača": 534, "Glasovalo birača (po listićima)": 534, "Važeći listići": 514, "Nevažeći listići": 20 }, "latitude": 45.2686087, "longitude": 17.3881627, "population": 896 }, "geometry": { "type": "MultiPolygon", "coordinates": [ [ [ [ 17.377359488173319, 45.274301313228555 ], [ 17.407678959109496, 45.287871504841348 ], [ 17.408727776207456, 45.284785824584134 ], [ 17.405567060103866, 45.264487113474651 ], [ 17.404458261339435, 45.259626625931084 ], [ 17.391237156976207, 45.261303071327021 ], [ 17.385243075850973, 45.263711564676626 ], [ 17.379439831600667, 45.269258901348628 ], [ 17.377359488173319, 45.274301313228555 ] ] ] ] } },
{ "type": "Feature", "properties": { "BM": 3535, "data": { "Oznaka Gr/Op/Dr": "općina", "Grad/općina/država": "VRBJE", "Rbr BM": 3, "Naziv BM": "SIČICE", "Lokacija BM": "VATROGASNI DOM SIČICE", "Adresa BM": "SIČICE 130", "Glasovalo birača": 173, "Glasovalo birača (po listićima)": 173, "Važeći listići": 169, "Nevažeći listići": 4 }, "latitude": 45.1828797, "longitude": 17.3906759, "population": 325 }, "geometry": { "type": "MultiPolygon", "coordinates": [ [ [ [ 17.362041596229929, 45.194576533096779 ], [ 17.400734810659163, 45.204770361768908 ], [ 17.408522117247625, 45.158784480488741 ], [ 17.368959521676015, 45.16397950992674 ], [ 17.355674510449848, 45.177472625604032 ], [ 17.362041596229929, 45.194576533096779 ] ] ] ] } },
{ "type": "Feature", "properties": { "BM": 2840, "data": { "Oznaka Gr/Op/Dr": "grad", "Grad/općina/država": "NOVA GRADIŠKA", "Rbr BM": 2, "Naziv BM": "NOVA GRADIŠKA", "Lokacija BM": "OŠ MATO LOVRAK", "Adresa BM": "M.BENKOVIĆA 39", "Glasovalo birača": 496, "Glasovalo birača (po listićima)": 496, "Važeći listići": 478, "Nevažeći listići": 18 }, "latitude": 45.254996, "longitude": 17.3864366, "population": 817 }, "geometry": { "type": "MultiPolygon", "coordinates": [ [ [ [ 17.382578125480649, 45.251919634940108 ], [ 17.383496575260253, 45.255242498137179 ], [ 17.391237156976207, 45.261303071327021 ], [ 17.404458261339435, 45.259626625931084 ], [ 17.406085325420886, 45.249099633495739 ], [ 17.383715993065966, 45.249831268925462 ], [ 17.382578125480649, 45.251919634940108 ] ] ] ] } },
{ "type": "Feature", "properties": { "BM": 3422, "data": { "Oznaka Gr/Op/Dr": "općina", "Grad/općina/država": "REŠETARI", "Rbr BM": 2, "Naziv BM": "REŠETARI", "Lokacija BM": "OSNOVNA ŠKOLA U REŠETARIMA", "Adresa BM": "VLADIMIRA NAZORA 23", "Glasovalo birača": 565, "Glasovalo birača (po listićima)": 565, "Važeći listići": 522, "Nevažeći listići": 43 }, "latitude": 45.260653, "longitude": 17.423037, "population": 946 }, "geometry": { "type": "MultiPolygon", "coordinates": [ [ [ [ 17.406085325420886, 45.249099633495739 ], [ 17.404458261339435, 45.259626625931084 ], [ 17.405567060103866, 45.264487113474651 ], [ 17.44283767608454, 45.258997970583145 ], [ 17.437959335403626, 45.240763217670121 ], [ 17.429719362747772, 45.228789853817716 ], [ 17.41738730933897, 45.224468521403224 ], [ 17.416440498476877, 45.225416499080971 ], [ 17.406085325420886, 45.249099633495739 ] ] ] ] } },
{ "type": "Feature", "properties": { "BM": 3534, "data": { "Oznaka Gr/Op/Dr": "općina", "Grad/općina/država": "VRBJE", "Rbr BM": 2, "Naziv BM": "VRBJE", "Lokacija BM": "DRUŠTVENI DOM VRBJE", "Adresa BM": "VRBJE, KRALJA TOMISLAVA 2", "Glasovalo birača": 194, "Glasovalo birača (po listićima)": 193, "Važeći listići": 186, "Nevažeći listići": 7 }, "latitude": 45.187412, "longitude": 17.4174402, "population": 387 }, "geometry": { "type": "MultiPolygon", "coordinates": [ [ [ [ 17.417150975026182, 45.223688196465211 ], [ 17.441651983837609, 45.170067503180938 ], [ 17.421304145872078, 45.150034053163139 ], [ 17.408522117247625, 45.158784480488741 ], [ 17.400734810659163, 45.204770361768908 ], [ 17.417150975026182, 45.223688196465211 ] ] ] ] } },
{ "type": "Feature", "properties": { "BM": 3428, "data": { "Oznaka Gr/Op/Dr": "općina", "Grad/općina/država": "REŠETARI", "Rbr BM": 8, "Naziv BM": "GUNJAVCI", "Lokacija BM": "OSNOVNA ŠKOLA U GUNJAVCIMA", "Adresa BM": "HRVATSKIH BRANITELJA", "Glasovalo birača": 174, "Glasovalo birača (po listićima)": 174, "Važeći listići": 169, "Nevažeći listići": 5 }, "latitude": 45.2631218, "longitude": 17.4234006, "population": 315 }, "geometry": { "type": "MultiPolygon", "coordinates": [ [ [ [ 17.408727776207456, 45.284785824584134 ], [ 17.444957438038774, 45.265304788258675 ], [ 17.44283767608454, 45.258997970583145 ], [ 17.405567060103866, 45.264487113474651 ], [ 17.408727776207456, 45.284785824584134 ] ] ] ] } },
{ "type": "Feature", "properties": { "BM": 3423, "data": { "Oznaka Gr/Op/Dr": "općina", "Grad/općina/država": "REŠETARI", "Rbr BM": 3, "Naziv BM": "BUKOVICA", "Lokacija BM": "DOM U BUKOVICI", "Adresa BM": "BUKOVICA", "Glasovalo birača": 63, "Glasovalo birača (po listićima)": 63, "Važeći listići": 57, "Nevažeći listići": 6 }, "latitude": 45.2844917, "longitude": 17.4348914, "population": 121 }, "geometry": { "type": "MultiPolygon", "coordinates": [ [ [ [ 17.407709970541124, 45.288891943038216 ], [ 17.450708203635699, 45.298079281579859 ], [ 17.455881453624301, 45.273648490394855 ], [ 17.444957438038774, 45.265304788258675 ], [ 17.408727776207456, 45.284785824584134 ], [ 17.407678959109496, 45.287871504841348 ], [ 17.407709970541124, 45.288891943038216 ] ] ] ] } },
{ "type": "Feature", "properties": { "BM": 3533, "data": { "Oznaka Gr/Op/Dr": "općina", "Grad/općina/država": "VRBJE", "Rbr BM": 1, "Naziv BM": "BODOVALJCI", "Lokacija BM": "DRUŠTVENI DOM BODOVALJCI", "Adresa BM": "BODOVALJCI 85 B", "Glasovalo birača": 222, "Glasovalo birača (po listićima)": 222, "Važeći listići": 213, "Nevažeći listići": 9 }, "latitude": 45.1997249, "longitude": 17.4443871, "population": 395 }, "geometry": { "type": "MultiPolygon", "coordinates": [ [ [ [ 17.41738730933897, 45.224468521403224 ], [ 17.429719362747772, 45.228789853817716 ], [ 17.45385825329134, 45.21645400525346 ], [ 17.462351504430661, 45.175508591469118 ], [ 17.441651983837609, 45.170067503180938 ], [ 17.417150975026182, 45.223688196465211 ], [ 17.41738730933897, 45.224468521403224 ] ] ] ] } },
{ "type": "Feature", "properties": { "BM": 3424, "data": { "Oznaka Gr/Op/Dr": "općina", "Grad/općina/država": "REŠETARI", "Rbr BM": 4, "Naziv BM": "ADŽAMOVCI", "Lokacija BM": "OSNOVNA ŠKOLA U ADŽAMOVCIMA", "Adresa BM": "ADŽAMOVCI, S. RADIĆA 3", "Glasovalo birača": 215, "Glasovalo birača (po listićima)": 215, "Važeći listići": 205, "Nevažeći listići": 10 }, "latitude": 45.250545, "longitude": 17.4608197, "population": 453 }, "geometry": { "type": "MultiPolygon", "coordinates": [ [ [ [ 17.444957438038774, 45.265304788258675 ], [ 17.455881453624301, 45.273648490394855 ], [ 17.466790259062613, 45.271059416166381 ], [ 17.467182480710282, 45.268146744695109 ], [ 17.460006335550705, 45.242153338307517 ], [ 17.437959335403626, 45.240763217670121 ], [ 17.44283767608454, 45.258997970583145 ], [ 17.444957438038774, 45.265304788258675 ] ] ] ] } },
{ "type": "Feature", "properties": { "BM": 3225, "data": { "Oznaka Gr/Op/Dr": "općina", "Grad/općina/država": "DAVOR", "Rbr BM": 3, "Naziv BM": "ORUBICA", "Lokacija BM": "OSNOVNA ŠKOLA U ORUBICI", "Adresa BM": "ORUBICA", "Glasovalo birača": 264, "Glasovalo birača (po listićima)": 264, "Važeći listići": 264, "Nevažeći listići": 0 }, "latitude": 45.1455886, "longitude": 17.4586174, "population": 456 }, "geometry": { "type": "MultiPolygon", "coordinates": [ [ [ [ 17.4897138, 45.1372814 ], [ 17.4888324, 45.1375106 ], [ 17.4880568, 45.1375801 ], [ 17.4873983, 45.1375451 ], [ 17.4867436, 45.1373831 ], [ 17.4860048, 45.1370647 ], [ 17.4852516, 45.1367048 ], [ 17.4839528, 45.1354327 ], [ 17.4835532, 45.1349386 ], [ 17.4821444, 45.1329766 ], [ 17.4812636, 45.1320181 ], [ 17.4802953, 45.1311249 ], [ 17.4789198, 45.1299986 ], [ 17.4779723, 45.1293527 ], [ 17.4771565, 45.1288786 ], [ 17.4762996, 45.1284523 ], [ 17.4752804, 45.1280259 ], [ 17.4735982, 45.1274055 ], [ 17.4719237, 45.1269148 ], [ 17.4695467, 45.1264324 ], [ 17.4665782, 45.1260437 ], [ 17.4644027, 45.1258591 ], [ 17.4621829, 45.1256699 ], [ 17.4611691, 45.1256173 ], [ 17.4598793, 45.1256332 ], [ 17.4580677, 45.1257489 ], [ 17.4556807, 45.12598 ], [ 17.4541856, 45.1261581 ], [ 17.4531732, 45.1262918 ], [ 17.452708, 45.1263817 ], [ 17.4522171, 45.1265114 ], [ 17.4515026, 45.1267664 ], [ 17.4510588, 45.1269678 ], [ 17.4507155, 45.1271382 ], [ 17.4503953, 45.1273307 ], [ 17.4500909, 45.1275328 ], [ 17.4498152, 45.1277391 ], [ 17.4493739, 45.1281198 ], [ 17.44912, 45.1283626 ], [ 17.4489387, 45.1285939 ], [ 17.4487786, 45.1288675 ], [ 17.4486433, 45.1291555 ], [ 17.4485057, 45.1295198 ], [ 17.4484787, 45.1298109 ], [ 17.448503, 45.1301053 ], [ 17.4485395, 45.1303757 ], [ 17.4486996, 45.131117 ], [ 17.4489105, 45.1315914 ], [ 17.4491642, 45.1320031 ], [ 17.4501995, 45.1333844 ], [ 17.4517235, 45.1350924 ], [ 17.45397, 45.1392918 ], [ 17.4552529, 45.1439554 ], [ 17.4553009, 45.1477664 ], [ 17.4547593, 45.1514028 ], [ 17.453798, 45.1552556 ], [ 17.4525703, 45.1580564 ], [ 17.4496417, 45.1599756 ], [ 17.4477863, 45.1605424 ], [ 17.445225, 45.160827 ], [ 17.4426212, 45.1604496 ], [ 17.44112, 45.1599549 ], [ 17.4394038, 45.1593893 ], [ 17.4378527, 45.1581312 ], [ 17.4371935, 45.1575965 ], [ 17.4363979, 45.1554653 ], [ 17.4361651, 45.1535332 ], [ 17.4354172, 45.1500803 ], [ 17.4345352, 45.1478263 ], [ 17.4321855, 45.1448004 ], [ 17.4290225, 45.1421683 ], [ 17.4229828, 45.138526 ], [ 17.422192126411467, 45.138104159255825 ], [ 17.421304145872078, 45.150034053163139 ], [ 17.441651983837609, 45.170067503180938 ], [ 17.462351504430661, 45.175508591469118 ], [ 17.479700752537671, 45.172411054939815 ], [ 17.499616370800119, 45.164534675183781 ], [ 17.502470104172787, 45.157816909848009 ], [ 17.489985619073536, 45.137189725499546 ], [ 17.4897138, 45.1372814 ] ] ] ] } },
{ "type": "Feature", "properties": { "BM": 3195, "data": { "Oznaka Gr/Op/Dr": "općina", "Grad/općina/država": "CERNIK", "Rbr BM": 4, "Naziv BM": "BAĆIN DOL", "Lokacija BM": "DRUŠTVENI DOM BAĆIN DOL", "Adresa BM": "BAĆIN DOL", "Glasovalo birača": 133, "Glasovalo birača (po listićima)": 133, "Važeći listići": 131, "Nevažeći listići": 2 }, "latitude": 45.3040164, "longitude": 17.4307196, "population": 276 }, "geometry": { "type": "MultiPolygon", "coordinates": [ [ [ [ 17.40571782607994, 45.294512687313031 ], [ 17.415456562402806, 45.318752279754833 ], [ 17.455018720309287, 45.31336707678328 ], [ 17.455214859424668, 45.313150617344256 ], [ 17.450708203635699, 45.298079281579859 ], [ 17.407709970541124, 45.288891943038216 ], [ 17.40571782607994, 45.294512687313031 ] ] ] ] } },
{ "type": "Feature", "properties": { "BM": 3192, "data": { "Oznaka Gr/Op/Dr": "općina", "Grad/općina/država": "CERNIK", "Rbr BM": 1, "Naziv BM": "OPATOVAC", "Lokacija BM": "DRUŠTVENI DOM OPATOVAC", "Adresa BM": "OPATOVAC", "Glasovalo birača": 174, "Glasovalo birača (po listićima)": 174, "Važeći listići": 168, "Nevažeći listići": 6 }, "latitude": 45.3288724, "longitude": 17.434103, "population": 252 }, "geometry": { "type": "MultiPolygon", "coordinates": [ [ [ [ 17.409990146500306, 45.340115247471068 ], [ 17.446049185812058, 45.351071173067197 ], [ 17.455018720309287, 45.31336707678328 ], [ 17.415456562402806, 45.318752279754833 ], [ 17.409990146500306, 45.340115247471068 ] ] ] ] } },
{ "type": "Feature", "properties": { "BM": 3427, "data": { "Oznaka Gr/Op/Dr": "općina", "Grad/općina/država": "REŠETARI", "Rbr BM": 7, "Naziv BM": "DREŽNIK", "Lokacija BM": "DOM U DREŽNIKU", "Adresa BM": "DREŽNIK", "Glasovalo birača": 176, "Glasovalo birača (po listićima)": 176, "Važeći listići": 172, "Nevažeći listići": 4 }, "latitude": 45.2920689, "longitude": 17.4706749, "population": 321 }, "geometry": { "type": "MultiPolygon", "coordinates": [ [ [ [ 17.455214859424668, 45.313150617344256 ], [ 17.489309807633269, 45.316182909987482 ], [ 17.498628484121184, 45.309210827145833 ], [ 17.509198936319375, 45.298470018067398 ], [ 17.492528556751246, 45.275850699476528 ], [ 17.466790259062613, 45.271059416166381 ], [ 17.455881453624301, 45.273648490394855 ], [ 17.450708203635699, 45.298079281579859 ], [ 17.455214859424668, 45.313150617344256 ] ] ] ] } },
{ "type": "Feature", "properties": { "BM": 3194, "data": { "Oznaka Gr/Op/Dr": "općina", "Grad/općina/država": "CERNIK", "Rbr BM": 3, "Naziv BM": "BANIĆEVAC", "Lokacija BM": "DRUŠTVENI DOM BANIĆEVAC", "Adresa BM": "BANIĆEVAC", "Glasovalo birača": 105, "Glasovalo birača (po listićima)": 105, "Važeći listići": 95, "Nevažeći listići": 10 }, "latitude": 45.3366298, "longitude": 17.4667118, "population": 160 }, "geometry": { "type": "MultiPolygon", "coordinates": [ [ [ [ 17.464341934366654, 45.381002822478671 ], [ 17.476524034103193, 45.376319787613404 ], [ 17.484102843005306, 45.365929813937321 ], [ 17.489309807633269, 45.316182909987482 ], [ 17.455214859424668, 45.313150617344256 ], [ 17.455018720309287, 45.31336707678328 ], [ 17.446049185812058, 45.351071173067197 ], [ 17.464341934366654, 45.381002822478671 ] ] ] ] } },
{ "type": "Feature", "properties": { "BM": 3425, "data": { "Oznaka Gr/Op/Dr": "općina", "Grad/općina/država": "REŠETARI", "Rbr BM": 5, "Naziv BM": "ZAPOLJE", "Lokacija BM": "DOM U ZAPOLJU", "Adresa BM": "IVANA ZAPOLJSKOG 88", "Glasovalo birača": 177, "Glasovalo birača (po listićima)": 177, "Važeći listići": 171, "Nevažeći listići": 6 }, "latitude": 45.2339303, "longitude": 17.4618673, "population": 322 }, "geometry": { "type": "MultiPolygon", "coordinates": [ [ [ [ 17.437959335403626, 45.240763217670121 ], [ 17.460006335550705, 45.242153338307517 ], [ 17.473068639697068, 45.240713660239656 ], [ 17.477870750293704, 45.236626456347182 ], [ 17.478944708013383, 45.227044055502084 ], [ 17.476535223750322, 45.223388902307143 ], [ 17.474128069516048, 45.221570340942364 ], [ 17.45385825329134, 45.21645400525346 ], [ 17.429719362747772, 45.228789853817716 ], [ 17.437959335403626, 45.240763217670121 ] ] ] ] } },
{ "type": "Feature", "properties": { "BM": 3398, "data": { "Oznaka Gr/Op/Dr": "općina", "Grad/općina/država": "ORIOVAC", "Rbr BM": 3, "Naziv BM": "SLAVONSKI KOBAŠ", "Lokacija BM": "PODRUČNA ŠKOLA DR. STJEPAN ILIJAŠEVIĆ SLAVONSKI KOBAŠ", "Adresa BM": "SLAVONSKI KOBAŠ, ULICA ZNG BB", "Glasovalo birača": 522, "Glasovalo birača (po listićima)": 522, "Važeći listići": 479, "Nevažeći listići": 43 }, "latitude": 45.1040071, "longitude": 17.7383337, "population": 885 }, "geometry": { "type": "MultiPolygon", "coordinates": [ [ [ [ 17.7829948, 45.0834806 ], [ 17.7814726, 45.0840947 ], [ 17.7793881, 45.0844722 ], [ 17.7772723, 45.0847609 ], [ 17.7752352, 45.0849041 ], [ 17.7732601, 45.0849052 ], [ 17.7714107, 45.0848497 ], [ 17.7696867, 45.0846054 ], [ 17.7681195, 45.0842834 ], [ 17.7665052, 45.0840836 ], [ 17.7648439, 45.0840947 ], [ 17.7633393, 45.0841946 ], [ 17.7618347, 45.0844611 ], [ 17.7595622, 45.0849718 ], [ 17.7578382, 45.0856158 ], [ 17.7566157, 45.0861709 ], [ 17.754782, 45.0871147 ], [ 17.7531834, 45.088125 ], [ 17.750519, 45.0902011 ], [ 17.7481368, 45.092044 ], [ 17.7460367, 45.0933318 ], [ 17.7424293, 45.0952926 ], [ 17.7374073, 45.0975126 ], [ 17.7323214, 45.0996194 ], [ 17.7286229, 45.1016768 ], [ 17.7251232, 45.1042298 ], [ 17.7213216, 45.1076101 ], [ 17.7187536, 45.1095954 ], [ 17.7161638, 45.1112558 ], [ 17.7130025, 45.1125343 ], [ 17.7114822, 45.1131574 ], [ 17.7104619, 45.1135756 ], [ 17.7086619, 45.1141715 ], [ 17.7070767, 45.1145239 ], [ 17.7052586, 45.1148271 ], [ 17.7038571, 45.1149166 ], [ 17.703603292517986, 45.114918170795491 ], [ 17.714875615483308, 45.134331856462154 ], [ 17.726114682197146, 45.136635477795963 ], [ 17.737962123651535, 45.137149981630266 ], [ 17.755424934422596, 45.132112148964445 ], [ 17.775305389642281, 45.119375324770118 ], [ 17.783179008516342, 45.083405588071336 ], [ 17.7829948, 45.0834806 ] ] ] ] } },
{ "type": "Feature", "properties": { "BM": 3144, "data": { "Oznaka Gr/Op/Dr": "općina", "Grad/općina/država": "BEBRINA", "Rbr BM": 5, "Naziv BM": "DUBOČAC", "Lokacija BM": "DRUŠTVENI DOM DUBOČAC", "Adresa BM": "DUBOČAC 69", "Glasovalo birača": 92, "Glasovalo birača (po listićima)": 92, "Važeći listići": 85, "Nevažeći listići": 7 }, "latitude": 45.0467956, "longitude": 17.861666, "population": 156 }, "geometry": { "type": "MultiPolygon", "coordinates": [ [ [ [ 17.8768566, 45.04972 ], [ 17.8699136, 45.0465647 ], [ 17.8674529, 45.0457536 ], [ 17.865102, 45.0451092 ], [ 17.8612936, 45.0444537 ], [ 17.8582844, 45.0442537 ], [ 17.8552439, 45.0441759 ], [ 17.8514981, 45.044287 ], [ 17.8479561, 45.0447092 ], [ 17.8446178, 45.0452759 ], [ 17.8414363, 45.0459981 ], [ 17.8400056, 45.0461904 ], [ 17.8376095, 45.0469188 ], [ 17.8348771, 45.0478267 ], [ 17.831929035066601, 45.04904116925254 ], [ 17.851462161712792, 45.066874629506223 ], [ 17.882642148922645, 45.052092060314138 ], [ 17.8768566, 45.04972 ] ] ] ] } },
{ "type": "Feature", "properties": { "BM": 3470, "data": { "Oznaka Gr/Op/Dr": "općina", "Grad/općina/država": "STARO PETROVO SELO", "Rbr BM": 6, "Naziv BM": "LAZE", "Lokacija BM": "OSNOVNA ŠKOLA VLADIMIR NAZOR ADŽAMOVCI", "Adresa BM": "LAZE", "Glasovalo birača": 129, "Glasovalo birača (po listićima)": 129, "Važeći listići": 123, "Nevažeći listići": 6 }, "latitude": 45.2048722, "longitude": 17.4692019, "population": 240 }, "geometry": { "type": "MultiPolygon", "coordinates": [ [ [ [ 17.45385825329134, 45.21645400525346 ], [ 17.474128069516048, 45.221570340942364 ], [ 17.479700752537671, 45.172411054939815 ], [ 17.462351504430661, 45.175508591469118 ], [ 17.45385825329134, 45.21645400525346 ] ] ] ] } },
{ "type": "Feature", "properties": { "BM": 2847, "data": { "Oznaka Gr/Op/Dr": "grad", "Grad/općina/država": "NOVA GRADIŠKA", "Rbr BM": 9, "Naziv BM": "NOVA GRADIŠKA", "Lokacija BM": "DOM KULTURE", "Adresa BM": "RELKOVIĆEVA 4", "Glasovalo birača": 286, "Glasovalo birača (po listićima)": 285, "Važeći listići": 276, "Nevažeći listići": 9 }, "latitude": 45.2497737, "longitude": 17.4636135, "population": 534 }, "geometry": { "type": "MultiPolygon", "coordinates": [ [ [ [ 17.467182480710282, 45.268146744695109 ], [ 17.473068639697068, 45.240713660239656 ], [ 17.460006335550705, 45.242153338307517 ], [ 17.467182480710282, 45.268146744695109 ] ] ] ] } },
{ "type": "Feature", "properties": { "BM": 3426, "data": { "Oznaka Gr/Op/Dr": "općina", "Grad/općina/država": "REŠETARI", "Rbr BM": 6, "Naziv BM": "BRĐANI", "Lokacija BM": "DOM U BRĐANIMA", "Adresa BM": "BRĐANI", "Glasovalo birača": 103, "Glasovalo birača (po listićima)": 103, "Važeći listići": 100, "Nevažeći listići": 3 }, "latitude": 45.2528551, "longitude": 17.4779747, "population": 191 }, "geometry": { "type": "MultiPolygon", "coordinates": [ [ [ [ 17.473068639697068, 45.240713660239656 ], [ 17.467182480710282, 45.268146744695109 ], [ 17.466790259062613, 45.271059416166381 ], [ 17.492528556751246, 45.275850699476528 ], [ 17.496293445641193, 45.25599234769745 ], [ 17.477870750293704, 45.236626456347182 ], [ 17.473068639697068, 45.240713660239656 ] ] ] ] } },
{ "type": "Feature", "properties": { "BM": 3468, "data": { "Oznaka Gr/Op/Dr": "općina", "Grad/općina/država": "STARO PETROVO SELO", "Rbr BM": 4, "Naziv BM": "GODINJAK", "Lokacija BM": "DRUŠTVENI DOM GODINJAK", "Adresa BM": "GODINJAK", "Glasovalo birača": 263, "Glasovalo birača (po listićima)": 263, "Važeći listići": 244, "Nevažeći listići": 19 }, "latitude": 45.2375399, "longitude": 17.494074, "population": 509 }, "geometry": { "type": "MultiPolygon", "coordinates": [ [ [ [ 17.496293445641193, 45.25599234769745 ], [ 17.506785396500877, 45.246360308503746 ], [ 17.506952883022809, 45.245672784234415 ], [ 17.50167548900815, 45.225040565512842 ], [ 17.478944708013383, 45.227044055502084 ], [ 17.477870750293704, 45.236626456347182 ], [ 17.496293445641193, 45.25599234769745 ] ] ] ] } },
{ "type": "Feature", "properties": { "BM": 3472, "data": { "Oznaka Gr/Op/Dr": "općina", "Grad/općina/država": "STARO PETROVO SELO", "Rbr BM": 8, "Naziv BM": "DONJI CRNOGOVCI", "Lokacija BM": "DRUŠTVENI DOM DONJI CRNOGOVCI", "Adresa BM": "DONJI CRNOGOVCI", "Glasovalo birača": 45, "Glasovalo birača (po listićima)": 45, "Važeći listići": 44, "Nevažeći listići": 1 }, "latitude": 45.2063986, "longitude": 17.482667, "population": 83 }, "geometry": { "type": "MultiPolygon", "coordinates": [ [ [ [ 17.476535223750322, 45.223388902307143 ], [ 17.508315903627675, 45.184672446656954 ], [ 17.499616370800119, 45.164534675183781 ], [ 17.479700752537671, 45.172411054939815 ], [ 17.474128069516048, 45.221570340942364 ], [ 17.476535223750322, 45.223388902307143 ] ] ] ] } },
{ "type": "Feature", "properties": { "BM": 3471, "data": { "Oznaka Gr/Op/Dr": "općina", "Grad/općina/država": "STARO PETROVO SELO", "Rbr BM": 7, "Naziv BM": "GORNJI CRNOGOVCI", "Lokacija BM": "DRUŠTVENI DOM \"STRAŽA\" GORNJI CRNOGOVCI", "Adresa BM": "GORNJI CRNOGOVCI", "Glasovalo birača": 41, "Glasovalo birača (po listićima)": 41, "Važeći listići": 41, "Nevažeći listići": 0 }, "latitude": 45.2140636, "longitude": 17.4920048, "population": 77 }, "geometry": { "type": "MultiPolygon", "coordinates": [ [ [ [ 17.478944708013383, 45.227044055502084 ], [ 17.50167548900815, 45.225040565512842 ], [ 17.509446489670424, 45.215549402555844 ], [ 17.517882060552459, 45.199007249602332 ], [ 17.508315903627675, 45.184672446656954 ], [ 17.476535223750322, 45.223388902307143 ], [ 17.478944708013383, 45.227044055502084 ] ] ] ] } },
{ "type": "Feature", "properties": { "BM": 3469, "data": { "Oznaka Gr/Op/Dr": "općina", "Grad/općina/država": "STARO PETROVO SELO", "Rbr BM": 5, "Naziv BM": "TISOVAC", "Lokacija BM": "OSNOVNA ŠKOLA \"IVAN GORAN KOVAČIĆ\", PODRUČNI ODJEL TISOVAC", "Adresa BM": "TISOVAC", "Glasovalo birača": 161, "Glasovalo birača (po listićima)": 161, "Važeći listići": 150, "Nevažeći listići": 11 }, "latitude": 45.2597778, "longitude": 17.5144893, "population": 272 }, "geometry": { "type": "MultiPolygon", "coordinates": [ [ [ [ 17.496293445641193, 45.25599234769745 ], [ 17.492528556751246, 45.275850699476528 ], [ 17.509198936319375, 45.298470018067398 ], [ 17.528752621202823, 45.298032381094131 ], [ 17.533718452728714, 45.296318528146998 ], [ 17.524913843029598, 45.255351916296796 ], [ 17.506785396500877, 45.246360308503746 ], [ 17.496293445641193, 45.25599234769745 ] ] ] ] } },
{ "type": "Feature", "properties": { "BM": 3475, "data": { "Oznaka Gr/Op/Dr": "općina", "Grad/općina/država": "STARO PETROVO SELO", "Rbr BM": 11, "Naziv BM": "ŠTIVICA", "Lokacija BM": "VATROGASNI DOM ŠTIVICA", "Adresa BM": "ŠTIVICA", "Glasovalo birača": 216, "Glasovalo birača (po listićima)": 216, "Važeći listići": 205, "Nevažeći listići": 11 }, "latitude": 45.1808893, "longitude": 17.5417162, "population": 379 }, "geometry": { "type": "MultiPolygon", "coordinates": [ [ [ [ 17.499616370800119, 45.164534675183781 ], [ 17.508315903627675, 45.184672446656954 ], [ 17.517882060552459, 45.199007249602332 ], [ 17.550373183258269, 45.213131273916851 ], [ 17.552461468380457, 45.210568209819897 ], [ 17.559826264281067, 45.132580416623512 ], [ 17.502470104172787, 45.157816909848009 ], [ 17.499616370800119, 45.164534675183781 ] ] ] ] } },
{ "type": "Feature", "properties": { "BM": 3474, "data": { "Oznaka Gr/Op/Dr": "općina", "Grad/općina/država": "STARO PETROVO SELO", "Rbr BM": 10, "Naziv BM": "STARO PETROVO SELO", "Lokacija BM": "DRUŠTVENI DOM STARO PETROVO SELO", "Adresa BM": "MATIJE GUPCA 31", "Glasovalo birača": 299, "Glasovalo birača (po listićima)": 299, "Važeći listići": 282, "Nevažeći listići": 17 }, "latitude": 45.2323549, "longitude": 17.514345, "population": 557 }, "geometry": { "type": "MultiPolygon", "coordinates": [ [ [ [ 17.50167548900815, 45.225040565512842 ], [ 17.506952883022809, 45.245672784234415 ], [ 17.52091274004745, 45.236631832860652 ], [ 17.509446489670424, 45.215549402555844 ], [ 17.50167548900815, 45.225040565512842 ] ] ] ] } },
{ "type": "Feature", "properties": { "BM": 3403, "data": { "Oznaka Gr/Op/Dr": "općina", "Grad/općina/država": "ORIOVAC", "Rbr BM": 8, "Naziv BM": "PRIČAC", "Lokacija BM": "DRUŠTVENI DOM PRIČAC", "Adresa BM": "PRIČAC BB", "Glasovalo birača": 41, "Glasovalo birača (po listićima)": 41, "Važeći listići": 38, "Nevažeći listići": 3 }, "latitude": 45.1396718, "longitude": 17.6769104, "population": 83 }, "geometry": { "type": "MultiPolygon", "coordinates": [ [ [ [ 17.7017081, 45.1149299 ], [ 17.6995839, 45.1150062 ], [ 17.6972989, 45.1152103 ], [ 17.6955677, 45.1155804 ], [ 17.6936981, 45.116226 ], [ 17.6920364, 45.117221 ], [ 17.690434, 45.1183221 ], [ 17.689314, 45.119215 ], [ 17.688093, 45.1203626 ], [ 17.6865748, 45.1223726 ], [ 17.6855645, 45.123946 ], [ 17.6843218, 45.1254158 ], [ 17.6833404, 45.1263598 ], [ 17.6819711, 45.1275847 ], [ 17.6796883, 45.1293402 ], [ 17.6774389, 45.1309045 ], [ 17.6754074, 45.1319555 ], [ 17.6735145, 45.1327285 ], [ 17.6710515, 45.1334202 ], [ 17.6696763, 45.1337077 ], [ 17.667937, 45.1339267 ], [ 17.6652772, 45.1341125 ], [ 17.6626874, 45.134001 ], [ 17.66015, 45.1337286 ], [ 17.6577979, 45.1332719 ], [ 17.6545329, 45.1324899 ], [ 17.650751, 45.1313847 ], [ 17.6477308, 45.130363 ], [ 17.6443136, 45.1289473 ], [ 17.6407438, 45.1273494 ], [ 17.640139189544239, 45.127021329723398 ], [ 17.644644568439215, 45.139986642422826 ], [ 17.705220471881926, 45.148799299595318 ], [ 17.714875615483308, 45.134331856462154 ], [ 17.703603292517986, 45.114918170795491 ], [ 17.7017081, 45.1149299 ] ] ] ] } },
{ "type": "Feature", "properties": { "BM": 3364, "data": { "Oznaka Gr/Op/Dr": "općina", "Grad/općina/država": "NOVA KAPELA", "Rbr BM": 3, "Naziv BM": "SIČE", "Lokacija BM": "DRUŠTVENI DOM", "Adresa BM": "SIČE, RADINJSKA 1", "Glasovalo birača": 118, "Glasovalo birača (po listićima)": 118, "Važeći listići": 110, "Nevažeći listići": 8 }, "latitude": 45.159748, "longitude": 17.6191363, "population": 211 }, "geometry": { "type": "MultiPolygon", "coordinates": [ [ [ [ 17.6372966, 45.1254789 ], [ 17.6334993, 45.1234968 ], [ 17.6297196, 45.1211058 ], [ 17.6279522, 45.1195696 ], [ 17.6270423, 45.1180952 ], [ 17.6267273, 45.1172032 ], [ 17.6264648, 45.1163111 ], [ 17.6261323, 45.1154934 ], [ 17.6253974, 45.114527 ], [ 17.6241725, 45.1138207 ], [ 17.6228936, 45.1134503 ], [ 17.6202352, 45.1133003 ], [ 17.6177334, 45.1134348 ], [ 17.6146356, 45.1134614 ], [ 17.6131307, 45.1134118 ], [ 17.6116083, 45.1129658 ], [ 17.6101034, 45.1119497 ], [ 17.6086685, 45.1105372 ], [ 17.6066036, 45.1088148 ], [ 17.6042588, 45.1073278 ], [ 17.6027802, 45.1068781 ], [ 17.601529, 45.1064975 ], [ 17.5985542, 45.106101 ], [ 17.5955094, 45.1060638 ], [ 17.5927096, 45.1068569 ], [ 17.5901897, 45.1080341 ], [ 17.5879324, 45.1098061 ], [ 17.58606, 45.1120612 ], [ 17.5838727, 45.1138455 ], [ 17.5821753, 45.114973 ], [ 17.5803554, 45.1158155 ], [ 17.5778881, 45.1164226 ], [ 17.5766632, 45.1163855 ], [ 17.5755607, 45.1162616 ], [ 17.5753455, 45.1162163 ], [ 17.57444011788424, 45.116025697652205 ], [ 17.571265819007056, 45.123348336727695 ], [ 17.578289321244167, 45.138347114373836 ], [ 17.623701073072791, 45.175967934558621 ], [ 17.645121489465406, 45.14260431448308 ], [ 17.644644568439215, 45.139986642422826 ], [ 17.640139189544239, 45.127021329723398 ], [ 17.6372966, 45.1254789 ] ] ] ] } },
{ "type": "Feature", "properties": { "BM": 3473, "data": { "Oznaka Gr/Op/Dr": "općina", "Grad/općina/država": "STARO PETROVO SELO", "Rbr BM": 9, "Naziv BM": "STARO PETROVO SELO", "Lokacija BM": "VATROGASNI DOM STARO PETROVO SELO", "Adresa BM": "FRANKOPANSKA 4", "Glasovalo birača": 367, "Glasovalo birača (po listićima)": 367, "Važeći listići": 347, "Nevažeći listići": 20 }, "latitude": 45.2287943, "longitude": 17.5208917, "population": 715 }, "geometry": { "type": "MultiPolygon", "coordinates": [ [ [ [ 17.509446489670424, 45.215549402555844 ], [ 17.52091274004745, 45.236631832860652 ], [ 17.540324766183396, 45.235089845097683 ], [ 17.553488045553042, 45.227412599658166 ], [ 17.550373183258269, 45.213131273916851 ], [ 17.517882060552459, 45.199007249602332 ], [ 17.509446489670424, 45.215549402555844 ] ] ] ] } },
{ "type": "Feature", "properties": { "BM": 3476, "data": { "Oznaka Gr/Op/Dr": "općina", "Grad/općina/država": "STARO PETROVO SELO", "Rbr BM": 12, "Naziv BM": "OŠTRI VRH", "Lokacija BM": "DRUŠTVENI DOM OŠTRI VRH", "Adresa BM": "OŠTRI VRH", "Glasovalo birača": 67, "Glasovalo birača (po listićima)": 67, "Važeći listići": 66, "Nevažeći listići": 1 }, "latitude": 45.2443744, "longitude": 17.5221293, "population": 118 }, "geometry": { "type": "MultiPolygon", "coordinates": [ [ [ [ 17.506785396500877, 45.246360308503746 ], [ 17.524913843029598, 45.255351916296796 ], [ 17.540324766183396, 45.235089845097683 ], [ 17.52091274004745, 45.236631832860652 ], [ 17.506952883022809, 45.245672784234415 ], [ 17.506785396500877, 45.246360308503746 ] ] ] ] } },
{ "type": "Feature", "properties": { "BM": 3477, "data": { "Oznaka Gr/Op/Dr": "općina", "Grad/općina/država": "STARO PETROVO SELO", "Rbr BM": 13, "Naziv BM": "VLADISOVO", "Lokacija BM": "PRIVATNA KUĆA MILANA VUKOVIĆA", "Adresa BM": "VLADISOVO 4", "Glasovalo birača": 7, "Glasovalo birača (po listićima)": 7, "Važeći listići": 7, "Nevažeći listići": 0 }, "latitude": 45.2551039, "longitude": 17.5362363, "population": 11 }, "geometry": { "type": "MultiPolygon", "coordinates": [ [ [ [ 17.540324766183396, 45.235089845097683 ], [ 17.524913843029598, 45.255351916296796 ], [ 17.533718452728714, 45.296318528146998 ], [ 17.540263001824332, 45.295927928992242 ], [ 17.566201725674844, 45.284563330318505 ], [ 17.559113446637106, 45.23408615850213 ], [ 17.553488045553042, 45.227412599658166 ], [ 17.540324766183396, 45.235089845097683 ] ] ] ] } },
{ "type": "Feature", "properties": { "BM": 3465, "data": { "Oznaka Gr/Op/Dr": "općina", "Grad/općina/država": "STARO PETROVO SELO", "Rbr BM": 1, "Naziv BM": "VRBOVA", "Lokacija BM": "DRUŠTVENI DOM VRBOVA", "Adresa BM": "VRBOVA", "Glasovalo birača": 338, "Glasovalo birača (po listićima)": 338, "Važeći listići": 326, "Nevažeći listići": 12 }, "latitude": 45.2150955, "longitude": 17.5836993, "population": 706 }, "geometry": { "type": "MultiPolygon", "coordinates": [ [ [ [ 17.550373183258269, 45.213131273916851 ], [ 17.553488045553042, 45.227412599658166 ], [ 17.559113446637106, 45.23408615850213 ], [ 17.599823257583914, 45.230131844040002 ], [ 17.595089605309656, 45.194673361398287 ], [ 17.590834583427426, 45.192239988725184 ], [ 17.552461468380457, 45.210568209819897 ], [ 17.550373183258269, 45.213131273916851 ] ] ] ] } },
{ "type": "Feature", "properties": { "BM": 3466, "data": { "Oznaka Gr/Op/Dr": "općina", "Grad/općina/država": "STARO PETROVO SELO", "Rbr BM": 2, "Naziv BM": "KOMARNICA", "Lokacija BM": "DRUŠTVENI DOM KOMARNICA", "Adresa BM": "KOMARNICA", "Glasovalo birača": 103, "Glasovalo birača (po listićima)": 103, "Važeći listići": 98, "Nevažeći listići": 5 }, "latitude": 45.1834255, "longitude": 17.5685727, "population": 180 }, "geometry": { "type": "MultiPolygon", "coordinates": [ [ [ [ 17.559826264281067, 45.132580416623512 ], [ 17.552461468380457, 45.210568209819897 ], [ 17.590834583427426, 45.192239988725184 ], [ 17.578289321244167, 45.138347114373836 ], [ 17.571265819007056, 45.123348336727695 ], [ 17.559826264281067, 45.132580416623512 ] ] ] ] } },
{ "type": "Feature", "properties": { "BM": 3467, "data": { "Oznaka Gr/Op/Dr": "općina", "Grad/općina/država": "STARO PETROVO SELO", "Rbr BM": 3, "Naziv BM": "BLAŽEVIĆ DOL", "Lokacija BM": "DRUŠTVENI DOM BLAŽEVIĆ DOL", "Adresa BM": "BLAŽEVIĆ DOL", "Glasovalo birača": 47, "Glasovalo birača (po listićima)": 47, "Važeći listići": 45, "Nevažeći listići": 2 }, "latitude": 45.2479902, "longitude": 17.5868945, "population": 111 }, "geometry": { "type": "MultiPolygon", "coordinates": [ [ [ [ 17.574775183312671, 45.286674655927065 ], [ 17.593858523689718, 45.285927025722579 ], [ 17.614567314509976, 45.250982800255841 ], [ 17.61411180942434, 45.239714221390713 ], [ 17.599823257583914, 45.230131844040002 ], [ 17.559113446637106, 45.23408615850213 ], [ 17.566201725674844, 45.284563330318505 ], [ 17.574775183312671, 45.286674655927065 ] ] ] ] } },
{ "type": "Feature", "properties": { "BM": 3362, "data": { "Oznaka Gr/Op/Dr": "općina", "Grad/općina/država": "NOVA KAPELA", "Rbr BM": 1, "Naziv BM": "MAGIĆ MALA", "Lokacija BM": "DRUŠTVENI DOM", "Adresa BM": "MAGIĆ MALA, BRANKA BERTOVIĆA 60", "Glasovalo birača": 158, "Glasovalo birača (po listićima)": 158, "Važeći listići": 152, "Nevažeći listići": 6 }, "latitude": 45.1745001, "longitude": 17.6069151, "population": 289 }, "geometry": { "type": "MultiPolygon", "coordinates": [ [ [ [ 17.590834583427426, 45.192239988725184 ], [ 17.595089605309656, 45.194673361398287 ], [ 17.621311906226616, 45.191458433370556 ], [ 17.6240594470421, 45.186545186613138 ], [ 17.623701073072791, 45.175967934558621 ], [ 17.578289321244167, 45.138347114373836 ], [ 17.590834583427426, 45.192239988725184 ] ] ] ] } },
{ "type": "Feature", "properties": { "BM": 3370, "data": { "Oznaka Gr/Op/Dr": "općina", "Grad/općina/država": "NOVA KAPELA", "Rbr BM": 9, "Naziv BM": "BILI BRIG", "Lokacija BM": "DRUŠTVENI DOM", "Adresa BM": "BILI BRIG 54", "Glasovalo birača": 122, "Glasovalo birača (po listićima)": 122, "Važeći listići": 115, "Nevažeći listići": 7 }, "latitude": 45.2113924, "longitude": 17.6114382, "population": 205 }, "geometry": { "type": "MultiPolygon", "coordinates": [ [ [ [ 17.599823257583914, 45.230131844040002 ], [ 17.61411180942434, 45.239714221390713 ], [ 17.63037818653795, 45.225295237935505 ], [ 17.631079961052698, 45.222285637243935 ], [ 17.628212139323185, 45.204744385636765 ], [ 17.621311906226616, 45.191458433370556 ], [ 17.595089605309656, 45.194673361398287 ], [ 17.599823257583914, 45.230131844040002 ] ] ] ] } },
{ "type": "Feature", "properties": { "BM": 3363, "data": { "Oznaka Gr/Op/Dr": "općina", "Grad/općina/država": "NOVA KAPELA", "Rbr BM": 2, "Naziv BM": "SEOCE", "Lokacija BM": "DRUŠTVENI DOM", "Adresa BM": "SEOCE 66", "Glasovalo birača": 111, "Glasovalo birača (po listićima)": 111, "Važeći listići": 105, "Nevažeći listići": 6 }, "latitude": 45.1733673, "longitude": 17.6403492, "population": 193 }, "geometry": { "type": "MultiPolygon", "coordinates": [ [ [ [ 17.6240594470421, 45.186545186613138 ], [ 17.646034591067156, 45.183528392546897 ], [ 17.650147516159265, 45.181760731808581 ], [ 17.660863647322483, 45.165760187515886 ], [ 17.645121489465406, 45.14260431448308 ], [ 17.623701073072791, 45.175967934558621 ], [ 17.6240594470421, 45.186545186613138 ] ] ] ] } },
{ "type": "Feature", "properties": { "BM": 3402, "data": { "Oznaka Gr/Op/Dr": "općina", "Grad/općina/država": "ORIOVAC", "Rbr BM": 7, "Naziv BM": "ŽIVIKE", "Lokacija BM": "DRUŠTVENI DOM", "Adresa BM": "ŽIVIKE B.B.", "Glasovalo birača": 99, "Glasovalo birača (po listićima)": 99, "Važeći listići": 97, "Nevažeći listići": 2 }, "latitude": 45.149482, "longitude": 17.6754832, "population": 178 }, "geometry": { "type": "MultiPolygon", "coordinates": [ [ [ [ 17.645121489465406, 45.14260431448308 ], [ 17.660863647322483, 45.165760187515886 ], [ 17.663138740000282, 45.166585918774111 ], [ 17.704035255141193, 45.151445732546684 ], [ 17.705220471881926, 45.148799299595318 ], [ 17.644644568439215, 45.139986642422826 ], [ 17.645121489465406, 45.14260431448308 ] ] ] ] } },
{ "type": "Feature", "properties": { "BM": 3366, "data": { "Oznaka Gr/Op/Dr": "općina", "Grad/općina/država": "NOVA KAPELA", "Rbr BM": 5, "Naziv BM": "SREDNJI LIPOVAC", "Lokacija BM": "DRUŠTVENI DOM", "Adresa BM": "SREDNJI LIPOVAC 55", "Glasovalo birača": 131, "Glasovalo birača (po listićima)": 131, "Važeći listići": 129, "Nevažeći listići": 2 }, "latitude": 45.2457664, "longitude": 17.6419083, "population": 184 }, "geometry": { "type": "MultiPolygon", "coordinates": [ [ [ [ 17.614567314509976, 45.250982800255841 ], [ 17.647142714720818, 45.264253442468387 ], [ 17.65853375873585, 45.23859860480794 ], [ 17.63037818653795, 45.225295237935505 ], [ 17.61411180942434, 45.239714221390713 ], [ 17.614567314509976, 45.250982800255841 ] ] ] ] } },
{ "type": "Feature", "properties": { "BM": 3372, "data": { "Oznaka Gr/Op/Dr": "općina", "Grad/općina/država": "NOVA KAPELA", "Rbr BM": 11, "Naziv BM": "NOVA KAPELA", "Lokacija BM": "HRVATSKI DOM", "Adresa BM": "NOVA KAPELA, TRG KRALJA TOMISLAVA 9", "Glasovalo birača": 211, "Glasovalo birača (po listićima)": 211, "Važeći listići": 203, "Nevažeći listići": 8 }, "latitude": 45.1948457, "longitude": 17.6432978, "population": 361 }, "geometry": { "type": "MultiPolygon", "coordinates": [ [ [ [ 17.646034591067156, 45.183528392546897 ], [ 17.6240594470421, 45.186545186613138 ], [ 17.621311906226616, 45.191458433370556 ], [ 17.628212139323185, 45.204744385636765 ], [ 17.646558670946643, 45.199790352393705 ], [ 17.646034591067156, 45.183528392546897 ] ] ] ] } },
{ "type": "Feature", "properties": { "BM": 3375, "data": { "Oznaka Gr/Op/Dr": "općina", "Grad/općina/država": "NOVA KAPELA", "Rbr BM": 14, "Naziv BM": "BATRINA", "Lokacija BM": "OŠ \"ANTUN MIHANOVIĆ\" BATRINA", "Adresa BM": "BATRINA, STJEPANA RADIĆA 156", "Glasovalo birača": 197, "Glasovalo birača (po listićima)": 195, "Važeći listići": 183, "Nevažeći listići": 12 }, "latitude": 45.194646, "longitude": 17.6494944, "population": 340 }, "geometry": { "type": "MultiPolygon", "coordinates": [ [ [ [ 17.646558670946643, 45.199790352393705 ], [ 17.663452034759104, 45.204777410636446 ], [ 17.650147516159265, 45.181760731808581 ], [ 17.646034591067156, 45.183528392546897 ], [ 17.646558670946643, 45.199790352393705 ] ] ] ] } },
{ "type": "Feature", "properties": { "BM": 3371, "data": { "Oznaka Gr/Op/Dr": "općina", "Grad/općina/država": "NOVA KAPELA", "Rbr BM": 10, "Naziv BM": "NOVA KAPELA", "Lokacija BM": "VATROGASNI DOM", "Adresa BM": "NOVA KAPELA, VLADIMIRA NAZORA BB", "Glasovalo birača": 215, "Glasovalo birača (po listićima)": 215, "Važeći listići": 205, "Nevažeći listići": 10 }, "latitude": 45.2057043, "longitude": 17.6462299, "population": 309 }, "geometry": { "type": "MultiPolygon", "coordinates": [ [ [ [ 17.631079961052698, 45.222285637243935 ], [ 17.665187113337804, 45.206256312134087 ], [ 17.663452034759104, 45.204777410636446 ], [ 17.646558670946643, 45.199790352393705 ], [ 17.628212139323185, 45.204744385636765 ], [ 17.631079961052698, 45.222285637243935 ] ] ] ] } },
{ "type": "Feature", "properties": { "BM": 3365, "data": { "Oznaka Gr/Op/Dr": "općina", "Grad/općina/država": "NOVA KAPELA", "Rbr BM": 4, "Naziv BM": "DONJI LIPOVAC", "Lokacija BM": "DRUŠTVENI DOM", "Adresa BM": "DONJI LIPOVAC 46", "Glasovalo birača": 94, "Glasovalo birača (po listićima)": 94, "Važeći listići": 88, "Nevažeći listići": 6 }, "latitude": 45.2212036, "longitude": 17.6535141, "population": 154 }, "geometry": { "type": "MultiPolygon", "coordinates": [ [ [ [ 17.63037818653795, 45.225295237935505 ], [ 17.65853375873585, 45.23859860480794 ], [ 17.667789050484561, 45.235690147231495 ], [ 17.667964428110292, 45.235492405277228 ], [ 17.677845655870382, 45.213307317591934 ], [ 17.677542388012728, 45.209245992985778 ], [ 17.665187113337804, 45.206256312134087 ], [ 17.631079961052698, 45.222285637243935 ], [ 17.63037818653795, 45.225295237935505 ] ] ] ] } },
{ "type": "Feature", "properties": { "BM": 3367, "data": { "Oznaka Gr/Op/Dr": "općina", "Grad/općina/država": "NOVA KAPELA", "Rbr BM": 6, "Naziv BM": "GORNJI LIPOVAC", "Lokacija BM": "DRUŠTVENI DOM", "Adresa BM": "GORNJI LIPOVAC BB", "Glasovalo birača": 29, "Glasovalo birača (po listićima)": 29, "Važeći listići": 28, "Nevažeći listići": 1 }, "latitude": 45.2557381, "longitude": 17.6643665, "population": 57 }, "geometry": { "type": "MultiPolygon", "coordinates": [ [ [ [ 17.649102923219072, 45.267927025702228 ], [ 17.675763119525161, 45.279766213607282 ], [ 17.684125180446209, 45.277596908514901 ], [ 17.667789050484561, 45.235690147231495 ], [ 17.65853375873585, 45.23859860480794 ], [ 17.647142714720818, 45.264253442468387 ], [ 17.649102923219072, 45.267927025702228 ] ] ] ] } },
{ "type": "Feature", "properties": { "BM": 3374, "data": { "Oznaka Gr/Op/Dr": "općina", "Grad/općina/država": "NOVA KAPELA", "Rbr BM": 13, "Naziv BM": "BATRINA", "Lokacija BM": "DRUŠTVENI DOM", "Adresa BM": "BATRINA, A. STARČEVIĆA 2", "Glasovalo birača": 232, "Glasovalo birača (po listićima)": 232, "Važeći listići": 221, "Nevažeći listići": 11 }, "latitude": 45.1876259, "longitude": 17.6616391, "population": 405 }, "geometry": { "type": "MultiPolygon", "coordinates": [ [ [ [ 17.665187113337804, 45.206256312134087 ], [ 17.677542388012728, 45.209245992985778 ], [ 17.683774419331602, 45.200601686929666 ], [ 17.684267088643885, 45.195468871175798 ], [ 17.663138740000282, 45.166585918774111 ], [ 17.660863647322483, 45.165760187515886 ], [ 17.650147516159265, 45.181760731808581 ], [ 17.663452034759104, 45.204777410636446 ], [ 17.665187113337804, 45.206256312134087 ] ] ] ] } },
{ "type": "Feature", "properties": { "BM": 3368, "data": { "Oznaka Gr/Op/Dr": "općina", "Grad/općina/država": "NOVA KAPELA", "Rbr BM": 7, "Naziv BM": "STARA KAPELA", "Lokacija BM": "DRUŠTVENI DOM", "Adresa BM": "STARA KAPELA 13", "Glasovalo birača": 8, "Glasovalo birača (po listićima)": 8, "Važeći listići": 7, "Nevažeći listići": 1 }, "latitude": 45.2366758, "longitude": 17.6882519, "population": 11 }, "geometry": { "type": "MultiPolygon", "coordinates": [ [ [ [ 17.667964428110292, 45.235492405277228 ], [ 17.706205329734985, 45.250095224633412 ], [ 17.706856168987027, 45.242687109277696 ], [ 17.704916128152117, 45.234242904242613 ], [ 17.677845655870382, 45.213307317591934 ], [ 17.667964428110292, 45.235492405277228 ] ] ] ] } },
{ "type": "Feature", "properties": { "BM": 3399, "data": { "Oznaka Gr/Op/Dr": "općina", "Grad/općina/država": "ORIOVAC", "Rbr BM": 4, "Naziv BM": "LUŽANI", "Lokacija BM": "DRUŠTVENI DOM LUŽANI", "Adresa BM": "LUŽANI, VLADIMIRA NAZORA BB", "Glasovalo birača": 381, "Glasovalo birača (po listićima)": 381, "Važeći listići": 369, "Nevažeći listići": 12 }, "latitude": 45.1715283, "longitude": 17.6836449, "population": 779 }, "geometry": { "type": "MultiPolygon", "coordinates": [ [ [ [ 17.684267088643885, 45.195468871175798 ], [ 17.687328640866411, 45.191843453903147 ], [ 17.704052892629139, 45.159599559184883 ], [ 17.704035255141193, 45.151445732546684 ], [ 17.663138740000282, 45.166585918774111 ], [ 17.684267088643885, 45.195468871175798 ] ] ] ] } },
{ "type": "Feature", "properties": { "BM": 3406, "data": { "Oznaka Gr/Op/Dr": "općina", "Grad/općina/država": "ORIOVAC", "Rbr BM": 11, "Naziv BM": "MALINO", "Lokacija BM": "DRUŠTVENI DOM MALINO", "Adresa BM": "MALINO, MATIJE GUPCA BB", "Glasovalo birača": 217, "Glasovalo birača (po listićima)": 217, "Važeći listići": 207, "Nevažeći listići": 10 }, "latitude": 45.1714399, "longitude": 17.7245123, "population": 385 }, "geometry": { "type": "MultiPolygon", "coordinates": [ [ [ [ 17.714875615483308, 45.134331856462154 ], [ 17.705220471881926, 45.148799299595318 ], [ 17.704035255141193, 45.151445732546684 ], [ 17.704052892629139, 45.159599559184883 ], [ 17.720054174385947, 45.184811369483313 ], [ 17.732719635362681, 45.194963245876139 ], [ 17.726114682197146, 45.136635477795963 ], [ 17.714875615483308, 45.134331856462154 ] ] ] ] } },
{ "type": "Feature", "properties": { "BM": 3369, "data": { "Oznaka Gr/Op/Dr": "općina", "Grad/općina/država": "NOVA KAPELA", "Rbr BM": 8, "Naziv BM": "PAVLOVCI", "Lokacija BM": "OSNOVNA ŠKOLA PAVLOVCI", "Adresa BM": "PAVLOVCI 33", "Glasovalo birača": 10, "Glasovalo birača (po listićima)": 10, "Važeći listići": 10, "Nevažeći listići": 0 }, "latitude": 45.2481325, "longitude": 17.683877, "population": 20 }, "geometry": { "type": "MultiPolygon", "coordinates": [ [ [ [ 17.667789050484561, 45.235690147231495 ], [ 17.684125180446209, 45.277596908514901 ], [ 17.706750608893465, 45.280083217196243 ], [ 17.709392760290349, 45.279753853704165 ], [ 17.710270447411865, 45.271293386394802 ], [ 17.706205329734985, 45.250095224633412 ], [ 17.667964428110292, 45.235492405277228 ], [ 17.667789050484561, 45.235690147231495 ] ] ] ] } },
{ "type": "Feature", "properties": { "BM": 3373, "data": { "Oznaka Gr/Op/Dr": "općina", "Grad/općina/država": "NOVA KAPELA", "Rbr BM": 12, "Naziv BM": "DRAGOVCI", "Lokacija BM": "DRUŠTVENI DOM", "Adresa BM": "DRAGOVCI 144", "Glasovalo birača": 162, "Glasovalo birača (po listićima)": 162, "Važeći listići": 153, "Nevažeći listići": 9 }, "latitude": 45.2175024, "longitude": 17.7030801, "population": 283 }, "geometry": { "type": "MultiPolygon", "coordinates": [ [ [ [ 17.677845655870382, 45.213307317591934 ], [ 17.704916128152117, 45.234242904242613 ], [ 17.722036395339508, 45.207965008163598 ], [ 17.683774419331602, 45.200601686929666 ], [ 17.677542388012728, 45.209245992985778 ], [ 17.677845655870382, 45.213307317591934 ] ] ] ] } },
{ "type": "Feature", "properties": { "BM": 3400, "data": { "Oznaka Gr/Op/Dr": "općina", "Grad/općina/država": "ORIOVAC", "Rbr BM": 5, "Naziv BM": "CIGLENIK", "Lokacija BM": "DRUŠTVENI DOM", "Adresa BM": "CIGLENIK B.B.", "Glasovalo birača": 69, "Glasovalo birača (po listićima)": 69, "Važeći listići": 66, "Nevažeći listići": 3 }, "latitude": 45.183153, "longitude": 17.706057, "population": 125 }, "geometry": { "type": "MultiPolygon", "coordinates": [ [ [ [ 17.687328640866411, 45.191843453903147 ], [ 17.720054174385947, 45.184811369483313 ], [ 17.704052892629139, 45.159599559184883 ], [ 17.687328640866411, 45.191843453903147 ] ] ] ] } },
{ "type": "Feature", "properties": { "BM": 3401, "data": { "Oznaka Gr/Op/Dr": "općina", "Grad/općina/država": "ORIOVAC", "Rbr BM": 6, "Naziv BM": "BEČIC", "Lokacija BM": "PRIVATNA KUĆA", "Adresa BM": "BEČIC 49", "Glasovalo birača": 44, "Glasovalo birača (po listićima)": 44, "Važeći listići": 40, "Nevažeći listići": 4 }, "latitude": 45.1920733, "longitude": 17.7079738, "population": 78 }, "geometry": { "type": "MultiPolygon", "coordinates": [ [ [ [ 17.684267088643885, 45.195468871175798 ], [ 17.683774419331602, 45.200601686929666 ], [ 17.722036395339508, 45.207965008163598 ], [ 17.729661479449291, 45.205292621309283 ], [ 17.734981498830962, 45.197805471267479 ], [ 17.732719635362681, 45.194963245876139 ], [ 17.720054174385947, 45.184811369483313 ], [ 17.687328640866411, 45.191843453903147 ], [ 17.684267088643885, 45.195468871175798 ] ] ] ] } },
{ "type": "Feature", "properties": { "BM": 3405, "data": { "Oznaka Gr/Op/Dr": "općina", "Grad/općina/država": "ORIOVAC", "Rbr BM": 10, "Naziv BM": "KUJNIK", "Lokacija BM": "DRUŠTVENI DOM KUJNIK", "Adresa BM": "KUJNIK BB", "Glasovalo birača": 135, "Glasovalo birača (po listićima)": 135, "Važeći listići": 129, "Nevažeći listići": 6 }, "latitude": 45.1702003, "longitude": 17.7354591, "population": 240 }, "geometry": { "type": "MultiPolygon", "coordinates": [ [ [ [ 17.734981498830962, 45.197805471267479 ], [ 17.748827666724655, 45.194069497648478 ], [ 17.741545391096643, 45.151261225497159 ], [ 17.737962123651535, 45.137149981630266 ], [ 17.726114682197146, 45.136635477795963 ], [ 17.732719635362681, 45.194963245876139 ], [ 17.734981498830962, 45.197805471267479 ] ] ] ] } },
{ "type": "Feature", "properties": { "BM": 3143, "data": { "Oznaka Gr/Op/Dr": "općina", "Grad/općina/država": "BEBRINA", "Rbr BM": 4, "Naziv BM": "BANOVCI", "Lokacija BM": "DRUŠTVENI DOM BANOVCI", "Adresa BM": "BANOVCI 20", "Glasovalo birača": 135, "Glasovalo birača (po listićima)": 135, "Važeći listići": 128, "Nevažeći listići": 7 }, "latitude": 45.0788592, "longitude": 17.8323924, "population": 268 }, "geometry": { "type": "MultiPolygon", "coordinates": [ [ [ [ 17.8316265, 45.0491658 ], [ 17.8281412, 45.0508073 ], [ 17.8265765, 45.0516775 ], [ 17.8244672, 45.0528899 ], [ 17.8222163, 45.054121 ], [ 17.819902, 45.0555524 ], [ 17.8174967, 45.0569318 ], [ 17.8148537, 45.0586552 ], [ 17.8114223, 45.0605126 ], [ 17.8091982, 45.0617432 ], [ 17.8071093, 45.0630127 ], [ 17.8052265, 45.0642716 ], [ 17.8034691, 45.0656485 ], [ 17.8017049, 45.0670922 ], [ 17.7999764, 45.0686379 ], [ 17.7988514, 45.0696255 ], [ 17.7972886, 45.0708147 ], [ 17.7962139, 45.0716523 ], [ 17.7954696, 45.0722613 ], [ 17.7949704, 45.0727048 ], [ 17.7945711, 45.0729996 ], [ 17.7934163, 45.0740355 ], [ 17.7927556, 45.0747277 ], [ 17.7916737, 45.0760711 ], [ 17.7909113, 45.0771325 ], [ 17.7902794, 45.0779379 ], [ 17.7900804, 45.0782216 ], [ 17.7897274, 45.0786757 ], [ 17.7896055, 45.0788742 ], [ 17.7893322, 45.079191 ], [ 17.7884565, 45.080059 ], [ 17.7876886, 45.0806901 ], [ 17.786908, 45.0812752 ], [ 17.7860976, 45.0817842 ], [ 17.7854862, 45.0822361 ], [ 17.7849876, 45.0825332 ], [ 17.7839238, 45.0831023 ], [ 17.7832829271881, 45.083363271135354 ], [ 17.792638896032635, 45.087167199990795 ], [ 17.855323879089458, 45.088980421167363 ], [ 17.851462161712792, 45.066874629506223 ], [ 17.831929035066601, 45.04904116925254 ], [ 17.8316265, 45.0491658 ] ] ] ] } },
{ "type": "Feature", "properties": { "BM": 3142, "data": { "Oznaka Gr/Op/Dr": "općina", "Grad/općina/država": "BEBRINA", "Rbr BM": 3, "Naziv BM": "STUPNIČKI KUTI", "Lokacija BM": "DRUŠTVENI DOM STUPNIČKI KUTI", "Adresa BM": "STUPNIČKI KUTI 96", "Glasovalo birača": 167, "Glasovalo birača (po listićima)": 167, "Važeći listići": 163, "Nevažeći listići": 4 }, "latitude": 45.1208583, "longitude": 17.8153165, "population": 289 }, "geometry": { "type": "MultiPolygon", "coordinates": [ [ [ [ 17.783179008516342, 45.083405588071336 ], [ 17.775305389642281, 45.119375324770118 ], [ 17.794720944346924, 45.14029024097249 ], [ 17.797693482838795, 45.141278620886766 ], [ 17.835038145087076, 45.146376184324147 ], [ 17.853792837357389, 45.135530738696303 ], [ 17.853066355824776, 45.130407740461919 ], [ 17.792638896032635, 45.087167199990795 ], [ 17.7832829271881, 45.083363271135354 ], [ 17.783179008516342, 45.083405588071336 ] ] ] ] } },
{ "type": "Feature", "properties": { "BM": 3177, "data": { "Oznaka Gr/Op/Dr": "općina", "Grad/općina/država": "BRODSKI STUPNIK", "Rbr BM": 1, "Naziv BM": "BRODSKI STUPNIK", "Lokacija BM": "DRUŠTVENI DOM BRODSKI STUPNIK", "Adresa BM": "BRODSKI STUPNIK, ULICA STJEPANA RADIĆA 117", "Glasovalo birača": 365, "Glasovalo birača (po listićima)": 365, "Važeći listići": 344, "Nevažeći listići": 21 }, "latitude": 45.1681859, "longitude": 17.7995799, "population": 582 }, "geometry": { "type": "MultiPolygon", "coordinates": [ [ [ [ 17.794720944346924, 45.14029024097249 ], [ 17.778870312143262, 45.186702127001311 ], [ 17.809355272002314, 45.1859542018111 ], [ 17.797693482838795, 45.141278620886766 ], [ 17.794720944346924, 45.14029024097249 ] ] ] ] } },
{ "type": "Feature", "properties": { "BM": 3396, "data": { "Oznaka Gr/Op/Dr": "općina", "Grad/općina/država": "ORIOVAC", "Rbr BM": 1, "Naziv BM": "RADOVANJE", "Lokacija BM": "DRUŠTVENI DOM RADOVANJE", "Adresa BM": "RADOVANJE  BB", "Glasovalo birača": 125, "Glasovalo birača (po listićima)": 125, "Važeći listići": 122, "Nevažeći listići": 3 }, "latitude": 45.1593861, "longitude": 17.7738134, "population": 224 }, "geometry": { "type": "MultiPolygon", "coordinates": [ [ [ [ 17.775305389642281, 45.119375324770118 ], [ 17.755424934422596, 45.132112148964445 ], [ 17.772256207814578, 45.185708785618893 ], [ 17.77378961538151, 45.189724793594053 ], [ 17.778870312143262, 45.186702127001311 ], [ 17.794720944346924, 45.14029024097249 ], [ 17.775305389642281, 45.119375324770118 ] ] ] ] } },
{ "type": "Feature", "properties": { "BM": 3404, "data": { "Oznaka Gr/Op/Dr": "općina", "Grad/općina/država": "ORIOVAC", "Rbr BM": 9, "Naziv BM": "ORIOVAC", "Lokacija BM": "DRUŠTVENI DOM ORIOVAC", "Adresa BM": "ORIOVAC, TRG HRVATSKOG PREPORODA 1", "Glasovalo birača": 298, "Glasovalo birača (po listićima)": 298, "Važeći listići": 287, "Nevažeći listići": 11 }, "latitude": 45.1671225, "longitude": 17.7535517, "population": 523 }, "geometry": { "type": "MultiPolygon", "coordinates": [ [ [ [ 17.748827666724655, 45.194069497648478 ], [ 17.76909787462224, 45.19566401476844 ], [ 17.77378961538151, 45.189724793594053 ], [ 17.772256207814578, 45.185708785618893 ], [ 17.741545391096643, 45.151261225497159 ], [ 17.748827666724655, 45.194069497648478 ] ] ] ] } },
{ "type": "Feature", "properties": { "BM": 3397, "data": { "Oznaka Gr/Op/Dr": "općina", "Grad/općina/država": "ORIOVAC", "Rbr BM": 2, "Naziv BM": "ORIOVAC", "Lokacija BM": "PROSTORIJE KUD-A L. I. ORIOVČANIN ORIOVAC", "Adresa BM": "ORIOVAC, FRANKOPANSKA 20", "Glasovalo birača": 503, "Glasovalo birača (po listićima)": 502, "Važeći listići": 482, "Nevažeći listići": 20 }, "latitude": 45.1650021, "longitude": 17.7559301, "population": 912 }, "geometry": { "type": "MultiPolygon", "coordinates": [ [ [ [ 17.741545391096643, 45.151261225497159 ], [ 17.772256207814578, 45.185708785618893 ], [ 17.755424934422596, 45.132112148964445 ], [ 17.737962123651535, 45.137149981630266 ], [ 17.741545391096643, 45.151261225497159 ] ] ] ] } },
{ "type": "Feature", "properties": { "BM": 3180, "data": { "Oznaka Gr/Op/Dr": "općina", "Grad/općina/država": "BRODSKI STUPNIK", "Rbr BM": 4, "Naziv BM": "LOVČIĆ", "Lokacija BM": "DRUŠTVENI DOM LOVČIĆ", "Adresa BM": "LOVČIĆ", "Glasovalo birača": 18, "Glasovalo birača (po listićima)": 18, "Važeći listići": 15, "Nevažeći listići": 3 }, "latitude": 45.2041805, "longitude": 17.800463, "population": 30 }, "geometry": { "type": "MultiPolygon", "coordinates": [ [ [ [ 17.771885149248881, 45.203937451239653 ], [ 17.798637744586141, 45.223850752577697 ], [ 17.822134131364372, 45.220544872202687 ], [ 17.824196535293613, 45.190701428391606 ], [ 17.823243126807871, 45.189105032201077 ], [ 17.809355272002314, 45.1859542018111 ], [ 17.778870312143262, 45.186702127001311 ], [ 17.77378961538151, 45.189724793594053 ], [ 17.76909787462224, 45.19566401476844 ], [ 17.771885149248881, 45.203937451239653 ] ] ] ] } },
{ "type": "Feature", "properties": { "BM": 3178, "data": { "Oznaka Gr/Op/Dr": "općina", "Grad/općina/država": "BRODSKI STUPNIK", "Rbr BM": 2, "Naziv BM": "BRODSKI STUPNIK", "Lokacija BM": "ŠPORTSKI DOM BRODSKI  STUPNIK", "Adresa BM": "BRODSKI STUPNIK, OMLADINSKA ULICA 2", "Glasovalo birača": 363, "Glasovalo birača (po listićima)": 363, "Važeći listići": 346, "Nevažeći listići": 17 }, "latitude": 45.165675, "longitude": 17.809199, "population": 644 }, "geometry": { "type": "MultiPolygon", "coordinates": [ [ [ [ 17.823243126807871, 45.189105032201077 ], [ 17.835038145087076, 45.146376184324147 ], [ 17.797693482838795, 45.141278620886766 ], [ 17.809355272002314, 45.1859542018111 ], [ 17.823243126807871, 45.189105032201077 ] ] ] ] } },
{ "type": "Feature", "properties": { "BM": 3181, "data": { "Oznaka Gr/Op/Dr": "općina", "Grad/općina/država": "BRODSKI STUPNIK", "Rbr BM": 5, "Naziv BM": "KRAJAČIĆI", "Lokacija BM": "DRUŠTVENI DOM KRAJAČIĆI", "Adresa BM": "KRAJAČIĆI", "Glasovalo birača": 45, "Glasovalo birača (po listićima)": 45, "Važeći listići": 43, "Nevažeći listići": 2 }, "latitude": 45.2073171, "longitude": 17.8458503, "population": 76 }, "geometry": { "type": "MultiPolygon", "coordinates": [ [ [ [ 17.82272083740115, 45.221217122393185 ], [ 17.863306503547498, 45.209827241317811 ], [ 17.869135514422613, 45.201198061150244 ], [ 17.863399897897818, 45.192550384525177 ], [ 17.824196535293613, 45.190701428391606 ], [ 17.822134131364372, 45.220544872202687 ], [ 17.82272083740115, 45.221217122393185 ] ] ] ] } },
{ "type": "Feature", "properties": { "BM": 3141, "data": { "Oznaka Gr/Op/Dr": "općina", "Grad/općina/država": "BEBRINA", "Rbr BM": 2, "Naziv BM": "BEBRINA", "Lokacija BM": "DRUŠTVENI DOM BEBRINA", "Adresa BM": "BEBRINA 83", "Glasovalo birača": 151, "Glasovalo birača (po listićima)": 151, "Važeći listići": 147, "Nevažeći listići": 4 }, "latitude": 45.0977592, "longitude": 17.8318457, "population": 320 }, "geometry": { "type": "MultiPolygon", "coordinates": [ [ [ [ 17.853066355824776, 45.130407740461919 ], [ 17.860803500872542, 45.097726734085839 ], [ 17.855323879089458, 45.088980421167363 ], [ 17.792638896032635, 45.087167199990795 ], [ 17.853066355824776, 45.130407740461919 ] ] ] ] } },
{ "type": "Feature", "properties": { "BM": 3179, "data": { "Oznaka Gr/Op/Dr": "općina", "Grad/općina/država": "BRODSKI STUPNIK", "Rbr BM": 3, "Naziv BM": "STARI SLATINIK", "Lokacija BM": "DRUŠTVENI DOM STARI SLATINIK", "Adresa BM": "STARI SLATINIK, ULICA HRVATSKIH BRANITELJA 183", "Glasovalo birača": 528, "Glasovalo birača (po listićima)": 528, "Važeći listići": 519, "Nevažeći listići": 9 }, "latitude": 45.1761975, "longitude": 17.847318, "population": 907 }, "geometry": { "type": "MultiPolygon", "coordinates": [ [ [ [ 17.823243126807871, 45.189105032201077 ], [ 17.824196535293613, 45.190701428391606 ], [ 17.863399897897818, 45.192550384525177 ], [ 17.870981293123819, 45.145864829631449 ], [ 17.853792837357389, 45.135530738696303 ], [ 17.835038145087076, 45.146376184324147 ], [ 17.823243126807871, 45.189105032201077 ] ] ] ] } },
{ "type": "Feature", "properties": { "BM": 3440, "data": { "Oznaka Gr/Op/Dr": "općina", "Grad/općina/država": "SIBINJ", "Rbr BM": 12, "Naziv BM": "GRIŽIĆI", "Lokacija BM": "DRUŠTVENI DOM GRIŽIĆI", "Adresa BM": "GRIŽIĆI BR. 16", "Glasovalo birača": 39, "Glasovalo birača (po listićima)": 39, "Važeći listići": 39, "Nevažeći listići": 0 }, "latitude": 45.2210533, "longitude": 17.8497052, "population": 83 }, "geometry": { "type": "MultiPolygon", "coordinates": [ [ [ [ 17.854259639348843, 45.247803464453845 ], [ 17.856879555346083, 45.245618237887285 ], [ 17.863306503547498, 45.209827241317811 ], [ 17.82272083740115, 45.221217122393185 ], [ 17.828732600223237, 45.233661633636011 ], [ 17.854259639348843, 45.247803464453845 ] ] ] ] } },
{ "type": "Feature", "properties": { "BM": 3140, "data": { "Oznaka Gr/Op/Dr": "općina", "Grad/općina/država": "BEBRINA", "Rbr BM": 1, "Naziv BM": "KANIŽA", "Lokacija BM": "DRUŠTVENI DOM KANIŽA", "Adresa BM": "KANIŽA 117", "Glasovalo birača": 285, "Glasovalo birača (po listićima)": 285, "Važeći listići": 276, "Nevažeći listići": 9 }, "latitude": 45.1107394, "longitude": 17.8866729, "population": 603 }, "geometry": { "type": "MultiPolygon", "coordinates": [ [ [ [ 17.853792837357389, 45.135530738696303 ], [ 17.870981293123819, 45.145864829631449 ], [ 17.895021587518723, 45.146822165924775 ], [ 17.936428092173898, 45.112621531296377 ], [ 17.888264307870482, 45.088440428730287 ], [ 17.860803500872542, 45.097726734085839 ], [ 17.853066355824776, 45.130407740461919 ], [ 17.853792837357389, 45.135530738696303 ] ] ] ] } },
{ "type": "Feature", "properties": { "BM": 3145, "data": { "Oznaka Gr/Op/Dr": "općina", "Grad/općina/država": "BEBRINA", "Rbr BM": 6, "Naziv BM": "ŠUMEĆE", "Lokacija BM": "DRUŠTVENI DOM ŠUMEĆE", "Adresa BM": "ŠUMEĆE BB", "Glasovalo birača": 243, "Glasovalo birača (po listićima)": 243, "Važeći listići": 230, "Nevažeći listići": 13 }, "latitude": 45.071684, "longitude": 17.8734657, "population": 424 }, "geometry": { "type": "MultiPolygon", "coordinates": [ [ [ [ 17.8874513, 45.0540638 ], [ 17.882642148922645, 45.052092060314138 ], [ 17.851462161712792, 45.066874629506223 ], [ 17.855323879089458, 45.088980421167363 ], [ 17.860803500872542, 45.097726734085839 ], [ 17.888264307870482, 45.088440428730287 ], [ 17.890520599822718, 45.055288629524107 ], [ 17.8874513, 45.0540638 ] ] ] ] } },
{ "type": "Feature", "properties": { "BM": 3330, "data": { "Oznaka Gr/Op/Dr": "općina", "Grad/općina/država": "KLAKAR", "Rbr BM": 5, "Naziv BM": "KLAKAR", "Lokacija BM": "MJESNI DOM U KLAKARU", "Adresa BM": "KLAKAR 26/A", "Glasovalo birača": 146, "Glasovalo birača (po listićima)": 146, "Važeći listići": 146, "Nevažeći listići": 0 }, "latitude": 45.0981455, "longitude": 18.1332624, "population": 216 }, "geometry": { "type": "MultiPolygon", "coordinates": [ [ [ [ 18.1573588, 45.0819703 ], [ 18.1539234, 45.0835873 ], [ 18.1513351, 45.0845875 ], [ 18.1488103, 45.0853682 ], [ 18.1463937, 45.0857544 ], [ 18.1437819, 45.085871 ], [ 18.1412406, 45.0857377 ], [ 18.1385757, 45.0853193 ], [ 18.1356169, 45.0845542 ], [ 18.1323933, 45.0835373 ], [ 18.1268885, 45.0815595 ], [ 18.1246989, 45.0806867 ], [ 18.1237342, 45.0803866 ], [ 18.1225106, 45.0802199 ], [ 18.1213812, 45.0801866 ], [ 18.1202517, 45.0803199 ], [ 18.1181576, 45.0805867 ], [ 18.1161616, 45.0810506 ], [ 18.1137809, 45.0817202 ], [ 18.1112868, 45.0826205 ], [ 18.1083455, 45.0842041 ], [ 18.108002273850872, 45.08447993726427 ], [ 18.136552529578324, 45.129480438943077 ], [ 18.159179514689058, 45.099066530687715 ], [ 18.158739048644151, 45.081324274558931 ], [ 18.1573588, 45.0819703 ] ] ] ] } },
{ "type": "Feature", "properties": { "BM": 3436, "data": { "Oznaka Gr/Op/Dr": "općina", "Grad/općina/država": "SIBINJ", "Rbr BM": 8, "Naziv BM": "JAKAČINA", "Lokacija BM": "DRUŠTVENI DOM JAKAČINA", "Adresa BM": "JAKAČINA MALA 37", "Glasovalo birača": 51, "Glasovalo birača (po listićima)": 51, "Važeći listići": 49, "Nevažeći listići": 2 }, "latitude": 45.2250841, "longitude": 17.8721523, "population": 102 }, "geometry": { "type": "MultiPolygon", "coordinates": [ [ [ [ 17.863306503547498, 45.209827241317811 ], [ 17.856879555346083, 45.245618237887285 ], [ 17.865104716385609, 45.243663270063422 ], [ 17.896300985923979, 45.212354074083798 ], [ 17.891801804617199, 45.207359817211128 ], [ 17.869135514422613, 45.201198061150244 ], [ 17.863306503547498, 45.209827241317811 ] ] ] ] } },
{ "type": "Feature", "properties": { "BM": 3328, "data": { "Oznaka Gr/Op/Dr": "općina", "Grad/općina/država": "KLAKAR", "Rbr BM": 3, "Naziv BM": "GORNJA BEBRINA", "Lokacija BM": "MJESNI DOM U GORNJOJ BEBRINI", "Adresa BM": "GORNJA BEBRINA 67/A", "Glasovalo birača": 241, "Glasovalo birača (po listićima)": 241, "Važeći listići": 227, "Nevažeći listići": 14 }, "latitude": 45.1131549, "longitude": 18.1096048, "population": 357 }, "geometry": { "type": "MultiPolygon", "coordinates": [ [ [ [ 18.1053349, 45.0866236 ], [ 18.1027218, 45.0898048 ], [ 18.1004629, 45.0931217 ], [ 18.0982275, 45.095405 ], [ 18.0960157, 45.0973883 ], [ 18.0940862, 45.0987382 ], [ 18.091592, 45.1000047 ], [ 18.0873566, 45.1014879 ], [ 18.081474, 45.1030377 ], [ 18.0759915, 45.1043875 ], [ 18.0749091, 45.1047374 ], [ 18.0736856, 45.105304 ], [ 18.0724149, 45.1061205 ], [ 18.0717326, 45.1068703 ], [ 18.0713325, 45.1073536 ], [ 18.0710266, 45.1080534 ], [ 18.0709796, 45.1086033 ], [ 18.0710031, 45.1089698 ], [ 18.071086857756313, 45.109154320156257 ], [ 18.072718028905694, 45.110620740404919 ], [ 18.0739444, 45.1113359 ], [ 18.0798505, 45.1140683 ], [ 18.0838911, 45.1159595 ], [ 18.0844859, 45.1163508 ], [ 18.0849565, 45.1167007 ], [ 18.085333, 45.1172005 ], [ 18.0856859, 45.1177836 ], [ 18.0858271, 45.1187998 ], [ 18.0856153, 45.1198493 ], [ 18.0850506, 45.1210988 ], [ 18.084813649254038, 45.121494683709777 ], [ 18.105193843201612, 45.139816445400847 ], [ 18.127264619270385, 45.141814013899065 ], [ 18.135673577740668, 45.134341444540425 ], [ 18.136552529578324, 45.129480438943077 ], [ 18.108002273850872, 45.08447993726427 ], [ 18.1053349, 45.0866236 ] ] ] ] } },
{ "type": "Feature", "properties": { "BM": 3146, "data": { "Oznaka Gr/Op/Dr": "općina", "Grad/općina/država": "BEBRINA", "Rbr BM": 7, "Naziv BM": "ZBJEG", "Lokacija BM": "DRUŠTVENI DOM ZBJEG", "Adresa BM": "ZBJEG 86", "Glasovalo birača": 174, "Glasovalo birača (po listićima)": 174, "Važeći listići": 164, "Nevažeći listići": 10 }, "latitude": 45.0738436, "longitude": 17.9051968, "population": 350 }, "geometry": { "type": "MultiPolygon", "coordinates": [ [ [ [ 17.9390458, 45.111191 ], [ 17.9368986, 45.1104586 ], [ 17.9349552, 45.1095596 ], [ 17.9337641, 45.1087273 ], [ 17.9327767, 45.1078505 ], [ 17.9316169, 45.1062079 ], [ 17.9307079, 45.1042878 ], [ 17.930081, 45.1020901 ], [ 17.9298533, 45.0994603 ], [ 17.9301907, 45.0974946 ], [ 17.9308019, 45.095441 ], [ 17.9324476, 45.0923215 ], [ 17.9341716, 45.0895128 ], [ 17.9362874, 45.0873367 ], [ 17.9373061, 45.0862043 ], [ 17.9377449, 45.0854604 ], [ 17.93798, 45.0846831 ], [ 17.93798, 45.0835839 ], [ 17.9376195, 45.0826291 ], [ 17.9370867, 45.0818851 ], [ 17.9361933, 45.0811745 ], [ 17.935394, 45.0806526 ], [ 17.9342311, 45.0801853 ], [ 17.929534, 45.0784743 ], [ 17.92668, 45.0770104 ], [ 17.9235925, 45.0755668 ], [ 17.920646, 45.074001 ], [ 17.9181071, 45.0723019 ], [ 17.9139068, 45.0691256 ], [ 17.9063682, 45.0629392 ], [ 17.9021662, 45.0602353 ], [ 17.9004104, 45.0592944 ], [ 17.8990616, 45.0586391 ], [ 17.8968882, 45.0577402 ], [ 17.8941147, 45.0566279 ], [ 17.8912104, 45.0555639 ], [ 17.890520599822718, 45.055288629524107 ], [ 17.888264307870482, 45.088440428730287 ], [ 17.936428092173898, 45.112621531296377 ], [ 17.940660471223396, 45.11148250138563 ], [ 17.9390458, 45.111191 ] ] ] ] } },
{ "type": "Feature", "properties": { "BM": 3439, "data": { "Oznaka Gr/Op/Dr": "općina", "Grad/općina/država": "SIBINJ", "Rbr BM": 11, "Naziv BM": "GORNJI ANDRIJEVCI", "Lokacija BM": "DRUŠTVENI DOM GORNJI ANDRIJEVCI", "Adresa BM": "GORNJI ANDRIJEVCI 81", "Glasovalo birača": 185, "Glasovalo birača (po listićima)": 185, "Važeći listići": 177, "Nevažeći listići": 8 }, "latitude": 45.1821268, "longitude": 17.8838301, "population": 358 }, "geometry": { "type": "MultiPolygon", "coordinates": [ [ [ [ 17.869135514422613, 45.201198061150244 ], [ 17.891801804617199, 45.207359817211128 ], [ 17.903294484921201, 45.165189275973802 ], [ 17.895021587518723, 45.146822165924775 ], [ 17.870981293123819, 45.145864829631449 ], [ 17.863399897897818, 45.192550384525177 ], [ 17.869135514422613, 45.201198061150244 ] ] ] ] } },
{ "type": "Feature", "properties": { "BM": 3437, "data": { "Oznaka Gr/Op/Dr": "općina", "Grad/općina/država": "SIBINJ", "Rbr BM": 9, "Naziv BM": "GRGUREVIĆI", "Lokacija BM": "OSNOVNA ŠKOLA GRGUREVIĆI", "Adresa BM": "GRGUREVIĆI 29", "Glasovalo birača": 87, "Glasovalo birača (po listićima)": 87, "Važeći listići": 82, "Nevažeći listići": 5 }, "latitude": 45.2365486, "longitude": 17.8836583, "population": 135 }, "geometry": { "type": "MultiPolygon", "coordinates": [ [ [ [ 17.868165199056687, 45.244244505288833 ], [ 17.917143309777863, 45.244566423899457 ], [ 17.922682346282127, 45.228004329245387 ], [ 17.896300985923979, 45.212354074083798 ], [ 17.865104716385609, 45.243663270063422 ], [ 17.868165199056687, 45.244244505288833 ] ] ] ] } },
{ "type": "Feature", "properties": { "BM": 3438, "data": { "Oznaka Gr/Op/Dr": "općina", "Grad/općina/država": "SIBINJ", "Rbr BM": 10, "Naziv BM": "RAVAN", "Lokacija BM": "OSNOVNA ŠKOLA RAVAN", "Adresa BM": "RAVAN BR. 30", "Glasovalo birača": 83, "Glasovalo birača (po listićima)": 83, "Važeći listići": 78, "Nevažeći listići": 5 }, "latitude": 45.2521434, "longitude": 17.8835558, "population": 210 }, "geometry": { "type": "MultiPolygon", "coordinates": [ [ [ [ 17.913852671689188, 45.279358699713001 ], [ 17.917143309777863, 45.244566423899457 ], [ 17.868165199056687, 45.244244505288833 ], [ 17.913852671689188, 45.279358699713001 ] ] ] ] } },
{ "type": "Feature", "properties": { "BM": 3416, "data": { "Oznaka Gr/Op/Dr": "općina", "Grad/općina/država": "PODCRKAVLJE", "Rbr BM": 10, "Naziv BM": "BRODSKI ZDENCI", "Lokacija BM": "DRUŠTVENI DOM U BRODSKIM ZDENCIMA", "Adresa BM": "BRODSKI ZDENCI", "Glasovalo birača": 112, "Glasovalo birača (po listićima)": 112, "Važeći listići": 110, "Nevažeći listići": 2 }, "latitude": 45.2583061, "longitude": 17.9487147, "population": 210 }, "geometry": { "type": "MultiPolygon", "coordinates": [ [ [ [ 17.913836738063154, 45.280258116120763 ], [ 17.916139475805753, 45.283608826973342 ], [ 17.969676181748035, 45.283424137393673 ], [ 17.977869200517048, 45.276588473438359 ], [ 17.977189401637656, 45.258194029663088 ], [ 17.940205370498052, 45.22012772660981 ], [ 17.935658778379949, 45.220964489691042 ], [ 17.922682346282127, 45.228004329245387 ], [ 17.917143309777863, 45.244566423899457 ], [ 17.913852671689188, 45.279358699713001 ], [ 17.913836738063154, 45.280258116120763 ] ] ] ] } },
{ "type": "Feature", "properties": { "BM": 3430, "data": { "Oznaka Gr/Op/Dr": "općina", "Grad/općina/država": "SIBINJ", "Rbr BM": 2, "Naziv BM": "SIBINJ", "Lokacija BM": "OSNOVNA ŠKOLA \"SIBINJSKIH ŽRTAVA\" SIBINJ", "Adresa BM": "SIBINJ, 108. BRIGADE ZNG 4", "Glasovalo birača": 411, "Glasovalo birača (po listićima)": 411, "Važeći listići": 398, "Nevažeći listići": 13 }, "latitude": 45.1896605, "longitude": 17.9114738, "population": 749 }, "geometry": { "type": "MultiPolygon", "coordinates": [ [ [ [ 17.935658778379949, 45.220964489691042 ], [ 17.919338279382917, 45.175224662490201 ], [ 17.903294484921201, 45.165189275973802 ], [ 17.891801804617199, 45.207359817211128 ], [ 17.896300985923979, 45.212354074083798 ], [ 17.922682346282127, 45.228004329245387 ], [ 17.935658778379949, 45.220964489691042 ] ] ] ] } },
{ "type": "Feature", "properties": { "BM": 3435, "data": { "Oznaka Gr/Op/Dr": "općina", "Grad/općina/država": "SIBINJ", "Rbr BM": 7, "Naziv BM": "SLOBODNICA", "Lokacija BM": "VATROGASNI DOM U SLOBODNICI", "Adresa BM": "SLOBODNICA, TRG SVETOG MARKA 11", "Glasovalo birača": 360, "Glasovalo birača (po listićima)": 360, "Važeći listići": 331, "Nevažeći listići": 29 }, "latitude": 45.1618365, "longitude": 17.9288777, "population": 721 }, "geometry": { "type": "MultiPolygon", "coordinates": [ [ [ [ 17.9475784, 45.1118461 ], [ 17.9439356, 45.1118014 ], [ 17.9414437, 45.1116239 ], [ 17.940660471223396, 45.11148250138563 ], [ 17.936428092173898, 45.112621531296377 ], [ 17.895021587518723, 45.146822165924775 ], [ 17.903294484921201, 45.165189275973802 ], [ 17.919338279382917, 45.175224662490201 ], [ 17.923337992869442, 45.174063238607623 ], [ 17.952575641446824, 45.115210371443524 ], [ 17.951908844651872, 45.111674919068896 ], [ 17.9475784, 45.1118461 ] ] ] ] } },
{ "type": "Feature", "properties": { "BM": 3432, "data": { "Oznaka Gr/Op/Dr": "općina", "Grad/općina/država": "SIBINJ", "Rbr BM": 4, "Naziv BM": "GROMAČNIK", "Lokacija BM": "DRUŠTVENI DOM GROMAČNIK", "Adresa BM": "GROMAČNIK, DR. FRANJE TUĐMANA 98", "Glasovalo birača": 249, "Glasovalo birača (po listićima)": 249, "Važeći listići": 243, "Nevažeći listići": 6 }, "latitude": 45.1791666, "longitude": 17.9551181, "population": 431 }, "geometry": { "type": "MultiPolygon", "coordinates": [ [ [ [ 17.948400758320037, 45.212738968642547 ], [ 17.967979279249885, 45.203832270568306 ], [ 17.966863630253862, 45.156434372862137 ], [ 17.958723223573376, 45.146243652815258 ], [ 17.943597581234723, 45.168956096589369 ], [ 17.948400758320037, 45.212738968642547 ] ] ] ] } },
{ "type": "Feature", "properties": { "BM": 3433, "data": { "Oznaka Gr/Op/Dr": "općina", "Grad/općina/država": "SIBINJ", "Rbr BM": 5, "Naziv BM": "BARTOLOVCI", "Lokacija BM": "DRUŠTVENI DOM BARTOLOVCI", "Adresa BM": "BARTOLOVCI, HRVATSKIH BRANITELJA 86/C", "Glasovalo birača": 315, "Glasovalo birača (po listićima)": 315, "Važeći listići": 304, "Nevažeći listići": 11 }, "latitude": 45.1814214, "longitude": 17.9345647, "population": 585 }, "geometry": { "type": "MultiPolygon", "coordinates": [ [ [ [ 17.943597581234723, 45.168956096589369 ], [ 17.923337992869442, 45.174063238607623 ], [ 17.919338279382917, 45.175224662490201 ], [ 17.935658778379949, 45.220964489691042 ], [ 17.940205370498052, 45.22012772660981 ], [ 17.948400758320037, 45.212738968642547 ], [ 17.943597581234723, 45.168956096589369 ] ] ] ] } },
{ "type": "Feature", "properties": { "BM": 3019, "data": { "Oznaka Gr/Op/Dr": "grad", "Grad/općina/država": "SLAVONSKI BROD", "Rbr BM": 34, "Naziv BM": "MJESNI ODOBOR JOSIP RIMAC", "Lokacija BM": "MJESNI ODBOR JOSIP RIMAC, DOM-PRIZEMLJE,  SLAVONSKI BROD", "Adresa BM": "SLAVONSKI BROD, AUGUSTINA JARIĆA 6", "Glasovalo birača": 278, "Glasovalo birača (po listićima)": 278, "Važeći listići": 266, "Nevažeći listići": 12 }, "latitude": 45.1500014, "longitude": 17.9916291, "population": 575 }, "geometry": { "type": "MultiPolygon", "coordinates": [ [ [ [ 17.9986125, 45.150463 ], [ 17.9945395, 45.1488806 ], [ 17.9880699, 45.1456283 ], [ 17.9865183, 45.1444194 ], [ 17.9849824, 45.143155 ], [ 17.9826315, 45.1407037 ], [ 17.9803101, 45.1387427 ], [ 17.9782018, 45.1366631 ], [ 17.9768639, 45.1347247 ], [ 17.9763154, 45.132983 ], [ 17.9760803, 45.1310194 ], [ 17.9759863, 45.1287119 ], [ 17.9755945, 45.1260602 ], [ 17.9746071, 45.1235971 ], [ 17.9732749, 45.1214223 ], [ 17.9715196, 45.119303 ], [ 17.9696075, 45.1173278 ], [ 17.9675387, 45.1156633 ], [ 17.9655013, 45.1141874 ], [ 17.9614107, 45.1123452 ], [ 17.9602822, 45.1119457 ], [ 17.9591068, 45.111757 ], [ 17.9579157, 45.1116128 ], [ 17.9557528, 45.1115684 ], [ 17.9534803, 45.1116128 ], [ 17.951908844651872, 45.111674919068896 ], [ 17.952575641446824, 45.115210371443524 ], [ 17.958723223573376, 45.146243652815258 ], [ 17.966863630253862, 45.156434372862137 ], [ 17.983657207830138, 45.163462234296759 ], [ 17.998925108673127, 45.150586238020168 ], [ 17.9986125, 45.150463 ] ] ] ] } },
{ "type": "Feature", "properties": { "BM": 3434, "data": { "Oznaka Gr/Op/Dr": "općina", "Grad/općina/država": "SIBINJ", "Rbr BM": 6, "Naziv BM": "SLOBODNICA", "Lokacija BM": "OSNOVNA ŠKOLA \"SIBINJSKIH ŽRTAVA\" SIBINJ", "Adresa BM": "SLOBODNICA, TRG SVETOG MARKA 4", "Glasovalo birača": 283, "Glasovalo birača (po listićima)": 282, "Važeći listići": 269, "Nevažeći listići": 13 }, "latitude": 45.1622624, "longitude": 17.929735, "population": 564 }, "geometry": { "type": "MultiPolygon", "coordinates": [ [ [ [ 17.943597581234723, 45.168956096589369 ], [ 17.958723223573376, 45.146243652815258 ], [ 17.952575641446824, 45.115210371443524 ], [ 17.923337992869442, 45.174063238607623 ], [ 17.943597581234723, 45.168956096589369 ] ] ] ] } },
{ "type": "Feature", "properties": { "BM": 3415, "data": { "Oznaka Gr/Op/Dr": "općina", "Grad/općina/država": "PODCRKAVLJE", "Rbr BM": 9, "Naziv BM": "GLOGOVICA", "Lokacija BM": "DRUŠTVENI DOM U GLOGOVICI", "Adresa BM": "GLOGOVICA", "Glasovalo birača": 83, "Glasovalo birača (po listićima)": 83, "Važeći listići": 75, "Nevažeći listići": 8 }, "latitude": 45.2297344, "longitude": 17.9781225, "population": 138 }, "geometry": { "type": "MultiPolygon", "coordinates": [ [ [ [ 17.940205370498052, 45.22012772660981 ], [ 17.977189401637656, 45.258194029663088 ], [ 17.99705279674135, 45.237578260517814 ], [ 17.990757445468063, 45.207127523315968 ], [ 17.983451028117791, 45.204299094749722 ], [ 17.967979279249885, 45.203832270568306 ], [ 17.948400758320037, 45.212738968642547 ], [ 17.940205370498052, 45.22012772660981 ] ] ] ] } },
{ "type": "Feature", "properties": { "BM": 3032, "data": { "Oznaka Gr/Op/Dr": "grad", "Grad/općina/država": "SLAVONSKI BROD", "Rbr BM": 47, "Naziv BM": "MJESNI ODBOR BRODSKI VAROŠ", "Lokacija BM": "PODRUČNA ŠKOLA IVANA BRLIĆ MAŽURANIĆ BRODSKI VAROŠ", "Adresa BM": "BRODSKI VAROŠ, ZAGREBAČKA 290", "Glasovalo birača": 234, "Glasovalo birača (po listićima)": 234, "Važeći listići": 224, "Nevažeći listići": 10 }, "latitude": 45.1785888, "longitude": 17.9796657, "population": 459 }, "geometry": { "type": "MultiPolygon", "coordinates": [ [ [ [ 17.967979279249885, 45.203832270568306 ], [ 17.983451028117791, 45.204299094749722 ], [ 17.990066895593358, 45.1704478729242 ], [ 17.989600808776576, 45.168800958167274 ], [ 17.983657207830138, 45.163462234296759 ], [ 17.966863630253862, 45.156434372862137 ], [ 17.967979279249885, 45.203832270568306 ] ] ] ] } },
{ "type": "Feature", "properties": { "BM": 3413, "data": { "Oznaka Gr/Op/Dr": "općina", "Grad/općina/država": "PODCRKAVLJE", "Rbr BM": 7, "Naziv BM": "DUBOVIK", "Lokacija BM": "DRUŠTVENI DOM U DUBOVIKU", "Adresa BM": "DUBOVIK", "Glasovalo birača": 47, "Glasovalo birača (po listićima)": 47, "Važeći listići": 42, "Nevažeći listići": 5 }, "latitude": 45.256204, "longitude": 18.0055947, "population": 81 }, "geometry": { "type": "MultiPolygon", "coordinates": [ [ [ [ 17.977869200517048, 45.276588473438359 ], [ 18.009710371342038, 45.285690565349633 ], [ 18.022452383256866, 45.277846499109565 ], [ 18.01635068560751, 45.24089340080598 ], [ 17.99705279674135, 45.237578260517814 ], [ 17.977189401637656, 45.258194029663088 ], [ 17.977869200517048, 45.276588473438359 ] ] ] ] } },
{ "type": "Feature", "properties": { "BM": 3011, "data": { "Oznaka Gr/Op/Dr": "grad", "Grad/općina/država": "SLAVONSKI BROD", "Rbr BM": 26, "Naziv BM": "MJESNI ODBOR BRODSKO VINOGORJE", "Lokacija BM": "OSNOVNA ŠKOLA ĐURO PILAR SLAVONSKI BROD", "Adresa BM": "SLAVONSKI BROD, ULICA ZLATKA BALOKOVIĆA  1", "Glasovalo birača": 513, "Glasovalo birača (po listićima)": 513, "Važeći listići": 498, "Nevažeći listići": 15 }, "latitude": 45.1819058, "longitude": 17.9966377, "population": 997 }, "geometry": { "type": "MultiPolygon", "coordinates": [ [ [ [ 17.983451028117791, 45.204299094749722 ], [ 17.990757445468063, 45.207127523315968 ], [ 18.00924789973492, 45.200499970219902 ], [ 18.011064869404272, 45.19141763805105 ], [ 18.01044164058958, 45.187416072151528 ], [ 17.996390736950723, 45.17460290613284 ], [ 17.990066895593358, 45.1704478729242 ], [ 17.983451028117791, 45.204299094749722 ] ] ] ] } },
{ "type": "Feature", "properties": { "BM": 3414, "data": { "Oznaka Gr/Op/Dr": "općina", "Grad/općina/država": "PODCRKAVLJE", "Rbr BM": 8, "Naziv BM": "DONJI SLATINIK", "Lokacija BM": "DRUŠTVENI DOM U DONJEM SLATINIKU", "Adresa BM": "DONJI SLATINIK", "Glasovalo birača": 80, "Glasovalo birača (po listićima)": 80, "Važeći listići": 77, "Nevažeći listići": 3 }, "latitude": 45.222871, "longitude": 18.0113209, "population": 128 }, "geometry": { "type": "MultiPolygon", "coordinates": [ [ [ [ 17.99705279674135, 45.237578260517814 ], [ 18.01635068560751, 45.24089340080598 ], [ 18.026350658913064, 45.23396462790415 ], [ 18.015787420247836, 45.203879679235804 ], [ 18.013758049967166, 45.202674251503367 ], [ 18.00924789973492, 45.200499970219902 ], [ 17.990757445468063, 45.207127523315968 ], [ 17.99705279674135, 45.237578260517814 ] ] ] ] } },
{ "type": "Feature", "properties": { "BM": 3024, "data": { "Oznaka Gr/Op/Dr": "grad", "Grad/općina/država": "SLAVONSKI BROD", "Rbr BM": 39, "Naziv BM": "MJESNI ODBOR JELAS", "Lokacija BM": "PODRUČNA ŠKOLA HUGO BADALIĆ SLAVONSKI BROD", "Adresa BM": "SLAVONSKI BROD, FRANJE KUHAČA 23", "Glasovalo birača": 317, "Glasovalo birača (po listićima)": 317, "Važeći listići": 306, "Nevažeći listići": 11 }, "latitude": 45.1578763, "longitude": 17.9982703, "population": 648 }, "geometry": { "type": "MultiPolygon", "coordinates": [ [ [ [ 18.0037346, 45.1518475 ], [ 18.0022463, 45.151631 ], [ 18.0001639, 45.1510746 ], [ 17.998925108673127, 45.150586238020168 ], [ 17.983657207830138, 45.163462234296759 ], [ 17.989600808776576, 45.168800958167274 ], [ 18.003601010086896, 45.163898571691156 ], [ 18.003632580261787, 45.163818622447096 ], [ 18.004364699397374, 45.151895643865821 ], [ 18.0037346, 45.1518475 ] ] ] ] } },
{ "type": "Feature", "properties": { "BM": 3007, "data": { "Oznaka Gr/Op/Dr": "grad", "Grad/općina/država": "SLAVONSKI BROD", "Rbr BM": 22, "Naziv BM": "MJESNI ODBOR KOLONIJA", "Lokacija BM": "MJESNI DOM; MALA DVORANA SLAVONSKI BROD", "Adresa BM": "SLAVONSKI BROD, VINOGRADSKA CESTA", "Glasovalo birača": 343, "Glasovalo birača (po listićima)": 343, "Važeći listići": 335, "Nevažeći listići": 8 }, "latitude": 45.1719308, "longitude": 18.0031917, "population": 686 }, "geometry": { "type": "MultiPolygon", "coordinates": [ [ [ [ 17.996390736950723, 45.17460290613284 ], [ 18.01134596442138, 45.171316284364636 ], [ 18.003601010086896, 45.163898571691156 ], [ 17.989600808776576, 45.168800958167274 ], [ 17.990066895593358, 45.1704478729242 ], [ 17.996390736950723, 45.17460290613284 ] ] ] ] } },
{ "type": "Feature", "properties": { "BM": 3008, "data": { "Oznaka Gr/Op/Dr": "grad", "Grad/općina/država": "SLAVONSKI BROD", "Rbr BM": 23, "Naziv BM": "MJESNI ODBOR KOLONIJA", "Lokacija BM": "PODRUČNA ŠKOLA ĐURO PILAR SLAVONSKI BROD", "Adresa BM": "SLAVONSKI BROD, ULICA VINOGRADSKA CESTA 84", "Glasovalo birača": 255, "Glasovalo birača (po listićima)": 255, "Važeći listići": 251, "Nevažeći listići": 4 }, "latitude": 45.1741773, "longitude": 18.0036854, "population": 491 }, "geometry": { "type": "MultiPolygon", "coordinates": [ [ [ [ 18.01044164058958, 45.187416072151528 ], [ 18.013283924120643, 45.173749572312062 ], [ 18.01237488010506, 45.172055059290514 ], [ 18.01134596442138, 45.171316284364636 ], [ 17.996390736950723, 45.17460290613284 ], [ 18.01044164058958, 45.187416072151528 ] ] ] ] } },
{ "type": "Feature", "properties": { "BM": 2997, "data": { "Oznaka Gr/Op/Dr": "grad", "Grad/općina/država": "SLAVONSKI BROD", "Rbr BM": 12, "Naziv BM": "MJESNI ODBOR PLAVO POLJE", "Lokacija BM": "OSNOVNA ŠKOLA HUGO BADALIĆ SLAVONSKI BROD", "Adresa BM": "SLAVONSKI BROD,  BOROVSKA 1", "Glasovalo birača": 508, "Glasovalo birača (po listićima)": 508, "Važeći listići": 499, "Nevažeći listići": 9 }, "latitude": 45.158577, "longitude": 18.0096816, "population": 887 }, "geometry": { "type": "MultiPolygon", "coordinates": [ [ [ [ 18.0080875, 45.1519086 ], [ 18.0070001, 45.1519608 ], [ 18.0052096, 45.1519602 ], [ 18.004364699397374, 45.151895643865821 ], [ 18.003632580261787, 45.163818622447096 ], [ 18.011547212788649, 45.160479330805863 ], [ 18.01111024972176, 45.155368782477417 ], [ 18.008396437355273, 45.151885732440064 ], [ 18.0080875, 45.1519086 ] ] ] ] } },
{ "type": "Feature", "properties": { "BM": 2994, "data": { "Oznaka Gr/Op/Dr": "grad", "Grad/općina/država": "SLAVONSKI BROD", "Rbr BM": 9, "Naziv BM": "MJESNI ODBOR CENTAR", "Lokacija BM": "ŠUMARIJA SLAVONSKI BROD, P. KREŠIMIRA IV BR. 22/A - PRIZEMLJE, SOBA BR.11", "Adresa BM": "SLAVONSKI BROD, ULICA PETRA KREŠIMIRA IV 22/A", "Glasovalo birača": 390, "Glasovalo birača (po listićima)": 390, "Važeći listići": 375, "Nevažeći listići": 15 }, "latitude": 45.1547679, "longitude": 18.0145704, "population": 652 }, "geometry": { "type": "MultiPolygon", "coordinates": [ [ [ [ 18.0115112, 45.1516079 ], [ 18.009733, 45.1517868 ], [ 18.008396437355273, 45.151885732440064 ], [ 18.01111024972176, 45.155368782477417 ], [ 18.015535425591249, 45.157264065187888 ], [ 18.016708975857167, 45.155502602674773 ], [ 18.013217586469178, 45.151338878630774 ], [ 18.0115112, 45.1516079 ] ] ] ] } },
{ "type": "Feature", "properties": { "BM": 3029, "data": { "Oznaka Gr/Op/Dr": "grad", "Grad/općina/država": "SLAVONSKI BROD", "Rbr BM": 44, "Naziv BM": "MJESNI ODBOR BUDAINKA", "Lokacija BM": "OSNOVNA ŠKOLA IVANA BRLIĆ MAŽURANIĆ SLAVONSKI BROD", "Adresa BM": "SLAVONSKI BROD, ZAGREBAČKA 78", "Glasovalo birača": 159, "Glasovalo birača (po listićima)": 159, "Važeći listići": 155, "Nevažeći listići": 4 }, "latitude": 45.1631431, "longitude": 18.0116081, "population": 300 }, "geometry": { "type": "MultiPolygon", "coordinates": [ [ [ [ 18.003601010086896, 45.163898571691156 ], [ 18.01134596442138, 45.171316284364636 ], [ 18.01237488010506, 45.172055059290514 ], [ 18.015483591907167, 45.164036854844078 ], [ 18.015411805575948, 45.163904457982369 ], [ 18.012410925616475, 45.160738113770655 ], [ 18.011547212788649, 45.160479330805863 ], [ 18.003632580261787, 45.163818622447096 ], [ 18.003601010086896, 45.163898571691156 ] ] ] ] } },
{ "type": "Feature", "properties": { "BM": 3034, "data": { "Oznaka Gr/Op/Dr": "grad", "Grad/općina/država": "SLAVONSKI BROD", "Rbr BM": 49, "Naziv BM": "MJESNI ODBOR ZRINSKI FRANKOPAN", "Lokacija BM": "MJESNI ODBOR ZRINSKI FRANKOPAN, DOM SLAVONSKI BROD", "Adresa BM": "SLAVONSKI BROD, ANASTASA POPOVIĆA 37", "Glasovalo birača": 542, "Glasovalo birača (po listićima)": 542, "Važeći listići": 534, "Nevažeći listići": 8 }, "latitude": 45.1779688, "longitude": 18.021916, "population": 1073 }, "geometry": { "type": "MultiPolygon", "coordinates": [ [ [ [ 18.011064869404272, 45.19141763805105 ], [ 18.03270789369418, 45.17844588591533 ], [ 18.026662105621433, 45.170642279478862 ], [ 18.02607773038045, 45.170580623063358 ], [ 18.013283924120643, 45.173749572312062 ], [ 18.01044164058958, 45.187416072151528 ], [ 18.011064869404272, 45.19141763805105 ] ] ] ] } },
{ "type": "Feature", "properties": { "BM": 3035, "data": { "Oznaka Gr/Op/Dr": "grad", "Grad/općina/država": "SLAVONSKI BROD", "Rbr BM": 50, "Naziv BM": "MJESNI ODBOR MALI PARIZ", "Lokacija BM": "MJESNI ODBOR MALI PARIZ, DOM, SLAVONSKI BROD", "Adresa BM": "SLAVONSKI BROD, EUGENA KVATERNIKA 7", "Glasovalo birača": 650, "Glasovalo birača (po listićima)": 646, "Važeći listići": 629, "Nevažeći listići": 17 }, "latitude": 45.1659891, "longitude": 18.0189487, "population": 1120 }, "geometry": { "type": "MultiPolygon", "coordinates": [ [ [ [ 18.013283924120643, 45.173749572312062 ], [ 18.02607773038045, 45.170580623063358 ], [ 18.020403396516365, 45.163126954186289 ], [ 18.018139537517957, 45.163056419271804 ], [ 18.015483591907167, 45.164036854844078 ], [ 18.01237488010506, 45.172055059290514 ], [ 18.013283924120643, 45.173749572312062 ] ] ] ] } },
{ "type": "Feature", "properties": { "BM": 3049, "data": { "Oznaka Gr/Op/Dr": "grad", "Grad/općina/država": "SLAVONSKI BROD", "Rbr BM": 64, "Naziv BM": "MJESNI ODBOR JOSIP JURAJ STROSSMAYER", "Lokacija BM": "MJESNI ODBOR JOSIP JURAJ STROSSMAYER, DOM-MALA SALA, SLAVONSKI BROD", "Adresa BM": "SLAVONSKI BROD, ULICA FRANA SUPILA 2", "Glasovalo birača": 451, "Glasovalo birača (po listićima)": 450, "Važeći listići": 434, "Nevažeći listići": 16 }, "latitude": 45.1525814, "longitude": 18.0279325, "population": 831 }, "geometry": { "type": "MultiPolygon", "coordinates": [ [ [ [ 18.0251454, 45.1390986 ], [ 18.024831, 45.1401372 ], [ 18.024317, 45.1417342 ], [ 18.0235339, 45.1435621 ], [ 18.0232692, 45.1446706 ], [ 18.0228588, 45.145607 ], [ 18.022834911852243, 45.145634149641417 ], [ 18.026652966863836, 45.154352682304939 ], [ 18.028723406227208, 45.155178281176305 ], [ 18.030218725219068, 45.154128076442504 ], [ 18.025994337083048, 45.139868167871725 ], [ 18.025343835167565, 45.138520180596977 ], [ 18.0251454, 45.1390986 ] ] ] ] } },
{ "type": "Feature", "properties": { "BM": 2995, "data": { "Oznaka Gr/Op/Dr": "grad", "Grad/općina/država": "SLAVONSKI BROD", "Rbr BM": 10, "Naziv BM": "MJESNI ODBOR CENTAR", "Lokacija BM": "ŽUPANIJSKI SUD SLAVONSKI BROD", "Adresa BM": "SLAVONSKI BROD,  TOME SKALICE 2", "Glasovalo birača": 594, "Glasovalo birača (po listićima)": 594, "Važeći listići": 585, "Nevažeći listići": 9 }, "latitude": 45.1532687, "longitude": 18.0163583, "population": 1036 }, "geometry": { "type": "MultiPolygon", "coordinates": [ [ [ [ 18.021027945406892, 45.147687824608106 ], [ 18.0206974, 45.1480635 ], [ 18.0197688, 45.1487289 ], [ 18.0188132, 45.149495 ], [ 18.0175661, 45.150211 ], [ 18.016272, 45.1507437 ], [ 18.0151557, 45.151045 ], [ 18.0139101, 45.1512297 ], [ 18.013217586469178, 45.151338878630774 ], [ 18.016708975857167, 45.155502602674773 ], [ 18.017615287342451, 45.155074815339994 ], [ 18.020645022959673, 45.151467828821609 ], [ 18.021027945406896, 45.147687824608106 ], [ 18.021027945406892, 45.147687824608106 ] ] ] ] } },
{ "type": "Feature", "properties": { "BM": 2999, "data": { "Oznaka Gr/Op/Dr": "grad", "Grad/općina/država": "SLAVONSKI BROD", "Rbr BM": 14, "Naziv BM": "MJESNI ODBOR PLAVO POLJE", "Lokacija BM": "OPĆINSKI SUD SLAVONSKI BROD", "Adresa BM": "SLAVONSKI BROD,  TRG POBJEDE 15", "Glasovalo birača": 399, "Glasovalo birača (po listićima)": 399, "Važeći listići": 389, "Nevažeći listići": 10 }, "latitude": 45.1582879, "longitude": 18.0130628, "population": 695 }, "geometry": { "type": "MultiPolygon", "coordinates": [ [ [ [ 18.015591952167014, 45.157529885192801 ], [ 18.015535425591249, 45.157264065187888 ], [ 18.01111024972176, 45.155368782477417 ], [ 18.011547212788649, 45.160479330805863 ], [ 18.012410925616475, 45.160738113770655 ], [ 18.015591952167014, 45.157529885192801 ] ] ] ] } },
{ "type": "Feature", "properties": { "BM": 2998, "data": { "Oznaka Gr/Op/Dr": "grad", "Grad/općina/država": "SLAVONSKI BROD", "Rbr BM": 13, "Naziv BM": "MJESNI ODBOR PLAVO POLJE", "Lokacija BM": "GIMNAZIJA MATIJA MESIĆ SLAVONSKI BROD", "Adresa BM": "SLAVONSKI BROD,  NASELJE SLAVONIJA I 8", "Glasovalo birača": 476, "Glasovalo birača (po listićima)": 476, "Važeći listići": 467, "Nevažeći listići": 9 }, "latitude": 45.1600654, "longitude": 18.0148555, "population": 823 }, "geometry": { "type": "MultiPolygon", "coordinates": [ [ [ [ 18.012410925616475, 45.160738113770655 ], [ 18.015411805575948, 45.163904457982369 ], [ 18.016096630116639, 45.158119431692548 ], [ 18.015591952167014, 45.157529885192801 ], [ 18.012410925616475, 45.160738113770655 ] ] ] ] } },
{ "type": "Feature", "properties": { "BM": 3016, "data": { "Oznaka Gr/Op/Dr": "grad", "Grad/općina/država": "SLAVONSKI BROD", "Rbr BM": 31, "Naziv BM": "MJESNI ODBOR PODVINJE", "Lokacija BM": "MJESNI ODBOR PODVINJE, DOM", "Adresa BM": "PODVINJE, TRG SVETOG ANTUNA KBR. 4", "Glasovalo birača": 201, "Glasovalo birača (po listićima)": 201, "Važeći listići": 192, "Nevažeći listići": 9 }, "latitude": 45.1908722, "longitude": 18.0303279, "population": 431 }, "geometry": { "type": "MultiPolygon", "coordinates": [ [ [ [ 18.015787420247836, 45.203879679235804 ], [ 18.018050431587344, 45.203805727511501 ], [ 18.035194961742391, 45.197410486253801 ], [ 18.035376621886442, 45.196785509658753 ], [ 18.030006273692059, 45.188829965796806 ], [ 18.013758049967166, 45.202674251503367 ], [ 18.015787420247836, 45.203879679235804 ] ] ] ] } },
{ "type": "Feature", "properties": { "BM": 3000, "data": { "Oznaka Gr/Op/Dr": "grad", "Grad/općina/država": "SLAVONSKI BROD", "Rbr BM": 15, "Naziv BM": "MJESNI ODBOR ANTUN MIHANOVIĆ", "Lokacija BM": "OSNOVNA ŠKOLA ANTUN MIHANOVIĆ SLAVONSKI BROD", "Adresa BM": "SLAVONSKI BROD, ANTUNA MIHANOVIĆA 35", "Glasovalo birača": 178, "Glasovalo birača (po listićima)": 178, "Važeći listići": 176, "Nevažeći listići": 2 }, "latitude": 45.1603014, "longitude": 18.0168491, "population": 324 }, "geometry": { "type": "MultiPolygon", "coordinates": [ [ [ [ 18.015483591907167, 45.164036854844078 ], [ 18.018139537517957, 45.163056419271804 ], [ 18.017918863473213, 45.158917692080657 ], [ 18.016096630116639, 45.158119431692548 ], [ 18.015411805575948, 45.163904457982369 ], [ 18.015483591907167, 45.164036854844078 ] ] ] ] } },
{ "type": "Feature", "properties": { "BM": 3046, "data": { "Oznaka Gr/Op/Dr": "grad", "Grad/općina/država": "SLAVONSKI BROD", "Rbr BM": 61, "Naziv BM": "MJESNI ODBOR JOSIP JURAJ STROSSMAYER", "Lokacija BM": "DJEČJI VRTIĆ RADOST SLAVONSKI BROD", "Adresa BM": "SLAVONSKI BROD, ULICA TOME BAKAČA 120 A", "Glasovalo birača": 196, "Glasovalo birača (po listićima)": 196, "Važeći listići": 193, "Nevažeći listići": 3 }, "latitude": 45.1492959, "longitude": 18.0347408, "population": 363 }, "geometry": { "type": "MultiPolygon", "coordinates": [ [ [ [ 18.0446964, 45.1395871 ], [ 18.0438493, 45.1388377 ], [ 18.043214, 45.1379217 ], [ 18.0425787, 45.1361897 ], [ 18.0420435, 45.1342752 ], [ 18.041592, 45.1325073 ], [ 18.0415095, 45.1306087 ], [ 18.0412111, 45.1290963 ], [ 18.0407085, 45.1279291 ], [ 18.0401604, 45.1269455 ], [ 18.0398527, 45.1264779 ], [ 18.0396148, 45.1261902 ], [ 18.0392519, 45.1258978 ], [ 18.0387696, 45.1256746 ], [ 18.0379647, 45.1255132 ], [ 18.0347615, 45.1258828 ], [ 18.0341914, 45.1260626 ], [ 18.0337593, 45.1263442 ], [ 18.0320084, 45.127869 ], [ 18.0300351, 45.1302573 ], [ 18.0285578, 45.1324583 ], [ 18.0264565, 45.1357022 ], [ 18.0257788, 45.1372523 ], [ 18.025343835167565, 45.138520180596977 ], [ 18.025994337083048, 45.139868167871725 ], [ 18.035744919545532, 45.154547269917614 ], [ 18.035882820703865, 45.154617858940931 ], [ 18.039389576424011, 45.155419619763869 ], [ 18.045583699905215, 45.140105178689872 ], [ 18.0446964, 45.1395871 ] ] ] ] } },
{ "type": "Feature", "properties": { "BM": 3002, "data": { "Oznaka Gr/Op/Dr": "grad", "Grad/općina/država": "SLAVONSKI BROD", "Rbr BM": 17, "Naziv BM": "MJESNI ODBOR ANTUN MIHANOVIĆ", "Lokacija BM": "VODOVOD SLAVONSKI BROD, NIKOLE ZRINSKOG 25", "Adresa BM": "SLAVONSKI BROD, NIKOLE ZRINSKOG 25", "Glasovalo birača": 236, "Glasovalo birača (po listićima)": 236, "Važeći listići": 234, "Nevažeći listići": 2 }, "latitude": 45.1571932, "longitude": 18.0182107, "population": 416 }, "geometry": { "type": "MultiPolygon", "coordinates": [ [ [ [ 18.015591952167014, 45.157529885192801 ], [ 18.016096630116639, 45.158119431692548 ], [ 18.017918863473213, 45.158917692080657 ], [ 18.020270261750699, 45.158194148580684 ], [ 18.017615287342451, 45.155074815339994 ], [ 18.016708975857167, 45.155502602674773 ], [ 18.015535425591249, 45.157264065187888 ], [ 18.015591952167014, 45.157529885192801 ] ] ] ] } },
{ "type": "Feature", "properties": { "BM": 3018, "data": { "Oznaka Gr/Op/Dr": "grad", "Grad/općina/država": "SLAVONSKI BROD", "Rbr BM": 33, "Naziv BM": "MJESNI ODBOR PODVINJE", "Lokacija BM": "OSNOVNA ŠKOLA BLAŽ TADIJANOVIĆ PODVINJE", "Adresa BM": "PODVINJE, PODVINJSKA ULICA 25", "Glasovalo birača": 457, "Glasovalo birača (po listićima)": 457, "Važeći listići": 442, "Nevažeći listići": 15 }, "latitude": 45.1881882, "longitude": 18.028041, "population": 880 }, "geometry": { "type": "MultiPolygon", "coordinates": [ [ [ [ 18.00924789973492, 45.200499970219902 ], [ 18.013758049967166, 45.202674251503367 ], [ 18.030006273692059, 45.188829965796806 ], [ 18.034465607718833, 45.179043092603472 ], [ 18.03270789369418, 45.17844588591533 ], [ 18.011064869404272, 45.19141763805105 ], [ 18.00924789973492, 45.200499970219902 ] ] ] ] } },
{ "type": "Feature", "properties": { "BM": 3001, "data": { "Oznaka Gr/Op/Dr": "grad", "Grad/općina/država": "SLAVONSKI BROD", "Rbr BM": 16, "Naziv BM": "MJESNI ODBOR ANTUN MIHANOVIĆ", "Lokacija BM": "MJESNI ODBOR ANTUN MIHANOVIĆ,  MJESNI DOM, SLAVONSKI BROD", "Adresa BM": "SLAVONSKI BROD, PAVLEKA MIŠKINA 6", "Glasovalo birača": 497, "Glasovalo birača (po listićima)": 497, "Važeći listići": 491, "Nevažeći listići": 6 }, "latitude": 45.1601798, "longitude": 18.0191297, "population": 775 }, "geometry": { "type": "MultiPolygon", "coordinates": [ [ [ [ 18.017918863473213, 45.158917692080657 ], [ 18.018139537517957, 45.163056419271804 ], [ 18.020403396516365, 45.163126954186289 ], [ 18.021846866235091, 45.160361284226703 ], [ 18.021177936877685, 45.158298759187133 ], [ 18.020270261750699, 45.158194148580684 ], [ 18.017918863473213, 45.158917692080657 ] ] ] ] } },
{ "type": "Feature", "properties": { "BM": 3003, "data": { "Oznaka Gr/Op/Dr": "grad", "Grad/općina/država": "SLAVONSKI BROD", "Rbr BM": 18, "Naziv BM": "MJESNI ODBOR ANTUN MIHANOVIĆ", "Lokacija BM": "OSNOVNA ŠKOLA IVAN GORAN KOVAČIĆ SLAVONSKI BROD", "Adresa BM": "SLAVONSKI BROD, HUGE BADALIĆA 8", "Glasovalo birača": 345, "Glasovalo birača (po listićima)": 345, "Važeći listići": 341, "Nevažeći listići": 4 }, "latitude": 45.1560011, "longitude": 18.0196113, "population": 515 }, "geometry": { "type": "MultiPolygon", "coordinates": [ [ [ [ 18.017615287342451, 45.155074815339994 ], [ 18.020270261750699, 45.158194148580684 ], [ 18.021177936877685, 45.158298759187133 ], [ 18.022478994350521, 45.156147803372761 ], [ 18.020645022959673, 45.151467828821609 ], [ 18.017615287342451, 45.155074815339994 ] ] ] ] } },
{ "type": "Feature", "properties": { "BM": 2990, "data": { "Oznaka Gr/Op/Dr": "grad", "Grad/općina/država": "SLAVONSKI BROD", "Rbr BM": 5, "Naziv BM": "MJESNI ODBOR LUTVINKA", "Lokacija BM": "ŽUPANIJSKA UPRAVA ZA CESTE BRODSKO-POSAVSKE ŽUPANIJE", "Adresa BM": "SLAVONSKI BROD, IVANA GORANA KOVAČIĆA 58", "Glasovalo birača": 178, "Glasovalo birača (po listićima)": 178, "Važeći listići": 169, "Nevažeći listići": 9 }, "latitude": 45.1624866, "longitude": 18.0235495, "population": 315 }, "geometry": { "type": "MultiPolygon", "coordinates": [ [ [ [ 18.02607773038045, 45.170580623063358 ], [ 18.026662105621433, 45.170642279478862 ], [ 18.028665558778055, 45.166408022264775 ], [ 18.028122237316186, 45.164650200125372 ], [ 18.0252528873364, 45.16070549758237 ], [ 18.021846866235091, 45.160361284226703 ], [ 18.020403396516365, 45.163126954186289 ], [ 18.02607773038045, 45.170580623063358 ] ] ] ] } },
{ "type": "Feature", "properties": { "BM": 2989, "data": { "Oznaka Gr/Op/Dr": "grad", "Grad/općina/država": "SLAVONSKI BROD", "Rbr BM": 4, "Naziv BM": "MJESNI ODBOR LUTVINKA", "Lokacija BM": "MJESNI ODBOR LUTVINKA SLAVONSKI BROD", "Adresa BM": "SLAVONSKI BROD,  NIKOLE ZRINSKOG 86", "Glasovalo birača": 310, "Glasovalo birača (po listićima)": 310, "Važeći listići": 297, "Nevažeći listići": 13 }, "latitude": 45.1586196, "longitude": 18.0239403, "population": 503 }, "geometry": { "type": "MultiPolygon", "coordinates": [ [ [ [ 18.021846866235091, 45.160361284226703 ], [ 18.0252528873364, 45.16070549758237 ], [ 18.025904153531641, 45.158436729756659 ], [ 18.024085869410122, 45.156340580114751 ], [ 18.022478994350521, 45.156147803372761 ], [ 18.021177936877685, 45.158298759187133 ], [ 18.021846866235091, 45.160361284226703 ] ] ] ] } },
{ "type": "Feature", "properties": { "BM": 2986, "data": { "Oznaka Gr/Op/Dr": "grad", "Grad/općina/država": "SLAVONSKI BROD", "Rbr BM": 1, "Naziv BM": "MJESNI ODBOR LUTVINKA", "Lokacija BM": "RADNIČKI DOM SLAVONSKI BROD", "Adresa BM": "SLAVONSKI BROD RADNIČKI TRG 5", "Glasovalo birača": 329, "Glasovalo birača (po listićima)": 329, "Važeći listići": 322, "Nevažeći listići": 7 }, "latitude": 45.1540918, "longitude": 18.0244835, "population": 530 }, "geometry": { "type": "MultiPolygon", "coordinates": [ [ [ [ 18.021027945406896, 45.147687824608106 ], [ 18.020645022959673, 45.151467828821609 ], [ 18.022478994350521, 45.156147803372761 ], [ 18.024085869410122, 45.156340580114751 ], [ 18.026652966863836, 45.154352682304939 ], [ 18.022834911852243, 45.145634149641417 ], [ 18.021027945406896, 45.147687824608106 ] ] ] ] } },
{ "type": "Feature", "properties": { "BM": 2988, "data": { "Oznaka Gr/Op/Dr": "grad", "Grad/općina/država": "SLAVONSKI BROD", "Rbr BM": 3, "Naziv BM": "MJESNI ODBOR LUTVINKA", "Lokacija BM": "OSNOVNA ŠKOLA MILAN AMRUŠ SLAVONSKI BROD", "Adresa BM": "SLAVONSKI BROD,  NIKOLE ZRINSKOG 100", "Glasovalo birača": 298, "Glasovalo birača (po listićima)": 298, "Važeći listići": 286, "Nevažeći listići": 12 }, "latitude": 45.1596334, "longitude": 18.027472, "population": 492 }, "geometry": { "type": "MultiPolygon", "coordinates": [ [ [ [ 18.028122237316186, 45.164650200125372 ], [ 18.029379586947922, 45.158454132725957 ], [ 18.028578441814389, 45.157484288209027 ], [ 18.025904153531641, 45.158436729756659 ], [ 18.0252528873364, 45.16070549758237 ], [ 18.028122237316186, 45.164650200125372 ] ] ] ] } },
{ "type": "Feature", "properties": { "BM": 2987, "data": { "Oznaka Gr/Op/Dr": "grad", "Grad/općina/država": "SLAVONSKI BROD", "Rbr BM": 2, "Naziv BM": "MJESNI ODBOR LUTVINKA", "Lokacija BM": "OBRTNIČKA ŠKOLA SLAVONSKI BROD", "Adresa BM": "SLAVONSKI BROD, VLADIMIRA NAZORA 9", "Glasovalo birača": 366, "Glasovalo birača (po listićima)": 366, "Važeći listići": 360, "Nevažeći listići": 6 }, "latitude": 45.1565184, "longitude": 18.0263626, "population": 593 }, "geometry": { "type": "MultiPolygon", "coordinates": [ [ [ [ 18.025904153531641, 45.158436729756659 ], [ 18.028578441814389, 45.157484288209027 ], [ 18.028723406227208, 45.155178281176305 ], [ 18.026652966863836, 45.154352682304939 ], [ 18.024085869410122, 45.156340580114751 ], [ 18.025904153531641, 45.158436729756659 ] ] ] ] } },
{ "type": "Feature", "properties": { "BM": 3037, "data": { "Oznaka Gr/Op/Dr": "grad", "Grad/općina/država": "SLAVONSKI BROD", "Rbr BM": 52, "Naziv BM": "MJESNI ODBOR ANDRIJA HEBRANG", "Lokacija BM": "MJESNI DOM - VELIKA SALA", "Adresa BM": "SLAVONSKI BROD, OSJEČKA 24", "Glasovalo birača": 202, "Glasovalo birača (po listićima)": 202, "Važeći listići": 196, "Nevažeći listići": 6 }, "latitude": 45.1602837, "longitude": 18.0306766, "population": 360 }, "geometry": { "type": "MultiPolygon", "coordinates": [ [ [ [ 18.028665558778055, 45.166408022264775 ], [ 18.033521095686609, 45.163680511547462 ], [ 18.034160345951143, 45.163075087313807 ], [ 18.030836561386494, 45.158546737388285 ], [ 18.029379586947922, 45.158454132725957 ], [ 18.028122237316186, 45.164650200125372 ], [ 18.028665558778055, 45.166408022264775 ] ] ] ] } },
{ "type": "Feature", "properties": { "BM": 3038, "data": { "Oznaka Gr/Op/Dr": "grad", "Grad/općina/država": "SLAVONSKI BROD", "Rbr BM": 53, "Naziv BM": "MJESNI ODBOR DR. ANTE STARČEVIĆ", "Lokacija BM": "OSNOVNA ŠKOLA BOGOSLAV ŠULEK SLAVONSKI BROD", "Adresa BM": "SLAVONSKI BROD, ALEJA MIROSLAVA KRLEŽE 2", "Glasovalo birača": 552, "Glasovalo birača (po listićima)": 552, "Važeći listići": 541, "Nevažeći listići": 11 }, "latitude": 45.167877, "longitude": 18.034942, "population": 1047 }, "geometry": { "type": "MultiPolygon", "coordinates": [ [ [ [ 18.026662105621433, 45.170642279478862 ], [ 18.03270789369418, 45.17844588591533 ], [ 18.034465607718833, 45.179043092603472 ], [ 18.039695575297753, 45.179794249069673 ], [ 18.040907744833561, 45.176786952233158 ], [ 18.036432876251769, 45.168194429972438 ], [ 18.033521095686609, 45.163680511547462 ], [ 18.028665558778055, 45.166408022264775 ], [ 18.026662105621433, 45.170642279478862 ] ] ] ] } },
{ "type": "Feature", "properties": { "BM": 3409, "data": { "Oznaka Gr/Op/Dr": "općina", "Grad/općina/država": "PODCRKAVLJE", "Rbr BM": 3, "Naziv BM": "GRABARJE", "Lokacija BM": "DRUŠTVENI DOM U GRABARJU", "Adresa BM": "GRABARJE", "Glasovalo birača": 151, "Glasovalo birača (po listićima)": 151, "Važeći listići": 138, "Nevažeći listići": 13 }, "latitude": 45.2159101, "longitude": 18.0311461, "population": 260 }, "geometry": { "type": "MultiPolygon", "coordinates": [ [ [ [ 18.026350658913064, 45.23396462790415 ], [ 18.028103962446849, 45.233949461945883 ], [ 18.048891437263187, 45.21764196775684 ], [ 18.018050431587344, 45.203805727511501 ], [ 18.015787420247836, 45.203879679235804 ], [ 18.026350658913064, 45.23396462790415 ] ] ] ] } },
{ "type": "Feature", "properties": { "BM": 2991, "data": { "Oznaka Gr/Op/Dr": "grad", "Grad/općina/država": "SLAVONSKI BROD", "Rbr BM": 6, "Naziv BM": "MJESNI ODBOR ANDRIJA HEBRANG", "Lokacija BM": "MJESNI ODBOR ANDRIJA HEBRANG, DOM, SLAVONSKI BROD", "Adresa BM": "SLAVONSKI BROD,  NASELJE ANDRIJA HEBRANG BLOK 6/1", "Glasovalo birača": 547, "Glasovalo birača (po listićima)": 547, "Važeći listići": 537, "Nevažeći listići": 10 }, "latitude": 45.1568035, "longitude": 18.0308978, "population": 936 }, "geometry": { "type": "MultiPolygon", "coordinates": [ [ [ [ 18.028578441814389, 45.157484288209027 ], [ 18.029379586947922, 45.158454132725957 ], [ 18.030836561386494, 45.158546737388285 ], [ 18.035882820703865, 45.154617858940931 ], [ 18.035744919545532, 45.154547269917614 ], [ 18.030218725219068, 45.154128076442504 ], [ 18.028723406227208, 45.155178281176305 ], [ 18.028578441814389, 45.157484288209027 ] ] ] ] } },
{ "type": "Feature", "properties": { "BM": 3411, "data": { "Oznaka Gr/Op/Dr": "općina", "Grad/općina/država": "PODCRKAVLJE", "Rbr BM": 5, "Naziv BM": "ORIOVČIĆ", "Lokacija BM": "DRUŠTVENI DOM U ORIOVČIĆU", "Adresa BM": "ORIOVČIĆ", "Glasovalo birača": 36, "Glasovalo birača (po listićima)": 36, "Važeći listići": 33, "Nevažeći listići": 3 }, "latitude": 45.2519335, "longitude": 18.0314577, "population": 71 }, "geometry": { "type": "MultiPolygon", "coordinates": [ [ [ [ 18.01635068560751, 45.24089340080598 ], [ 18.022452383256866, 45.277846499109565 ], [ 18.03608420944418, 45.277113661303481 ], [ 18.058504954113822, 45.261148724574156 ], [ 18.028103962446849, 45.233949461945883 ], [ 18.026350658913064, 45.23396462790415 ], [ 18.01635068560751, 45.24089340080598 ] ] ] ] } },
{ "type": "Feature", "properties": { "BM": 3015, "data": { "Oznaka Gr/Op/Dr": "grad", "Grad/općina/država": "SLAVONSKI BROD", "Rbr BM": 30, "Naziv BM": "MJESNI ODBOR PODVINJE", "Lokacija BM": "MJESNI ODBOR PODVINJE, DOM", "Adresa BM": "PODVINJE, TRG SVETOG ANTUNA 4", "Glasovalo birača": 531, "Glasovalo birača (po listićima)": 531, "Važeći listići": 517, "Nevažeći listići": 14 }, "latitude": 45.1898919, "longitude": 18.0317801, "population": 1051 }, "geometry": { "type": "MultiPolygon", "coordinates": [ [ [ [ 18.030006273692059, 45.188829965796806 ], [ 18.035376621886442, 45.196785509658753 ], [ 18.041510110645365, 45.182106133046574 ], [ 18.039695575297753, 45.179794249069673 ], [ 18.034465607718833, 45.179043092603472 ], [ 18.030006273692059, 45.188829965796806 ] ] ] ] } },
{ "type": "Feature", "properties": { "BM": 3050, "data": { "Oznaka Gr/Op/Dr": "grad", "Grad/općina/država": "SLAVONSKI BROD", "Rbr BM": 65, "Naziv BM": "MJESNI ODBOR JOSIP JURAJ STROSSMAYER", "Lokacija BM": "OSNOVNA ŠKOLA VLADIMIR NAZOR SLAVONSKI BROD", "Adresa BM": "SLAVONSKI BROD, FRANJE MARINIĆA 9", "Glasovalo birača": 400, "Glasovalo birača (po listićima)": 398, "Važeći listići": 387, "Nevažeći listići": 11 }, "latitude": 45.1515857, "longitude": 18.0312936, "population": 732 }, "geometry": { "type": "MultiPolygon", "coordinates": [ [ [ [ 18.030218725219068, 45.154128076442504 ], [ 18.035744919545532, 45.154547269917614 ], [ 18.025994337083048, 45.139868167871725 ], [ 18.030218725219068, 45.154128076442504 ] ] ] ] } },
{ "type": "Feature", "properties": { "BM": 3408, "data": { "Oznaka Gr/Op/Dr": "općina", "Grad/općina/država": "PODCRKAVLJE", "Rbr BM": 2, "Naziv BM": "RASTUŠJE", "Lokacija BM": "DRUŠTVENI DOM U RASTUŠJU", "Adresa BM": "RASTUŠJE", "Glasovalo birača": 122, "Glasovalo birača (po listićima)": 122, "Važeći listići": 120, "Nevažeći listići": 2 }, "latitude": 45.205539, "longitude": 18.0357989, "population": 219 }, "geometry": { "type": "MultiPolygon", "coordinates": [ [ [ [ 18.018050431587344, 45.203805727511501 ], [ 18.048891437263187, 45.21764196775684 ], [ 18.054234263161376, 45.21574731043372 ], [ 18.055266082437356, 45.210155232439952 ], [ 18.035194961742391, 45.197410486253801 ], [ 18.018050431587344, 45.203805727511501 ] ] ] ] } },
{ "type": "Feature", "properties": { "BM": 2992, "data": { "Oznaka Gr/Op/Dr": "grad", "Grad/općina/država": "SLAVONSKI BROD", "Rbr BM": 7, "Naziv BM": "MJESNI ODBOR ANDRIJA HEBRANG", "Lokacija BM": "OSNOVNA ŠKOLA DRAGUTIN TADIJANOVIĆ SLAVONSKI BROD", "Adresa BM": "SLAVONSKI BROD,  NASELJE ANDRIJA HEBRANG  12/1", "Glasovalo birača": 402, "Glasovalo birača (po listićima)": 402, "Važeći listići": 396, "Nevažeći listići": 6 }, "latitude": 45.1589148, "longitude": 18.0325416, "population": 614 }, "geometry": { "type": "MultiPolygon", "coordinates": [ [ [ [ 18.034160345951143, 45.163075087313807 ], [ 18.038872687302142, 45.16052441649564 ], [ 18.04070164346216, 45.159482718899341 ], [ 18.039389576424011, 45.155419619763869 ], [ 18.035882820703865, 45.154617858940931 ], [ 18.030836561386494, 45.158546737388285 ], [ 18.034160345951143, 45.163075087313807 ] ] ] ] } },
{ "type": "Feature", "properties": { "BM": 3051, "data": { "Oznaka Gr/Op/Dr": "grad", "Grad/općina/država": "SLAVONSKI BROD", "Rbr BM": 66, "Naziv BM": "MJESNI ODBOR JOSIP JURAJ STROSSMAYER", "Lokacija BM": "SLAVONIJA DI, SLAVONSKI BROD", "Adresa BM": "SLAVONSKI BROD, SVETOG LOVRE 75", "Glasovalo birača": 369, "Glasovalo birača (po listićima)": 369, "Važeći listići": 358, "Nevažeći listići": 11 }, "latitude": 45.1542496, "longitude": 18.0469884, "population": 865 }, "geometry": { "type": "MultiPolygon", "coordinates": [ [ [ [ 18.0526025, 45.1424847 ], [ 18.0489083, 45.1416188 ], [ 18.0465788, 45.1406862 ], [ 18.045583699905215, 45.140105178689872 ], [ 18.039389576424011, 45.155419619763869 ], [ 18.04070164346216, 45.159482718899341 ], [ 18.047362484248147, 45.164773077074742 ], [ 18.055742545087515, 45.162954172232297 ], [ 18.055768742972731, 45.142985574594555 ], [ 18.0526025, 45.1424847 ] ] ] ] } },
{ "type": "Feature", "properties": { "BM": 3327, "data": { "Oznaka Gr/Op/Dr": "općina", "Grad/općina/država": "KLAKAR", "Rbr BM": 2, "Naziv BM": "RUŠČICA", "Lokacija BM": "MJESNI DOM U RUŠČICI", "Adresa BM": "RUŠČICA, IVANE BRLIĆ MAŽURANIĆ 3", "Glasovalo birača": 320, "Glasovalo birača (po listićima)": 320, "Važeći listići": 307, "Nevažeći listići": 13 }, "latitude": 45.1470306, "longitude": 18.0791506, "population": 511 }, "geometry": { "type": "MultiPolygon", "coordinates": [ [ [ [ 18.0712149, 45.1094364 ], [ 18.0716384, 45.1099529 ], [ 18.0723443, 45.1104028 ], [ 18.072718028905694, 45.110620740404919 ], [ 18.071086857756313, 45.109154320156257 ], [ 18.0712149, 45.1094364 ] ] ], [ [ [ 18.08438, 45.1222192 ], [ 18.080608, 45.1269997 ], [ 18.0767664, 45.1331103 ], [ 18.0753327, 45.1360065 ], [ 18.0746268, 45.1375387 ], [ 18.0738738, 45.1385379 ], [ 18.0730502, 45.1393706 ], [ 18.0723208, 45.1400201 ], [ 18.0714267, 45.1406029 ], [ 18.0702972, 45.1412024 ], [ 18.0684148, 45.1420184 ], [ 18.067684381164849, 45.142265953660036 ], [ 18.071535575188012, 45.150046567423132 ], [ 18.085754410671985, 45.164693525024646 ], [ 18.085945644412053, 45.164691064681683 ], [ 18.105193843201612, 45.139816445400847 ], [ 18.084813649254038, 45.121494683709777 ], [ 18.08438, 45.1222192 ] ] ] ] } },
{ "type": "Feature", "properties": { "BM": 3407, "data": { "Oznaka Gr/Op/Dr": "općina", "Grad/općina/država": "PODCRKAVLJE", "Rbr BM": 1, "Naziv BM": "TOMICA", "Lokacija BM": "DRUŠTVENI DOM U TOMICI", "Adresa BM": "TOMICA", "Glasovalo birača": 231, "Glasovalo birača (po listićima)": 231, "Važeći listići": 224, "Nevažeći listići": 7 }, "latitude": 45.1944999, "longitude": 18.0428085, "population": 413 }, "geometry": { "type": "MultiPolygon", "coordinates": [ [ [ [ 18.035194961742391, 45.197410486253801 ], [ 18.055266082437356, 45.210155232439952 ], [ 18.059901631336526, 45.201971570723828 ], [ 18.053456954068103, 45.187230348520615 ], [ 18.041510110645365, 45.182106133046574 ], [ 18.035376621886442, 45.196785509658753 ], [ 18.035194961742391, 45.197410486253801 ] ] ] ] } },
{ "type": "Feature", "properties": { "BM": 3041, "data": { "Oznaka Gr/Op/Dr": "grad", "Grad/općina/država": "SLAVONSKI BROD", "Rbr BM": 56, "Naziv BM": "MJESNI ODBOR DR. ANTE STARČEVIĆ", "Lokacija BM": "DJEČJI VRTIĆ KOSJENKA SLAVONSKI BROD", "Adresa BM": "SLAVONSKI BROD, ALEJA MIROSLAVA KRLEŽE 3", "Glasovalo birača": 383, "Glasovalo birača (po listićima)": 383, "Važeći listići": 368, "Nevažeći listići": 15 }, "latitude": 45.1667053, "longitude": 18.0367584, "population": 740 }, "geometry": { "type": "MultiPolygon", "coordinates": [ [ [ [ 18.033521095686609, 45.163680511547462 ], [ 18.036432876251769, 45.168194429972438 ], [ 18.038872687302142, 45.16052441649564 ], [ 18.034160345951143, 45.163075087313807 ], [ 18.033521095686609, 45.163680511547462 ] ] ] ] } },
{ "type": "Feature", "properties": { "BM": 3044, "data": { "Oznaka Gr/Op/Dr": "grad", "Grad/općina/država": "SLAVONSKI BROD", "Rbr BM": 59, "Naziv BM": "MJESNI ODBOR DR. ANTE STARČEVIĆ", "Lokacija BM": "MJESNI DOM SLAVONSKI BROD", "Adresa BM": "SLAVONSKI BROD, ALEJA MIROSLAVA KRLEŽE 4", "Glasovalo birača": 329, "Glasovalo birača (po listićima)": 329, "Važeći listići": 322, "Nevažeći listići": 7 }, "latitude": 45.1667909, "longitude": 18.0370275, "population": 661 }, "geometry": { "type": "MultiPolygon", "coordinates": [ [ [ [ 18.038872687302142, 45.16052441649564 ], [ 18.036432876251769, 45.168194429972438 ], [ 18.040907744833561, 45.176786952233158 ], [ 18.047362484248147, 45.164773077074742 ], [ 18.04070164346216, 45.159482718899341 ], [ 18.038872687302142, 45.16052441649564 ] ] ] ] } },
{ "type": "Feature", "properties": { "BM": 3410, "data": { "Oznaka Gr/Op/Dr": "općina", "Grad/općina/država": "PODCRKAVLJE", "Rbr BM": 4, "Naziv BM": "KINDROVO", "Lokacija BM": "DRUŠTVENI DOM U KINDROVU", "Adresa BM": "KINDROVO", "Glasovalo birača": 41, "Glasovalo birača (po listićima)": 41, "Važeći listići": 41, "Nevažeći listići": 0 }, "latitude": 45.2352894, "longitude": 18.0463489, "population": 68 }, "geometry": { "type": "MultiPolygon", "coordinates": [ [ [ [ 18.028103962446849, 45.233949461945883 ], [ 18.058504954113822, 45.261148724574156 ], [ 18.077718766779839, 45.256907022958501 ], [ 18.071986968693714, 45.238432252377102 ], [ 18.054234263161376, 45.21574731043372 ], [ 18.048891437263187, 45.21764196775684 ], [ 18.028103962446849, 45.233949461945883 ] ] ] ] } },
{ "type": "Feature", "properties": { "BM": 3043, "data": { "Oznaka Gr/Op/Dr": "grad", "Grad/općina/država": "SLAVONSKI BROD", "Rbr BM": 58, "Naziv BM": "MJESNI ODBOR DR. ANTE STARČEVIĆ", "Lokacija BM": "HRVATSKE ŠUME SLAVONSKI BROD", "Adresa BM": "SLAVONSKI BROD, OSJEČKA 282", "Glasovalo birača": 440, "Glasovalo birača (po listićima)": 440, "Važeći listići": 430, "Nevažeći listići": 10 }, "latitude": 45.1745047, "longitude": 18.0513848, "population": 933 }, "geometry": { "type": "MultiPolygon", "coordinates": [ [ [ [ 18.041510110645365, 45.182106133046574 ], [ 18.053456954068103, 45.187230348520615 ], [ 18.064548411048719, 45.170738093824198 ], [ 18.058630234690199, 45.164828863273975 ], [ 18.055742545087515, 45.162954172232297 ], [ 18.047362484248147, 45.164773077074742 ], [ 18.040907744833561, 45.176786952233158 ], [ 18.039695575297753, 45.179794249069673 ], [ 18.041510110645365, 45.182106133046574 ] ] ] ] } },
{ "type": "Feature", "properties": { "BM": 3182, "data": { "Oznaka Gr/Op/Dr": "općina", "Grad/općina/država": "BUKOVLJE", "Rbr BM": 1, "Naziv BM": "BUKOVLJE", "Lokacija BM": "DRUŠTVENI DOM BUKOVLJE", "Adresa BM": "BUKOVLJE, JOSIPA KOZARCA 20", "Glasovalo birača": 469, "Glasovalo birača (po listićima)": 469, "Važeći listići": 445, "Nevažeći listići": 24 }, "latitude": 45.1843502, "longitude": 18.0660244, "population": 901 }, "geometry": { "type": "MultiPolygon", "coordinates": [ [ [ [ 18.059901631336526, 45.201971570723828 ], [ 18.074677673006416, 45.197256986700886 ], [ 18.071181143763184, 45.171300459726453 ], [ 18.064548411048719, 45.170738093824198 ], [ 18.053456954068103, 45.187230348520615 ], [ 18.059901631336526, 45.201971570723828 ] ] ] ] } },
{ "type": "Feature", "properties": { "BM": 3186, "data": { "Oznaka Gr/Op/Dr": "općina", "Grad/općina/država": "BUKOVLJE", "Rbr BM": 5, "Naziv BM": "JEŽEVIK", "Lokacija BM": "DRUŠTVENI DOM JEŽEVIK", "Adresa BM": "JEŽEVIK 24", "Glasovalo birača": 33, "Glasovalo birača (po listićima)": 33, "Važeći listići": 28, "Nevažeći listići": 5 }, "latitude": 45.2127904, "longitude": 18.0750988, "population": 49 }, "geometry": { "type": "MultiPolygon", "coordinates": [ [ [ [ 18.054234263161376, 45.21574731043372 ], [ 18.071986968693714, 45.238432252377102 ], [ 18.088767729334709, 45.206508659730261 ], [ 18.08780166268556, 45.199211674198018 ], [ 18.074677673006416, 45.197256986700886 ], [ 18.059901631336526, 45.201971570723828 ], [ 18.055266082437356, 45.210155232439952 ], [ 18.054234263161376, 45.21574731043372 ] ] ] ] } },
{ "type": "Feature", "properties": { "BM": 3259, "data": { "Oznaka Gr/Op/Dr": "općina", "Grad/općina/država": "GORNJA VRBA", "Rbr BM": 3, "Naziv BM": "GORNJA VRBA", "Lokacija BM": "PODRUČNA ŠKOLA \"VLADIMIR NAZOR\" U GORNJOJ VRBI", "Adresa BM": "GORNJA VRBA, ULICA VRBSKIH ŽRTAVA 102", "Glasovalo birača": 211, "Glasovalo birača (po listićima)": 211, "Važeći listići": 205, "Nevažeći listići": 6 }, "latitude": 45.1542726, "longitude": 18.0645195, "population": 401 }, "geometry": { "type": "MultiPolygon", "coordinates": [ [ [ [ 18.067684381164845, 45.142265953660036 ], [ 18.0667442, 45.1425846 ], [ 18.0651441, 45.1430009 ], [ 18.0629558, 45.1432674 ], [ 18.0600522, 45.1434388 ], [ 18.0566027, 45.1431175 ], [ 18.055768742972731, 45.142985574594555 ], [ 18.055742545087515, 45.162954172232297 ], [ 18.058630234690199, 45.164828863273975 ], [ 18.071535575188012, 45.150046567423132 ], [ 18.067684381164845, 45.142265953660036 ] ] ] ] } },
{ "type": "Feature", "properties": { "BM": 3257, "data": { "Oznaka Gr/Op/Dr": "općina", "Grad/općina/država": "GORNJA VRBA", "Rbr BM": 1, "Naziv BM": "GORNJA VRBA", "Lokacija BM": "MJESNI DOM GORNJA VRBA", "Adresa BM": "GORNJA VRBA, BRAĆE RADIĆ 1", "Glasovalo birača": 438, "Glasovalo birača (po listićima)": 438, "Važeći listići": 414, "Nevažeći listići": 24 }, "latitude": 45.1575688, "longitude": 18.0682951, "population": 872 }, "geometry": { "type": "MultiPolygon", "coordinates": [ [ [ [ 18.058630234690199, 45.164828863273975 ], [ 18.064548411048719, 45.170738093824198 ], [ 18.071181143763184, 45.171300459726453 ], [ 18.085754410671985, 45.164693525024646 ], [ 18.071535575188012, 45.150046567423132 ], [ 18.058630234690199, 45.164828863273975 ] ] ] ] } },
{ "type": "Feature", "properties": { "BM": 3185, "data": { "Oznaka Gr/Op/Dr": "općina", "Grad/općina/država": "BUKOVLJE", "Rbr BM": 4, "Naziv BM": "KORDUŠEVCI", "Lokacija BM": "DRUŠTVENI DOM KORDUŠEVCI", "Adresa BM": "KORDUŠEVCI 34", "Glasovalo birača": 76, "Glasovalo birača (po listićima)": 76, "Važeći listići": 73, "Nevažeći listići": 3 }, "latitude": 45.2213297, "longitude": 18.0913439, "population": 134 }, "geometry": { "type": "MultiPolygon", "coordinates": [ [ [ [ 18.077718766779839, 45.256907022958501 ], [ 18.091437447655306, 45.263522018442629 ], [ 18.104736135875118, 45.222404180189841 ], [ 18.088767729334709, 45.206508659730261 ], [ 18.071986968693714, 45.238432252377102 ], [ 18.077718766779839, 45.256907022958501 ] ] ] ] } },
{ "type": "Feature", "properties": { "BM": 3184, "data": { "Oznaka Gr/Op/Dr": "općina", "Grad/općina/država": "BUKOVLJE", "Rbr BM": 3, "Naziv BM": "VRANOVCI", "Lokacija BM": "DRUŠTVENI DOM VRANOVCI", "Adresa BM": "VRANOVCI, SLAVONSKA 14", "Glasovalo birača": 309, "Glasovalo birača (po listićima)": 308, "Važeći listići": 290, "Nevažeći listići": 18 }, "latitude": 45.1825205, "longitude": 18.0796072, "population": 525 }, "geometry": { "type": "MultiPolygon", "coordinates": [ [ [ [ 18.071181143763184, 45.171300459726453 ], [ 18.074677673006416, 45.197256986700886 ], [ 18.08780166268556, 45.199211674198018 ], [ 18.100377735878084, 45.187823746006643 ], [ 18.085945644412053, 45.164691064681683 ], [ 18.085754410671985, 45.164693525024646 ], [ 18.071181143763184, 45.171300459726453 ] ] ] ] } },
{ "type": "Feature", "properties": { "BM": 3329, "data": { "Oznaka Gr/Op/Dr": "općina", "Grad/općina/država": "KLAKAR", "Rbr BM": 4, "Naziv BM": "DONJA BEBRINA", "Lokacija BM": "MJESNI DOM U DONJOJ BEBRINI", "Adresa BM": "DONJA BEBRINA 63", "Glasovalo birača": 183, "Glasovalo birača (po listićima)": 183, "Važeći listići": 176, "Nevažeći listići": 7 }, "latitude": 45.0968606, "longitude": 18.185019, "population": 299 }, "geometry": { "type": "MultiPolygon", "coordinates": [ [ [ [ 18.2201843, 45.1017712 ], [ 18.2211255, 45.1009213 ], [ 18.2215255, 45.1001047 ], [ 18.2217373, 45.0994548 ], [ 18.2217678, 45.0988916 ], [ 18.2216903, 45.0978882 ], [ 18.2213528, 45.09689 ], [ 18.2185867, 45.0934727 ], [ 18.2146879, 45.0895289 ], [ 18.2144964, 45.0893352 ], [ 18.2139534, 45.0887859 ], [ 18.2100808, 45.0853682 ], [ 18.2071361, 45.08331 ], [ 18.2029536, 45.0810043 ], [ 18.1992185, 45.0792196 ], [ 18.1973863, 45.0786923 ], [ 18.1969964, 45.0785869 ], [ 18.1964811, 45.0784174 ], [ 18.1962538, 45.0783685 ], [ 18.196147, 45.0783378 ], [ 18.1959711, 45.0782736 ], [ 18.1957674, 45.078208 ], [ 18.1954847, 45.0781298 ], [ 18.1951493, 45.0779712 ], [ 18.191807, 45.0773191 ], [ 18.1880899, 45.0768229 ], [ 18.1823478, 45.0767022 ], [ 18.1763476, 45.076919 ], [ 18.1720181, 45.0772357 ], [ 18.1676895, 45.0780925 ], [ 18.1640414, 45.0790863 ], [ 18.1606358, 45.0804365 ], [ 18.158739048644151, 45.081324274558931 ], [ 18.159179514689058, 45.099066530687715 ], [ 18.186850916429691, 45.117167748665693 ], [ 18.218891420333875, 45.102626923348943 ], [ 18.2201843, 45.1017712 ] ] ] ] } },
{ "type": "Feature", "properties": { "BM": 3187, "data": { "Oznaka Gr/Op/Dr": "općina", "Grad/općina/država": "BUKOVLJE", "Rbr BM": 6, "Naziv BM": "ŠUŠNJEVCI", "Lokacija BM": "DRUŠTVENI DOM ŠUŠNJEVCI", "Adresa BM": "ŠUŠNJEVCI, TRG SVETOG MIHOVILA 1", "Glasovalo birača": 121, "Glasovalo birača (po listićima)": 121, "Važeći listići": 118, "Nevažeći listići": 3 }, "latitude": 45.209017, "longitude": 18.1036004, "population": 205 }, "geometry": { "type": "MultiPolygon", "coordinates": [ [ [ [ 18.08780166268556, 45.199211674198018 ], [ 18.088767729334709, 45.206508659730261 ], [ 18.104736135875118, 45.222404180189841 ], [ 18.12554718274464, 45.209503062769464 ], [ 18.128179544219002, 45.199906387168021 ], [ 18.122670175253475, 45.188429305403716 ], [ 18.100377735878084, 45.187823746006643 ], [ 18.08780166268556, 45.199211674198018 ] ] ] ] } },
{ "type": "Feature", "properties": { "BM": 3253, "data": { "Oznaka Gr/Op/Dr": "općina", "Grad/općina/država": "GARČIN", "Rbr BM": 6, "Naziv BM": "VRHOVINA", "Lokacija BM": "DRUŠTVENI DOM U VRHOVINI", "Adresa BM": "VRHOVINA", "Glasovalo birača": 103, "Glasovalo birača (po listićima)": 103, "Važeći listići": 96, "Nevažeći listići": 7 }, "latitude": 45.2293757, "longitude": 18.1162211, "population": 177 }, "geometry": { "type": "MultiPolygon", "coordinates": [ [ [ [ 18.093782696284034, 45.265770447893033 ], [ 18.139610847056698, 45.253503283976485 ], [ 18.12554718274464, 45.209503062769464 ], [ 18.104736135875118, 45.222404180189841 ], [ 18.091437447655306, 45.263522018442629 ], [ 18.093782696284034, 45.265770447893033 ] ] ] ] } },
{ "type": "Feature", "properties": { "BM": 3261, "data": { "Oznaka Gr/Op/Dr": "općina", "Grad/općina/država": "GORNJA VRBA", "Rbr BM": 5, "Naziv BM": "DONJA VRBA", "Lokacija BM": "NOVI MJESNI DOM U DONJOJ VRBI", "Adresa BM": "DONJA VRBA, ULICA SV. FILIPA I JAKOVA 139", "Glasovalo birača": 157, "Glasovalo birača (po listićima)": 157, "Važeći listići": 148, "Nevažeći listići": 9 }, "latitude": 45.1668367, "longitude": 18.1047462, "population": 257 }, "geometry": { "type": "MultiPolygon", "coordinates": [ [ [ [ 18.100377735878084, 45.187823746006643 ], [ 18.122670175253475, 45.188429305403716 ], [ 18.129785271265639, 45.171752618110538 ], [ 18.127264619270385, 45.141814013899065 ], [ 18.105193843201612, 45.139816445400847 ], [ 18.085945644412053, 45.164691064681683 ], [ 18.100377735878084, 45.187823746006643 ] ] ] ] } },
{ "type": "Feature", "properties": { "BM": 3254, "data": { "Oznaka Gr/Op/Dr": "općina", "Grad/općina/država": "GARČIN", "Rbr BM": 7, "Naziv BM": "KLOKOČEVIK", "Lokacija BM": "DRUŠTVENI DOM U KLOKOČEVIKU", "Adresa BM": "KLOKOČEVIK", "Glasovalo birača": 201, "Glasovalo birača (po listićima)": 201, "Važeći listići": 189, "Nevažeći listići": 12 }, "latitude": 45.2202825, "longitude": 18.1446705, "population": 410 }, "geometry": { "type": "MultiPolygon", "coordinates": [ [ [ [ 18.12554718274464, 45.209503062769464 ], [ 18.139610847056698, 45.253503283976485 ], [ 18.15071489160114, 45.255742178176121 ], [ 18.186538254139393, 45.22389340371231 ], [ 18.177924743733694, 45.214934982902527 ], [ 18.159413536561321, 45.20543309949619 ], [ 18.128179544219002, 45.199906387168021 ], [ 18.12554718274464, 45.209503062769464 ] ] ] ] } },
{ "type": "Feature", "properties": { "BM": 3256, "data": { "Oznaka Gr/Op/Dr": "općina", "Grad/općina/država": "GARČIN", "Rbr BM": 9, "Naziv BM": "ZADUBRAVLJE", "Lokacija BM": "OSNOVNA ŠKOLA U ZADUBRAVLJU", "Adresa BM": "ZADUBRAVLJE", "Glasovalo birača": 418, "Glasovalo birača (po listićima)": 418, "Važeći listići": 403, "Nevažeći listići": 15 }, "latitude": 45.1627193, "longitude": 18.1536499, "population": 670 }, "geometry": { "type": "MultiPolygon", "coordinates": [ [ [ [ 18.129785271265639, 45.171752618110538 ], [ 18.155356184455943, 45.174976298384379 ], [ 18.171706747931953, 45.168137211952228 ], [ 18.17193666777144, 45.167766847092253 ], [ 18.173305087627437, 45.14768391035463 ], [ 18.135673577740668, 45.134341444540425 ], [ 18.127264619270385, 45.141814013899065 ], [ 18.129785271265639, 45.171752618110538 ] ] ] ] } },
{ "type": "Feature", "properties": { "BM": 3447, "data": { "Oznaka Gr/Op/Dr": "općina", "Grad/općina/država": "SLAVONSKI ŠAMAC", "Rbr BM": 2, "Naziv BM": "SLAVONSKI ŠAMAC", "Lokacija BM": "DRUŠTVENI DOM U SLAVONSKOM ŠAMCU", "Adresa BM": "SLAVONSKI ŠAMAC, KRALJA ZVONIMIRA 55", "Glasovalo birača": 213, "Glasovalo birača (po listićima)": 213, "Važeći listići": 206, "Nevažeći listići": 7 }, "latitude": 45.0658177, "longitude": 18.4861057, "population": 475 }, "geometry": { "type": "MultiPolygon", "coordinates": [ [ [ [ 18.484832680668234, 45.060992062199212 ], [ 18.4839165, 45.0609059 ], [ 18.4787533, 45.0616714 ], [ 18.4778631, 45.0619825 ], [ 18.4759261, 45.062705 ], [ 18.4741162, 45.0636421 ], [ 18.4730001, 45.0645234 ], [ 18.4711761, 45.0657199 ], [ 18.470205409217538, 45.066380961159673 ], [ 18.488433696566251, 45.07178090470255 ], [ 18.484832680668237, 45.060992062199212 ], [ 18.484832680668234, 45.060992062199212 ] ] ] ] } },
{ "type": "Feature", "properties": { "BM": 3395, "data": { "Oznaka Gr/Op/Dr": "općina", "Grad/općina/država": "OPRISAVCI", "Rbr BM": 9, "Naziv BM": "NOVI GRAD", "Lokacija BM": "DRUŠTVENI DOM NOVI GRAD", "Adresa BM": "NOVI GRAD 22", "Glasovalo birača": 135, "Glasovalo birača (po listićima)": 135, "Važeći listići": 129, "Nevažeći listići": 6 }, "latitude": 45.1083631, "longitude": 18.3595886, "population": 221 }, "geometry": { "type": "MultiPolygon", "coordinates": [ [ [ [ 18.388825, 45.1076868 ], [ 18.3826887, 45.1072383 ], [ 18.3678596, 45.1061372 ], [ 18.337028098637155, 45.102605323444166 ], [ 18.359042167016518, 45.128387969708058 ], [ 18.388355102439867, 45.121085191911021 ], [ 18.390022851519717, 45.107853715698347 ], [ 18.388825, 45.1076868 ] ] ] ] } },
{ "type": "Feature", "properties": { "BM": 3255, "data": { "Oznaka Gr/Op/Dr": "općina", "Grad/općina/država": "GARČIN", "Rbr BM": 8, "Naziv BM": "TRNJANI", "Lokacija BM": "OSNOVNA ŠKOLA U TRNJANIMA", "Adresa BM": "TRNJANI", "Glasovalo birača": 280, "Glasovalo birača (po listićima)": 280, "Važeći listići": 275, "Nevažeći listići": 5 }, "latitude": 45.1864263, "longitude": 18.1506612, "population": 718 }, "geometry": { "type": "MultiPolygon", "coordinates": [ [ [ [ 18.128179544219002, 45.199906387168021 ], [ 18.159413536561321, 45.20543309949619 ], [ 18.155356184455943, 45.174976298384379 ], [ 18.129785271265639, 45.171752618110538 ], [ 18.122670175253475, 45.188429305403716 ], [ 18.128179544219002, 45.199906387168021 ] ] ] ] } },
{ "type": "Feature", "properties": { "BM": 3250, "data": { "Oznaka Gr/Op/Dr": "općina", "Grad/općina/država": "GARČIN", "Rbr BM": 3, "Naziv BM": "SELNA", "Lokacija BM": "DRUŠTVENI DOM U SELNI", "Adresa BM": "SELNA", "Glasovalo birača": 143, "Glasovalo birača (po listićima)": 143, "Važeći listići": 137, "Nevažeći listići": 6 }, "latitude": 45.1847979, "longitude": 18.1628849, "population": 237 }, "geometry": { "type": "MultiPolygon", "coordinates": [ [ [ [ 18.177924743733694, 45.214934982902527 ], [ 18.171706747931953, 45.168137211952228 ], [ 18.155356184455943, 45.174976298384379 ], [ 18.159413536561321, 45.20543309949619 ], [ 18.177924743733694, 45.214934982902527 ] ] ] ] } },
{ "type": "Feature", "properties": { "BM": 3389, "data": { "Oznaka Gr/Op/Dr": "općina", "Grad/općina/država": "OPRISAVCI", "Rbr BM": 3, "Naziv BM": "TRNJANSKI KUTI", "Lokacija BM": "DRUŠTVENI DOM U TRNJANSKIM KUTIMA", "Adresa BM": "TRNJANSKI KUTI 72", "Glasovalo birača": 138, "Glasovalo birača (po listićima)": 138, "Važeći listići": 134, "Nevažeći listići": 4 }, "latitude": 45.1236253, "longitude": 18.1675109, "population": 249 }, "geometry": { "type": "MultiPolygon", "coordinates": [ [ [ [ 18.135673577740668, 45.134341444540425 ], [ 18.173305087627437, 45.14768391035463 ], [ 18.180239025163651, 45.143814178394024 ], [ 18.186850916429691, 45.117167748665693 ], [ 18.159179514689058, 45.099066530687715 ], [ 18.136552529578324, 45.129480438943077 ], [ 18.135673577740668, 45.134341444540425 ] ] ] ] } },
{ "type": "Feature", "properties": { "BM": 3249, "data": { "Oznaka Gr/Op/Dr": "općina", "Grad/općina/država": "GARČIN", "Rbr BM": 2, "Naziv BM": "GARČIN", "Lokacija BM": "OSNOVNA ŠKOLA U GARČINU", "Adresa BM": "GARČIN", "Glasovalo birača": 249, "Glasovalo birača (po listićima)": 249, "Važeći listići": 235, "Nevažeći listići": 14 }, "latitude": 45.1819162, "longitude": 18.1845731, "population": 451 }, "geometry": { "type": "MultiPolygon", "coordinates": [ [ [ [ 18.171706747931953, 45.168137211952228 ], [ 18.177924743733694, 45.214934982902527 ], [ 18.186538254139393, 45.22389340371231 ], [ 18.190092931540864, 45.223865886431028 ], [ 18.198357689307183, 45.217896522073467 ], [ 18.20101144328434, 45.212165896070353 ], [ 18.197129896592457, 45.177085638006922 ], [ 18.17193666777144, 45.167766847092253 ], [ 18.171706747931953, 45.168137211952228 ] ] ] ] } },
{ "type": "Feature", "properties": { "BM": 3391, "data": { "Oznaka Gr/Op/Dr": "općina", "Grad/općina/država": "OPRISAVCI", "Rbr BM": 5, "Naziv BM": "SVILAJ", "Lokacija BM": "DRUŠTVENI DOM U SVILAJU", "Adresa BM": "SVILAJ 20", "Glasovalo birača": 111, "Glasovalo birača (po listićima)": 111, "Važeći listići": 110, "Nevažeći listići": 1 }, "latitude": 45.1239545, "longitude": 18.2970892, "population": 226 }, "geometry": { "type": "MultiPolygon", "coordinates": [ [ [ [ 18.3161403, 45.1043375 ], [ 18.3152488, 45.1057374 ], [ 18.3151945, 45.1058227 ], [ 18.3151582, 45.1058922 ], [ 18.3132582, 45.1095321 ], [ 18.3121637, 45.1113192 ], [ 18.3111755, 45.1124855 ], [ 18.3099989, 45.1135018 ], [ 18.3088324, 45.1144126 ], [ 18.3075518, 45.1152179 ], [ 18.3062341, 45.1158343 ], [ 18.3048694, 45.1160676 ], [ 18.3033694, 45.1160718 ], [ 18.3023702, 45.1159752 ], [ 18.3011987, 45.1157844 ], [ 18.2987751, 45.1152345 ], [ 18.293757, 45.1139244 ], [ 18.2915984, 45.1134685 ], [ 18.2895384, 45.1132413 ], [ 18.2874806, 45.1132353 ], [ 18.2852687, 45.1135185 ], [ 18.2840216, 45.1137851 ], [ 18.2829157, 45.1142016 ], [ 18.281951, 45.1146848 ], [ 18.2810327, 45.1151934 ], [ 18.2801392, 45.1159176 ], [ 18.2795355, 45.1166261 ], [ 18.2788887, 45.1178772 ], [ 18.2786332, 45.1197327 ], [ 18.2786803, 45.1215652 ], [ 18.2791654, 45.1262213 ], [ 18.2787586, 45.1290523 ], [ 18.2779206, 45.1314418 ], [ 18.276789, 45.1330219 ], [ 18.276155130429245, 45.133685266339626 ], [ 18.291483230667069, 45.139835960468588 ], [ 18.309783871711225, 45.124719960963766 ], [ 18.317171998179496, 45.103052634918932 ], [ 18.3161403, 45.1043375 ] ] ] ] } },
{ "type": "Feature", "properties": { "BM": 3251, "data": { "Oznaka Gr/Op/Dr": "općina", "Grad/općina/država": "GARČIN", "Rbr BM": 4, "Naziv BM": "BICKO SELO", "Lokacija BM": "OSNOVNA ŠKOLA U BICKOM SELU", "Adresa BM": "BICKO SELO", "Glasovalo birača": 261, "Glasovalo birača (po listićima)": 261, "Važeći listići": 249, "Nevažeći listići": 12 }, "latitude": 45.1652465, "longitude": 18.1907391, "population": 390 }, "geometry": { "type": "MultiPolygon", "coordinates": [ [ [ [ 18.17193666777144, 45.167766847092253 ], [ 18.197129896592457, 45.177085638006922 ], [ 18.207815485615246, 45.161840156486477 ], [ 18.198012076047554, 45.149247876852328 ], [ 18.180239025163651, 45.143814178394024 ], [ 18.173305087627437, 45.14768391035463 ], [ 18.17193666777144, 45.167766847092253 ] ] ] ] } },
{ "type": "Feature", "properties": { "BM": 3390, "data": { "Oznaka Gr/Op/Dr": "općina", "Grad/općina/država": "OPRISAVCI", "Rbr BM": 4, "Naziv BM": "POLJANCI", "Lokacija BM": "DRUŠTVENI DOM U POLJANCIMA", "Adresa BM": "POLJANCI 37", "Glasovalo birača": 104, "Glasovalo birača (po listićima)": 104, "Važeći listići": 102, "Nevažeći listići": 2 }, "latitude": 45.1319174, "longitude": 18.2009287, "population": 192 }, "geometry": { "type": "MultiPolygon", "coordinates": [ [ [ [ 18.215704, 45.1269803 ], [ 18.2125011, 45.1248552 ], [ 18.2106781, 45.1232477 ], [ 18.2098781, 45.1223648 ], [ 18.2091817, 45.1212931 ], [ 18.2087722, 45.1191497 ], [ 18.2086285, 45.1170966 ], [ 18.2090781, 45.1138517 ], [ 18.2100115, 45.1107034 ], [ 18.2106918, 45.1093205 ], [ 18.2117605, 45.1079034 ], [ 18.2140917, 45.1058717 ], [ 18.2176666, 45.1034376 ], [ 18.218891420333875, 45.102626923348943 ], [ 18.186850916429691, 45.117167748665693 ], [ 18.180239025163651, 45.143814178394024 ], [ 18.198012076047554, 45.149247876852328 ], [ 18.218596570813091, 45.128411498004198 ], [ 18.215704, 45.1269803 ] ] ] ] } },
{ "type": "Feature", "properties": { "BM": 3252, "data": { "Oznaka Gr/Op/Dr": "općina", "Grad/općina/država": "GARČIN", "Rbr BM": 5, "Naziv BM": "SAPCI", "Lokacija BM": "OSNOVNA ŠKOLA U SAPCIMA", "Adresa BM": "SAPCI", "Glasovalo birača": 221, "Glasovalo birača (po listićima)": 221, "Važeći listići": 208, "Nevažeći listići": 13 }, "latitude": 45.1790542, "longitude": 18.210439, "population": 370 }, "geometry": { "type": "MultiPolygon", "coordinates": [ [ [ [ 18.20101144328434, 45.212165896070353 ], [ 18.227949898358638, 45.187093421585033 ], [ 18.230383675748278, 45.171691391933471 ], [ 18.217409710640087, 45.16325795824914 ], [ 18.207815485615246, 45.161840156486477 ], [ 18.197129896592457, 45.177085638006922 ], [ 18.20101144328434, 45.212165896070353 ] ] ] ] } },
{ "type": "Feature", "properties": { "BM": 3387, "data": { "Oznaka Gr/Op/Dr": "općina", "Grad/općina/država": "OPRISAVCI", "Rbr BM": 1, "Naziv BM": "OPRISAVCI", "Lokacija BM": "DRUŠTVENI DOM U OPRISAVCIMA", "Adresa BM": "OPRISAVCI, TRG SVETOG KRIŽA 1", "Glasovalo birača": 223, "Glasovalo birača (po listićima)": 223, "Važeći listići": 213, "Nevažeći listići": 10 }, "latitude": 45.1461207, "longitude": 18.2153058, "population": 357 }, "geometry": { "type": "MultiPolygon", "coordinates": [ [ [ [ 18.2256404, 45.1315392 ], [ 18.2190016, 45.1286119 ], [ 18.218596570813091, 45.128411498004198 ], [ 18.198012076047554, 45.149247876852328 ], [ 18.207815485615246, 45.161840156486477 ], [ 18.217409710640087, 45.16325795824914 ], [ 18.22725353572023, 45.132263382790136 ], [ 18.2256404, 45.1315392 ] ] ] ] } },
{ "type": "Feature", "properties": { "BM": 3388, "data": { "Oznaka Gr/Op/Dr": "općina", "Grad/općina/država": "OPRISAVCI", "Rbr BM": 2, "Naziv BM": "OPRISAVCI", "Lokacija BM": "POSLOVNI PROSTOR MATE AKŠAMOVIĆ-OPRISAVCI , SAVSKA ULICA 97", "Adresa BM": "OPRISAVCI, SAVSKA ULICA 97", "Glasovalo birača": 188, "Glasovalo birača (po listićima)": 188, "Važeći listići": 178, "Nevažeći listići": 10 }, "latitude": 45.1504751, "longitude": 18.2290162, "population": 315 }, "geometry": { "type": "MultiPolygon", "coordinates": [ [ [ [ 18.255479, 45.1393145 ], [ 18.2529896, 45.1392758 ], [ 18.250555, 45.1390628 ], [ 18.2480514, 45.1387504 ], [ 18.246397, 45.1384713 ], [ 18.2425124, 45.1375914 ], [ 18.2383817, 45.1364297 ], [ 18.235017, 45.1353648 ], [ 18.231726, 45.1342712 ], [ 18.22725353572023, 45.132263382790136 ], [ 18.217409710640087, 45.16325795824914 ], [ 18.230383675748278, 45.171691391933471 ], [ 18.256344148618876, 45.158042543028429 ], [ 18.257940231755953, 45.13923075756275 ], [ 18.255479, 45.1393145 ] ] ] ] } },
{ "type": "Feature", "properties": { "BM": 3227, "data": { "Oznaka Gr/Op/Dr": "općina", "Grad/općina/država": "DONJI ANDRIJEVCI", "Rbr BM": 2, "Naziv BM": "NOVO TOPOLJE", "Lokacija BM": "DRUŠTVENI DOM  NOVO TOPOLJE", "Adresa BM": "NOVO TOPOLJE 21", "Glasovalo birača": 40, "Glasovalo birača (po listićima)": 40, "Važeći listići": 33, "Nevažeći listići": 7 }, "latitude": 45.2051354, "longitude": 18.2347136, "population": 117 }, "geometry": { "type": "MultiPolygon", "coordinates": [ [ [ [ 18.198357689307183, 45.217896522073467 ], [ 18.256382299896735, 45.22809781741158 ], [ 18.273394899293475, 45.221732679730266 ], [ 18.270972720675676, 45.213328261679273 ], [ 18.227949898358638, 45.187093421585033 ], [ 18.20101144328434, 45.212165896070353 ], [ 18.198357689307183, 45.217896522073467 ] ] ] ] } },
{ "type": "Feature", "properties": { "BM": 3226, "data": { "Oznaka Gr/Op/Dr": "općina", "Grad/općina/država": "DONJI ANDRIJEVCI", "Rbr BM": 1, "Naziv BM": "STARO TOPOLJE", "Lokacija BM": "OŠ \"V.C.EMIN\", PODRUČNA ŠKOLA STARO TOPOLJE", "Adresa BM": "STARO TOPOLJE, IVE LOLE RIBARA 71", "Glasovalo birača": 259, "Glasovalo birača (po listićima)": 259, "Važeći listići": 240, "Nevažeći listići": 19 }, "latitude": 45.1848451, "longitude": 18.2470864, "population": 542 }, "geometry": { "type": "MultiPolygon", "coordinates": [ [ [ [ 18.227949898358638, 45.187093421585033 ], [ 18.270972720675676, 45.213328261679273 ], [ 18.272533058308255, 45.178495863618402 ], [ 18.256344148618876, 45.158042543028429 ], [ 18.230383675748278, 45.171691391933471 ], [ 18.227949898358638, 45.187093421585033 ] ] ] ] } },
{ "type": "Feature", "properties": { "BM": 3229, "data": { "Oznaka Gr/Op/Dr": "općina", "Grad/općina/država": "DONJI ANDRIJEVCI", "Rbr BM": 4, "Naziv BM": "DONJI ANDRIJEVCI", "Lokacija BM": "OSNOVNA ŠKOLA \"V.C. EMIN\" DONJI ANDRIJEVCI", "Adresa BM": "DONJI ANDRIJEVCI, TRG KRALJA TOMISLAVA 8", "Glasovalo birača": 336, "Glasovalo birača (po listićima)": 336, "Važeći listići": 322, "Nevažeći listići": 14 }, "latitude": 45.1870949, "longitude": 18.2973101, "population": 654 }, "geometry": { "type": "MultiPolygon", "coordinates": [ [ [ [ 18.273394899293475, 45.221732679730266 ], [ 18.281684783834113, 45.226554952875702 ], [ 18.290525878679244, 45.226786630761389 ], [ 18.312340310830738, 45.220056620687309 ], [ 18.327874760906756, 45.19526344600807 ], [ 18.329496118865706, 45.182842367139877 ], [ 18.315427016355347, 45.164976719899229 ], [ 18.309553023427103, 45.163698667688401 ], [ 18.272533058308255, 45.178495863618402 ], [ 18.270972720675676, 45.213328261679273 ], [ 18.273394899293475, 45.221732679730266 ] ] ] ] } },
{ "type": "Feature", "properties": { "BM": 3230, "data": { "Oznaka Gr/Op/Dr": "općina", "Grad/općina/država": "DONJI ANDRIJEVCI", "Rbr BM": 5, "Naziv BM": "SREDANCI", "Lokacija BM": "DRUŠTVENI DOM U SREDANCIMA", "Adresa BM": "SREDANCI 24", "Glasovalo birača": 141, "Glasovalo birača (po listićima)": 141, "Važeći listići": 136, "Nevažeći listići": 5 }, "latitude": 45.1551874, "longitude": 18.2845564, "population": 236 }, "geometry": { "type": "MultiPolygon", "coordinates": [ [ [ [ 18.2753621, 45.1345152 ], [ 18.273096, 45.135965 ], [ 18.2707979, 45.1369545 ], [ 18.2676982, 45.1380808 ], [ 18.2639515, 45.1388569 ], [ 18.2611963, 45.1391016 ], [ 18.258324, 45.1392177 ], [ 18.257940231755953, 45.13923075756275 ], [ 18.256344148618876, 45.158042543028429 ], [ 18.272533058308255, 45.178495863618402 ], [ 18.309553023427103, 45.163698667688401 ], [ 18.291483230667069, 45.139835960468588 ], [ 18.276155130429245, 45.133685266339626 ], [ 18.2753621, 45.1345152 ] ] ] ] } },
{ "type": "Feature", "properties": { "BM": 3446, "data": { "Oznaka Gr/Op/Dr": "općina", "Grad/općina/država": "SLAVONSKI ŠAMAC", "Rbr BM": 1, "Naziv BM": "SLAVONSKI ŠAMAC", "Lokacija BM": "PROSTORIJE OPĆINE SLAVONSKI ŠAMAC", "Adresa BM": "SLAVONSKI ŠAMAC, KRALJA ZVONIMIRA 63", "Glasovalo birača": 179, "Glasovalo birača (po listićima)": 179, "Važeći listići": 172, "Nevažeći listići": 7 }, "latitude": 45.0656149, "longitude": 18.4867133, "population": 343 }, "geometry": { "type": "MultiPolygon", "coordinates": [ [ [ [ 18.5363319, 45.0611245 ], [ 18.5372456, 45.0546701 ], [ 18.5373459, 45.0515877 ], [ 18.5371964, 45.0479131 ], [ 18.5369182, 45.0467643 ], [ 18.5367143, 45.046447 ], [ 18.5358513, 45.045167 ], [ 18.5349573, 45.0443195 ], [ 18.5338559, 45.0436482 ], [ 18.5324764, 45.0434787 ], [ 18.5312565, 45.0438786 ], [ 18.5303843, 45.0444642 ], [ 18.529826, 45.0453778 ], [ 18.5292687, 45.0477254 ], [ 18.5296248, 45.0498071 ], [ 18.5307434, 45.0549782 ], [ 18.5291363, 45.0587838 ], [ 18.5284323, 45.0594892 ], [ 18.5280067, 45.0599156 ], [ 18.5260779, 45.0607133 ], [ 18.5223001, 45.0609075 ], [ 18.5197034, 45.0603895 ], [ 18.5139273, 45.0584463 ], [ 18.5094563, 45.0573259 ], [ 18.5074549, 45.0571852 ], [ 18.5056001, 45.0576233 ], [ 18.5000956, 45.059596 ], [ 18.4979619, 45.0602889 ], [ 18.4964287, 45.0607606 ], [ 18.4962116, 45.0608274 ], [ 18.4961378, 45.0608502 ], [ 18.4938459, 45.0615607 ], [ 18.4916988, 45.0618623 ], [ 18.4896159, 45.0614419 ], [ 18.484832680668237, 45.060992062199212 ], [ 18.488433696566251, 45.07178090470255 ], [ 18.517297591158059, 45.081928025945061 ], [ 18.536489186087362, 45.061483227718512 ], [ 18.5363319, 45.0611245 ] ] ] ] } },
{ "type": "Feature", "properties": { "BM": 3392, "data": { "Oznaka Gr/Op/Dr": "općina", "Grad/općina/država": "OPRISAVCI", "Rbr BM": 6, "Naziv BM": "STRUŽANI", "Lokacija BM": "PROSTORIJE NK \"SLOGA\" STRUŽANI", "Adresa BM": "STRUŽANI 47", "Glasovalo birača": 68, "Glasovalo birača (po listićima)": 68, "Važeći listići": 65, "Nevažeći listići": 3 }, "latitude": 45.1373307, "longitude": 18.3081377, "population": 104 }, "geometry": { "type": "MultiPolygon", "coordinates": [ [ [ [ 18.309553023427103, 45.163698667688401 ], [ 18.315427016355347, 45.164976719899229 ], [ 18.32172232988092, 45.151311077417333 ], [ 18.309783871711225, 45.124719960963766 ], [ 18.291483230667069, 45.139835960468588 ], [ 18.309553023427103, 45.163698667688401 ] ] ] ] } },
{ "type": "Feature", "properties": { "BM": 3520, "data": { "Oznaka Gr/Op/Dr": "općina", "Grad/općina/država": "VELIKA KOPANICA", "Rbr BM": 5, "Naziv BM": "DIVOŠEVCI", "Lokacija BM": "MJESNI DOM DIVOŠEVCI", "Adresa BM": "DIVOŠEVCI 40", "Glasovalo birača": 144, "Glasovalo birača (po listićima)": 143, "Važeći listići": 138, "Nevažeći listići": 5 }, "latitude": 45.1525505, "longitude": 18.3411763, "population": 216 }, "geometry": { "type": "MultiPolygon", "coordinates": [ [ [ [ 18.32172232988092, 45.151311077417333 ], [ 18.315427016355347, 45.164976719899229 ], [ 18.329496118865706, 45.182842367139877 ], [ 18.344725294522437, 45.176297260538803 ], [ 18.359969285304857, 45.169457474784728 ], [ 18.353631405737943, 45.143348366042417 ], [ 18.325406235403271, 45.147592685936409 ], [ 18.32172232988092, 45.151311077417333 ] ] ] ] } },
{ "type": "Feature", "properties": { "BM": 3393, "data": { "Oznaka Gr/Op/Dr": "općina", "Grad/općina/država": "OPRISAVCI", "Rbr BM": 7, "Naziv BM": "ZOLJANI", "Lokacija BM": "DRUŠTVENI DOM U ZOLJANIMA", "Adresa BM": "ZOLJANI 10", "Glasovalo birača": 13, "Glasovalo birača (po listićima)": 13, "Važeći listići": 13, "Nevažeći listići": 0 }, "latitude": 45.1318695, "longitude": 18.3203017, "population": 23 }, "geometry": { "type": "MultiPolygon", "coordinates": [ [ [ [ 18.3205405, 45.1012713 ], [ 18.3191522, 45.1016046 ], [ 18.3180698, 45.1022045 ], [ 18.3173384, 45.1028454 ], [ 18.317171998179496, 45.103052634918932 ], [ 18.309783871711225, 45.124719960963766 ], [ 18.32172232988092, 45.151311077417333 ], [ 18.325406235403271, 45.147592685936409 ], [ 18.330728135175061, 45.131896154822904 ], [ 18.320856939440944, 45.101248219698277 ], [ 18.3205405, 45.1012713 ] ] ] ] } },
{ "type": "Feature", "properties": { "BM": 3394, "data": { "Oznaka Gr/Op/Dr": "općina", "Grad/općina/država": "OPRISAVCI", "Rbr BM": 8, "Naziv BM": "PRNJAVOR", "Lokacija BM": "DRUŠTVENI DOM U PRNJAVORU", "Adresa BM": "TRG IVANA OSTOJČIĆA 1", "Glasovalo birača": 103, "Glasovalo birača (po listićima)": 103, "Važeći listići": 101, "Nevažeći listići": 2 }, "latitude": 45.1257894, "longitude": 18.3391791, "population": 157 }, "geometry": { "type": "MultiPolygon", "coordinates": [ [ [ [ 18.3259135, 45.1013321 ], [ 18.3221405, 45.1011546 ], [ 18.320856939440944, 45.101248219698277 ], [ 18.330728135175061, 45.131896154822904 ], [ 18.356459088760548, 45.132223931076851 ], [ 18.359042167016518, 45.128387969708058 ], [ 18.337028098637155, 45.102605323444166 ], [ 18.3259135, 45.1013321 ] ] ] ] } },
{ "type": "Feature", "properties": { "BM": 3543, "data": { "Oznaka Gr/Op/Dr": "općina", "Grad/općina/država": "VRPOLJE", "Rbr BM": 4, "Naziv BM": "STARI PERKOVCI", "Lokacija BM": "OŠ \"IVAN MEŠTROVIĆ\" VRPOLJE, PODRUČNA ŠKOLA STARI PERKOVCI", "Adresa BM": "STARI PERKOVCI, STJEPANA RADIĆA 19", "Glasovalo birača": 551, "Glasovalo birača (po listićima)": 551, "Važeći listići": 534, "Nevažeći listići": 17 }, "latitude": 45.2192043, "longitude": 18.3485571, "population": 834 }, "geometry": { "type": "MultiPolygon", "coordinates": [ [ [ [ 18.330340499409747, 45.234861392672506 ], [ 18.3733392340088, 45.237741956393286 ], [ 18.37959038729376, 45.228771165939747 ], [ 18.378460495152606, 45.218363350912753 ], [ 18.327874760906756, 45.19526344600807 ], [ 18.312340310830738, 45.220056620687309 ], [ 18.330340499409747, 45.234861392672506 ] ] ] ] } },
{ "type": "Feature", "properties": { "BM": 3524, "data": { "Oznaka Gr/Op/Dr": "općina", "Grad/općina/država": "VELIKA KOPANICA", "Rbr BM": 9, "Naziv BM": "KUPINA", "Lokacija BM": "MJESNI DOM U KUPINI", "Adresa BM": "KUPINA  49", "Glasovalo birača": 110, "Glasovalo birača (po listićima)": 110, "Važeći listići": 107, "Nevažeći listići": 3 }, "latitude": 45.1382162, "longitude": 18.3390208, "population": 184 }, "geometry": { "type": "MultiPolygon", "coordinates": [ [ [ [ 18.325406235403271, 45.147592685936409 ], [ 18.353631405737943, 45.143348366042417 ], [ 18.356459088760548, 45.132223931076851 ], [ 18.330728135175061, 45.131896154822904 ], [ 18.325406235403271, 45.147592685936409 ] ] ] ] } },
{ "type": "Feature", "properties": { "BM": 3521, "data": { "Oznaka Gr/Op/Dr": "općina", "Grad/općina/država": "VELIKA KOPANICA", "Rbr BM": 6, "Naziv BM": "MALA KOPANICA", "Lokacija BM": "MJESNI DOM U MALOJ KOPANICI", "Adresa BM": "MALA KOPANICA 52", "Glasovalo birača": 65, "Glasovalo birača (po listićima)": 65, "Važeći listići": 63, "Nevažeći listići": 2 }, "latitude": 45.145816, "longitude": 18.3689193, "population": 122 }, "geometry": { "type": "MultiPolygon", "coordinates": [ [ [ [ 18.356459088760548, 45.132223931076851 ], [ 18.353631405737943, 45.143348366042417 ], [ 18.359969285304857, 45.169457474784728 ], [ 18.373533919854037, 45.171901687726013 ], [ 18.390842422146893, 45.125280471094776 ], [ 18.388355102439867, 45.121085191911021 ], [ 18.359042167016518, 45.128387969708058 ], [ 18.356459088760548, 45.132223931076851 ] ] ] ] } },
{ "type": "Feature", "properties": { "BM": 3541, "data": { "Oznaka Gr/Op/Dr": "općina", "Grad/općina/država": "VRPOLJE", "Rbr BM": 2, "Naziv BM": "VRPOLJE", "Lokacija BM": "OPĆINA VRPOLJE", "Adresa BM": "VRPOLJE, TRG DR. FRANJE TUĐMANA 1", "Glasovalo birača": 358, "Glasovalo birača (po listićima)": 358, "Važeći listići": 348, "Nevažeći listići": 10 }, "latitude": 45.1952143, "longitude": 18.3595121, "population": 665 }, "geometry": { "type": "MultiPolygon", "coordinates": [ [ [ [ 18.329496118865706, 45.182842367139877 ], [ 18.327874760906756, 45.19526344600807 ], [ 18.378460495152606, 45.218363350912753 ], [ 18.378533216376479, 45.218163102299187 ], [ 18.344725294522437, 45.176297260538803 ], [ 18.329496118865706, 45.182842367139877 ] ] ] ] } },
{ "type": "Feature", "properties": { "BM": 3540, "data": { "Oznaka Gr/Op/Dr": "općina", "Grad/općina/država": "VRPOLJE", "Rbr BM": 1, "Naziv BM": "VRPOLJE", "Lokacija BM": "OSNOVNA ŠKOLA \"IVAN MEŠTROVIĆ\" VRPOLJE", "Adresa BM": "VRPOLJE, JOSIPA BANA JELAČIĆA 42", "Glasovalo birača": 363, "Glasovalo birača (po listićima)": 363, "Važeći listići": 348, "Nevažeći listići": 15 }, "latitude": 45.2127676, "longitude": 18.4078477, "population": 707 }, "geometry": { "type": "MultiPolygon", "coordinates": [ [ [ [ 18.378460495152606, 45.218363350912753 ], [ 18.37959038729376, 45.228771165939747 ], [ 18.400248714165784, 45.232989498826839 ], [ 18.42442204718628, 45.209392967848693 ], [ 18.437241175155869, 45.188499698713684 ], [ 18.416406992414988, 45.181798635220403 ], [ 18.390154661028305, 45.187392337727786 ], [ 18.378533216376479, 45.218163102299187 ], [ 18.378460495152606, 45.218363350912753 ] ] ] ] } },
{ "type": "Feature", "properties": { "BM": 3445, "data": { "Oznaka Gr/Op/Dr": "općina", "Grad/općina/država": "SIKIREVCI", "Rbr BM": 5, "Naziv BM": "JARUGE", "Lokacija BM": "DRUŠTVENI DOM U JARUGAMA", "Adresa BM": "JARUGE, MIŠE JOSKIĆA 27", "Glasovalo birača": 272, "Glasovalo birača (po listićima)": 272, "Važeći listići": 256, "Nevažeći listići": 16 }, "latitude": 45.1158993, "longitude": 18.4193788, "population": 530 }, "geometry": { "type": "MultiPolygon", "coordinates": [ [ [ [ 18.4381434, 45.0977117 ], [ 18.4368362, 45.0998678 ], [ 18.43525, 45.1015546 ], [ 18.4335861, 45.1030407 ], [ 18.431391, 45.1044875 ], [ 18.429022, 45.1058227 ], [ 18.4253673, 45.1076202 ], [ 18.4217672, 45.1087532 ], [ 18.4183031, 45.1094834 ], [ 18.4152729, 45.1100529 ], [ 18.4120022, 45.1104361 ], [ 18.4100252, 45.1104901 ], [ 18.4058554, 45.1102153 ], [ 18.4041932, 45.1099589 ], [ 18.395413, 45.1086048 ], [ 18.3918276, 45.1081052 ], [ 18.390022851519717, 45.107853715698347 ], [ 18.388355102439867, 45.121085191911021 ], [ 18.390842422146893, 45.125280471094776 ], [ 18.409068453810374, 45.137041186060259 ], [ 18.445085723512882, 45.128852127192729 ], [ 18.438913805617133, 45.0958507391829 ], [ 18.4381434, 45.0977117 ] ] ] ] } },
{ "type": "Feature", "properties": { "BM": 3449, "data": { "Oznaka Gr/Op/Dr": "općina", "Grad/općina/država": "SLAVONSKI ŠAMAC", "Rbr BM": 4, "Naziv BM": "KRUŠEVICA", "Lokacija BM": "OSNOVNA ŠKOLA \"JOSIP KOZARAC\" SLAVONSKI ŠAMAC U KRUŠEVICI", "Adresa BM": "KRUŠEVICA, TRG STJEPANA RADIĆA 3", "Glasovalo birača": 205, "Glasovalo birača (po listićima)": 205, "Važeći listići": 193, "Nevažeći listići": 12 }, "latitude": 45.0755139, "longitude": 18.4832333, "population": 468 }, "geometry": { "type": "MultiPolygon", "coordinates": [ [ [ [ 18.470205409217535, 45.066380961159673 ], [ 18.469402, 45.0669281 ], [ 18.4668266, 45.0691442 ], [ 18.4632193, 45.0734206 ], [ 18.4602248, 45.0757385 ], [ 18.4569984, 45.0774953 ], [ 18.4533211, 45.0788862 ], [ 18.452804114616818, 45.079111499668073 ], [ 18.493270313864606, 45.10298246129112 ], [ 18.513537826587044, 45.087401887066143 ], [ 18.517297591158059, 45.081928025945061 ], [ 18.488433696566251, 45.07178090470255 ], [ 18.470205409217538, 45.066380961159673 ], [ 18.470205409217535, 45.066380961159673 ] ] ] ] } },
{ "type": "Feature", "properties": { "BM": 3542, "data": { "Oznaka Gr/Op/Dr": "općina", "Grad/općina/država": "VRPOLJE", "Rbr BM": 3, "Naziv BM": "ČAJKOVCI", "Lokacija BM": "DRUŠTVENI DOM ČAJKOVCI", "Adresa BM": "ČAJKOVCI, TRG DR. FRANJE TUĐMANA 16", "Glasovalo birača": 269, "Glasovalo birača (po listićima)": 269, "Važeći listići": 262, "Nevažeći listići": 7 }, "latitude": 45.194736, "longitude": 18.3601044, "population": 508 }, "geometry": { "type": "MultiPolygon", "coordinates": [ [ [ [ 18.359969285304857, 45.169457474784728 ], [ 18.344725294522437, 45.176297260538803 ], [ 18.378533216376479, 45.218163102299187 ], [ 18.390154661028305, 45.187392337727786 ], [ 18.376850512188724, 45.17474579165215 ], [ 18.373533919854037, 45.171901687726013 ], [ 18.359969285304857, 45.169457474784728 ] ] ] ] } },
{ "type": "Feature", "properties": { "BM": 3518, "data": { "Oznaka Gr/Op/Dr": "općina", "Grad/općina/država": "VELIKA KOPANICA", "Rbr BM": 3, "Naziv BM": "VELIKA KOPANICA", "Lokacija BM": "OSNOVNA ŠKOLA \"IVAN FILIPOVIĆ\" VELIKA KOPANICA", "Adresa BM": "VELIKA KOPANICA, TRG PRESVETOG TROJSTVA 15", "Glasovalo birača": 222, "Glasovalo birača (po listićima)": 222, "Važeći listići": 205, "Nevažeći listići": 17 }, "latitude": 45.1551472, "longitude": 18.3940533, "population": 436 }, "geometry": { "type": "MultiPolygon", "coordinates": [ [ [ [ 18.393141749649349, 45.157998592079494 ], [ 18.409162018333493, 45.13793535338062 ], [ 18.409068453810374, 45.137041186060259 ], [ 18.390842422146893, 45.125280471094776 ], [ 18.373533919854037, 45.171901687726013 ], [ 18.376850512188724, 45.17474579165215 ], [ 18.393141749649349, 45.157998592079494 ] ] ] ] } },
{ "type": "Feature", "properties": { "BM": 3519, "data": { "Oznaka Gr/Op/Dr": "općina", "Grad/općina/država": "VELIKA KOPANICA", "Rbr BM": 4, "Naziv BM": "VELIKA KOPANICA", "Lokacija BM": "MATIČNI URED VELIKA KOPANICA", "Adresa BM": "VELIKA KOPANICA, VLADIMIRA NAZORA 1", "Glasovalo birača": 132, "Glasovalo birača (po listićima)": 132, "Važeći listići": 128, "Nevažeći listići": 4 }, "latitude": 45.1570087, "longitude": 18.3959669, "population": 241 }, "geometry": { "type": "MultiPolygon", "coordinates": [ [ [ [ 18.376850512188724, 45.17474579165215 ], [ 18.390154661028305, 45.187392337727786 ], [ 18.416406992414988, 45.181798635220403 ], [ 18.410954322396833, 45.149725708830118 ], [ 18.393141749649349, 45.157998592079494 ], [ 18.376850512188724, 45.17474579165215 ] ] ] ] } },
{ "type": "Feature", "properties": { "BM": 3516, "data": { "Oznaka Gr/Op/Dr": "općina", "Grad/općina/država": "VELIKA KOPANICA", "Rbr BM": 1, "Naziv BM": "VELIKA KOPANICA", "Lokacija BM": "VATROGASNI DOM VELIKA KOPANICA", "Adresa BM": "VELIKA KOPANICA, VLADIMIRA NAZORA 4", "Glasovalo birača": 153, "Glasovalo birača (po listićima)": 153, "Važeći listići": 148, "Nevažeći listići": 5 }, "latitude": 45.1564786, "longitude": 18.3957207, "population": 315 }, "geometry": { "type": "MultiPolygon", "coordinates": [ [ [ [ 18.409162018333493, 45.13793535338062 ], [ 18.393141749649349, 45.157998592079494 ], [ 18.410954322396833, 45.149725708830118 ], [ 18.409162018333493, 45.13793535338062 ] ] ] ] } },
{ "type": "Feature", "properties": { "BM": 3522, "data": { "Oznaka Gr/Op/Dr": "općina", "Grad/općina/država": "VELIKA KOPANICA", "Rbr BM": 7, "Naziv BM": "BERAVCI", "Lokacija BM": "OSNOVNA ŠKOLA \"IVAN FILIPOVIĆ\" PODRUČNA ŠKOLA U BERAVCIMA", "Adresa BM": "BERAVCI 83", "Glasovalo birača": 135, "Glasovalo birača (po listićima)": 135, "Važeći listići": 132, "Nevažeći listići": 3 }, "latitude": 45.1516467, "longitude": 18.4275065, "population": 305 }, "geometry": { "type": "MultiPolygon", "coordinates": [ [ [ [ 18.410954322396833, 45.149725708830118 ], [ 18.416406992414988, 45.181798635220403 ], [ 18.437241175155869, 45.188499698713684 ], [ 18.454814000777574, 45.188163791013899 ], [ 18.459847695289444, 45.141175664737624 ], [ 18.445085723512882, 45.128852127192729 ], [ 18.409068453810374, 45.137041186060259 ], [ 18.409162018333493, 45.13793535338062 ], [ 18.410954322396833, 45.149725708830118 ] ] ] ] } },
{ "type": "Feature", "properties": { "BM": 3444, "data": { "Oznaka Gr/Op/Dr": "općina", "Grad/općina/država": "SIKIREVCI", "Rbr BM": 4, "Naziv BM": "SIKIREVCI", "Lokacija BM": "ZGRADA OPĆINE SIKIREVCI, DVORANA ZA OKUPLJANJE GRAĐANA", "Adresa BM": "SIKIREVCI, LJUDEVITA GAJA 4/A", "Glasovalo birača": 212, "Glasovalo birača (po listićima)": 212, "Važeći listići": 205, "Nevažeći listići": 7 }, "latitude": 45.1074843, "longitude": 18.464374, "population": 416 }, "geometry": { "type": "MultiPolygon", "coordinates": [ [ [ [ 18.4470856, 45.0816036 ], [ 18.4443797, 45.0837373 ], [ 18.4425208, 45.0859044 ], [ 18.4414624, 45.0881278 ], [ 18.4404737, 45.0902049 ], [ 18.4392501, 45.0950384 ], [ 18.438913805617133, 45.0958507391829 ], [ 18.445085723512882, 45.128852127192729 ], [ 18.459847695289444, 45.141175664737624 ], [ 18.487559471410254, 45.127606143085572 ], [ 18.493270313864606, 45.10298246129112 ], [ 18.452804114616818, 45.079111499668073 ], [ 18.4470856, 45.0816036 ] ] ] ] } },
{ "type": "Feature", "properties": { "BM": 3272, "data": { "Oznaka Gr/Op/Dr": "općina", "Grad/općina/država": "GUNDINCI", "Rbr BM": 3, "Naziv BM": "GUNDINCI", "Lokacija BM": "OSNOVNA ŠKOLA AUGUSTA ŠENOE GUNDINCI-UČIONICA BROJ 3", "Adresa BM": "GUNDINCI, STJEPANA RADIĆA 3", "Glasovalo birača": 206, "Glasovalo birača (po listićima)": 206, "Važeći listići": 197, "Nevažeći listići": 9 }, "latitude": 45.1582597, "longitude": 18.489237, "population": 415 }, "geometry": { "type": "MultiPolygon", "coordinates": [ [ [ [ 18.455914903030681, 45.189148411271532 ], [ 18.534656251568066, 45.215134423825617 ], [ 18.557987217381992, 45.203121697724384 ], [ 18.541595713303867, 45.176433577539441 ], [ 18.514251803593208, 45.147009568858287 ], [ 18.487559471410254, 45.127606143085572 ], [ 18.459847695289444, 45.141175664737624 ], [ 18.454814000777574, 45.188163791013899 ], [ 18.455914903030681, 45.189148411271532 ] ] ] ] } }
]
}
