{
"type": "FeatureCollection",
"name": "zupanija_16",
"crs": { "type": "name", "properties": { "name": "urn:ogc:def:crs:EPSG::3765" } },
"features": [
{ "type": "Feature", "properties": { "latitude": 44.88723, "longitude": 18.8173773, "BM": 3277, "population": 665, "data": { "Rbr IJ": 5, "Naziv izborne jedinice": "V. IZBORNA JEDINICA", "Rbr.županije": 16, "Oznaka Gr/Op/Dr": "općina", "Grad/općina/država": "GUNJA", "Rbr BM": 4, "Naziv BM": "GUNJA", "Lokacija BM": "OŠ \"ANTUN I STJEPAN RADIĆ\"", "Adresa BM": "MIROSLAVA KRLEŽE 55", "Glasovalo birača": 154, "Glasovalo birača (po listićima)": 154, "Važeći listići": 140, "Nevažeći listići": 14, "ID_u_zupaniji": 130 } }, "geometry": { "type": "Polygon", "coordinates": [ [ [ 18.824124, 44.8754111 ], [ 18.8221467, 44.8768588 ], [ 18.8200253, 44.8780593 ], [ 18.8187874, 44.8786421 ], [ 18.815765, 44.87961 ], [ 18.8112501, 44.8808873 ], [ 18.811019, 44.8809441 ], [ 18.8070684, 44.8818705 ], [ 18.8050047, 44.8824653 ], [ 18.7985019, 44.8850665 ], [ 18.7916722, 44.8883002 ], [ 18.7893411, 44.889529 ], [ 18.7862383, 44.8916617 ], [ 18.784525152897878, 44.892819889796272 ], [ 18.784525152897874, 44.892819889796272 ], [ 18.8231175972378, 44.935453784494165 ], [ 18.824369678325038, 44.875201014144103 ], [ 18.824124, 44.8754111 ] ] ] } },
{ "type": "Feature", "properties": { "latitude": 45.0693258, "longitude": 18.7033236, "BM": 3158, "population": 801, "data": { "Rbr IJ": 5, "Naziv izborne jedinice": "V. IZBORNA JEDINICA", "Rbr.županije": 16, "Oznaka Gr/Op/Dr": "općina", "Grad/općina/država": "BOŠNJACI", "Rbr BM": 4, "Naziv BM": "BOŠNJACI", "Lokacija BM": "OSNOVNA ŠKOLA \"FRA B.T.LEAKOVIĆ\"", "Adresa BM": "BRAĆE RADIĆA 38 A", "Glasovalo birača": 371, "Glasovalo birača (po listićima)": 371, "Važeći listići": 360, "Nevažeći listići": 11, "ID_u_zupaniji": 113 } }, "geometry": { "type": "Polygon", "coordinates": [ [ [ 18.7192481, 45.0342321 ], [ 18.7166203, 45.037231 ], [ 18.7146922, 45.038135 ], [ 18.7127616, 45.0384963 ], [ 18.7108391, 45.0385297 ], [ 18.7071041, 45.0383555 ], [ 18.7027891, 45.0384834 ], [ 18.7026414, 45.0384878 ], [ 18.699034, 45.0385319 ], [ 18.6969037, 45.0387303 ], [ 18.6940271, 45.0395792 ], [ 18.6920679, 45.0410124 ], [ 18.6907988, 45.0420366 ], [ 18.690614162199694, 45.04218560328156 ], [ 18.692380743164097, 45.049736306182922 ], [ 18.698987194922278, 45.070930222666753 ], [ 18.735066327804418, 45.076875093409413 ], [ 18.719502860674751, 45.033629281770196 ], [ 18.7192481, 45.0342321 ] ] ] } },
{ "type": "Feature", "properties": { "latitude": 45.0502602, "longitude": 18.7552424, "BM": 3157, "population": 676, "data": { "Rbr IJ": 5, "Naziv izborne jedinice": "V. IZBORNA JEDINICA", "Rbr.županije": 16, "Oznaka Gr/Op/Dr": "općina", "Grad/općina/država": "BOŠNJACI", "Rbr BM": 3, "Naziv BM": "BOŠNJACI", "Lokacija BM": "VATROGASNI DOM", "Adresa BM": "TRG FRA B.T.LEAKOVIĆA 12", "Glasovalo birača": 310, "Glasovalo birača (po listićima)": 310, "Važeći listići": 289, "Nevažeći listići": 21, "ID_u_zupaniji": 112 } }, "geometry": { "type": "Polygon", "coordinates": [ [ [ 18.7293787, 45.0206027 ], [ 18.72508581712718, 45.023049841547198 ], [ 18.759892685227342, 45.05506262239598 ], [ 18.733005436172391, 45.019525290559038 ], [ 18.7293787, 45.0206027 ] ] ] } },
{ "type": "Feature", "properties": { "latitude": 44.9249549, "longitude": 18.7757018, "BM": 3247, "population": 713, "data": { "Rbr IJ": 5, "Naziv izborne jedinice": "V. IZBORNA JEDINICA", "Rbr.županije": 16, "Oznaka Gr/Op/Dr": "općina", "Grad/općina/država": "DRENOVCI", "Rbr BM": 6, "Naziv BM": "RAJEVO SELO", "Lokacija BM": "DOM KULTURE U RAJEVOM SELU", "Adresa BM": "RAJEVO SELO, ZRINSKIH I FRANKOPANA 60", "Glasovalo birača": 206, "Glasovalo birača (po listićima)": 206, "Važeći listići": 200, "Nevažeći listići": 6, "ID_u_zupaniji": 123 } }, "geometry": { "type": "Polygon", "coordinates": [ [ [ 18.7804539, 44.8955723 ], [ 18.7774229, 44.8975352 ], [ 18.7747907, 44.898941 ], [ 18.7720901, 44.9002392 ], [ 18.7688801, 44.9017952 ], [ 18.7680171, 44.9023152 ], [ 18.7674367, 44.9027042 ], [ 18.7650463, 44.9044148 ], [ 18.7643216, 44.9050698 ], [ 18.7637731, 44.9057664 ], [ 18.763139, 44.9069864 ], [ 18.7628317, 44.9076336 ], [ 18.7626925, 44.9083224 ], [ 18.7626953, 44.9092777 ], [ 18.76278, 44.9099378 ], [ 18.7630389, 44.9106462 ], [ 18.7636009, 44.9114945 ], [ 18.7644148, 44.912401 ], [ 18.7654862, 44.9133739 ], [ 18.7668, 44.9141643 ], [ 18.7696999, 44.9157821 ], [ 18.7714354, 44.916988 ], [ 18.7720955, 44.9176948 ], [ 18.7724635, 44.9183593 ], [ 18.7728087, 44.919276 ], [ 18.7728237, 44.9198784 ], [ 18.7726038, 44.9205229 ], [ 18.7720885, 44.9211246 ], [ 18.7714132, 44.9216143 ], [ 18.7704946, 44.9221132 ], [ 18.7686488, 44.9230157 ], [ 18.7646943, 44.9243998 ], [ 18.7635457, 44.9248591 ], [ 18.7615512, 44.9257673 ], [ 18.7597543, 44.9268918 ], [ 18.7580809, 44.9280246 ], [ 18.7561409, 44.9298726 ], [ 18.7542803, 44.9317549 ], [ 18.7528345, 44.9334191 ], [ 18.7521816, 44.9345794 ], [ 18.7512895, 44.9365235 ], [ 18.7510087, 44.9374862 ], [ 18.7509543, 44.9382141 ], [ 18.7509711, 44.9391411 ], [ 18.7510935, 44.9399014 ], [ 18.7513841, 44.9406333 ], [ 18.7525666, 44.9418433 ], [ 18.7540176, 44.9429875 ], [ 18.7553692, 44.943704 ], [ 18.756696, 44.9441459 ], [ 18.7580742, 44.9444742 ], [ 18.7592281, 44.9446701 ], [ 18.7599042, 44.944666 ], [ 18.7608189, 44.94453 ], [ 18.7619859, 44.9442186 ], [ 18.7659393, 44.9419004 ], [ 18.7677286, 44.9408694 ], [ 18.7704878, 44.9394844 ], [ 18.7726893, 44.9383379 ], [ 18.7743803, 44.937485 ], [ 18.7750437, 44.9371809 ], [ 18.7763235, 44.9365856 ], [ 18.7771535, 44.9362446 ], [ 18.7786278, 44.9358037 ], [ 18.7801925, 44.9353454 ], [ 18.7825907, 44.9348495 ], [ 18.7840512, 44.9345962 ], [ 18.7857844, 44.9343912 ], [ 18.787518, 44.9343208 ], [ 18.7893273, 44.9343524 ], [ 18.79143, 44.9344484 ], [ 18.7929991, 44.9345691 ], [ 18.7952916, 44.9348248 ], [ 18.7973929, 44.9352583 ], [ 18.7987424, 44.9356783 ], [ 18.8014281, 44.9367938 ], [ 18.8033175, 44.9379846 ], [ 18.803837, 44.9383948 ], [ 18.8046297, 44.9394342 ], [ 18.8051429, 44.9405383 ], [ 18.8053163, 44.9413884 ], [ 18.8053842, 44.9422489 ], [ 18.8054139, 44.9431037 ], [ 18.8053237, 44.9436591 ], [ 18.8050527, 44.9445077 ], [ 18.80458, 44.9453053 ], [ 18.8041361, 44.946038 ], [ 18.8028567, 44.9474359 ], [ 18.8020371, 44.9481435 ], [ 18.8010348, 44.9489047 ], [ 18.7995095, 44.9497972 ], [ 18.7968439, 44.9511118 ], [ 18.7946913, 44.9524013 ], [ 18.7920843, 44.9542785 ], [ 18.7908484, 44.9554136 ], [ 18.7897914, 44.9566292 ], [ 18.7890814, 44.9576578 ], [ 18.7885043, 44.9586956 ], [ 18.7872124, 44.9618303 ], [ 18.7867482, 44.9628193 ], [ 18.7863511, 44.9638101 ], [ 18.7859155, 44.9653976 ], [ 18.7857691, 44.9662777 ], [ 18.785769, 44.9663321 ], [ 18.7845496, 44.9718275 ], [ 18.7845263, 44.9729312 ], [ 18.7846414, 44.9739212 ], [ 18.7849194, 44.975234 ], [ 18.7853885, 44.9763666 ], [ 18.7867728, 44.9780368 ], [ 18.7935205, 44.9838499 ], [ 18.796004, 44.9878668 ], [ 18.7962836, 44.9892129 ], [ 18.7964905, 44.9902126 ], [ 18.7962175, 44.9914389 ], [ 18.796093088737557, 44.991739115252045 ], [ 18.834650744163664, 44.99768312635554 ], [ 18.844599374083341, 44.971472682014756 ], [ 18.844423072929143, 44.966835788377701 ], [ 18.8231175972378, 44.935453784494165 ], [ 18.784525152897874, 44.892819889796272 ], [ 18.7804539, 44.8955723 ] ] ] } },
{ "type": "Feature", "properties": { "latitude": 45.1197441, "longitude": 18.5172351, "BM": 3138, "population": 518, "data": { "Rbr IJ": 5, "Naziv izborne jedinice": "V. IZBORNA JEDINICA", "Rbr.županije": 16, "Oznaka Gr/Op/Dr": "općina", "Grad/općina/država": "BABINA GREDA", "Rbr BM": 4, "Naziv BM": "BABINA GREDA", "Lokacija BM": "ČITAONICA \"BERAVA\"", "Adresa BM": "BRAĆE RADIĆA 33", "Glasovalo birača": 270, "Glasovalo birača (po listićima)": 270, "Važeći listići": 249, "Nevažeći listići": 21, "ID_u_zupaniji": 100 } }, "geometry": { "type": "Polygon", "coordinates": [ [ [ 18.487559471410254, 45.127606143085572 ], [ 18.514251803593208, 45.147009568858287 ], [ 18.524998598821963, 45.112565493124961 ], [ 18.513537826587044, 45.087401887066143 ], [ 18.493270313864606, 45.10298246129112 ], [ 18.487559471410254, 45.127606143085572 ] ] ] } },
{ "type": "Feature", "properties": { "latitude": 45.1114207, "longitude": 18.5355102, "BM": 3135, "population": 602, "data": { "Rbr IJ": 5, "Naziv izborne jedinice": "V. IZBORNA JEDINICA", "Rbr.županije": 16, "Oznaka Gr/Op/Dr": "općina", "Grad/općina/država": "BABINA GREDA", "Rbr BM": 1, "Naziv BM": "BABINA GREDA", "Lokacija BM": "ČITAONICA \"NOVA SALA\"", "Adresa BM": "KRALJA TOMISLAVA BB", "Glasovalo birača": 291, "Glasovalo birača (po listićima)": 291, "Važeći listići": 282, "Nevažeći listići": 9, "ID_u_zupaniji": 97 } }, "geometry": { "type": "Polygon", "coordinates": [ [ [ 18.5481409, 45.0926865 ], [ 18.5443894, 45.0939204 ], [ 18.5401254, 45.0939922 ], [ 18.536949, 45.0930682 ], [ 18.5307009, 45.0897542 ], [ 18.5295439, 45.088512 ], [ 18.5299482, 45.0864853 ], [ 18.5315031, 45.0853617 ], [ 18.5430407, 45.0817044 ], [ 18.546024, 45.0804651 ], [ 18.5488562, 45.078763 ], [ 18.5502245, 45.0769232 ], [ 18.5507164, 45.075922 ], [ 18.5510063, 45.0749208 ], [ 18.5506423, 45.0730284 ], [ 18.5496432, 45.0714011 ], [ 18.5469077, 45.0693523 ], [ 18.5432453, 45.0672939 ], [ 18.5421335, 45.0665973 ], [ 18.53887, 45.0646382 ], [ 18.5373674, 45.0634862 ], [ 18.536489186087362, 45.061483227718512 ], [ 18.517297591158059, 45.081928025945061 ], [ 18.513537826587044, 45.087401887066143 ], [ 18.524998598821963, 45.112565493124961 ], [ 18.538079076576444, 45.121930108874913 ], [ 18.550904322522392, 45.090920251612545 ], [ 18.5481409, 45.0926865 ] ] ] } },
{ "type": "Feature", "properties": { "latitude": 45.0721472, "longitude": 18.6912644, "BM": 3120, "population": 444, "data": { "Rbr IJ": 5, "Naziv izborne jedinice": "V. IZBORNA JEDINICA", "Rbr.županije": 16, "Oznaka Gr/Op/Dr": "grad", "Grad/općina/država": "ŽUPANJA", "Rbr BM": 4, "Naziv BM": "ŽUPANJA", "Lokacija BM": "ZGRADA SREDNJIH ŠKOLA II", "Adresa BM": "VELIKI KRAJ 42", "Glasovalo birača": 179, "Glasovalo birača (po listićima)": 178, "Važeći listići": 172, "Nevažeći listići": 6, "ID_u_zupaniji": 82 } }, "geometry": { "type": "Polygon", "coordinates": [ [ [ 18.6879628, 45.0447274 ], [ 18.6841553, 45.047776 ], [ 18.6821293, 45.0491687 ], [ 18.6784296, 45.0517118 ], [ 18.673382630557708, 45.056115955818285 ], [ 18.6705374, 45.0585988 ], [ 18.6679065, 45.0620968 ], [ 18.668153, 45.0638939 ], [ 18.6688351, 45.0651573 ], [ 18.6706098, 45.0671005 ], [ 18.6745904, 45.0689407 ], [ 18.6799771, 45.0706221 ], [ 18.6836868, 45.0718496 ], [ 18.6860969, 45.0738108 ], [ 18.6873253, 45.0757609 ], [ 18.6878851, 45.0784821 ], [ 18.6876537, 45.0802933 ], [ 18.687235892013533, 45.081106297438197 ], [ 18.693064083556841, 45.080008658990465 ], [ 18.692380743164097, 45.049736306182922 ], [ 18.690614162199694, 45.04218560328156 ], [ 18.6901905, 45.0425275 ], [ 18.6879628, 45.0447274 ] ] ] } },
{ "type": "Feature", "properties": { "latitude": 45.285143, "longitude": 18.5545671, "BM": 3461, "population": 635, "data": { "Rbr IJ": 5, "Naziv izborne jedinice": "V. IZBORNA JEDINICA", "Rbr.županije": 16, "Oznaka Gr/Op/Dr": "općina", "Grad/općina/država": "STARI MIKANOVCI", "Rbr BM": 1, "Naziv BM": "STARI MIKANOVCI", "Lokacija BM": "\"CENTAR I\" STARI MIKANOVCI", "Adresa BM": "MATIJE GUPCA 2", "Glasovalo birača": 339, "Glasovalo birača (po listićima)": 339, "Važeći listići": 330, "Nevažeći listići": 9, "ID_u_zupaniji": 169 } }, "geometry": { "type": "Polygon", "coordinates": [ [ [ 18.521709170834093, 45.237896805855762 ], [ 18.53049558804635, 45.299839718489089 ], [ 18.555026100333858, 45.295211102816992 ], [ 18.565766433089259, 45.245507196654152 ], [ 18.571298424365427, 45.216828982233139 ], [ 18.568905462096879, 45.202754389447087 ], [ 18.557987217381992, 45.203121697724384 ], [ 18.534656251568066, 45.215134423825617 ], [ 18.521709170834093, 45.237896805855762 ] ] ] } },
{ "type": "Feature", "properties": { "latitude": 45.1215157, "longitude": 18.5490624, "BM": 3136, "population": 602, "data": { "Rbr IJ": 5, "Naziv izborne jedinice": "V. IZBORNA JEDINICA", "Rbr.županije": 16, "Oznaka Gr/Op/Dr": "općina", "Grad/općina/država": "BABINA GREDA", "Rbr BM": 2, "Naziv BM": "BABINA GREDA", "Lokacija BM": "ČITAONICA \"ČEVATOVO\"", "Adresa BM": "BANA J.JELAČIĆA BB", "Glasovalo birača": 316, "Glasovalo birača (po listićima)": 316, "Važeći listići": 300, "Nevažeći listići": 16, "ID_u_zupaniji": 98 } }, "geometry": { "type": "Polygon", "coordinates": [ [ [ 18.541595713303867, 45.176433577539441 ], [ 18.557987217381992, 45.203121697724384 ], [ 18.568905462096879, 45.202754389447087 ], [ 18.60239447675195, 45.189597506244212 ], [ 18.611742515476227, 45.17044504034547 ], [ 18.59225724553826, 45.104181124003574 ], [ 18.538185887566168, 45.12225506927426 ], [ 18.541595713303867, 45.176433577539441 ] ] ] } },
{ "type": "Feature", "properties": { "latitude": 45.1228852, "longitude": 18.5273025, "BM": 3139, "population": 253, "data": { "Rbr IJ": 5, "Naziv izborne jedinice": "V. IZBORNA JEDINICA", "Rbr.županije": 16, "Oznaka Gr/Op/Dr": "općina", "Grad/općina/država": "BABINA GREDA", "Rbr BM": 5, "Naziv BM": "BABINA GREDA", "Lokacija BM": "ČITAONICA \"JELAS\"", "Adresa BM": "MIJATA STOJANOVIĆA 116", "Glasovalo birača": 138, "Glasovalo birača (po listićima)": 138, "Važeći listići": 133, "Nevažeći listići": 5, "ID_u_zupaniji": 101 } }, "geometry": { "type": "Polygon", "coordinates": [ [ [ 18.538185887566168, 45.12225506927426 ], [ 18.538079076576444, 45.121930108874913 ], [ 18.524998598821963, 45.112565493124961 ], [ 18.514251803593208, 45.147009568858287 ], [ 18.541595713303867, 45.176433577539441 ], [ 18.538185887566168, 45.12225506927426 ] ] ] } },
{ "type": "Feature", "properties": { "latitude": 45.0953749, "longitude": 18.6379599, "BM": 3479, "population": 793, "data": { "Rbr IJ": 5, "Naziv izborne jedinice": "V. IZBORNA JEDINICA", "Rbr.županije": 16, "Oznaka Gr/Op/Dr": "općina", "Grad/općina/država": "ŠTITAR", "Rbr BM": 2, "Naziv BM": "ŠTITAR", "Lokacija BM": "OSNOVNA  ŠKOLA IVANA MARTINOVIĆA", "Adresa BM": "ŠKOLSKA 23", "Glasovalo birača": 332, "Glasovalo birača (po listićima)": 332, "Važeći listići": 305, "Nevažeći listići": 27, "ID_u_zupaniji": 174 } }, "geometry": { "type": "Polygon", "coordinates": [ [ [ 18.6561022, 45.0827565 ], [ 18.6535149, 45.0784903 ], [ 18.6534744, 45.0771601 ], [ 18.6538787, 45.0755295 ], [ 18.6554647, 45.0728963 ], [ 18.658271146382848, 45.069209285197182 ], [ 18.652677412960102, 45.056372406675727 ], [ 18.6519397, 45.0565598 ], [ 18.6507878, 45.0570547 ], [ 18.646551, 45.0594734 ], [ 18.6432585, 45.0612821 ], [ 18.6407084, 45.0619874 ], [ 18.6383493, 45.0623155 ], [ 18.6307667, 45.0619875 ], [ 18.6220803, 45.061205 ], [ 18.6185039, 45.0611609 ], [ 18.6152917, 45.0616596 ], [ 18.6091121, 45.0631115 ], [ 18.60609, 45.0657326 ], [ 18.6058156, 45.0671446 ], [ 18.6062821, 45.0692823 ], [ 18.607666, 45.0710673 ], [ 18.6131253, 45.0745564 ], [ 18.6182396, 45.0772262 ], [ 18.6243505, 45.0794295 ], [ 18.6309215, 45.0811129 ], [ 18.6338617, 45.0832983 ], [ 18.6363377, 45.0859206 ], [ 18.636802, 45.0879964 ], [ 18.636183, 45.0906185 ], [ 18.6356082, 45.0920533 ], [ 18.634326, 45.0929128 ], [ 18.6303214, 45.0952253 ], [ 18.6276519, 45.0960341 ], [ 18.6258146, 45.0962994 ], [ 18.6243153, 45.0961553 ], [ 18.6228743, 45.0954255 ], [ 18.6219549, 45.0942694 ], [ 18.621327, 45.0924758 ], [ 18.6209607, 45.0887048 ], [ 18.6204631, 45.0856867 ], [ 18.6181618, 45.0827344 ], [ 18.6130461, 45.0804321 ], [ 18.6084124, 45.0806854 ], [ 18.60248, 45.0815369 ], [ 18.5971858, 45.083109 ], [ 18.5929097, 45.0865239 ], [ 18.58893090802319, 45.089776487771168 ], [ 18.59225724553826, 45.104181124003574 ], [ 18.611742515476227, 45.17044504034547 ], [ 18.643153446770782, 45.153499282412433 ], [ 18.660045242160312, 45.088954974820631 ], [ 18.6561022, 45.0827565 ] ] ] } },
{ "type": "Feature", "properties": { "latitude": 45.1163054, "longitude": 18.5473208, "BM": 3137, "population": 830, "data": { "Rbr IJ": 5, "Naziv izborne jedinice": "V. IZBORNA JEDINICA", "Rbr.županije": 16, "Oznaka Gr/Op/Dr": "općina", "Grad/općina/država": "BABINA GREDA", "Rbr BM": 3, "Naziv BM": "BABINA GREDA", "Lokacija BM": "ČITAONICA \"DONJA MALA\"", "Adresa BM": "VLADIMIRA NAZORA 42", "Glasovalo birača": 401, "Glasovalo birača (po listićima)": 401, "Važeći listići": 383, "Nevažeći listići": 18, "ID_u_zupaniji": 99 } }, "geometry": { "type": "Polygon", "coordinates": [ [ [ 18.5879009, 45.0906185 ], [ 18.582927, 45.0931877 ], [ 18.574283, 45.095207 ], [ 18.5714205, 45.0951812 ], [ 18.5702854, 45.0950821 ], [ 18.5691347, 45.0946966 ], [ 18.5685128, 45.094179 ], [ 18.5679057, 45.0934572 ], [ 18.5677975, 45.0919541 ], [ 18.5678908, 45.0905884 ], [ 18.568921, 45.0894436 ], [ 18.5735196, 45.0863586 ], [ 18.5804731, 45.0820962 ], [ 18.5819007, 45.0804981 ], [ 18.5826782, 45.078405 ], [ 18.5828182, 45.0749566 ], [ 18.5817476, 45.0718186 ], [ 18.5798955, 45.069296 ], [ 18.5775329, 45.0676712 ], [ 18.5758896, 45.0669715 ], [ 18.5751057, 45.0666377 ], [ 18.5741284, 45.0665782 ], [ 18.573162, 45.06677 ], [ 18.5722601, 45.0670895 ], [ 18.5712317, 45.0680315 ], [ 18.5704144, 45.0719334 ], [ 18.5695761, 45.0773251 ], [ 18.5664811, 45.0803847 ], [ 18.5576604, 45.0862851 ], [ 18.5527143, 45.0897634 ], [ 18.550904322522392, 45.090920251612545 ], [ 18.538079076576444, 45.121930108874913 ], [ 18.538185887566168, 45.12225506927426 ], [ 18.59225724553826, 45.104181124003574 ], [ 18.58893090802319, 45.089776487771168 ], [ 18.5879009, 45.0906185 ] ] ] } },
{ "type": "Feature", "properties": { "latitude": 45.2862308, "longitude": 18.5596012, "BM": 3462, "population": 523, "data": { "Rbr IJ": 5, "Naziv izborne jedinice": "V. IZBORNA JEDINICA", "Rbr.županije": 16, "Oznaka Gr/Op/Dr": "općina", "Grad/općina/država": "STARI MIKANOVCI", "Rbr BM": 2, "Naziv BM": "STARI MIKANOVCI", "Lokacija BM": "\"DVD STARI MIKANOVCI\"STARI MIKANOVCI", "Adresa BM": "VLADIMIRA NAZORA 43", "Glasovalo birača": 337, "Glasovalo birača (po listićima)": 337, "Važeći listići": 330, "Nevažeći listići": 7, "ID_u_zupaniji": 170 } }, "geometry": { "type": "Polygon", "coordinates": [ [ [ 18.555026100333858, 45.295211102816992 ], [ 18.559329725169526, 45.295520967336643 ], [ 18.565766433089259, 45.245507196654152 ], [ 18.555026100333858, 45.295211102816992 ] ] ] } },
{ "type": "Feature", "properties": { "latitude": 45.2870103, "longitude": 18.590291, "BM": 3464, "population": 412, "data": { "Rbr IJ": 5, "Naziv izborne jedinice": "V. IZBORNA JEDINICA", "Rbr.županije": 16, "Oznaka Gr/Op/Dr": "općina", "Grad/općina/država": "STARI MIKANOVCI", "Rbr BM": 4, "Naziv BM": "NOVI MIKANOVCI", "Lokacija BM": "NOVI MIKANOVCI", "Adresa BM": "BRAĆE RADIĆA 146", "Glasovalo birača": 262, "Glasovalo birača (po listićima)": 262, "Važeći listići": 243, "Nevažeći listići": 19, "ID_u_zupaniji": 172 } }, "geometry": { "type": "Polygon", "coordinates": [ [ [ 18.592251432399962, 45.328317745189061 ], [ 18.615761118554836, 45.340180274148253 ], [ 18.630748061806116, 45.33615610796226 ], [ 18.63058501729752, 45.334173771289443 ], [ 18.576714216711373, 45.24127249613371 ], [ 18.57563615086838, 45.298331131866931 ], [ 18.592251432399962, 45.328317745189061 ] ] ] } },
{ "type": "Feature", "properties": { "latitude": 45.2864648, "longitude": 18.5614194, "BM": 3463, "population": 596, "data": { "Rbr IJ": 5, "Naziv izborne jedinice": "V. IZBORNA JEDINICA", "Rbr.županije": 16, "Oznaka Gr/Op/Dr": "općina", "Grad/općina/država": "STARI MIKANOVCI", "Rbr BM": 3, "Naziv BM": "STARI MIKANOVCI", "Lokacija BM": "\"ŠUMARIJA STARI MIKANOVCI\"STARI MIKANOVCI", "Adresa BM": "VLADIMIRA NAZORA 54", "Glasovalo birača": 373, "Glasovalo birača (po listićima)": 373, "Važeći listići": 360, "Nevažeći listići": 13, "ID_u_zupaniji": 171 } }, "geometry": { "type": "Polygon", "coordinates": [ [ [ 18.565766433089259, 45.245507196654152 ], [ 18.559329725169526, 45.295520967336643 ], [ 18.57563615086838, 45.298331131866931 ], [ 18.576714216711373, 45.24127249613371 ], [ 18.571298424365427, 45.216828982233139 ], [ 18.565766433089259, 45.245507196654152 ] ] ] } },
{ "type": "Feature", "properties": { "latitude": 45.275775, "longitude": 18.6096665, "BM": 3526, "population": 832, "data": { "Rbr IJ": 5, "Naziv izborne jedinice": "V. IZBORNA JEDINICA", "Rbr.županije": 16, "Oznaka Gr/Op/Dr": "općina", "Grad/općina/država": "VOĐINCI", "Rbr BM": 2, "Naziv BM": "VOĐINCI", "Lokacija BM": "SALA ZA VJENČANJE", "Adresa BM": "J.J.STROSSMAYERA 198", "Glasovalo birača": 520, "Glasovalo birača (po listićima)": 520, "Važeći listići": 500, "Nevažeći listići": 20, "ID_u_zupaniji": 196 } }, "geometry": { "type": "Polygon", "coordinates": [ [ [ 18.571298424365427, 45.216828982233139 ], [ 18.576714216711373, 45.24127249613371 ], [ 18.63058501729752, 45.334173771289443 ], [ 18.641425600152399, 45.225540482068226 ], [ 18.60239447675195, 45.189597506244212 ], [ 18.568905462096879, 45.202754389447087 ], [ 18.571298424365427, 45.216828982233139 ] ] ] } },
{ "type": "Feature", "properties": { "latitude": 45.2810604, "longitude": 18.6626314, "BM": 3287, "population": 1010, "data": { "Rbr IJ": 5, "Naziv izborne jedinice": "V. IZBORNA JEDINICA", "Rbr.županije": 16, "Oznaka Gr/Op/Dr": "općina", "Grad/općina/država": "IVANKOVO", "Rbr BM": 4, "Naziv BM": "IVANKOVO", "Lokacija BM": "PRIVATNA KUĆA VLADE SALOPEKA", "Adresa BM": "GORJANI 272", "Glasovalo birača": 594, "Glasovalo birača (po listićima)": 594, "Važeći listići": 577, "Nevažeći listići": 17, "ID_u_zupaniji": 134 } }, "geometry": { "type": "Polygon", "coordinates": [ [ [ 18.649655274698969, 45.342936818798172 ], [ 18.654633392560012, 45.340686922494534 ], [ 18.678048267653846, 45.270670771586062 ], [ 18.686533194552482, 45.238527230535375 ], [ 18.686194735874491, 45.238410222772025 ], [ 18.641425600152399, 45.225540482068226 ], [ 18.63058501729752, 45.334173771289443 ], [ 18.630748061806116, 45.33615610796226 ], [ 18.649655274698969, 45.342936818798172 ] ] ] } },
{ "type": "Feature", "properties": { "latitude": 45.1897577, "longitude": 18.6888781, "BM": 3188, "population": 944, "data": { "Rbr IJ": 5, "Naziv izborne jedinice": "V. IZBORNA JEDINICA", "Rbr.županije": 16, "Oznaka Gr/Op/Dr": "općina", "Grad/općina/država": "CERNA", "Rbr BM": 1, "Naziv BM": "CERNA", "Lokacija BM": "OSN. ŠKOLA \"MATIJA ANTUN RELJKOVIĆ\"", "Adresa BM": "ŠETALIŠTE DR. FRANJE TUĐMANA 3", "Glasovalo birača": 535, "Glasovalo birača (po listićima)": 535, "Važeći listići": 521, "Nevažeći listići": 14, "ID_u_zupaniji": 114 } }, "geometry": { "type": "Polygon", "coordinates": [ [ [ 18.60239447675195, 45.189597506244212 ], [ 18.641425600152399, 45.225540482068226 ], [ 18.686194735874491, 45.238410222772025 ], [ 18.69389494030731, 45.167404307406741 ], [ 18.646798895122526, 45.152949624814248 ], [ 18.643153446770782, 45.153499282412433 ], [ 18.611742515476227, 45.17044504034547 ], [ 18.60239447675195, 45.189597506244212 ] ] ] } },
{ "type": "Feature", "properties": { "latitude": 45.3740827, "longitude": 18.7046735, "BM": 3350, "population": 101, "data": { "Rbr IJ": 5, "Naziv izborne jedinice": "V. IZBORNA JEDINICA", "Rbr.županije": 16, "Oznaka Gr/Op/Dr": "općina", "Grad/općina/država": "MARKUŠICA", "Rbr BM": 4, "Naziv BM": "KARADŽIĆEVO", "Lokacija BM": "OSNOVNA ŠKOLA KARADŽIĆEVO", "Adresa BM": "V.S.KARADŽIĆA BB", "Glasovalo birača": 5, "Glasovalo birača (po listićima)": 5, "Važeći listići": 5, "Nevažeći listići": 0, "ID_u_zupaniji": 144 } }, "geometry": { "type": "Polygon", "coordinates": [ [ [ 18.654633392560012, 45.340686922494534 ], [ 18.649655274698969, 45.342936818798172 ], [ 18.658721473861739, 45.37367097299294 ], [ 18.66817920789342, 45.404328380072116 ], [ 18.674999048969372, 45.408496638573759 ], [ 18.703392939376247, 45.39691580487542 ], [ 18.70804763934958, 45.345922047090205 ], [ 18.684194227349408, 45.335442637332832 ], [ 18.675880321801962, 45.336163092218925 ], [ 18.655469500224516, 45.340486658626332 ], [ 18.654633392560012, 45.340686922494534 ] ] ] } },
{ "type": "Feature", "properties": { "latitude": 45.2882445, "longitude": 18.6841136, "BM": 3289, "population": 376, "data": { "Rbr IJ": 5, "Naziv izborne jedinice": "V. IZBORNA JEDINICA", "Rbr.županije": 16, "Oznaka Gr/Op/Dr": "općina", "Grad/općina/država": "IVANKOVO", "Rbr BM": 6, "Naziv BM": "PRKOVCI", "Lokacija BM": "DRUŠTVENI DOM PRKOVCI", "Adresa BM": "GLAVNA 21", "Glasovalo birača": 198, "Glasovalo birača (po listićima)": 198, "Važeći listići": 187, "Nevažeći listići": 11, "ID_u_zupaniji": 136 } }, "geometry": { "type": "Polygon", "coordinates": [ [ [ 18.655469500224516, 45.340486658626332 ], [ 18.685631172735075, 45.288758045555859 ], [ 18.678048267653846, 45.270670771586062 ], [ 18.654633392560012, 45.340686922494534 ], [ 18.655469500224516, 45.340486658626332 ] ] ] } },
{ "type": "Feature", "properties": { "latitude": 45.1053707, "longitude": 18.6761543, "BM": 3130, "population": 493, "data": { "Rbr IJ": 5, "Naziv izborne jedinice": "V. IZBORNA JEDINICA", "Rbr.županije": 16, "Oznaka Gr/Op/Dr": "grad", "Grad/općina/država": "ŽUPANJA", "Rbr BM": 14, "Naziv BM": "ŽUPANJA", "Lokacija BM": "PROSTORIJE NK \"ŽUPANJA 77\"", "Adresa BM": "M.ĆATIĆA", "Glasovalo birača": 195, "Glasovalo birača (po listićima)": 195, "Važeći listići": 192, "Nevažeći listići": 3, "ID_u_zupaniji": 92 } }, "geometry": { "type": "Polygon", "coordinates": [ [ [ 18.6796086, 45.0919329 ], [ 18.6771405, 45.0935512 ], [ 18.6752352, 45.0944902 ], [ 18.6731864, 45.0949392 ], [ 18.6711211, 45.0949115 ], [ 18.6689503, 45.0947523 ], [ 18.6670908, 45.0942583 ], [ 18.6651104, 45.0933223 ], [ 18.6605027, 45.0896741 ], [ 18.660045242160312, 45.088954974820631 ], [ 18.643153446770782, 45.153499282412433 ], [ 18.646798895122526, 45.152949624814248 ], [ 18.703998936557884, 45.1162427549786 ], [ 18.680106356700986, 45.09137630287421 ], [ 18.6796086, 45.0919329 ] ] ] } },
{ "type": "Feature", "properties": { "latitude": 45.2898258, "longitude": 18.6868256, "BM": 3285, "population": 1209, "data": { "Rbr IJ": 5, "Naziv izborne jedinice": "V. IZBORNA JEDINICA", "Rbr.županije": 16, "Oznaka Gr/Op/Dr": "općina", "Grad/općina/država": "IVANKOVO", "Rbr BM": 2, "Naziv BM": "IVANKOVO", "Lokacija BM": "SPORTSKA DVORANA", "Adresa BM": "BOŠNJACI 10", "Glasovalo birača": 682, "Glasovalo birača (po listićima)": 682, "Važeći listići": 657, "Nevažeći listići": 25, "ID_u_zupaniji": 132 } }, "geometry": { "type": "Polygon", "coordinates": [ [ [ 18.675880321801962, 45.336163092218925 ], [ 18.694028347753484, 45.287096007090071 ], [ 18.685631172735075, 45.288758045555859 ], [ 18.655469500224516, 45.340486658626332 ], [ 18.675880321801962, 45.336163092218925 ] ] ] } },
{ "type": "Feature", "properties": { "latitude": 45.2873158, "longitude": 18.6863288, "BM": 3288, "population": 956, "data": { "Rbr IJ": 5, "Naziv izborne jedinice": "V. IZBORNA JEDINICA", "Rbr.županije": 16, "Oznaka Gr/Op/Dr": "općina", "Grad/općina/država": "IVANKOVO", "Rbr BM": 5, "Naziv BM": "RETKOVCI", "Lokacija BM": "DOM KULTURE RETKOVCI", "Adresa BM": "M. GUPCA 7", "Glasovalo birača": 540, "Glasovalo birača (po listićima)": 540, "Važeći listići": 515, "Nevažeći listići": 25, "ID_u_zupaniji": 135 } }, "geometry": { "type": "Polygon", "coordinates": [ [ [ 18.678048267653846, 45.270670771586062 ], [ 18.685631172735075, 45.288758045555859 ], [ 18.694028347753484, 45.287096007090071 ], [ 18.712274665869522, 45.255310937113919 ], [ 18.694783722686264, 45.23917998493566 ], [ 18.686533194552482, 45.238527230535375 ], [ 18.678048267653846, 45.270670771586062 ] ] ] } },
{ "type": "Feature", "properties": { "latitude": 45.1903135, "longitude": 18.6940033, "BM": 3189, "population": 618, "data": { "Rbr IJ": 5, "Naziv izborne jedinice": "V. IZBORNA JEDINICA", "Rbr.županije": 16, "Oznaka Gr/Op/Dr": "općina", "Grad/općina/država": "CERNA", "Rbr BM": 2, "Naziv BM": "ŠIŠKOVCI", "Lokacija BM": "OSN. ŠKOLA \"MATIJA ANTUN RELJKOVIĆ\" PODRUČNA ŠKOLA ŠIŠKOVCI", "Adresa BM": "J.KOZARCA 8", "Glasovalo birača": 351, "Glasovalo birača (po listićima)": 351, "Važeći listići": 339, "Nevažeći listići": 12, "ID_u_zupaniji": 115 } }, "geometry": { "type": "Polygon", "coordinates": [ [ [ 18.686533194552482, 45.238527230535375 ], [ 18.694783722686264, 45.23917998493566 ], [ 18.74244438139176, 45.176491863714844 ], [ 18.69389494030731, 45.167404307406741 ], [ 18.686194735874491, 45.238410222772025 ], [ 18.686533194552482, 45.238527230535375 ] ] ] } },
{ "type": "Feature", "properties": { "latitude": 45.072074, "longitude": 18.6945072, "BM": 3126, "population": 1014, "data": { "Rbr IJ": 5, "Naziv izborne jedinice": "V. IZBORNA JEDINICA", "Rbr.županije": 16, "Oznaka Gr/Op/Dr": "grad", "Grad/općina/država": "ŽUPANJA", "Rbr BM": 10, "Naziv BM": "ŽUPANJA", "Lokacija BM": "OSNOVNA ŠKOLA \"MATE LOVRAK\" I", "Adresa BM": "A.STEPINCA 18", "Glasovalo birača": 545, "Glasovalo birača (po listićima)": 545, "Važeći listići": 532, "Nevažeći listići": 13, "ID_u_zupaniji": 88 } }, "geometry": { "type": "Polygon", "coordinates": [ [ [ 18.693064083556841, 45.080008658990465 ], [ 18.69666639057737, 45.080067474199168 ], [ 18.698847301155872, 45.071569280128095 ], [ 18.698987194922278, 45.070930222666753 ], [ 18.692380743164097, 45.049736306182922 ], [ 18.693064083556841, 45.080008658990465 ] ] ] } },
{ "type": "Feature", "properties": { "latitude": 45.1460853, "longitude": 18.702282, "BM": 3267, "population": 524, "data": { "Rbr IJ": 5, "Naziv izborne jedinice": "V. IZBORNA JEDINICA", "Rbr.županije": 16, "Oznaka Gr/Op/Dr": "općina", "Grad/općina/država": "GRADIŠTE", "Rbr BM": 1, "Naziv BM": "GRADIŠTE", "Lokacija BM": "OSNOVNA ŠKOLA \"GRADIŠTE\"", "Adresa BM": "KOLODVORSKA UL.27", "Glasovalo birača": 278, "Glasovalo birača (po listićima)": 278, "Važeći listići": 265, "Nevažeći listići": 13, "ID_u_zupaniji": 124 } }, "geometry": { "type": "Polygon", "coordinates": [ [ [ 18.69389494030731, 45.167404307406741 ], [ 18.74244438139176, 45.176491863714844 ], [ 18.773462366158451, 45.161210342799244 ], [ 18.777689626617065, 45.149438262725411 ], [ 18.784726392013695, 45.129408912643051 ], [ 18.749789110680709, 45.110176495994388 ], [ 18.747888793287331, 45.110173169685908 ], [ 18.703998936557884, 45.1162427549786 ], [ 18.646798895122526, 45.152949624814248 ], [ 18.69389494030731, 45.167404307406741 ] ] ] } },
{ "type": "Feature", "properties": { "latitude": 45.0738411, "longitude": 18.7025796, "BM": 3123, "population": 713, "data": { "Rbr IJ": 5, "Naziv izborne jedinice": "V. IZBORNA JEDINICA", "Rbr.županije": 16, "Oznaka Gr/Op/Dr": "grad", "Grad/općina/država": "ŽUPANJA", "Rbr BM": 7, "Naziv BM": "ŽUPANJA", "Lokacija BM": "ŠUMARIJA II", "Adresa BM": "DR.FRANJE RAČKOG 34", "Glasovalo birača": 412, "Glasovalo birača (po listićima)": 412, "Važeći listići": 401, "Nevažeći listići": 11, "ID_u_zupaniji": 85 } }, "geometry": { "type": "Polygon", "coordinates": [ [ [ 18.698847301155872, 45.071569280128095 ], [ 18.746611028221658, 45.103032833157819 ], [ 18.735066327804418, 45.076875093409413 ], [ 18.698987194922278, 45.070930222666753 ], [ 18.698847301155872, 45.071569280128095 ] ] ] } },
{ "type": "Feature", "properties": { "latitude": 45.2938557, "longitude": 18.6977213, "BM": 3286, "population": 1205, "data": { "Rbr IJ": 5, "Naziv izborne jedinice": "V. IZBORNA JEDINICA", "Rbr.županije": 16, "Oznaka Gr/Op/Dr": "općina", "Grad/općina/država": "IVANKOVO", "Rbr BM": 3, "Naziv BM": "IVANKOVO", "Lokacija BM": "PRIVATNA KUĆA ANĐELKE PEJIĆ", "Adresa BM": "BOŠNJACI 158", "Glasovalo birača": 715, "Glasovalo birača (po listićima)": 715, "Važeći listići": 688, "Nevažeći listići": 27, "ID_u_zupaniji": 133 } }, "geometry": { "type": "Polygon", "coordinates": [ [ [ 18.694028347753484, 45.287096007090071 ], [ 18.675880321801962, 45.336163092218925 ], [ 18.684194227349408, 45.335442637332832 ], [ 18.733413063343054, 45.289041773303431 ], [ 18.730495397791017, 45.267375833318283 ], [ 18.712274665869522, 45.255310937113919 ], [ 18.694028347753484, 45.287096007090071 ] ] ] } },
{ "type": "Feature", "properties": { "latitude": 45.0879862, "longitude": 18.6942474, "BM": 3129, "population": 636, "data": { "Rbr IJ": 5, "Naziv izborne jedinice": "V. IZBORNA JEDINICA", "Rbr.županije": 16, "Oznaka Gr/Op/Dr": "grad", "Grad/općina/država": "ŽUPANJA", "Rbr BM": 13, "Naziv BM": "ŽUPANJA", "Lokacija BM": "KINO \"KRISTAL\"", "Adresa BM": "ŠEĆERANA 62", "Glasovalo birača": 302, "Glasovalo birača (po listićima)": 302, "Važeći listići": 296, "Nevažeći listići": 6, "ID_u_zupaniji": 91 } }, "geometry": { "type": "Polygon", "coordinates": [ [ [ 18.687235892013529, 45.081106297438204 ], [ 18.6855479, 45.0843909 ], [ 18.6832267, 45.0878871 ], [ 18.680106356700986, 45.09137630287421 ], [ 18.703998936557884, 45.1162427549786 ], [ 18.747888793287331, 45.110173169685908 ], [ 18.69666639057737, 45.080067474199168 ], [ 18.693064083556841, 45.080008658990465 ], [ 18.687235892013533, 45.081106297438197 ], [ 18.687235892013529, 45.081106297438204 ] ] ] } },
{ "type": "Feature", "properties": { "latitude": 45.0741016, "longitude": 18.702408, "BM": 3117, "population": 882, "data": { "Rbr IJ": 5, "Naziv izborne jedinice": "V. IZBORNA JEDINICA", "Rbr.županije": 16, "Oznaka Gr/Op/Dr": "grad", "Grad/općina/država": "ŽUPANJA", "Rbr BM": 1, "Naziv BM": "ŽUPANJA", "Lokacija BM": "OŠ \"IVAN KOZARAC\" I", "Adresa BM": "DR. FRANJE RAČKOG 30", "Glasovalo birača": 450, "Glasovalo birača (po listićima)": 450, "Važeći listići": 433, "Nevažeći listići": 17, "ID_u_zupaniji": 79 } }, "geometry": { "type": "Polygon", "coordinates": [ [ [ 18.69666639057737, 45.080067474199168 ], [ 18.747888793287331, 45.110173169685908 ], [ 18.749789110680709, 45.110176495994388 ], [ 18.746611028221658, 45.103032833157819 ], [ 18.698847301155872, 45.071569280128095 ], [ 18.69666639057737, 45.080067474199168 ] ] ] } },
{ "type": "Feature", "properties": { "latitude": 45.2268649, "longitude": 18.7420794, "BM": 3132, "population": 580, "data": { "Rbr IJ": 5, "Naziv izborne jedinice": "V. IZBORNA JEDINICA", "Rbr.županije": 16, "Oznaka Gr/Op/Dr": "općina", "Grad/općina/država": "ANDRIJAŠEVCI", "Rbr BM": 2, "Naziv BM": "ANDRIJAŠEVCI", "Lokacija BM": "OSNOVNA ŠKOLA \"IVANE BRLIĆ-MAŽURANIĆ\"ROKOVCI-ANDRIJAŠEVCI", "Adresa BM": "ŠKOLSKA 1", "Glasovalo birača": 345, "Glasovalo birača (po listićima)": 345, "Važeći listići": 328, "Nevažeći listići": 17, "ID_u_zupaniji": 94 } }, "geometry": { "type": "Polygon", "coordinates": [ [ [ 18.712274665869522, 45.255310937113919 ], [ 18.730495397791017, 45.267375833318283 ], [ 18.776106608512741, 45.245890925677315 ], [ 18.795283917734487, 45.226536411456671 ], [ 18.773462366158451, 45.161210342799244 ], [ 18.74244438139176, 45.176491863714844 ], [ 18.694783722686264, 45.23917998493566 ], [ 18.712274665869522, 45.255310937113919 ] ] ] } },
{ "type": "Feature", "properties": { "latitude": 45.0508295, "longitude": 18.7547188, "BM": 3155, "population": 806, "data": { "Rbr IJ": 5, "Naziv izborne jedinice": "V. IZBORNA JEDINICA", "Rbr.županije": 16, "Oznaka Gr/Op/Dr": "općina", "Grad/općina/država": "BOŠNJACI", "Rbr BM": 1, "Naziv BM": "BOŠNJACI", "Lokacija BM": "DOM KULTURE (PROSTORIJE KUD-A)", "Adresa BM": "TRG FRA B.T.LEAKOVIĆA 10", "Glasovalo birača": 412, "Glasovalo birača (po listićima)": 412, "Važeći listići": 401, "Nevažeći listići": 11, "ID_u_zupaniji": 110 } }, "geometry": { "type": "Polygon", "coordinates": [ [ [ 18.725085817127177, 45.023049841547198 ], [ 18.7232092, 45.0241196 ], [ 18.7216738, 45.0253228 ], [ 18.721219, 45.026722 ], [ 18.7202588, 45.0305495 ], [ 18.719927537161269, 45.032615745748508 ], [ 18.7199253, 45.0326297 ], [ 18.719502860674751, 45.033629281770196 ], [ 18.735066327804418, 45.076875093409413 ], [ 18.746611028221658, 45.103032833157819 ], [ 18.749789110680709, 45.110176495994388 ], [ 18.784726392013695, 45.129408912643051 ], [ 18.80494826504529, 45.117556569742973 ], [ 18.80875525108954, 45.11242041792152 ], [ 18.759892685227342, 45.05506262239598 ], [ 18.72508581712718, 45.023049841547198 ], [ 18.725085817127177, 45.023049841547198 ] ] ] } },
{ "type": "Feature", "properties": { "latitude": 45.3243881, "longitude": 18.7265056, "BM": 3303, "population": 1027, "data": { "Rbr IJ": 5, "Naziv izborne jedinice": "V. IZBORNA JEDINICA", "Rbr.županije": 16, "Oznaka Gr/Op/Dr": "općina", "Grad/općina/država": "JARMINA", "Rbr BM": 1, "Naziv BM": "JARMINA", "Lokacija BM": "DOM TALIJANSKOG PRIJATELJSTVA", "Adresa BM": "V.NAZORA 2", "Glasovalo birača": 610, "Glasovalo birača (po listićima)": 610, "Važeći listići": 593, "Nevažeći listići": 17, "ID_u_zupaniji": 137 } }, "geometry": { "type": "Polygon", "coordinates": [ [ [ 18.70804763934958, 45.345922047090205 ], [ 18.732215690750653, 45.355735740101665 ], [ 18.75512014232401, 45.345959487914193 ], [ 18.759873121048088, 45.323195087366557 ], [ 18.734398491113851, 45.290087477080412 ], [ 18.733413063343054, 45.289041773303431 ], [ 18.684194227349408, 45.335442637332832 ], [ 18.70804763934958, 45.345922047090205 ] ] ] } },
{ "type": "Feature", "properties": { "latitude": 45.3742282, "longitude": 18.7062675, "BM": 3348, "population": 246, "data": { "Rbr IJ": 5, "Naziv izborne jedinice": "V. IZBORNA JEDINICA", "Rbr.županije": 16, "Oznaka Gr/Op/Dr": "općina", "Grad/općina/država": "MARKUŠICA", "Rbr BM": 2, "Naziv BM": "MARKUŠICA", "Lokacija BM": "NOVA ZGRADA OPĆINE MARKUŠICA", "Adresa BM": "PERE CARA 2", "Glasovalo birača": 20, "Glasovalo birača (po listićima)": 20, "Važeći listići": 18, "Nevažeći listići": 2, "ID_u_zupaniji": 142 } }, "geometry": { "type": "Polygon", "coordinates": [ [ [ 18.70804763934958, 45.345922047090205 ], [ 18.703392939376247, 45.39691580487542 ], [ 18.726880542253447, 45.388281844910452 ], [ 18.732215690750653, 45.355735740101665 ], [ 18.70804763934958, 45.345922047090205 ] ] ] } },
{ "type": "Feature", "properties": { "latitude": 45.3815449, "longitude": 18.7509017, "BM": 3488, "population": 549, "data": { "Rbr IJ": 5, "Naziv izborne jedinice": "V. IZBORNA JEDINICA", "Rbr.županije": 16, "Oznaka Gr/Op/Dr": "općina", "Grad/općina/država": "TORDINCI", "Rbr BM": 4, "Naziv BM": "ZGRADA MJESNOG ODBORA ANTIN", "Lokacija BM": "ANTIN", "Adresa BM": "I.GUNDULIĆA 85", "Glasovalo birača": 344, "Glasovalo birača (po listićima)": 344, "Važeći listići": 332, "Nevažeći listići": 12, "ID_u_zupaniji": 183 } }, "geometry": { "type": "Polygon", "coordinates": [ [ [ 18.726880542253447, 45.388281844910452 ], [ 18.727620235112873, 45.389017435197388 ], [ 18.762342433541168, 45.39727774735956 ], [ 18.757279317365224, 45.347881081851156 ], [ 18.75512014232401, 45.345959487914193 ], [ 18.732215690750653, 45.355735740101665 ], [ 18.726880542253447, 45.388281844910452 ] ] ] } },
{ "type": "Feature", "properties": { "latitude": 45.406173312465597, "longitude": 18.745042670784301, "BM": 3486, "population": 258, "data": { "Rbr IJ": 5, "Naziv izborne jedinice": "V. IZBORNA JEDINICA", "Rbr.županije": 16, "Oznaka Gr/Op/Dr": "općina", "Grad/općina/država": "TORDINCI", "Rbr BM": 2, "Naziv BM": "ZGRADA DOMA KULTURE U KOROGU", "Lokacija BM": "KOROG", "Adresa BM": "PETEFI ŠANDORA 1", "Glasovalo birača": 101, "Glasovalo birača (po listićima)": 101, "Važeći listići": 97, "Nevažeći listići": 4, "ID_u_zupaniji": 181 } }, "geometry": { "type": "Polygon", "coordinates": [ [ [ 18.740923774497027, 45.44244348299847 ], [ 18.76687742284993, 45.401589363747334 ], [ 18.762342433541168, 45.39727774735956 ], [ 18.727620235112873, 45.389017435197388 ], [ 18.740923774497027, 45.44244348299847 ] ] ] } },
{ "type": "Feature", "properties": { "latitude": 45.0492817, "longitude": 18.7565357, "BM": 3156, "population": 633, "data": { "Rbr IJ": 5, "Naziv izborne jedinice": "V. IZBORNA JEDINICA", "Rbr.županije": 16, "Oznaka Gr/Op/Dr": "općina", "Grad/općina/država": "BOŠNJACI", "Rbr BM": 2, "Naziv BM": "BOŠNJACI", "Lokacija BM": "OPĆINA BOŠNJACI", "Adresa BM": "TRG FRA B.T.LEAKOVIĆA 15", "Glasovalo birača": 284, "Glasovalo birača (po listićima)": 284, "Važeći listići": 270, "Nevažeći listići": 14, "ID_u_zupaniji": 111 } }, "geometry": { "type": "Polygon", "coordinates": [ [ [ 18.7958217, 44.992394 ], [ 18.7948432, 44.9936582 ], [ 18.7938944, 44.9944337 ], [ 18.792449, 44.9949884 ], [ 18.7875988, 44.9955406 ], [ 18.7789353, 44.9965417 ], [ 18.7670935, 44.9993564 ], [ 18.7566825, 44.9995876 ], [ 18.7508731, 44.9967528 ], [ 18.7498514, 44.9961607 ], [ 18.7437084, 44.9926007 ], [ 18.7379014, 44.9920131 ], [ 18.73475, 44.9921661 ], [ 18.7317216, 44.9926657 ], [ 18.7291798, 44.9939379 ], [ 18.7275267, 44.9962847 ], [ 18.7273979, 44.9979387 ], [ 18.7277867, 44.9990748 ], [ 18.7285716, 45.0001424 ], [ 18.7372401, 45.0099102 ], [ 18.7383427, 45.0131916 ], [ 18.7384344, 45.0160306 ], [ 18.7376897, 45.0174048 ], [ 18.736245, 45.0185629 ], [ 18.733005436172391, 45.019525290559038 ], [ 18.759892685227342, 45.05506262239598 ], [ 18.80875525108954, 45.11242041792152 ], [ 18.855609674669946, 45.051095018906899 ], [ 18.834650744163664, 44.99768312635554 ], [ 18.796093088737557, 44.991739115252045 ], [ 18.7958217, 44.992394 ] ] ] } },
{ "type": "Feature", "properties": { "latitude": 45.2842425, "longitude": 18.7691068, "BM": 3067, "population": 612, "data": { "Rbr IJ": 5, "Naziv izborne jedinice": "V. IZBORNA JEDINICA", "Rbr.županije": 16, "Oznaka Gr/Op/Dr": "grad", "Grad/općina/država": "VINKOVCI", "Rbr BM": 16, "Naziv BM": "VINKOVCI", "Lokacija BM": "O.Š. \"BARTOLA KAŠIĆA\"", "Adresa BM": "B.KAŠIĆA 48", "Glasovalo birača": 352, "Glasovalo birača (po listićima)": 352, "Važeći listići": 338, "Nevažeći listići": 14, "ID_u_zupaniji": 29 } }, "geometry": { "type": "Polygon", "coordinates": [ [ [ 18.733413063343054, 45.289041773303431 ], [ 18.734398491113851, 45.290087477080412 ], [ 18.779303279665392, 45.287077071543671 ], [ 18.782149305804339, 45.281251875123239 ], [ 18.776106608512741, 45.245890925677315 ], [ 18.730495397791017, 45.267375833318283 ], [ 18.733413063343054, 45.289041773303431 ] ] ] } },
{ "type": "Feature", "properties": { "latitude": 45.3795510971065, "longitude": 18.770353597052502, "BM": 3487, "population": 36, "data": { "Rbr IJ": 5, "Naziv izborne jedinice": "V. IZBORNA JEDINICA", "Rbr.županije": 16, "Oznaka Gr/Op/Dr": "općina", "Grad/općina/država": "TORDINCI", "Rbr BM": 3, "Naziv BM": "ZGRADA MJESNOG ODBORA MLAKA ANTINSKA", "Lokacija BM": "MLAKA ANTINSKA", "Adresa BM": "GLAVNA 17", "Glasovalo birača": 11, "Glasovalo birača (po listićima)": 11, "Važeći listići": 11, "Nevažeći listići": 0, "ID_u_zupaniji": 182 } }, "geometry": { "type": "Polygon", "coordinates": [ [ [ 18.76687742284993, 45.401589363747334 ], [ 18.792234176071524, 45.400631576189383 ], [ 18.775358932253489, 45.356345624206739 ], [ 18.757279317365224, 45.347881081851156 ], [ 18.762342433541168, 45.39727774735956 ], [ 18.76687742284993, 45.401589363747334 ] ] ] } },
{ "type": "Feature", "properties": { "latitude": 45.2912473, "longitude": 18.7695764, "BM": 3068, "population": 754, "data": { "Rbr IJ": 5, "Naziv izborne jedinice": "V. IZBORNA JEDINICA", "Rbr.županije": 16, "Oznaka Gr/Op/Dr": "grad", "Grad/općina/država": "VINKOVCI", "Rbr BM": 17, "Naziv BM": "VINKOVCI", "Lokacija BM": "VI. MJESNI ODBOR \"VINKOVAČKO NOVO SELO\" VINKOVCI", "Adresa BM": "ŠKOLSKA 42", "Glasovalo birača": 468, "Glasovalo birača (po listićima)": 468, "Važeći listići": 455, "Nevažeći listići": 13, "ID_u_zupaniji": 30 } }, "geometry": { "type": "Polygon", "coordinates": [ [ [ 18.759873121048088, 45.323195087366557 ], [ 18.775905058121943, 45.316145730662662 ], [ 18.779303279665392, 45.287077071543671 ], [ 18.734398491113851, 45.290087477080412 ], [ 18.759873121048088, 45.323195087366557 ] ] ] } },
{ "type": "Feature", "properties": { "latitude": 45.193985598074903, "longitude": 18.838624734923499, "BM": 3418, "population": 735, "data": { "Rbr IJ": 5, "Naziv izborne jedinice": "V. IZBORNA JEDINICA", "Rbr.županije": 16, "Oznaka Gr/Op/Dr": "općina", "Grad/općina/država": "PRIVLAKA", "Rbr BM": 1, "Naziv BM": "PRIVLAKA", "Lokacija BM": "NARODNA KNJIŽNICA I ČITAONICA", "Adresa BM": "B.J.ŠOKČEVIĆA 3", "Glasovalo birača": 378, "Glasovalo birača (po listićima)": 378, "Važeći listići": 364, "Nevažeći listići": 14, "ID_u_zupaniji": 161 } }, "geometry": { "type": "Polygon", "coordinates": [ [ [ 18.777689626617065, 45.149438262725411 ], [ 18.867599198214386, 45.216124347361756 ], [ 18.885739760446782, 45.193542927326888 ], [ 18.879285179963723, 45.187351203375933 ], [ 18.869892663151177, 45.178420055089006 ], [ 18.80494826504529, 45.117556569742973 ], [ 18.784726392013695, 45.129408912643051 ], [ 18.777689626617065, 45.149438262725411 ] ] ] } },
{ "type": "Feature", "properties": { "latitude": 45.1948221, "longitude": 18.8380043, "BM": 3420, "population": 805, "data": { "Rbr IJ": 5, "Naziv izborne jedinice": "V. IZBORNA JEDINICA", "Rbr.županije": 16, "Oznaka Gr/Op/Dr": "općina", "Grad/općina/država": "PRIVLAKA", "Rbr BM": 3, "Naziv BM": "PRIVLAKA", "Lokacija BM": "OPĆINA PRIVLAKA", "Adresa BM": "FALIČEVCI 7", "Glasovalo birača": 451, "Glasovalo birača (po listićima)": 450, "Važeći listići": 437, "Nevažeći listići": 13, "ID_u_zupaniji": 163 } }, "geometry": { "type": "Polygon", "coordinates": [ [ [ 18.773462366158451, 45.161210342799244 ], [ 18.795283917734487, 45.226536411456671 ], [ 18.811424922758047, 45.234625864342703 ], [ 18.84715874193245, 45.242326453325006 ], [ 18.867599198214386, 45.216124347361756 ], [ 18.777689626617065, 45.149438262725411 ], [ 18.773462366158451, 45.161210342799244 ] ] ] } },
{ "type": "Feature", "properties": { "latitude": 44.8797618, "longitude": 18.8511556, "BM": 3274, "population": 567, "data": { "Rbr IJ": 5, "Naziv izborne jedinice": "V. IZBORNA JEDINICA", "Rbr.županije": 16, "Oznaka Gr/Op/Dr": "općina", "Grad/općina/država": "GUNJA", "Rbr BM": 1, "Naziv BM": "GUNJA", "Lokacija BM": "DRUŠTVENI DOM I KNJIŽNICA", "Adresa BM": "VLADIMIRA NAZORA 113", "Glasovalo birača": 254, "Glasovalo birača (po listićima)": 254, "Važeći listići": 247, "Nevažeći listići": 7, "ID_u_zupaniji": 127 } }, "geometry": { "type": "Polygon", "coordinates": [ [ [ 18.8624902, 44.8526159 ], [ 18.8581192, 44.8529609 ], [ 18.8562025, 44.8531825 ], [ 18.8529003, 44.8537289 ], [ 18.8513513, 44.8540616 ], [ 18.8498343, 44.854485 ], [ 18.8467428, 44.8557063 ], [ 18.8456158, 44.8562951 ], [ 18.8398776, 44.8602158 ], [ 18.8375252, 44.8621329 ], [ 18.8346508, 44.864673 ], [ 18.834004929740669, 44.865294402750898 ], [ 18.845411547204801, 44.895177906214826 ], [ 18.863830899465373, 44.852618719934036 ], [ 18.8624902, 44.8526159 ] ] ] } },
{ "type": "Feature", "properties": { "latitude": 45.2933784, "longitude": 18.787806, "BM": 3066, "population": 696, "data": { "Rbr IJ": 5, "Naziv izborne jedinice": "V. IZBORNA JEDINICA", "Rbr.županije": 16, "Oznaka Gr/Op/Dr": "grad", "Grad/općina/država": "VINKOVCI", "Rbr BM": 15, "Naziv BM": "VINKOVCI", "Lokacija BM": "DJEČJI VRTIĆ \"PČELICA\"", "Adresa BM": "DVANAEST REDARSTVENIKA 20", "Glasovalo birača": 391, "Glasovalo birača (po listićima)": 391, "Važeći listići": 374, "Nevažeći listići": 17, "ID_u_zupaniji": 28 } }, "geometry": { "type": "Polygon", "coordinates": [ [ [ 18.779303279665392, 45.287077071543671 ], [ 18.775905058121943, 45.316145730662662 ], [ 18.780504128293824, 45.315920295010876 ], [ 18.781432206826992, 45.314920554164168 ], [ 18.790355810798964, 45.288321416713011 ], [ 18.790193640134852, 45.286742066334789 ], [ 18.789493313440385, 45.285365730053705 ], [ 18.782149305804339, 45.281251875123239 ], [ 18.779303279665392, 45.287077071543671 ] ] ] } },
{ "type": "Feature", "properties": { "latitude": 45.2927547, "longitude": 18.7938801, "BM": 3074, "population": 923, "data": { "Rbr IJ": 5, "Naziv izborne jedinice": "V. IZBORNA JEDINICA", "Rbr.županije": 16, "Oznaka Gr/Op/Dr": "grad", "Grad/općina/država": "VINKOVCI", "Rbr BM": 23, "Naziv BM": "VINKOVCI", "Lokacija BM": "VII. MJESNI ODBOR \"LAPOVCI\" VINKOVCI", "Adresa BM": "MATICE HRVATSKE 8", "Glasovalo birača": 581, "Glasovalo birača (po listićima)": 581, "Važeći listići": 547, "Nevažeći listići": 34, "ID_u_zupaniji": 36 } }, "geometry": { "type": "Polygon", "coordinates": [ [ [ 18.791507439706297, 45.292914780119055 ], [ 18.795618305748114, 45.293881474073629 ], [ 18.796346122759907, 45.293083222304901 ], [ 18.796857503306743, 45.291833455265483 ], [ 18.790193640134852, 45.286742066334789 ], [ 18.790355810798964, 45.288321416713011 ], [ 18.791507439706297, 45.292914780119055 ] ] ] } },
{ "type": "Feature", "properties": { "latitude": 45.293893, "longitude": 18.7893399, "BM": 3065, "population": 974, "data": { "Rbr IJ": 5, "Naziv izborne jedinice": "V. IZBORNA JEDINICA", "Rbr.županije": 16, "Oznaka Gr/Op/Dr": "grad", "Grad/općina/država": "VINKOVCI", "Rbr BM": 14, "Naziv BM": "VINKOVCI", "Lokacija BM": "V. MJESNI ODBOR \"DVANAEST REDARSTVENIKA\" VINKOVCI", "Adresa BM": "12 REDARSTVENIKA 1A", "Glasovalo birača": 585, "Glasovalo birača (po listićima)": 585, "Važeći listići": 565, "Nevažeći listići": 20, "ID_u_zupaniji": 27 } }, "geometry": { "type": "Polygon", "coordinates": [ [ [ 18.790355810798964, 45.288321416713011 ], [ 18.781432206826992, 45.314920554164168 ], [ 18.790807501748965, 45.305523886553345 ], [ 18.790854169378903, 45.30530548320074 ], [ 18.791507439706297, 45.292914780119055 ], [ 18.790355810798964, 45.288321416713011 ] ] ] } },
{ "type": "Feature", "properties": { "latitude": 45.33764, "longitude": 18.7899756, "BM": 3351, "population": 360, "data": { "Rbr IJ": 5, "Naziv izborne jedinice": "V. IZBORNA JEDINICA", "Rbr.županije": 16, "Oznaka Gr/Op/Dr": "općina", "Grad/općina/država": "MARKUŠICA", "Rbr BM": 5, "Naziv BM": "OSTROVO", "Lokacija BM": "DOM KULTURE", "Adresa BM": "MATIJE I LJUBINKA 3", "Glasovalo birača": 15, "Glasovalo birača (po listićima)": 15, "Važeći listići": 14, "Nevažeći listići": 1, "ID_u_zupaniji": 145 } }, "geometry": { "type": "Polygon", "coordinates": [ [ [ 18.757279317365224, 45.347881081851156 ], [ 18.775358932253489, 45.356345624206739 ], [ 18.817035481006645, 45.35053040743307 ], [ 18.814651513126869, 45.332255712683619 ], [ 18.807969231614152, 45.32708191602152 ], [ 18.780504128293824, 45.315920295010876 ], [ 18.775905058121943, 45.316145730662662 ], [ 18.759873121048088, 45.323195087366557 ], [ 18.75512014232401, 45.345959487914193 ], [ 18.757279317365224, 45.347881081851156 ] ] ] } },
{ "type": "Feature", "properties": { "latitude": 45.3703357, "longitude": 18.7945377, "BM": 3485, "population": 600, "data": { "Rbr IJ": 5, "Naziv izborne jedinice": "V. IZBORNA JEDINICA", "Rbr.županije": 16, "Oznaka Gr/Op/Dr": "općina", "Grad/općina/država": "TORDINCI", "Rbr BM": 1, "Naziv BM": "ZGRADA OPĆINE TORDINCI", "Lokacija BM": "TORDINCI", "Adresa BM": "TRG HRVATSKIH ŽRTAVA 9", "Glasovalo birača": 373, "Glasovalo birača (po listićima)": 373, "Važeći listići": 365, "Nevažeći listići": 8, "ID_u_zupaniji": 180 } }, "geometry": { "type": "Polygon", "coordinates": [ [ [ 18.792234176071524, 45.400631576189383 ], [ 18.814251834958817, 45.409997630861625 ], [ 18.839861996834628, 45.378506077091657 ], [ 18.825568153705976, 45.360399146308197 ], [ 18.817035481006645, 45.35053040743307 ], [ 18.775358932253489, 45.356345624206739 ], [ 18.792234176071524, 45.400631576189383 ] ] ] } },
{ "type": "Feature", "properties": { "latitude": 45.2797417, "longitude": 18.7954448, "BM": 3054, "population": 1054, "data": { "Rbr IJ": 5, "Naziv izborne jedinice": "V. IZBORNA JEDINICA", "Rbr.županije": 16, "Oznaka Gr/Op/Dr": "grad", "Grad/općina/država": "VINKOVCI", "Rbr BM": 3, "Naziv BM": "VINKOVCI", "Lokacija BM": "SREDNJA STRUKOVNA ŠKOLA", "Adresa BM": "STANKA VRAZA 15", "Glasovalo birača": 787, "Glasovalo birača (po listićima)": 785, "Važeći listići": 771, "Nevažeći listići": 14, "ID_u_zupaniji": 16 } }, "geometry": { "type": "Polygon", "coordinates": [ [ [ 18.782149305804339, 45.281251875123239 ], [ 18.789493313440385, 45.285365730053705 ], [ 18.797806588286278, 45.283959023452212 ], [ 18.809666917077262, 45.254533482874379 ], [ 18.811424922758047, 45.234625864342703 ], [ 18.795283917734487, 45.226536411456671 ], [ 18.776106608512741, 45.245890925677315 ], [ 18.782149305804339, 45.281251875123239 ] ] ] } },
{ "type": "Feature", "properties": { "latitude": 45.2941155, "longitude": 18.7935601, "BM": 3072, "population": 783, "data": { "Rbr IJ": 5, "Naziv izborne jedinice": "V. IZBORNA JEDINICA", "Rbr.županije": 16, "Oznaka Gr/Op/Dr": "grad", "Grad/općina/država": "VINKOVCI", "Rbr BM": 21, "Naziv BM": "VINKOVCI", "Lokacija BM": "O.Š.  A.G. MATOŠA VINKOVCI", "Adresa BM": "OHRIDSKA 21", "Glasovalo birača": 505, "Glasovalo birača (po listićima)": 505, "Važeći listići": 491, "Nevažeći listići": 14, "ID_u_zupaniji": 34 } }, "geometry": { "type": "Polygon", "coordinates": [ [ [ 18.795618305748114, 45.293881474073629 ], [ 18.791507439706297, 45.292914780119055 ], [ 18.790854169378903, 45.30530548320074 ], [ 18.795618305748114, 45.293881474073629 ] ] ] } },
{ "type": "Feature", "properties": { "latitude": 45.2955085, "longitude": 18.7969004, "BM": 3071, "population": 660, "data": { "Rbr IJ": 5, "Naziv izborne jedinice": "V. IZBORNA JEDINICA", "Rbr.županije": 16, "Oznaka Gr/Op/Dr": "grad", "Grad/općina/država": "VINKOVCI", "Rbr BM": 20, "Naziv BM": "VINKOVCI", "Lokacija BM": "PLINARA ISTOČNE SLAVONIJE (PIS)", "Adresa BM": "OHRIDSKA 17", "Glasovalo birača": 385, "Glasovalo birača (po listićima)": 385, "Važeći listići": 379, "Nevažeći listići": 6, "ID_u_zupaniji": 33 } }, "geometry": { "type": "Polygon", "coordinates": [ [ [ 18.790854169378903, 45.30530548320074 ], [ 18.790807501748965, 45.305523886553345 ], [ 18.797372522524498, 45.302348505798015 ], [ 18.797500840459982, 45.294862869403737 ], [ 18.796346122759907, 45.293083222304901 ], [ 18.795618305748114, 45.293881474073629 ], [ 18.790854169378903, 45.30530548320074 ] ] ] } },
{ "type": "Feature", "properties": { "latitude": 45.306965, "longitude": 18.8024417, "BM": 3080, "population": 1177, "data": { "Rbr IJ": 5, "Naziv izborne jedinice": "V. IZBORNA JEDINICA", "Rbr.županije": 16, "Oznaka Gr/Op/Dr": "grad", "Grad/općina/država": "VINKOVCI", "Rbr BM": 29, "Naziv BM": "VINKOVCI", "Lokacija BM": "X. MJESNI ODBOR \"SLAVIJA\" VINKOVCI", "Adresa BM": "ŠOKAČKI ŠOR 1", "Glasovalo birača": 689, "Glasovalo birača (po listićima)": 685, "Važeći listići": 663, "Nevažeći listići": 22, "ID_u_zupaniji": 42 } }, "geometry": { "type": "Polygon", "coordinates": [ [ [ 18.780504128293824, 45.315920295010876 ], [ 18.807969231614152, 45.32708191602152 ], [ 18.808075184213497, 45.304477220474304 ], [ 18.804569783360002, 45.301413519483219 ], [ 18.802211423891212, 45.300502485426669 ], [ 18.797372522524498, 45.302348505798015 ], [ 18.790807501748965, 45.305523886553345 ], [ 18.781432206826992, 45.314920554164168 ], [ 18.780504128293824, 45.315920295010876 ] ] ] } },
{ "type": "Feature", "properties": { "latitude": 45.281844, "longitude": 18.8192512, "BM": 3057, "population": 987, "data": { "Rbr IJ": 5, "Naziv izborne jedinice": "V. IZBORNA JEDINICA", "Rbr.županije": 16, "Oznaka Gr/Op/Dr": "grad", "Grad/općina/država": "VINKOVCI", "Rbr BM": 6, "Naziv BM": "VINKOVCI", "Lokacija BM": "POSLOVNI PROSTOR", "Adresa BM": "MAJKE TEREZE 12 (U DVORIŠTU)", "Glasovalo birača": 601, "Glasovalo birača (po listićima)": 601, "Važeći listići": 591, "Nevažeći listići": 10, "ID_u_zupaniji": 19 } }, "geometry": { "type": "Polygon", "coordinates": [ [ [ 18.809666917077262, 45.254533482874379 ], [ 18.810751443972684, 45.280068982157609 ], [ 18.811999016762279, 45.282435448303936 ], [ 18.818527039835431, 45.286828369995995 ], [ 18.820079706776049, 45.287424744832734 ], [ 18.839629422372809, 45.28028864392531 ], [ 18.861633105127087, 45.26846778144273 ], [ 18.84715874193245, 45.242326453325006 ], [ 18.811424922758047, 45.234625864342703 ], [ 18.809666917077262, 45.254533482874379 ] ] ] } },
{ "type": "Feature", "properties": { "latitude": 45.3070177, "longitude": 18.8136851, "BM": 3081, "population": 760, "data": { "Rbr IJ": 5, "Naziv izborne jedinice": "V. IZBORNA JEDINICA", "Rbr.županije": 16, "Oznaka Gr/Op/Dr": "grad", "Grad/općina/država": "VINKOVCI", "Rbr BM": 30, "Naziv BM": "VINKOVCI", "Lokacija BM": "DILJ, D.D. POGON \"SLAVONKA\", VINKOVCI", "Adresa BM": "KRALJA ZVONIMIRA 156", "Glasovalo birača": 500, "Glasovalo birača (po listićima)": 499, "Važeći listići": 494, "Nevažeći listići": 5, "ID_u_zupaniji": 43 } }, "geometry": { "type": "Polygon", "coordinates": [ [ [ 18.807969231614152, 45.32708191602152 ], [ 18.814651513126869, 45.332255712683619 ], [ 18.830723823662233, 45.314792927783976 ], [ 18.821038017860136, 45.302546708381641 ], [ 18.813579990067552, 45.301939279934921 ], [ 18.808075184213497, 45.304477220474304 ], [ 18.807969231614152, 45.32708191602152 ] ] ] } },
{ "type": "Feature", "properties": { "latitude": 45.2887186, "longitude": 18.7969638, "BM": 3064, "population": 875, "data": { "Rbr IJ": 5, "Naziv izborne jedinice": "V. IZBORNA JEDINICA", "Rbr.županije": 16, "Oznaka Gr/Op/Dr": "grad", "Grad/općina/država": "VINKOVCI", "Rbr BM": 13, "Naziv BM": "VINKOVCI", "Lokacija BM": "UPRAVA ZA CESTE VUKOVARSKO-SRIJEMSKE ŽUPANIJE,VINKOVCI", "Adresa BM": "JOSIPA KOZARCA 10", "Glasovalo birača": 539, "Glasovalo birača (po listićima)": 539, "Važeći listići": 519, "Nevažeći listići": 20, "ID_u_zupaniji": 26 } }, "geometry": { "type": "Polygon", "coordinates": [ [ [ 18.789493313440385, 45.285365730053705 ], [ 18.790193640134852, 45.286742066334789 ], [ 18.796857503306743, 45.291833455265483 ], [ 18.799312382154827, 45.291258890431145 ], [ 18.800317969197721, 45.287056031081249 ], [ 18.799955230063755, 45.285866547741776 ], [ 18.797806588286278, 45.283959023452212 ], [ 18.789493313440385, 45.285365730053705 ] ] ] } },
{ "type": "Feature", "properties": { "latitude": 45.2955287, "longitude": 18.7980788, "BM": 3073, "population": 527, "data": { "Rbr IJ": 5, "Naziv izborne jedinice": "V. IZBORNA JEDINICA", "Rbr.županije": 16, "Oznaka Gr/Op/Dr": "grad", "Grad/općina/država": "VINKOVCI", "Rbr BM": 22, "Naziv BM": "VINKOVCI", "Lokacija BM": "DJEČJI VRTIĆ \"STRIBOR\"", "Adresa BM": "J.J.STROSSMAYERA 7", "Glasovalo birača": 337, "Glasovalo birača (po listićima)": 337, "Važeći listići": 332, "Nevažeći listići": 5, "ID_u_zupaniji": 35 } }, "geometry": { "type": "Polygon", "coordinates": [ [ [ 18.797372522524498, 45.302348505798015 ], [ 18.802211423891212, 45.300502485426669 ], [ 18.802383622551869, 45.296178669056921 ], [ 18.797500840459982, 45.294862869403737 ], [ 18.797372522524498, 45.302348505798015 ] ] ] } },
{ "type": "Feature", "properties": { "latitude": 45.2958731, "longitude": 18.8067265, "BM": 3063, "population": 773, "data": { "Rbr IJ": 5, "Naziv izborne jedinice": "V. IZBORNA JEDINICA", "Rbr.županije": 16, "Oznaka Gr/Op/Dr": "grad", "Grad/općina/država": "VINKOVCI", "Rbr BM": 12, "Naziv BM": "VINKOVCI", "Lokacija BM": "UDRUŽENJE UMIROVLJENIKA", "Adresa BM": "TRG J. RUNJANINA 11", "Glasovalo birača": 486, "Glasovalo birača (po listićima)": 486, "Važeći listići": 475, "Nevažeći listići": 11, "ID_u_zupaniji": 25 } }, "geometry": { "type": "Polygon", "coordinates": [ [ [ 18.804569783360002, 45.301413519483219 ], [ 18.808518542711489, 45.296918928574605 ], [ 18.810024258174543, 45.29445826062161 ], [ 18.807950099587352, 45.292056569130821 ], [ 18.806744265536583, 45.291950234394612 ], [ 18.805902983556461, 45.292060436571802 ], [ 18.802660514823724, 45.294385142379923 ], [ 18.802383622551869, 45.296178669056921 ], [ 18.802211423891212, 45.300502485426669 ], [ 18.804569783360002, 45.301413519483219 ] ] ] } },
{ "type": "Feature", "properties": { "latitude": 45.2945776, "longitude": 18.7983351, "BM": 3304, "population": 843, "data": { "Rbr IJ": 5, "Naziv izborne jedinice": "V. IZBORNA JEDINICA", "Rbr.županije": 16, "Oznaka Gr/Op/Dr": "općina", "Grad/općina/država": "JARMINA", "Rbr BM": 2, "Naziv BM": "JARMINA", "Lokacija BM": "OSNOVNA ŠKOLA JARMINA", "Adresa BM": "J.J.STROSSMAYERA 3", "Glasovalo birača": 489, "Glasovalo birača (po listićima)": 489, "Važeći listići": 473, "Nevažeći listići": 16, "ID_u_zupaniji": 138 } }, "geometry": { "type": "Polygon", "coordinates": [ [ [ 18.796857503306743, 45.291833455265483 ], [ 18.796346122759907, 45.293083222304901 ], [ 18.797500840459982, 45.294862869403737 ], [ 18.802383622551869, 45.296178669056921 ], [ 18.802660514823724, 45.294385142379923 ], [ 18.799312382154827, 45.291258890431145 ], [ 18.796857503306743, 45.291833455265483 ] ] ] } },
{ "type": "Feature", "properties": { "latitude": 45.2825583, "longitude": 18.8024328, "BM": 3052, "population": 938, "data": { "Rbr IJ": 5, "Naziv izborne jedinice": "V. IZBORNA JEDINICA", "Rbr.županije": 16, "Oznaka Gr/Op/Dr": "grad", "Grad/općina/država": "VINKOVCI", "Rbr BM": 1, "Naziv BM": "VINKOVCI", "Lokacija BM": "MJESNI ODBOR \"LENIJE\" VINKOVCI", "Adresa BM": "H.V.HRVATINIĆA 10", "Glasovalo birača": 645, "Glasovalo birača (po listićima)": 640, "Važeći listići": 623, "Nevažeći listići": 17, "ID_u_zupaniji": 14 } }, "geometry": { "type": "Polygon", "coordinates": [ [ [ 18.799955230063755, 45.285866547741776 ], [ 18.807777087901115, 45.28274948164453 ], [ 18.810751443972684, 45.280068982157609 ], [ 18.809666917077262, 45.254533482874379 ], [ 18.797806588286278, 45.283959023452212 ], [ 18.799955230063755, 45.285866547741776 ] ] ] } },
{ "type": "Feature", "properties": { "latitude": 45.2880848, "longitude": 18.8074133, "BM": 3076, "population": 758, "data": { "Rbr IJ": 5, "Naziv izborne jedinice": "V. IZBORNA JEDINICA", "Rbr.županije": 16, "Oznaka Gr/Op/Dr": "grad", "Grad/općina/država": "VINKOVCI", "Rbr BM": 25, "Naziv BM": "VINKOVCI", "Lokacija BM": "VIII. MJESNI ODBOR \"BAN JELAČIĆ\" VINKOVCI", "Adresa BM": "BANA J.JELAČIĆA 11", "Glasovalo birača": 450, "Glasovalo birača (po listićima)": 446, "Važeći listići": 428, "Nevažeći listići": 18, "ID_u_zupaniji": 38 } }, "geometry": { "type": "Polygon", "coordinates": [ [ [ 18.806881190907188, 45.284743099876295 ], [ 18.806554806860149, 45.287907019420494 ], [ 18.806744265536583, 45.291950234394612 ], [ 18.807950099587352, 45.292056569130821 ], [ 18.810934143034586, 45.288016306735493 ], [ 18.811999016762279, 45.282435448303936 ], [ 18.810751443972684, 45.280068982157609 ], [ 18.807777087901115, 45.28274948164453 ], [ 18.806881190907188, 45.284743099876295 ] ] ] } },
{ "type": "Feature", "properties": { "latitude": 45.286564, "longitude": 18.8040291, "BM": 3055, "population": 974, "data": { "Rbr IJ": 5, "Naziv izborne jedinice": "V. IZBORNA JEDINICA", "Rbr.županije": 16, "Oznaka Gr/Op/Dr": "grad", "Grad/općina/država": "VINKOVCI", "Rbr BM": 4, "Naziv BM": "VINKOVCI", "Lokacija BM": "II.MJESNI ODBOR \"S.RADIĆ\" VINKOVCI", "Adresa BM": "M. GUPCA 21A", "Glasovalo birača": 682, "Glasovalo birača (po listićima)": 681, "Važeći listići": 671, "Nevažeći listići": 10, "ID_u_zupaniji": 17 } }, "geometry": { "type": "Polygon", "coordinates": [ [ [ 18.807777087901115, 45.28274948164453 ], [ 18.799955230063755, 45.285866547741776 ], [ 18.800317969197721, 45.287056031081249 ], [ 18.803780589885061, 45.288516048112854 ], [ 18.803995755537105, 45.288289144685749 ], [ 18.806881190907188, 45.284743099876295 ], [ 18.807777087901115, 45.28274948164453 ] ] ] } },
{ "type": "Feature", "properties": { "latitude": 45.2900567, "longitude": 18.8025564, "BM": 3060, "population": 942, "data": { "Rbr IJ": 5, "Naziv izborne jedinice": "V. IZBORNA JEDINICA", "Rbr.županije": 16, "Oznaka Gr/Op/Dr": "grad", "Grad/općina/država": "VINKOVCI", "Rbr BM": 9, "Naziv BM": "VINKOVCI", "Lokacija BM": "III MJESNI ODBOR \"CENTAR\" VINKOVCI", "Adresa BM": "GLAGOLJAŠKA 13", "Glasovalo birača": 597, "Glasovalo birača (po listićima)": 597, "Važeći listići": 586, "Nevažeći listići": 11, "ID_u_zupaniji": 22 } }, "geometry": { "type": "Polygon", "coordinates": [ [ [ 18.799312382154827, 45.291258890431145 ], [ 18.802660514823724, 45.294385142379923 ], [ 18.805902983556461, 45.292060436571802 ], [ 18.803780589885061, 45.288516048112854 ], [ 18.800317969197721, 45.287056031081249 ], [ 18.799312382154827, 45.291258890431145 ] ] ] } },
{ "type": "Feature", "properties": { "latitude": 45.2881643, "longitude": 18.8057167, "BM": 3061, "population": 755, "data": { "Rbr IJ": 5, "Naziv izborne jedinice": "V. IZBORNA JEDINICA", "Rbr.županije": 16, "Oznaka Gr/Op/Dr": "grad", "Grad/općina/država": "VINKOVCI", "Rbr BM": 10, "Naziv BM": "VINKOVCI", "Lokacija BM": "GRADSKA UPRAVA GRADA VINKOVACA", "Adresa BM": "BANA J.JELAČIĆA 1", "Glasovalo birača": 485, "Glasovalo birača (po listićima)": 485, "Važeći listići": 473, "Nevažeći listići": 12, "ID_u_zupaniji": 23 } }, "geometry": { "type": "Polygon", "coordinates": [ [ [ 18.803780589885061, 45.288516048112854 ], [ 18.805902983556461, 45.292060436571802 ], [ 18.806744265536583, 45.291950234394612 ], [ 18.806554806860149, 45.287907019420494 ], [ 18.803995755537105, 45.288289144685749 ], [ 18.803780589885061, 45.288516048112854 ] ] ] } },
{ "type": "Feature", "properties": { "latitude": 45.2893764, "longitude": 18.8141824, "BM": 3377, "population": 987, "data": { "Rbr IJ": 5, "Naziv izborne jedinice": "V. IZBORNA JEDINICA", "Rbr.županije": 16, "Oznaka Gr/Op/Dr": "općina", "Grad/općina/država": "NUŠTAR", "Rbr BM": 2, "Naziv BM": "NUŠTAR", "Lokacija BM": "OŠ \"ZRINSKIH\" NUŠTAR", "Adresa BM": "ZRINSKOG 13", "Glasovalo birača": 615, "Glasovalo birača (po listićima)": 615, "Važeći listići": 600, "Nevažeći listići": 15, "ID_u_zupaniji": 157 } }, "geometry": { "type": "Polygon", "coordinates": [ [ [ 18.810934143034586, 45.288016306735493 ], [ 18.81382186550108, 45.291264923215529 ], [ 18.818527039835431, 45.286828369995995 ], [ 18.811999016762279, 45.282435448303936 ], [ 18.810934143034586, 45.288016306735493 ] ] ] } },
{ "type": "Feature", "properties": { "latitude": 45.2985614, "longitude": 18.8097864, "BM": 3062, "population": 782, "data": { "Rbr IJ": 5, "Naziv izborne jedinice": "V. IZBORNA JEDINICA", "Rbr.županije": 16, "Oznaka Gr/Op/Dr": "grad", "Grad/općina/država": "VINKOVCI", "Rbr BM": 11, "Naziv BM": "VINKOVCI", "Lokacija BM": "IV.MJESNI ODBOR \"KOLODVOR\"", "Adresa BM": "KRALJA ZVONIMIRA 101", "Glasovalo birača": 479, "Glasovalo birača (po listićima)": 479, "Važeći listići": 469, "Nevažeći listići": 10, "ID_u_zupaniji": 24 } }, "geometry": { "type": "Polygon", "coordinates": [ [ [ 18.808075184213497, 45.304477220474304 ], [ 18.813579990067552, 45.301939279934921 ], [ 18.813388795118101, 45.301381152948679 ], [ 18.808518542711489, 45.296918928574605 ], [ 18.804569783360002, 45.301413519483219 ], [ 18.808075184213497, 45.304477220474304 ] ] ] } },
{ "type": "Feature", "properties": { "latitude": 45.2879058, "longitude": 18.8056781, "BM": 3058, "population": 479, "data": { "Rbr IJ": 5, "Naziv izborne jedinice": "V. IZBORNA JEDINICA", "Rbr.županije": 16, "Oznaka Gr/Op/Dr": "grad", "Grad/općina/država": "VINKOVCI", "Rbr BM": 7, "Naziv BM": "VINKOVCI", "Lokacija BM": "CRVENI KRIŽ", "Adresa BM": "TRG BANA J.ŠOKČEVIĆA 2", "Glasovalo birača": 302, "Glasovalo birača (po listićima)": 302, "Važeći listići": 288, "Nevažeći listići": 14, "ID_u_zupaniji": 20 } }, "geometry": { "type": "Polygon", "coordinates": [ [ [ 18.803995755537105, 45.288289144685749 ], [ 18.806554806860149, 45.287907019420494 ], [ 18.806881190907188, 45.284743099876295 ], [ 18.803995755537105, 45.288289144685749 ] ] ] } },
{ "type": "Feature", "properties": { "latitude": 45.2914016, "longitude": 18.8119041, "BM": 3075, "population": 690, "data": { "Rbr IJ": 5, "Naziv izborne jedinice": "V. IZBORNA JEDINICA", "Rbr.županije": 16, "Oznaka Gr/Op/Dr": "grad", "Grad/općina/država": "VINKOVCI", "Rbr BM": 24, "Naziv BM": "VINKOVCI", "Lokacija BM": "POSLOVNI PROSTOR (DJEČJA IGRAONICA \"KREATIVNI SVIJET\")", "Adresa BM": "FRANA KRSTE FRANKOPANA 6 (BIVŠA DRVARSKA)", "Glasovalo birača": 462, "Glasovalo birača (po listićima)": 462, "Važeći listići": 448, "Nevažeći listići": 14, "ID_u_zupaniji": 37 } }, "geometry": { "type": "Polygon", "coordinates": [ [ [ 18.810024258174543, 45.29445826062161 ], [ 18.811710316505252, 45.294874554698232 ], [ 18.814074044444766, 45.29376526730794 ], [ 18.81382186550108, 45.291264923215529 ], [ 18.810934143034586, 45.288016306735493 ], [ 18.807950099587352, 45.292056569130821 ], [ 18.810024258174543, 45.29445826062161 ] ] ] } },
{ "type": "Feature", "properties": { "latitude": 45.3311295, "longitude": 18.8398829, "BM": 3376, "population": 1021, "data": { "Rbr IJ": 5, "Naziv izborne jedinice": "V. IZBORNA JEDINICA", "Rbr.županije": 16, "Oznaka Gr/Op/Dr": "općina", "Grad/općina/država": "NUŠTAR", "Rbr BM": 1, "Naziv BM": "NUŠTAR", "Lokacija BM": "DOM KULTURE", "Adresa BM": "KRIŽNOG PUTA 18", "Glasovalo birača": 639, "Glasovalo birača (po listićima)": 639, "Važeći listići": 617, "Nevažeći listići": 22, "ID_u_zupaniji": 156 } }, "geometry": { "type": "Polygon", "coordinates": [ [ [ 18.817035481006645, 45.35053040743307 ], [ 18.825568153705976, 45.360399146308197 ], [ 18.843187064315963, 45.328111715198844 ], [ 18.846383623344373, 45.30901756987469 ], [ 18.830723823662233, 45.314792927783976 ], [ 18.814651513126869, 45.332255712683619 ], [ 18.817035481006645, 45.35053040743307 ] ] ] } },
{ "type": "Feature", "properties": { "latitude": 45.2980386, "longitude": 18.8102654, "BM": 3079, "population": 604, "data": { "Rbr IJ": 5, "Naziv izborne jedinice": "V. IZBORNA JEDINICA", "Rbr.županije": 16, "Oznaka Gr/Op/Dr": "grad", "Grad/općina/država": "VINKOVCI", "Rbr BM": 28, "Naziv BM": "VINKOVCI", "Lokacija BM": "HEP \"ELEKTRA\" VINKOVCI", "Adresa BM": "KRALJA ZVONIMIRA 96", "Glasovalo birača": 363, "Glasovalo birača (po listićima)": 363, "Važeći listići": 352, "Nevažeći listići": 11, "ID_u_zupaniji": 41 } }, "geometry": { "type": "Polygon", "coordinates": [ [ [ 18.808518542711489, 45.296918928574605 ], [ 18.813388795118101, 45.301381152948679 ], [ 18.811710316505252, 45.294874554698232 ], [ 18.810024258174543, 45.29445826062161 ], [ 18.808518542711489, 45.296918928574605 ] ] ] } },
{ "type": "Feature", "properties": { "latitude": 45.2969448, "longitude": 18.8145055, "BM": 3077, "population": 674, "data": { "Rbr IJ": 5, "Naziv izborne jedinice": "V. IZBORNA JEDINICA", "Rbr.županije": 16, "Oznaka Gr/Op/Dr": "grad", "Grad/općina/država": "VINKOVCI", "Rbr BM": 26, "Naziv BM": "VINKOVCI", "Lokacija BM": "IX. MJESNI ODBOR \"ZAGREBAČKI BLOK\" VINKOVCI", "Adresa BM": "M.BRAŠNIĆA 2A", "Glasovalo birača": 430, "Glasovalo birača (po listićima)": 430, "Važeći listići": 422, "Nevažeći listići": 8, "ID_u_zupaniji": 39 } }, "geometry": { "type": "Polygon", "coordinates": [ [ [ 18.813579990067552, 45.301939279934921 ], [ 18.821038017860136, 45.302546708381641 ], [ 18.820864140761355, 45.298368542024356 ], [ 18.818866065808159, 45.294753592920308 ], [ 18.814074044444766, 45.29376526730794 ], [ 18.811710316505252, 45.294874554698232 ], [ 18.813388795118101, 45.301381152948679 ], [ 18.813579990067552, 45.301939279934921 ] ] ] } },
{ "type": "Feature", "properties": { "latitude": 45.2964214, "longitude": 18.8270825, "BM": 3084, "population": 1237, "data": { "Rbr IJ": 5, "Naziv izborne jedinice": "V. IZBORNA JEDINICA", "Rbr.županije": 16, "Oznaka Gr/Op/Dr": "grad", "Grad/općina/država": "VINKOVCI", "Rbr BM": 33, "Naziv BM": "MIRKOVCI", "Lokacija BM": "O.Š. \"NIKOLE TESLE\" MIRKOVCI", "Adresa BM": "VUKOVARSKA 2", "Glasovalo birača": 504, "Glasovalo birača (po listićima)": 502, "Važeći listići": 480, "Nevažeći listići": 22, "ID_u_zupaniji": 46 } }, "geometry": { "type": "Polygon", "coordinates": [ [ [ 18.830723823662233, 45.314792927783976 ], [ 18.846383623344373, 45.30901756987469 ], [ 18.875679891427424, 45.294010960651057 ], [ 18.867658478555928, 45.27572472929306 ], [ 18.861633105127087, 45.26846778144273 ], [ 18.839629422372809, 45.28028864392531 ], [ 18.820864140761355, 45.298368542024356 ], [ 18.821038017860136, 45.302546708381641 ], [ 18.830723823662233, 45.314792927783976 ] ] ] } },
{ "type": "Feature", "properties": { "latitude": 44.8875101, "longitude": 18.8308563, "BM": 3276, "population": 676, "data": { "Rbr IJ": 5, "Naziv izborne jedinice": "V. IZBORNA JEDINICA", "Rbr.županije": 16, "Oznaka Gr/Op/Dr": "općina", "Grad/općina/država": "GUNJA", "Rbr BM": 3, "Naziv BM": "GUNJA", "Lokacija BM": "CENTAR ZA JAVNE INICIJATIVE GUNJA", "Adresa BM": "VLADIMIRA NAZORA 317 B", "Glasovalo birača": 208, "Glasovalo birača (po listićima)": 208, "Važeći listići": 194, "Nevažeći listići": 14, "ID_u_zupaniji": 129 } }, "geometry": { "type": "Polygon", "coordinates": [ [ [ 18.8332148, 44.8660546 ], [ 18.8313693, 44.867656 ], [ 18.8308315, 44.8682719 ], [ 18.8264558, 44.8734243 ], [ 18.8254487, 44.8745589 ], [ 18.8251473, 44.8747653 ], [ 18.824641, 44.874969 ], [ 18.824369678325038, 44.875201014144103 ], [ 18.8231175972378, 44.935453784494165 ], [ 18.844423072929143, 44.966835788377701 ], [ 18.857931444556097, 44.933883045479583 ], [ 18.845411547204801, 44.895177906214826 ], [ 18.834004929740669, 44.865294402750898 ], [ 18.8332148, 44.8660546 ] ] ] } },
{ "type": "Feature", "properties": { "latitude": 45.2922269, "longitude": 18.8230412, "BM": 3082, "population": 908, "data": { "Rbr IJ": 5, "Naziv izborne jedinice": "V. IZBORNA JEDINICA", "Rbr.županije": 16, "Oznaka Gr/Op/Dr": "grad", "Grad/općina/država": "VINKOVCI", "Rbr BM": 31, "Naziv BM": "VINKOVCI", "Lokacija BM": "XI. MJESNI ODBOR \"MALA BOSNA\" VINKOVCI", "Adresa BM": "V.GORTANA 25B", "Glasovalo birača": 536, "Glasovalo birača (po listićima)": 536, "Važeći listići": 520, "Nevažeći listići": 16, "ID_u_zupaniji": 44 } }, "geometry": { "type": "Polygon", "coordinates": [ [ [ 18.820864140761355, 45.298368542024356 ], [ 18.839629422372809, 45.28028864392531 ], [ 18.820079706776049, 45.287424744832734 ], [ 18.818866065808159, 45.294753592920308 ], [ 18.820864140761355, 45.298368542024356 ] ] ] } },
{ "type": "Feature", "properties": { "latitude": 45.2910159, "longitude": 18.8157283, "BM": 3083, "population": 1330, "data": { "Rbr IJ": 5, "Naziv izborne jedinice": "V. IZBORNA JEDINICA", "Rbr.županije": 16, "Oznaka Gr/Op/Dr": "grad", "Grad/općina/država": "VINKOVCI", "Rbr BM": 32, "Naziv BM": "MIRKOVCI", "Lokacija BM": "XII. MJESNI ODBOR \"MIRKOVCI\" - MIRKOVCI", "Adresa BM": "TRG NIKOLE TESLE 4", "Glasovalo birača": 489, "Glasovalo birača (po listićima)": 489, "Važeći listići": 469, "Nevažeći listići": 20, "ID_u_zupaniji": 45 } }, "geometry": { "type": "Polygon", "coordinates": [ [ [ 18.820079706776049, 45.287424744832734 ], [ 18.818527039835431, 45.286828369995995 ], [ 18.81382186550108, 45.291264923215529 ], [ 18.814074044444766, 45.29376526730794 ], [ 18.818866065808159, 45.294753592920308 ], [ 18.820079706776049, 45.287424744832734 ] ] ] } },
{ "type": "Feature", "properties": { "latitude": 44.8807397, "longitude": 18.9155066, "BM": 3244, "population": 206, "data": { "Rbr IJ": 5, "Naziv izborne jedinice": "V. IZBORNA JEDINICA", "Rbr.županije": 16, "Oznaka Gr/Op/Dr": "općina", "Grad/općina/država": "DRENOVCI", "Rbr BM": 3, "Naziv BM": "ĐURIĆI", "Lokacija BM": "OSNOVNA ŠKOLA \"IVAN FILIPOVIĆ\" - PODRUČNA ŠKOLA ĐURIĆI", "Adresa BM": "M.GUPCA 99", "Glasovalo birača": 107, "Glasovalo birača (po listićima)": 107, "Važeći listići": 104, "Nevažeći listići": 3, "ID_u_zupaniji": 120 } }, "geometry": { "type": "Polygon", "coordinates": [ [ [ 18.9980549, 44.8536331 ], [ 18.9967584, 44.8533538 ], [ 18.9962389, 44.8533084 ], [ 18.9956164, 44.8532083 ], [ 18.9908164, 44.8521462 ], [ 18.9871663, 44.8512588 ], [ 18.9855606, 44.8509445 ], [ 18.9832353, 44.8504481 ], [ 18.9816874, 44.8501365 ], [ 18.9809949, 44.8500393 ], [ 18.9792895, 44.8499721 ], [ 18.9775627, 44.8498913 ], [ 18.9734561, 44.849747 ], [ 18.9681029, 44.8499521 ], [ 18.9632162, 44.850023 ], [ 18.9575332, 44.8500016 ], [ 18.9511259, 44.8499724 ], [ 18.9426255, 44.8498629 ], [ 18.937037, 44.8497265 ], [ 18.9358876, 44.8497405 ], [ 18.9319599, 44.8498979 ], [ 18.9289384, 44.8499915 ], [ 18.9278399, 44.8500179 ], [ 18.9263247, 44.850191 ], [ 18.9224775, 44.850715 ], [ 18.9181746, 44.8512757 ], [ 18.9163711, 44.8514472 ], [ 18.9113914, 44.8517735 ], [ 18.9095228, 44.8518521 ], [ 18.9058809, 44.8520287 ], [ 18.8997238, 44.8522171 ], [ 18.8948208, 44.8523736 ], [ 18.886672, 44.8526149 ], [ 18.884246933368036, 44.85261497649811 ], [ 18.884038184526041, 44.89610170979531 ], [ 18.90792277370802, 44.899606924788344 ], [ 18.914825732483834, 44.899929936946847 ], [ 18.971767646932562, 44.894633573335646 ], [ 18.99556067629878, 44.876143905513047 ], [ 19.000564071625845, 44.854163729045808 ], [ 18.9980549, 44.8536331 ] ] ] } },
{ "type": "Feature", "properties": { "latitude": 44.9198576, "longitude": 18.9097658, "BM": 3242, "population": 638, "data": { "Rbr IJ": 5, "Naziv izborne jedinice": "V. IZBORNA JEDINICA", "Rbr.županije": 16, "Oznaka Gr/Op/Dr": "općina", "Grad/općina/država": "DRENOVCI", "Rbr BM": 1, "Naziv BM": "DRENOVCI", "Lokacija BM": "OPĆINSKA  NARODNA KNJIŽNICA DRENOVCI", "Adresa BM": "BRAĆE RADIĆA 2", "Glasovalo birača": 293, "Glasovalo birača (po listićima)": 293, "Važeći listići": 284, "Nevažeći listići": 9, "ID_u_zupaniji": 118 } }, "geometry": { "type": "Polygon", "coordinates": [ [ [ 18.844599374083341, 44.971472682014756 ], [ 18.855199346212292, 44.96854929123058 ], [ 18.917265100939876, 44.950550128189036 ], [ 18.912727772063157, 44.924629443608019 ], [ 18.90792277370802, 44.899606924788344 ], [ 18.884038184526041, 44.89610170979531 ], [ 18.857931444556097, 44.933883045479583 ], [ 18.844423072929143, 44.966835788377701 ], [ 18.844599374083341, 44.971472682014756 ] ] ] } },
{ "type": "Feature", "properties": { "latitude": 45.2396459, "longitude": 18.8954628, "BM": 3457, "population": 667, "data": { "Rbr IJ": 5, "Naziv izborne jedinice": "V. IZBORNA JEDINICA", "Rbr.županije": 16, "Oznaka Gr/Op/Dr": "općina", "Grad/općina/država": "STARI JANKOVCI", "Rbr BM": 2, "Naziv BM": "NOVI JANKOVCI", "Lokacija BM": "ZGRADA MJESNOG ODBORA", "Adresa BM": "ŠKOLSKA 1", "Glasovalo birača": 354, "Glasovalo birača (po listićima)": 354, "Važeći listići": 337, "Nevažeći listići": 17, "ID_u_zupaniji": 165 } }, "geometry": { "type": "Polygon", "coordinates": [ [ [ 18.861633105127087, 45.26846778144273 ], [ 18.867658478555928, 45.27572472929306 ], [ 18.914953871964165, 45.240903013124488 ], [ 18.901664130435556, 45.191622602332082 ], [ 18.885739760446782, 45.193542927326888 ], [ 18.867599198214386, 45.216124347361756 ], [ 18.84715874193245, 45.242326453325006 ], [ 18.861633105127087, 45.26846778144273 ] ] ] } },
{ "type": "Feature", "properties": { "latitude": 45.4212134, "longitude": 18.8570995, "BM": 3495, "population": 771, "data": { "Rbr IJ": 5, "Naziv izborne jedinice": "V. IZBORNA JEDINICA", "Rbr.županije": 16, "Oznaka Gr/Op/Dr": "općina", "Grad/općina/država": "TRPINJA", "Rbr BM": 3, "Naziv BM": "BOBOTA", "Lokacija BM": "DOM KULTURE BOBOTA", "Adresa BM": "MITROVIĆEVA 29", "Glasovalo birača": 118, "Glasovalo birača (po listićima)": 118, "Važeći listići": 103, "Nevažeći listići": 15, "ID_u_zupaniji": 190 } }, "geometry": { "type": "Polygon", "coordinates": [ [ [ 18.814872324878323, 45.435270239930929 ], [ 18.879614497549014, 45.463981624394521 ], [ 18.877824382304475, 45.414006371504534 ], [ 18.877068460501029, 45.39847212857353 ], [ 18.8611966212449, 45.375309461907115 ], [ 18.851277459636414, 45.376618853131092 ], [ 18.839861996834628, 45.378506077091657 ], [ 18.814251834958817, 45.409997630861625 ], [ 18.814872324878323, 45.435270239930929 ] ] ] } },
{ "type": "Feature", "properties": { "latitude": 45.1462091, "longitude": 18.8833991, "BM": 2876, "population": 814, "data": { "Rbr IJ": 5, "Naziv izborne jedinice": "V. IZBORNA JEDINICA", "Rbr.županije": 16, "Oznaka Gr/Op/Dr": "grad", "Grad/općina/država": "OTOK", "Rbr BM": 4, "Naziv BM": "OTOK", "Lokacija BM": "DNEVNI BORAVAK ZA STARIJE, OTOK", "Adresa BM": "V.NAZORA 1", "Glasovalo birača": 431, "Glasovalo birača (po listićima)": 431, "Važeći listići": 406, "Nevažeći listići": 25, "ID_u_zupaniji": 11 } }, "geometry": { "type": "Polygon", "coordinates": [ [ [ 18.80494826504529, 45.117556569742973 ], [ 18.869892663151177, 45.178420055089006 ], [ 18.884217876922353, 45.144939450098171 ], [ 18.907593258680741, 45.064933788433628 ], [ 18.855609674669946, 45.051095018906899 ], [ 18.80875525108954, 45.11242041792152 ], [ 18.80494826504529, 45.117556569742973 ] ] ] } },
{ "type": "Feature", "properties": { "latitude": 44.8804383, "longitude": 18.8527187, "BM": 3275, "population": 763, "data": { "Rbr IJ": 5, "Naziv izborne jedinice": "V. IZBORNA JEDINICA", "Rbr.županije": 16, "Oznaka Gr/Op/Dr": "općina", "Grad/općina/država": "GUNJA", "Rbr BM": 2, "Naziv BM": "GUNJA", "Lokacija BM": "OŠ\"ANTUN I STJEPAN RADIĆ\",PODRUČNA ŠKOLA", "Adresa BM": "VLADIMIRA NAZORA 112", "Glasovalo birača": 318, "Glasovalo birača (po listićima)": 318, "Važeći listići": 306, "Nevažeći listići": 12, "ID_u_zupaniji": 128 } }, "geometry": { "type": "Polygon", "coordinates": [ [ [ 18.8835019, 44.852615 ], [ 18.8794048, 44.8526213 ], [ 18.8710956, 44.852634 ], [ 18.863830899465373, 44.852618719934036 ], [ 18.845411547204801, 44.895177906214826 ], [ 18.857931444556097, 44.933883045479583 ], [ 18.884038184526041, 44.89610170979531 ], [ 18.884246933368036, 44.85261497649811 ], [ 18.8835019, 44.852615 ] ] ] } },
{ "type": "Feature", "properties": { "latitude": 45.3320411, "longitude": 18.8453282, "BM": 3379, "population": 435, "data": { "Rbr IJ": 5, "Naziv izborne jedinice": "V. IZBORNA JEDINICA", "Rbr.županije": 16, "Oznaka Gr/Op/Dr": "općina", "Grad/općina/država": "NUŠTAR", "Rbr BM": 4, "Naziv BM": "MARINCI", "Lokacija BM": "ZGRADA VIJEĆA MJESNOG ODBORA MARINCI", "Adresa BM": "VLADIMIRA NAZORA 14", "Glasovalo birača": 189, "Glasovalo birača (po listićima)": 189, "Važeći listići": 179, "Nevažeći listići": 10, "ID_u_zupaniji": 159 } }, "geometry": { "type": "Polygon", "coordinates": [ [ [ 18.846383623344373, 45.30901756987469 ], [ 18.843187064315963, 45.328111715198844 ], [ 18.851277459636414, 45.376618853131092 ], [ 18.8611966212449, 45.375309461907115 ], [ 18.866252540598929, 45.369879952630882 ], [ 18.889193813476911, 45.319877425753653 ], [ 18.890106682964916, 45.307015185753222 ], [ 18.875679891427424, 45.294010960651057 ], [ 18.846383623344373, 45.30901756987469 ] ] ] } },
{ "type": "Feature", "properties": { "latitude": 45.3325233, "longitude": 18.8424371, "BM": 3378, "population": 620, "data": { "Rbr IJ": 5, "Naziv izborne jedinice": "V. IZBORNA JEDINICA", "Rbr.županije": 16, "Oznaka Gr/Op/Dr": "općina", "Grad/općina/država": "NUŠTAR", "Rbr BM": 3, "Naziv BM": "NUŠTAR", "Lokacija BM": "ZGRADA OPĆINE NUŠTAR", "Adresa BM": "TRG DR. FRANJE TUĐMANA 1", "Glasovalo birača": 401, "Glasovalo birača (po listićima)": 401, "Važeći listići": 392, "Nevažeći listići": 9, "ID_u_zupaniji": 158 } }, "geometry": { "type": "Polygon", "coordinates": [ [ [ 18.839861996834628, 45.378506077091657 ], [ 18.851277459636414, 45.376618853131092 ], [ 18.843187064315963, 45.328111715198844 ], [ 18.825568153705976, 45.360399146308197 ], [ 18.839861996834628, 45.378506077091657 ] ] ] } },
{ "type": "Feature", "properties": { "latitude": 45.1464084, "longitude": 18.8838649, "BM": 2873, "population": 837, "data": { "Rbr IJ": 5, "Naziv izborne jedinice": "V. IZBORNA JEDINICA", "Rbr.županije": 16, "Oznaka Gr/Op/Dr": "grad", "Grad/općina/država": "OTOK", "Rbr BM": 1, "Naziv BM": "OTOK", "Lokacija BM": "UČILIŠTE OTOK", "Adresa BM": "B.JELAČIĆA 22", "Glasovalo birača": 535, "Glasovalo birača (po listićima)": 535, "Važeći listići": 517, "Nevažeći listići": 18, "ID_u_zupaniji": 8 } }, "geometry": { "type": "Polygon", "coordinates": [ [ [ 18.879285179963723, 45.187351203375933 ], [ 18.884217876922353, 45.144939450098171 ], [ 18.869892663151177, 45.178420055089006 ], [ 18.879285179963723, 45.187351203375933 ] ] ] } },
{ "type": "Feature", "properties": { "latitude": 44.9190999, "longitude": 18.9137116, "BM": 3243, "population": 850, "data": { "Rbr IJ": 5, "Naziv izborne jedinice": "V. IZBORNA JEDINICA", "Rbr.županije": 16, "Oznaka Gr/Op/Dr": "općina", "Grad/općina/država": "DRENOVCI", "Rbr BM": 2, "Naziv BM": "DRENOVCI", "Lokacija BM": "OSNOVNA ŠKOLA \"FRANJO HANAMAN\" DRENOVCI", "Adresa BM": "ISTREV 2", "Glasovalo birača": 391, "Glasovalo birača (po listićima)": 391, "Važeći listići": 370, "Nevažeći listići": 21, "ID_u_zupaniji": 119 } }, "geometry": { "type": "Polygon", "coordinates": [ [ [ 18.90792277370802, 44.899606924788344 ], [ 18.912727772063157, 44.924629443608019 ], [ 18.915627580137247, 44.909752524564986 ], [ 18.914825732483834, 44.899929936946847 ], [ 18.90792277370802, 44.899606924788344 ] ] ] } },
{ "type": "Feature", "properties": { "latitude": 45.1464502, "longitude": 18.8842243, "BM": 2875, "population": 976, "data": { "Rbr IJ": 5, "Naziv izborne jedinice": "V. IZBORNA JEDINICA", "Rbr.županije": 16, "Oznaka Gr/Op/Dr": "grad", "Grad/općina/država": "OTOK", "Rbr BM": 3, "Naziv BM": "OTOK", "Lokacija BM": "DOM ZDRAVLJA OTOK, AMBULANTA OTOK", "Adresa BM": "K.P.KREŠIMIRA IV BR. 1", "Glasovalo birača": 573, "Glasovalo birača (po listićima)": 573, "Važeći listići": 561, "Nevažeći listići": 12, "ID_u_zupaniji": 10 } }, "geometry": { "type": "Polygon", "coordinates": [ [ [ 18.885739760446782, 45.193542927326888 ], [ 18.901664130435556, 45.191622602332082 ], [ 18.909586180831052, 45.187172160066993 ], [ 18.915635961983291, 45.140199677658316 ], [ 18.918941174174027, 45.067988529419132 ], [ 18.90856203046037, 45.065186437567384 ], [ 18.907593258680741, 45.064933788433628 ], [ 18.884217876922353, 45.144939450098171 ], [ 18.879285179963723, 45.187351203375933 ], [ 18.885739760446782, 45.193542927326888 ] ] ] } },
{ "type": "Feature", "properties": { "latitude": 45.4197121, "longitude": 18.8990118, "BM": 3493, "population": 754, "data": { "Rbr IJ": 5, "Naziv izborne jedinice": "V. IZBORNA JEDINICA", "Rbr.županije": 16, "Oznaka Gr/Op/Dr": "općina", "Grad/općina/država": "TRPINJA", "Rbr BM": 1, "Naziv BM": "TRPINJA", "Lokacija BM": "LOVAČKI DOM  TRPINJA", "Adresa BM": "GAJČANSKA 3", "Glasovalo birača": 67, "Glasovalo birača (po listićima)": 67, "Važeći listići": 64, "Nevažeći listići": 3, "ID_u_zupaniji": 188 } }, "geometry": { "type": "Polygon", "coordinates": [ [ [ 18.918904234222225, 45.477165043330615 ], [ 18.924156191405547, 45.47464768740624 ], [ 18.932954314923428, 45.46881012600312 ], [ 18.938708462754338, 45.429568119039921 ], [ 18.877824382304475, 45.414006371504534 ], [ 18.879614497549014, 45.463981624394521 ], [ 18.882905273492213, 45.467852203579 ], [ 18.918904234222225, 45.477165043330615 ] ] ] } },
{ "type": "Feature", "properties": { "latitude": 44.9823869, "longitude": 18.9270109, "BM": 3531, "population": 477, "data": { "Rbr IJ": 5, "Naziv izborne jedinice": "V. IZBORNA JEDINICA", "Rbr.županije": 16, "Oznaka Gr/Op/Dr": "općina", "Grad/općina/država": "VRBANJA", "Rbr BM": 5, "Naziv BM": "SOLJANI", "Lokacija BM": "DOM KULTURE SOLJANI", "Adresa BM": "M.GUPCA 2", "Glasovalo birača": 205, "Glasovalo birača (po listićima)": 205, "Važeći listići": 195, "Nevažeći listići": 10, "ID_u_zupaniji": 201 } }, "geometry": { "type": "Polygon", "coordinates": [ [ [ 18.834650744163664, 44.99768312635554 ], [ 18.855609674669946, 45.051095018906899 ], [ 18.907593258680741, 45.064933788433628 ], [ 18.90856203046037, 45.065186437567384 ], [ 18.927775883970469, 44.982308421851052 ], [ 18.925451871101206, 44.981130282964209 ], [ 18.855199346212292, 44.96854929123058 ], [ 18.844599374083341, 44.971472682014756 ], [ 18.834650744163664, 44.99768312635554 ] ] ] } },
{ "type": "Feature", "properties": { "latitude": 45.2598882, "longitude": 18.9103664, "BM": 3456, "population": 1090, "data": { "Rbr IJ": 5, "Naziv izborne jedinice": "V. IZBORNA JEDINICA", "Rbr.županije": 16, "Oznaka Gr/Op/Dr": "općina", "Grad/općina/država": "STARI JANKOVCI", "Rbr BM": 1, "Naziv BM": "STARI JANKOVCI", "Lokacija BM": "ZGRADA OPĆINE", "Adresa BM": "DR.FRANJE TUĐMANA 1", "Glasovalo birača": 554, "Glasovalo birača (po listićima)": 554, "Važeći listići": 536, "Nevažeći listići": 18, "ID_u_zupaniji": 164 } }, "geometry": { "type": "Polygon", "coordinates": [ [ [ 18.875679891427424, 45.294010960651057 ], [ 18.890106682964916, 45.307015185753222 ], [ 18.94402925327481, 45.2928598243167 ], [ 18.938594706279428, 45.25736731963682 ], [ 18.914953871964165, 45.240903013124488 ], [ 18.867658478555928, 45.27572472929306 ], [ 18.875679891427424, 45.294010960651057 ] ] ] } },
{ "type": "Feature", "properties": { "latitude": 45.4191671, "longitude": 18.8991511, "BM": 3499, "population": 95, "data": { "Rbr IJ": 5, "Naziv izborne jedinice": "V. IZBORNA JEDINICA", "Rbr.županije": 16, "Oznaka Gr/Op/Dr": "općina", "Grad/općina/država": "TRPINJA", "Rbr BM": 7, "Naziv BM": "ĆELIJE", "Lokacija BM": "ZGRADA ŠKOLE ĆELIJE", "Adresa BM": "IVANOVA 26", "Glasovalo birača": 62, "Glasovalo birača (po listićima)": 62, "Važeći listići": 61, "Nevažeći listići": 1, "ID_u_zupaniji": 194 } }, "geometry": { "type": "Polygon", "coordinates": [ [ [ 18.877824382304475, 45.414006371504534 ], [ 18.938708462754338, 45.429568119039921 ], [ 18.93940022177901, 45.425066352959597 ], [ 18.937088326086421, 45.415125644850967 ], [ 18.931648612487379, 45.409584205947311 ], [ 18.877068460501029, 45.39847212857353 ], [ 18.877824382304475, 45.414006371504534 ] ] ] } },
{ "type": "Feature", "properties": { "latitude": 45.3772698, "longitude": 18.9418319, "BM": 3111, "population": 525, "data": { "Rbr IJ": 5, "Naziv izborne jedinice": "V. IZBORNA JEDINICA", "Rbr.županije": 16, "Oznaka Gr/Op/Dr": "grad", "Grad/općina/država": "VUKOVAR", "Rbr BM": 27, "Naziv BM": "VUKOVAR", "Lokacija BM": "MJESNI ODBOR \"ALOJZIJA STEPINCA\"", "Adresa BM": "TRPINJSKA CESTA 84", "Glasovalo birača": 261, "Glasovalo birača (po listićima)": 261, "Važeći listići": 255, "Nevažeći listići": 6, "ID_u_zupaniji": 73 } }, "geometry": { "type": "Polygon", "coordinates": [ [ [ 18.937088326086421, 45.415125644850967 ], [ 18.937914864470116, 45.414087253809122 ], [ 18.948438642980388, 45.371356348316056 ], [ 18.94129343068818, 45.356316907834064 ], [ 18.929923701304599, 45.359490738174671 ], [ 18.921754416642369, 45.376249886566725 ], [ 18.931648612487379, 45.409584205947311 ], [ 18.937088326086421, 45.415125644850967 ] ] ] } },
{ "type": "Feature", "properties": { "latitude": 45.4020118, "longitude": 18.9729156, "BM": 3150, "population": 277, "data": { "Rbr IJ": 5, "Naziv izborne jedinice": "V. IZBORNA JEDINICA", "Rbr.županije": 16, "Oznaka Gr/Op/Dr": "općina", "Grad/općina/država": "BOROVO", "Rbr BM": 1, "Naziv BM": "BOROVO", "Lokacija BM": "NASELJE \"CREPULJE\"", "Adresa BM": "B.MASLARIĆA 46", "Glasovalo birača": 40, "Glasovalo birača (po listićima)": 40, "Važeći listići": 38, "Nevažeći listići": 2, "ID_u_zupaniji": 105 } }, "geometry": { "type": "Polygon", "coordinates": [ [ [ 18.937088326086421, 45.415125644850967 ], [ 18.93940022177901, 45.425066352959597 ], [ 18.964385644131621, 45.419437991158553 ], [ 18.975636046398233, 45.406992030111773 ], [ 18.977771592783309, 45.400356558218107 ], [ 18.958877020615219, 45.394569022721079 ], [ 18.957660159794059, 45.39520614976248 ], [ 18.937914864470116, 45.414087253809122 ], [ 18.937088326086421, 45.415125644850967 ] ] ] } },
{ "type": "Feature", "properties": { "latitude": 45.3880583, "longitude": 18.9054846, "BM": 3116, "population": 241, "data": { "Rbr IJ": 5, "Naziv izborne jedinice": "V. IZBORNA JEDINICA", "Rbr.županije": 16, "Oznaka Gr/Op/Dr": "grad", "Grad/općina/država": "VUKOVAR", "Rbr BM": 32, "Naziv BM": "VUKOVAR", "Lokacija BM": "OSNOVNA ŠKOLA \"BLAGE ZADRE\" PODRUČNA ŠKOLA LIPOVAČA", "Adresa BM": "SVETE ANE BR. 24", "Glasovalo birača": 102, "Glasovalo birača (po listićima)": 102, "Važeći listići": 100, "Nevažeći listići": 2, "ID_u_zupaniji": 78 } }, "geometry": { "type": "Polygon", "coordinates": [ [ [ 18.877068460501029, 45.39847212857353 ], [ 18.931648612487379, 45.409584205947311 ], [ 18.921754416642369, 45.376249886566725 ], [ 18.866252540598929, 45.369879952630882 ], [ 18.8611966212449, 45.375309461907115 ], [ 18.877068460501029, 45.39847212857353 ] ] ] } },
{ "type": "Feature", "properties": { "latitude": 45.3610625, "longitude": 18.9085829, "BM": 3494, "population": 738, "data": { "Rbr IJ": 5, "Naziv izborne jedinice": "V. IZBORNA JEDINICA", "Rbr.županije": 16, "Oznaka Gr/Op/Dr": "općina", "Grad/općina/država": "TRPINJA", "Rbr BM": 2, "Naziv BM": "BRŠADIN", "Lokacija BM": "DOM KULTURE BRŠADIN", "Adresa BM": "V.ĐURĐEVIĆA 42", "Glasovalo birača": 79, "Glasovalo birača (po listićima)": 79, "Važeći listići": 74, "Nevažeći listići": 5, "ID_u_zupaniji": 189 } }, "geometry": { "type": "Polygon", "coordinates": [ [ [ 18.866252540598929, 45.369879952630882 ], [ 18.921754416642369, 45.376249886566725 ], [ 18.929923701304599, 45.359490738174671 ], [ 18.889193813476911, 45.319877425753653 ], [ 18.866252540598929, 45.369879952630882 ] ] ] } },
{ "type": "Feature", "properties": { "latitude": 45.2300165, "longitude": 18.9311701, "BM": 3460, "population": 313, "data": { "Rbr IJ": 5, "Naziv izborne jedinice": "V. IZBORNA JEDINICA", "Rbr.županije": 16, "Oznaka Gr/Op/Dr": "općina", "Grad/općina/država": "STARI JANKOVCI", "Rbr BM": 5, "Naziv BM": "SRIJEMSKE LAZE", "Lokacija BM": "ZGRADA MJESNOG ODBORA", "Adresa BM": "ULICA DANILA KOVAČEVIĆA 1", "Glasovalo birača": 33, "Glasovalo birača (po listićima)": 33, "Važeći listići": 29, "Nevažeći listići": 4, "ID_u_zupaniji": 168 } }, "geometry": { "type": "Polygon", "coordinates": [ [ [ 18.914953871964165, 45.240903013124488 ], [ 18.938594706279428, 45.25736731963682 ], [ 18.948813971574516, 45.240528121541814 ], [ 18.918672256564747, 45.188762426904582 ], [ 18.909586180831052, 45.187172160066993 ], [ 18.901664130435556, 45.191622602332082 ], [ 18.914953871964165, 45.240903013124488 ] ] ] } },
{ "type": "Feature", "properties": { "latitude": 44.9827155, "longitude": 18.9284283, "BM": 3527, "population": 696, "data": { "Rbr IJ": 5, "Naziv izborne jedinice": "V. IZBORNA JEDINICA", "Rbr.županije": 16, "Oznaka Gr/Op/Dr": "općina", "Grad/općina/država": "VRBANJA", "Rbr BM": 1, "Naziv BM": "VRBANJA", "Lokacija BM": "DOM KULTURE VRBANJA - MALA SALA", "Adresa BM": "TRG DR.FRANJE TUĐMANA 1", "Glasovalo birača": 345, "Glasovalo birača (po listićima)": 344, "Važeći listići": 334, "Nevažeći listići": 10, "ID_u_zupaniji": 197 } }, "geometry": { "type": "Polygon", "coordinates": [ [ [ 18.918941174174027, 45.067988529419132 ], [ 18.981041606774038, 45.061309062847997 ], [ 19.004644813074052, 45.045630671461161 ], [ 18.951603760218678, 44.970100555800258 ], [ 18.929107414265832, 44.981013211672099 ], [ 18.927775883970469, 44.982308421851052 ], [ 18.90856203046037, 45.065186437567384 ], [ 18.918941174174027, 45.067988529419132 ] ] ] } },
{ "type": "Feature", "properties": { "latitude": 45.3381145, "longitude": 18.9309018, "BM": 3147, "population": 522, "data": { "Rbr IJ": 5, "Naziv izborne jedinice": "V. IZBORNA JEDINICA", "Rbr.županije": 16, "Oznaka Gr/Op/Dr": "općina", "Grad/općina/država": "BOGDANOVCI", "Rbr BM": 1, "Naziv BM": "BOGDANOVCI", "Lokacija BM": "ZGRADA OPĆINE", "Adresa BM": "BANA JOSIPA JELAČIĆA 1", "Glasovalo birača": 342, "Glasovalo birača (po listićima)": 342, "Važeći listići": 335, "Nevažeći listići": 7, "ID_u_zupaniji": 102 } }, "geometry": { "type": "Polygon", "coordinates": [ [ [ 18.889193813476911, 45.319877425753653 ], [ 18.929923701304599, 45.359490738174671 ], [ 18.94129343068818, 45.356316907834064 ], [ 18.952452319804891, 45.347106078692676 ], [ 18.966247289534206, 45.320438891549742 ], [ 18.967566798904379, 45.312815256895938 ], [ 18.95332139383018, 45.296648081207991 ], [ 18.94402925327481, 45.2928598243167 ], [ 18.890106682964916, 45.307015185753222 ], [ 18.889193813476911, 45.319877425753653 ] ] ] } },
{ "type": "Feature", "properties": { "latitude": 44.9191352, "longitude": 18.9138927, "BM": 3246, "population": 517, "data": { "Rbr IJ": 5, "Naziv izborne jedinice": "V. IZBORNA JEDINICA", "Rbr.županije": 16, "Oznaka Gr/Op/Dr": "općina", "Grad/općina/država": "DRENOVCI", "Rbr BM": 5, "Naziv BM": "RAČINOVCI", "Lokacija BM": "OSNOVNA ŠKOLA \"IVAN FILIPOVIĆ\" RAČINOVCI", "Adresa BM": "A.STARČEVIĆA 1", "Glasovalo birača": 278, "Glasovalo birača (po listićima)": 278, "Važeći listići": 271, "Nevažeći listići": 7, "ID_u_zupaniji": 122 } }, "geometry": { "type": "Polygon", "coordinates": [ [ [ 18.917265100939876, 44.950550128189036 ], [ 18.91931435616441, 44.950100670464835 ], [ 18.915627580137247, 44.909752524564986 ], [ 18.912727772063157, 44.924629443608019 ], [ 18.917265100939876, 44.950550128189036 ] ] ] } },
{ "type": "Feature", "properties": { "latitude": 44.9804928, "longitude": 18.9273501, "BM": 3528, "population": 658, "data": { "Rbr IJ": 5, "Naziv izborne jedinice": "V. IZBORNA JEDINICA", "Rbr.županije": 16, "Oznaka Gr/Op/Dr": "općina", "Grad/općina/država": "VRBANJA", "Rbr BM": 2, "Naziv BM": "VRBANJA", "Lokacija BM": "ŠUMARIJA VRBANJA", "Adresa BM": "K.LJ.POSAVSKOG 14", "Glasovalo birača": 301, "Glasovalo birača (po listićima)": 301, "Važeći listići": 291, "Nevažeći listići": 10, "ID_u_zupaniji": 198 } }, "geometry": { "type": "Polygon", "coordinates": [ [ [ 18.855199346212292, 44.96854929123058 ], [ 18.925451871101206, 44.981130282964209 ], [ 18.929107414265832, 44.981013211672099 ], [ 18.951603760218678, 44.970100555800258 ], [ 18.937372599819351, 44.947671803192229 ], [ 18.91931435616441, 44.950100670464835 ], [ 18.917265100939876, 44.950550128189036 ], [ 18.855199346212292, 44.96854929123058 ] ] ] } },
{ "type": "Feature", "properties": { "latitude": 44.9186654, "longitude": 18.9190342, "BM": 3245, "population": 924, "data": { "Rbr IJ": 5, "Naziv izborne jedinice": "V. IZBORNA JEDINICA", "Rbr.županije": 16, "Oznaka Gr/Op/Dr": "općina", "Grad/općina/država": "DRENOVCI", "Rbr BM": 4, "Naziv BM": "POSAVSKI PODGAJCI", "Lokacija BM": "O.Š. DAVORIN TRSTENJAK", "Adresa BM": "M.GUPCA 160", "Glasovalo birača": 408, "Glasovalo birača (po listićima)": 408, "Važeći listići": 390, "Nevažeći listići": 18, "ID_u_zupaniji": 121 } }, "geometry": { "type": "Polygon", "coordinates": [ [ [ 18.91931435616441, 44.950100670464835 ], [ 18.937372599819351, 44.947671803192229 ], [ 18.971767646932562, 44.894633573335646 ], [ 18.914825732483834, 44.899929936946847 ], [ 18.915627580137247, 44.909752524564986 ], [ 18.91931435616441, 44.950100670464835 ] ] ] } },
{ "type": "Feature", "properties": { "latitude": 44.9149372, "longitude": 19.065738, "BM": 3532, "population": 350, "data": { "Rbr IJ": 5, "Naziv izborne jedinice": "V. IZBORNA JEDINICA", "Rbr.županije": 16, "Oznaka Gr/Op/Dr": "općina", "Grad/općina/država": "VRBANJA", "Rbr BM": 6, "Naziv BM": "STROŠINCI", "Lokacija BM": "O.Š. \"JOSIP KOZARAC\", PODRUČNA ŠKOLA STROŠINCI", "Adresa BM": "V.NAZORA 44", "Glasovalo birača": 169, "Glasovalo birača (po listićima)": 169, "Važeći listići": 157, "Nevažeći listići": 12, "ID_u_zupaniji": 202 } }, "geometry": { "type": "Polygon", "coordinates": [ [ [ 19.0979967, 45.0300273 ], [ 19.0990544, 45.0283834 ], [ 19.0987472, 45.0273095 ], [ 19.0978961, 45.0272403 ], [ 19.0972527, 45.0254182 ], [ 19.0973578, 45.0224982 ], [ 19.0982007, 45.0216071 ], [ 19.0993417, 45.0171863 ], [ 19.0995476, 45.0164343 ], [ 19.099533, 45.0148629 ], [ 19.1024829, 45.0110022 ], [ 19.1027174, 45.0106953 ], [ 19.0967184, 45.005279 ], [ 19.0953442, 45.0001507 ], [ 19.0944785, 44.9995585 ], [ 19.0943158, 44.9988559 ], [ 19.0942125, 44.9984361 ], [ 19.0940165, 44.9980387 ], [ 19.0929245, 44.9972043 ], [ 19.0931, 44.9968024 ], [ 19.0928308, 44.9961232 ], [ 19.0927233, 44.9951341 ], [ 19.0914726, 44.9950314 ], [ 19.0891024, 44.9949096 ], [ 19.0872446, 44.9943944 ], [ 19.0858291, 44.9934864 ], [ 19.084972, 44.9920543 ], [ 19.0846924, 44.9915916 ], [ 19.0839852, 44.9912865 ], [ 19.0829983, 44.9905187 ], [ 19.0813463, 44.9887801 ], [ 19.0808983, 44.9884821 ], [ 19.0804363, 44.9882337 ], [ 19.0798483, 44.9882138 ], [ 19.0790978, 44.9879601 ], [ 19.0778183, 44.9875184 ], [ 19.0772723, 44.987578 ], [ 19.0768523, 44.9872402 ], [ 19.0762223, 44.9869521 ], [ 19.0755614, 44.9869108 ], [ 19.0745002, 44.9867434 ], [ 19.0739542, 44.9864851 ], [ 19.0734362, 44.9861076 ], [ 19.0717422, 44.9857896 ], [ 19.0703982, 44.9853127 ], [ 19.0689576, 44.9851258 ], [ 19.0670521, 44.984349 ], [ 19.0624485, 44.9828057 ], [ 19.0617157, 44.9828449 ], [ 19.0609, 44.9827272 ], [ 19.0577891, 44.9812847 ], [ 19.056149, 44.9808246 ], [ 19.0533618, 44.9791374 ], [ 19.0520449, 44.977891 ], [ 19.0519478, 44.977328 ], [ 19.0521986, 44.9769676 ], [ 19.0525116, 44.9767627 ], [ 19.0533576, 44.9765715 ], [ 19.0547791, 44.9764805 ], [ 19.0559904, 44.9760749 ], [ 19.0573983, 44.9758129 ], [ 19.0597698, 44.9752266 ], [ 19.060821, 44.9749024 ], [ 19.0619911, 44.9745427 ], [ 19.0625605, 44.9741652 ], [ 19.0638745, 44.9735567 ], [ 19.0649625, 44.9732875 ], [ 19.0659519, 44.9731658 ], [ 19.0671787, 44.9732181 ], [ 19.068217, 44.9732102 ], [ 19.0698814, 44.9731347 ], [ 19.0712267, 44.972886 ], [ 19.0719212, 44.9725884 ], [ 19.073424, 44.9716697 ], [ 19.0744241, 44.9713759 ], [ 19.0752438, 44.971136 ], [ 19.0756943, 44.9710783 ], [ 19.0760924, 44.971271 ], [ 19.076758, 44.9717268 ], [ 19.0784662, 44.9724285 ], [ 19.0795237, 44.9730059 ], [ 19.0824708, 44.9740586 ], [ 19.0833823, 44.9742731 ], [ 19.0843042, 44.9743428 ], [ 19.0852365, 44.9741962 ], [ 19.0862064, 44.9742451 ], [ 19.0870497, 44.9742257 ], [ 19.0878332, 44.9740763 ], [ 19.0886592, 44.9737166 ], [ 19.0894038, 44.9732635 ], [ 19.0904925, 44.9724507 ], [ 19.0912246, 44.9718467 ], [ 19.0921082, 44.971306 ], [ 19.092864, 44.9709717 ], [ 19.0937525, 44.9708962 ], [ 19.0943154, 44.9709463 ], [ 19.0958478, 44.9710652 ], [ 19.0974756, 44.9712249 ], [ 19.0989265, 44.9713344 ], [ 19.1014456, 44.9712921 ], [ 19.1026652, 44.9710569 ], [ 19.105474, 44.9704283 ], [ 19.1072832, 44.9700952 ], [ 19.1079251, 44.9700123 ], [ 19.109122, 44.9698467 ], [ 19.1110827, 44.9698558 ], [ 19.1116193, 44.9699352 ], [ 19.112637, 44.9701262 ], [ 19.113494, 44.9705986 ], [ 19.1140133, 44.9710916 ], [ 19.1143387, 44.9716068 ], [ 19.1147114, 44.9721985 ], [ 19.1150948, 44.9728929 ], [ 19.1154342, 44.9733729 ], [ 19.1158654, 44.9738498 ], [ 19.1169485, 44.9745673 ], [ 19.1186812, 44.9757152 ], [ 19.1209411, 44.9759012 ], [ 19.122659, 44.9761578 ], [ 19.1247931, 44.9767089 ], [ 19.1278464, 44.9776557 ], [ 19.1302497, 44.9788498 ], [ 19.1335355, 44.9802473 ], [ 19.1362095, 44.9809405 ], [ 19.138335, 44.980711 ], [ 19.1397606, 44.9802702 ], [ 19.1411883, 44.9796696 ], [ 19.1432316, 44.9783479 ], [ 19.1449744, 44.976972 ], [ 19.1474108, 44.9753959 ], [ 19.1470828, 44.9737778 ], [ 19.1472973, 44.9719229 ], [ 19.1477999, 44.9668325 ], [ 19.1476718, 44.9637462 ], [ 19.1475609, 44.9614268 ], [ 19.1474755, 44.9595845 ], [ 19.1474317, 44.9576857 ], [ 19.1492529, 44.9570935 ], [ 19.1524195, 44.9577503 ], [ 19.1542934, 44.9576829 ], [ 19.1545069, 44.9570598 ], [ 19.154412, 44.9564451 ], [ 19.1545425, 44.9556787 ], [ 19.1542934, 44.9554345 ], [ 19.1541037, 44.9550808 ], [ 19.1543765, 44.9546261 ], [ 19.1548746, 44.9542471 ], [ 19.155432, 44.9540703 ], [ 19.155859, 44.9538176 ], [ 19.1560962, 44.9533881 ], [ 19.1564876, 44.9529418 ], [ 19.1557534, 44.952669 ], [ 19.1551784, 44.9525313 ], [ 19.1542104, 44.952167 ], [ 19.1530244, 44.9518048 ], [ 19.1526449, 44.9518048 ], [ 19.1524195, 44.9517459 ], [ 19.1524432, 44.9512995 ], [ 19.1522085, 44.950845 ], [ 19.151933, 44.9506796 ], [ 19.1509014, 44.9502636 ], [ 19.1500593, 44.9500531 ], [ 19.1491461, 44.9497751 ], [ 19.148138, 44.9492782 ], [ 19.1468927, 44.9485371 ], [ 19.1458253, 44.9480233 ], [ 19.144995, 44.947737 ], [ 19.144096, 44.9474969 ], [ 19.1435955, 44.9472148 ], [ 19.1430856, 44.9468105 ], [ 19.1428009, 44.9461956 ], [ 19.1428721, 44.9460188 ], [ 19.1435125, 44.945724 ], [ 19.1441767, 44.9453281 ], [ 19.1442834, 44.9451428 ], [ 19.1442004, 44.9449575 ], [ 19.1435357, 44.9447432 ], [ 19.14316, 44.94429 ], [ 19.1426349, 44.9429444 ], [ 19.1430959, 44.9412058 ], [ 19.1357948, 44.9391463 ], [ 19.124347, 44.9390528 ], [ 19.1115415, 44.9326757 ], [ 19.1092796, 44.934167 ], [ 19.1039148, 44.9323322 ], [ 19.1041135, 44.9311443 ], [ 19.1012845, 44.9299129 ], [ 19.099974, 44.930121 ], [ 19.0996759, 44.9299445 ], [ 19.0986659, 44.9295681 ], [ 19.0977055, 44.9290153 ], [ 19.0975068, 44.9288742 ], [ 19.0873734, 44.9253729 ], [ 19.0876615, 44.9238714 ], [ 19.0856052, 44.9234791 ], [ 19.0849068, 44.9232307 ], [ 19.0841902, 44.920022 ], [ 19.0841922, 44.9197651 ], [ 19.0853463, 44.9187725 ], [ 19.0854976, 44.9188505 ], [ 19.0882008, 44.9182042 ], [ 19.0877329, 44.9164191 ], [ 19.0845866, 44.9168064 ], [ 19.0832059, 44.9160163 ], [ 19.080504, 44.9134507 ], [ 19.0870394, 44.91049 ], [ 19.0861345, 44.9095886 ], [ 19.0841088, 44.9080189 ], [ 19.0826042, 44.9068646 ], [ 19.0820645, 44.9063647 ], [ 19.081735, 44.9061215 ], [ 19.0770792, 44.9060677 ], [ 19.0762575, 44.9058756 ], [ 19.0753854, 44.9056359 ], [ 19.0744269, 44.9052875 ], [ 19.0734477, 44.9047112 ], [ 19.0729874, 44.9043526 ], [ 19.0725811, 44.9040494 ], [ 19.0721464, 44.903603 ], [ 19.0717619, 44.9032458 ], [ 19.071277, 44.9027926 ], [ 19.0706356, 44.9021797 ], [ 19.0700654, 44.9017188 ], [ 19.0697661, 44.9014706 ], [ 19.0692988, 44.9013615 ], [ 19.0685831, 44.9011515 ], [ 19.0679205, 44.9010766 ], [ 19.0669724, 44.9011262 ], [ 19.0662883, 44.9012174 ], [ 19.0657181, 44.9014706 ], [ 19.0642727, 44.9020511 ], [ 19.0630449, 44.9028091 ], [ 19.0604805, 44.9042929 ], [ 19.0597777, 44.9047178 ], [ 19.0589674, 44.9050537 ], [ 19.0576005, 44.9058412 ], [ 19.0559503, 44.9068879 ], [ 19.0529675, 44.9086732 ], [ 19.0478643, 44.9105251 ], [ 19.0441144, 44.9125831 ], [ 19.04023, 44.9165716 ], [ 19.03945, 44.9170889 ], [ 19.0369919, 44.9194311 ], [ 19.0353847, 44.9215402 ], [ 19.033864, 44.9221816 ], [ 19.0322896, 44.9225048 ], [ 19.0291743, 44.9226139 ], [ 19.0254368, 44.9225467 ], [ 19.0224595, 44.9220998 ], [ 19.016245, 44.9213742 ], [ 19.0145947, 44.9211788 ], [ 19.013372520766413, 44.920809071414105 ], [ 19.056183877124031, 45.028163272582724 ], [ 19.062837298848802, 45.029054310273949 ], [ 19.087901595207789, 45.03238603684472 ], [ 19.096430413092218, 45.033372682430638 ], [ 19.0987639, 45.0328595 ], [ 19.0979967, 45.0300273 ] ] ] } },
{ "type": "Feature", "properties": { "latitude": 44.981645, "longitude": 18.927387, "BM": 3529, "population": 387, "data": { "Rbr IJ": 5, "Naziv izborne jedinice": "V. IZBORNA JEDINICA", "Rbr.županije": 16, "Oznaka Gr/Op/Dr": "općina", "Grad/općina/država": "VRBANJA", "Rbr BM": 3, "Naziv BM": "VRBANJA", "Lokacija BM": "JAVNA GRAĐEVINA-POLUDNEVNI BORAVAK ZA STARIJE OSOBE", "Adresa BM": "KOLODVORSKA 155", "Glasovalo birača": 191, "Glasovalo birača (po listićima)": 191, "Važeći listići": 176, "Nevažeći listići": 15, "ID_u_zupaniji": 199 } }, "geometry": { "type": "Polygon", "coordinates": [ [ [ 18.927775883970469, 44.982308421851052 ], [ 18.929107414265832, 44.981013211672099 ], [ 18.925451871101206, 44.981130282964209 ], [ 18.927775883970469, 44.982308421851052 ] ] ] } },
{ "type": "Feature", "properties": { "latitude": 44.9525832, "longitude": 18.9713365, "BM": 3530, "population": 409, "data": { "Rbr IJ": 5, "Naziv izborne jedinice": "V. IZBORNA JEDINICA", "Rbr.županije": 16, "Oznaka Gr/Op/Dr": "općina", "Grad/općina/država": "VRBANJA", "Rbr BM": 4, "Naziv BM": "SOLJANI", "Lokacija BM": "OŠ \"JOSIP KOZARAC\" SOLJANI", "Adresa BM": "TOMISLAVOVA 5A", "Glasovalo birača": 216, "Glasovalo birača (po listićima)": 216, "Važeći listići": 206, "Nevažeći listići": 10, "ID_u_zupaniji": 200 } }, "geometry": { "type": "Polygon", "coordinates": [ [ [ 19.01337252076641, 44.920809071414105 ], [ 19.0105245, 44.9199475 ], [ 19.0098269, 44.9190291 ], [ 19.003615, 44.9172538 ], [ 18.9979761, 44.91556 ], [ 18.99832, 44.914485 ], [ 18.9977698, 44.9140127 ], [ 18.998041, 44.9137614 ], [ 18.9976911, 44.9133747 ], [ 18.9972117, 44.9129879 ], [ 18.9967452, 44.9123986 ], [ 18.9964471, 44.9118646 ], [ 18.9960301, 44.9115454 ], [ 18.9954882, 44.9112752 ], [ 18.9950088, 44.9111371 ], [ 18.9892433, 44.905792 ], [ 18.9916882, 44.9026093 ], [ 18.9920964, 44.8961567 ], [ 18.9923916, 44.8938765 ], [ 18.999241957384257, 44.885375124138946 ], [ 18.99556067629878, 44.876143905513047 ], [ 18.971767646932562, 44.894633573335646 ], [ 18.937372599819351, 44.947671803192229 ], [ 18.951603760218678, 44.970100555800258 ], [ 19.004644813074052, 45.045630671461161 ], [ 19.019935588998116, 45.040599926410643 ], [ 19.056183877124031, 45.028163272582724 ], [ 19.013372520766413, 44.920809071414105 ], [ 19.01337252076641, 44.920809071414105 ] ] ] } },
{ "type": "Feature", "properties": { "latitude": 45.2513262, "longitude": 18.966284, "BM": 3149, "population": 252, "data": { "Rbr IJ": 5, "Naziv izborne jedinice": "V. IZBORNA JEDINICA", "Rbr.županije": 16, "Oznaka Gr/Op/Dr": "općina", "Grad/općina/država": "BOGDANOVCI", "Rbr BM": 3, "Naziv BM": "SVINJAREVCI", "Lokacija BM": "ZGRADA MJESNOG ODBORA (STARA OSNOVNA ŠKOLA)", "Adresa BM": "CRKVENA 4", "Glasovalo birača": 129, "Glasovalo birača (po listićima)": 129, "Važeći listići": 121, "Nevažeći listići": 8, "ID_u_zupaniji": 104 } }, "geometry": { "type": "Polygon", "coordinates": [ [ [ 18.94402925327481, 45.2928598243167 ], [ 18.95332139383018, 45.296648081207991 ], [ 18.991985812937692, 45.254300607820838 ], [ 18.97563569410293, 45.225202193415321 ], [ 18.948813971574516, 45.240528121541814 ], [ 18.938594706279428, 45.25736731963682 ], [ 18.94402925327481, 45.2928598243167 ] ] ] } },
{ "type": "Feature", "properties": { "latitude": 45.154205466529604, "longitude": 18.9444387294925, "BM": 2877, "population": 636, "data": { "Rbr IJ": 5, "Naziv izborne jedinice": "V. IZBORNA JEDINICA", "Rbr.županije": 16, "Oznaka Gr/Op/Dr": "grad", "Grad/općina/država": "OTOK", "Rbr BM": 5, "Naziv BM": "KOMLETINCI", "Lokacija BM": "ZGRADA MJESNOG ODBORA - KOMLETINCI", "Adresa BM": "B.RADIĆA 19", "Glasovalo birača": 386, "Glasovalo birača (po listićima)": 386, "Važeći listići": 359, "Nevažeći listići": 27, "ID_u_zupaniji": 12 } }, "geometry": { "type": "Polygon", "coordinates": [ [ [ 18.918672256564747, 45.188762426904582 ], [ 18.983643220120506, 45.18486890493233 ], [ 18.992933006939055, 45.177789172246065 ], [ 18.991763042016743, 45.169748484203659 ], [ 18.915635961983291, 45.140199677658316 ], [ 18.909586180831052, 45.187172160066993 ], [ 18.918672256564747, 45.188762426904582 ] ] ] } },
{ "type": "Feature", "properties": { "latitude": 45.3796616, "longitude": 18.9515436, "BM": 3113, "population": 657, "data": { "Rbr IJ": 5, "Naziv izborne jedinice": "V. IZBORNA JEDINICA", "Rbr.županije": 16, "Oznaka Gr/Op/Dr": "grad", "Grad/općina/država": "VUKOVAR", "Rbr BM": 29, "Naziv BM": "VUKOVAR", "Lokacija BM": "OSNOVNA ŠKOLA \"BLAGE ZADRE\"", "Adresa BM": "MARKA MARULIĆA BR. 2", "Glasovalo birača": 306, "Glasovalo birača (po listićima)": 306, "Važeći listići": 301, "Nevažeći listići": 5, "ID_u_zupaniji": 75 } }, "geometry": { "type": "Polygon", "coordinates": [ [ [ 18.937914864470116, 45.414087253809122 ], [ 18.957660159794059, 45.39520614976248 ], [ 18.955930882756796, 45.37689993244993 ], [ 18.955257939949025, 45.375333837633868 ], [ 18.948438642980388, 45.371356348316056 ], [ 18.937914864470116, 45.414087253809122 ] ] ] } },
{ "type": "Feature", "properties": { "latitude": 45.2199949, "longitude": 18.9483813, "BM": 3458, "population": 701, "data": { "Rbr IJ": 5, "Naziv izborne jedinice": "V. IZBORNA JEDINICA", "Rbr.županije": 16, "Oznaka Gr/Op/Dr": "općina", "Grad/općina/država": "STARI JANKOVCI", "Rbr BM": 3, "Naziv BM": "SLAKOVCI", "Lokacija BM": "ZGRADA POSLOVNOG CENTRA \"SLAK\"", "Adresa BM": "PETRA PRERADOVIĆA 52", "Glasovalo birača": 399, "Glasovalo birača (po listićima)": 399, "Važeći listići": 387, "Nevažeći listići": 12, "ID_u_zupaniji": 166 } }, "geometry": { "type": "Polygon", "coordinates": [ [ [ 18.948813971574516, 45.240528121541814 ], [ 18.97563569410293, 45.225202193415321 ], [ 18.983643220120506, 45.18486890493233 ], [ 18.918672256564747, 45.188762426904582 ], [ 18.948813971574516, 45.240528121541814 ] ] ] } },
{ "type": "Feature", "properties": { "latitude": 45.149293570435702, "longitude": 18.946345287150901, "BM": 2878, "population": 555, "data": { "Rbr IJ": 5, "Naziv izborne jedinice": "V. IZBORNA JEDINICA", "Rbr.županije": 16, "Oznaka Gr/Op/Dr": "grad", "Grad/općina/država": "OTOK", "Rbr BM": 6, "Naziv BM": "KOMLETINCI", "Lokacija BM": "OŠ \"V.NAZOR\" KOMLETINCI", "Adresa BM": "B.RADIĆA 17", "Glasovalo birača": 335, "Glasovalo birača (po listićima)": 335, "Važeći listići": 315, "Nevažeći listići": 20, "ID_u_zupaniji": 13 } }, "geometry": { "type": "Polygon", "coordinates": [ [ [ 18.915635961983291, 45.140199677658316 ], [ 18.991763042016743, 45.169748484203659 ], [ 18.987597802286516, 45.12439273455584 ], [ 18.981041606774038, 45.061309062847997 ], [ 18.918941174174027, 45.067988529419132 ], [ 18.915635961983291, 45.140199677658316 ] ] ] } },
{ "type": "Feature", "properties": { "latitude": 45.1402784, "longitude": 19.0330892, "BM": 3354, "population": 1210, "data": { "Rbr IJ": 5, "Naziv izborne jedinice": "V. IZBORNA JEDINICA", "Rbr.županije": 16, "Oznaka Gr/Op/Dr": "općina", "Grad/općina/država": "NIJEMCI", "Rbr BM": 1, "Naziv BM": "NIJEMCI", "Lokacija BM": "OSNOVNA ŠKOLA \"I. KOZARAC\" NIJEMCI", "Adresa BM": "ZRINSKA 8", "Glasovalo birača": 704, "Glasovalo birača (po listićima)": 704, "Važeći listići": 663, "Nevažeći listići": 41, "ID_u_zupaniji": 148 } }, "geometry": { "type": "Polygon", "coordinates": [ [ [ 18.987597802286516, 45.12439273455584 ], [ 19.034540643058623, 45.141418814658934 ], [ 19.019935588998116, 45.040599926410643 ], [ 19.004644813074052, 45.045630671461161 ], [ 18.981041606774038, 45.061309062847997 ], [ 18.987597802286516, 45.12439273455584 ] ] ] } },
{ "type": "Feature", "properties": { "latitude": 45.375618, "longitude": 18.960954, "BM": 3105, "population": 569, "data": { "Rbr IJ": 5, "Naziv izborne jedinice": "V. IZBORNA JEDINICA", "Rbr.županije": 16, "Oznaka Gr/Op/Dr": "grad", "Grad/općina/država": "VUKOVAR", "Rbr BM": 21, "Naziv BM": "VUKOVAR", "Lokacija BM": "TEHNIČKA ŠKOLA \"NIKOLE TESLE\"", "Adresa BM": "BLAGE ZADRE 4", "Glasovalo birača": 246, "Glasovalo birača (po listićima)": 246, "Važeći listići": 235, "Nevažeći listići": 11, "ID_u_zupaniji": 67 } }, "geometry": { "type": "Polygon", "coordinates": [ [ [ 18.9714321, 45.3774364 ], [ 18.9724989, 45.3760222 ], [ 18.9741017, 45.3739124 ], [ 18.9744515, 45.3735631 ], [ 18.974821341422469, 45.37331837752366 ], [ 18.96676640991442, 45.367676807004429 ], [ 18.955257939949025, 45.375333837633868 ], [ 18.955930882756796, 45.37689993244993 ], [ 18.971133902364897, 45.377840419261076 ], [ 18.9714321, 45.3774364 ] ] ] } },
{ "type": "Feature", "properties": { "latitude": 45.3699702, "longitude": 18.9571963, "BM": 3108, "population": 586, "data": { "Rbr IJ": 5, "Naziv izborne jedinice": "V. IZBORNA JEDINICA", "Rbr.županije": 16, "Oznaka Gr/Op/Dr": "grad", "Grad/općina/država": "VUKOVAR", "Rbr BM": 24, "Naziv BM": "VUKOVAR", "Lokacija BM": "BIVŠA EKONOMSKA ŠKOLA VUKOVAR", "Adresa BM": "STJEPANA FILIPOVIĆA 6", "Glasovalo birača": 271, "Glasovalo birača (po listićima)": 271, "Važeći listići": 267, "Nevažeći listići": 4, "ID_u_zupaniji": 70 } }, "geometry": { "type": "Polygon", "coordinates": [ [ [ 18.96676640991442, 45.367676807004429 ], [ 18.952452319804891, 45.347106078692676 ], [ 18.94129343068818, 45.356316907834064 ], [ 18.948438642980388, 45.371356348316056 ], [ 18.955257939949025, 45.375333837633868 ], [ 18.96676640991442, 45.367676807004429 ] ] ] } },
{ "type": "Feature", "properties": { "latitude": 45.2308013, "longitude": 19.0028123, "BM": 3480, "population": 266, "data": { "Rbr IJ": 5, "Naziv izborne jedinice": "V. IZBORNA JEDINICA", "Rbr.županije": 16, "Oznaka Gr/Op/Dr": "općina", "Grad/općina/država": "TOMPOJEVCI", "Rbr BM": 1, "Naziv BM": "BERAK", "Lokacija BM": "DOM KULTURE BERAK", "Adresa BM": "OROLIČKA 9", "Glasovalo birača": 177, "Glasovalo birača (po listićima)": 177, "Važeći listići": 174, "Nevažeći listići": 3, "ID_u_zupaniji": 175 } }, "geometry": { "type": "Polygon", "coordinates": [ [ [ 18.983643220120506, 45.18486890493233 ], [ 18.97563569410293, 45.225202193415321 ], [ 18.991985812937692, 45.254300607820838 ], [ 19.027414805627892, 45.258314933893452 ], [ 19.033919893395346, 45.207691033084586 ], [ 19.018158253718088, 45.186217537656532 ], [ 18.992933006939055, 45.177789172246065 ], [ 18.983643220120506, 45.18486890493233 ] ] ] } },
{ "type": "Feature", "properties": { "latitude": 45.4315236, "longitude": 18.9795636, "BM": 3154, "population": 237, "data": { "Rbr IJ": 5, "Naziv izborne jedinice": "V. IZBORNA JEDINICA", "Rbr.županije": 16, "Oznaka Gr/Op/Dr": "općina", "Grad/općina/država": "BOROVO", "Rbr BM": 5, "Naziv BM": "BOROVO", "Lokacija BM": "BOROVO", "Adresa BM": "OZRENSKA 37", "Glasovalo birača": 17, "Glasovalo birača (po listićima)": 17, "Važeći listići": 14, "Nevažeći listići": 3, "ID_u_zupaniji": 109 } }, "geometry": { "type": "Polygon", "coordinates": [ [ [ 18.991598, 45.4782964 ], [ 18.9914803, 45.4755759 ], [ 18.9915576, 45.472087 ], [ 18.9916109, 45.4711001 ], [ 18.9919145, 45.4696847 ], [ 18.9920022, 45.4684005 ], [ 18.9918634, 45.4647992 ], [ 18.991762, 45.462988 ], [ 18.991592, 45.4614899 ], [ 18.9913232, 45.4604327 ], [ 18.9908484, 45.4592672 ], [ 18.9902766, 45.4583569 ], [ 18.9895105, 45.4572347 ], [ 18.9891113, 45.4563388 ], [ 18.9887593, 45.4553658 ], [ 18.988641, 45.4544294 ], [ 18.9886665, 45.4526524 ], [ 18.9887788, 45.4515901 ], [ 18.9888824, 45.4507332 ], [ 18.9891493, 45.44959 ], [ 18.9897443, 45.4478763 ], [ 18.9900566, 45.4472273 ], [ 18.992234, 45.4441052 ], [ 18.9934532, 45.4426112 ], [ 18.9944083, 45.4415723 ], [ 18.9952498, 45.4409089 ], [ 18.9965879, 45.4399882 ], [ 18.9990915, 45.4385483 ], [ 19.0010787, 45.4373364 ], [ 19.0038496, 45.4354921 ], [ 19.0047551, 45.4350005 ], [ 19.0059197, 45.4344465 ], [ 19.0087875, 45.4334714 ], [ 19.0108443, 45.4327011 ], [ 19.0130896, 45.4316962 ], [ 19.0143246, 45.4311077 ], [ 19.0156718, 45.4303976 ], [ 19.0169395, 45.4296416 ], [ 19.0189237, 45.4283453 ], [ 19.0195963, 45.4278363 ], [ 19.020484, 45.4271472 ], [ 19.0212412, 45.4263749 ], [ 19.021933, 45.4258103 ], [ 19.0237283, 45.4246182 ], [ 19.0246968, 45.4239347 ], [ 19.0253869, 45.4233025 ], [ 19.025716110871812, 45.42301241059949 ], [ 18.964385644131621, 45.419437991158553 ], [ 18.93940022177901, 45.425066352959597 ], [ 18.938708462754338, 45.429568119039921 ], [ 18.932954314923428, 45.46881012600312 ], [ 18.991637568509791, 45.478561486143619 ], [ 18.991598, 45.4782964 ] ] ] } },
{ "type": "Feature", "properties": { "latitude": 45.3787912, "longitude": 18.9607577, "BM": 3115, "population": 910, "data": { "Rbr IJ": 5, "Naziv izborne jedinice": "V. IZBORNA JEDINICA", "Rbr.županije": 16, "Oznaka Gr/Op/Dr": "grad", "Grad/općina/država": "VUKOVAR", "Rbr BM": 31, "Naziv BM": "VUKOVAR", "Lokacija BM": "OSNOVNA ŠKOLA \"SINIŠE GLAVAŠEVIĆA\"", "Adresa BM": "DR. A. STARČEVIĆA BR.5", "Glasovalo birača": 410, "Glasovalo birača (po listićima)": 410, "Važeći listići": 392, "Nevažeći listići": 18, "ID_u_zupaniji": 77 } }, "geometry": { "type": "Polygon", "coordinates": [ [ [ 18.9695958, 45.3848394 ], [ 18.9695505, 45.3839353 ], [ 18.9695081, 45.3827614 ], [ 18.9695644, 45.3822131 ], [ 18.9697369, 45.3811304 ], [ 18.970124, 45.3798969 ], [ 18.970512, 45.3788958 ], [ 18.9709291, 45.3781179 ], [ 18.971133902364897, 45.377840419261076 ], [ 18.955930882756796, 45.37689993244993 ], [ 18.957660159794059, 45.39520614976248 ], [ 18.958877020615219, 45.394569022721079 ], [ 18.96980401950815, 45.385865892966024 ], [ 18.9695958, 45.3848394 ] ] ] } },
{ "type": "Feature", "properties": { "latitude": 45.3595002, "longitude": 18.9722427, "BM": 3103, "population": 502, "data": { "Rbr IJ": 5, "Naziv izborne jedinice": "V. IZBORNA JEDINICA", "Rbr.županije": 16, "Oznaka Gr/Op/Dr": "grad", "Grad/općina/država": "VUKOVAR", "Rbr BM": 19, "Naziv BM": "VUKOVAR", "Lokacija BM": "OSNOVNA ŠKOLA \"DRAGUTINA TADIJANOVIĆA\", PODRUČNA ŠKOLA LUŽAC", "Adresa BM": "LJUDEVITA POSAVSKOG BR. 16", "Glasovalo birača": 199, "Glasovalo birača (po listićima)": 199, "Važeći listići": 186, "Nevažeći listići": 13, "ID_u_zupaniji": 65 } }, "geometry": { "type": "Polygon", "coordinates": [ [ [ 18.974821341422473, 45.37331837752366 ], [ 18.9763693, 45.3722941 ], [ 18.9790904, 45.3705073 ], [ 18.98421022029709, 45.36733974283203 ], [ 18.983816257463008, 45.359180283833744 ], [ 18.982728324581235, 45.353845743860695 ], [ 18.966247289534206, 45.320438891549742 ], [ 18.952452319804891, 45.347106078692676 ], [ 18.96676640991442, 45.367676807004429 ], [ 18.974821341422469, 45.37331837752366 ], [ 18.974821341422473, 45.37331837752366 ] ] ] } },
{ "type": "Feature", "properties": { "latitude": 45.3962656, "longitude": 18.9746757, "BM": 3151, "population": 386, "data": { "Rbr IJ": 5, "Naziv izborne jedinice": "V. IZBORNA JEDINICA", "Rbr.županije": 16, "Oznaka Gr/Op/Dr": "općina", "Grad/općina/država": "BOROVO", "Rbr BM": 2, "Naziv BM": "BOROVO", "Lokacija BM": "BOROVO", "Adresa BM": "GLAVNA 79", "Glasovalo birača": 48, "Glasovalo birača (po listićima)": 48, "Važeći listići": 41, "Nevažeći listići": 7, "ID_u_zupaniji": 106 } }, "geometry": { "type": "Polygon", "coordinates": [ [ [ 18.9805467, 45.3964966 ], [ 18.9765384, 45.3945957 ], [ 18.9752877, 45.393735 ], [ 18.9736263, 45.3924151 ], [ 18.9712836, 45.3899047 ], [ 18.9709444, 45.3893377 ], [ 18.9705059, 45.3884258 ], [ 18.969995, 45.3868074 ], [ 18.96980401950815, 45.385865892966024 ], [ 18.958877020615219, 45.394569022721079 ], [ 18.977771592783309, 45.400356558218107 ], [ 18.982052849257947, 45.397210835660985 ], [ 18.9805467, 45.3964966 ] ] ] } },
{ "type": "Feature", "properties": { "latitude": 45.4091974, "longitude": 18.9808648, "BM": 3153, "population": 583, "data": { "Rbr IJ": 5, "Naziv izborne jedinice": "V. IZBORNA JEDINICA", "Rbr.županije": 16, "Oznaka Gr/Op/Dr": "općina", "Grad/općina/država": "BOROVO", "Rbr BM": 4, "Naziv BM": "BOROVO", "Lokacija BM": "DJEČJI VRTIĆ \"ZLATOKOSA\"", "Adresa BM": "N. KOVAČEVIĆA 2A", "Glasovalo birača": 42, "Glasovalo birača (po listićima)": 42, "Važeći listići": 33, "Nevažeći listići": 9, "ID_u_zupaniji": 108 } }, "geometry": { "type": "Polygon", "coordinates": [ [ [ 19.025716110871816, 45.42301241059949 ], [ 19.025716110871819, 45.42301241059949 ], [ 19.0269479, 45.421927 ], [ 19.0275855, 45.4213253 ], [ 19.0281084, 45.4207665 ], [ 19.0289721, 45.4197062 ], [ 19.0293969, 45.4189826 ], [ 19.0297582, 45.4182258 ], [ 19.030127, 45.4167276 ], [ 19.0304818, 45.4145261 ], [ 19.0304794, 45.4134137 ], [ 19.0302405, 45.4120835 ], [ 19.0297586, 45.4105562 ], [ 19.0295687, 45.4100003 ], [ 19.0288378, 45.4087494 ], [ 19.0278378, 45.4074673 ], [ 19.0272816, 45.4068048 ], [ 19.0265315, 45.4061423 ], [ 19.026090198952318, 45.40575663898364 ], [ 18.975636046398233, 45.406992030111773 ], [ 18.964385644131621, 45.419437991158553 ], [ 19.025716110871812, 45.42301241059949 ], [ 19.025716110871816, 45.42301241059949 ] ] ] } },
{ "type": "Feature", "properties": { "latitude": 45.3489657, "longitude": 18.993596, "BM": 3096, "population": 627, "data": { "Rbr IJ": 5, "Naziv izborne jedinice": "V. IZBORNA JEDINICA", "Rbr.županije": 16, "Oznaka Gr/Op/Dr": "grad", "Grad/općina/država": "VUKOVAR", "Rbr BM": 12, "Naziv BM": "VUKOVAR", "Lokacija BM": "OSNOVNA ŠKOLA NIKOLE ANDRIĆA", "Adresa BM": "VOĆARSKA 1", "Glasovalo birača": 293, "Glasovalo birača (po listićima)": 293, "Važeći listići": 285, "Nevažeći listići": 8, "ID_u_zupaniji": 58 } }, "geometry": { "type": "Polygon", "coordinates": [ [ [ 18.966247289534206, 45.320438891549742 ], [ 18.982728324581235, 45.353845743860695 ], [ 18.998464069152249, 45.351226630171219 ], [ 18.998893702489433, 45.345988859814597 ], [ 18.986843646929714, 45.313839465940895 ], [ 18.967566798904379, 45.312815256895938 ], [ 18.966247289534206, 45.320438891549742 ] ] ] } },
{ "type": "Feature", "properties": { "latitude": 45.3549425, "longitude": 18.9945908, "BM": 3100, "population": 785, "data": { "Rbr IJ": 5, "Naziv izborne jedinice": "V. IZBORNA JEDINICA", "Rbr.županije": 16, "Oznaka Gr/Op/Dr": "grad", "Grad/općina/država": "VUKOVAR", "Rbr BM": 16, "Naziv BM": "VUKOVAR", "Lokacija BM": "OSNOVNA ŠKOLA \"DRAGUTINA TADIJANOVIĆA\"", "Adresa BM": "204. VUKOVARSKE BRIGADE BR. 24 A", "Glasovalo birača": 395, "Glasovalo birača (po listićima)": 395, "Važeći listići": 384, "Nevažeći listići": 11, "ID_u_zupaniji": 62 } }, "geometry": { "type": "Polygon", "coordinates": [ [ [ 18.983816257463008, 45.359180283833744 ], [ 19.000812075043385, 45.35534768054351 ], [ 18.998464069152249, 45.351226630171219 ], [ 18.982728324581235, 45.353845743860695 ], [ 18.983816257463008, 45.359180283833744 ] ] ] } },
{ "type": "Feature", "properties": { "latitude": 45.4045334, "longitude": 18.9807506, "BM": 3152, "population": 699, "data": { "Rbr IJ": 5, "Naziv izborne jedinice": "V. IZBORNA JEDINICA", "Rbr.županije": 16, "Oznaka Gr/Op/Dr": "općina", "Grad/općina/država": "BOROVO", "Rbr BM": 3, "Naziv BM": "BOROVO", "Lokacija BM": "OSNOVNA ŠKOLA \"BOROVO\"", "Adresa BM": "TRG PALIH BORACA 30", "Glasovalo birača": 36, "Glasovalo birača (po listićima)": 36, "Važeći listići": 31, "Nevažeći listići": 5, "ID_u_zupaniji": 107 } }, "geometry": { "type": "Polygon", "coordinates": [ [ [ 19.0248445, 45.404668 ], [ 19.0233172, 45.4034507 ], [ 19.0222185, 45.4027422 ], [ 19.0214223, 45.4023877 ], [ 19.0204567, 45.4019439 ], [ 19.0189176, 45.4014826 ], [ 19.0173927, 45.4011373 ], [ 19.0157352, 45.4008852 ], [ 19.0146621, 45.4008881 ], [ 19.0111582, 45.4011336 ], [ 19.005731, 45.4007108 ], [ 19.0012514, 45.4007108 ], [ 18.998268, 45.4004929 ], [ 18.9924383, 45.3998176 ], [ 18.9894818, 45.3993657 ], [ 18.9871785, 45.3988851 ], [ 18.9855166, 45.3986254 ], [ 18.9840681, 45.3985096 ], [ 18.982348, 45.3973508 ], [ 18.982052849257947, 45.397210835660985 ], [ 18.977771592783309, 45.400356558218107 ], [ 18.975636046398233, 45.406992030111773 ], [ 19.026090198952318, 45.40575663898364 ], [ 19.0248445, 45.404668 ] ] ] } },
{ "type": "Feature", "properties": { "latitude": 45.3583837, "longitude": 18.9953668, "BM": 3102, "population": 555, "data": { "Rbr IJ": 5, "Naziv izborne jedinice": "V. IZBORNA JEDINICA", "Rbr.županije": 16, "Oznaka Gr/Op/Dr": "grad", "Grad/općina/država": "VUKOVAR", "Rbr BM": 18, "Naziv BM": "VUKOVAR", "Lokacija BM": "BIVŠE VELEUČILIŠTE \"LAVOSLAVA RUŽIČKE\"", "Adresa BM": "ŽUPANIJSKA 50", "Glasovalo birača": 269, "Glasovalo birača (po listićima)": 269, "Važeći listići": 254, "Nevažeći listići": 15, "ID_u_zupaniji": 64 } }, "geometry": { "type": "Polygon", "coordinates": [ [ [ 18.9844647, 45.3671823 ], [ 18.9861104, 45.3662659 ], [ 18.9968188, 45.3611698 ], [ 19.001442506741505, 45.359113306310562 ], [ 19.0031009, 45.3583757 ], [ 19.003637503158242, 45.358066002429986 ], [ 19.000812075043385, 45.35534768054351 ], [ 18.983816257463008, 45.359180283833744 ], [ 18.98421022029709, 45.36733974283203 ], [ 18.9844647, 45.3671823 ] ] ] } },
{ "type": "Feature", "properties": { "latitude": 45.3460944, "longitude": 19.0084433, "BM": 3094, "population": 674, "data": { "Rbr IJ": 5, "Naziv izborne jedinice": "V. IZBORNA JEDINICA", "Rbr.županije": 16, "Oznaka Gr/Op/Dr": "grad", "Grad/općina/država": "VUKOVAR", "Rbr BM": 10, "Naziv BM": "VUKOVAR", "Lokacija BM": "GIMNAZIJA VUKOVAR", "Adresa BM": "ŠAMAC 2", "Glasovalo birača": 350, "Glasovalo birača (po listićima)": 350, "Važeći listići": 336, "Nevažeći listići": 14, "ID_u_zupaniji": 56 } }, "geometry": { "type": "Polygon", "coordinates": [ [ [ 19.013570592684111, 45.357741645238349 ], [ 19.0138318, 45.3576569 ], [ 19.0145664, 45.3573563 ], [ 19.0158177, 45.356591 ], [ 19.0193999, 45.3542037 ], [ 19.020550360604336, 45.353426342919541 ], [ 19.020550360604339, 45.353426342919541 ], [ 19.009087245241375, 45.338875729157074 ], [ 19.005812622521983, 45.34764670939731 ], [ 19.013570592684108, 45.357741645238349 ], [ 19.013570592684111, 45.357741645238349 ] ] ] } },
{ "type": "Feature", "properties": { "latitude": 45.2796265, "longitude": 18.9972801, "BM": 3353, "population": 455, "data": { "Rbr IJ": 5, "Naziv izborne jedinice": "V. IZBORNA JEDINICA", "Rbr.županije": 16, "Oznaka Gr/Op/Dr": "općina", "Grad/općina/država": "NEGOSLAVCI", "Rbr BM": 1, "Naziv BM": "NEGOSLAVCI", "Lokacija BM": "ZGRADA OPĆINE NEGOSLAVCI ( VELIKA SALA )", "Adresa BM": "VUKOVARSKA 7", "Glasovalo birača": 20, "Glasovalo birača (po listićima)": 20, "Važeći listići": 15, "Nevažeći listići": 5, "ID_u_zupaniji": 147 } }, "geometry": { "type": "Polygon", "coordinates": [ [ [ 18.967566798904379, 45.312815256895938 ], [ 18.986843646929714, 45.313839465940895 ], [ 18.997988614450918, 45.312545203477775 ], [ 19.051115128842579, 45.295830226464631 ], [ 19.049329317883192, 45.290307758602204 ], [ 19.027414805627892, 45.258314933893452 ], [ 18.991985812937692, 45.254300607820838 ], [ 18.95332139383018, 45.296648081207991 ], [ 18.967566798904379, 45.312815256895938 ] ] ] } },
{ "type": "Feature", "properties": { "latitude": 45.3497892, "longitude": 19.0036355, "BM": 3085, "population": 548, "data": { "Rbr IJ": 5, "Naziv izborne jedinice": "V. IZBORNA JEDINICA", "Rbr.županije": 16, "Oznaka Gr/Op/Dr": "grad", "Grad/općina/država": "VUKOVAR", "Rbr BM": 1, "Naziv BM": "SOTIN", "Lokacija BM": "DOM KULTURE", "Adresa BM": "ULICA DR. FRANJE TUĐMANA BR. 2", "Glasovalo birača": 299, "Glasovalo birača (po listićima)": 299, "Važeći listići": 292, "Nevažeći listići": 7, "ID_u_zupaniji": 47 } }, "geometry": { "type": "Polygon", "coordinates": [ [ [ 19.004923231834042, 45.357323951175751 ], [ 19.0051678, 45.3571828 ], [ 19.0092156, 45.3587234 ], [ 19.009599, 45.3587999 ], [ 19.0102345, 45.358757 ], [ 19.0107979, 45.3586127 ], [ 19.0123406, 45.3581407 ], [ 19.013570592684108, 45.357741645238349 ], [ 19.005812622521983, 45.34764670939731 ], [ 18.998893702489433, 45.345988859814597 ], [ 18.998464069152249, 45.351226630171219 ], [ 19.000812075043385, 45.35534768054351 ], [ 19.003637503158242, 45.358066002429986 ], [ 19.004923231834042, 45.357323951175751 ] ] ] } },
{ "type": "Feature", "properties": { "latitude": 45.3399394, "longitude": 19.0162561, "BM": 3087, "population": 812, "data": { "Rbr IJ": 5, "Naziv izborne jedinice": "V. IZBORNA JEDINICA", "Rbr.županije": 16, "Oznaka Gr/Op/Dr": "grad", "Grad/općina/država": "VUKOVAR", "Rbr BM": 3, "Naziv BM": "VUKOVAR", "Lokacija BM": "OSNOVNA ŠKOLA \"MITNICA\"", "Adresa BM": "FRUŠKOGORSKA BR. 2", "Glasovalo birača": 530, "Glasovalo birača (po listićima)": 530, "Važeći listići": 520, "Nevažeći listići": 10, "ID_u_zupaniji": 49 } }, "geometry": { "type": "Polygon", "coordinates": [ [ [ 19.0210508, 45.3530882 ], [ 19.021865, 45.3526053 ], [ 19.0232471, 45.3519511 ], [ 19.0239655, 45.3516672 ], [ 19.0246575, 45.3514352 ], [ 19.0271378, 45.3510138 ], [ 19.0312066, 45.3504111 ], [ 19.0328105, 45.3502074 ], [ 19.0344294, 45.3500342 ], [ 19.0377153, 45.3495918 ], [ 19.0393333, 45.3494022 ], [ 19.040174, 45.3493175 ], [ 19.0418135, 45.3491994 ], [ 19.044309, 45.3490328 ], [ 19.0459174, 45.3489066 ], [ 19.0470066, 45.3487819 ], [ 19.0478259, 45.348629 ], [ 19.0484765, 45.3484614 ], [ 19.0491155, 45.3481808 ], [ 19.0497583, 45.3478257 ], [ 19.0510292, 45.3470462 ], [ 19.052191, 45.3462989 ], [ 19.0524928, 45.3460559 ], [ 19.0526562, 45.3458157 ], [ 19.0528935, 45.3453104 ], [ 19.0536371, 45.3431064 ], [ 19.0619908, 45.3418385 ], [ 19.0652057, 45.3417244 ], [ 19.0692309, 45.3416365 ], [ 19.0726955, 45.3416731 ], [ 19.0731912, 45.3416515 ], [ 19.0761809, 45.3410597 ], [ 19.0789795, 45.3404872 ], [ 19.0825355, 45.3395052 ], [ 19.0833843, 45.3392347 ], [ 19.0858479, 45.3381357 ], [ 19.0872576, 45.3375845 ], [ 19.0893337, 45.336588 ], [ 19.0920011, 45.3351767 ], [ 19.0925996, 45.334783 ], [ 19.0930263, 45.3342635 ], [ 19.0941399, 45.3327122 ], [ 19.0952664, 45.3314342 ], [ 19.095717, 45.3306857 ], [ 19.095780049232381, 45.330556034450431 ], [ 19.051115128842579, 45.295830226464631 ], [ 18.997988614450918, 45.312545203477775 ], [ 19.009087245241375, 45.338875729157074 ], [ 19.020550360604339, 45.353426342919541 ], [ 19.0210508, 45.3530882 ] ] ] } },
{ "type": "Feature", "properties": { "latitude": 45.3447502, "longitude": 19.0048429, "BM": 3091, "population": 474, "data": { "Rbr IJ": 5, "Naziv izborne jedinice": "V. IZBORNA JEDINICA", "Rbr.županije": 16, "Oznaka Gr/Op/Dr": "grad", "Grad/općina/država": "VUKOVAR", "Rbr BM": 7, "Naziv BM": "VUKOVAR", "Lokacija BM": "OSNOVNA ŠKOLA \"ANTUNA BAUERA\"", "Adresa BM": "TRG MATIJE GUPCA 19", "Glasovalo birača": 226, "Glasovalo birača (po listićima)": 226, "Važeći listići": 211, "Nevažeći listići": 15, "ID_u_zupaniji": 53 } }, "geometry": { "type": "Polygon", "coordinates": [ [ [ 18.998893702489433, 45.345988859814597 ], [ 19.005812622521983, 45.34764670939731 ], [ 19.009087245241375, 45.338875729157074 ], [ 18.997988614450918, 45.312545203477775 ], [ 18.986843646929714, 45.313839465940895 ], [ 18.998893702489433, 45.345988859814597 ] ] ] } },
{ "type": "Feature", "properties": { "latitude": 45.1413636, "longitude": 19.0326956, "BM": 3357, "population": 260, "data": { "Rbr IJ": 5, "Naziv izborne jedinice": "V. IZBORNA JEDINICA", "Rbr.županije": 16, "Oznaka Gr/Op/Dr": "općina", "Grad/općina/država": "NIJEMCI", "Rbr BM": 4, "Naziv BM": "PODGRAĐE", "Lokacija BM": "OSNOVNA ŠKOLA \" I. KOZARAC\"  NIJEMCI-PODRUČNA ŠKOLA PODGRAĐE", "Adresa BM": "ŠKOLSKA 2", "Glasovalo birača": 139, "Glasovalo birača (po listićima)": 139, "Važeći listići": 134, "Nevažeći listići": 5, "ID_u_zupaniji": 151 } }, "geometry": { "type": "Polygon", "coordinates": [ [ [ 18.992933006939055, 45.177789172246065 ], [ 19.018158253718088, 45.186217537656532 ], [ 19.034633572090836, 45.173893846470889 ], [ 19.035967284417989, 45.144488295201022 ], [ 19.035087004975288, 45.142516360884024 ], [ 19.034540643058623, 45.141418814658934 ], [ 18.987597802286516, 45.12439273455584 ], [ 18.991763042016743, 45.169748484203659 ], [ 18.992933006939055, 45.177789172246065 ] ] ] } },
{ "type": "Feature", "properties": { "latitude": 45.2379152, "longitude": 19.0581741, "BM": 3482, "population": 212, "data": { "Rbr IJ": 5, "Naziv izborne jedinice": "V. IZBORNA JEDINICA", "Rbr.županije": 16, "Oznaka Gr/Op/Dr": "općina", "Grad/općina/država": "TOMPOJEVCI", "Rbr BM": 3, "Naziv BM": "ČAKOVCI", "Lokacija BM": "DOM KULTURE ČAKOVCI", "Adresa BM": "ŠANDORA PETEFIJA 15", "Glasovalo birača": 106, "Glasovalo birača (po listićima)": 106, "Važeći listići": 101, "Nevažeći listići": 5, "ID_u_zupaniji": 177 } }, "geometry": { "type": "Polygon", "coordinates": [ [ [ 19.049329317883192, 45.290307758602204 ], [ 19.074800425297337, 45.238252407581719 ], [ 19.073927952384558, 45.229315493520062 ], [ 19.071328887620353, 45.212717437241608 ], [ 19.033919893395346, 45.207691033084586 ], [ 19.027414805627892, 45.258314933893452 ], [ 19.049329317883192, 45.290307758602204 ] ] ] } },
{ "type": "Feature", "properties": { "latitude": 45.2511732, "longitude": 19.0852695, "BM": 3483, "population": 233, "data": { "Rbr IJ": 5, "Naziv izborne jedinice": "V. IZBORNA JEDINICA", "Rbr.županije": 16, "Oznaka Gr/Op/Dr": "općina", "Grad/općina/država": "TOMPOJEVCI", "Rbr BM": 4, "Naziv BM": "MIKLUŠEVCI", "Lokacija BM": "DRUŠTVENI DOM MIKLUŠEVCI", "Adresa BM": "TRG ŽRTAVA DOMOVINSKOG RATA 2", "Glasovalo birača": 115, "Glasovalo birača (po listićima)": 115, "Važeći listići": 113, "Nevažeći listići": 2, "ID_u_zupaniji": 178 } }, "geometry": { "type": "Polygon", "coordinates": [ [ [ 19.0968111, 45.3284356 ], [ 19.0973871, 45.3273174 ], [ 19.097482, 45.3267854 ], [ 19.097519, 45.3254727 ], [ 19.0975243, 45.324829 ], [ 19.0976718, 45.3239843 ], [ 19.0980159, 45.3224892 ], [ 19.0981863, 45.3215169 ], [ 19.0983364, 45.3204032 ], [ 19.0982284, 45.3197926 ], [ 19.0981277, 45.3191605 ], [ 19.0981191, 45.3168557 ], [ 19.0980279, 45.3162804 ], [ 19.0974607, 45.3140578 ], [ 19.0974208, 45.313545 ], [ 19.0974549, 45.3128835 ], [ 19.0978876, 45.311402 ], [ 19.0981978, 45.3102635 ], [ 19.0991676, 45.308001 ], [ 19.1002024, 45.3058528 ], [ 19.1036946, 45.2998012 ], [ 19.104229, 45.2992967 ], [ 19.1060813, 45.2978897 ], [ 19.108713, 45.296013 ], [ 19.1111869, 45.2944809 ], [ 19.112987, 45.2935058 ], [ 19.1142409, 45.2928381 ], [ 19.1166612, 45.291813 ], [ 19.1213297, 45.290082 ], [ 19.123685464074839, 45.289190479158066 ], [ 19.12786726150885, 45.257825897253838 ], [ 19.085156780396627, 45.241886279278908 ], [ 19.074800425297337, 45.238252407581719 ], [ 19.049329317883192, 45.290307758602204 ], [ 19.051115128842579, 45.295830226464631 ], [ 19.095780049232381, 45.330556034450431 ], [ 19.0968111, 45.3284356 ] ] ] } },
{ "type": "Feature", "properties": { "latitude": 45.1399134, "longitude": 19.0356088, "BM": 3359, "population": 575, "data": { "Rbr IJ": 5, "Naziv izborne jedinice": "V. IZBORNA JEDINICA", "Rbr.županije": 16, "Oznaka Gr/Op/Dr": "općina", "Grad/općina/država": "NIJEMCI", "Rbr BM": 6, "Naziv BM": "LIPOVAC", "Lokacija BM": "DRUŠTVENI DOM LIPOVAC", "Adresa BM": "CVJETNO NASELJE 1 B", "Glasovalo birača": 323, "Glasovalo birača (po listićima)": 323, "Važeći listići": 313, "Nevažeći listići": 10, "ID_u_zupaniji": 153 } }, "geometry": { "type": "Polygon", "coordinates": [ [ [ 19.035087004975288, 45.142516360884024 ], [ 19.062837298848802, 45.029054310273949 ], [ 19.056183877124031, 45.028163272582724 ], [ 19.019935588998116, 45.040599926410643 ], [ 19.034540643058623, 45.141418814658934 ], [ 19.035087004975288, 45.142516360884024 ] ] ] } },
{ "type": "Feature", "properties": { "latitude": 45.1399664, "longitude": 19.0358255, "BM": 3358, "population": 199, "data": { "Rbr IJ": 5, "Naziv izborne jedinice": "V. IZBORNA JEDINICA", "Rbr.županije": 16, "Oznaka Gr/Op/Dr": "općina", "Grad/općina/država": "NIJEMCI", "Rbr BM": 5, "Naziv BM": "APŠEVCI", "Lokacija BM": "OSNOVNA ŠKOLA LIPOVAC-PODRUČNA ŠKOLA APŠEVCI", "Adresa BM": "KRALJA TOMISLAVA 58", "Glasovalo birača": 125, "Glasovalo birača (po listićima)": 125, "Važeći listići": 120, "Nevažeći listići": 5, "ID_u_zupaniji": 152 } }, "geometry": { "type": "Polygon", "coordinates": [ [ [ 19.035967284417989, 45.144488295201022 ], [ 19.087901595207789, 45.03238603684472 ], [ 19.062837298848802, 45.029054310273949 ], [ 19.035087004975288, 45.142516360884024 ], [ 19.035967284417989, 45.144488295201022 ] ] ] } },
{ "type": "Feature", "properties": { "latitude": 45.1416726, "longitude": 19.0395084, "BM": 3355, "population": 385, "data": { "Rbr IJ": 5, "Naziv izborne jedinice": "V. IZBORNA JEDINICA", "Rbr.županije": 16, "Oznaka Gr/Op/Dr": "općina", "Grad/općina/država": "NIJEMCI", "Rbr BM": 2, "Naziv BM": "ĐELETOVCI", "Lokacija BM": "OSNOVNA ŠKOLA \"I.KOZARAC\" NIJEMCI-PODRUČNA ŠKOLA ĐELETOVCI", "Adresa BM": "BANA JELAČIĆA 6", "Glasovalo birača": 229, "Glasovalo birača (po listićima)": 229, "Važeći listići": 215, "Nevažeći listići": 14, "ID_u_zupaniji": 149 } }, "geometry": { "type": "Polygon", "coordinates": [ [ [ 19.084136, 45.1358139 ], [ 19.0823378, 45.1346925 ], [ 19.081228, 45.1343286 ], [ 19.0810248, 45.1338545 ], [ 19.080931, 45.1334465 ], [ 19.0813999, 45.132862 ], [ 19.081353, 45.1319688 ], [ 19.0805558, 45.1311527 ], [ 19.0784108, 45.1280255 ], [ 19.07834, 45.1279223 ], [ 19.077897, 45.1272764 ], [ 19.077891, 45.1272028 ], [ 19.0768002, 45.1137373 ], [ 19.0808674, 45.1126216 ], [ 19.0834264, 45.1118141 ], [ 19.0842826, 45.1113995 ], [ 19.0823703, 45.1101085 ], [ 19.0824612, 45.1095756 ], [ 19.0837371, 45.107369 ], [ 19.0853016, 45.1071548 ], [ 19.0860675, 45.1066885 ], [ 19.0864314, 45.1064723 ], [ 19.0869914, 45.106479 ], [ 19.0877858, 45.1068829 ], [ 19.0886334, 45.1055938 ], [ 19.0886722, 45.1055475 ], [ 19.0896483, 45.1043842 ], [ 19.0911897, 45.1034178 ], [ 19.0935067, 45.1015527 ], [ 19.0927982, 45.1005119 ], [ 19.0931524, 45.0993968 ], [ 19.0941194, 45.0985588 ], [ 19.0944833, 45.0980452 ], [ 19.0944444, 45.0975168 ], [ 19.0938094, 45.0959946 ], [ 19.0916436, 45.0928694 ], [ 19.0927827, 45.0906507 ], [ 19.0944342, 45.0889093 ], [ 19.096239, 45.0876562 ], [ 19.0969092, 45.0868248 ], [ 19.0989636, 45.0847509 ], [ 19.099877, 45.0831925 ], [ 19.1003128, 45.0827072 ], [ 19.1010404, 45.0825348 ], [ 19.10187, 45.0824907 ], [ 19.1047744, 45.08123 ], [ 19.104897, 45.0800661 ], [ 19.1052812, 45.0796079 ], [ 19.1058576, 45.0791612 ], [ 19.1046684, 45.0761204 ], [ 19.1042715, 45.0753406 ], [ 19.102209, 45.0711251 ], [ 19.0973051, 45.0630673 ], [ 19.0952302, 45.0585443 ], [ 19.0975293, 45.0582229 ], [ 19.0988882, 45.0575287 ], [ 19.100139, 45.0561788 ], [ 19.1013758, 45.0556004 ], [ 19.1013993, 45.0554812 ], [ 19.1014009, 45.0550948 ], [ 19.10135, 45.0539031 ], [ 19.1043326, 45.0532994 ], [ 19.1039759, 45.0521644 ], [ 19.1058933, 45.0515323 ], [ 19.1052601, 45.0497204 ], [ 19.1052347, 45.0496477 ], [ 19.1051999, 45.0496071 ], [ 19.1041716, 45.0484067 ], [ 19.1036163, 45.0478275 ], [ 19.1035583, 45.047767 ], [ 19.1034308, 45.0476326 ], [ 19.1033617, 45.0475874 ], [ 19.101658, 45.0464733 ], [ 19.1020818, 45.0448669 ], [ 19.1020881, 45.044843 ], [ 19.1010968, 45.043242 ], [ 19.1007583, 45.0428363 ], [ 19.1002425, 45.042218 ], [ 19.0968447, 45.0397255 ], [ 19.0955341, 45.0387544 ], [ 19.0944518, 45.037968 ], [ 19.0941612, 45.0374451 ], [ 19.0948334, 45.0356133 ], [ 19.0956305, 45.0335486 ], [ 19.096430413092218, 45.033372682430638 ], [ 19.087901595207789, 45.03238603684472 ], [ 19.035967284417989, 45.144488295201022 ], [ 19.034633572090836, 45.173893846470889 ], [ 19.077407319867824, 45.148405108135108 ], [ 19.085708024885506, 45.137206220067988 ], [ 19.084136, 45.1358139 ] ] ] } },
{ "type": "Feature", "properties": { "latitude": 45.184941, "longitude": 19.0652919, "BM": 3360, "population": 77, "data": { "Rbr IJ": 5, "Naziv izborne jedinice": "V. IZBORNA JEDINICA", "Rbr.županije": 16, "Oznaka Gr/Op/Dr": "općina", "Grad/općina/država": "NIJEMCI", "Rbr BM": 7, "Naziv BM": "VINKOVAČKI BANOVCI", "Lokacija BM": "OSNOVNA ŠKOLA ILAČA- BANOVCI, PODRUČNA ŠKOLA VINKOVAČKI BANOVCI", "Adresa BM": "M.TITA BB", "Glasovalo birača": 39, "Glasovalo birača (po listićima)": 39, "Važeći listići": 34, "Nevažeći listići": 5, "ID_u_zupaniji": 154 } }, "geometry": { "type": "Polygon", "coordinates": [ [ [ 19.018158253718088, 45.186217537656532 ], [ 19.033919893395346, 45.207691033084586 ], [ 19.071328887620353, 45.212717437241608 ], [ 19.081826865388276, 45.206942712874508 ], [ 19.077407319867824, 45.148405108135108 ], [ 19.034633572090836, 45.173893846470889 ], [ 19.018158253718088, 45.186217537656532 ] ] ] } },
{ "type": "Feature", "properties": { "latitude": 45.2625662, "longitude": 19.17072, "BM": 3338, "population": 213, "data": { "Rbr IJ": 5, "Naziv izborne jedinice": "V. IZBORNA JEDINICA", "Rbr.županije": 16, "Oznaka Gr/Op/Dr": "općina", "Grad/općina/država": "LOVAS", "Rbr BM": 2, "Naziv BM": "OPATOVAC", "Lokacija BM": "PROSTORIJE MJESNOG ODBORA U OPATOVCU", "Adresa BM": "TRG HRVATSKIH BRANITELJA BR. 1", "Glasovalo birača": 141, "Glasovalo birača (po listićima)": 141, "Važeći listići": 139, "Nevažeći listići": 2, "ID_u_zupaniji": 140 } }, "geometry": { "type": "Polygon", "coordinates": [ [ [ 19.1248375, 45.2887545 ], [ 19.1263071, 45.2882183 ], [ 19.1275273, 45.2877256 ], [ 19.1297227, 45.2867381 ], [ 19.1348863, 45.2843011 ], [ 19.1383949, 45.2827764 ], [ 19.1419523, 45.2812455 ], [ 19.1437294, 45.2806124 ], [ 19.1462415, 45.279739 ], [ 19.149812, 45.2785011 ], [ 19.1519678, 45.2778494 ], [ 19.154591, 45.2771686 ], [ 19.1580963, 45.276333 ], [ 19.1636406, 45.2750238 ], [ 19.1676175, 45.2742407 ], [ 19.1683725, 45.2740067 ], [ 19.1694056, 45.2736599 ], [ 19.1707008, 45.273101 ], [ 19.1736234, 45.2715965 ], [ 19.1783291, 45.2692866 ], [ 19.1800227, 45.2684935 ], [ 19.1814322, 45.2680323 ], [ 19.1853698, 45.2669093 ], [ 19.1867847, 45.2669979 ], [ 19.1878694, 45.2670957 ], [ 19.188758, 45.2671283 ], [ 19.1898202, 45.267014 ], [ 19.1909099, 45.2668513 ], [ 19.1919653, 45.2666128 ], [ 19.1939597, 45.2658424 ], [ 19.196282951620489, 45.264927222808154 ], [ 19.190369780172759, 45.242747220314961 ], [ 19.131434145253639, 45.247573742365624 ], [ 19.12786726150885, 45.257825897253838 ], [ 19.123685464074839, 45.289190479158066 ], [ 19.1248375, 45.2887545 ] ] ] } },
{ "type": "Feature", "properties": { "latitude": 45.2225923, "longitude": 19.3731241, "BM": 2794, "population": 942, "data": { "Rbr IJ": 5, "Naziv izborne jedinice": "V. IZBORNA JEDINICA", "Rbr.županije": 16, "Oznaka Gr/Op/Dr": "grad", "Grad/općina/država": "ILOK", "Rbr BM": 2, "Naziv BM": "ILOK", "Lokacija BM": "DOM UMIROVLJENIKA ILOK", "Adresa BM": "KOŠEVI BR. 7", "Glasovalo birača": 579, "Glasovalo birača (po listićima)": 579, "Važeći listići": 565, "Nevažeći listići": 14, "ID_u_zupaniji": 2 } }, "geometry": { "type": "Polygon", "coordinates": [ [ [ 19.374991901221524, 45.231778691522507 ], [ 19.374883448959, 45.225033666811925 ], [ 19.361425854178034, 45.173194274313481 ], [ 19.3589961, 45.172853 ], [ 19.3599992, 45.170174 ], [ 19.354260888043097, 45.169229526594314 ], [ 19.374219832732223, 45.231739242727336 ], [ 19.3744271, 45.2317419 ], [ 19.374991901221524, 45.231778691522507 ] ] ] } },
{ "type": "Feature", "properties": { "latitude": 45.222537, "longitude": 19.3765634, "BM": 2797, "population": 650, "data": { "Rbr IJ": 5, "Naziv izborne jedinice": "V. IZBORNA JEDINICA", "Rbr.županije": 16, "Oznaka Gr/Op/Dr": "grad", "Grad/općina/država": "ILOK", "Rbr BM": 5, "Naziv BM": "BAPSKA", "Lokacija BM": "OSNOVNA ŠKOLA BAPSKA", "Adresa BM": "STJEPANA RADIĆA 11", "Glasovalo birača": 377, "Glasovalo birača (po listićima)": 377, "Važeći listići": 373, "Nevažeći listići": 4, "ID_u_zupaniji": 5 } }, "geometry": { "type": "Polygon", "coordinates": [ [ [ 19.375362, 45.2318028 ], [ 19.3764626, 45.2321157 ], [ 19.37708, 45.2321595 ], [ 19.377085731794935, 45.232159435722167 ], [ 19.377104107611213, 45.219031752539237 ], [ 19.374883448959, 45.225033666811925 ], [ 19.374991901221524, 45.231778691522507 ], [ 19.375362, 45.2318028 ] ] ] } },
{ "type": "Feature", "properties": { "latitude": 45.2326879, "longitude": 19.0915565, "BM": 3489, "population": 528, "data": { "Rbr IJ": 5, "Naziv izborne jedinice": "V. IZBORNA JEDINICA", "Rbr.županije": 16, "Oznaka Gr/Op/Dr": "općina", "Grad/općina/država": "TOVARNIK", "Rbr BM": 1, "Naziv BM": "TOVARNIK", "Lokacija BM": "DOM UMIROVLJENIKA", "Adresa BM": "A.G.MATOŠA 12", "Glasovalo birača": 280, "Glasovalo birača (po listićima)": 280, "Važeći listići": 270, "Nevažeći listići": 10, "ID_u_zupaniji": 184 } }, "geometry": { "type": "Polygon", "coordinates": [ [ [ 19.073927952384558, 45.229315493520062 ], [ 19.091999931368093, 45.233872891986223 ], [ 19.130338524022378, 45.237784923913971 ], [ 19.128042505380186, 45.210007567461702 ], [ 19.081826865388276, 45.206942712874508 ], [ 19.071328887620353, 45.212717437241608 ], [ 19.073927952384558, 45.229315493520062 ] ] ] } },
{ "type": "Feature", "properties": { "latitude": 45.1827078, "longitude": 19.094871, "BM": 3492, "population": 578, "data": { "Rbr IJ": 5, "Naziv izborne jedinice": "V. IZBORNA JEDINICA", "Rbr.županije": 16, "Oznaka Gr/Op/Dr": "općina", "Grad/općina/država": "TOVARNIK", "Rbr BM": 4, "Naziv BM": "ILAČA", "Lokacija BM": "HRVATSKI DOM ILAČA", "Adresa BM": "V.NAZORA 29", "Glasovalo birača": 388, "Glasovalo birača (po listićima)": 388, "Važeći listići": 379, "Nevažeći listići": 9, "ID_u_zupaniji": 187 } }, "geometry": { "type": "Polygon", "coordinates": [ [ [ 19.0928226, 45.1436802 ], [ 19.0906517, 45.1442828 ], [ 19.0882072, 45.1449613 ], [ 19.0865622, 45.1454179 ], [ 19.0875471, 45.1383634 ], [ 19.0858392, 45.1373224 ], [ 19.085708024885506, 45.137206220067988 ], [ 19.077407319867824, 45.148405108135108 ], [ 19.081826865388276, 45.206942712874508 ], [ 19.128042505380186, 45.210007567461702 ], [ 19.132211035959656, 45.203052019452258 ], [ 19.123480584587494, 45.174366976580863 ], [ 19.108459928232833, 45.139339585954453 ], [ 19.0928226, 45.1436802 ] ] ] } },
{ "type": "Feature", "properties": { "latitude": 45.165355, "longitude": 19.1518859, "BM": 3490, "population": 399, "data": { "Rbr IJ": 5, "Naziv izborne jedinice": "V. IZBORNA JEDINICA", "Rbr.županije": 16, "Oznaka Gr/Op/Dr": "općina", "Grad/općina/država": "TOVARNIK", "Rbr BM": 2, "Naziv BM": "TOVARNIK", "Lokacija BM": "VATROGASNI DOM TOVARNIK", "Adresa BM": "A.G.MATOŠA 3", "Glasovalo birača": 246, "Glasovalo birača (po listićima)": 246, "Važeći listići": 239, "Nevažeći listići": 7, "ID_u_zupaniji": 185 } }, "geometry": { "type": "Polygon", "coordinates": [ [ [ 19.1660173, 45.189779 ], [ 19.1728239, 45.1879622 ], [ 19.186045, 45.1834861 ], [ 19.1945386, 45.1789152 ], [ 19.1888909, 45.1682741 ], [ 19.187238, 45.1659973 ], [ 19.1741635, 45.1553419 ], [ 19.1739585, 45.1552053 ], [ 19.171437574876382, 45.153130041074768 ], [ 19.123480584587494, 45.174366976580863 ], [ 19.132211035959656, 45.203052019452258 ], [ 19.167679297950563, 45.193828828994391 ], [ 19.1660173, 45.189779 ] ] ] } },
{ "type": "Feature", "properties": { "latitude": 45.2236498, "longitude": 19.3698121, "BM": 2793, "population": 974, "data": { "Rbr IJ": 5, "Naziv izborne jedinice": "V. IZBORNA JEDINICA", "Rbr.županije": 16, "Oznaka Gr/Op/Dr": "grad", "Grad/općina/država": "ILOK", "Rbr BM": 1, "Naziv BM": "ILOK", "Lokacija BM": "GRADSKO POGLAVARSTVO ILOK", "Adresa BM": "TRG N.ILOČKOG 13", "Glasovalo birača": 554, "Glasovalo birača (po listićima)": 554, "Važeći listići": 535, "Nevažeći listići": 19, "ID_u_zupaniji": 1 } }, "geometry": { "type": "Polygon", "coordinates": [ [ [ 19.3016984, 45.2361312 ], [ 19.3043333, 45.2359267 ], [ 19.3077461, 45.2355772 ], [ 19.3145666, 45.2346997 ], [ 19.3175785, 45.2342989 ], [ 19.3214635, 45.2339891 ], [ 19.3277325, 45.2334142 ], [ 19.3355527, 45.2326044 ], [ 19.336657, 45.2325047 ], [ 19.3377823, 45.2322164 ], [ 19.3389698, 45.2319893 ], [ 19.3402774, 45.2319183 ], [ 19.3418177, 45.2318216 ], [ 19.3444209, 45.2318571 ], [ 19.3466351, 45.2319002 ], [ 19.3481147, 45.23186 ], [ 19.3498295, 45.2316557 ], [ 19.3518989, 45.2314819 ], [ 19.3540465, 45.2313975 ], [ 19.3564618, 45.2313446 ], [ 19.358218, 45.2313763 ], [ 19.3608819, 45.2314719 ], [ 19.3626077, 45.231567 ], [ 19.3644581, 45.2318244 ], [ 19.3664854, 45.2321079 ], [ 19.3676151, 45.2322285 ], [ 19.3688973, 45.2322117 ], [ 19.3702577, 45.2321071 ], [ 19.3710407, 45.2319245 ], [ 19.3718237, 45.2317492 ], [ 19.3731947, 45.2317261 ], [ 19.374219832732223, 45.231739242727336 ], [ 19.354260888043097, 45.169229526594314 ], [ 19.3542024, 45.1692199 ], [ 19.354213243672806, 45.169080308481405 ], [ 19.352836053672235, 45.164767066607254 ], [ 19.3494207, 45.164767 ], [ 19.3484389, 45.1676696 ], [ 19.3483583, 45.1679168 ], [ 19.3470378, 45.1714417 ], [ 19.3480428, 45.1723058 ], [ 19.3479206, 45.1723696 ], [ 19.3468183, 45.1726823 ], [ 19.3463531, 45.1727345 ], [ 19.3459239, 45.1727289 ], [ 19.3455151, 45.1725895 ], [ 19.3450194, 45.1726221 ], [ 19.3445481, 45.1729613 ], [ 19.342025, 45.1740075 ], [ 19.3305749, 45.1769156 ], [ 19.3300267, 45.1770583 ], [ 19.3325927, 45.181884 ], [ 19.332262, 45.1821874 ], [ 19.3310813, 45.1829229 ], [ 19.3301151, 45.1846263 ], [ 19.3290818, 45.1844433 ], [ 19.3283919, 45.1853189 ], [ 19.328484, 45.187014 ], [ 19.3264916, 45.1895707 ], [ 19.3246526, 45.1933359 ], [ 19.3246022, 45.1935528 ], [ 19.3240896, 45.1944109 ], [ 19.323521, 45.1959198 ], [ 19.3225838, 45.1974114 ], [ 19.3217908, 45.1986553 ], [ 19.3214498, 45.2003994 ], [ 19.3213585, 45.2014291 ], [ 19.3213504, 45.2021924 ], [ 19.3213554, 45.2032819 ], [ 19.3214249, 45.2041598 ], [ 19.3212404, 45.2049757 ], [ 19.3209684, 45.2053503 ], [ 19.3207036, 45.2058115 ], [ 19.3205224, 45.2062361 ], [ 19.3203143, 45.2066872 ], [ 19.3200125, 45.2073489 ], [ 19.3193159, 45.207724 ], [ 19.3181336, 45.2079921 ], [ 19.3160032, 45.2076738 ], [ 19.3162554, 45.2077085 ], [ 19.3153141, 45.207444 ], [ 19.3142748, 45.2072405 ], [ 19.312558, 45.2070347 ], [ 19.3102133, 45.2069812 ], [ 19.3079096, 45.2063706 ], [ 19.3054963, 45.2063141 ], [ 19.3032975, 45.206197 ], [ 19.3005511, 45.2058333 ], [ 19.2957054, 45.2055191 ], [ 19.2925017, 45.2054602 ], [ 19.2883063, 45.205048 ], [ 19.288014520912675, 45.205073295051825 ], [ 19.293417931285813, 45.236170554665939 ], [ 19.2939945, 45.2361582 ], [ 19.29799, 45.2362109 ], [ 19.3016984, 45.2361312 ] ] ] } },
{ "type": "Feature", "properties": { "latitude": 45.2349439, "longitude": 19.0913263, "BM": 3484, "population": 199, "data": { "Rbr IJ": 5, "Naziv izborne jedinice": "V. IZBORNA JEDINICA", "Rbr.županije": 16, "Oznaka Gr/Op/Dr": "općina", "Grad/općina/država": "TOMPOJEVCI", "Rbr BM": 5, "Naziv BM": "TOMPOJEVCI", "Lokacija BM": "HRVATSKI DOM", "Adresa BM": "RADIĆEVA 23", "Glasovalo birača": 136, "Glasovalo birača (po listićima)": 136, "Važeći listići": 129, "Nevažeći listići": 7, "ID_u_zupaniji": 179 } }, "geometry": { "type": "Polygon", "coordinates": [ [ [ 19.12786726150885, 45.257825897253838 ], [ 19.131434145253639, 45.247573742365624 ], [ 19.130338524022378, 45.237784923913971 ], [ 19.091999931368093, 45.233872891986223 ], [ 19.085156780396627, 45.241886279278908 ], [ 19.12786726150885, 45.257825897253838 ] ] ] } },
{ "type": "Feature", "properties": { "latitude": 45.2347059, "longitude": 19.0910476, "BM": 3481, "population": 79, "data": { "Rbr IJ": 5, "Naziv izborne jedinice": "V. IZBORNA JEDINICA", "Rbr.županije": 16, "Oznaka Gr/Op/Dr": "općina", "Grad/općina/država": "TOMPOJEVCI", "Rbr BM": 2, "Naziv BM": "BOKŠIĆ", "Lokacija BM": "DOM KULTURE BOKŠIĆ", "Adresa BM": "RADIĆEVA 21", "Glasovalo birača": 62, "Glasovalo birača (po listićima)": 62, "Važeći listići": 61, "Nevažeći listići": 1, "ID_u_zupaniji": 176 } }, "geometry": { "type": "Polygon", "coordinates": [ [ [ 19.074800425297337, 45.238252407581719 ], [ 19.085156780396627, 45.241886279278908 ], [ 19.091999931368093, 45.233872891986223 ], [ 19.073927952384558, 45.229315493520062 ], [ 19.074800425297337, 45.238252407581719 ] ] ] } },
{ "type": "Feature", "properties": { "latitude": 45.2263893, "longitude": 19.1677573, "BM": 3337, "population": 604, "data": { "Rbr IJ": 5, "Naziv izborne jedinice": "V. IZBORNA JEDINICA", "Rbr.županije": 16, "Oznaka Gr/Op/Dr": "općina", "Grad/općina/država": "LOVAS", "Rbr BM": 1, "Naziv BM": "LOVAS", "Lokacija BM": "ZGRADA OPĆINE LOVAS-VIJEĆNICA", "Adresa BM": "A.STARČEVIĆA BR. 5", "Glasovalo birača": 388, "Glasovalo birača (po listićima)": 388, "Važeći listići": 372, "Nevažeći listići": 16, "ID_u_zupaniji": 139 } }, "geometry": { "type": "Polygon", "coordinates": [ [ [ 19.2172009, 45.1867763 ], [ 19.2164441, 45.1870705 ], [ 19.2150491, 45.1875536 ], [ 19.2143617, 45.187744 ], [ 19.2129098, 45.1888323 ], [ 19.212696, 45.1894254 ], [ 19.2118575, 45.1901681 ], [ 19.2106958, 45.1907923 ], [ 19.2082046, 45.1915979 ], [ 19.2067228, 45.1918454 ], [ 19.2058231, 45.1923861 ], [ 19.2009838, 45.1948638 ], [ 19.1996809, 45.1958595 ], [ 19.1989527, 45.1966957 ], [ 19.1960054, 45.197696 ], [ 19.1941219, 45.1984639 ], [ 19.1909093, 45.2011832 ], [ 19.1896125, 45.2009844 ], [ 19.188986, 45.200902 ], [ 19.1875012, 45.2011822 ], [ 19.1854425, 45.2018637 ], [ 19.1822548, 45.200671 ], [ 19.1790079, 45.2003115 ], [ 19.1779522, 45.200953 ], [ 19.1765431, 45.2025389 ], [ 19.1762166, 45.202511 ], [ 19.1715618, 45.2002354 ], [ 19.1691472, 45.1974057 ], [ 19.167679297950563, 45.193828828994391 ], [ 19.132211035959656, 45.203052019452258 ], [ 19.128042505380186, 45.210007567461702 ], [ 19.130338524022378, 45.237784923913971 ], [ 19.131434145253639, 45.247573742365624 ], [ 19.190369780172759, 45.242747220314961 ], [ 19.217236999197794, 45.186761392383872 ], [ 19.2172009, 45.1867763 ] ] ] } },
{ "type": "Feature", "properties": { "latitude": 45.1593909, "longitude": 19.1492448, "BM": 3491, "population": 409, "data": { "Rbr IJ": 5, "Naziv izborne jedinice": "V. IZBORNA JEDINICA", "Rbr.županije": 16, "Oznaka Gr/Op/Dr": "općina", "Grad/općina/država": "TOVARNIK", "Rbr BM": 3, "Naziv BM": "TOVARNIK", "Lokacija BM": "ZGRADA \"AGRO-TOVARNIK\" TOVARNIK", "Adresa BM": "VLČ.IVANA BURIKA 34", "Glasovalo birača": 239, "Glasovalo birača (po listićima)": 239, "Važeći listići": 227, "Nevažeći listići": 12, "ID_u_zupaniji": 186 } }, "geometry": { "type": "Polygon", "coordinates": [ [ [ 19.171437574876379, 45.153130041074768 ], [ 19.1675027, 45.1498908 ], [ 19.1648383, 45.1476972 ], [ 19.1644773, 45.1474209 ], [ 19.1643926, 45.1473561 ], [ 19.1643277, 45.1473475 ], [ 19.1637283, 45.1468745 ], [ 19.1614804, 45.1451007 ], [ 19.1613719, 45.1450152 ], [ 19.1589488, 45.143103 ], [ 19.158826, 45.1430061 ], [ 19.1563589, 45.1410592 ], [ 19.1532157, 45.1385787 ], [ 19.1419574, 45.1298931 ], [ 19.1412488, 45.1302026 ], [ 19.128858, 45.1322598 ], [ 19.1199837, 45.1337331 ], [ 19.1143425, 45.1377067 ], [ 19.108459928232833, 45.139339585954453 ], [ 19.123480584587494, 45.174366976580863 ], [ 19.171437574876382, 45.153130041074768 ], [ 19.171437574876379, 45.153130041074768 ] ] ] } },
{ "type": "Feature", "properties": { "latitude": 45.2501539, "longitude": 19.2172779, "BM": 2799, "population": 156, "data": { "Rbr IJ": 5, "Naziv izborne jedinice": "V. IZBORNA JEDINICA", "Rbr.županije": 16, "Oznaka Gr/Op/Dr": "grad", "Grad/općina/država": "ILOK", "Rbr BM": 7, "Naziv BM": "MOHOVO", "Lokacija BM": "STARA ŠKOLA MOHOVO", "Adresa BM": "SV. NIKOLE TAVELIĆA 3", "Glasovalo birača": 87, "Glasovalo birača (po listićima)": 87, "Važeći listići": 84, "Nevažeći listići": 3, "ID_u_zupaniji": 7 } }, "geometry": { "type": "Polygon", "coordinates": [ [ [ 19.1964074, 45.2648782 ], [ 19.1991956, 45.2642363 ], [ 19.1994559, 45.2646229 ], [ 19.2021901, 45.2661285 ], [ 19.2077253, 45.2658295 ], [ 19.214447, 45.2652582 ], [ 19.2165708, 45.2650297 ], [ 19.2186848, 45.2646836 ], [ 19.2204237, 45.264447 ], [ 19.2235927, 45.2648555 ], [ 19.2264044, 45.2654843 ], [ 19.229472, 45.2662681 ], [ 19.234115, 45.2678161 ], [ 19.2394094, 45.2696545 ], [ 19.241405, 45.270501 ], [ 19.2440276, 45.271522 ], [ 19.245079, 45.2722823 ], [ 19.2474559, 45.2741621 ], [ 19.2488595, 45.2753586 ], [ 19.2493349, 45.2763577 ], [ 19.2498923, 45.2772293 ], [ 19.2509679, 45.2784459 ], [ 19.2520561, 45.2791003 ], [ 19.2531566, 45.2796005 ], [ 19.2546582, 45.2802008 ], [ 19.2562114, 45.2806169 ], [ 19.257895, 45.2810353 ], [ 19.2591356, 45.2811744 ], [ 19.2607664, 45.2813866 ], [ 19.2620856, 45.2813317 ], [ 19.2633328, 45.2812467 ], [ 19.2633673, 45.2812413 ], [ 19.2645318, 45.2810842 ], [ 19.2669441, 45.2806755 ], [ 19.2681196, 45.2803479 ], [ 19.2693389, 45.2796239 ], [ 19.270305, 45.2789888 ], [ 19.2732295, 45.2769331 ], [ 19.2737472, 45.2765122 ], [ 19.2740934, 45.2761235 ], [ 19.2745931, 45.2752 ], [ 19.2748883, 45.2746734 ], [ 19.2749636, 45.2737655 ], [ 19.2750896, 45.2719939 ], [ 19.2751126, 45.2711762 ], [ 19.2750146, 45.2707464 ], [ 19.274852, 45.2702575 ], [ 19.2744437, 45.2694457 ], [ 19.2725997, 45.2671914 ], [ 19.2713337, 45.265626 ], [ 19.270435, 45.2646769 ], [ 19.2677132, 45.2623421 ], [ 19.2655966, 45.2605322 ], [ 19.264565, 45.2594994 ], [ 19.2638729, 45.2586604 ], [ 19.2624363, 45.2565775 ], [ 19.2610597, 45.2545611 ], [ 19.2601602, 45.2532851 ], [ 19.259986, 45.252863 ], [ 19.2598118, 45.2523081 ], [ 19.2594639, 45.2506819 ], [ 19.2593219, 45.2499863 ], [ 19.2592775, 45.249402 ], [ 19.2591987, 45.2474762 ], [ 19.259199, 45.246455 ], [ 19.2592691, 45.2459478 ], [ 19.2594594, 45.2453499 ], [ 19.260078, 45.2439783 ], [ 19.2606966, 45.2426066 ], [ 19.2661568, 45.2412283 ], [ 19.2681347, 45.2408018 ], [ 19.2749933, 45.2392568 ], [ 19.2770714, 45.2390781 ], [ 19.2808236, 45.2381341 ], [ 19.2845575, 45.2372756 ], [ 19.2883099, 45.2365167 ], [ 19.2894806, 45.2363609 ], [ 19.2918151, 45.2362049 ], [ 19.293417931285813, 45.236170554665939 ], [ 19.288014520912675, 45.205073295051825 ], [ 19.286989, 45.2051622 ], [ 19.2859186, 45.2058174 ], [ 19.2855795, 45.2056934 ], [ 19.2843259, 45.206283 ], [ 19.2836007, 45.2067104 ], [ 19.2828326, 45.2068959 ], [ 19.2830063, 45.205074 ], [ 19.2838089, 45.2035491 ], [ 19.2839348, 45.2025202 ], [ 19.2844571, 45.2016418 ], [ 19.2856779, 45.1978939 ], [ 19.286628485538216, 45.197096499121571 ], [ 19.28606291443101, 45.193841571152674 ], [ 19.2854447, 45.1939395 ], [ 19.2836624, 45.1941227 ], [ 19.2812892, 45.1931455 ], [ 19.2820274, 45.1920376 ], [ 19.282829, 45.1907344 ], [ 19.2840225, 45.1892796 ], [ 19.285080711462363, 45.188188878019908 ], [ 19.282150421503498, 45.171324716073521 ], [ 19.2819942, 45.1713433 ], [ 19.2810946, 45.1711513 ], [ 19.2796826, 45.1713724 ], [ 19.2785566, 45.1714599 ], [ 19.2777055, 45.1715563 ], [ 19.277261, 45.1716705 ], [ 19.2766219, 45.1726473 ], [ 19.2756921, 45.1731721 ], [ 19.2745779, 45.1735911 ], [ 19.2745261, 45.1738826 ], [ 19.2746454, 45.1742573 ], [ 19.2741012, 45.1749262 ], [ 19.2738029, 45.1750554 ], [ 19.2729083, 45.1757026 ], [ 19.2722651, 45.1758489 ], [ 19.271606, 45.1756373 ], [ 19.2707978, 45.1757042 ], [ 19.2691307, 45.1754469 ], [ 19.268388, 45.1751161 ], [ 19.2669323, 45.1754843 ], [ 19.2664503, 45.1753812 ], [ 19.2636119, 45.1742951 ], [ 19.261603, 45.1743427 ], [ 19.2614713, 45.1743458 ], [ 19.261378, 45.1744323 ], [ 19.2572057, 45.1743362 ], [ 19.2571076, 45.1742425 ], [ 19.2549447, 45.1739599 ], [ 19.2539656, 45.1737806 ], [ 19.2500517, 45.1727887 ], [ 19.2475243, 45.1777668 ], [ 19.2377531, 45.1753657 ], [ 19.2368368, 45.176147 ], [ 19.2359974, 45.1773982 ], [ 19.2351524, 45.1784644 ], [ 19.2336603, 45.179424 ], [ 19.2332724, 45.1796734 ], [ 19.230445, 45.1821892 ], [ 19.2302632, 45.18294 ], [ 19.2295627, 45.1834031 ], [ 19.228528, 45.1838514 ], [ 19.2281611, 45.1841358 ], [ 19.2272359, 45.1847639 ], [ 19.2250761, 45.1851609 ], [ 19.2224573, 45.1855285 ], [ 19.2208786, 45.1857502 ], [ 19.2200759, 45.1858628 ], [ 19.218623, 45.1860668 ], [ 19.2180603, 45.1864214 ], [ 19.217236999197794, 45.186761392383872 ], [ 19.190369780172759, 45.242747220314961 ], [ 19.196282951620489, 45.264927222808154 ], [ 19.1964074, 45.2648782 ] ] ] } },
{ "type": "Feature", "properties": { "latitude": 45.2220448, "longitude": 19.3752331, "BM": 2798, "population": 367, "data": { "Rbr IJ": 5, "Naziv izborne jedinice": "V. IZBORNA JEDINICA", "Rbr.županije": 16, "Oznaka Gr/Op/Dr": "grad", "Grad/općina/država": "ILOK", "Rbr BM": 6, "Naziv BM": "ŠARENGRAD", "Lokacija BM": "STARA ŠKOLA ŠARENGRAD", "Adresa BM": "VUKOVARSKA BB", "Glasovalo birača": 225, "Glasovalo birača (po listićima)": 225, "Važeći listići": 219, "Nevažeći listići": 6, "ID_u_zupaniji": 6 } }, "geometry": { "type": "Polygon", "coordinates": [ [ [ 19.3857652, 45.172884 ], [ 19.3856061, 45.1725846 ], [ 19.3851529, 45.1721417 ], [ 19.3844564, 45.1718274 ], [ 19.3801723, 45.1716536 ], [ 19.3792223, 45.1715403 ], [ 19.3781206, 45.1719079 ], [ 19.3769217, 45.1717882 ], [ 19.375424, 45.1715963 ], [ 19.3732074, 45.1717275 ], [ 19.3728591, 45.1717508 ], [ 19.3726084, 45.1716276 ], [ 19.372427, 45.1709393 ], [ 19.3723047, 45.1703398 ], [ 19.3684274, 45.1714998 ], [ 19.3670216, 45.1719374 ], [ 19.3666441, 45.1722531 ], [ 19.3645, 45.1743548 ], [ 19.3635375, 45.1753196 ], [ 19.3626734, 45.1733695 ], [ 19.361425854178034, 45.173194274313481 ], [ 19.374883448959, 45.225033666811925 ], [ 19.377104107611213, 45.219031752539237 ], [ 19.386178164607365, 45.174885555457834 ], [ 19.386044017571834, 45.172968501751249 ], [ 19.3857652, 45.172884 ] ] ] } },
{ "type": "Feature", "properties": { "latitude": 45.2225385, "longitude": 19.377635, "BM": 2795, "population": 967, "data": { "Rbr IJ": 5, "Naziv izborne jedinice": "V. IZBORNA JEDINICA", "Rbr.županije": 16, "Oznaka Gr/Op/Dr": "grad", "Grad/općina/država": "ILOK", "Rbr BM": 3, "Naziv BM": "ILOK", "Lokacija BM": "UPRAVNA ZGRADA \"AGRO ILOKA\"", "Adresa BM": "TRG ŽRTAVA DOMOVINSKOG RATA 1/1", "Glasovalo birača": 478, "Glasovalo birača (po listićima)": 477, "Važeći listići": 462, "Nevažeći listići": 15, "ID_u_zupaniji": 3 } }, "geometry": { "type": "Polygon", "coordinates": [ [ [ 19.379773, 45.2321293 ], [ 19.385544, 45.2321043 ], [ 19.3879049, 45.2322677 ], [ 19.3910249, 45.232514 ], [ 19.391684738285917, 45.232559224740321 ], [ 19.386178164607365, 45.174885555457834 ], [ 19.377104107611213, 45.219031752539237 ], [ 19.377085731794935, 45.232159435722167 ], [ 19.379773, 45.2321293 ] ] ] } },
{ "type": "Feature", "properties": { "latitude": 45.2200609, "longitude": 19.4035844, "BM": 2796, "population": 533, "data": { "Rbr IJ": 5, "Naziv izborne jedinice": "V. IZBORNA JEDINICA", "Rbr.županije": 16, "Oznaka Gr/Op/Dr": "grad", "Grad/općina/država": "ILOK", "Rbr BM": 4, "Naziv BM": "ILOK", "Lokacija BM": "SLOVAČKI DOM ILOK", "Adresa BM": "I.G.KOVAČIĆA 85", "Glasovalo birača": 202, "Glasovalo birača (po listićima)": 202, "Važeći listići": 199, "Nevažeći listići": 3, "ID_u_zupaniji": 4 } }, "geometry": { "type": "Polygon", "coordinates": [ [ [ 19.3944215, 45.2327468 ], [ 19.395647, 45.2328796 ], [ 19.3989025, 45.2332325 ], [ 19.4002776, 45.2332912 ], [ 19.4017519, 45.2333189 ], [ 19.4033636, 45.233287 ], [ 19.4035844, 45.233254910304595 ], [ 19.4035844, 45.170106963049001 ], [ 19.403501, 45.17016 ], [ 19.4029499, 45.1700856 ], [ 19.4022689, 45.1702151 ], [ 19.4017854, 45.1695058 ], [ 19.4011513, 45.1696459 ], [ 19.4001508, 45.1700914 ], [ 19.399057, 45.1704859 ], [ 19.396678, 45.1708655 ], [ 19.3949888, 45.1713933 ], [ 19.3937062, 45.1720565 ], [ 19.3901114, 45.172664 ], [ 19.3893115, 45.1729709 ], [ 19.3879812, 45.1731642 ], [ 19.3873167, 45.1732206 ], [ 19.3866409, 45.1731494 ], [ 19.386044017571834, 45.172968501751249 ], [ 19.386178164607365, 45.174885555457834 ], [ 19.391684738285917, 45.232559224740321 ], [ 19.3944215, 45.2327468 ] ] ] } }
]
}
