{
"type": "FeatureCollection",
"name": "zupanija_1",
"crs": { "type": "name", "properties": { "name": "urn:ogc:def:crs:EPSG::3765" } },
"features": [
{ "type": "Feature", "properties": { "BM": 3969, "data": { "Oznaka Gr/Op/Dr": "općina", "Grad/općina/država": "ŽUMBERAK", "Rbr BM": 7, "Naziv BM": "BIRAČKO MJESTO BR.7 - SOŠICE", "Lokacija BM": "DVD SOŠICE", "Adresa BM": "SOŠICE 17", "Glasovalo birača": 47, "Glasovalo birača (po listićima)": 47, "Važeći listići": 47, "Nevažeći listići": 0 }, "latitude": 45.7506042, "longitude": 15.3816593, "population": 100 }, "geometry": { "type": "Polygon", "coordinates": [ [ [ 15.329674, 45.7625323 ], [ 15.3297125, 45.7625465 ], [ 15.3300394, 45.7627057 ], [ 15.3302682, 45.7627282 ], [ 15.3305558, 45.7627522 ], [ 15.3309239, 45.7627918 ], [ 15.3313653, 45.7628329 ], [ 15.3314477, 45.7628583 ], [ 15.3319404, 45.7630232 ], [ 15.33213, 45.7631195 ], [ 15.3324619, 45.7632951 ], [ 15.332922, 45.7635409 ], [ 15.332976, 45.7635697 ], [ 15.3330387, 45.7635977 ], [ 15.3331815, 45.7636563 ], [ 15.3336307, 45.763835 ], [ 15.3341868, 45.764056 ], [ 15.3342383, 45.7640807 ], [ 15.3345241, 45.7642512 ], [ 15.3345528, 45.7642641 ], [ 15.3348741, 45.7644612 ], [ 15.3352298, 45.7646791 ], [ 15.3354039, 45.7647801 ], [ 15.3356031, 45.7648884 ], [ 15.3357004, 45.7649444 ], [ 15.335871, 45.7650216 ], [ 15.3360292, 45.7650926 ], [ 15.3363221, 45.7652291 ], [ 15.3363875, 45.7652605 ], [ 15.3364045, 45.7652734 ], [ 15.3364504, 45.765297 ], [ 15.3365555, 45.7653544 ], [ 15.3369571, 45.7655777 ], [ 15.3375004, 45.765875 ], [ 15.3380041, 45.7661586 ], [ 15.3384502, 45.7664078 ], [ 15.3385051, 45.7664335 ], [ 15.338533, 45.7664501 ], [ 15.3387987, 45.7665982 ], [ 15.3393853, 45.7669208 ], [ 15.3395983, 45.7670445 ], [ 15.3396995, 45.7671087 ], [ 15.3397477, 45.7671392 ], [ 15.3399232, 45.7672463 ], [ 15.3399733, 45.7672784 ], [ 15.3401323, 45.7673797 ], [ 15.3404063, 45.7675154 ], [ 15.3404549, 45.7675397 ], [ 15.3404872, 45.7675568 ], [ 15.3405276, 45.767573 ], [ 15.3405896, 45.7676123 ], [ 15.3407876, 45.7677612 ], [ 15.3410325, 45.7679461 ], [ 15.3418243, 45.7683587 ], [ 15.3419091, 45.7684002 ], [ 15.3422471, 45.768546 ], [ 15.3426006, 45.7686986 ], [ 15.3430661, 45.7689004 ], [ 15.3431724, 45.7689423 ], [ 15.34333, 45.7690141 ], [ 15.3434872, 45.7690871 ], [ 15.3444299, 45.7695 ], [ 15.3445555, 45.7695421 ], [ 15.3447378, 45.7695437 ], [ 15.3460756, 45.769559 ], [ 15.3462089, 45.7695596 ], [ 15.3464659, 45.7696814 ], [ 15.3471481, 45.7700066 ], [ 15.3474507, 45.7701543 ], [ 15.3476165, 45.7702871 ], [ 15.3479173, 45.7705488 ], [ 15.348065, 45.7706701 ], [ 15.3482225, 45.7707508 ], [ 15.3483749, 45.7708117 ], [ 15.3486226, 45.7709077 ], [ 15.3486614, 45.7709228 ], [ 15.3492857, 45.771178 ], [ 15.3502307, 45.7713145 ], [ 15.3503172, 45.7713635 ], [ 15.3505882, 45.7715189 ], [ 15.3511368, 45.7724702 ], [ 15.3517214, 45.7728629 ], [ 15.3529191, 45.7731051 ], [ 15.3535716, 45.7732503 ], [ 15.3539285, 45.7732823 ], [ 15.3551259, 45.7734184 ], [ 15.3552252, 45.773421 ], [ 15.355858, 45.7734099 ], [ 15.3565616, 45.7733076 ], [ 15.3576916, 45.7737074 ], [ 15.3587369, 45.7737867 ], [ 15.3597076, 45.7737065 ], [ 15.3599044, 45.7738602 ], [ 15.3599568, 45.7738928 ], [ 15.3604131, 45.774745 ], [ 15.3603687, 45.7753042 ], [ 15.3607242, 45.775732 ], [ 15.3609237, 45.7759776 ], [ 15.3610541, 45.7761989 ], [ 15.3611188, 45.7763343 ], [ 15.3611785, 45.776397 ], [ 15.3613869, 45.7765794 ], [ 15.3616489, 45.776789 ], [ 15.362276, 45.7768987 ], [ 15.3627532, 45.77665 ], [ 15.3638809, 45.776615 ], [ 15.3645804, 45.776402 ], [ 15.3647654, 45.7763491 ], [ 15.3651705, 45.7762333 ], [ 15.3653375, 45.7761129 ], [ 15.3653828, 45.7761167 ], [ 15.3668207, 45.7763994 ], [ 15.3678085, 45.7763297 ], [ 15.3680997, 45.7761014 ], [ 15.3683679, 45.7760708 ], [ 15.3691703, 45.7763576 ], [ 15.3698628, 45.7766383 ], [ 15.3703723, 45.7774522 ], [ 15.3706606, 45.7776779 ], [ 15.3717195, 45.7774197 ], [ 15.3722767, 45.7781039 ], [ 15.3723788, 45.7783713 ], [ 15.3725238, 45.778702 ], [ 15.3726501, 45.7789906 ], [ 15.3729993, 45.7796275 ], [ 15.3730321, 45.7796733 ], [ 15.3730099, 45.7796743 ], [ 15.3744531, 45.7807711 ], [ 15.3756194, 45.7804955 ], [ 15.3757461, 45.7804667 ], [ 15.3762448, 45.7802882 ], [ 15.3768999, 45.780076 ], [ 15.3770463, 45.7800176 ], [ 15.3781639, 45.7795306 ], [ 15.378645, 45.7793234 ], [ 15.37914, 45.7792125 ], [ 15.3792993, 45.7791768 ], [ 15.3812944, 45.7789607 ], [ 15.3819552, 45.7791475 ], [ 15.3824563, 45.7795205 ], [ 15.382962, 45.7799929 ], [ 15.3836882, 45.7802965 ], [ 15.3841139, 45.780616 ], [ 15.3847269, 45.7809864 ], [ 15.3852037, 45.7812548 ], [ 15.3853236, 45.7822139 ], [ 15.3855401, 45.7830482 ], [ 15.3859298, 45.7834773 ], [ 15.3859463, 45.7834989 ], [ 15.3864033, 45.7840254 ], [ 15.3870363, 45.7843755 ], [ 15.3881104, 45.7849183 ], [ 15.3886751, 45.7853152 ], [ 15.3893655, 45.7855034 ], [ 15.3898647, 45.7858799 ], [ 15.3901031, 45.7863439 ], [ 15.3903852, 45.7870723 ], [ 15.3915756, 45.7875513 ], [ 15.3921401, 45.7882783 ], [ 15.3925261, 45.7883606 ], [ 15.3937941, 45.7887923 ], [ 15.3940426, 45.7888439 ], [ 15.3945223, 45.7889425 ], [ 15.3950054, 45.7890293 ], [ 15.3952683, 45.7890488 ], [ 15.3954332, 45.7890596 ], [ 15.3963602, 45.789607 ], [ 15.3966739, 45.7899581 ], [ 15.3967437, 45.7899791 ], [ 15.397259, 45.7901913 ], [ 15.3977812, 45.7904048 ], [ 15.3976524, 45.7906944 ], [ 15.3974791, 45.7910474 ], [ 15.3975283, 45.7911132 ], [ 15.3976753, 45.7911284 ], [ 15.3980234, 45.7913941 ], [ 15.3983458, 45.7916194 ], [ 15.3985254, 45.7917179 ], [ 15.3987277, 45.7917926 ], [ 15.3989448, 45.7918745 ], [ 15.3991616, 45.791954 ], [ 15.3993481, 45.7920276 ], [ 15.399452, 45.7920643 ], [ 15.3996218, 45.7920831 ], [ 15.4000085, 45.7921329 ], [ 15.4001455, 45.7921507 ], [ 15.4003389, 45.7921662 ], [ 15.4005187, 45.79218 ], [ 15.4007388, 45.7921916 ], [ 15.4009993, 45.7922047 ], [ 15.401257, 45.7922142 ], [ 15.4013885, 45.7922189 ], [ 15.4014908, 45.7922464 ], [ 15.4016982, 45.7923011 ], [ 15.4019243, 45.7923577 ], [ 15.4020831, 45.792396 ], [ 15.4021379, 45.7924706 ], [ 15.4022933, 45.7926496 ], [ 15.4023632, 45.7926547 ], [ 15.4025967, 45.7926606 ], [ 15.4028784, 45.792668 ], [ 15.4031764, 45.792679 ], [ 15.4032136, 45.7926619 ], [ 15.4034292, 45.7925498 ], [ 15.4036654, 45.79255 ], [ 15.4037596, 45.7925699 ], [ 15.4040206, 45.7926281 ], [ 15.4044269, 45.7927135 ], [ 15.4048016, 45.7926281 ], [ 15.4052427, 45.7924645 ], [ 15.4055276, 45.7922812 ], [ 15.4063451, 45.7921309 ], [ 15.4066462, 45.791964 ], [ 15.4068031, 45.7918703 ], [ 15.4073103, 45.7913681 ], [ 15.4075138, 45.7912654 ], [ 15.4079561, 45.7911916 ], [ 15.408182, 45.7913142 ], [ 15.4086149, 45.7917366 ], [ 15.4090942, 45.7919432 ], [ 15.4093182, 45.7923335 ], [ 15.4096247, 45.7926173 ], [ 15.4096928, 45.7927078 ], [ 15.4098594, 45.7929291 ], [ 15.4105973, 45.7930278 ], [ 15.4111551, 45.7932565 ], [ 15.4112907, 45.7936006 ], [ 15.4113556, 45.7939388 ], [ 15.411576, 45.7943069 ], [ 15.4116974, 45.7945831 ], [ 15.4121596, 45.7948457 ], [ 15.4125926, 45.7950918 ], [ 15.4132434, 45.7951483 ], [ 15.413495, 45.7950782 ], [ 15.4138838, 45.7950164 ], [ 15.4140276, 45.7950105 ], [ 15.4144292, 45.7948443 ], [ 15.4148488, 45.7947964 ], [ 15.4149616, 45.7947371 ], [ 15.4151116, 45.7947069 ], [ 15.4160886, 45.7946973 ], [ 15.416635095521864, 45.794659552927889 ], [ 15.42091963520301, 45.777980734587558 ], [ 15.408072397930701, 45.744298223608261 ], [ 15.373801300920121, 45.724727184545408 ], [ 15.345908225422681, 45.731135182256381 ], [ 15.329423907110408, 45.762412973687887 ], [ 15.329674, 45.7625323 ] ] ] } },
{ "type": "Feature", "properties": { "BM": 3603, "data": { "Oznaka Gr/Op/Dr": "grad", "Grad/općina/država": "SAMOBOR", "Rbr BM": 9, "Naziv BM": "BUDINJAK", "Lokacija BM": "VATROGASNI DOM GORNJA VAS", "Adresa BM": "GORNJA VAS", "Glasovalo birača": 16, "Glasovalo birača (po listićima)": 16, "Važeći listići": 16, "Nevažeći listići": 0 }, "latitude": 45.7729158, "longitude": 15.4685137, "population": 29 }, "geometry": { "type": "Polygon", "coordinates": [ [ [ 15.4171006, 45.7946274 ], [ 15.4182415, 45.7945888 ], [ 15.4184129, 45.7946504 ], [ 15.4185201, 45.7947736 ], [ 15.4186888, 45.795077 ], [ 15.419526, 45.7956358 ], [ 15.4201587, 45.7960222 ], [ 15.4208925, 45.7960869 ], [ 15.4221404, 45.7962754 ], [ 15.4241875, 45.7961364 ], [ 15.4246886, 45.7961581 ], [ 15.4249199, 45.7960697 ], [ 15.4253211, 45.795649 ], [ 15.4258788, 45.795225 ], [ 15.4265431, 45.7949379 ], [ 15.4271529, 45.7947985 ], [ 15.4273808, 45.794935 ], [ 15.427667, 45.7951684 ], [ 15.4281067, 45.7954362 ], [ 15.4285052, 45.7955057 ], [ 15.4286796, 45.7955939 ], [ 15.429244, 45.7955197 ], [ 15.4293959, 45.7954607 ], [ 15.4301761, 45.7954098 ], [ 15.4314215, 45.7952171 ], [ 15.4316158, 45.7951429 ], [ 15.431986, 45.7950362 ], [ 15.4320616, 45.7950401 ], [ 15.4322249, 45.79505 ], [ 15.4324324, 45.7950639 ], [ 15.4325703, 45.7950675 ], [ 15.4326237, 45.7950737 ], [ 15.4328184, 45.7950811 ], [ 15.4329607, 45.7951482 ], [ 15.4331154, 45.7952174 ], [ 15.4332637, 45.7952822 ], [ 15.4334059, 45.7953514 ], [ 15.4338328, 45.7953574 ], [ 15.4346079, 45.7951194 ], [ 15.4352618, 45.7947528 ], [ 15.4358794, 45.7941155 ], [ 15.4362161, 45.7939794 ], [ 15.4372126, 45.7938962 ], [ 15.4375171, 45.7939118 ], [ 15.4380015, 45.7939833 ], [ 15.438378, 45.7942395 ], [ 15.4390257, 45.7946054 ], [ 15.4391335, 45.794999 ], [ 15.4394916, 45.7953229 ], [ 15.4397812, 45.7954107 ], [ 15.4400071, 45.7954202 ], [ 15.4404458, 45.7953494 ], [ 15.4409851, 45.7952936 ], [ 15.4416094, 45.7956023 ], [ 15.442039, 45.7956123 ], [ 15.4432369, 45.7953438 ], [ 15.4436535, 45.7952955 ], [ 15.4438999, 45.7954341 ], [ 15.4444165, 45.7956234 ], [ 15.4446856, 45.795801 ], [ 15.4450373, 45.7958316 ], [ 15.4457048, 45.7956102 ], [ 15.4464431, 45.7954886 ], [ 15.4469253, 45.7952269 ], [ 15.4476949, 45.7950565 ], [ 15.4478991, 45.7950878 ], [ 15.4486334, 45.7952774 ], [ 15.449169, 45.7951945 ], [ 15.4496234, 45.7947705 ], [ 15.4505224, 45.7948758 ], [ 15.4514049, 45.7948736 ], [ 15.4524939, 45.7953237 ], [ 15.453188, 45.7953143 ], [ 15.4534873, 45.7953649 ], [ 15.4541566, 45.7951845 ], [ 15.454407, 45.7951344 ], [ 15.4544348, 45.7950947 ], [ 15.4547703, 45.7950681 ], [ 15.4554362, 45.7948833 ], [ 15.4555987, 45.7948228 ], [ 15.4557827, 45.7947515 ], [ 15.4559171, 45.7947021 ], [ 15.4565629, 45.7945663 ], [ 15.45663, 45.7945867 ], [ 15.4574334, 45.7948532 ], [ 15.4578857, 45.7949984 ], [ 15.459629, 45.7946943 ], [ 15.4611428, 45.7941501 ], [ 15.4612295, 45.7941068 ], [ 15.4615525, 45.7939467 ], [ 15.4617325, 45.7938631 ], [ 15.4620446, 45.7937123 ], [ 15.4622022, 45.7936654 ], [ 15.4626343, 45.7935393 ], [ 15.4628873, 45.7935804 ], [ 15.4635131, 45.7936861 ], [ 15.4638596, 45.7938532 ], [ 15.4647426, 45.7940606 ], [ 15.4649508, 45.7941685 ], [ 15.4653959, 45.7943978 ], [ 15.4654315, 45.7944194 ], [ 15.4654691, 45.794438 ], [ 15.4661058, 45.794662 ], [ 15.4664094, 45.7947737 ], [ 15.4668179, 45.7948711 ], [ 15.4670673, 45.7949336 ], [ 15.4677808, 45.7951105 ], [ 15.4680569, 45.7951141 ], [ 15.4686433, 45.7951279 ], [ 15.46939392998264, 45.79515083207216 ], [ 15.483937716240852, 45.775203020075487 ], [ 15.484819379989959, 45.770533615038126 ], [ 15.443864362473203, 45.757781132855513 ], [ 15.42091963520301, 45.777980734587558 ], [ 15.416635095521864, 45.794659552927889 ], [ 15.4171006, 45.7946274 ] ] ] } },
{ "type": "Feature", "properties": { "BM": 3660, "data": { "Oznaka Gr/Op/Dr": "grad", "Grad/općina/država": "SAMOBOR", "Rbr BM": 66, "Naziv BM": "STOJDRAGA", "Lokacija BM": "PROSTORIJE DRUŠTVENOG DOMA", "Adresa BM": "NOVO SELO ŽUMBERAČKO 26", "Glasovalo birača": 11, "Glasovalo birača (po listićima)": 11, "Važeći listići": 11, "Nevažeći listići": 0 }, "latitude": 45.8113586, "longitude": 15.5049915, "population": 17 }, "geometry": { "type": "Polygon", "coordinates": [ [ [ 15.4714932, 45.8173525 ], [ 15.4717905, 45.8175361 ], [ 15.4720497, 45.8176559 ], [ 15.4724225, 45.817699 ], [ 15.4724352, 45.8177066 ], [ 15.4727195, 45.8177708 ], [ 15.4731355, 45.8178882 ], [ 15.4732668, 45.8178965 ], [ 15.4736519, 45.8179966 ], [ 15.4739007, 45.8179508 ], [ 15.4740809, 45.8179098 ], [ 15.4742988, 45.8179108 ], [ 15.4744433, 45.81793 ], [ 15.474632, 45.8179345 ], [ 15.4749648, 45.817934 ], [ 15.4751537, 45.8179353 ], [ 15.4753372, 45.8179299 ], [ 15.4753773, 45.817929 ], [ 15.4755194, 45.8182122 ], [ 15.4755281, 45.8184865 ], [ 15.4754531, 45.8188193 ], [ 15.4755493, 45.819009 ], [ 15.4757309, 45.8190404 ], [ 15.4758508, 45.8190154 ], [ 15.4761156, 45.8189418 ], [ 15.4763956, 45.8188694 ], [ 15.4765469, 45.8188006 ], [ 15.4768393, 45.8188313 ], [ 15.4769602, 45.8188901 ], [ 15.4770608, 45.8189387 ], [ 15.4772786, 45.8190627 ], [ 15.4773308, 45.8190907 ], [ 15.4775252, 45.8191309 ], [ 15.4777439, 45.8191874 ], [ 15.4779015, 45.8192514 ], [ 15.478144, 45.8193477 ], [ 15.4783855, 45.8194413 ], [ 15.4785219, 45.8195409 ], [ 15.4785259, 45.8195439 ], [ 15.4787278, 45.8197707 ], [ 15.4788212, 45.8199592 ], [ 15.4787592, 45.8200837 ], [ 15.4787531, 45.8202896 ], [ 15.478656, 45.8205489 ], [ 15.4786471, 45.8205606 ], [ 15.4785518, 45.8206437 ], [ 15.4785247, 45.8207399 ], [ 15.4783378, 45.8209122 ], [ 15.4782714, 45.8210805 ], [ 15.4782515, 45.8211109 ], [ 15.4781855, 45.8212321 ], [ 15.4781671, 45.8214025 ], [ 15.4782181, 45.8214526 ], [ 15.4781523, 45.8215871 ], [ 15.4781401, 45.8216004 ], [ 15.4780074, 45.8217002 ], [ 15.4779179, 45.8219501 ], [ 15.4778693, 45.8220296 ], [ 15.4777531, 45.8221578 ], [ 15.4776469, 45.8222734 ], [ 15.4776238, 45.8223669 ], [ 15.4776037, 45.8224576 ], [ 15.477546, 45.8226035 ], [ 15.4775268, 45.8227809 ], [ 15.4775205, 45.822977 ], [ 15.4774397, 45.8230978 ], [ 15.4775127, 45.8232342 ], [ 15.4776104, 45.8233414 ], [ 15.4777236, 45.8235016 ], [ 15.4776021, 45.8236806 ], [ 15.4775083, 45.8240044 ], [ 15.4776023, 45.824153 ], [ 15.477624, 45.8241904 ], [ 15.4776343, 45.8242063 ], [ 15.4776932, 45.8243946 ], [ 15.4776319, 45.8244761 ], [ 15.4777167, 45.8245071 ], [ 15.4777464, 45.8246197 ], [ 15.4777745, 45.8247231 ], [ 15.4777997, 45.824832 ], [ 15.4778958, 45.8249019 ], [ 15.4778863, 45.8249582 ], [ 15.4778726, 45.8250705 ], [ 15.4777864, 45.8250856 ], [ 15.4778106, 45.8251363 ], [ 15.4777848, 45.8252136 ], [ 15.4777511, 45.825305 ], [ 15.4778316, 45.8253915 ], [ 15.4777288, 45.8255459 ], [ 15.4777868, 45.8256393 ], [ 15.4777922, 45.8257305 ], [ 15.4778537, 45.8257941 ], [ 15.4779087, 45.8259702 ], [ 15.477807, 45.8260353 ], [ 15.4778485, 45.8261847 ], [ 15.4779736, 45.8262824 ], [ 15.478006, 45.8264825 ], [ 15.4780967, 45.8265661 ], [ 15.4782434, 45.8266657 ], [ 15.4783388, 45.8268516 ], [ 15.4783647, 45.8268993 ], [ 15.4785242, 45.8270804 ], [ 15.478637, 45.8272117 ], [ 15.4787318, 45.8273144 ], [ 15.4789019, 45.8274927 ], [ 15.4791764, 45.8274934 ], [ 15.4793537, 45.8275053 ], [ 15.4793903, 45.8275045 ], [ 15.4794098, 45.8275196 ], [ 15.4795404, 45.8276134 ], [ 15.4796571, 45.8276988 ], [ 15.4801311, 45.8278433 ], [ 15.4802447, 45.8278816 ], [ 15.4804674, 45.8279863 ], [ 15.4805575, 45.8279769 ], [ 15.4807131, 45.8279806 ], [ 15.4807995, 45.8279923 ], [ 15.4810692, 45.8280327 ], [ 15.4813354, 45.8280511 ], [ 15.4813683, 45.8280615 ], [ 15.4815353, 45.8281062 ], [ 15.4817287, 45.8281605 ], [ 15.4819084, 45.8282114 ], [ 15.4820909, 45.8282646 ], [ 15.4821879, 45.8282729 ], [ 15.48229, 45.8282848 ], [ 15.4823653, 45.8283017 ], [ 15.482409, 45.8283085 ], [ 15.4825121, 45.8283329 ], [ 15.4825972, 45.8283522 ], [ 15.4827159, 45.8284052 ], [ 15.4828284, 45.8284565 ], [ 15.4829542, 45.8285126 ], [ 15.4830846, 45.828573 ], [ 15.4831589, 45.8286087 ], [ 15.483208, 45.8286231 ], [ 15.4833486, 45.8286629 ], [ 15.4834873, 45.8287055 ], [ 15.4836276, 45.828748 ], [ 15.4837084, 45.8287726 ], [ 15.4839119, 45.8288441 ], [ 15.4840423, 45.8288906 ], [ 15.4841837, 45.8289427 ], [ 15.4843101, 45.8290066 ], [ 15.4844362, 45.8290721 ], [ 15.484562, 45.8291374 ], [ 15.4846776, 45.8291982 ], [ 15.4849341, 45.8291809 ], [ 15.4850892, 45.8291699 ], [ 15.4852384, 45.8292007 ], [ 15.4854823, 45.8292548 ], [ 15.4855453, 45.8292545 ], [ 15.4858476, 45.8292464 ], [ 15.4859768, 45.8292232 ], [ 15.4861916, 45.8291863 ], [ 15.4862699, 45.8292106 ], [ 15.4864696, 45.8292773 ], [ 15.486651, 45.8293413 ], [ 15.4867409, 45.8293722 ], [ 15.4868788, 45.8294191 ], [ 15.4869937, 45.8295104 ], [ 15.4871021, 45.829597 ], [ 15.4871719, 45.8296524 ], [ 15.4872146, 45.8296919 ], [ 15.4872258, 45.8296954 ], [ 15.4873907, 45.8297513 ], [ 15.4876295, 45.8298282 ], [ 15.4878649, 45.8299066 ], [ 15.4880871, 45.8299519 ], [ 15.4882328, 45.8299814 ], [ 15.4885454, 45.8300194 ], [ 15.4886537, 45.8300664 ], [ 15.4888546, 45.8301515 ], [ 15.488939, 45.830209 ], [ 15.4890707, 45.8303017 ], [ 15.4892049, 45.8303961 ], [ 15.4893328, 45.8304984 ], [ 15.4893966, 45.8305475 ], [ 15.4894302, 45.8305758 ], [ 15.4895952, 45.8306523 ], [ 15.4897276, 45.8307149 ], [ 15.4898504, 45.8307725 ], [ 15.4899088, 45.8308123 ], [ 15.4900335, 45.8309026 ], [ 15.4903073, 45.8309629 ], [ 15.4906103, 45.8310322 ], [ 15.4909834, 45.8311126 ], [ 15.4910067, 45.8311288 ], [ 15.4911522, 45.8312299 ], [ 15.4912782, 45.8313153 ], [ 15.4913879, 45.8314149 ], [ 15.4914407, 45.8314666 ], [ 15.4915385, 45.8315575 ], [ 15.4915834, 45.831604 ], [ 15.491771, 45.8317949 ], [ 15.4918766, 45.8318454 ], [ 15.492066, 45.8319291 ], [ 15.4922201, 45.8319636 ], [ 15.492712, 45.8320154 ], [ 15.4927362, 45.8320249 ], [ 15.4927442, 45.8320146 ], [ 15.4928761, 45.8318914 ], [ 15.493087, 45.831785 ], [ 15.4932956, 45.831705 ], [ 15.4934882, 45.8316311 ], [ 15.4936968, 45.8315627 ], [ 15.4938817, 45.8315192 ], [ 15.4940609, 45.8314759 ], [ 15.4941632, 45.8313855 ], [ 15.4943752, 45.8311683 ], [ 15.4944664, 45.8309199 ], [ 15.4944997, 45.83079 ], [ 15.4945788, 45.8306044 ], [ 15.4946675, 45.8303806 ], [ 15.4947528, 45.8302408 ], [ 15.4948537, 45.8300779 ], [ 15.4954084, 45.8296426 ], [ 15.495495, 45.8295924 ], [ 15.4955789, 45.8295632 ], [ 15.4956252, 45.8295552 ], [ 15.4958765, 45.8294235 ], [ 15.4959521, 45.8293638 ], [ 15.4961391, 45.8292919 ], [ 15.4962478, 45.82927 ], [ 15.4965557, 45.8292542 ], [ 15.4966074, 45.8292519 ], [ 15.4968442, 45.8292271 ], [ 15.4969367, 45.829215 ], [ 15.4972946, 45.8290844 ], [ 15.4976035, 45.8291391 ], [ 15.4980095, 45.8291206 ], [ 15.4983668, 45.8291292 ], [ 15.4986597, 45.8290278 ], [ 15.4988174, 45.828996 ], [ 15.4988527, 45.8288127 ], [ 15.4989925, 45.8287011 ], [ 15.4991315, 45.8286866 ], [ 15.4993436, 45.8286564 ], [ 15.5004097, 45.8283067 ], [ 15.5009412, 45.8283062 ], [ 15.5010136, 45.8283122 ], [ 15.5015447, 45.8284339 ], [ 15.501558, 45.828409 ], [ 15.5019999, 45.8285827 ], [ 15.5022299, 45.8286323 ], [ 15.5024375, 45.8286631 ], [ 15.5029128, 45.8285468 ], [ 15.5029213, 45.8283961 ], [ 15.5029533, 45.8281881 ], [ 15.5028852, 45.8280113 ], [ 15.5029068, 45.82783 ], [ 15.5030378, 45.8274992 ], [ 15.5030169, 45.8272096 ], [ 15.5029639, 45.8269717 ], [ 15.502936, 45.8267546 ], [ 15.5029468, 45.8265677 ], [ 15.5027996, 45.8264164 ], [ 15.5022963, 45.8261497 ], [ 15.5021914, 45.8260705 ], [ 15.5021606, 45.8260211 ], [ 15.5021624, 45.825964 ], [ 15.5021601, 45.8258095 ], [ 15.5022327, 45.8255859 ], [ 15.5022322, 45.8255516 ], [ 15.502242, 45.825317 ], [ 15.5021407, 45.8249556 ], [ 15.5021433, 45.8247783 ], [ 15.5020437, 45.8241767 ], [ 15.5021835, 45.8240498 ], [ 15.5022106, 45.8240362 ], [ 15.5021787, 45.8239221 ], [ 15.5021036, 45.8238235 ], [ 15.5020328, 45.8236716 ], [ 15.5018638, 45.8234995 ], [ 15.5016661, 45.8232476 ], [ 15.5014141, 45.8230113 ], [ 15.5012034, 45.8227937 ], [ 15.5011301, 45.8226379 ], [ 15.5010571, 45.822507 ], [ 15.5009921, 45.8222061 ], [ 15.5010245, 45.8221867 ], [ 15.5011405, 45.8221038 ], [ 15.5012509, 45.8220171 ], [ 15.5021785, 45.8218838 ], [ 15.5028048, 45.8218331 ], [ 15.5029105, 45.821796 ], [ 15.5030067, 45.8218315 ], [ 15.5032775, 45.8218903 ], [ 15.5033815, 45.8219086 ], [ 15.503693, 45.8219577 ], [ 15.5037532, 45.821959 ], [ 15.5040614, 45.8219662 ], [ 15.5042874, 45.8219548 ], [ 15.5043746, 45.8219465 ], [ 15.5044211, 45.8219519 ], [ 15.5044894, 45.8219589 ], [ 15.5045798, 45.821981 ], [ 15.5046696, 45.8219823 ], [ 15.504719, 45.8219876 ], [ 15.5048117, 45.8219964 ], [ 15.5049397, 45.8219763 ], [ 15.505108, 45.8219464 ], [ 15.5054701, 45.8219072 ], [ 15.505563, 45.8219179 ], [ 15.505993, 45.822027 ], [ 15.5062794, 45.8220285 ], [ 15.5065115, 45.8220533 ], [ 15.5066068, 45.8220488 ], [ 15.5067483, 45.8220344 ], [ 15.5069119, 45.8220216 ], [ 15.5071348, 45.8219874 ], [ 15.5074371, 45.822128 ], [ 15.5076231, 45.8219911 ], [ 15.5079345, 45.8218723 ], [ 15.508136, 45.8218459 ], [ 15.5085227, 45.821818 ], [ 15.508841, 45.8217619 ], [ 15.5090264, 45.8216022 ], [ 15.509134, 45.8215099 ], [ 15.5093912, 45.8213991 ], [ 15.5096425, 45.8214276 ], [ 15.5098363, 45.8212754 ], [ 15.5099034, 45.8212118 ], [ 15.5099942, 45.8210929 ], [ 15.5102641, 45.8209267 ], [ 15.5104895, 45.8208735 ], [ 15.5106522, 45.8208225 ], [ 15.5108185, 45.8209833 ], [ 15.5109803, 45.8210411 ], [ 15.5110296, 45.821056 ], [ 15.511142, 45.8210836 ], [ 15.511271, 45.8211379 ], [ 15.5115271, 45.8212885 ], [ 15.5116525, 45.8214514 ], [ 15.5118072, 45.8215723 ], [ 15.5119339, 45.8216552 ], [ 15.5120995, 45.8217721 ], [ 15.5122453, 45.8218414 ], [ 15.5124893, 45.8219216 ], [ 15.5125426, 45.8220146 ], [ 15.5125298, 45.8222321 ], [ 15.5126945, 45.8224673 ], [ 15.5128646, 45.8226947 ], [ 15.5129946, 45.8228062 ], [ 15.5131546, 45.8229193 ], [ 15.5131821, 45.822937 ], [ 15.5134281, 45.8229694 ], [ 15.5136164, 45.8229793 ], [ 15.5139936, 45.8230352 ], [ 15.5140701, 45.8230479 ], [ 15.5142963, 45.8230385 ], [ 15.5144974, 45.8229931 ], [ 15.5146471, 45.8229842 ], [ 15.514677, 45.8229648 ], [ 15.5148095, 45.8228971 ], [ 15.5150015, 45.8228072 ], [ 15.5152053, 45.8227578 ], [ 15.5154738, 45.8226794 ], [ 15.515658053438401, 45.822584743285674 ], [ 15.52587853760633, 45.790756683427688 ], [ 15.507712168732654, 45.79401477372906 ], [ 15.471244032802364, 45.817304822669072 ], [ 15.4714932, 45.8173525 ] ] ] } },
{ "type": "Feature", "properties": { "BM": 3964, "data": { "Oznaka Gr/Op/Dr": "općina", "Grad/općina/država": "ŽUMBERAK", "Rbr BM": 2, "Naziv BM": "BIRAČKO MJESTO BR.2 - KUPČINA ŽUMBERAČKA", "Lokacija BM": "VATROGASNI DOM", "Adresa BM": "KUPČINA ŽUMBERAČKA 30", "Glasovalo birača": 23, "Glasovalo birača (po listićima)": 23, "Važeći listići": 22, "Nevažeći listići": 1 }, "latitude": 45.7314124, "longitude": 15.4319758, "population": 60 }, "geometry": { "type": "Polygon", "coordinates": [ [ [ 15.42091963520301, 45.777980734587558 ], [ 15.443864362473203, 45.757781132855513 ], [ 15.448467823560785, 45.751054465738996 ], [ 15.450272505676521, 45.721073385003841 ], [ 15.417733864933451, 45.72071645709984 ], [ 15.408072397930701, 45.744298223608261 ], [ 15.42091963520301, 45.777980734587558 ] ] ] } },
{ "type": "Feature", "properties": { "BM": 3970, "data": { "Oznaka Gr/Op/Dr": "općina", "Grad/općina/država": "ŽUMBERAK", "Rbr BM": 8, "Naziv BM": "BIRAČKO MJESTO BR.8 - VISOČE", "Lokacija BM": "KUĆA STIPANOVIĆ ILIJE", "Adresa BM": "VISOČE 14", "Glasovalo birača": 13, "Glasovalo birača (po listićima)": 13, "Važeći listići": 13, "Nevažeći listići": 0 }, "latitude": 45.7183452, "longitude": 15.4000813, "population": 22 }, "geometry": { "type": "Polygon", "coordinates": [ [ [ 15.382342673179938, 45.71191155499659 ], [ 15.373801300920121, 45.724727184545408 ], [ 15.408072397930701, 45.744298223608261 ], [ 15.417733864933451, 45.72071645709984 ], [ 15.412021779805823, 45.697806144206112 ], [ 15.399950033099328, 45.701025517564389 ], [ 15.382342673179938, 45.71191155499659 ] ] ] } },
{ "type": "Feature", "properties": { "BM": 3968, "data": { "Oznaka Gr/Op/Dr": "općina", "Grad/općina/država": "ŽUMBERAK", "Rbr BM": 6, "Naziv BM": "BIRAČKO MJESTO BR.6 - OŠTRC", "Lokacija BM": "DVD OŠTRC", "Adresa BM": "TUPČINA", "Glasovalo birača": 62, "Glasovalo birača (po listićima)": 62, "Važeći listići": 56, "Nevažeći listići": 6 }, "latitude": 45.7103355, "longitude": 15.432207, "population": 135 }, "geometry": { "type": "Polygon", "coordinates": [ [ [ 15.412021779805823, 45.697806144206112 ], [ 15.417733864933451, 45.72071645709984 ], [ 15.450272505676521, 45.721073385003841 ], [ 15.455016113590796, 45.713918219829047 ], [ 15.451822860304588, 45.702547222256378 ], [ 15.438724304494423, 45.686956426686109 ], [ 15.426558422603941, 45.681772840968016 ], [ 15.41497236709672, 45.692875282864016 ], [ 15.412021779805823, 45.697806144206112 ] ] ] } },
{ "type": "Feature", "properties": { "BM": 3965, "data": { "Oznaka Gr/Op/Dr": "općina", "Grad/općina/država": "ŽUMBERAK", "Rbr BM": 3, "Naziv BM": "BIRAČKO MJESTO BR.3 - ŽELJEZNO ŽUMBERAČKO", "Lokacija BM": "STARA ŠKOLA", "Adresa BM": "ŽELJEZNO ŽUMBERAČKO", "Glasovalo birača": 37, "Glasovalo birača (po listićima)": 37, "Važeći listići": 34, "Nevažeći listići": 3 }, "latitude": 45.7335325, "longitude": 15.4671969, "population": 64 }, "geometry": { "type": "Polygon", "coordinates": [ [ [ 15.448467823560785, 45.751054465738996 ], [ 15.508646387992636, 45.738096857138792 ], [ 15.511852321803683, 45.735829884610787 ], [ 15.506250533434132, 45.7219689086361 ], [ 15.455016113590796, 45.713918219829047 ], [ 15.450272505676521, 45.721073385003841 ], [ 15.448467823560785, 45.751054465738996 ] ] ] } },
{ "type": "Feature", "properties": { "BM": 3959, "data": { "Oznaka Gr/Op/Dr": "općina", "Grad/općina/država": "KRAŠIĆ", "Rbr BM": 12, "Naziv BM": "BIRAČKO MJESTO BR.12 - KONJARIĆ VRH", "Lokacija BM": "PROSTORIJE VATROGANOG DOMA", "Adresa BM": "KONJARIĆ VRH", "Glasovalo birača": 9, "Glasovalo birača (po listićima)": 9, "Važeći listići": 9, "Nevažeći listići": 0 }, "latitude": 45.6845682, "longitude": 15.462877, "population": 26 }, "geometry": { "type": "Polygon", "coordinates": [ [ [ 15.451822860304588, 45.702547222256378 ], [ 15.474115764618352, 45.687472977090827 ], [ 15.471699695116039, 45.678507892792823 ], [ 15.463359715064414, 45.671241252421922 ], [ 15.438724304494423, 45.686956426686109 ], [ 15.451822860304588, 45.702547222256378 ] ] ] } },
{ "type": "Feature", "properties": { "BM": 3963, "data": { "Oznaka Gr/Op/Dr": "općina", "Grad/općina/država": "ŽUMBERAK", "Rbr BM": 1, "Naziv BM": "BIRAČKO MJESTO BR.1 - KOSTANJEVAC", "Lokacija BM": "OPĆINSKA VIJEĆNICA OPĆINE ŽUMBERAK", "Adresa BM": "KOSTANJEVAC 5", "Glasovalo birača": 61, "Glasovalo birača (po listićima)": 61, "Važeći listići": 57, "Nevažeći listići": 4 }, "latitude": 45.698985, "longitude": 15.4726255, "population": 154 }, "geometry": { "type": "Polygon", "coordinates": [ [ [ 15.455016113590796, 45.713918219829047 ], [ 15.506250533434132, 45.7219689086361 ], [ 15.50723044415251, 45.70556330736779 ], [ 15.506117778273209, 45.703330737940576 ], [ 15.474115764618352, 45.687472977090827 ], [ 15.451822860304588, 45.702547222256378 ], [ 15.455016113590796, 45.713918219829047 ] ] ] } },
{ "type": "Feature", "properties": { "BM": 3966, "data": { "Oznaka Gr/Op/Dr": "općina", "Grad/općina/država": "ŽUMBERAK", "Rbr BM": 4, "Naziv BM": "BIRAČKO MJESTO BR.4 - KALJE", "Lokacija BM": "STARA ŠKOLA KALJE", "Adresa BM": "KALJE BB", "Glasovalo birača": 29, "Glasovalo birača (po listićima)": 29, "Važeći listići": 24, "Nevažeći listići": 5 }, "latitude": 45.7593156, "longitude": 15.4727485, "population": 77 }, "geometry": { "type": "Polygon", "coordinates": [ [ [ 15.443864362473203, 45.757781132855513 ], [ 15.484819379989959, 45.770533615038126 ], [ 15.508646387992636, 45.738096857138792 ], [ 15.448467823560785, 45.751054465738996 ], [ 15.443864362473203, 45.757781132855513 ] ] ] } },
{ "type": "Feature", "properties": { "BM": 3967, "data": { "Oznaka Gr/Op/Dr": "općina", "Grad/općina/država": "ŽUMBERAK", "Rbr BM": 5, "Naziv BM": "BIR. MJESTO BR.5 - MRZLO POLJE ŽUMBERAČKO", "Lokacija BM": "STARA ŠKOLA", "Adresa BM": "MRZLO POLJE ŽUMBERAČKO", "Glasovalo birača": 30, "Glasovalo birača (po listićima)": 30, "Važeći listići": 26, "Nevažeći listići": 4 }, "latitude": 45.7786974, "longitude": 15.4991338, "population": 46 }, "geometry": { "type": "Polygon", "coordinates": [ [ [ 15.483937716240852, 45.775203020075487 ], [ 15.507712168732654, 45.79401477372906 ], [ 15.52587853760633, 45.790756683427688 ], [ 15.535078802155748, 45.783630801201319 ], [ 15.538578890623336, 45.762868488561033 ], [ 15.537772345580105, 45.750665079141029 ], [ 15.511852321803683, 45.735829884610787 ], [ 15.508646387992636, 45.738096857138792 ], [ 15.484819379989959, 45.770533615038126 ], [ 15.483937716240852, 45.775203020075487 ] ] ] } },
{ "type": "Feature", "properties": { "BM": 3958, "data": { "Oznaka Gr/Op/Dr": "općina", "Grad/općina/država": "KRAŠIĆ", "Rbr BM": 11, "Naziv BM": "BIRAČKO MJESTO BR.11 - JEZERINE", "Lokacija BM": "KUĆA LJUBOMIRA JEZERINCA", "Adresa BM": "JEZERINE 1", "Glasovalo birača": 32, "Glasovalo birača (po listićima)": 32, "Važeći listići": 30, "Nevažeći listići": 2 }, "latitude": 45.6689386, "longitude": 15.4764951, "population": 48 }, "geometry": { "type": "Polygon", "coordinates": [ [ [ 15.463359715064414, 45.671241252421922 ], [ 15.471699695116039, 45.678507892792823 ], [ 15.488551076070916, 45.668961456767903 ], [ 15.470863145775452, 45.65149242230941 ], [ 15.465739589992564, 45.650213344523856 ], [ 15.463359715064414, 45.671241252421922 ] ] ] } },
{ "type": "Feature", "properties": { "BM": 3956, "data": { "Oznaka Gr/Op/Dr": "općina", "Grad/općina/država": "KRAŠIĆ", "Rbr BM": 9, "Naziv BM": "BIRAČKO MJESTO BR.9 - PRIBIĆ CRKVENI", "Lokacija BM": "PROSTORIJE MJESNOG ODBORA PRIBIĆ", "Adresa BM": "PRIBIĆ CRKVENI 28 C", "Glasovalo birača": 160, "Glasovalo birača (po listićima)": 160, "Važeći listići": 154, "Nevažeći listići": 6 }, "latitude": 45.6739727, "longitude": 15.5228128, "population": 319 }, "geometry": { "type": "Polygon", "coordinates": [ [ [ 15.506117778273209, 45.703330737940576 ], [ 15.50723044415251, 45.70556330736779 ], [ 15.534301144438967, 45.687416531533593 ], [ 15.534979095139555, 45.684035505945452 ], [ 15.522182532755133, 45.663492548945221 ], [ 15.503697113051802, 45.669270044738667 ], [ 15.502056259344123, 45.672580856010661 ], [ 15.506117778273209, 45.703330737940576 ] ] ] } },
{ "type": "Feature", "properties": { "BM": 3957, "data": { "Oznaka Gr/Op/Dr": "općina", "Grad/općina/država": "KRAŠIĆ", "Rbr BM": 10, "Naziv BM": "BIRAČKO MJESTO BR.10 - DONJE PREKRIŽJE", "Lokacija BM": "PROSTORIJE DRUŠTVENOG DOMA, DONJE PREKRIŽJE", "Adresa BM": "DONJE PREKRIŽJE 2", "Glasovalo birača": 73, "Glasovalo birača (po listićima)": 73, "Važeći listići": 67, "Nevažeći listići": 6 }, "latitude": 45.6793141, "longitude": 15.4823729, "population": 106 }, "geometry": { "type": "Polygon", "coordinates": [ [ [ 15.502056259344123, 45.672580856010661 ], [ 15.488551076070916, 45.668961456767903 ], [ 15.471699695116039, 45.678507892792823 ], [ 15.474115764618352, 45.687472977090827 ], [ 15.506117778273209, 45.703330737940576 ], [ 15.502056259344123, 45.672580856010661 ] ] ] } },
{ "type": "Feature", "properties": { "BM": 3566, "data": { "Oznaka Gr/Op/Dr": "grad", "Grad/općina/država": "JASTREBARSKO", "Rbr BM": 23, "Naziv BM": "SLAVETIĆ", "Lokacija BM": "PROSTORIJE MNK \"SLAVETIĆ\"", "Adresa BM": "SLAVETIĆ", "Glasovalo birača": 43, "Glasovalo birača (po listićima)": 43, "Važeći listići": 43, "Nevažeći listići": 0 }, "latitude": 45.703151, "longitude": 15.5423724, "population": 55 }, "geometry": { "type": "Polygon", "coordinates": [ [ [ 15.506250533434132, 45.7219689086361 ], [ 15.511852321803683, 45.735829884610787 ], [ 15.537772345580105, 45.750665079141029 ], [ 15.547849426373931, 45.745298899505805 ], [ 15.547081005373212, 45.691573372664294 ], [ 15.534301144438967, 45.687416531533593 ], [ 15.50723044415251, 45.70556330736779 ], [ 15.506250533434132, 45.7219689086361 ] ] ] } },
{ "type": "Feature", "properties": { "BM": 3953, "data": { "Oznaka Gr/Op/Dr": "općina", "Grad/općina/država": "KRAŠIĆ", "Rbr BM": 6, "Naziv BM": "BIRAČKO MJESTO BR.6 - HRŽENIK", "Lokacija BM": "KUĆA PETKOVIĆ IVANA", "Adresa BM": "HRŽENIK 33", "Glasovalo birača": 62, "Glasovalo birača (po listićima)": 62, "Važeći listići": 61, "Nevažeći listići": 1 }, "latitude": 45.6569067, "longitude": 15.4883781, "population": 111 }, "geometry": { "type": "Polygon", "coordinates": [ [ [ 15.470863145775452, 45.65149242230941 ], [ 15.488551076070916, 45.668961456767903 ], [ 15.502056259344123, 45.672580856010661 ], [ 15.503697113051802, 45.669270044738667 ], [ 15.501787898475845, 45.64660001630142 ], [ 15.501638721564349, 45.645773709078448 ], [ 15.499338445905876, 45.644683172744472 ], [ 15.470863145775452, 45.65149242230941 ] ] ] } },
{ "type": "Feature", "properties": { "BM": 3601, "data": { "Oznaka Gr/Op/Dr": "grad", "Grad/općina/država": "SAMOBOR", "Rbr BM": 7, "Naziv BM": "BUDINJAK", "Lokacija BM": "PROSTORIJE EKO-CENTRA BUDINJAK", "Adresa BM": "BUDINJAK", "Glasovalo birača": 26, "Glasovalo birača (po listićima)": 26, "Važeći listići": 25, "Nevažeći listići": 1 }, "latitude": 45.7891884, "longitude": 15.4908327, "population": 53 }, "geometry": { "type": "Polygon", "coordinates": [ [ [ 15.469393929982642, 45.79515083207216 ], [ 15.4694027, 45.7951511 ], [ 15.4699664, 45.7953452 ], [ 15.4702116, 45.7954505 ], [ 15.4707351, 45.7956734 ], [ 15.471188, 45.795847 ], [ 15.4712826, 45.7958877 ], [ 15.4716488, 45.7961145 ], [ 15.4721465, 45.7964271 ], [ 15.4723659, 45.7965629 ], [ 15.4728295, 45.7967125 ], [ 15.4734537, 45.7969163 ], [ 15.4745474, 45.7973567 ], [ 15.4747742, 45.7974486 ], [ 15.4747948, 45.7974558 ], [ 15.4748223, 45.7974736 ], [ 15.47486, 45.7974951 ], [ 15.4752068, 45.7977076 ], [ 15.4754227, 45.7978084 ], [ 15.4758702, 45.7980219 ], [ 15.4759214, 45.7980518 ], [ 15.4758527, 45.7982391 ], [ 15.4753083, 45.7985167 ], [ 15.475163, 45.7986269 ], [ 15.4749432, 45.7987836 ], [ 15.4747182, 45.7990301 ], [ 15.4746449, 45.7992451 ], [ 15.4746398, 45.7992632 ], [ 15.4746181, 45.7993007 ], [ 15.4743272, 45.7996891 ], [ 15.4742406, 45.7998024 ], [ 15.4740757, 45.8001068 ], [ 15.4740272, 45.8001883 ], [ 15.4739218, 45.8002864 ], [ 15.4738201, 45.8003791 ], [ 15.4737525, 45.800436 ], [ 15.4734469, 45.8005837 ], [ 15.4734026, 45.800609 ], [ 15.4733231, 45.8006466 ], [ 15.4732103, 45.8007692 ], [ 15.4730775, 45.800864 ], [ 15.4727683, 45.8011294 ], [ 15.4726818, 45.8012085 ], [ 15.4726042, 45.8013621 ], [ 15.4725179, 45.8015445 ], [ 15.472273, 45.8017872 ], [ 15.4721216, 45.8019425 ], [ 15.4720575, 45.8021344 ], [ 15.4720049, 45.8022821 ], [ 15.471986, 45.802337 ], [ 15.4719072, 45.8024704 ], [ 15.4717612, 45.8027118 ], [ 15.4716888, 45.8028385 ], [ 15.4716115, 45.8029591 ], [ 15.4715403, 45.8030618 ], [ 15.4714179, 45.8032522 ], [ 15.4713184, 45.8033989 ], [ 15.4712156, 45.8035485 ], [ 15.4711134, 45.8037007 ], [ 15.471033, 45.8038218 ], [ 15.4710247, 45.8038293 ], [ 15.4709967, 45.8039589 ], [ 15.4709323, 45.8042217 ], [ 15.4709204, 45.8042588 ], [ 15.4708945, 45.8043192 ], [ 15.470767, 45.8046343 ], [ 15.4706953, 45.8047994 ], [ 15.470709, 45.8048694 ], [ 15.4707406, 45.8050739 ], [ 15.4707407, 45.8051045 ], [ 15.470732, 45.8051366 ], [ 15.4707026, 45.8052995 ], [ 15.4706627, 45.8054736 ], [ 15.4706431, 45.8055582 ], [ 15.4706242, 45.8055906 ], [ 15.4705812, 45.8056661 ], [ 15.4704804, 45.8058224 ], [ 15.4703379, 45.8060476 ], [ 15.4703194, 45.806083 ], [ 15.4702246, 45.8062749 ], [ 15.470087, 45.8065348 ], [ 15.4700748, 45.8065539 ], [ 15.470067, 45.8066576 ], [ 15.4700464, 45.8068375 ], [ 15.4700375, 45.8069274 ], [ 15.4700235, 45.8070603 ], [ 15.4700124, 45.8071944 ], [ 15.4700051, 45.8072795 ], [ 15.4699977, 45.8073663 ], [ 15.46999, 45.8074575 ], [ 15.4700337, 45.8075696 ], [ 15.4700537, 45.8076318 ], [ 15.4700992, 45.807753 ], [ 15.470142, 45.8078628 ], [ 15.4700289, 45.8079586 ], [ 15.4699673, 45.8080604 ], [ 15.4699175, 45.8081402 ], [ 15.4699285, 45.8082511 ], [ 15.469941, 45.808276 ], [ 15.4700404, 45.808453 ], [ 15.4700671, 45.8085008 ], [ 15.4700823, 45.8085395 ], [ 15.4701628, 45.8086848 ], [ 15.4701778, 45.8087771 ], [ 15.4702821, 45.8088891 ], [ 15.4704516, 45.8090744 ], [ 15.4704794, 45.8091429 ], [ 15.4705017, 45.8091939 ], [ 15.4705111, 45.8092168 ], [ 15.4706116, 45.8094621 ], [ 15.4706367, 45.8095229 ], [ 15.4707284, 45.8097415 ], [ 15.4707264, 45.8098282 ], [ 15.4707362, 45.8102397 ], [ 15.4707405, 45.8103666 ], [ 15.470745, 45.8104097 ], [ 15.4707904, 45.8107612 ], [ 15.4708037, 45.8108778 ], [ 15.4707872, 45.8110099 ], [ 15.4707618, 45.8111851 ], [ 15.4707556, 45.8112525 ], [ 15.4707038, 45.8113273 ], [ 15.4705904, 45.8114855 ], [ 15.4705796, 45.8116211 ], [ 15.4705819, 45.8116636 ], [ 15.4705331, 45.8117374 ], [ 15.4704179, 45.8118164 ], [ 15.4702476, 45.8118972 ], [ 15.4701047, 45.8122666 ], [ 15.4700849, 45.8123309 ], [ 15.4700368, 45.8123697 ], [ 15.4698916, 45.8124027 ], [ 15.4697176, 45.8124437 ], [ 15.4696359, 45.8125085 ], [ 15.4695473, 45.8125845 ], [ 15.4694633, 45.8126795 ], [ 15.4693352, 45.8128348 ], [ 15.4693256, 45.8128963 ], [ 15.4692617, 45.8129331 ], [ 15.4687507, 45.8130041 ], [ 15.4684829, 45.8132488 ], [ 15.4683482, 45.8133047 ], [ 15.4682717, 45.8134607 ], [ 15.4679818, 45.8136095 ], [ 15.4679827, 45.8138083 ], [ 15.4679242, 45.8139525 ], [ 15.467914, 45.8140755 ], [ 15.4679458, 45.8142843 ], [ 15.4677439, 45.8145308 ], [ 15.467501, 45.8146722 ], [ 15.4672726, 45.8148617 ], [ 15.4673469, 45.8149522 ], [ 15.4673383, 45.8150313 ], [ 15.4672538, 45.8150561 ], [ 15.4671051, 45.8151561 ], [ 15.4670661, 45.8152469 ], [ 15.4669868, 45.8153826 ], [ 15.4668885, 45.815638 ], [ 15.4669957, 45.8157404 ], [ 15.4670815, 45.8157419 ], [ 15.4671294, 45.8157903 ], [ 15.4671252, 45.8158875 ], [ 15.4669766, 45.8161297 ], [ 15.466878, 45.8163483 ], [ 15.4667042, 45.8165402 ], [ 15.4666511, 45.816876 ], [ 15.4665051, 45.8170006 ], [ 15.4663855, 45.8171635 ], [ 15.4663474, 45.8172576 ], [ 15.4663093, 45.8173557 ], [ 15.46619, 45.8175185 ], [ 15.4661153, 45.8177206 ], [ 15.4660282, 45.8179973 ], [ 15.4660639, 45.8181025 ], [ 15.4659206, 45.8183945 ], [ 15.4663724, 45.8183645 ], [ 15.4666909, 45.8183171 ], [ 15.4669675, 45.818244 ], [ 15.467317, 45.8183016 ], [ 15.4680886, 45.8182735 ], [ 15.4683351, 45.8181931 ], [ 15.4683693, 45.8181857 ], [ 15.4688869, 45.8180345 ], [ 15.4691451, 45.8179661 ], [ 15.469687, 45.817897 ], [ 15.4699617, 45.8178586 ], [ 15.4704331, 45.8176599 ], [ 15.4710045, 45.8173025 ], [ 15.471165, 45.8172897 ], [ 15.471244032802364, 45.817304822669072 ], [ 15.507712168732654, 45.79401477372906 ], [ 15.483937716240852, 45.775203020075487 ], [ 15.46939392998264, 45.79515083207216 ], [ 15.469393929982642, 45.79515083207216 ] ] ] } },
{ "type": "Feature", "properties": { "BM": 3951, "data": { "Oznaka Gr/Op/Dr": "općina", "Grad/općina/država": "KRAŠIĆ", "Rbr BM": 4, "Naziv BM": "BIRAČKO MJESTO BR.4 - KRAŠIĆ I", "Lokacija BM": "PROSTORIJE VATROGASNOG DOMA KRAŠIĆ", "Adresa BM": "KRAŠIĆ 69 B", "Glasovalo birača": 154, "Glasovalo birača (po listićima)": 154, "Važeći listići": 143, "Nevažeći listići": 11 }, "latitude": 45.6515670283544, "longitude": 15.5179551250559, "population": 237 }, "geometry": { "type": "Polygon", "coordinates": [ [ [ 15.501787898475845, 45.64660001630142 ], [ 15.515582659330189, 45.652313446859736 ], [ 15.529223782037446, 45.654302989950118 ], [ 15.510968008039164, 45.639276815122152 ], [ 15.501638721564349, 45.645773709078448 ], [ 15.501787898475845, 45.64660001630142 ] ] ] } },
{ "type": "Feature", "properties": { "BM": 3952, "data": { "Oznaka Gr/Op/Dr": "općina", "Grad/općina/država": "KRAŠIĆ", "Rbr BM": 5, "Naziv BM": "BIRAČKO MJESTO BR.5 - KRAŠIĆ II", "Lokacija BM": "PROSTORIJE OPĆINE KRAŠIĆ", "Adresa BM": "KRAŠIĆ 101", "Glasovalo birača": 184, "Glasovalo birača (po listićima)": 184, "Važeći listići": 177, "Nevažeći listići": 7 }, "latitude": 45.654518753286602, "longitude": 15.5167325974887, "population": 272 }, "geometry": { "type": "Polygon", "coordinates": [ [ [ 15.503697113051802, 45.669270044738667 ], [ 15.522182532755133, 45.663492548945221 ], [ 15.523941216995764, 45.661681892671247 ], [ 15.515582659330189, 45.652313446859736 ], [ 15.501787898475845, 45.64660001630142 ], [ 15.503697113051802, 45.669270044738667 ] ] ] } },
{ "type": "Feature", "properties": { "BM": 3949, "data": { "Oznaka Gr/Op/Dr": "općina", "Grad/općina/država": "KRAŠIĆ", "Rbr BM": 2, "Naziv BM": "BIRAČKO MJESTO BR.2 - MIRKOPOLJE", "Lokacija BM": "PROSTORIJE LU \"FAZAN\"", "Adresa BM": "MIRKOPOLJE 49", "Glasovalo birača": 45, "Glasovalo birača (po listićima)": 45, "Važeći listići": 44, "Nevažeći listići": 1 }, "latitude": 45.6246328, "longitude": 15.5220494, "population": 72 }, "geometry": { "type": "Polygon", "coordinates": [ [ [ 15.511353545187061, 45.623366308578611 ], [ 15.513628949655413, 45.635364727950467 ], [ 15.529035747335161, 45.633494688012213 ], [ 15.541711104860168, 45.614040339138114 ], [ 15.513861978504384, 45.616598316393087 ], [ 15.511353545187061, 45.623366308578611 ] ] ] } },
{ "type": "Feature", "properties": { "BM": 3954, "data": { "Oznaka Gr/Op/Dr": "općina", "Grad/općina/država": "KRAŠIĆ", "Rbr BM": 7, "Naziv BM": "BIRAČKO MJESTO BR.7 - PRIBIĆ", "Lokacija BM": "KUĆA TUŠETIĆ DAVORA", "Adresa BM": "PRIBIĆ 86A", "Glasovalo birača": 98, "Glasovalo birača (po listićima)": 98, "Važeći listići": 93, "Nevažeći listići": 5 }, "latitude": 45.6686789, "longitude": 15.5313112, "population": 184 }, "geometry": { "type": "Polygon", "coordinates": [ [ [ 15.522182532755133, 45.663492548945221 ], [ 15.534979095139555, 45.684035505945452 ], [ 15.550746852478412, 45.656530789244968 ], [ 15.538497098882692, 45.653256406100091 ], [ 15.530831527175037, 45.655391864381961 ], [ 15.523941216995764, 45.661681892671247 ], [ 15.522182532755133, 45.663492548945221 ] ] ] } },
{ "type": "Feature", "properties": { "BM": 3955, "data": { "Oznaka Gr/Op/Dr": "općina", "Grad/općina/država": "KRAŠIĆ", "Rbr BM": 8, "Naziv BM": "BIRAČKO MJESTO BR.8 - PUŠKAROV JARAK", "Lokacija BM": "PROSTORIJE DRUŠTVENOG DOMA, PUŠKAROV JARAK", "Adresa BM": "PUŠKAROV JARAK", "Glasovalo birača": 114, "Glasovalo birača (po listićima)": 114, "Važeći listići": 107, "Nevažeći listići": 7 }, "latitude": 45.6537064, "longitude": 15.5176431, "population": 211 }, "geometry": { "type": "Polygon", "coordinates": [ [ [ 15.523941216995764, 45.661681892671247 ], [ 15.530831527175037, 45.655391864381961 ], [ 15.529223782037446, 45.654302989950118 ], [ 15.515582659330189, 45.652313446859736 ], [ 15.523941216995764, 45.661681892671247 ] ] ] } },
{ "type": "Feature", "properties": { "BM": 3950, "data": { "Oznaka Gr/Op/Dr": "općina", "Grad/općina/država": "KRAŠIĆ", "Rbr BM": 3, "Naziv BM": "BIRAČKO MJESTO BR.3 - BREZARIĆ", "Lokacija BM": "KUĆA ŽUPANAC ŠTEFICA", "Adresa BM": "BREZARIĆ 28", "Glasovalo birača": 144, "Glasovalo birača (po listićima)": 144, "Važeći listići": 140, "Nevažeći listići": 4 }, "latitude": 45.6437706, "longitude": 15.5243723, "population": 214 }, "geometry": { "type": "Polygon", "coordinates": [ [ [ 15.530831527175037, 45.655391864381961 ], [ 15.538497098882692, 45.653256406100091 ], [ 15.529035747335161, 45.633494688012213 ], [ 15.513628949655413, 45.635364727950467 ], [ 15.510968008039164, 45.639276815122152 ], [ 15.529223782037446, 45.654302989950118 ], [ 15.530831527175037, 45.655391864381961 ] ] ] } },
{ "type": "Feature", "properties": { "BM": 3661, "data": { "Oznaka Gr/Op/Dr": "grad", "Grad/općina/država": "SAMOBOR", "Rbr BM": 67, "Naziv BM": "STOJDRAGA", "Lokacija BM": "KUĆA LJERKE ŽIVODER, POKLEK", "Adresa BM": "POKLEK 24", "Glasovalo birača": 16, "Glasovalo birača (po listićima)": 16, "Važeći listići": 15, "Nevažeći listići": 1 }, "latitude": 45.8196674, "longitude": 15.5308663, "population": 37 }, "geometry": { "type": "Polygon", "coordinates": [ [ [ 15.515658053438402, 45.822584743285674 ], [ 15.515685, 45.8225709 ], [ 15.5158501, 45.8225047 ], [ 15.516386, 45.8224165 ], [ 15.5165594, 45.8223617 ], [ 15.5166948, 45.8223034 ], [ 15.5168187, 45.8222127 ], [ 15.5173085, 45.8219894 ], [ 15.517379, 45.8219564 ], [ 15.5176849, 45.8218185 ], [ 15.5179098, 45.8217405 ], [ 15.518102, 45.8216569 ], [ 15.5184226, 45.8215837 ], [ 15.5185928, 45.8214851 ], [ 15.5189555, 45.8213258 ], [ 15.519102, 45.8212789 ], [ 15.5192707, 45.8212584 ], [ 15.519795, 45.8211397 ], [ 15.5199691, 45.8211173 ], [ 15.5201789, 45.8211023 ], [ 15.5204959, 45.8211454 ], [ 15.5207918, 45.8212327 ], [ 15.5209781, 45.8214505 ], [ 15.5210516, 45.8216063 ], [ 15.5211129, 45.82185 ], [ 15.5210843, 45.8219303 ], [ 15.5211362, 45.8219394 ], [ 15.5213033, 45.8219819 ], [ 15.5214543, 45.8220436 ], [ 15.5214873, 45.8220605 ], [ 15.5216946, 45.8222285 ], [ 15.5217741, 45.8222584 ], [ 15.5218233, 45.8222638 ], [ 15.521972, 45.8225181 ], [ 15.5222012, 45.8228462 ], [ 15.5223352, 45.8230375 ], [ 15.5225206, 45.8230302 ], [ 15.5227029, 45.8230136 ], [ 15.5230287, 45.8229288 ], [ 15.5231635, 45.823166 ], [ 15.5243592, 45.8234059 ], [ 15.5249195, 45.8234776 ], [ 15.525629, 45.823508 ], [ 15.5258551, 45.8234908 ], [ 15.5265452, 45.8235023 ], [ 15.5268486, 45.823557 ], [ 15.5273416, 45.8236883 ], [ 15.5276285, 45.8237183 ], [ 15.5278419, 45.8237527 ], [ 15.528006, 45.8237896 ], [ 15.5283659, 45.823941 ], [ 15.5289192, 45.8242566 ], [ 15.5293409, 45.8245182 ], [ 15.5295355, 45.8247397 ], [ 15.5296805, 45.8249329 ], [ 15.529743, 45.8250792 ], [ 15.5299616, 45.8254377 ], [ 15.5300034, 45.8254889 ], [ 15.5301091, 45.82561 ], [ 15.5301584, 45.8257831 ], [ 15.5303186, 45.8260783 ], [ 15.5304256, 45.8262294 ], [ 15.5304722, 45.8263335 ], [ 15.5305937, 45.8264923 ], [ 15.5308021, 45.8266503 ], [ 15.5309591, 45.8267968 ], [ 15.5310819, 45.8268707 ], [ 15.5313397, 45.8270574 ], [ 15.5314357, 45.8271524 ], [ 15.5314916, 45.8272093 ], [ 15.5315466, 45.8272588 ], [ 15.5316887, 45.8273766 ], [ 15.531889, 45.827496 ], [ 15.5322018, 45.8277045 ], [ 15.5324966, 45.8279396 ], [ 15.5325982, 45.828009 ], [ 15.5328621, 45.8281418 ], [ 15.5330183, 45.8282309 ], [ 15.5331708, 45.8283377 ], [ 15.5333557, 45.8284891 ], [ 15.533614, 45.8285882 ], [ 15.5339489, 45.8287038 ], [ 15.5342988, 45.8289083 ], [ 15.5345118, 45.8289971 ], [ 15.5350661, 45.829176 ], [ 15.5352344, 45.8292023 ], [ 15.5355495, 45.8292251 ], [ 15.53573, 45.8292754 ], [ 15.5359444, 45.8292884 ], [ 15.5361267, 45.8292763 ], [ 15.5362054, 45.8293986 ], [ 15.5362554, 45.829545 ], [ 15.5363609, 45.8296796 ], [ 15.5363427, 45.829707 ], [ 15.5361449, 45.8297313 ], [ 15.5361187, 45.829744 ], [ 15.536061, 45.8298604 ], [ 15.536, 45.8299936 ], [ 15.5360112, 45.8302748 ], [ 15.5358705, 45.8303915 ], [ 15.53586, 45.8304757 ], [ 15.5359306, 45.8305879 ], [ 15.535787, 45.830847 ], [ 15.5357446, 45.8310007 ], [ 15.5356652, 45.8311529 ], [ 15.5354985, 45.8314583 ], [ 15.5354906, 45.8316118 ], [ 15.5354208, 45.8320282 ], [ 15.5355707, 45.8322885 ], [ 15.5357589, 45.8324792 ], [ 15.535857, 45.8325684 ], [ 15.5358972, 45.8326781 ], [ 15.536102, 45.8329079 ], [ 15.5361403, 45.832988 ], [ 15.5361366, 45.8330814 ], [ 15.536228, 45.8332469 ], [ 15.5363831, 45.8333528 ], [ 15.536551, 45.8335035 ], [ 15.5366958, 45.8336151 ], [ 15.5367854, 45.8336892 ], [ 15.5368104, 45.8338391 ], [ 15.536925, 45.8339547 ], [ 15.5370024, 45.8340048 ], [ 15.5372718, 45.8341509 ], [ 15.5373914, 45.8342562 ], [ 15.5376173, 45.8344012 ], [ 15.5378483, 45.8344618 ], [ 15.5379851, 45.8345789 ], [ 15.538159, 45.8348594 ], [ 15.5384489, 45.8351139 ], [ 15.5386403, 45.8351719 ], [ 15.5388069, 45.8352491 ], [ 15.5388897, 45.8354655 ], [ 15.5388851, 45.8356505 ], [ 15.5390015, 45.8358121 ], [ 15.5392068, 45.8360627 ], [ 15.5392718, 45.8361583 ], [ 15.5392786, 45.8362488 ], [ 15.5392522, 45.8364061 ], [ 15.5391582, 45.8366324 ], [ 15.5391352, 45.836833 ], [ 15.5390635, 45.8369796 ], [ 15.538995, 45.8371521 ], [ 15.5388916, 45.8374339 ], [ 15.5388234, 45.8376276 ], [ 15.5388289, 45.8377922 ], [ 15.5388821, 45.8379765 ], [ 15.5387341, 45.8381329 ], [ 15.5386619, 45.8382408 ], [ 15.5386341, 45.8384665 ], [ 15.5386954, 45.8386554 ], [ 15.5387396, 45.8387678 ], [ 15.5386976, 45.8389437 ], [ 15.5386131, 45.8391108 ], [ 15.5385466, 45.839395 ], [ 15.5384904, 45.8395193 ], [ 15.5383846, 45.8396681 ], [ 15.5383468, 45.8398555 ], [ 15.5382838, 45.8400409 ], [ 15.5381445, 45.8401714 ], [ 15.5380271, 45.8403507 ], [ 15.5380348, 45.8404893 ], [ 15.5381084, 45.8406144 ], [ 15.5380957, 45.840961 ], [ 15.5381448, 45.8413581 ], [ 15.5381375, 45.8415558 ], [ 15.5380265, 45.8417102 ], [ 15.5380031, 45.8418979 ], [ 15.537924, 45.8420705 ], [ 15.5378684, 45.8421985 ], [ 15.5377661, 45.8423144 ], [ 15.5378091, 45.8423883 ], [ 15.5377852, 45.8424358 ], [ 15.5377918, 45.8424933 ], [ 15.5377433, 45.8425476 ], [ 15.537736, 45.8425988 ], [ 15.5377682, 45.8426853 ], [ 15.5377359, 45.8427272 ], [ 15.5377287, 45.8427827 ], [ 15.5376853, 45.8428209 ], [ 15.5376505, 45.842877 ], [ 15.5376562, 45.8429526 ], [ 15.5376322, 45.8430594 ], [ 15.5375809, 45.843188 ], [ 15.5375626, 45.8433109 ], [ 15.5374281, 45.8435418 ], [ 15.5374306, 45.8436075 ], [ 15.5373799, 45.8438204 ], [ 15.5374185, 45.843888 ], [ 15.5374447, 45.8439547 ], [ 15.537457, 45.8440208 ], [ 15.5375025, 45.8440808 ], [ 15.5375328, 45.8441493 ], [ 15.5375417, 45.8442464 ], [ 15.5375583, 45.8443086 ], [ 15.537542, 45.8443947 ], [ 15.5375478, 45.8444796 ], [ 15.5375799, 45.8445615 ], [ 15.5376188, 45.8446308 ], [ 15.5376313, 45.8447072 ], [ 15.537627, 45.8447601 ], [ 15.5376431, 45.8448148 ], [ 15.5378277, 45.8449845 ], [ 15.5378485, 45.8451184 ], [ 15.5378465, 45.845176 ], [ 15.5377938, 45.8452438 ], [ 15.5377271, 45.8453138 ], [ 15.5376086, 45.8456668 ], [ 15.5377698, 45.8459066 ], [ 15.5378725, 45.8459379 ], [ 15.5379426, 45.8459763 ], [ 15.5379592, 45.846051 ], [ 15.5379904, 45.8461238 ], [ 15.5381166, 45.8462143 ], [ 15.5381393, 45.8462327 ], [ 15.5382237, 45.8463356 ], [ 15.5383511, 45.8464906 ], [ 15.5383643, 45.8465297 ], [ 15.5384047, 45.8465633 ], [ 15.5384543, 45.8466817 ], [ 15.5384532, 45.8467447 ], [ 15.5385114, 45.8469243 ], [ 15.5385277, 45.847162 ], [ 15.538554, 45.8475987 ], [ 15.5386033, 45.8475845 ], [ 15.540715207281517, 45.846931072626781 ], [ 15.55705979449297, 45.813879592144211 ], [ 15.535078802155748, 45.783630801201319 ], [ 15.52587853760633, 45.790756683427688 ], [ 15.515658053438401, 45.822584743285674 ], [ 15.515658053438402, 45.822584743285674 ] ] ] } },
{ "type": "Feature", "properties": { "BM": 3948, "data": { "Oznaka Gr/Op/Dr": "općina", "Grad/općina/država": "KRAŠIĆ", "Rbr BM": 1, "Naziv BM": "BIRAČKO MJESTO BR.1 - BRLENIĆ", "Lokacija BM": "PROSTORIJE VATROGASNOG DOMA", "Adresa BM": "BRLENIĆ", "Glasovalo birača": 79, "Glasovalo birača (po listićima)": 79, "Važeći listići": 72, "Nevažeći listići": 7 }, "latitude": 45.6363054, "longitude": 15.5399647, "population": 156 }, "geometry": { "type": "Polygon", "coordinates": [ [ [ 15.538497098882692, 45.653256406100091 ], [ 15.550746852478412, 45.656530789244968 ], [ 15.558588782338354, 45.654691060723032 ], [ 15.554835552090596, 45.627038335851857 ], [ 15.545329605741765, 45.611613476630808 ], [ 15.541711104860168, 45.614040339138114 ], [ 15.529035747335161, 45.633494688012213 ], [ 15.538497098882692, 45.653256406100091 ] ] ] } },
{ "type": "Feature", "properties": { "BM": 3632, "data": { "Oznaka Gr/Op/Dr": "grad", "Grad/općina/država": "SAMOBOR", "Rbr BM": 38, "Naziv BM": "NORŠIĆ SELO", "Lokacija BM": "OSNOVNA ŠKOLA U NORŠIĆ SELU", "Adresa BM": "NORŠIĆ SELO", "Glasovalo birača": 48, "Glasovalo birača (po listićima)": 48, "Važeći listići": 43, "Nevažeći listići": 5 }, "latitude": 45.7907543, "longitude": 15.5706546, "population": 83 }, "geometry": { "type": "Polygon", "coordinates": [ [ [ 15.55705979449297, 45.813879592144211 ], [ 15.577227252393891, 45.814854807627817 ], [ 15.58609272377411, 45.808314971694777 ], [ 15.589707401160204, 45.789657735406792 ], [ 15.538578890623336, 45.762868488561033 ], [ 15.535078802155748, 45.783630801201319 ], [ 15.55705979449297, 45.813879592144211 ] ] ] } },
{ "type": "Feature", "properties": { "BM": 3580, "data": { "Oznaka Gr/Op/Dr": "grad", "Grad/općina/država": "JASTREBARSKO", "Rbr BM": 37, "Naziv BM": "VUKŠIN ŠIPAK", "Lokacija BM": "DOM DVD", "Adresa BM": "VUKŠIN ŠIPAK", "Glasovalo birača": 145, "Glasovalo birača (po listićima)": 145, "Važeći listići": 141, "Nevažeći listići": 4 }, "latitude": 45.6179199, "longitude": 15.569798, "population": 263 }, "geometry": { "type": "Polygon", "coordinates": [ [ [ 15.545329605741765, 45.611613476630808 ], [ 15.554835552090596, 45.627038335851857 ], [ 15.577554552974822, 45.624069939079952 ], [ 15.569952770899134, 45.595325449755471 ], [ 15.565816956579335, 45.592954293666573 ], [ 15.561910904790521, 45.593773341616703 ], [ 15.552064578263211, 45.598653312910294 ], [ 15.545992721866048, 45.608558875232475 ], [ 15.545329605741765, 45.611613476630808 ] ] ] } },
{ "type": "Feature", "properties": { "BM": 3563, "data": { "Oznaka Gr/Op/Dr": "grad", "Grad/općina/država": "JASTREBARSKO", "Rbr BM": 20, "Naziv BM": "BREBROVAC", "Lokacija BM": "DRUŠTVENI DOM", "Adresa BM": "BREBROVAC", "Glasovalo birača": 44, "Glasovalo birača (po listićima)": 44, "Važeći listići": 43, "Nevažeći listići": 1 }, "latitude": 45.6794411, "longitude": 15.5500844, "population": 77 }, "geometry": { "type": "Polygon", "coordinates": [ [ [ 15.534301144438967, 45.687416531533593 ], [ 15.547081005373212, 45.691573372664294 ], [ 15.564757279201977, 45.690047710863432 ], [ 15.566480283491947, 45.68855340706741 ], [ 15.560767395997637, 45.655681012312762 ], [ 15.558588782338354, 45.654691060723032 ], [ 15.550746852478412, 45.656530789244968 ], [ 15.534979095139555, 45.684035505945452 ], [ 15.534301144438967, 45.687416531533593 ] ] ] } },
{ "type": "Feature", "properties": { "BM": 3565, "data": { "Oznaka Gr/Op/Dr": "grad", "Grad/općina/država": "JASTREBARSKO", "Rbr BM": 22, "Naziv BM": "DRAGOVANŠČAK", "Lokacija BM": "PROSTORIJE MNK \"PRIGORAC\"", "Adresa BM": "DRAGOVANŠČAK", "Glasovalo birača": 66, "Glasovalo birača (po listićima)": 66, "Važeći listići": 62, "Nevažeći listići": 4 }, "latitude": 45.7030116, "longitude": 15.5521188, "population": 124 }, "geometry": { "type": "Polygon", "coordinates": [ [ [ 15.547849426373931, 45.745298899505805 ], [ 15.55435302103494, 45.742743441817538 ], [ 15.559092961654306, 45.72901399020072 ], [ 15.564757279201977, 45.690047710863432 ], [ 15.547081005373212, 45.691573372664294 ], [ 15.547849426373931, 45.745298899505805 ] ] ] } },
{ "type": "Feature", "properties": { "BM": 3617, "data": { "Oznaka Gr/Op/Dr": "grad", "Grad/općina/država": "SAMOBOR", "Rbr BM": 23, "Naziv BM": "JARUŠJE", "Lokacija BM": "VATROGASNI DOM JARUŠJE", "Adresa BM": "JARUŠJE", "Glasovalo birača": 29, "Glasovalo birača (po listićima)": 29, "Važeći listići": 28, "Nevažeći listići": 1 }, "latitude": 45.7733684, "longitude": 15.5797641, "population": 44 }, "geometry": { "type": "Polygon", "coordinates": [ [ [ 15.538578890623336, 45.762868488561033 ], [ 15.589707401160204, 45.789657735406792 ], [ 15.595978161535648, 45.78267165115134 ], [ 15.570376115417115, 45.743299828347553 ], [ 15.568329893974044, 45.742941977075738 ], [ 15.55435302103494, 45.742743441817538 ], [ 15.547849426373931, 45.745298899505805 ], [ 15.537772345580105, 45.750665079141029 ], [ 15.538578890623336, 45.762868488561033 ] ] ] } },
{ "type": "Feature", "properties": { "BM": 3578, "data": { "Oznaka Gr/Op/Dr": "grad", "Grad/općina/država": "JASTREBARSKO", "Rbr BM": 35, "Naziv BM": "GORNJA KUPČINA", "Lokacija BM": "DRUŠTVENI DOM", "Adresa BM": "GORNJA KUPČINA", "Glasovalo birača": 85, "Glasovalo birača (po listićima)": 85, "Važeći listići": 83, "Nevažeći listići": 2 }, "latitude": 45.6320064, "longitude": 15.5716385, "population": 128 }, "geometry": { "type": "Polygon", "coordinates": [ [ [ 15.560767395997637, 45.655681012312762 ], [ 15.584694607826517, 45.651620391280503 ], [ 15.58858691739907, 45.64580850842259 ], [ 15.588874799286305, 45.63967550469355 ], [ 15.586410565309446, 45.629046294812483 ], [ 15.577554552974822, 45.624069939079952 ], [ 15.554835552090596, 45.627038335851857 ], [ 15.558588782338354, 45.654691060723032 ], [ 15.560767395997637, 45.655681012312762 ] ] ] } },
{ "type": "Feature", "properties": { "BM": 3662, "data": { "Oznaka Gr/Op/Dr": "grad", "Grad/općina/država": "SAMOBOR", "Rbr BM": 68, "Naziv BM": "STOJDRAGA", "Lokacija BM": "PROSTORIJE STARE ŠKOLE U STOJDRAGI", "Adresa BM": "STOJDRAGA 27", "Glasovalo birača": 32, "Glasovalo birača (po listićima)": 32, "Važeći listići": 32, "Nevažeći listići": 0 }, "latitude": 45.8382087, "longitude": 15.5683599, "population": 55 }, "geometry": { "type": "Polygon", "coordinates": [ [ [ 15.540715207281519, 45.846931072626781 ], [ 15.5416996, 45.8466265 ], [ 15.5417289, 45.8466179 ], [ 15.5424893, 45.8463827 ], [ 15.5426521, 45.8463373 ], [ 15.542782, 45.8463025 ], [ 15.5429194, 45.8462584 ], [ 15.5429893, 45.8462389 ], [ 15.5430338, 45.8462265 ], [ 15.5430784, 45.8462141 ], [ 15.5431956, 45.8462221 ], [ 15.5433343, 45.8462264 ], [ 15.5434728, 45.8462343 ], [ 15.5436034, 45.8462368 ], [ 15.5439336, 45.8462288 ], [ 15.5439681, 45.846228 ], [ 15.5444014, 45.8462177 ], [ 15.5448537, 45.8462001 ], [ 15.5452042, 45.8461501 ], [ 15.5454302, 45.8461649 ], [ 15.5454762, 45.8461679 ], [ 15.5459354, 45.8462228 ], [ 15.5462803, 45.8461637 ], [ 15.5466235, 45.8461638 ], [ 15.5469674, 45.846181 ], [ 15.5471515, 45.8462052 ], [ 15.5474207, 45.8462399 ], [ 15.5474586, 45.8462448 ], [ 15.547826, 45.8462393 ], [ 15.5482039, 45.8462047 ], [ 15.5483948, 45.8461872 ], [ 15.5488031, 45.8462259 ], [ 15.5491284, 45.8462783 ], [ 15.5491654, 45.8462758 ], [ 15.5494581, 45.8462563 ], [ 15.5497223, 45.8461533 ], [ 15.5499561, 45.8459948 ], [ 15.5500274, 45.8459597 ], [ 15.550138, 45.8459047 ], [ 15.5502383, 45.8458554 ], [ 15.5503543, 45.8457983 ], [ 15.550465, 45.8457434 ], [ 15.5505916, 45.8456863 ], [ 15.550697, 45.8456295 ], [ 15.5508077, 45.8455689 ], [ 15.5510161, 45.8454529 ], [ 15.5509539, 45.8452682 ], [ 15.55088, 45.8449591 ], [ 15.550853, 45.8448324 ], [ 15.5508987, 45.8443514 ], [ 15.5509229, 45.8440875 ], [ 15.5509903, 45.8437729 ], [ 15.5510519, 45.8434989 ], [ 15.5511127, 45.8433642 ], [ 15.5513098, 45.8429235 ], [ 15.5514935, 45.8424128 ], [ 15.5515867, 45.8421538 ], [ 15.5515806, 45.8419603 ], [ 15.5515729, 45.8416507 ], [ 15.5517711, 45.8414692 ], [ 15.5521179, 45.8411525 ], [ 15.5521768, 45.8410999 ], [ 15.55218, 45.8404868 ], [ 15.5521786, 45.8403842 ], [ 15.5522692, 45.8401442 ], [ 15.5525592, 45.8400142 ], [ 15.5528788, 45.8397615 ], [ 15.5532294, 45.8394826 ], [ 15.5532976, 45.8394291 ], [ 15.5534361, 45.8392443 ], [ 15.5535625, 45.8390805 ], [ 15.5537423, 45.8389387 ], [ 15.5539503, 45.838777 ], [ 15.5541555, 45.8386521 ], [ 15.5543454, 45.8385391 ], [ 15.5546291, 45.8384073 ], [ 15.5550282, 45.8382243 ], [ 15.5552527, 45.8381218 ], [ 15.5555796, 45.837933 ], [ 15.556099, 45.8376105 ], [ 15.5562492, 45.837576 ], [ 15.5568751, 45.8374355 ], [ 15.5571093, 45.8373527 ], [ 15.5573248, 45.8372736 ], [ 15.5578028, 45.8369172 ], [ 15.5581688, 45.8364203 ], [ 15.5581938, 45.836403 ], [ 15.5585042, 45.8361783 ], [ 15.5587155, 45.8358239 ], [ 15.5588948, 45.8356443 ], [ 15.5590337, 45.8352877 ], [ 15.5590587, 45.8348708 ], [ 15.5590608, 45.8348088 ], [ 15.5591509, 45.8345408 ], [ 15.5593823, 45.8342735 ], [ 15.5598656, 45.8344589 ], [ 15.560654, 45.8351018 ], [ 15.5606889, 45.8351285 ], [ 15.5606172, 45.8353505 ], [ 15.5605945, 45.8357214 ], [ 15.5610686, 45.8363343 ], [ 15.5612514, 45.8365724 ], [ 15.5620323, 45.8379471 ], [ 15.562168, 45.8381829 ], [ 15.5622678, 45.8389525 ], [ 15.5623212, 45.8393563 ], [ 15.5623347, 45.8394174 ], [ 15.5624489, 45.8399015 ], [ 15.5622091, 45.840645 ], [ 15.5620412, 45.8411467 ], [ 15.5620514, 45.8412016 ], [ 15.5621539, 45.841739 ], [ 15.5621813, 45.841881 ], [ 15.5621755, 45.8421168 ], [ 15.5622607, 45.8425446 ], [ 15.5622709, 45.8425816 ], [ 15.5623314, 45.8428384 ], [ 15.5629416, 45.8438958 ], [ 15.5636662, 45.8442324 ], [ 15.5648304, 45.8447725 ], [ 15.5652376, 45.8451051 ], [ 15.5655112, 45.845329 ], [ 15.5657087, 45.8454903 ], [ 15.5658021, 45.8456471 ], [ 15.5660341, 45.8460189 ], [ 15.5660888, 45.8461058 ], [ 15.5663843, 45.8463259 ], [ 15.5667849, 45.8466207 ], [ 15.5670264, 45.8468015 ], [ 15.5680674, 45.8474849 ], [ 15.5682682, 45.8476669 ], [ 15.5687622, 45.8481221 ], [ 15.5688514, 45.8482024 ], [ 15.569347, 45.8485569 ], [ 15.5699697, 45.8490039 ], [ 15.5702841, 45.849204 ], [ 15.5703484, 45.8495068 ], [ 15.5704705, 45.8500918 ], [ 15.5705109, 45.8502716 ], [ 15.5705972, 45.8503608 ], [ 15.5708333, 45.8506066 ], [ 15.570986, 45.8509394 ], [ 15.5711052, 45.8511275 ], [ 15.5713661, 45.851544 ], [ 15.5714901, 45.8516439 ], [ 15.5715124, 45.8516617 ], [ 15.5715657, 45.8518583 ], [ 15.5716288, 45.8520928 ], [ 15.5717455, 45.8525158 ], [ 15.5718434, 45.8527563 ], [ 15.5719512, 45.8530299 ], [ 15.5718528, 45.8531712 ], [ 15.5717576, 45.8533059 ], [ 15.5717189, 45.8534405 ], [ 15.571635, 45.8537101 ], [ 15.5717003, 45.8536701 ], [ 15.5718061, 45.8536035 ], [ 15.5718404, 45.8535816 ], [ 15.5719088, 45.8535397 ], [ 15.5719905, 45.8535409 ], [ 15.572063, 45.8535619 ], [ 15.5724174, 45.853524 ], [ 15.5725501, 45.8535716 ], [ 15.572565, 45.8535212 ], [ 15.5723516, 45.8533276 ], [ 15.5726462, 45.8532901 ], [ 15.5726864, 45.8532439 ], [ 15.5728226, 45.8533194 ], [ 15.5728882, 45.8532928 ], [ 15.5730028, 45.8531956 ], [ 15.5730754, 45.8530168 ], [ 15.5731687, 45.8529522 ], [ 15.573304, 45.8529755 ], [ 15.5733503, 45.8529139 ], [ 15.5734477, 45.8529221 ], [ 15.5735191, 45.852864 ], [ 15.5736062, 45.8528129 ], [ 15.5738329, 45.8526402 ], [ 15.5738526, 45.852495 ], [ 15.5743586, 45.8523156 ], [ 15.5746254, 45.8523028 ], [ 15.5747905, 45.8522178 ], [ 15.5748859, 45.8520858 ], [ 15.5752554, 45.8520036 ], [ 15.5755168, 45.8518594 ], [ 15.5757208, 45.8516355 ], [ 15.5758967, 45.8516476 ], [ 15.5760531, 45.8515935 ], [ 15.576092, 45.8514751 ], [ 15.5762562, 45.8513264 ], [ 15.5765553, 45.85118 ], [ 15.5766798, 45.851106 ], [ 15.5767752, 45.8509739 ], [ 15.5768693, 45.8507626 ], [ 15.5770219, 45.8502764 ], [ 15.5771931, 45.8501741 ], [ 15.5776264, 45.8499665 ], [ 15.5781978, 45.8497515 ], [ 15.5782384, 45.8497359 ], [ 15.5784783, 45.8496088 ], [ 15.5786181, 45.8495043 ], [ 15.5789695, 45.849291 ], [ 15.5789526, 45.8492083 ], [ 15.579205, 45.849074 ], [ 15.5793346, 45.8489327 ], [ 15.5794184, 45.8488662 ], [ 15.5795601, 45.8486879 ], [ 15.5796716, 45.848597 ], [ 15.5799415, 45.8485814 ], [ 15.5800341, 45.8484735 ], [ 15.5801181, 45.8484135 ], [ 15.5801496, 45.8484348 ], [ 15.5801413, 45.8485034 ], [ 15.5802891, 45.8485129 ], [ 15.5803734, 45.8484728 ], [ 15.5805377, 45.8483401 ], [ 15.5808601, 45.848072 ], [ 15.5810871, 45.847919 ], [ 15.5815321, 45.8478652 ], [ 15.5816451, 45.8476644 ], [ 15.5822228, 45.8474494 ], [ 15.5825668, 45.8473459 ], [ 15.5827195, 45.8472763 ], [ 15.5829514, 45.8472422 ], [ 15.5830605, 45.8471899 ], [ 15.583164, 45.847181 ], [ 15.5833013, 45.8471251 ], [ 15.5836371, 45.8471071 ], [ 15.5839157, 45.8470437 ], [ 15.5842391, 45.8470413 ], [ 15.5844579, 45.8469757 ], [ 15.5845071, 45.8469051 ], [ 15.5846192, 45.8468493 ], [ 15.5848326, 45.8468412 ], [ 15.585102, 45.8467888 ], [ 15.5855594, 45.8469319 ], [ 15.585679, 45.8469419 ], [ 15.5859956, 45.8468997 ], [ 15.5864756, 45.8468637 ], [ 15.5867686, 45.8469243 ], [ 15.587076, 45.8468939 ], [ 15.5873419, 45.8470279 ], [ 15.587873520981564, 45.846873249023403 ], [ 15.577227252393891, 45.814854807627817 ], [ 15.55705979449297, 45.813879592144211 ], [ 15.540715207281517, 45.846931072626781 ], [ 15.540715207281519, 45.846931072626781 ] ] ] } },
{ "type": "Feature", "properties": { "BM": 3614, "data": { "Oznaka Gr/Op/Dr": "grad", "Grad/općina/država": "SAMOBOR", "Rbr BM": 20, "Naziv BM": "GRDANJCI", "Lokacija BM": "KUĆA BRANKA RATEŠIĆA", "Adresa BM": "KOSTANJEVEC PODVRŠKI 8", "Glasovalo birača": 40, "Glasovalo birača (po listićima)": 40, "Važeći listići": 40, "Nevažeći listići": 0 }, "latitude": 45.828249, "longitude": 15.5983135, "population": 60 }, "geometry": { "type": "Polygon", "coordinates": [ [ [ 15.587873520981566, 45.846873249023403 ], [ 15.5897585, 45.8463249 ], [ 15.5907139, 45.8463677 ], [ 15.5916053, 45.846738 ], [ 15.5916342, 45.846573 ], [ 15.5921423, 45.8461387 ], [ 15.5929481, 45.8460514 ], [ 15.5929039, 45.8454414 ], [ 15.5931666, 45.8451703 ], [ 15.5934975, 45.8450552 ], [ 15.5938769, 45.8448678 ], [ 15.5942524, 45.8448244 ], [ 15.5954635, 45.8447085 ], [ 15.596771, 45.8446859 ], [ 15.5971098, 45.8445443 ], [ 15.5976693, 45.8443148 ], [ 15.5977262, 45.8443384 ], [ 15.5981512, 45.8441234 ], [ 15.598338, 45.843762 ], [ 15.5985397, 45.8433763 ], [ 15.5987796, 45.843308 ], [ 15.599957, 45.8432187 ], [ 15.6005216, 45.8430791 ], [ 15.6014212, 45.8429226 ], [ 15.6015812, 45.8429165 ], [ 15.6017654, 45.8427348 ], [ 15.6025324, 45.8425294 ], [ 15.6036534, 45.8424473 ], [ 15.603952, 45.8421877 ], [ 15.6041369, 45.8421791 ], [ 15.6044332, 45.8419611 ], [ 15.6048399, 45.8417704 ], [ 15.6052147, 45.8414809 ], [ 15.6058334, 45.8413822 ], [ 15.6064423, 45.8411191 ], [ 15.6077416, 45.8407323 ], [ 15.6089215, 45.8406342 ], [ 15.6092737, 45.840102 ], [ 15.6094761, 45.8398916 ], [ 15.6095599, 45.8395663 ], [ 15.6097908, 45.8390837 ], [ 15.6099895, 45.8391387 ], [ 15.6102967, 45.838984 ], [ 15.6105232, 45.8387317 ], [ 15.6106744, 45.8386183 ], [ 15.6110025, 45.8384284 ], [ 15.611075898924616, 45.838367371680654 ], [ 15.608349216661956, 45.823180531307202 ], [ 15.586121648796407, 45.80832319436491 ], [ 15.58609272377411, 45.808314971694777 ], [ 15.577227252393891, 45.814854807627817 ], [ 15.587873520981564, 45.846873249023403 ], [ 15.587873520981566, 45.846873249023403 ] ] ] } },
{ "type": "Feature", "properties": { "BM": 3569, "data": { "Oznaka Gr/Op/Dr": "grad", "Grad/općina/država": "JASTREBARSKO", "Rbr BM": 26, "Naziv BM": "TOPLICE", "Lokacija BM": "KUĆA JOSIPA HAČKA", "Adresa BM": "TOPLICE 4", "Glasovalo birača": 42, "Glasovalo birača (po listićima)": 42, "Važeći listići": 42, "Nevažeći listići": 0 }, "latitude": 45.7060734, "longitude": 15.5731817, "population": 78 }, "geometry": { "type": "Polygon", "coordinates": [ [ [ 15.564757279201977, 45.690047710863432 ], [ 15.559092961654306, 45.72901399020072 ], [ 15.58112282523197, 45.704830274608163 ], [ 15.575755318934409, 45.690212748671165 ], [ 15.566480283491947, 45.68855340706741 ], [ 15.564757279201977, 45.690047710863432 ] ] ] } },
{ "type": "Feature", "properties": { "BM": 3564, "data": { "Oznaka Gr/Op/Dr": "grad", "Grad/općina/država": "JASTREBARSKO", "Rbr BM": 21, "Naziv BM": "PETROVINA", "Lokacija BM": "DOM DVD", "Adresa BM": "PETROVINA", "Glasovalo birača": 215, "Glasovalo birača (po listićima)": 215, "Važeći listići": 208, "Nevažeći listići": 7 }, "latitude": 45.6744436, "longitude": 15.5788404, "population": 328 }, "geometry": { "type": "Polygon", "coordinates": [ [ [ 15.566480283491947, 45.68855340706741 ], [ 15.575755318934409, 45.690212748671165 ], [ 15.589005951269632, 45.685588882260411 ], [ 15.597076751932272, 45.678593723274247 ], [ 15.596880316578821, 45.670992656852775 ], [ 15.584694607826517, 45.651620391280503 ], [ 15.560767395997637, 45.655681012312762 ], [ 15.566480283491947, 45.68855340706741 ] ] ] } },
{ "type": "Feature", "properties": { "BM": 3570, "data": { "Oznaka Gr/Op/Dr": "grad", "Grad/općina/država": "JASTREBARSKO", "Rbr BM": 27, "Naziv BM": "BUKOVAC SVETOJANSKI", "Lokacija BM": "KUĆA OBITELJI FERKO", "Adresa BM": "BUKOVAC SVETOJANSKI 30", "Glasovalo birača": 39, "Glasovalo birača (po listićima)": 39, "Važeći listići": 37, "Nevažeći listići": 2 }, "latitude": 45.7128526, "longitude": 15.5806237, "population": 75 }, "geometry": { "type": "Polygon", "coordinates": [ [ [ 15.55435302103494, 45.742743441817538 ], [ 15.568329893974044, 45.742941977075738 ], [ 15.587308220088321, 45.711764590829389 ], [ 15.588008438225021, 45.708978296053026 ], [ 15.58112282523197, 45.704830274608163 ], [ 15.559092961654306, 45.72901399020072 ], [ 15.55435302103494, 45.742743441817538 ] ] ] } },
{ "type": "Feature", "properties": { "BM": 3577, "data": { "Oznaka Gr/Op/Dr": "grad", "Grad/općina/država": "JASTREBARSKO", "Rbr BM": 34, "Naziv BM": "GUCI DRAGANIĆKI", "Lokacija BM": "DOM DVD", "Adresa BM": "GUCI DRAGANIĆKI", "Glasovalo birača": 115, "Glasovalo birača (po listićima)": 115, "Važeći listići": 110, "Nevažeći listići": 5 }, "latitude": 45.6148895, "longitude": 15.5812568, "population": 297 }, "geometry": { "type": "Polygon", "coordinates": [ [ [ 15.577554552974822, 45.624069939079952 ], [ 15.586410565309446, 45.629046294812483 ], [ 15.593729951116664, 45.615052117917074 ], [ 15.581398945860897, 45.598311396261153 ], [ 15.569952770899134, 45.595325449755471 ], [ 15.577554552974822, 45.624069939079952 ] ] ] } },
{ "type": "Feature", "properties": { "BM": 3579, "data": { "Oznaka Gr/Op/Dr": "grad", "Grad/općina/država": "JASTREBARSKO", "Rbr BM": 36, "Naziv BM": "ČEGLJE", "Lokacija BM": "DRUŠTVENI DOM", "Adresa BM": "ČEGLJE", "Glasovalo birača": 178, "Glasovalo birača (po listićima)": 178, "Važeći listići": 167, "Nevažeći listići": 11 }, "latitude": 45.6252044, "longitude": 15.6009782, "population": 315 }, "geometry": { "type": "Polygon", "coordinates": [ [ [ 15.586410565309446, 45.629046294812483 ], [ 15.588874799286305, 45.63967550469355 ], [ 15.618348231815894, 45.619531390333762 ], [ 15.609362977205237, 45.612432992542843 ], [ 15.593729951116664, 45.615052117917074 ], [ 15.586410565309446, 45.629046294812483 ] ] ] } },
{ "type": "Feature", "properties": { "BM": 3568, "data": { "Oznaka Gr/Op/Dr": "grad", "Grad/općina/država": "JASTREBARSKO", "Rbr BM": 25, "Naziv BM": "BELČIĆI", "Lokacija BM": "DOM DVD", "Adresa BM": "BELČIĆI", "Glasovalo birača": 87, "Glasovalo birača (po listićima)": 87, "Važeći listići": 84, "Nevažeći listići": 3 }, "latitude": 45.700639, "longitude": 15.5879814, "population": 158 }, "geometry": { "type": "Polygon", "coordinates": [ [ [ 15.58112282523197, 45.704830274608163 ], [ 15.588008438225021, 45.708978296053026 ], [ 15.595743356467375, 45.706592138848123 ], [ 15.589005951269632, 45.685588882260411 ], [ 15.575755318934409, 45.690212748671165 ], [ 15.58112282523197, 45.704830274608163 ] ] ] } },
{ "type": "Feature", "properties": { "BM": 3628, "data": { "Oznaka Gr/Op/Dr": "grad", "Grad/općina/država": "SAMOBOR", "Rbr BM": 34, "Naziv BM": "MALI LIPOVEC - VELIKI LIPOVEC", "Lokacija BM": "KUĆA JURAJA JAGODIĆA", "Adresa BM": "DRAGONOŠ 16", "Glasovalo birača": 11, "Glasovalo birača (po listićima)": 11, "Važeći listići": 11, "Nevažeći listići": 0 }, "latitude": 45.7640777, "longitude": 15.5940517, "population": 16 }, "geometry": { "type": "Polygon", "coordinates": [ [ [ 15.595978161535648, 45.78267165115134 ], [ 15.597549276036505, 45.78206952294493 ], [ 15.606964383563435, 45.756152502758106 ], [ 15.602906204502013, 45.745191880182617 ], [ 15.602320414311807, 45.745012980444081 ], [ 15.582941430692895, 45.74202896090717 ], [ 15.570376115417115, 45.743299828347553 ], [ 15.595978161535648, 45.78267165115134 ] ] ] } },
{ "type": "Feature", "properties": { "BM": 3600, "data": { "Oznaka Gr/Op/Dr": "grad", "Grad/općina/država": "SAMOBOR", "Rbr BM": 6, "Naziv BM": "BREGANICA I VIŠNJEVEC PODVRŠKI", "Lokacija BM": "KUĆA JURAJA KOSA", "Adresa BM": "VIŠNJEVEC PODRVŠKI 7  I", "Glasovalo birača": 12, "Glasovalo birača (po listićima)": 12, "Važeći listići": 9, "Nevažeći listići": 3 }, "latitude": 45.7977905, "longitude": 15.6069721, "population": 23 }, "geometry": { "type": "Polygon", "coordinates": [ [ [ 15.58609272377411, 45.808314971694777 ], [ 15.586121648796407, 45.80832319436491 ], [ 15.616644472870991, 45.803537756995453 ], [ 15.616373099525209, 45.785387557707068 ], [ 15.597549276036505, 45.78206952294493 ], [ 15.595978161535648, 45.78267165115134 ], [ 15.589707401160204, 45.789657735406792 ], [ 15.58609272377411, 45.808314971694777 ] ] ] } },
{ "type": "Feature", "properties": { "BM": 3572, "data": { "Oznaka Gr/Op/Dr": "grad", "Grad/općina/država": "JASTREBARSKO", "Rbr BM": 29, "Naziv BM": "DRAGA SVETOJANSKA", "Lokacija BM": "PROSTORIJE TRGOVINE VL. ĐURĐE BRADVIĆ", "Adresa BM": "DRAGA SVETOJANSKA 28", "Glasovalo birača": 81, "Glasovalo birača (po listićima)": 81, "Važeći listići": 77, "Nevažeći listići": 4 }, "latitude": 45.7182021, "longitude": 15.5894118, "population": 124 }, "geometry": { "type": "Polygon", "coordinates": [ [ [ 15.568329893974044, 45.742941977075738 ], [ 15.570376115417115, 45.743299828347553 ], [ 15.582941430692895, 45.74202896090717 ], [ 15.594458174417653, 45.721855814217335 ], [ 15.587308220088321, 45.711764590829389 ], [ 15.568329893974044, 45.742941977075738 ] ] ] } },
{ "type": "Feature", "properties": { "BM": 3573, "data": { "Oznaka Gr/Op/Dr": "grad", "Grad/općina/država": "JASTREBARSKO", "Rbr BM": 30, "Naziv BM": "GORICA SVETOJANSKA", "Lokacija BM": "DRUŠTVENI DOM, PROSTORIJE MO GORICA SVETOJANSKA", "Adresa BM": "GORICA SVETOJANSKA", "Glasovalo birača": 67, "Glasovalo birača (po listićima)": 67, "Važeći listići": 64, "Nevažeći listići": 3 }, "latitude": 45.7158835, "longitude": 15.5926842, "population": 121 }, "geometry": { "type": "Polygon", "coordinates": [ [ [ 15.588008438225021, 45.708978296053026 ], [ 15.587308220088321, 45.711764590829389 ], [ 15.594458174417653, 45.721855814217335 ], [ 15.603568330929832, 45.713795106730828 ], [ 15.606106494603956, 45.709876214700706 ], [ 15.595743356467375, 45.706592138848123 ], [ 15.588008438225021, 45.708978296053026 ] ] ] } },
{ "type": "Feature", "properties": { "BM": 3571, "data": { "Oznaka Gr/Op/Dr": "grad", "Grad/općina/država": "JASTREBARSKO", "Rbr BM": 28, "Naziv BM": "MILADINI", "Lokacija BM": "DOM DVD", "Adresa BM": "MILADINI", "Glasovalo birača": 73, "Glasovalo birača (po listićima)": 73, "Važeći listići": 73, "Nevažeći listići": 0 }, "latitude": 45.6972347, "longitude": 15.598594, "population": 104 }, "geometry": { "type": "Polygon", "coordinates": [ [ [ 15.589005951269632, 45.685588882260411 ], [ 15.595743356467375, 45.706592138848123 ], [ 15.606106494603956, 45.709876214700706 ], [ 15.611576806714723, 45.708371992890086 ], [ 15.612307011576394, 45.707795372571098 ], [ 15.61003390527708, 45.687593367989606 ], [ 15.597076751932272, 45.678593723274247 ], [ 15.589005951269632, 45.685588882260411 ] ] ] } },
{ "type": "Feature", "properties": { "BM": 3574, "data": { "Oznaka Gr/Op/Dr": "grad", "Grad/općina/država": "JASTREBARSKO", "Rbr BM": 31, "Naziv BM": "IVANČIĆI", "Lokacija BM": "VINARSKI PODRUM", "Adresa BM": "IVANČIĆI", "Glasovalo birača": 85, "Glasovalo birača (po listićima)": 85, "Važeći listići": 82, "Nevažeći listići": 3 }, "latitude": 45.7243439, "longitude": 15.60017, "population": 144 }, "geometry": { "type": "Polygon", "coordinates": [ [ [ 15.594458174417653, 45.721855814217335 ], [ 15.582941430692895, 45.74202896090717 ], [ 15.602320414311807, 45.745012980444081 ], [ 15.603568330929832, 45.713795106730828 ], [ 15.594458174417653, 45.721855814217335 ] ] ] } },
{ "type": "Feature", "properties": { "BM": 3582, "data": { "Oznaka Gr/Op/Dr": "grad", "Grad/općina/država": "JASTREBARSKO", "Rbr BM": 39, "Naziv BM": "IZIMJE", "Lokacija BM": "DOM DVD", "Adresa BM": "IZIMJE", "Glasovalo birača": 115, "Glasovalo birača (po listićima)": 115, "Važeći listići": 114, "Nevažeći listići": 1 }, "latitude": 45.6336547, "longitude": 15.6067537, "population": 201 }, "geometry": { "type": "Polygon", "coordinates": [ [ [ 15.58858691739907, 45.64580850842259 ], [ 15.608222302779447, 45.644896381784044 ], [ 15.622364144746458, 45.628990955199868 ], [ 15.620989649419521, 45.620600980375102 ], [ 15.618348231815894, 45.619531390333762 ], [ 15.588874799286305, 45.63967550469355 ], [ 15.58858691739907, 45.64580850842259 ] ] ] } },
{ "type": "Feature", "properties": { "BM": 3584, "data": { "Oznaka Gr/Op/Dr": "grad", "Grad/općina/država": "JASTREBARSKO", "Rbr BM": 41, "Naziv BM": "VOLAVJE", "Lokacija BM": "DOM DVD", "Adresa BM": "VOLAVJE", "Glasovalo birača": 229, "Glasovalo birača (po listićima)": 229, "Važeći listići": 217, "Nevažeći listići": 12 }, "latitude": 45.6562258, "longitude": 15.6078022, "population": 332 }, "geometry": { "type": "Polygon", "coordinates": [ [ [ 15.584694607826517, 45.651620391280503 ], [ 15.596880316578821, 45.670992656852775 ], [ 15.622710276239212, 45.660123130504083 ], [ 15.608222302779447, 45.644896381784044 ], [ 15.58858691739907, 45.64580850842259 ], [ 15.584694607826517, 45.651620391280503 ] ] ] } },
{ "type": "Feature", "properties": { "BM": 3576, "data": { "Oznaka Gr/Op/Dr": "grad", "Grad/općina/država": "JASTREBARSKO", "Rbr BM": 33, "Naziv BM": "PRODIN DOL", "Lokacija BM": "KUĆA ĐURĐICE PARILAC", "Adresa BM": "PRODIN DOL 2", "Glasovalo birača": 55, "Glasovalo birača (po listićima)": 55, "Važeći listići": 53, "Nevažeći listići": 2 }, "latitude": 45.7245815, "longitude": 15.6061138, "population": 76 }, "geometry": { "type": "Polygon", "coordinates": [ [ [ 15.602320414311807, 45.745012980444081 ], [ 15.602906204502013, 45.745191880182617 ], [ 15.613895802629782, 45.739236497472113 ], [ 15.611576806714723, 45.708371992890086 ], [ 15.606106494603956, 45.709876214700706 ], [ 15.603568330929832, 45.713795106730828 ], [ 15.602320414311807, 45.745012980444081 ] ] ] } },
{ "type": "Feature", "properties": { "BM": 3559, "data": { "Oznaka Gr/Op/Dr": "grad", "Grad/općina/država": "JASTREBARSKO", "Rbr BM": 16, "Naziv BM": "ČRNILOVEC", "Lokacija BM": "DOM DVD", "Adresa BM": "ČRNILOVEC", "Glasovalo birača": 63, "Glasovalo birača (po listićima)": 63, "Važeći listići": 61, "Nevažeći listići": 2 }, "latitude": 45.6735072, "longitude": 15.6150744, "population": 99 }, "geometry": { "type": "Polygon", "coordinates": [ [ [ 15.61003390527708, 45.687593367989606 ], [ 15.630783233784463, 45.679414283506837 ], [ 15.629187564684491, 45.669688074546627 ], [ 15.625721131338848, 45.660597402001926 ], [ 15.622710276239212, 45.660123130504083 ], [ 15.596880316578821, 45.670992656852775 ], [ 15.597076751932272, 45.678593723274247 ], [ 15.61003390527708, 45.687593367989606 ] ] ] } },
{ "type": "Feature", "properties": { "BM": 3583, "data": { "Oznaka Gr/Op/Dr": "grad", "Grad/općina/država": "JASTREBARSKO", "Rbr BM": 40, "Naziv BM": "NOVAKI PETROVINSKI", "Lokacija BM": "DOM DVD", "Adresa BM": "NOVAKI PETROVINSKI", "Glasovalo birača": 156, "Glasovalo birača (po listićima)": 156, "Važeći listići": 149, "Nevažeći listići": 7 }, "latitude": 45.6450398, "longitude": 15.6195586, "population": 255 }, "geometry": { "type": "Polygon", "coordinates": [ [ [ 15.608222302779447, 45.644896381784044 ], [ 15.622710276239212, 45.660123130504083 ], [ 15.625721131338848, 45.660597402001926 ], [ 15.631935810173523, 45.652803071555979 ], [ 15.634470100199069, 45.642903037576453 ], [ 15.622364144746458, 45.628990955199868 ], [ 15.608222302779447, 45.644896381784044 ] ] ] } },
{ "type": "Feature", "properties": { "BM": 3625, "data": { "Oznaka Gr/Op/Dr": "grad", "Grad/općina/država": "SAMOBOR", "Rbr BM": 31, "Naziv BM": "MALI LIPOVEC - VELIKI LIPOVEC", "Lokacija BM": "DRUŠTVENI DOM MALI LIPOVEC", "Adresa BM": "MALI LIPOVEC 44", "Glasovalo birača": 80, "Glasovalo birača (po listićima)": 80, "Važeći listići": 73, "Nevažeći listići": 7 }, "latitude": 45.7537577, "longitude": 15.6219247, "population": 98 }, "geometry": { "type": "Polygon", "coordinates": [ [ [ 15.606964383563435, 45.756152502758106 ], [ 15.623399856640127, 45.76610129811165 ], [ 15.642154716133033, 45.752441388985361 ], [ 15.64345675083149, 45.7476768606479 ], [ 15.630939252064927, 45.740133500127584 ], [ 15.622299144619411, 45.738533557058318 ], [ 15.613895802629782, 45.739236497472113 ], [ 15.602906204502013, 45.745191880182617 ], [ 15.606964383563435, 45.756152502758106 ] ] ] } },
{ "type": "Feature", "properties": { "BM": 3627, "data": { "Oznaka Gr/Op/Dr": "grad", "Grad/općina/država": "SAMOBOR", "Rbr BM": 33, "Naziv BM": "MALI LIPOVEC - VELIKI LIPOVEC", "Lokacija BM": "KUĆA MARIJANA LUKŠIĆA", "Adresa BM": "ŠIPAČKI BREG, ŠIPAČKI BREG 2/1", "Glasovalo birača": 15, "Glasovalo birača (po listićima)": 15, "Važeći listići": 15, "Nevažeći listići": 0 }, "latitude": 45.7705178, "longitude": 15.6117794, "population": 27 }, "geometry": { "type": "Polygon", "coordinates": [ [ [ 15.597549276036505, 45.78206952294493 ], [ 15.616373099525209, 45.785387557707068 ], [ 15.622864940095548, 45.781932769131359 ], [ 15.623399856640127, 45.76610129811165 ], [ 15.606964383563435, 45.756152502758106 ], [ 15.597549276036505, 45.78206952294493 ] ] ] } },
{ "type": "Feature", "properties": { "BM": 3575, "data": { "Oznaka Gr/Op/Dr": "grad", "Grad/općina/država": "JASTREBARSKO", "Rbr BM": 32, "Naziv BM": "KUPEČ DOL", "Lokacija BM": "KUĆA MIROSLAVA PLEČKA", "Adresa BM": "KUPEČ DOL 31", "Glasovalo birača": 48, "Glasovalo birača (po listićima)": 48, "Važeći listići": 43, "Nevažeći listići": 5 }, "latitude": 45.7235832, "longitude": 15.6194006, "population": 77 }, "geometry": { "type": "Polygon", "coordinates": [ [ [ 15.611576806714723, 45.708371992890086 ], [ 15.613895802629782, 45.739236497472113 ], [ 15.622299144619411, 45.738533557058318 ], [ 15.624458170657679, 45.709822027779957 ], [ 15.624079697369385, 45.709383435216068 ], [ 15.612307011576394, 45.707795372571098 ], [ 15.611576806714723, 45.708371992890086 ] ] ] } },
{ "type": "Feature", "properties": { "BM": 3599, "data": { "Oznaka Gr/Op/Dr": "grad", "Grad/općina/država": "SAMOBOR", "Rbr BM": 5, "Naziv BM": "BREGANICA I VIŠNJEVEC PODVRŠKI", "Lokacija BM": "KUĆA MARIJANA KUMERA", "Adresa BM": "BREGANICA 6", "Glasovalo birača": 31, "Glasovalo birača (po listićima)": 31, "Važeći listići": 30, "Nevažeći listići": 1 }, "latitude": 45.7975039, "longitude": 15.6261407, "population": 48 }, "geometry": { "type": "Polygon", "coordinates": [ [ [ 15.616644472870991, 45.803537756995453 ], [ 15.623033697092138, 45.811022409303483 ], [ 15.633596511117286, 45.81361803810055 ], [ 15.634463350613121, 45.811693444845211 ], [ 15.628266375500894, 45.783695688117952 ], [ 15.622864940095548, 45.781932769131359 ], [ 15.616373099525209, 45.785387557707068 ], [ 15.616644472870991, 45.803537756995453 ] ] ] } },
{ "type": "Feature", "properties": { "BM": 3613, "data": { "Oznaka Gr/Op/Dr": "grad", "Grad/općina/država": "SAMOBOR", "Rbr BM": 19, "Naziv BM": "GRDANJCI", "Lokacija BM": "KUĆA RADE BERIBAKA", "Adresa BM": "BEDER 1", "Glasovalo birača": 22, "Glasovalo birača (po listićima)": 22, "Važeći listići": 22, "Nevažeći listići": 0 }, "latitude": 45.8119694, "longitude": 15.6091951, "population": 54 }, "geometry": { "type": "Polygon", "coordinates": [ [ [ 15.608349216661956, 45.823180531307202 ], [ 15.623033697092138, 45.811022409303483 ], [ 15.616644472870991, 45.803537756995453 ], [ 15.586121648796407, 45.80832319436491 ], [ 15.608349216661956, 45.823180531307202 ] ] ] } },
{ "type": "Feature", "properties": { "BM": 3551, "data": { "Oznaka Gr/Op/Dr": "grad", "Grad/općina/država": "JASTREBARSKO", "Rbr BM": 8, "Naziv BM": "GORNJA REKA", "Lokacija BM": "DOM DVD", "Adresa BM": "GORNJA REKA", "Glasovalo birača": 196, "Glasovalo birača (po listićima)": 196, "Važeći listići": 188, "Nevažeći listići": 8 }, "latitude": 45.7068331, "longitude": 15.6388114, "population": 319 }, "geometry": { "type": "Polygon", "coordinates": [ [ [ 15.624458170657679, 45.709822027779957 ], [ 15.634319395025623, 45.716306781472703 ], [ 15.646469125708624, 45.716330869395975 ], [ 15.654564026625723, 45.710936350404872 ], [ 15.654382629957537, 45.707673234446823 ], [ 15.635431938849234, 45.695189488861878 ], [ 15.624079697369385, 45.709383435216068 ], [ 15.624458170657679, 45.709822027779957 ] ] ] } },
{ "type": "Feature", "properties": { "BM": 3615, "data": { "Oznaka Gr/Op/Dr": "grad", "Grad/općina/država": "SAMOBOR", "Rbr BM": 21, "Naziv BM": "GRDANJCI", "Lokacija BM": "DRUŠTVENI DOM JAVOREK", "Adresa BM": "JAVOREK", "Glasovalo birača": 25, "Glasovalo birača (po listićima)": 25, "Važeći listići": 24, "Nevažeći listići": 1 }, "latitude": 45.8244413, "longitude": 15.6195213, "population": 31 }, "geometry": { "type": "Polygon", "coordinates": [ [ [ 15.6111627, 45.8382952 ], [ 15.611294, 45.8381835 ], [ 15.6114306, 45.8380709 ], [ 15.6114706, 45.8380398 ], [ 15.6115777, 45.8380605 ], [ 15.6124189, 45.8379484 ], [ 15.6127264, 45.8378136 ], [ 15.6136208, 45.8375518 ], [ 15.6138928, 45.8373779 ], [ 15.6140143, 45.8373459 ], [ 15.6140709, 45.837205 ], [ 15.6140249, 45.8369709 ], [ 15.6137578, 45.8366561 ], [ 15.6130491, 45.8359383 ], [ 15.6126418, 45.8355306 ], [ 15.612647, 45.8353333 ], [ 15.6128433, 45.835136 ], [ 15.613498, 45.8349602 ], [ 15.6138867, 45.834956 ], [ 15.6142771, 45.8350241 ], [ 15.6148991, 45.8350678 ], [ 15.6154085, 45.8352815 ], [ 15.6161247, 45.8357604 ], [ 15.6165751, 45.8357116 ], [ 15.617295, 45.8355044 ], [ 15.6174993, 45.8350967 ], [ 15.6175723, 45.8348504 ], [ 15.6177536, 45.8345394 ], [ 15.6176692, 45.8341151 ], [ 15.6178575, 45.8341219 ], [ 15.6180229, 45.8340872 ], [ 15.6183141, 45.8339306 ], [ 15.6190862, 45.8340446 ], [ 15.619834, 45.8340279 ], [ 15.6203246, 45.8339481 ], [ 15.6208078, 45.8338224 ], [ 15.6210128, 45.8334751 ], [ 15.6210827, 45.8333568 ], [ 15.6214568, 45.8329779 ], [ 15.6220489, 45.8329497 ], [ 15.6227764, 45.8329572 ], [ 15.62318, 45.8329047 ], [ 15.6239109, 45.8329187 ], [ 15.6240477, 45.832869 ], [ 15.6244468, 45.8322092 ], [ 15.6254107, 45.831699 ], [ 15.6260697, 45.8315802 ], [ 15.6265149, 45.831582 ], [ 15.62681, 45.8317322 ], [ 15.626992, 45.8318816 ], [ 15.6272049, 45.8325654 ], [ 15.6280852, 45.8329594 ], [ 15.6289201, 45.8329898 ], [ 15.6290911, 45.8329288 ], [ 15.6292855, 45.8326417 ], [ 15.6296283, 45.8324078 ], [ 15.6300102, 45.832099 ], [ 15.6301081, 45.831563 ], [ 15.6301503, 45.8314815 ], [ 15.6304411, 45.8313118 ], [ 15.6311595, 45.8310432 ], [ 15.6322781, 45.8307198 ], [ 15.6326776, 45.8305804 ], [ 15.6328632, 45.830476 ], [ 15.6331029, 45.8303649 ], [ 15.633457, 45.830248 ], [ 15.6337739, 45.8300821 ], [ 15.6338373, 45.8298783 ], [ 15.6338001, 45.8294845 ], [ 15.6336897, 45.8293057 ], [ 15.6332695, 45.8290689 ], [ 15.6331002, 45.8290337 ], [ 15.6330789, 45.8285024 ], [ 15.6331686, 45.8283151 ], [ 15.6333564, 45.8280326 ], [ 15.6335611, 45.8278485 ], [ 15.6340155, 45.8277881 ], [ 15.6340514, 45.8274693 ], [ 15.6340271, 45.8271068 ], [ 15.6339421, 45.8268882 ], [ 15.6337369, 45.8267618 ], [ 15.6338307, 45.8265742 ], [ 15.6341433, 45.8262795 ], [ 15.6343413, 45.8261786 ], [ 15.6345869, 45.8259926 ], [ 15.6343893, 45.825557 ], [ 15.6347404, 45.8253086 ], [ 15.6348355, 45.8251949 ], [ 15.6349759, 45.8251265 ], [ 15.6351447, 45.8251689 ], [ 15.6353438, 45.8252795 ], [ 15.635511757103291, 45.825297343818093 ], [ 15.63565302392491, 45.81763373249639 ], [ 15.633596511117286, 45.81361803810055 ], [ 15.623033697092138, 45.811022409303483 ], [ 15.608349216661956, 45.823180531307202 ], [ 15.611075898924616, 45.838367371680654 ], [ 15.6111627, 45.8382952 ] ] ] } },
{ "type": "Feature", "properties": { "BM": 3558, "data": { "Oznaka Gr/Op/Dr": "grad", "Grad/općina/država": "JASTREBARSKO", "Rbr BM": 15, "Naziv BM": "MALUNJE", "Lokacija BM": "DOM DVD", "Adresa BM": "MALUNJE", "Glasovalo birača": 215, "Glasovalo birača (po listićima)": 215, "Važeći listići": 209, "Nevažeći listići": 6 }, "latitude": 45.6944514, "longitude": 15.6233303, "population": 313 }, "geometry": { "type": "Polygon", "coordinates": [ [ [ 15.624079697369385, 45.709383435216068 ], [ 15.635431938849234, 45.695189488861878 ], [ 15.635045651192437, 45.682812231263846 ], [ 15.630783233784463, 45.679414283506837 ], [ 15.61003390527708, 45.687593367989606 ], [ 15.612307011576394, 45.707795372571098 ], [ 15.624079697369385, 45.709383435216068 ] ] ] } },
{ "type": "Feature", "properties": { "BM": 3581, "data": { "Oznaka Gr/Op/Dr": "grad", "Grad/općina/država": "JASTREBARSKO", "Rbr BM": 38, "Naziv BM": "DOMAGOVIĆ", "Lokacija BM": "DOM DVD", "Adresa BM": "DOMAGOVIĆ", "Glasovalo birača": 280, "Glasovalo birača (po listićima)": 280, "Važeći listići": 276, "Nevažeći listići": 4 }, "latitude": 45.6284298, "longitude": 15.6386467, "population": 445 }, "geometry": { "type": "Polygon", "coordinates": [ [ [ 15.634470100199069, 45.642903037576453 ], [ 15.658240383287376, 45.634942439325961 ], [ 15.681847474773351, 45.598127406478639 ], [ 15.679422972193018, 45.580079510716708 ], [ 15.620989649419521, 45.620600980375102 ], [ 15.622364144746458, 45.628990955199868 ], [ 15.634470100199069, 45.642903037576453 ] ] ] } },
{ "type": "Feature", "properties": { "BM": 3587, "data": { "Oznaka Gr/Op/Dr": "grad", "Grad/općina/država": "JASTREBARSKO", "Rbr BM": 44, "Naziv BM": "JASTREBARSKO III", "Lokacija BM": "ZGRADA HRVATSKOG ŠUMARSKOG INSTITUTA", "Adresa BM": "CVJETNO NASELJE 41, JASTREBARSKO", "Glasovalo birača": 308, "Glasovalo birača (po listićima)": 308, "Važeći listići": 294, "Nevažeći listići": 14 }, "latitude": 45.6687976, "longitude": 15.6437812, "population": 417 }, "geometry": { "type": "Polygon", "coordinates": [ [ [ 15.630783233784463, 45.679414283506837 ], [ 15.635045651192437, 45.682812231263846 ], [ 15.635324765902888, 45.682770950184043 ], [ 15.647445018650942, 45.668862145308687 ], [ 15.648889454654148, 45.664391421916058 ], [ 15.629187564684491, 45.669688074546627 ], [ 15.630783233784463, 45.679414283506837 ] ] ] } },
{ "type": "Feature", "properties": { "BM": 3931, "data": { "Oznaka Gr/Op/Dr": "općina", "Grad/općina/država": "BRDOVEC", "Rbr BM": 12, "Naziv BM": "VUKOVO SELO", "Lokacija BM": "DRUŠTVENI DOM VUKOVO SELO", "Adresa BM": "VUKOVO SELO, RIBIČKA 1", "Glasovalo birača": 242, "Glasovalo birača (po listićima)": 242, "Važeći listići": 238, "Nevažeći listići": 4 }, "latitude": 45.9038043, "longitude": 15.682927, "population": 393 }, "geometry": { "type": "Polygon", "coordinates": [ [ [ 15.6815118, 45.8978093 ], [ 15.6815565, 45.8979714 ], [ 15.6815802, 45.8979971 ], [ 15.6817706, 45.8981884 ], [ 15.6819332, 45.8983571 ], [ 15.6819201, 45.8984324 ], [ 15.6819829, 45.8988092 ], [ 15.6818754, 45.8991355 ], [ 15.6819, 45.8991867 ], [ 15.6819394, 45.8992684 ], [ 15.6819518, 45.8994294 ], [ 15.6819646, 45.8996306 ], [ 15.6819108, 45.899866 ], [ 15.6818551, 45.8999873 ], [ 15.6816954, 45.9002235 ], [ 15.6817202, 45.9005588 ], [ 15.6817896, 45.9006926 ], [ 15.6820136, 45.9008586 ], [ 15.6821504, 45.9009918 ], [ 15.682221, 45.9011858 ], [ 15.6821953, 45.9013807 ], [ 15.6821308, 45.9015557 ], [ 15.6819513, 45.9017452 ], [ 15.6817122, 45.9018276 ], [ 15.6814511, 45.9017492 ], [ 15.681457, 45.9015209 ], [ 15.6815104, 45.9012586 ], [ 15.6814772, 45.9009971 ], [ 15.6813397, 45.900817 ], [ 15.6812171, 45.9007332 ], [ 15.6811479, 45.9007851 ], [ 15.6810635, 45.9007407 ], [ 15.6810164, 45.9007502 ], [ 15.6810001, 45.9006693 ], [ 15.6809133, 45.9006788 ], [ 15.6808508, 45.9007102 ], [ 15.6807824, 45.9007529 ], [ 15.6807739, 45.9007778 ], [ 15.6805508, 45.9008662 ], [ 15.6803611, 45.9010288 ], [ 15.6802098, 45.9011844 ], [ 15.6801358, 45.9013595 ], [ 15.6800435, 45.901602 ], [ 15.6800753, 45.9017896 ], [ 15.680203, 45.9019497 ], [ 15.6802815, 45.9020174 ], [ 15.6803032, 45.9019596 ], [ 15.6804555, 45.90213 ], [ 15.6804719, 45.9021641 ], [ 15.6804921, 45.902297 ], [ 15.6804812, 45.9024187 ], [ 15.6804384, 45.9025121 ], [ 15.6803783, 45.902598 ], [ 15.6802256, 45.9027992 ], [ 15.6799807, 45.9030823 ], [ 15.6798882, 45.9033187 ], [ 15.67985, 45.9034192 ], [ 15.6798114, 45.9035516 ], [ 15.6797728, 45.9038858 ], [ 15.6797526, 45.9039428 ], [ 15.6796111, 45.9042022 ], [ 15.679475, 45.9044979 ], [ 15.6795784, 45.9045661 ], [ 15.6800226, 45.904636 ], [ 15.6800853, 45.90467 ], [ 15.680412, 45.9050023 ], [ 15.6805663, 45.9050577 ], [ 15.6807121, 45.9051769 ], [ 15.6808097, 45.9053036 ], [ 15.680968, 45.9054152 ], [ 15.6810576, 45.9054632 ], [ 15.6811792, 45.9056817 ], [ 15.6812807, 45.9057903 ], [ 15.6813472, 45.9058293 ], [ 15.6814366, 45.9058468 ], [ 15.6816939, 45.9058293 ], [ 15.6820917, 45.9058023 ], [ 15.6824902, 45.905908 ], [ 15.6829154, 45.9060393 ], [ 15.6829493, 45.9060435 ], [ 15.6831833, 45.9062045 ], [ 15.6836231, 45.9062578 ], [ 15.684064, 45.9063227 ], [ 15.684129, 45.9063983 ], [ 15.6841501, 45.9065739 ], [ 15.6841716, 45.906987 ], [ 15.6842018, 45.9070037 ], [ 15.6843398, 45.9071368 ], [ 15.68434, 45.9071411 ], [ 15.6843619, 45.9073759 ], [ 15.6841689, 45.9072562 ], [ 15.6841508, 45.9074342 ], [ 15.6841589, 45.9075039 ], [ 15.6842228, 45.9076103 ], [ 15.6842945, 45.9076871 ], [ 15.6843634, 45.9077529 ], [ 15.6847708, 45.9080729 ], [ 15.6848226, 45.908123 ], [ 15.684857, 45.9081642 ], [ 15.6848379, 45.9083261 ], [ 15.6850777, 45.9084592 ], [ 15.6853899, 45.908572 ], [ 15.685529, 45.9085678 ], [ 15.6858601, 45.9085008 ], [ 15.6864377, 45.908423 ], [ 15.6866497, 45.9084346 ], [ 15.687012, 45.9085751 ], [ 15.6872011, 45.9086778 ], [ 15.6874139, 45.9088257 ], [ 15.6876093, 45.909023 ], [ 15.6878718, 45.9093377 ], [ 15.6884158, 45.9097321 ], [ 15.6888236, 45.909962 ], [ 15.689704, 45.9103808 ], [ 15.690082, 45.9105078 ], [ 15.6903832, 45.9105773 ], [ 15.690974, 45.9107701 ], [ 15.6911784, 45.9108927 ], [ 15.691427, 45.9111517 ], [ 15.6918174, 45.9114311 ], [ 15.6919651, 45.9115627 ], [ 15.6921843, 45.9118175 ], [ 15.6922843, 45.9119653 ], [ 15.6922863, 45.9120808 ], [ 15.6920708, 45.9122649 ], [ 15.6920372, 45.9122935 ], [ 15.691707, 45.912401 ], [ 15.6915573, 45.9124065 ], [ 15.6914768, 45.9124096 ], [ 15.6910578, 45.9123978 ], [ 15.6907195, 45.9124242 ], [ 15.6905209, 45.9124397 ], [ 15.6902181, 45.9125741 ], [ 15.6901371, 45.9126101 ], [ 15.6902308, 45.9126981 ], [ 15.6901549, 45.912753 ], [ 15.6900465, 45.9126501 ], [ 15.6899903, 45.912675 ], [ 15.6899082, 45.9128275 ], [ 15.6898792, 45.9129962 ], [ 15.6899503, 45.9131279 ], [ 15.6902697, 45.9133951 ], [ 15.6907364, 45.9135426 ], [ 15.6909963, 45.913509 ], [ 15.6911364, 45.9134908 ], [ 15.6912623, 45.9134746 ], [ 15.6915092, 45.9134428 ], [ 15.6916508, 45.9133931 ], [ 15.6917974, 45.9133156 ], [ 15.69203120056693, 45.913191959427301 ], [ 15.695866959942643, 45.906095762545455 ], [ 15.690714580292354, 45.900061782936753 ], [ 15.681318168446177, 45.897337466893546 ], [ 15.6814128, 45.8975511 ], [ 15.6815118, 45.8978093 ] ] ] } },
{ "type": "Feature", "properties": { "BM": 3626, "data": { "Oznaka Gr/Op/Dr": "grad", "Grad/općina/država": "SAMOBOR", "Rbr BM": 32, "Naziv BM": "MALI LIPOVEC - VELIKI LIPOVEC", "Lokacija BM": "VATROGASNI DOM VELIKI LIPOVEC", "Adresa BM": "VELIKI LIPOVEC", "Glasovalo birača": 50, "Glasovalo birača (po listićima)": 50, "Važeći listići": 48, "Nevažeći listići": 2 }, "latitude": 45.7712921, "longitude": 15.6346957, "population": 76 }, "geometry": { "type": "Polygon", "coordinates": [ [ [ 15.622864940095548, 45.781932769131359 ], [ 15.628266375500894, 45.783695688117952 ], [ 15.636437846577126, 45.78324505827284 ], [ 15.648865861974519, 45.77431049726934 ], [ 15.642154716133033, 45.752441388985361 ], [ 15.623399856640127, 45.76610129811165 ], [ 15.622864940095548, 45.781932769131359 ] ] ] } },
{ "type": "Feature", "properties": { "BM": 3585, "data": { "Oznaka Gr/Op/Dr": "grad", "Grad/općina/država": "JASTREBARSKO", "Rbr BM": 42, "Naziv BM": "JASTREBARSKO I", "Lokacija BM": "ZGRADA HAK-A", "Adresa BM": "TREŠNJEVKA 4, JASTREBARSKO", "Glasovalo birača": 308, "Glasovalo birača (po listićima)": 308, "Važeći listići": 294, "Nevažeći listići": 14 }, "latitude": 45.6631407, "longitude": 15.6422604, "population": 447 }, "geometry": { "type": "Polygon", "coordinates": [ [ [ 15.625721131338848, 45.660597402001926 ], [ 15.629187564684491, 45.669688074546627 ], [ 15.648889454654148, 45.664391421916058 ], [ 15.652485016380721, 45.660620610611169 ], [ 15.631935810173523, 45.652803071555979 ], [ 15.625721131338848, 45.660597402001926 ] ] ] } },
{ "type": "Feature", "properties": { "BM": 3556, "data": { "Oznaka Gr/Op/Dr": "grad", "Grad/općina/država": "JASTREBARSKO", "Rbr BM": 13, "Naziv BM": "VRANOV DOL", "Lokacija BM": "DOM DVD", "Adresa BM": "VRANOV DOL", "Glasovalo birača": 79, "Glasovalo birača (po listićima)": 79, "Važeći listići": 77, "Nevažeći listići": 2 }, "latitude": 45.7241848, "longitude": 15.6274009, "population": 113 }, "geometry": { "type": "Polygon", "coordinates": [ [ [ 15.622299144619411, 45.738533557058318 ], [ 15.630939252064927, 45.740133500127584 ], [ 15.634319395025623, 45.716306781472703 ], [ 15.624458170657679, 45.709822027779957 ], [ 15.622299144619411, 45.738533557058318 ] ] ] } },
{ "type": "Feature", "properties": { "BM": 3654, "data": { "Oznaka Gr/Op/Dr": "grad", "Grad/općina/država": "SAMOBOR", "Rbr BM": 60, "Naziv BM": "SLANI DOL", "Lokacija BM": "ZGRADA PARKA PRIRODE ŽUMBERAK", "Adresa BM": "SLANI DOL 1", "Glasovalo birača": 99, "Glasovalo birača (po listićima)": 99, "Važeći listići": 98, "Nevažeći listići": 1 }, "latitude": 45.7953171, "longitude": 15.6360206, "population": 156 }, "geometry": { "type": "Polygon", "coordinates": [ [ [ 15.634463350613121, 45.811693444845211 ], [ 15.641590917927859, 45.803821632470019 ], [ 15.643263344326977, 45.794797139160018 ], [ 15.636437846577126, 45.78324505827284 ], [ 15.628266375500894, 45.783695688117952 ], [ 15.634463350613121, 45.811693444845211 ] ] ] } },
{ "type": "Feature", "properties": { "BM": 3555, "data": { "Oznaka Gr/Op/Dr": "grad", "Grad/općina/država": "JASTREBARSKO", "Rbr BM": 12, "Naziv BM": "PRILIPJE", "Lokacija BM": "DRUŠTVENI DOM", "Adresa BM": "PRILIPJE", "Glasovalo birača": 138, "Glasovalo birača (po listićima)": 138, "Važeći listići": 130, "Nevažeći listići": 8 }, "latitude": 45.7257982, "longitude": 15.6387738, "population": 164 }, "geometry": { "type": "Polygon", "coordinates": [ [ [ 15.64345675083149, 45.7476768606479 ], [ 15.643494834679933, 45.747656720780284 ], [ 15.643599644579108, 45.747194007167003 ], [ 15.646469125708624, 45.716330869395975 ], [ 15.634319395025623, 45.716306781472703 ], [ 15.630939252064927, 45.740133500127584 ], [ 15.64345675083149, 45.7476768606479 ] ] ] } },
{ "type": "Feature", "properties": { "BM": 3655, "data": { "Oznaka Gr/Op/Dr": "grad", "Grad/općina/država": "SAMOBOR", "Rbr BM": 61, "Naziv BM": "SLANI DOL", "Lokacija BM": "KUĆA ANĐELE PRIŠLIN", "Adresa BM": "VRATNIK SAMOBORSKI, VRATNIK 19", "Glasovalo birača": 49, "Glasovalo birača (po listićima)": 49, "Važeći listići": 49, "Nevažeći listići": 0 }, "latitude": 45.8085227, "longitude": 15.6506051, "population": 75 }, "geometry": { "type": "Polygon", "coordinates": [ [ [ 15.634463350613121, 45.811693444845211 ], [ 15.633596511117286, 45.81361803810055 ], [ 15.63565302392491, 45.81763373249639 ], [ 15.659970481283382, 45.816281788808979 ], [ 15.66398319894131, 45.806212927896048 ], [ 15.663940454540262, 45.802212729540322 ], [ 15.641590917927859, 45.803821632470019 ], [ 15.634463350613121, 45.811693444845211 ] ] ] } },
{ "type": "Feature", "properties": { "BM": 3557, "data": { "Oznaka Gr/Op/Dr": "grad", "Grad/općina/država": "JASTREBARSKO", "Rbr BM": 14, "Naziv BM": "JURJEVČANI", "Lokacija BM": "DRUŠTVENI DOM", "Adresa BM": "JURJEVČANI", "Glasovalo birača": 44, "Glasovalo birača (po listićima)": 44, "Važeći listići": 44, "Nevažeći listići": 0 }, "latitude": 45.7299661, "longitude": 15.6571742, "population": 69 }, "geometry": { "type": "Polygon", "coordinates": [ [ [ 15.643494834679933, 45.747656720780284 ], [ 15.66117779388979, 45.746754499706697 ], [ 15.680994293067227, 45.734320490205377 ], [ 15.664573555383216, 45.718098551822585 ], [ 15.661777536463443, 45.716682120634829 ], [ 15.643599644579108, 45.747194007167003 ], [ 15.643494834679933, 45.747656720780284 ] ] ] } },
{ "type": "Feature", "properties": { "BM": 3656, "data": { "Oznaka Gr/Op/Dr": "grad", "Grad/općina/država": "SAMOBOR", "Rbr BM": 62, "Naziv BM": "SLANI DOL", "Lokacija BM": "KUĆA KREŠE BIŠĆANA", "Adresa BM": "DRAGANJE SELO 38", "Glasovalo birača": 49, "Glasovalo birača (po listićima)": 49, "Važeći listići": 46, "Nevažeći listići": 3 }, "latitude": 45.7978779, "longitude": 15.6498388, "population": 68 }, "geometry": { "type": "Polygon", "coordinates": [ [ [ 15.641590917927859, 45.803821632470019 ], [ 15.663940454540262, 45.802212729540322 ], [ 15.669185373079802, 45.788253420165027 ], [ 15.668403116315368, 45.787602054699462 ], [ 15.643263344326977, 45.794797139160018 ], [ 15.641590917927859, 45.803821632470019 ] ] ] } },
{ "type": "Feature", "properties": { "BM": 3560, "data": { "Oznaka Gr/Op/Dr": "grad", "Grad/općina/država": "JASTREBARSKO", "Rbr BM": 17, "Naziv BM": "CVETKOVIĆ", "Lokacija BM": "DOM DVD", "Adresa BM": "CVETKOVIĆ", "Glasovalo birača": 297, "Glasovalo birača (po listićima)": 297, "Važeći listići": 287, "Nevažeći listići": 10 }, "latitude": 45.6519418, "longitude": 15.6465208, "population": 477 }, "geometry": { "type": "Polygon", "coordinates": [ [ [ 15.631935810173523, 45.652803071555979 ], [ 15.652485016380721, 45.660620610611169 ], [ 15.660025120956744, 45.659060690176993 ], [ 15.658240383287376, 45.634942439325961 ], [ 15.634470100199069, 45.642903037576453 ], [ 15.631935810173523, 45.652803071555979 ] ] ] } },
{ "type": "Feature", "properties": { "BM": 3658, "data": { "Oznaka Gr/Op/Dr": "grad", "Grad/općina/država": "SAMOBOR", "Rbr BM": 64, "Naziv BM": "SMEROVIŠĆE", "Lokacija BM": "OSNOVNA ŠKOLA U SMEROVIŠĆU", "Adresa BM": "SMEROVIŠĆE", "Glasovalo birača": 123, "Glasovalo birača (po listićima)": 123, "Važeći listići": 120, "Nevažeći listići": 3 }, "latitude": 45.788704, "longitude": 15.6472132, "population": 201 }, "geometry": { "type": "Polygon", "coordinates": [ [ [ 15.636437846577126, 45.78324505827284 ], [ 15.643263344326977, 45.794797139160018 ], [ 15.668403116315368, 45.787602054699462 ], [ 15.66355901685753, 45.781225344100349 ], [ 15.648865861974519, 45.77431049726934 ], [ 15.636437846577126, 45.78324505827284 ] ] ] } },
{ "type": "Feature", "properties": { "BM": 3550, "data": { "Oznaka Gr/Op/Dr": "grad", "Grad/općina/država": "JASTREBARSKO", "Rbr BM": 7, "Naziv BM": "DONJA REKA", "Lokacija BM": "PROSTORIJE TRGOVINE \"IVANČIĆ\", VL. MIRJANA IVANČIĆ", "Adresa BM": "DONJA REKA 35 A", "Glasovalo birača": 198, "Glasovalo birača (po listićima)": 198, "Važeći listići": 191, "Nevažeći listići": 7 }, "latitude": 45.6936982, "longitude": 15.647464, "population": 284 }, "geometry": { "type": "Polygon", "coordinates": [ [ [ 15.635431938849234, 45.695189488861878 ], [ 15.654382629957537, 45.707673234446823 ], [ 15.656956461370727, 45.702644542153081 ], [ 15.64805475031782, 45.683662968480036 ], [ 15.645802239641529, 45.683040646793067 ], [ 15.635324765902888, 45.682770950184043 ], [ 15.635045651192437, 45.682812231263846 ], [ 15.635431938849234, 45.695189488861878 ] ] ] } },
{ "type": "Feature", "properties": { "BM": 3554, "data": { "Oznaka Gr/Op/Dr": "grad", "Grad/općina/država": "JASTREBARSKO", "Rbr BM": 11, "Naziv BM": "PLEŠIVICA", "Lokacija BM": "DOM DVD PLEŠIVICA", "Adresa BM": "PLEŠIVICA", "Glasovalo birača": 171, "Glasovalo birača (po listićima)": 171, "Važeći listići": 162, "Nevažeći listići": 9 }, "latitude": 45.7270546, "longitude": 15.6522872, "population": 256 }, "geometry": { "type": "Polygon", "coordinates": [ [ [ 15.646469125708624, 45.716330869395975 ], [ 15.643599644579108, 45.747194007167003 ], [ 15.661777536463443, 45.716682120634829 ], [ 15.654564026625723, 45.710936350404872 ], [ 15.646469125708624, 45.716330869395975 ] ] ] } },
{ "type": "Feature", "properties": { "BM": 3596, "data": { "Oznaka Gr/Op/Dr": "grad", "Grad/općina/država": "SAMOBOR", "Rbr BM": 2, "Naziv BM": "BRASLOVJE", "Lokacija BM": "DRUŠTVENI DOM BRASLOVJE", "Adresa BM": "BRASLOVJE", "Glasovalo birača": 178, "Glasovalo birača (po listićima)": 176, "Važeći listići": 169, "Nevažeći listići": 7 }, "latitude": 45.7638632, "longitude": 15.6589037, "population": 279 }, "geometry": { "type": "Polygon", "coordinates": [ [ [ 15.64345675083149, 45.7476768606479 ], [ 15.642154716133033, 45.752441388985361 ], [ 15.648865861974519, 45.77431049726934 ], [ 15.66355901685753, 45.781225344100349 ], [ 15.667618904113684, 45.763011020881727 ], [ 15.66117779388979, 45.746754499706697 ], [ 15.643494834679933, 45.747656720780284 ], [ 15.64345675083149, 45.7476768606479 ] ] ] } },
{ "type": "Feature", "properties": { "BM": 3589, "data": { "Oznaka Gr/Op/Dr": "grad", "Grad/općina/država": "JASTREBARSKO", "Rbr BM": 46, "Naziv BM": "JASTREBARSKO V", "Lokacija BM": "CENTAR ZA KULTURU JASTREBARSKO", "Adresa BM": "DR. FRANJE TUĐMANA 9, JASTREBARSKO", "Glasovalo birača": 104, "Glasovalo birača (po listićima)": 104, "Važeći listići": 102, "Nevažeći listići": 2 }, "latitude": 45.6709535, "longitude": 15.650454, "population": 142 }, "geometry": { "type": "Polygon", "coordinates": [ [ [ 15.652485016380721, 45.660620610611169 ], [ 15.648889454654148, 45.664391421916058 ], [ 15.647445018650942, 45.668862145308687 ], [ 15.64933949640667, 45.671889816108596 ], [ 15.655143105291783, 45.669504100831638 ], [ 15.662433047282709, 45.661578942915767 ], [ 15.660025120956744, 45.659060690176993 ], [ 15.652485016380721, 45.660620610611169 ] ] ] } },
{ "type": "Feature", "properties": { "BM": 3590, "data": { "Oznaka Gr/Op/Dr": "grad", "Grad/općina/država": "JASTREBARSKO", "Rbr BM": 47, "Naziv BM": "JASTREBARSKO VI", "Lokacija BM": "ZGRADA GLAZBENE ŠKOLE JASTREBARSKO", "Adresa BM": "ZRINSKI-FRANKOPANSKA 13, JASTREBARSKO", "Glasovalo birača": 196, "Glasovalo birača (po listićima)": 196, "Važeći listići": 187, "Nevažeći listići": 9 }, "latitude": 45.6724827, "longitude": 15.6480101, "population": 263 }, "geometry": { "type": "Polygon", "coordinates": [ [ [ 15.635324765902888, 45.682770950184043 ], [ 15.645802239641529, 45.683040646793067 ], [ 15.649313481707617, 45.675771223955735 ], [ 15.649759112395449, 45.673530396015785 ], [ 15.64933949640667, 45.671889816108596 ], [ 15.647445018650942, 45.668862145308687 ], [ 15.635324765902888, 45.682770950184043 ] ] ] } },
{ "type": "Feature", "properties": { "BM": 3588, "data": { "Oznaka Gr/Op/Dr": "grad", "Grad/općina/država": "JASTREBARSKO", "Rbr BM": 45, "Naziv BM": "JASTREBARSKO IV", "Lokacija BM": "DJEČJI VRTIĆ \"RADOST II\"", "Adresa BM": "BANA TOME ERDEDIJA BAKAČA 2, JASTREBARSKO", "Glasovalo birača": 278, "Glasovalo birača (po listićima)": 278, "Važeći listići": 267, "Nevažeći listići": 11 }, "latitude": 45.6717716, "longitude": 15.6507903, "population": 405 }, "geometry": { "type": "Polygon", "coordinates": [ [ [ 15.649759112395449, 45.673530396015785 ], [ 15.654522310855709, 45.670314910808656 ], [ 15.655143105291783, 45.669504100831638 ], [ 15.64933949640667, 45.671889816108596 ], [ 15.649759112395449, 45.673530396015785 ] ] ] } },
{ "type": "Feature", "properties": { "BM": 3593, "data": { "Oznaka Gr/Op/Dr": "grad", "Grad/općina/država": "JASTREBARSKO", "Rbr BM": 50, "Naziv BM": "JASTREBARSKO IX", "Lokacija BM": "PROSTORIJE TURISTIČKE ZAJEDNICE GRADA JASTREBARSKOG", "Adresa BM": "VLADKA MAČEKA 2, JASTREBARSKO", "Glasovalo birača": 494, "Glasovalo birača (po listićima)": 494, "Važeći listići": 483, "Nevažeći listići": 11 }, "latitude": 45.6742977, "longitude": 15.6540896, "population": 674 }, "geometry": { "type": "Polygon", "coordinates": [ [ [ 15.654522310855709, 45.670314910808656 ], [ 15.653692995746516, 45.672114729182319 ], [ 15.653316581325317, 45.67428181252432 ], [ 15.655774897985314, 45.681873592478276 ], [ 15.668203461033523, 45.680204558411312 ], [ 15.669896389978309, 45.679033783342895 ], [ 15.675144771074816, 45.671136479125316 ], [ 15.662433047282709, 45.661578942915767 ], [ 15.655143105291783, 45.669504100831638 ], [ 15.654522310855709, 45.670314910808656 ] ] ] } },
{ "type": "Feature", "properties": { "BM": 3591, "data": { "Oznaka Gr/Op/Dr": "grad", "Grad/općina/država": "JASTREBARSKO", "Rbr BM": 48, "Naziv BM": "JASTREBARSKO VII", "Lokacija BM": "DVORIŠNA ZGRADA OPĆINSKOG SUDA", "Adresa BM": "BRAĆE KAZIĆ 6, JASTREBARSKO", "Glasovalo birača": 348, "Glasovalo birača (po listićima)": 348, "Važeći listići": 342, "Nevažeći listići": 6 }, "latitude": 45.6732316, "longitude": 15.6517759, "population": 485 }, "geometry": { "type": "Polygon", "coordinates": [ [ [ 15.651188301207872, 45.67462904563336 ], [ 15.653692995746516, 45.672114729182319 ], [ 15.654522310855709, 45.670314910808656 ], [ 15.649759112395449, 45.673530396015785 ], [ 15.649313481707617, 45.675771223955735 ], [ 15.651188301207872, 45.67462904563336 ] ] ] } },
{ "type": "Feature", "properties": { "BM": 3594, "data": { "Oznaka Gr/Op/Dr": "grad", "Grad/općina/država": "JASTREBARSKO", "Rbr BM": 51, "Naziv BM": "JASTREBARSKO X", "Lokacija BM": "DOM DVD JASTREBARSKO", "Adresa BM": "TOME MIKLOUŠIĆA 2, JASTREBARSKO", "Glasovalo birača": 384, "Glasovalo birača (po listićima)": 384, "Važeći listići": 370, "Nevažeći listići": 14 }, "latitude": 45.6747478, "longitude": 15.6526996, "population": 585 }, "geometry": { "type": "Polygon", "coordinates": [ [ [ 15.649313481707617, 45.675771223955735 ], [ 15.645802239641529, 45.683040646793067 ], [ 15.64805475031782, 45.683662968480036 ], [ 15.655774897985314, 45.681873592478276 ], [ 15.653316581325317, 45.67428181252432 ], [ 15.651188301207872, 45.67462904563336 ], [ 15.649313481707617, 45.675771223955735 ] ] ] } },
{ "type": "Feature", "properties": { "BM": 3612, "data": { "Oznaka Gr/Op/Dr": "grad", "Grad/općina/država": "SAMOBOR", "Rbr BM": 18, "Naziv BM": "GRDANJCI", "Lokacija BM": "DRUŠTVENI DOM GRDANJCI", "Adresa BM": "GRDANJCI", "Glasovalo birača": 183, "Glasovalo birača (po listićima)": 183, "Važeći listići": 175, "Nevažeći listići": 8 }, "latitude": 45.8250312, "longitude": 15.6515229, "population": 264 }, "geometry": { "type": "Polygon", "coordinates": [ [ [ 15.6357316, 45.8253207 ], [ 15.6360351, 45.8251731 ], [ 15.6360615, 45.8249966 ], [ 15.6363991, 45.8246474 ], [ 15.6366893, 45.8246143 ], [ 15.6367931, 45.8246525 ], [ 15.6368471, 45.8247253 ], [ 15.6371265, 45.8247154 ], [ 15.6375109, 45.8245936 ], [ 15.6376403, 45.8243462 ], [ 15.6378091, 45.8240964 ], [ 15.6380626, 45.8239458 ], [ 15.6385979, 45.8237097 ], [ 15.6390921, 45.8232768 ], [ 15.6394613, 45.8228787 ], [ 15.6395384, 45.8227171 ], [ 15.6395139, 45.8225494 ], [ 15.6394083, 45.8223475 ], [ 15.6395563, 45.8219969 ], [ 15.6395384, 45.8218718 ], [ 15.6397086, 45.8216996 ], [ 15.6400277, 45.8215377 ], [ 15.640517, 45.8213427 ], [ 15.6408241, 45.8210605 ], [ 15.6410354, 45.8209111 ], [ 15.6418416, 45.8204525 ], [ 15.6418987, 45.82042 ], [ 15.6422726, 45.8204166 ], [ 15.6426981, 45.8205844 ], [ 15.6430255, 45.8207723 ], [ 15.6431635, 45.8210061 ], [ 15.6432365, 45.821162 ], [ 15.643358, 45.8212816 ], [ 15.6435492, 45.8214889 ], [ 15.6437569, 45.8216687 ], [ 15.6438064, 45.8220465 ], [ 15.6440736, 45.8223259 ], [ 15.6442339, 45.8227442 ], [ 15.6446318, 45.8232029 ], [ 15.6448889, 45.8233243 ], [ 15.6455141, 45.8234495 ], [ 15.646052, 45.8237062 ], [ 15.6464944, 45.8240854 ], [ 15.6465472, 45.8242606 ], [ 15.6465961, 45.8244134 ], [ 15.646732, 45.8246411 ], [ 15.6470302, 45.8248564 ], [ 15.6472816, 45.8249108 ], [ 15.6476594, 45.8249072 ], [ 15.6479831, 45.825097 ], [ 15.6480251, 45.8254291 ], [ 15.6479348, 45.8258032 ], [ 15.647819, 45.8261058 ], [ 15.6478391, 45.8263814 ], [ 15.6480648, 45.8265702 ], [ 15.6483611, 45.8266992 ], [ 15.6484363, 45.8267404 ], [ 15.6486255, 45.8268439 ], [ 15.6488272, 45.8270232 ], [ 15.6489727, 45.8271888 ], [ 15.6493747, 45.8278503 ], [ 15.6497542, 45.8285184 ], [ 15.6501155, 45.8292041 ], [ 15.6504417, 45.8304159 ], [ 15.6507263, 45.8308996 ], [ 15.6509256, 45.8310067 ], [ 15.6512483, 45.8310256 ], [ 15.6520534, 45.8310073 ], [ 15.6523473, 45.8311642 ], [ 15.6522789, 45.8313899 ], [ 15.6524771, 45.8316303 ], [ 15.6528867, 45.8318481 ], [ 15.6532816, 45.8321274 ], [ 15.6533754, 45.8324134 ], [ 15.6538952, 45.8329749 ], [ 15.65424, 45.8332181 ], [ 15.6546431, 45.8333704 ], [ 15.6550917, 45.8334643 ], [ 15.6555471, 45.8333657 ], [ 15.6556281, 45.8335211 ], [ 15.6556759, 45.8338472 ], [ 15.6557985, 45.8340204 ], [ 15.6561641, 45.8343909 ], [ 15.6564782, 45.8345114 ], [ 15.6568279, 45.8348712 ], [ 15.6570989, 45.8350569 ], [ 15.6575902, 45.8351976 ], [ 15.6586822, 45.8359053 ], [ 15.6589426, 45.8360853 ], [ 15.6590936, 45.8360984 ], [ 15.6593603, 45.8361939 ], [ 15.6595477, 45.8365836 ], [ 15.6601406, 45.836883 ], [ 15.660422, 45.836924 ], [ 15.6609134, 45.8370682 ], [ 15.661491, 45.8373859 ], [ 15.662361, 45.8382301 ], [ 15.6628647, 45.8384759 ], [ 15.6629803, 45.8385402 ], [ 15.6629526, 45.8387255 ], [ 15.6629523, 45.8387563 ], [ 15.6629403, 45.8388999 ], [ 15.6629378, 45.839045 ], [ 15.6632347, 45.8393545 ], [ 15.6634803, 45.8396934 ], [ 15.6635983, 45.8398133 ], [ 15.6637903, 45.8400663 ], [ 15.6640213, 45.8401521 ], [ 15.6644208, 45.8402612 ], [ 15.6647583, 45.8409107 ], [ 15.6648134, 45.8409824 ], [ 15.665235, 45.8413688 ], [ 15.6656581, 45.841407 ], [ 15.665746, 45.8413808 ], [ 15.66599948762433, 45.841409781771517 ], [ 15.665999487624331, 45.841409781771517 ], [ 15.667476490391865, 45.83573936854151 ], [ 15.659970481283382, 45.816281788808979 ], [ 15.63565302392491, 45.81763373249639 ], [ 15.635511757103291, 45.825297343818093 ], [ 15.6357316, 45.8253207 ] ] ] } },
{ "type": "Feature", "properties": { "BM": 3547, "data": { "Oznaka Gr/Op/Dr": "grad", "Grad/općina/država": "JASTREBARSKO", "Rbr BM": 4, "Naziv BM": "LOKOŠIN DOL", "Lokacija BM": "PROSTORIJE \"MOTO CROSS KLUBA JASKA\", MLADINA", "Adresa BM": "MLADINA", "Glasovalo birača": 53, "Glasovalo birača (po listićima)": 53, "Važeći listići": 53, "Nevažeći listići": 0 }, "latitude": 45.7051124, "longitude": 15.6697648, "population": 83 }, "geometry": { "type": "Polygon", "coordinates": [ [ [ 15.654382629957537, 45.707673234446823 ], [ 15.654564026625723, 45.710936350404872 ], [ 15.661777536463443, 45.716682120634829 ], [ 15.664573555383216, 45.718098551822585 ], [ 15.678539523041918, 45.701200983140467 ], [ 15.676457034995092, 45.699543091857393 ], [ 15.658302843052271, 45.70146072571179 ], [ 15.656956461370727, 45.702644542153081 ], [ 15.654382629957537, 45.707673234446823 ] ] ] } },
{ "type": "Feature", "properties": { "BM": 3592, "data": { "Oznaka Gr/Op/Dr": "grad", "Grad/općina/država": "JASTREBARSKO", "Rbr BM": 49, "Naziv BM": "JASTREBARSKO VIII", "Lokacija BM": "ZGRADA GRADSKE UPRAVE", "Adresa BM": "TRG J.J.STROSSMAYERA 13, JASTREBARSKO", "Glasovalo birača": 407, "Glasovalo birača (po listićima)": 407, "Važeći listići": 399, "Nevažeći listići": 8 }, "latitude": 45.674036093112697, "longitude": 15.652583483614199, "population": 587 }, "geometry": { "type": "Polygon", "coordinates": [ [ [ 15.651188301207872, 45.67462904563336 ], [ 15.653316581325317, 45.67428181252432 ], [ 15.653692995746516, 45.672114729182319 ], [ 15.651188301207872, 45.67462904563336 ] ] ] } },
{ "type": "Feature", "properties": { "BM": 3561, "data": { "Oznaka Gr/Op/Dr": "grad", "Grad/općina/država": "JASTREBARSKO", "Rbr BM": 18, "Naziv BM": "ČABDIN", "Lokacija BM": "DOM DVD", "Adresa BM": "ČABDIN", "Glasovalo birača": 77, "Glasovalo birača (po listićima)": 77, "Važeći listići": 72, "Nevažeći listići": 5 }, "latitude": 45.6500316, "longitude": 15.6723345, "population": 112 }, "geometry": { "type": "Polygon", "coordinates": [ [ [ 15.662433047282709, 45.661578942915767 ], [ 15.675144771074816, 45.671136479125316 ], [ 15.686757829668108, 45.668896814645571 ], [ 15.696550382338632, 45.658194518898149 ], [ 15.691256908057861, 45.614468010786311 ], [ 15.681847474773351, 45.598127406478639 ], [ 15.658240383287376, 45.634942439325961 ], [ 15.660025120956744, 45.659060690176993 ], [ 15.662433047282709, 45.661578942915767 ] ] ] } },
{ "type": "Feature", "properties": { "BM": 3552, "data": { "Oznaka Gr/Op/Dr": "grad", "Grad/općina/država": "JASTREBARSKO", "Rbr BM": 9, "Naziv BM": "ZDIHOVO", "Lokacija BM": "DOM DVD", "Adresa BM": "ZDIHOVO", "Glasovalo birača": 82, "Glasovalo birača (po listićima)": 82, "Važeći listići": 80, "Nevažeći listići": 2 }, "latitude": 45.6896257, "longitude": 15.656148, "population": 133 }, "geometry": { "type": "Polygon", "coordinates": [ [ [ 15.658302843052271, 45.70146072571179 ], [ 15.668203461033523, 45.680204558411312 ], [ 15.655774897985314, 45.681873592478276 ], [ 15.64805475031782, 45.683662968480036 ], [ 15.656956461370727, 45.702644542153081 ], [ 15.658302843052271, 45.70146072571179 ] ] ] } },
{ "type": "Feature", "properties": { "BM": 3640, "data": { "Oznaka Gr/Op/Dr": "grad", "Grad/općina/država": "SAMOBOR", "Rbr BM": 46, "Naziv BM": "RUDE", "Lokacija BM": "OSNOVNA ŠKOLA U RUDAMA", "Adresa BM": "RUDE 93", "Glasovalo birača": 283, "Glasovalo birača (po listićima)": 283, "Važeći listići": 270, "Nevažeći listići": 13 }, "latitude": 45.7674838, "longitude": 15.6751472, "population": 419 }, "geometry": { "type": "Polygon", "coordinates": [ [ [ 15.668403116315368, 45.787602054699462 ], [ 15.669185373079802, 45.788253420165027 ], [ 15.676133017264448, 45.787868058410169 ], [ 15.676189804973724, 45.787838556513186 ], [ 15.689406929775378, 45.761692114328838 ], [ 15.667618904113684, 45.763011020881727 ], [ 15.66355901685753, 45.781225344100349 ], [ 15.668403116315368, 45.787602054699462 ] ] ] } },
{ "type": "Feature", "properties": { "BM": 3608, "data": { "Oznaka Gr/Op/Dr": "grad", "Grad/općina/država": "SAMOBOR", "Rbr BM": 14, "Naziv BM": "DUBRAVA SAMOBORSKA", "Lokacija BM": "KUĆA STJEPANA RUNTASA", "Adresa BM": "DUBRAVA SAMOBORSKA 34", "Glasovalo birača": 137, "Glasovalo birača (po listićima)": 137, "Važeći listići": 128, "Nevažeći listići": 9 }, "latitude": 45.8082363, "longitude": 15.6774076, "population": 215 }, "geometry": { "type": "Polygon", "coordinates": [ [ [ 15.66398319894131, 45.806212927896048 ], [ 15.683447727122049, 45.817867816699653 ], [ 15.685691432095114, 45.816553763177524 ], [ 15.685646674421863, 45.805867820109306 ], [ 15.676133017264448, 45.787868058410169 ], [ 15.669185373079802, 45.788253420165027 ], [ 15.663940454540262, 45.802212729540322 ], [ 15.66398319894131, 45.806212927896048 ] ] ] } },
{ "type": "Feature", "properties": { "BM": 3562, "data": { "Oznaka Gr/Op/Dr": "grad", "Grad/općina/država": "JASTREBARSKO", "Rbr BM": 19, "Naziv BM": "CRNA MLAKA", "Lokacija BM": "ZGRADA TVRTKE \"IHOR PARK\"", "Adresa BM": "CRNA MLAKA", "Glasovalo birača": 12, "Glasovalo birača (po listićima)": 12, "Važeći listići": 11, "Nevažeći listići": 1 }, "latitude": 45.6159543, "longitude": 15.7315138, "population": 18 }, "geometry": { "type": "Polygon", "coordinates": [ [ [ 15.679422972193018, 45.580079510716708 ], [ 15.681847474773351, 45.598127406478639 ], [ 15.691256908057861, 45.614468010786311 ], [ 15.748174523715479, 45.64118655942962 ], [ 15.761729384014828, 45.633199266983397 ], [ 15.778472867363776, 45.610312229738497 ], [ 15.7798269237613, 45.5896446146633 ], [ 15.761459904979684, 45.571763798959886 ], [ 15.755106947540645, 45.570027205996261 ], [ 15.720463215120969, 45.567386352287592 ], [ 15.690124737221508, 45.571810992790283 ], [ 15.679674898024118, 45.578157194555629 ], [ 15.679422972193018, 45.580079510716708 ] ] ] } },
{ "type": "Feature", "properties": { "BM": 3633, "data": { "Oznaka Gr/Op/Dr": "grad", "Grad/općina/država": "SAMOBOR", "Rbr BM": 39, "Naziv BM": "OTRUŠEVEC", "Lokacija BM": "DRUŠTVENI DOM OTRUŠEVEC", "Adresa BM": "OTRUŠEVEC", "Glasovalo birača": 147, "Glasovalo birača (po listićima)": 147, "Važeći listići": 136, "Nevažeći listići": 11 }, "latitude": 45.8170912, "longitude": 15.6721055, "population": 252 }, "geometry": { "type": "Polygon", "coordinates": [ [ [ 15.659970481283382, 45.816281788808979 ], [ 15.667476490391865, 45.83573936854151 ], [ 15.677403255836696, 45.8273015278481 ], [ 15.683447727122049, 45.817867816699653 ], [ 15.66398319894131, 45.806212927896048 ], [ 15.659970481283382, 45.816281788808979 ] ] ] } },
{ "type": "Feature", "properties": { "BM": 3553, "data": { "Oznaka Gr/Op/Dr": "grad", "Grad/općina/država": "JASTREBARSKO", "Rbr BM": 10, "Naziv BM": "PAVLOVČANI", "Lokacija BM": "DRUŠTVENI DOM", "Adresa BM": "PAVLOVČANI", "Glasovalo birača": 174, "Glasovalo birača (po listićima)": 174, "Važeći listići": 164, "Nevažeći listići": 10 }, "latitude": 45.6954949, "longitude": 15.6687489, "population": 258 }, "geometry": { "type": "Polygon", "coordinates": [ [ [ 15.668203461033523, 45.680204558411312 ], [ 15.658302843052271, 45.70146072571179 ], [ 15.676457034995092, 45.699543091857393 ], [ 15.669896389978309, 45.679033783342895 ], [ 15.668203461033523, 45.680204558411312 ] ] ] } },
{ "type": "Feature", "properties": { "BM": 3629, "data": { "Oznaka Gr/Op/Dr": "grad", "Grad/općina/država": "SAMOBOR", "Rbr BM": 35, "Naziv BM": "MANJA VAS, KOTARI, BUKOVJE PODVRŠKO, PREKRIŽJE PLEŠIVIČKO", "Lokacija BM": "OSNOVNA ŠKOLA U MANJOJ VASI", "Adresa BM": "MANJA VAS", "Glasovalo birača": 114, "Glasovalo birača (po listićima)": 114, "Važeći listići": 107, "Nevažeći listići": 7 }, "latitude": 45.7576628, "longitude": 15.6745527, "population": 166 }, "geometry": { "type": "Polygon", "coordinates": [ [ [ 15.66117779388979, 45.746754499706697 ], [ 15.667618904113684, 45.763011020881727 ], [ 15.689406929775378, 45.761692114328838 ], [ 15.694813835923112, 45.756370880788808 ], [ 15.681370341743236, 45.734334838418619 ], [ 15.680994293067227, 45.734320490205377 ], [ 15.66117779388979, 45.746754499706697 ] ] ] } },
{ "type": "Feature", "properties": { "BM": 3544, "data": { "Oznaka Gr/Op/Dr": "grad", "Grad/općina/država": "JASTREBARSKO", "Rbr BM": 1, "Naziv BM": "BREZNIK PLEŠIVIČKI", "Lokacija BM": "KUĆA ANTE LOVRINOVIĆA", "Adresa BM": "BREZNIK PLEŠIVIČKI 5", "Glasovalo birača": 72, "Glasovalo birača (po listićima)": 72, "Važeći listići": 70, "Nevažeći listići": 2 }, "latitude": 45.6917728, "longitude": 15.6803846, "population": 105 }, "geometry": { "type": "Polygon", "coordinates": [ [ [ 15.678539523041918, 45.701200983140467 ], [ 15.684546373482814, 45.702491267561193 ], [ 15.688041787953892, 45.672231557328864 ], [ 15.686757829668108, 45.668896814645571 ], [ 15.675144771074816, 45.671136479125316 ], [ 15.669896389978309, 45.679033783342895 ], [ 15.676457034995092, 45.699543091857393 ], [ 15.678539523041918, 45.701200983140467 ] ] ] } },
{ "type": "Feature", "properties": { "BM": 3928, "data": { "Oznaka Gr/Op/Dr": "općina", "Grad/općina/država": "BRDOVEC", "Rbr BM": 9, "Naziv BM": "HARMICA", "Lokacija BM": "DRUŠTVENI DOM HARMICA", "Adresa BM": "HARMICA, DUBRAVIČKA 6", "Glasovalo birača": 154, "Glasovalo birača (po listićima)": 154, "Važeći listići": 151, "Nevažeći listići": 3 }, "latitude": 45.8927341, "longitude": 15.6861366, "population": 225 }, "geometry": { "type": "Polygon", "coordinates": [ [ [ 15.6878138, 45.8872214 ], [ 15.6876807, 45.8874344 ], [ 15.6873467, 45.8875905 ], [ 15.6871051, 45.8876325 ], [ 15.6867331, 45.8875164 ], [ 15.686418, 45.887401 ], [ 15.6863134, 45.8872949 ], [ 15.6862234, 45.887046 ], [ 15.6862558, 45.8867502 ], [ 15.6863145, 45.8865425 ], [ 15.6866608, 45.8862807 ], [ 15.6868057, 45.8862544 ], [ 15.6869838, 45.8861608 ], [ 15.687090342957651, 45.886076399448328 ], [ 15.68632632126115, 45.885503251603033 ], [ 15.6860059, 45.8856276 ], [ 15.6854301, 45.8859775 ], [ 15.6850504, 45.8863181 ], [ 15.6848532, 45.8866129 ], [ 15.6846561, 45.8867833 ], [ 15.6845545, 45.8868224 ], [ 15.6843927, 45.8869014 ], [ 15.6842557, 45.8869976 ], [ 15.6841351, 45.8870509 ], [ 15.6840202, 45.8870991 ], [ 15.6838715, 45.8871434 ], [ 15.6838191, 45.8871526 ], [ 15.683769, 45.88722 ], [ 15.6837117, 45.8872966 ], [ 15.6836212, 45.8876542 ], [ 15.6836675, 45.8876695 ], [ 15.6837031, 45.8876815 ], [ 15.6837917, 45.8877112 ], [ 15.6838717, 45.8879507 ], [ 15.6839405, 45.8881746 ], [ 15.6839275, 45.8883798 ], [ 15.6837881, 45.8886273 ], [ 15.6838044, 45.8887285 ], [ 15.6833697, 45.8888658 ], [ 15.6833777, 45.8887632 ], [ 15.6831249, 45.8888629 ], [ 15.6824935, 45.8892107 ], [ 15.6818733, 45.8896478 ], [ 15.6814795, 45.8898475 ], [ 15.6805475, 45.8901909 ], [ 15.6803779, 45.8902652 ], [ 15.6802597, 45.8903502 ], [ 15.6801505, 45.8905328 ], [ 15.6801521, 45.8906427 ], [ 15.6801529, 45.8907023 ], [ 15.6801535, 45.8907411 ], [ 15.6802353, 45.8909257 ], [ 15.6803215, 45.8912558 ], [ 15.6804294, 45.8913513 ], [ 15.6805295, 45.8914187 ], [ 15.6807318, 45.8914149 ], [ 15.6809277, 45.8913457 ], [ 15.6813134, 45.8911838 ], [ 15.6814049, 45.8911445 ], [ 15.6821533, 45.8908449 ], [ 15.6826074, 45.8905414 ], [ 15.6826251, 45.8904524 ], [ 15.6826306, 45.8902408 ], [ 15.6827743, 45.8900994 ], [ 15.6831407, 45.889904 ], [ 15.6834015, 45.8898908 ], [ 15.6836414, 45.8899652 ], [ 15.6838571, 45.8900276 ], [ 15.6839395, 45.8901609 ], [ 15.6840255, 45.8904016 ], [ 15.6841303, 45.8908671 ], [ 15.6840562, 45.8911465 ], [ 15.6840535, 45.891263 ], [ 15.6841036, 45.8916714 ], [ 15.6841259, 45.8920999 ], [ 15.6840812, 45.8921469 ], [ 15.6840706, 45.8921582 ], [ 15.683912, 45.8923418 ], [ 15.6837774, 45.8924524 ], [ 15.6837054, 45.892488 ], [ 15.6834441, 45.8926066 ], [ 15.6831695, 45.8926752 ], [ 15.6828628, 45.8927142 ], [ 15.682659, 45.8927434 ], [ 15.6824862, 45.8928333 ], [ 15.6824059, 45.8929733 ], [ 15.6823745, 45.8931726 ], [ 15.6824093, 45.8934036 ], [ 15.682492, 45.8936153 ], [ 15.6825758, 45.8937146 ], [ 15.6828005, 45.8939397 ], [ 15.6830592, 45.8941433 ], [ 15.6831136, 45.8942371 ], [ 15.6830034, 45.8943707 ], [ 15.6831087, 45.8945532 ], [ 15.6831485, 45.8946057 ], [ 15.6831717, 45.8946858 ], [ 15.6831705, 45.8947552 ], [ 15.6831914, 45.894875 ], [ 15.6832171, 45.894963 ], [ 15.6832448, 45.8951145 ], [ 15.6832467, 45.8951392 ], [ 15.6832706, 45.8951649 ], [ 15.683324, 45.8952124 ], [ 15.6833709, 45.8953815 ], [ 15.683407, 45.8954825 ], [ 15.6833723, 45.8956246 ], [ 15.6833248, 45.8958234 ], [ 15.6832648, 45.8959647 ], [ 15.6831757, 45.8962505 ], [ 15.6831291, 45.8963673 ], [ 15.6830844, 45.8964943 ], [ 15.6830321, 45.8965027 ], [ 15.6829654, 45.8965945 ], [ 15.6825975, 45.896506 ], [ 15.6825711, 45.8965812 ], [ 15.6824869, 45.8965674 ], [ 15.6823552, 45.8965208 ], [ 15.682358, 45.8964055 ], [ 15.6821512, 45.8963209 ], [ 15.6820253, 45.8962431 ], [ 15.6819257, 45.8961924 ], [ 15.6818277, 45.8961339 ], [ 15.6817569, 45.8961141 ], [ 15.6816403, 45.8960637 ], [ 15.6815345, 45.8961067 ], [ 15.6813874, 45.8961365 ], [ 15.6810175, 45.8961803 ], [ 15.6807973, 45.8962996 ], [ 15.6807373, 45.8964839 ], [ 15.6808395, 45.8967071 ], [ 15.6809864, 45.8969873 ], [ 15.681147293318665, 45.897287924806747 ], [ 15.681202759215115, 45.897304006118851 ], [ 15.681232, 45.897167 ], [ 15.6812932, 45.8972811 ], [ 15.681318168446177, 45.897337466893546 ], [ 15.690714580292354, 45.900061782936753 ], [ 15.690974054979055, 45.888989852282222 ], [ 15.688062078442107, 45.886805368405192 ], [ 15.6878138, 45.8872214 ] ] ] } },
{ "type": "Feature", "properties": { "BM": 3548, "data": { "Oznaka Gr/Op/Dr": "grad", "Grad/općina/država": "JASTREBARSKO", "Rbr BM": 5, "Naziv BM": "VLAŠKOVEC", "Lokacija BM": "PROSTORIJE LOVAČKOG DOMA \"L.D. SRNDAČ\"", "Adresa BM": "VINOGRADARSKA 115", "Glasovalo birača": 60, "Glasovalo birača (po listićima)": 60, "Važeći listići": 56, "Nevažeći listići": 4 }, "latitude": 45.7105552, "longitude": 15.6763501, "population": 89 }, "geometry": { "type": "Polygon", "coordinates": [ [ [ 15.680994293067227, 45.734320490205377 ], [ 15.681370341743236, 45.734334838418619 ], [ 15.683656124125289, 45.732009452351072 ], [ 15.684566323791913, 45.730280436261822 ], [ 15.689650172322263, 45.706763630459044 ], [ 15.684546373482814, 45.702491267561193 ], [ 15.678539523041918, 45.701200983140467 ], [ 15.664573555383216, 45.718098551822585 ], [ 15.680994293067227, 45.734320490205377 ] ] ] } },
{ "type": "Feature", "properties": { "BM": 3623, "data": { "Oznaka Gr/Op/Dr": "grad", "Grad/općina/država": "SAMOBOR", "Rbr BM": 29, "Naziv BM": "MALA JAZBINA", "Lokacija BM": "KUĆA ROBERTA JAZBINSKI, MALA JAZBINA", "Adresa BM": "MALA JAZBINA 20/1", "Glasovalo birača": 330, "Glasovalo birača (po listićima)": 330, "Važeći listići": 315, "Nevažeći listići": 15 }, "latitude": 45.8278476, "longitude": 15.6888932, "population": 465 }, "geometry": { "type": "Polygon", "coordinates": [ [ [ 15.683447727122049, 45.817867816699653 ], [ 15.677403255836696, 45.8273015278481 ], [ 15.693896965131032, 45.833209473218901 ], [ 15.694437535074853, 45.832193796893051 ], [ 15.693009369615359, 45.821642391238683 ], [ 15.68962154922791, 45.817554664586098 ], [ 15.685691432095114, 45.816553763177524 ], [ 15.683447727122049, 45.817867816699653 ] ] ] } },
{ "type": "Feature", "properties": { "BM": 3545, "data": { "Oznaka Gr/Op/Dr": "grad", "Grad/općina/država": "JASTREBARSKO", "Rbr BM": 2, "Naziv BM": "DONJI DESINEC", "Lokacija BM": "DOM DVD", "Adresa BM": "DONJI DESINEC", "Glasovalo birača": 436, "Glasovalo birača (po listićima)": 436, "Važeći listići": 420, "Nevažeći listići": 16 }, "latitude": 45.6815919, "longitude": 15.7068268, "population": 634 }, "geometry": { "type": "Polygon", "coordinates": [ [ [ 15.688041787953892, 45.672231557328864 ], [ 15.705772405443829, 45.696755804159544 ], [ 15.724729335474214, 45.668208618620113 ], [ 15.724514706709405, 45.66670533468956 ], [ 15.696550382338632, 45.658194518898149 ], [ 15.686757829668108, 45.668896814645571 ], [ 15.688041787953892, 45.672231557328864 ] ] ] } },
{ "type": "Feature", "properties": { "BM": 3546, "data": { "Oznaka Gr/Op/Dr": "grad", "Grad/općina/država": "JASTREBARSKO", "Rbr BM": 3, "Naziv BM": "GORNJI DESINEC", "Lokacija BM": "DOM DVD", "Adresa BM": "GORNJI DESINEC", "Glasovalo birača": 506, "Glasovalo birača (po listićima)": 506, "Važeći listići": 482, "Nevažeći listići": 24 }, "latitude": 45.6930039, "longitude": 15.6910422, "population": 795 }, "geometry": { "type": "Polygon", "coordinates": [ [ [ 15.689650172322263, 45.706763630459044 ], [ 15.706060628314155, 45.700147599855931 ], [ 15.706130596583776, 45.700022491655851 ], [ 15.705772405443829, 45.696755804159544 ], [ 15.688041787953892, 45.672231557328864 ], [ 15.684546373482814, 45.702491267561193 ], [ 15.689650172322263, 45.706763630459044 ] ] ] } },
{ "type": "Feature", "properties": { "BM": 3605, "data": { "Oznaka Gr/Op/Dr": "grad", "Grad/općina/država": "SAMOBOR", "Rbr BM": 11, "Naziv BM": "CERJE SAMOBORSKO", "Lokacija BM": "DRUŠTVENI DOM CERJE", "Adresa BM": "CERJE SAMOBORSKO", "Glasovalo birača": 223, "Glasovalo birača (po listićima)": 223, "Važeći listići": 210, "Nevažeći listići": 13 }, "latitude": 45.7766088, "longitude": 15.6931985, "population": 321 }, "geometry": { "type": "Polygon", "coordinates": [ [ [ 15.676189804973724, 45.787838556513186 ], [ 15.702087155164024, 45.78887715071329 ], [ 15.706769389898041, 45.785463655487497 ], [ 15.712013181989324, 45.777685895070171 ], [ 15.71085688617864, 45.774444464291221 ], [ 15.695167147822046, 45.756483772415692 ], [ 15.694813835923112, 45.756370880788808 ], [ 15.689406929775378, 45.761692114328838 ], [ 15.676189804973724, 45.787838556513186 ] ] ] } },
{ "type": "Feature", "properties": { "BM": 3637, "data": { "Oznaka Gr/Op/Dr": "grad", "Grad/općina/država": "SAMOBOR", "Rbr BM": 43, "Naziv BM": "PODVRH", "Lokacija BM": "VATROGASNI DOM PODVRH", "Adresa BM": "PODVRH", "Glasovalo birača": 442, "Glasovalo birača (po listićima)": 442, "Važeći listići": 425, "Nevažeći listići": 17 }, "latitude": 45.8341749, "longitude": 15.6866268, "population": 646 }, "geometry": { "type": "Polygon", "coordinates": [ [ [ 15.6661772, 45.8414301 ], [ 15.667228, 45.8416956 ], [ 15.6674249, 45.8416882 ], [ 15.667428726, 45.841687666 ], [ 15.6676621, 45.8416551 ], [ 15.6678063, 45.841576 ], [ 15.6679641, 45.8414712 ], [ 15.6680492, 45.8413225 ], [ 15.6681252, 45.8411236 ], [ 15.668347, 45.8410071 ], [ 15.6684768, 45.8409054 ], [ 15.6686341, 45.8407615 ], [ 15.6688188, 45.8406008 ], [ 15.6689567, 45.8404989 ], [ 15.6691446, 45.8404916 ], [ 15.670587, 45.8406708 ], [ 15.671075, 45.8405481 ], [ 15.6720523, 45.8406478 ], [ 15.6724564, 45.8406747 ], [ 15.6730593, 45.8407371 ], [ 15.6733282, 45.8407001 ], [ 15.6735661, 45.8407229 ], [ 15.6736786, 45.8407167 ], [ 15.6738378, 45.8406849 ], [ 15.674164, 45.8407152 ], [ 15.674414, 45.8407832 ], [ 15.6747139, 45.840883 ], [ 15.6751682, 45.8410154 ], [ 15.6755183, 45.8411405 ], [ 15.6759626, 45.8412355 ], [ 15.6765213, 45.8412601 ], [ 15.6770312, 45.8412777 ], [ 15.6776793, 45.841327 ], [ 15.6781412, 45.8413882 ], [ 15.6783363, 45.8413863 ], [ 15.6787751, 45.8414713 ], [ 15.6789864, 45.8416013 ], [ 15.6791757, 45.8417777 ], [ 15.6792243, 45.841823 ], [ 15.6794356, 45.8421375 ], [ 15.6797002, 45.8423691 ], [ 15.6800102, 45.8425378 ], [ 15.6803729, 45.8426107 ], [ 15.6807346, 45.8426065 ], [ 15.6808462, 45.8425808 ], [ 15.6812649, 45.842576 ], [ 15.6819966, 45.842582 ], [ 15.6825078, 45.8426103 ], [ 15.683084, 45.8425615 ], [ 15.6836175, 45.8424195 ], [ 15.6848775, 45.8431301 ], [ 15.6853848, 45.8425554 ], [ 15.6859308, 45.8423324 ], [ 15.6863689, 45.8423556 ], [ 15.6864153, 45.8428138 ], [ 15.6870253, 45.8429403 ], [ 15.6872136, 45.8429366 ], [ 15.6874984, 45.8428885 ], [ 15.6879547, 45.842773 ], [ 15.6880225, 45.842755 ], [ 15.6885885, 45.8426052 ], [ 15.6888283, 45.8425454 ], [ 15.6891944, 45.8424404 ], [ 15.6895238, 45.8425726 ], [ 15.6897383, 45.8423878 ], [ 15.6899592, 45.8422514 ], [ 15.6900301, 45.8422075 ], [ 15.690199, 45.8422498 ], [ 15.6903347, 45.8423101 ], [ 15.6903983, 45.8423639 ], [ 15.6906629, 45.8426389 ], [ 15.6906834, 45.8431206 ], [ 15.6909406, 45.8431229 ], [ 15.6912211, 45.8431254 ], [ 15.6912961, 45.8431248 ], [ 15.6914143, 45.8431239 ], [ 15.6915719, 45.8431234 ], [ 15.6916228, 45.8430848 ], [ 15.6917168, 45.843012 ], [ 15.6917586, 45.8429796 ], [ 15.6917863, 45.8429531 ], [ 15.6918258, 45.842959 ], [ 15.6918883, 45.8429699 ], [ 15.691945, 45.8429798 ], [ 15.6922602, 45.8430114 ], [ 15.6923276, 45.843039 ], [ 15.6923965, 45.8430765 ], [ 15.6925343, 45.8430823 ], [ 15.6928343, 45.8430951 ], [ 15.6929745, 45.8431223 ], [ 15.6934005, 45.8432125 ], [ 15.6934964, 45.8432328 ], [ 15.693765051728427, 45.843264059644625 ], [ 15.693896965131032, 45.833209473218901 ], [ 15.677403255836696, 45.8273015278481 ], [ 15.667476490391865, 45.83573936854151 ], [ 15.665999487624331, 45.841409781771517 ], [ 15.6661772, 45.8414301 ] ] ] } },
{ "type": "Feature", "properties": { "BM": 3929, "data": { "Oznaka Gr/Op/Dr": "općina", "Grad/općina/država": "BRDOVEC", "Rbr BM": 10, "Naziv BM": "KLJUČ BRDOVEČKI", "Lokacija BM": "DRUŠTVENI DOM KLJUČ BRDOVEČKI", "Adresa BM": "KLJUČ BRDOVEČKI, MOKRIČKA 47", "Glasovalo birača": 324, "Glasovalo birača (po listićima)": 324, "Važeći listići": 313, "Nevažeći listići": 11 }, "latitude": 45.883298, "longitude": 15.6932153, "population": 474 }, "geometry": { "type": "Polygon", "coordinates": [ [ [ 15.6867294, 45.8619979 ], [ 15.686425, 45.862071 ], [ 15.68608, 45.8621637 ], [ 15.6858125, 45.8622557 ], [ 15.6852961, 45.8624457 ], [ 15.6849831, 45.8625993 ], [ 15.6847574, 45.8627205 ], [ 15.6840548, 45.8631864 ], [ 15.6832417, 45.8637199 ], [ 15.6829143, 45.8640004 ], [ 15.6824228, 45.8645216 ], [ 15.6819909, 45.8650518 ], [ 15.6817892, 45.8653086 ], [ 15.6813079, 45.8658776 ], [ 15.680817, 45.8664243 ], [ 15.6802955, 45.8669327 ], [ 15.6798204, 45.8673645 ], [ 15.6792723, 45.867794 ], [ 15.6788539, 45.868098 ], [ 15.678423, 45.8683331 ], [ 15.6781755, 45.8684972 ], [ 15.6775246, 45.8688847 ], [ 15.6776789, 45.8690142 ], [ 15.6778005, 45.869118 ], [ 15.6778143, 45.8691297 ], [ 15.6778747, 45.8691809 ], [ 15.6779463, 45.8692416 ], [ 15.6781244, 45.8693872 ], [ 15.678269, 45.8695101 ], [ 15.6787139, 45.8693416 ], [ 15.6787578, 45.869323 ], [ 15.6796775, 45.8689734 ], [ 15.6800332, 45.8688356 ], [ 15.6800801, 45.8689277 ], [ 15.6804376, 45.8695806 ], [ 15.6809307, 45.8695806 ], [ 15.6818994, 45.8696747 ], [ 15.6828414, 45.8701152 ], [ 15.6823957, 45.870321 ], [ 15.682835, 45.870499 ], [ 15.6825035, 45.8706582 ], [ 15.6822072, 45.8708051 ], [ 15.6819878, 45.8709211 ], [ 15.6818738, 45.8710056 ], [ 15.681839, 45.8710457 ], [ 15.6816108, 45.8712016 ], [ 15.6814568, 45.871222 ], [ 15.6813117, 45.8712394 ], [ 15.6811577, 45.8712783 ], [ 15.6810807, 45.8712877 ], [ 15.6802343, 45.8715085 ], [ 15.6802036, 45.8715286 ], [ 15.680182, 45.871581 ], [ 15.6801348, 45.8717156 ], [ 15.6801217, 45.8717541 ], [ 15.6802643, 45.872018 ], [ 15.6805689, 45.8721828 ], [ 15.6808332, 45.8724317 ], [ 15.6808672, 45.8724189 ], [ 15.6810651, 45.8726017 ], [ 15.6811174, 45.8726253 ], [ 15.6811766, 45.8726756 ], [ 15.6814114, 45.8728376 ], [ 15.6816297, 45.8729839 ], [ 15.6818668, 45.8732392 ], [ 15.6819902, 45.8734443 ], [ 15.6821585, 45.8735861 ], [ 15.6827502, 45.8737448 ], [ 15.6829787, 45.8737141 ], [ 15.6826613, 45.8740896 ], [ 15.6824774, 45.8743973 ], [ 15.6824013, 45.8745065 ], [ 15.6823227, 45.8746042 ], [ 15.6822376, 45.8746749 ], [ 15.6821584, 45.8747057 ], [ 15.6821009, 45.8747288 ], [ 15.682038, 45.8747348 ], [ 15.6819013, 45.8747447 ], [ 15.681759, 45.8747432 ], [ 15.6816166, 45.8747493 ], [ 15.6814991, 45.8747669 ], [ 15.6810455, 45.8748847 ], [ 15.6807011, 45.8749794 ], [ 15.6804449, 45.875057 ], [ 15.6802319, 45.8751379 ], [ 15.680112, 45.8752166 ], [ 15.6800279, 45.8753277 ], [ 15.6799684, 45.8754366 ], [ 15.6799465, 45.8754654 ], [ 15.6799198, 45.8755571 ], [ 15.6799482, 45.8757419 ], [ 15.6799441, 45.8758589 ], [ 15.6799437, 45.8759568 ], [ 15.6799247, 45.876013 ], [ 15.6798275, 45.8761279 ], [ 15.6797217, 45.8764057 ], [ 15.6796021, 45.8767458 ], [ 15.67957, 45.8769248 ], [ 15.679547, 45.8770365 ], [ 15.6795358, 45.8770911 ], [ 15.6796035, 45.877314 ], [ 15.6796442, 45.8774608 ], [ 15.6796556, 45.8774914 ], [ 15.6797341, 45.8775926 ], [ 15.6799298, 45.8777392 ], [ 15.6801692, 45.8778335 ], [ 15.6803108, 45.8778413 ], [ 15.6803929, 45.8778384 ], [ 15.6805983, 45.8777534 ], [ 15.6806189, 45.8776132 ], [ 15.6804401, 45.8773306 ], [ 15.6803244, 45.8771562 ], [ 15.680295, 45.876968 ], [ 15.6804089, 45.8767623 ], [ 15.6805867, 45.8766449 ], [ 15.6807549, 45.8765777 ], [ 15.6812572, 45.8763674 ], [ 15.6815477, 45.8763082 ], [ 15.6817428, 45.8763065 ], [ 15.6820012, 45.8763861 ], [ 15.6821597, 45.8765395 ], [ 15.6822142, 45.8767918 ], [ 15.6819274, 45.8770809 ], [ 15.6818199, 45.8771905 ], [ 15.6816684, 45.8773325 ], [ 15.6815917, 45.8774003 ], [ 15.6814537, 45.8775326 ], [ 15.6814354, 45.8776341 ], [ 15.6814676, 45.8777212 ], [ 15.6815421, 45.8778249 ], [ 15.6817217, 45.8779126 ], [ 15.6819176, 45.8779666 ], [ 15.6821303, 45.8779872 ], [ 15.682336, 45.8779856 ], [ 15.6825841, 45.8779599 ], [ 15.6827819, 45.8778859 ], [ 15.6829126, 45.8777949 ], [ 15.6830579, 45.8776588 ], [ 15.683266, 45.8773321 ], [ 15.6833762, 45.8771555 ], [ 15.683445, 45.8770629 ], [ 15.6835407, 45.8769554 ], [ 15.6836991, 45.8768806 ], [ 15.6838868, 45.8768642 ], [ 15.6839879, 45.8768642 ], [ 15.6841236, 45.8769054 ], [ 15.6842077, 45.8769773 ], [ 15.6843194, 45.8772066 ], [ 15.6844169, 45.8773929 ], [ 15.684605, 45.877826 ], [ 15.6846058, 45.878049 ], [ 15.6844132, 45.8783174 ], [ 15.6841241, 45.8786847 ], [ 15.683655, 45.8789846 ], [ 15.6835029, 45.8789848 ], [ 15.6829351, 45.8787398 ], [ 15.6824997, 45.8787984 ], [ 15.6821279, 45.8792478 ], [ 15.6817762, 45.8797977 ], [ 15.6813013, 45.8806817 ], [ 15.6811599, 45.8812555 ], [ 15.6811749, 45.8815692 ], [ 15.681172116223888, 45.881636710214401 ], [ 15.681938237871137, 45.882211433384398 ], [ 15.681936783036951, 45.882210342008221 ], [ 15.682081918663634, 45.882319218722181 ], [ 15.682081918663636, 45.882319218722181 ], [ 15.6821385, 45.8822913 ], [ 15.6824795, 45.8820098 ], [ 15.6830109, 45.8817146 ], [ 15.683349, 45.8815355 ], [ 15.683473, 45.8814195 ], [ 15.6835348, 45.8812553 ], [ 15.6836312, 45.8811779 ], [ 15.6837555, 45.8810957 ], [ 15.6839768, 45.8811388 ], [ 15.6843162, 45.8812878 ], [ 15.6847736, 45.8815523 ], [ 15.6852373, 45.8817349 ], [ 15.6858115, 45.8818256 ], [ 15.6862747, 45.8818007 ], [ 15.6866559, 45.8817155 ], [ 15.6867306, 45.8816744 ], [ 15.6868479, 45.8815825 ], [ 15.686922, 45.8814208 ], [ 15.686937, 45.8813556 ], [ 15.6868879, 45.8812254 ], [ 15.6866872, 45.8810857 ], [ 15.68638, 45.8810012 ], [ 15.6860826, 45.8809736 ], [ 15.6859537, 45.8809616 ], [ 15.6855653, 45.8806149 ], [ 15.6854606, 45.8803449 ], [ 15.6855497, 45.8801228 ], [ 15.6859847, 45.8799531 ], [ 15.6861828, 45.8799379 ], [ 15.686335, 45.8800196 ], [ 15.6863223, 45.8802899 ], [ 15.6863094, 45.8805698 ], [ 15.6865726, 45.8806996 ], [ 15.6872506, 45.8808046 ], [ 15.6875551, 45.8808523 ], [ 15.6878448, 45.8807312 ], [ 15.6884456, 45.8804937 ], [ 15.6885698, 45.8804452 ], [ 15.6888386, 45.8801986 ], [ 15.6889971, 45.8800585 ], [ 15.6891208, 45.8800682 ], [ 15.689335, 45.8801268 ], [ 15.6896194, 45.8802727 ], [ 15.6896983, 45.8805191 ], [ 15.6897969, 45.8807594 ], [ 15.6895842, 45.8809438 ], [ 15.6893639, 45.8810641 ], [ 15.689118, 45.8813853 ], [ 15.689043, 45.8815338 ], [ 15.6889889, 45.8817469 ], [ 15.6889222, 45.8819752 ], [ 15.6888174, 45.8821533 ], [ 15.6886418, 45.8823819 ], [ 15.6885632, 45.8825152 ], [ 15.6885191, 45.8826344 ], [ 15.6884338, 45.8829889 ], [ 15.6883985, 45.8832357 ], [ 15.6884125, 45.8833954 ], [ 15.6884442, 45.8835568 ], [ 15.688496, 45.8836644 ], [ 15.6885553, 45.883714 ], [ 15.6886554, 45.8837497 ], [ 15.6887717, 45.8837499 ], [ 15.6888572, 45.8837246 ], [ 15.6889011, 45.8836618 ], [ 15.6890153, 45.8834181 ], [ 15.6891002, 45.8833047 ], [ 15.6891965, 45.8832133 ], [ 15.6893174, 45.8831304 ], [ 15.6894837, 45.8830585 ], [ 15.6896519, 45.8830134 ], [ 15.689834, 45.8829926 ], [ 15.6899822, 45.882997 ], [ 15.6901878, 45.8830219 ], [ 15.6903138, 45.8830658 ], [ 15.690437, 45.8831238 ], [ 15.6905293, 45.8832072 ], [ 15.6906173, 45.8833359 ], [ 15.6908316, 45.8839489 ], [ 15.690948, 45.8841169 ], [ 15.6914929, 45.88453 ], [ 15.6920469, 45.8849527 ], [ 15.6921117, 45.8851816 ], [ 15.6920799, 45.885389 ], [ 15.6919935, 45.8855075 ], [ 15.6917931, 45.8856375 ], [ 15.6916447, 45.885669 ], [ 15.6914328, 45.8856485 ], [ 15.6903127, 45.8853834 ], [ 15.689692, 45.8852389 ], [ 15.6889441, 45.885082 ], [ 15.6886392, 45.8850565 ], [ 15.6885684, 45.8849918 ], [ 15.6883226, 45.8849041 ], [ 15.6881369, 45.8849277 ], [ 15.6876545, 45.8851958 ], [ 15.6876516, 45.8853929 ], [ 15.6877338, 45.8855526 ], [ 15.6879052, 45.8856535 ], [ 15.6880471, 45.8857854 ], [ 15.6881745, 45.8860811 ], [ 15.6880869, 45.8864927 ], [ 15.6880768, 45.8867807 ], [ 15.688062078442108, 45.886805368405192 ], [ 15.690974054979055, 45.888989852282222 ], [ 15.702808079291966, 45.886030304756929 ], [ 15.703094445079604, 45.8816073422052 ], [ 15.687377204067309, 45.861913238846114 ], [ 15.687377204067307, 45.861913238846114 ], [ 15.6867294, 45.8619979 ] ] ] } },
{ "type": "Feature", "properties": { "BM": 3645, "data": { "Oznaka Gr/Op/Dr": "grad", "Grad/općina/država": "SAMOBOR", "Rbr BM": 51, "Naziv BM": "GORNJI KRAJ-HAMOR-SAMOBOR", "Lokacija BM": "PROSTORIJE TRGOVAČKOG DRUŠTVA DR.ŠKOBIĆ", "Adresa BM": "SAMOBOR,GORNJI KRAJ 11", "Glasovalo birača": 528, "Glasovalo birača (po listićima)": 528, "Važeći listići": 517, "Nevažeći listići": 11 }, "latitude": 45.8003943, "longitude": 15.6922446, "population": 753 }, "geometry": { "type": "Polygon", "coordinates": [ [ [ 15.685646674421863, 45.805867820109306 ], [ 15.701582473447548, 45.802463095818247 ], [ 15.702087155164024, 45.78887715071329 ], [ 15.676189804973724, 45.787838556513186 ], [ 15.676133017264448, 45.787868058410169 ], [ 15.685646674421863, 45.805867820109306 ] ] ] } },
{ "type": "Feature", "properties": { "BM": 3934, "data": { "Oznaka Gr/Op/Dr": "općina", "Grad/općina/država": "KLINČA SELA", "Rbr BM": 3, "Naziv BM": "BIRAČKO MJESTO BR. 3 - BETER III", "Lokacija BM": "KUĆA FRANJE KELEČIĆA", "Adresa BM": "NOVO SELO OKIĆKO 14", "Glasovalo birača": 110, "Glasovalo birača (po listićima)": 110, "Važeći listići": 110, "Nevažeći listići": 0 }, "latitude": 45.7389459, "longitude": 15.7052327, "population": 165 }, "geometry": { "type": "Polygon", "coordinates": [ [ [ 15.681370341743236, 45.734334838418619 ], [ 15.694813835923112, 45.756370880788808 ], [ 15.695167147822046, 45.756483772415692 ], [ 15.713958631962218, 45.746064834439984 ], [ 15.714074606145196, 45.73943196579927 ], [ 15.708375527000662, 45.732474234451416 ], [ 15.683656124125289, 45.732009452351072 ], [ 15.681370341743236, 45.734334838418619 ] ] ] } },
{ "type": "Feature", "properties": { "BM": 3930, "data": { "Oznaka Gr/Op/Dr": "općina", "Grad/općina/država": "BRDOVEC", "Rbr BM": 11, "Naziv BM": "ŠENKOVEC", "Lokacija BM": "DRUŠTVENI DOM ŠENKOVEC", "Adresa BM": "ŠENKOVEC, ZAGREBAČKA 44", "Glasovalo birača": 392, "Glasovalo birača (po listićima)": 392, "Važeći listići": 375, "Nevažeći listići": 17 }, "latitude": 45.8929566, "longitude": 15.6956308, "population": 617 }, "geometry": { "type": "Polygon", "coordinates": [ [ [ 15.690714580292354, 45.900061782936753 ], [ 15.695866959942643, 45.906095762545455 ], [ 15.696157174186528, 45.905977664891417 ], [ 15.704356146203892, 45.889171541687574 ], [ 15.702808079291966, 45.886030304756929 ], [ 15.690974054979055, 45.888989852282222 ], [ 15.690714580292354, 45.900061782936753 ] ] ] } },
{ "type": "Feature", "properties": { "BM": 3665, "data": { "Oznaka Gr/Op/Dr": "grad", "Grad/općina/država": "SAMOBOR", "Rbr BM": 71, "Naziv BM": "VRHOVČAK SAMOBORSKI", "Lokacija BM": "DRUŠTVENI DOM VRHOVČAK", "Adresa BM": "VRHOVČAK SAMOBORSKI", "Glasovalo birača": 208, "Glasovalo birača (po listićima)": 208, "Važeći listići": 207, "Nevažeći listići": 1 }, "latitude": 45.8081672, "longitude": 15.6939053, "population": 314 }, "geometry": { "type": "Polygon", "coordinates": [ [ [ 15.685691432095114, 45.816553763177524 ], [ 15.68962154922791, 45.817554664586098 ], [ 15.703439948640186, 45.809764970216769 ], [ 15.703587767928276, 45.807322357695476 ], [ 15.701582473447548, 45.802463095818247 ], [ 15.685646674421863, 45.805867820109306 ], [ 15.685691432095114, 45.816553763177524 ] ] ] } },
{ "type": "Feature", "properties": { "BM": 3620, "data": { "Oznaka Gr/Op/Dr": "grad", "Grad/općina/država": "SAMOBOR", "Rbr BM": 26, "Naziv BM": "KLOKOČEVEC SAMOBORSKI", "Lokacija BM": "DRUŠTVENI DOM KLOKOČEVEC", "Adresa BM": "KLOKOČEVEC SAMOBORSKI", "Glasovalo birača": 197, "Glasovalo birača (po listićima)": 197, "Važeći listići": 192, "Nevažeći listići": 5 }, "latitude": 45.8343653, "longitude": 15.7011393, "population": 286 }, "geometry": { "type": "Polygon", "coordinates": [ [ [ 15.6939708, 45.843288 ], [ 15.6939791, 45.8433048 ], [ 15.6940095, 45.8433088 ], [ 15.6940571, 45.8433975 ], [ 15.6941505, 45.8435551 ], [ 15.6942347, 45.8436596 ], [ 15.6942393, 45.8436817 ], [ 15.6943902, 45.8438347 ], [ 15.6944749, 45.8439135 ], [ 15.6945311, 45.84396 ], [ 15.6945743, 45.8439956 ], [ 15.6946666, 45.844072 ], [ 15.6946926, 45.8440944 ], [ 15.6947784, 45.8441683 ], [ 15.6948571, 45.8442294 ], [ 15.6949517, 45.8443029 ], [ 15.6949208, 45.8443201 ], [ 15.6947593, 45.8447496 ], [ 15.6948908, 45.844776 ], [ 15.6949281, 45.8447821 ], [ 15.6949589, 45.8447855 ], [ 15.6948405, 45.8451314 ], [ 15.6947584, 45.8453716 ], [ 15.6947373, 45.845371 ], [ 15.6945565, 45.8460549 ], [ 15.6945239, 45.8461753 ], [ 15.6945051, 45.8462446 ], [ 15.6944591, 45.8464263 ], [ 15.6944522, 45.8464616 ], [ 15.6944383, 45.8465335 ], [ 15.6943235, 45.8471071 ], [ 15.6943083, 45.8471837 ], [ 15.6941814, 45.8477 ], [ 15.6942305, 45.8477184 ], [ 15.6942654, 45.8477345 ], [ 15.6943328, 45.8477638 ], [ 15.694417, 45.84811 ], [ 15.6944516, 45.8481618 ], [ 15.6945151, 45.848257 ], [ 15.694586, 45.8483051 ], [ 15.6946496, 45.8483484 ], [ 15.6947463, 45.848423 ], [ 15.6948218, 45.8484813 ], [ 15.6950297, 45.8485391 ], [ 15.6951067, 45.8485944 ], [ 15.6953153, 45.8487514 ], [ 15.6962568, 45.8493738 ], [ 15.6964348, 45.8493028 ], [ 15.6965324, 45.8492641 ], [ 15.6967925, 45.8490588 ], [ 15.696894, 45.8489709 ], [ 15.6971953, 45.8487346 ], [ 15.6973199, 45.8486454 ], [ 15.6974443, 45.8485555 ], [ 15.6976913, 45.8486377 ], [ 15.6981526, 45.8487913 ], [ 15.6982058, 45.848809 ], [ 15.698768, 45.8491104 ], [ 15.6989042, 45.8490761 ], [ 15.6989645, 45.8490244 ], [ 15.6991501, 45.8489423 ], [ 15.6992076, 45.8488947 ], [ 15.69928, 45.8488061 ], [ 15.6993855, 45.8486608 ], [ 15.6994506, 45.8485711 ], [ 15.699501, 45.8485094 ], [ 15.6995508, 45.8484179 ], [ 15.6997328, 45.8480888 ], [ 15.6997841, 45.8479568 ], [ 15.6998863, 45.8476947 ], [ 15.6999886, 45.8474301 ], [ 15.7000378, 45.8471807 ], [ 15.7000133, 45.8471101 ], [ 15.6999501, 45.8469285 ], [ 15.6999253, 45.8468572 ], [ 15.699866, 45.846809 ], [ 15.6998061, 45.8467563 ], [ 15.6999334, 45.846515 ], [ 15.69996, 45.8464642 ], [ 15.7000643, 45.8463726 ], [ 15.7001302, 45.8463003 ], [ 15.700178, 45.8462479 ], [ 15.700363, 45.8462002 ], [ 15.7004617, 45.8461747 ], [ 15.7006048, 45.8461378 ], [ 15.7007199, 45.8461083 ], [ 15.7008138, 45.8460843 ], [ 15.7009057, 45.8460642 ], [ 15.701017, 45.8460399 ], [ 15.7011309, 45.846015 ], [ 15.7015625, 45.8459362 ], [ 15.7016189, 45.8459301 ], [ 15.7017878, 45.8459118 ], [ 15.7018204, 45.8459084 ], [ 15.7020104, 45.8458547 ], [ 15.7020382, 45.8458405 ], [ 15.7021842, 45.8457699 ], [ 15.7024573, 45.845638 ], [ 15.7024629, 45.8456353 ], [ 15.7025261, 45.8455714 ], [ 15.7025395, 45.8455579 ], [ 15.7026339, 45.8454801 ], [ 15.7027883, 45.8454211 ], [ 15.7029852, 45.8453458 ], [ 15.7033838, 45.8450791 ], [ 15.7035291, 45.8449565 ], [ 15.7038009, 45.8449999 ], [ 15.7040541, 45.8450063 ], [ 15.7043699, 45.8449934 ], [ 15.7046113, 45.8450302 ], [ 15.7048657, 45.8450806 ], [ 15.704916, 45.8450927 ], [ 15.7050636, 45.8450314 ], [ 15.7051603, 45.8450286 ], [ 15.7052104, 45.8450694 ], [ 15.7053031, 45.8451267 ], [ 15.7053453, 45.8451528 ], [ 15.7054262, 45.8452185 ], [ 15.7055516, 45.8452743 ], [ 15.7057999, 45.8452594 ], [ 15.7059734, 45.8452062 ], [ 15.7062172, 45.8451419 ], [ 15.7062882, 45.8451734 ], [ 15.7064209, 45.8452315 ], [ 15.7068992, 45.8454444 ], [ 15.7072738, 45.8456021 ], [ 15.707505, 45.8457008 ], [ 15.7075955, 45.8457384 ], [ 15.7081436, 45.8459962 ], [ 15.7086367, 45.8462335 ], [ 15.7087799, 45.8462998 ], [ 15.7089109, 45.8463664 ], [ 15.7093159, 45.8465189 ], [ 15.7092357, 45.8466657 ], [ 15.7085892, 45.8477064 ], [ 15.7076964, 45.8490585 ], [ 15.7073597, 45.8495107 ], [ 15.7066444, 45.8503415 ], [ 15.7064822, 45.8505804 ], [ 15.7054253, 45.8515925 ], [ 15.7039436, 45.8526552 ], [ 15.7034597, 45.8530641 ], [ 15.702909295935108, 45.853529316798017 ], [ 15.709721941649395, 45.852489950698754 ], [ 15.710482790471731, 45.841937389947724 ], [ 15.706563566307764, 45.828305673007698 ], [ 15.694437535074853, 45.832193796893051 ], [ 15.693896965131032, 45.833209473218901 ], [ 15.693765051728427, 45.843264059644625 ], [ 15.6939708, 45.843288 ] ] ] } },
{ "type": "Feature", "properties": { "BM": 3549, "data": { "Oznaka Gr/Op/Dr": "grad", "Grad/općina/država": "JASTREBARSKO", "Rbr BM": 6, "Naziv BM": "STANKOVO", "Lokacija BM": "DOM DVD (VATROGASNO SPREMIŠTE)", "Adresa BM": "STANKOVO", "Glasovalo birača": 188, "Glasovalo birača (po listićima)": 188, "Važeći listići": 181, "Nevažeći listići": 7 }, "latitude": 45.7157103, "longitude": 15.7001965, "population": 288 }, "geometry": { "type": "Polygon", "coordinates": [ [ [ 15.684566323791913, 45.730280436261822 ], [ 15.711385792042154, 45.716363886461039 ], [ 15.706060628314155, 45.700147599855931 ], [ 15.689650172322263, 45.706763630459044 ], [ 15.684566323791913, 45.730280436261822 ] ] ] } },
{ "type": "Feature", "properties": { "BM": 3602, "data": { "Oznaka Gr/Op/Dr": "grad", "Grad/općina/država": "SAMOBOR", "Rbr BM": 8, "Naziv BM": "BUDINJAK", "Lokacija BM": "PROSTORIJE STARE ŠKOLE GRABAR", "Adresa BM": "GRABAR", "Glasovalo birača": 15, "Glasovalo birača (po listićima)": 15, "Važeći listići": 14, "Nevažeći listići": 1 }, "latitude": 45.8010928, "longitude": 15.7110481, "population": 50 }, "geometry": { "type": "Polygon", "coordinates": [ [ [ 15.701582473447548, 45.802463095818247 ], [ 15.703587767928276, 45.807322357695476 ], [ 15.707788796380578, 45.806276881491186 ], [ 15.711768030274802, 45.800171506156573 ], [ 15.707772014604824, 45.786883427862008 ], [ 15.706769389898041, 45.785463655487497 ], [ 15.702087155164024, 45.78887715071329 ], [ 15.701582473447548, 45.802463095818247 ] ] ] } },
{ "type": "Feature", "properties": { "BM": 3937, "data": { "Oznaka Gr/Op/Dr": "općina", "Grad/općina/država": "KLINČA SELA", "Rbr BM": 6, "Naziv BM": "BIRAČKO MJESTO BR. 6 - GOLI VRH", "Lokacija BM": "DOM DVD GOLI VRH", "Adresa BM": "GOLI VRH", "Glasovalo birača": 158, "Glasovalo birača (po listićima)": 158, "Važeći listići": 151, "Nevažeći listići": 7 }, "latitude": 45.6899011, "longitude": 15.7193396, "population": 218 }, "geometry": { "type": "Polygon", "coordinates": [ [ [ 15.706130596583776, 45.700022491655851 ], [ 15.730728595042669, 45.69916908650805 ], [ 15.732327141368314, 45.682644438850353 ], [ 15.724729335474214, 45.668208618620113 ], [ 15.705772405443829, 45.696755804159544 ], [ 15.706130596583776, 45.700022491655851 ] ] ] } },
{ "type": "Feature", "properties": { "BM": 3622, "data": { "Oznaka Gr/Op/Dr": "grad", "Grad/općina/država": "SAMOBOR", "Rbr BM": 28, "Naziv BM": "LUG SAMOBORSKI", "Lokacija BM": "PROSTORIJE MJESNOG ODBORA LUG SAMOBORSKI", "Adresa BM": "LUG SAMOBORSKI, KNEZA DOMAGOJA 1", "Glasovalo birača": 601, "Glasovalo birača (po listićima)": 601, "Važeći listići": 579, "Nevažeći listići": 22 }, "latitude": 45.8265301, "longitude": 15.698627, "population": 824 }, "geometry": { "type": "Polygon", "coordinates": [ [ [ 15.694437535074853, 45.832193796893051 ], [ 15.706563566307764, 45.828305673007698 ], [ 15.707668560909118, 45.823985827024451 ], [ 15.693009369615359, 45.821642391238683 ], [ 15.694437535074853, 45.832193796893051 ] ] ] } },
{ "type": "Feature", "properties": { "BM": 3642, "data": { "Oznaka Gr/Op/Dr": "grad", "Grad/općina/država": "SAMOBOR", "Rbr BM": 48, "Naziv BM": "CVJETNO NASELJE-PERIVOJ-SAMOBOR", "Lokacija BM": "KUĆA RENATE TOMAS", "Adresa BM": "IV.CVJETNO NASELJE 19", "Glasovalo birača": 1153, "Glasovalo birača (po listićima)": 1153, "Važeći listići": 1126, "Nevažeći listići": 27 }, "latitude": 45.8187496, "longitude": 15.6998708, "population": 1729 }, "geometry": { "type": "Polygon", "coordinates": [ [ [ 15.68962154922791, 45.817554664586098 ], [ 15.693009369615359, 45.821642391238683 ], [ 15.707668560909118, 45.823985827024451 ], [ 15.710102032412369, 45.820996486709888 ], [ 15.705156302213863, 45.812174712190561 ], [ 15.703439948640186, 45.809764970216769 ], [ 15.68962154922791, 45.817554664586098 ] ] ] } },
{ "type": "Feature", "properties": { "BM": 3926, "data": { "Oznaka Gr/Op/Dr": "općina", "Grad/općina/država": "BRDOVEC", "Rbr BM": 7, "Naziv BM": "DRENJE BRDOVEČKO", "Lokacija BM": "DRUŠTVENI DOM DRENJE BRDOVEČKO", "Adresa BM": "DRENJE BRDOVEČKO, VATROGASNA 1", "Glasovalo birača": 353, "Glasovalo birača (po listićima)": 353, "Važeći listići": 340, "Nevažeći listići": 13 }, "latitude": 45.8723493, "longitude": 15.7069343, "population": 533 }, "geometry": { "type": "Polygon", "coordinates": [ [ [ 15.7025377, 45.8538434 ], [ 15.7012963, 45.8549927 ], [ 15.7000673, 45.8562201 ], [ 15.6999765, 45.8563163 ], [ 15.6992407, 45.8573479 ], [ 15.6988794, 45.8578011 ], [ 15.6986219, 45.8581329 ], [ 15.6980272, 45.8586328 ], [ 15.6979652, 45.8586981 ], [ 15.6971114, 45.8591699 ], [ 15.6965496, 45.8594843 ], [ 15.6952554, 45.8601122 ], [ 15.6951873, 45.8601452 ], [ 15.6949214, 45.8602603 ], [ 15.6945476, 45.860426 ], [ 15.6942332, 45.8605553 ], [ 15.6931045, 45.8609482 ], [ 15.6929203, 45.8610114 ], [ 15.6925558, 45.8611395 ], [ 15.69214, 45.8612368 ], [ 15.6913625, 45.861388 ], [ 15.6907988, 45.8614617 ], [ 15.6875489, 45.8618908 ], [ 15.687377204067307, 45.861913238846114 ], [ 15.703094445079604, 45.8816073422052 ], [ 15.71991214928825, 45.87370191230697 ], [ 15.719590042707209, 45.856236262957758 ], [ 15.709721941649395, 45.852489950698754 ], [ 15.702909295935108, 45.853529316798017 ], [ 15.7025377, 45.8538434 ] ] ] } },
{ "type": "Feature", "properties": { "BM": 1794, "data": { "Oznaka Gr/Op/Dr": "općina", "Grad/općina/država": "MARIJA GORICA", "Rbr BM": 5, "Naziv BM": "KRAJ DONJI", "Lokacija BM": "DRUŠTVENI DOM KRAJ DONJI", "Adresa BM": "KRAJ DONJI, DUBRAVIČKA ULICA 130", "Glasovalo birača": 240, "Glasovalo birača (po listićima)": 240, "Važeći listići": 238, "Nevažeći listići": 2 }, "latitude": 45.9156665, "longitude": 15.7048722, "population": 375 }, "geometry": { "type": "Polygon", "coordinates": [ [ [ 15.692031200566932, 45.913191959427301 ], [ 15.6922518, 45.9130753 ], [ 15.6925149, 45.913031 ], [ 15.6927416, 45.9129964 ], [ 15.6929894, 45.9130455 ], [ 15.6932672, 45.9131562 ], [ 15.6933221, 45.9132319 ], [ 15.6933994, 45.9133799 ], [ 15.6935355, 45.9135114 ], [ 15.6935574, 45.9136655 ], [ 15.6936319, 45.9141905 ], [ 15.6938075, 45.9144402 ], [ 15.694413, 45.9146889 ], [ 15.694601, 45.914755 ], [ 15.6952015, 45.9145085 ], [ 15.6954307, 45.9144144 ], [ 15.6956606, 45.9143773 ], [ 15.6959264, 45.9143602 ], [ 15.6965464, 45.914458 ], [ 15.6971191, 45.9145438 ], [ 15.6972434, 45.9146753 ], [ 15.6976035, 45.9147407 ], [ 15.6983648, 45.9147066 ], [ 15.6985714, 45.9147145 ], [ 15.6987367, 45.9147554 ], [ 15.6989613, 45.9148944 ], [ 15.6990694, 45.915007 ], [ 15.6991261, 45.9151688 ], [ 15.6992926, 45.9154304 ], [ 15.6994658, 45.9156377 ], [ 15.699708, 45.9157265 ], [ 15.699987, 45.915739 ], [ 15.7005251, 45.9157498 ], [ 15.7006104, 45.9157978 ], [ 15.7006854, 45.9159905 ], [ 15.7006675, 45.9162759 ], [ 15.7007856, 45.9164993 ], [ 15.7008425, 45.9168627 ], [ 15.7008322, 45.9169228 ], [ 15.7007979, 45.9169896 ], [ 15.7007077, 45.9170602 ], [ 15.7004846, 45.9170921 ], [ 15.7002839, 45.9171247 ], [ 15.7001046, 45.9171407 ], [ 15.699743, 45.9171171 ], [ 15.6995046, 45.9170954 ], [ 15.6993777, 45.9171158 ], [ 15.6991993, 45.9171848 ], [ 15.6991356, 45.9172331 ], [ 15.699051, 45.9174278 ], [ 15.6990656, 45.9175202 ], [ 15.699081, 45.9176197 ], [ 15.6991132, 45.9177289 ], [ 15.6992094, 45.9178075 ], [ 15.6994275, 45.917964 ], [ 15.6996546, 45.9181092 ], [ 15.6997214, 45.9182018 ], [ 15.699637, 45.9184261 ], [ 15.6995396, 45.9187889 ], [ 15.6994962, 45.919011 ], [ 15.6994715, 45.9191227 ], [ 15.6994785, 45.9192522 ], [ 15.699588, 45.9195002 ], [ 15.6998616, 45.91974 ], [ 15.6999141, 45.9197484 ], [ 15.7000244, 45.9198689 ], [ 15.7000319, 45.9198772 ], [ 15.7005511, 45.9200294 ], [ 15.7007667, 45.9201125 ], [ 15.701484, 45.920448 ], [ 15.7016064, 45.9205146 ], [ 15.702005, 45.9207971 ], [ 15.7021904, 45.9209338 ], [ 15.7026163, 45.9211129 ], [ 15.703023, 45.9211235 ], [ 15.7034631, 45.9209027 ], [ 15.7037916, 45.9207032 ], [ 15.7040991, 45.920569 ], [ 15.7042641, 45.9204837 ], [ 15.7044139, 45.9204466 ], [ 15.704535, 45.9204166 ], [ 15.704673, 45.9203682 ], [ 15.7049382, 45.9201788 ], [ 15.7050619, 45.9200905 ], [ 15.7054013, 45.9198027 ], [ 15.7056063, 45.9197253 ], [ 15.705939, 45.9198897 ], [ 15.7061781, 45.9206617 ], [ 15.7062626, 45.9208169 ], [ 15.7065445, 45.9212869 ], [ 15.7066443, 45.9214083 ], [ 15.7067832, 45.9214953 ], [ 15.7071734, 45.9216482 ], [ 15.7073017, 45.9218334 ], [ 15.7072281, 45.9219562 ], [ 15.7071565, 45.9220757 ], [ 15.7065379, 45.9223194 ], [ 15.7065513, 45.9225024 ], [ 15.707246, 45.9227219 ], [ 15.7073663, 45.9228348 ], [ 15.7076883, 45.9230511 ], [ 15.7076573, 45.9231712 ], [ 15.7075434, 45.9232919 ], [ 15.707249, 45.923485 ], [ 15.7069833, 45.9235819 ], [ 15.7069161, 45.9235785 ], [ 15.7065767, 45.923614 ], [ 15.7061077, 45.9236966 ], [ 15.7059889, 45.9239786 ], [ 15.7061908, 45.9242603 ], [ 15.7064756, 45.9246578 ], [ 15.706955, 45.9248882 ], [ 15.7070668, 45.9249843 ], [ 15.7073285, 45.9253324 ], [ 15.7073132, 45.9255623 ], [ 15.707088, 45.9257233 ], [ 15.7068699, 45.925731 ], [ 15.7066598, 45.9256628 ], [ 15.7064811, 45.925513 ], [ 15.7062132, 45.925428 ], [ 15.7060848, 45.9254505 ], [ 15.7058966, 45.9255749 ], [ 15.7058732, 45.9257715 ], [ 15.7058928, 45.9261268 ], [ 15.7058016, 45.9263155 ], [ 15.7056156, 45.9264029 ], [ 15.7052278, 45.9264571 ], [ 15.7040574, 45.9266766 ], [ 15.7035502, 45.9268293 ], [ 15.7033539, 45.9269372 ], [ 15.7033514, 45.9270354 ], [ 15.7035883, 45.9271734 ], [ 15.7036537, 45.9272224 ], [ 15.7044577, 45.9275053 ], [ 15.7048544, 45.9276953 ], [ 15.7050645, 45.9277489 ], [ 15.7053291, 45.9277375 ], [ 15.7055664, 45.9275799 ], [ 15.7058072, 45.9273351 ], [ 15.7058093, 45.9271146 ], [ 15.7058899, 45.9269239 ], [ 15.7060778, 45.9268504 ], [ 15.7062214, 45.9268332 ], [ 15.7062878, 45.9268252 ], [ 15.7064779, 45.926865 ], [ 15.7066586, 45.9269876 ], [ 15.706657, 45.9271148 ], [ 15.7065824, 45.9273524 ], [ 15.7063499, 45.927764 ], [ 15.7061156, 45.9282997 ], [ 15.706116, 45.9284365 ], [ 15.7062747, 45.9285012 ], [ 15.7064607, 45.9284719 ], [ 15.7065006, 45.9284605 ], [ 15.7065047, 45.9284593 ], [ 15.7067121, 45.9283997 ], [ 15.7068862, 45.9283346 ], [ 15.7071177, 45.9282983 ], [ 15.7073192, 45.9283083 ], [ 15.7074522, 45.9284061 ], [ 15.7075636, 45.9285345 ], [ 15.7076077, 45.9286373 ], [ 15.7076055, 45.9288463 ], [ 15.7076031, 45.9290158 ], [ 15.707539, 45.9291569 ], [ 15.7073428, 45.9292021 ], [ 15.7068736, 45.9291007 ], [ 15.7066566, 45.9290213 ], [ 15.7064775, 45.9289275 ], [ 15.7063375, 45.9288628 ], [ 15.7063103, 45.9288501 ], [ 15.7060465, 45.9288525 ], [ 15.7058616, 45.9289759 ], [ 15.7058185, 45.9292254 ], [ 15.7057751, 45.929393 ], [ 15.7057171, 45.9294647 ], [ 15.7056399, 45.9295589 ], [ 15.7054786, 45.9297343 ], [ 15.7050175, 45.9303621 ], [ 15.7050529, 45.9304479 ], [ 15.7051763, 45.9306235 ], [ 15.7057613, 45.9305138 ], [ 15.7061507, 45.9303804 ], [ 15.7061782, 45.9303792 ], [ 15.7062913, 45.9303741 ], [ 15.7067608, 45.9306431 ], [ 15.7070076, 45.9308225 ], [ 15.7073336, 45.9310836 ], [ 15.7073477, 45.9311706 ], [ 15.707374, 45.931332 ], [ 15.7074038, 45.9314954 ], [ 15.7075129, 45.9317119 ], [ 15.7077297, 45.9317218 ], [ 15.7079434, 45.9315405 ], [ 15.7079635, 45.9315233 ], [ 15.7079132, 45.9311788 ], [ 15.7079855, 45.9310096 ], [ 15.7080942, 45.9309314 ], [ 15.708346, 45.9308594 ], [ 15.708942171494314, 45.930895905617092 ], [ 15.717722914253187, 45.92078082726151 ], [ 15.717233231192766, 45.915915569193224 ], [ 15.714920625408743, 45.908008612994038 ], [ 15.696157174186528, 45.905977664891417 ], [ 15.695866959942643, 45.906095762545455 ], [ 15.692031200566932, 45.913191959427301 ] ] ] } },
{ "type": "Feature", "properties": { "BM": 3946, "data": { "Oznaka Gr/Op/Dr": "općina", "Grad/općina/država": "KLINČA SELA", "Rbr BM": 15, "Naziv BM": "BIRAČKO MJESTO BR. 15- REPIŠĆE", "Lokacija BM": "DRUŠTVENI DOM", "Adresa BM": "REPIŠĆE", "Glasovalo birača": 214, "Glasovalo birača (po listićima)": 214, "Važeći listići": 210, "Nevažeći listići": 4 }, "latitude": 45.725889, "longitude": 15.7054782, "population": 309 }, "geometry": { "type": "Polygon", "coordinates": [ [ [ 15.684566323791913, 45.730280436261822 ], [ 15.683656124125289, 45.732009452351072 ], [ 15.708375527000662, 45.732474234451416 ], [ 15.714758747074429, 45.719301437592271 ], [ 15.711385792042154, 45.716363886461039 ], [ 15.684566323791913, 45.730280436261822 ] ] ] } },
{ "type": "Feature", "properties": { "BM": 3927, "data": { "Oznaka Gr/Op/Dr": "općina", "Grad/općina/država": "BRDOVEC", "Rbr BM": 8, "Naziv BM": "LADUČ", "Lokacija BM": "DRUŠTVENI DOM LADUČ", "Adresa BM": "GORNJI LADUČ, ZAGREBAČKA 47", "Glasovalo birača": 939, "Glasovalo birača (po listićima)": 937, "Važeći listići": 913, "Nevažeći listići": 24 }, "latitude": 45.8845578, "longitude": 15.7126731, "population": 1478 }, "geometry": { "type": "Polygon", "coordinates": [ [ [ 15.702808079291966, 45.886030304756929 ], [ 15.704356146203892, 45.889171541687574 ], [ 15.720940852390584, 45.896287261706433 ], [ 15.728745999584275, 45.891557464458991 ], [ 15.727507893993684, 45.885771542920082 ], [ 15.71991214928825, 45.87370191230697 ], [ 15.703094445079604, 45.8816073422052 ], [ 15.702808079291966, 45.886030304756929 ] ] ] } },
{ "type": "Feature", "properties": { "BM": 3652, "data": { "Oznaka Gr/Op/Dr": "grad", "Grad/općina/država": "SAMOBOR", "Rbr BM": 58, "Naziv BM": "SVETA HELENA - SAMOBOR", "Lokacija BM": "PROSTORIJE SREDNJIH ŠKOLA U SAMOBORU (MALA KONGRESNA DVORANA)", "Adresa BM": "SAMOBOR, HEBRANGOVA 26", "Glasovalo birača": 1029, "Glasovalo birača (po listićima)": 1029, "Važeći listići": 1010, "Nevažeći listići": 19 }, "latitude": 45.809328663753597, "longitude": 15.713097693254101, "population": 1410 }, "geometry": { "type": "Polygon", "coordinates": [ [ [ 15.703439948640186, 45.809764970216769 ], [ 15.705156302213863, 45.812174712190561 ], [ 15.722259981759761, 45.808058272212939 ], [ 15.718993626286281, 45.805888605741259 ], [ 15.708169188443151, 45.806188792936396 ], [ 15.707788796380578, 45.806276881491186 ], [ 15.703587767928276, 45.807322357695476 ], [ 15.703439948640186, 45.809764970216769 ] ] ] } },
{ "type": "Feature", "properties": { "BM": 1792, "data": { "Oznaka Gr/Op/Dr": "općina", "Grad/općina/država": "MARIJA GORICA", "Rbr BM": 3, "Naziv BM": "SVETI KRIŽ", "Lokacija BM": "DRUŠTVENI DOM", "Adresa BM": "SVETI KRIŽ, BRDOVEČKA ULICA BB", "Glasovalo birača": 236, "Glasovalo birača (po listićima)": 236, "Važeći listići": 230, "Nevažeći listići": 6 }, "latitude": 45.898378, "longitude": 15.7067435, "population": 381 }, "geometry": { "type": "Polygon", "coordinates": [ [ [ 15.696157174186528, 45.905977664891417 ], [ 15.714920625408743, 45.908008612994038 ], [ 15.720940852390584, 45.896287261706433 ], [ 15.704356146203892, 45.889171541687574 ], [ 15.696157174186528, 45.905977664891417 ] ] ] } },
{ "type": "Feature", "properties": { "BM": 3648, "data": { "Oznaka Gr/Op/Dr": "grad", "Grad/općina/država": "SAMOBOR", "Rbr BM": 54, "Naziv BM": "KOLODVORSKO NASELJE-SAJMIŠTE-SAMOBOR", "Lokacija BM": "PROSTORIJE T.D.CHROMOS D.D.-ZGRADA UPRAVE", "Adresa BM": "SAMOBOR, ZAGREBAČKA 30, ULAZ IZ ULICE GRADA WIRGESA", "Glasovalo birača": 517, "Glasovalo birača (po listićima)": 517, "Važeći listići": 511, "Nevažeći listići": 6 }, "latitude": 45.8110958, "longitude": 15.713523, "population": 770 }, "geometry": { "type": "Polygon", "coordinates": [ [ [ 15.710102032412369, 45.820996486709888 ], [ 15.721382065764072, 45.820501025996009 ], [ 15.724764996304421, 45.815047375533219 ], [ 15.722665729423298, 45.808273609138979 ], [ 15.722259981759761, 45.808058272212939 ], [ 15.705156302213863, 45.812174712190561 ], [ 15.710102032412369, 45.820996486709888 ] ] ] } },
{ "type": "Feature", "properties": { "BM": 3947, "data": { "Oznaka Gr/Op/Dr": "općina", "Grad/općina/država": "KLINČA SELA", "Rbr BM": 16, "Naziv BM": "BIRAČKO MJESTO BR. 16- KOZLIKOVO", "Lokacija BM": "KUĆA RUDAR ŽELJKA", "Adresa BM": "KOZLIKOVO 20", "Glasovalo birača": 91, "Glasovalo birača (po listićima)": 91, "Važeći listići": 89, "Nevažeći listići": 2 }, "latitude": 45.7092041, "longitude": 15.7200093, "population": 137 }, "geometry": { "type": "Polygon", "coordinates": [ [ [ 15.714758747074429, 45.719301437592271 ], [ 15.720495170101481, 45.720549540031492 ], [ 15.731267369617807, 45.699921662536163 ], [ 15.730728595042669, 45.69916908650805 ], [ 15.706130596583776, 45.700022491655851 ], [ 15.706060628314155, 45.700147599855931 ], [ 15.711385792042154, 45.716363886461039 ], [ 15.714758747074429, 45.719301437592271 ] ] ] } },
{ "type": "Feature", "properties": { "BM": 3644, "data": { "Oznaka Gr/Op/Dr": "grad", "Grad/općina/država": "SAMOBOR", "Rbr BM": 50, "Naziv BM": "GIZNIK-ANINDOL-SAMOBOR", "Lokacija BM": "PROSTORIJE CENTRA ZA MLADE - BUNKER", "Adresa BM": "SAMOBOR, SAVKE DABČEVIĆ KUČAR 8", "Glasovalo birača": 724, "Glasovalo birača (po listićima)": 724, "Važeći listići": 712, "Nevažeći listići": 12 }, "latitude": 45.7947237, "longitude": 15.7200671, "population": 1000 }, "geometry": { "type": "Polygon", "coordinates": [ [ [ 15.707772014604824, 45.786883427862008 ], [ 15.714906325036704, 45.795698822715138 ], [ 15.718597832560709, 45.796443146659222 ], [ 15.725167281995063, 45.793647070399381 ], [ 15.722585407260485, 45.779756055615813 ], [ 15.712013181989324, 45.777685895070171 ], [ 15.706769389898041, 45.785463655487497 ], [ 15.707772014604824, 45.786883427862008 ] ] ] } },
{ "type": "Feature", "properties": { "BM": 3641, "data": { "Oznaka Gr/Op/Dr": "grad", "Grad/općina/država": "SAMOBOR", "Rbr BM": 47, "Naziv BM": "CENTAR -  SAMOBOR", "Lokacija BM": "PROSTORIJE  MALE DVORANE HRVATSKOG DOMA", "Adresa BM": "SAMOBOR, TRG MATICE HRVATSKE 6", "Glasovalo birača": 1114, "Glasovalo birača (po listićima)": 1114, "Važeći listići": 1089, "Nevažeći listići": 25 }, "latitude": 45.8027806, "longitude": 15.7129161, "population": 1564 }, "geometry": { "type": "Polygon", "coordinates": [ [ [ 15.708169188443151, 45.806188792936396 ], [ 15.718993626286281, 45.805888605741259 ], [ 15.71689843377931, 45.801903361280381 ], [ 15.716695841128102, 45.801594851854389 ], [ 15.712363223962429, 45.801671137824947 ], [ 15.708169188443151, 45.806188792936396 ] ] ] } },
{ "type": "Feature", "properties": { "BM": 3598, "data": { "Oznaka Gr/Op/Dr": "grad", "Grad/općina/država": "SAMOBOR", "Rbr BM": 4, "Naziv BM": "BREGANA", "Lokacija BM": "OSNOVNA ŠKOLA MILANA LANGA", "Adresa BM": "ULICA MILANA LANGA 2", "Glasovalo birača": 505, "Glasovalo birača (po listićima)": 505, "Važeći listići": 480, "Nevažeći listići": 25 }, "latitude": 45.8012021, "longitude": 15.7112158, "population": 756 }, "geometry": { "type": "Polygon", "coordinates": [ [ [ 15.712363223962429, 45.801671137824947 ], [ 15.711768030274802, 45.800171506156573 ], [ 15.707788796380578, 45.806276881491186 ], [ 15.708169188443151, 45.806188792936396 ], [ 15.712363223962429, 45.801671137824947 ] ] ] } },
{ "type": "Feature", "properties": { "BM": 3619, "data": { "Oznaka Gr/Op/Dr": "grad", "Grad/općina/država": "SAMOBOR", "Rbr BM": 25, "Naziv BM": "KLAKE", "Lokacija BM": "OSNOVNA ŠKOLA U KLAKAMA", "Adresa BM": "KLAKE", "Glasovalo birača": 130, "Glasovalo birača (po listićima)": 130, "Važeći listići": 121, "Nevažeći listići": 9 }, "latitude": 45.757237, "longitude": 15.7153742, "population": 212 }, "geometry": { "type": "Polygon", "coordinates": [ [ [ 15.71085688617864, 45.774444464291221 ], [ 15.726028153785807, 45.753727721404928 ], [ 15.723430816551762, 45.750043987421677 ], [ 15.713958631962218, 45.746064834439984 ], [ 15.695167147822046, 45.756483772415692 ], [ 15.71085688617864, 45.774444464291221 ] ] ] } },
{ "type": "Feature", "properties": { "BM": 3643, "data": { "Oznaka Gr/Op/Dr": "grad", "Grad/općina/država": "SAMOBOR", "Rbr BM": 49, "Naziv BM": "GIZNIK-ANINDOL-SAMOBOR", "Lokacija BM": "PROSTORIJE TRGOVAČKOG DRUŠTVA HVAT  D.O.O.", "Adresa BM": "SAMOBOR, MILANA LANGA 29", "Glasovalo birača": 1035, "Glasovalo birača (po listićima)": 1035, "Važeći listići": 1022, "Nevažeći listići": 13 }, "latitude": 45.8005429, "longitude": 15.7128767, "population": 1443 }, "geometry": { "type": "Polygon", "coordinates": [ [ [ 15.711768030274802, 45.800171506156573 ], [ 15.712363223962429, 45.801671137824947 ], [ 15.716695841128102, 45.801594851854389 ], [ 15.714906325036704, 45.795698822715138 ], [ 15.707772014604824, 45.786883427862008 ], [ 15.711768030274802, 45.800171506156573 ] ] ] } },
{ "type": "Feature", "properties": { "BM": 1624, "data": { "Oznaka Gr/Op/Dr": "općina", "Grad/općina/država": "DUBRAVICA", "Rbr BM": 5, "Naziv BM": "PROSINEC", "Lokacija BM": "VATROGASNI DOM PROSINEC", "Adresa BM": "PROSINEC, UL. SUTLANSKE DOLINE 86 A", "Glasovalo birača": 68, "Glasovalo birača (po listićima)": 68, "Važeći listići": 65, "Nevažeći listići": 3 }, "latitude": 45.9696974, "longitude": 15.7153036, "population": 100 }, "geometry": { "type": "Polygon", "coordinates": [ [ [ 15.7100219, 45.9620085 ], [ 15.7097191, 45.9632368 ], [ 15.7091212, 45.9642904 ], [ 15.7089731, 45.9651573 ], [ 15.7081066, 45.9667486 ], [ 15.7076565, 45.9682207 ], [ 15.7077312, 45.9685542 ], [ 15.7073748, 45.9695884 ], [ 15.7072859, 45.9700265 ], [ 15.7070742, 45.9717531 ], [ 15.7069865, 45.9723286 ], [ 15.7068787, 45.9736411 ], [ 15.7067529, 45.9741915 ], [ 15.7064124, 45.9752604 ], [ 15.7066697, 45.9752743 ], [ 15.7066346, 45.9753499 ], [ 15.7064091, 45.9753409 ], [ 15.7066043, 45.9758547 ], [ 15.7062807, 45.9762233 ], [ 15.7057861, 45.9763585 ], [ 15.7056447, 45.9765623 ], [ 15.705512, 45.9771751 ], [ 15.7056974, 45.977819 ], [ 15.7057846, 45.9781661 ], [ 15.7056828, 45.9784294 ], [ 15.70539, 45.9787665 ], [ 15.7051518, 45.9788861 ], [ 15.7045428, 45.9789348 ], [ 15.7041838, 45.9791167 ], [ 15.7041672, 45.9793624 ], [ 15.7044586, 45.9796215 ], [ 15.7050787, 45.9796891 ], [ 15.7051954, 45.9795436 ], [ 15.7053443, 45.979671 ], [ 15.7056238, 45.9796545 ], [ 15.7058249, 45.9797491 ], [ 15.7060427, 45.980235 ], [ 15.7061527, 45.9809213 ], [ 15.7060542, 45.9810091 ], [ 15.7058415, 45.9810255 ], [ 15.705642, 45.980985 ], [ 15.7054159, 45.9807333 ], [ 15.705559, 45.9804605 ], [ 15.705603, 45.9801632 ], [ 15.7056008, 45.9801545 ], [ 15.7052774, 45.9800508 ], [ 15.7049779, 45.9801861 ], [ 15.7044295, 45.9803281 ], [ 15.7043308, 45.980564 ], [ 15.7046418, 45.9807941 ], [ 15.7047003, 45.9810942 ], [ 15.7045968, 45.9813843 ], [ 15.7041047, 45.982038 ], [ 15.7039743, 45.9823311 ], [ 15.7040017, 45.9826259 ], [ 15.7042305, 45.9828213 ], [ 15.7048642, 45.9830303 ], [ 15.7050532, 45.9832559 ], [ 15.7049212, 45.9836243 ], [ 15.7048042, 45.9838238 ], [ 15.7048451, 45.9839847 ], [ 15.7048104, 45.9843003 ], [ 15.7048925, 45.9845757 ], [ 15.70545, 45.9850521 ], [ 15.7054092, 45.9851854 ], [ 15.7052752, 45.9852661 ], [ 15.7049154, 45.9853378 ], [ 15.7045999, 45.9852772 ], [ 15.7042134, 45.9848612 ], [ 15.7042718, 45.9844728 ], [ 15.7041244, 45.9842502 ], [ 15.7039733, 45.9841215 ], [ 15.7036521, 45.9843369 ], [ 15.7033959, 45.9846538 ], [ 15.7027002, 45.9851908 ], [ 15.7026544, 45.9855847 ], [ 15.7028329, 45.9857746 ], [ 15.703094, 45.9859155 ], [ 15.7033482, 45.9859989 ], [ 15.7039974, 45.9863913 ], [ 15.7041322, 45.9867007 ], [ 15.704228830199565, 45.986843859920441 ], [ 15.709388103326214, 45.987252927592834 ], [ 15.728447125083237, 45.971797187135785 ], [ 15.728778155347795, 45.970037497106787 ], [ 15.726729021307161, 45.967146005663778 ], [ 15.709683960738696, 45.961463276624094 ], [ 15.7100219, 45.9620085 ] ] ] } },
{ "type": "Feature", "properties": { "BM": 3932, "data": { "Oznaka Gr/Op/Dr": "općina", "Grad/općina/država": "KLINČA SELA", "Rbr BM": 1, "Naziv BM": "BIRAČKO MJESTO BR. 1 - BETER I", "Lokacija BM": "DOM DVD", "Adresa BM": "BETER", "Glasovalo birača": 163, "Glasovalo birača (po listićima)": 163, "Važeći listići": 154, "Nevažeći listići": 9 }, "latitude": 45.7306675, "longitude": 15.7153394, "population": 254 }, "geometry": { "type": "Polygon", "coordinates": [ [ [ 15.714074606145196, 45.73943196579927 ], [ 15.727859461303801, 45.727250833222577 ], [ 15.720495170101481, 45.720549540031492 ], [ 15.714758747074429, 45.719301437592271 ], [ 15.708375527000662, 45.732474234451416 ], [ 15.714074606145196, 45.73943196579927 ] ] ] } },
{ "type": "Feature", "properties": { "BM": 1793, "data": { "Oznaka Gr/Op/Dr": "općina", "Grad/općina/država": "MARIJA GORICA", "Rbr BM": 4, "Naziv BM": "TRSTENIK", "Lokacija BM": "DRUŠTVENI DOM", "Adresa BM": "TRSTENIK, ANTE KOVAČIĆA 17", "Glasovalo birača": 155, "Glasovalo birača (po listićima)": 155, "Važeći listići": 149, "Nevažeći listići": 6 }, "latitude": 45.9090449, "longitude": 15.7275119, "population": 294 }, "geometry": { "type": "Polygon", "coordinates": [ [ [ 15.717233231192766, 45.915915569193224 ], [ 15.746022703442955, 45.903573568839626 ], [ 15.746126447121547, 45.898997250534926 ], [ 15.728745999584275, 45.891557464458991 ], [ 15.720940852390584, 45.896287261706433 ], [ 15.714920625408743, 45.908008612994038 ], [ 15.717233231192766, 45.915915569193224 ] ] ] } },
{ "type": "Feature", "properties": { "BM": 3595, "data": { "Oznaka Gr/Op/Dr": "grad", "Grad/općina/država": "SAMOBOR", "Rbr BM": 1, "Naziv BM": "BOBOVICA", "Lokacija BM": "VATROGASNI DOM BOBOVICA", "Adresa BM": "BOBOVICA", "Glasovalo birača": 142, "Glasovalo birača (po listićima)": 142, "Važeći listići": 141, "Nevažeći listići": 1 }, "latitude": 45.8305591, "longitude": 15.7143779, "population": 220 }, "geometry": { "type": "Polygon", "coordinates": [ [ [ 15.710482790471731, 45.841937389947724 ], [ 15.72345534324112, 45.825952912784686 ], [ 15.721382065764072, 45.820501025996009 ], [ 15.710102032412369, 45.820996486709888 ], [ 15.707668560909118, 45.823985827024451 ], [ 15.706563566307764, 45.828305673007698 ], [ 15.710482790471731, 45.841937389947724 ] ] ] } },
{ "type": "Feature", "properties": { "BM": 3646, "data": { "Oznaka Gr/Op/Dr": "grad", "Grad/općina/država": "SAMOBOR", "Rbr BM": 52, "Naziv BM": "JUŽNO NASELJE - SAMOBOR", "Lokacija BM": "OSNOVNA ŠKOLA BOGUMIL TONI", "Adresa BM": "SAMOBOR, PERKOVČEVA 90", "Glasovalo birača": 1150, "Glasovalo birača (po listićima)": 1150, "Važeći listići": 1123, "Nevažeći listići": 27 }, "latitude": 45.7991201, "longitude": 15.7198787, "population": 1619 }, "geometry": { "type": "Polygon", "coordinates": [ [ [ 15.718993626286281, 45.805888605741259 ], [ 15.722259981759761, 45.808058272212939 ], [ 15.722665729423298, 45.808273609138979 ], [ 15.724632227189577, 45.804558178533277 ], [ 15.72395407731303, 45.79922569402158 ], [ 15.72044645061373, 45.797878653954541 ], [ 15.71689843377931, 45.801903361280381 ], [ 15.718993626286281, 45.805888605741259 ] ] ] } },
{ "type": "Feature", "properties": { "BM": 3653, "data": { "Oznaka Gr/Op/Dr": "grad", "Grad/općina/država": "SAMOBOR", "Rbr BM": 59, "Naziv BM": "SAMOBORSKI OTOK", "Lokacija BM": "DRUŠTVENI DOM SAMOBORSKI OTOK", "Adresa BM": "SAMOBORSKI OTOK, TRG SVETOG NIKOLE 3", "Glasovalo birača": 330, "Glasovalo birača (po listićima)": 330, "Važeći listići": 311, "Nevažeći listići": 19 }, "latitude": 45.835784, "longitude": 15.7208159, "population": 480 }, "geometry": { "type": "Polygon", "coordinates": [ [ [ 15.709721941649395, 45.852489950698754 ], [ 15.719590042707209, 45.856236262957758 ], [ 15.733849877538145, 45.851488450838183 ], [ 15.737658697842637, 45.847858796022685 ], [ 15.734355819432629, 45.836908854098276 ], [ 15.72345534324112, 45.825952912784686 ], [ 15.710482790471731, 45.841937389947724 ], [ 15.709721941649395, 45.852489950698754 ] ] ] } },
{ "type": "Feature", "properties": { "BM": 3647, "data": { "Oznaka Gr/Op/Dr": "grad", "Grad/općina/država": "SAMOBOR", "Rbr BM": 53, "Naziv BM": "JUŽNO NASELJE - SAMOBOR", "Lokacija BM": "OSNOVNA ŠKOLA BOGUMIL TONI", "Adresa BM": "ULICA IVANA PERKOVCA 90", "Glasovalo birača": 698, "Glasovalo birača (po listićima)": 698, "Važeći listići": 680, "Nevažeći listići": 18 }, "latitude": 45.7985976, "longitude": 15.719286, "population": 1007 }, "geometry": { "type": "Polygon", "coordinates": [ [ [ 15.71689843377931, 45.801903361280381 ], [ 15.72044645061373, 45.797878653954541 ], [ 15.718597832560709, 45.796443146659222 ], [ 15.714906325036704, 45.795698822715138 ], [ 15.716695841128102, 45.801594851854389 ], [ 15.71689843377931, 45.801903361280381 ] ] ] } },
{ "type": "Feature", "properties": { "BM": 1623, "data": { "Oznaka Gr/Op/Dr": "općina", "Grad/općina/država": "DUBRAVICA", "Rbr BM": 4, "Naziv BM": "VUČILČEVO", "Lokacija BM": "VATROGASNI DOM VUČILČEVO", "Adresa BM": "VUČILČEVO, III. SUTLANSKA CESTA 4", "Glasovalo birača": 88, "Glasovalo birača (po listićima)": 88, "Važeći listići": 85, "Nevažeći listići": 3 }, "latitude": 45.9582488, "longitude": 15.7191205, "population": 127 }, "geometry": { "type": "Polygon", "coordinates": [ [ [ 15.709104523608602, 45.942776764256834 ], [ 15.7091045236086, 45.942776764256834 ], [ 15.7090033, 45.942851 ], [ 15.7087985, 45.9430014 ], [ 15.7086112, 45.9431505 ], [ 15.7084433, 45.9432838 ], [ 15.7083802, 45.943488 ], [ 15.7084324, 45.9438562 ], [ 15.708477, 45.9440256 ], [ 15.7087394, 45.944477 ], [ 15.7091438, 45.944597 ], [ 15.7093968, 45.944672 ], [ 15.7094686, 45.944792 ], [ 15.7094535, 45.9448457 ], [ 15.7093414, 45.9451437 ], [ 15.7091901, 45.9454898 ], [ 15.7091614, 45.9457776 ], [ 15.7090247, 45.946037 ], [ 15.7087811, 45.9464072 ], [ 15.7085246, 45.9467101 ], [ 15.7082103, 45.9471083 ], [ 15.7083325, 45.9472861 ], [ 15.7084791, 45.9474993 ], [ 15.7090952, 45.947525 ], [ 15.7093701, 45.9476635 ], [ 15.7094208, 45.9478264 ], [ 15.7093607, 45.9480262 ], [ 15.7091729, 45.9482338 ], [ 15.7089611, 45.9483398 ], [ 15.7083094, 45.9483679 ], [ 15.7079821, 45.9483821 ], [ 15.7079272, 45.9484681 ], [ 15.7080034, 45.9487464 ], [ 15.7082392, 45.9489903 ], [ 15.7084508, 45.949275 ], [ 15.7088055, 45.9493848 ], [ 15.7088576, 45.949401 ], [ 15.7097156, 45.9492626 ], [ 15.710286, 45.9493507 ], [ 15.7104012, 45.9495262 ], [ 15.7104516, 45.9496827 ], [ 15.7103596, 45.9497681 ], [ 15.7097178, 45.9504208 ], [ 15.7094599, 45.9507191 ], [ 15.7094394, 45.9507427 ], [ 15.7094215, 45.9508114 ], [ 15.7092876, 45.9514162 ], [ 15.7092983, 45.9516087 ], [ 15.7093041, 45.9519585 ], [ 15.7093554, 45.9522524 ], [ 15.7093975, 45.9525132 ], [ 15.7094647, 45.9532415 ], [ 15.709548, 45.9536592 ], [ 15.709541, 45.9539598 ], [ 15.7096012, 45.9545747 ], [ 15.7095561, 45.9551903 ], [ 15.7095996, 45.9556581 ], [ 15.7096555, 45.9558807 ], [ 15.70965, 45.9563264 ], [ 15.7096354, 45.9564897 ], [ 15.7095479, 45.9573205 ], [ 15.7094558, 45.9581481 ], [ 15.7094144, 45.959062 ], [ 15.7095983, 45.9595665 ], [ 15.7095084, 45.9602418 ], [ 15.7094367, 45.960695 ], [ 15.7094694, 45.9610362 ], [ 15.7095928, 45.9613162 ], [ 15.709683960738696, 45.961463276624094 ], [ 15.726729021307161, 45.967146005663778 ], [ 15.725845812449016, 45.955394551217182 ], [ 15.721863268286565, 45.945518515194578 ], [ 15.709104523608604, 45.942776764256834 ], [ 15.709104523608602, 45.942776764256834 ] ] ] } },
{ "type": "Feature", "properties": { "BM": 1790, "data": { "Oznaka Gr/Op/Dr": "općina", "Grad/općina/država": "MARIJA GORICA", "Rbr BM": 1, "Naziv BM": "KRAJ GORNJI I BIJELA GORICA", "Lokacija BM": "DRUŠTVENI DOM STARINA", "Adresa BM": "KRAJ GORNJI, ANTUNA MIHANOVIĆA 40", "Glasovalo birača": 164, "Glasovalo birača (po listićima)": 164, "Važeći listići": 162, "Nevažeći listići": 2 }, "latitude": 45.9327853, "longitude": 15.7245924, "population": 274 }, "geometry": { "type": "Polygon", "coordinates": [ [ [ 15.7090319, 45.9309014 ], [ 15.7091795, 45.9311252 ], [ 15.7091981, 45.9313913 ], [ 15.7092009, 45.9314316 ], [ 15.7091807, 45.931544 ], [ 15.7088524, 45.9318594 ], [ 15.7087976, 45.9319278 ], [ 15.7088488, 45.9324468 ], [ 15.7090226, 45.9326231 ], [ 15.7090553, 45.9326367 ], [ 15.7093012, 45.9327392 ], [ 15.7094785, 45.9327721 ], [ 15.7094813, 45.9327961 ], [ 15.7096378, 45.9327509 ], [ 15.7096416, 45.9327944 ], [ 15.7100752, 45.9328566 ], [ 15.710126, 45.9329156 ], [ 15.7101523, 45.9330857 ], [ 15.7100033, 45.93315 ], [ 15.7095283, 45.9332848 ], [ 15.7093212, 45.9333531 ], [ 15.7091233, 45.9334005 ], [ 15.7087218, 45.9334487 ], [ 15.7085885, 45.933391 ], [ 15.7085196, 45.9333612 ], [ 15.7084167, 45.9333123 ], [ 15.7082582, 45.9332042 ], [ 15.7081438, 45.9331696 ], [ 15.7080618, 45.9331595 ], [ 15.7079036, 45.9331904 ], [ 15.7077341, 45.93335 ], [ 15.7076347, 45.9334768 ], [ 15.7075384, 45.9336281 ], [ 15.7078504, 45.933968 ], [ 15.7082054, 45.9340349 ], [ 15.7082378, 45.9341064 ], [ 15.7082498, 45.9342004 ], [ 15.7082268, 45.9343618 ], [ 15.708198, 45.9345274 ], [ 15.708134, 45.9347232 ], [ 15.7080731, 45.934903 ], [ 15.7079738, 45.9350647 ], [ 15.7079333, 45.9352179 ], [ 15.7080039, 45.9353608 ], [ 15.7083878, 45.9353561 ], [ 15.7087535, 45.9352104 ], [ 15.7092001, 45.9350408 ], [ 15.7092719, 45.9350617 ], [ 15.7095785, 45.9351507 ], [ 15.7095173, 45.9352877 ], [ 15.7093117, 45.9354206 ], [ 15.709017, 45.9356111 ], [ 15.7087985, 45.9357041 ], [ 15.7086893, 45.9357505 ], [ 15.7082724, 45.9358875 ], [ 15.7082202, 45.9360816 ], [ 15.7083085, 45.9362449 ], [ 15.7089454, 45.9364751 ], [ 15.7091536, 45.9365502 ], [ 15.7092014, 45.9366761 ], [ 15.7091315, 45.9368192 ], [ 15.7090412, 45.9368628 ], [ 15.7085023, 45.9371225 ], [ 15.7082533, 45.9374143 ], [ 15.708055, 45.937721 ], [ 15.7079707, 45.9379561 ], [ 15.7077866, 45.9383278 ], [ 15.7077674, 45.9388263 ], [ 15.7080583, 45.9389501 ], [ 15.7081758, 45.9390542 ], [ 15.7084402, 45.9392357 ], [ 15.708622, 45.9392947 ], [ 15.70922, 45.9393143 ], [ 15.7095102, 45.9393097 ], [ 15.7096131, 45.9392783 ], [ 15.7098135, 45.939217 ], [ 15.7099071, 45.939129 ], [ 15.7098943, 45.9387756 ], [ 15.7099558, 45.9385148 ], [ 15.7099765, 45.9384668 ], [ 15.7099159, 45.9382337 ], [ 15.7099554, 45.9381556 ], [ 15.7102043, 45.9380576 ], [ 15.7103585, 45.9380487 ], [ 15.7103181, 45.9381797 ], [ 15.710562, 45.9384363 ], [ 15.7108355, 45.9387343 ], [ 15.710988, 45.9388363 ], [ 15.7114062, 45.9391165 ], [ 15.7115941, 45.9392246 ], [ 15.7117819, 45.939312 ], [ 15.7119376, 45.9394427 ], [ 15.7119301, 45.9396119 ], [ 15.7119199, 45.939659 ], [ 15.7118528, 45.9397079 ], [ 15.7117017, 45.9397296 ], [ 15.7114972, 45.9397757 ], [ 15.7113675, 45.9398605 ], [ 15.7112498, 45.9399681 ], [ 15.7112076, 45.9400495 ], [ 15.7112587, 45.9401488 ], [ 15.7112218, 45.9402178 ], [ 15.7113061, 45.9404361 ], [ 15.7116076, 45.9408399 ], [ 15.7115363, 45.9409521 ], [ 15.711469, 45.9409832 ], [ 15.7112837, 45.9410666 ], [ 15.7111368, 45.9410825 ], [ 15.7108867, 45.9410835 ], [ 15.710809, 45.9410736 ], [ 15.710425, 45.9409862 ], [ 15.7102059, 45.9409584 ], [ 15.7099389, 45.9410278 ], [ 15.7090867, 45.9416392 ], [ 15.7090148, 45.9417457 ], [ 15.7089765, 45.941824 ], [ 15.70907, 45.9419118 ], [ 15.7092475, 45.9419857 ], [ 15.7094691, 45.9420612 ], [ 15.7097324, 45.9421251 ], [ 15.7098424, 45.942196 ], [ 15.7098707, 45.9422374 ], [ 15.7098835, 45.9422918 ], [ 15.7098167, 45.9424209 ], [ 15.7097064, 45.942505 ], [ 15.7094209, 45.9426048 ], [ 15.7091357, 45.9427539 ], [ 15.709104523608604, 45.942776764256834 ], [ 15.721863268286565, 45.945518515194578 ], [ 15.738323074927424, 45.938870793370711 ], [ 15.739784668125228, 45.934973243900288 ], [ 15.737709671143934, 45.925583566198384 ], [ 15.717722914253187, 45.92078082726151 ], [ 15.708942171494314, 45.930895905617092 ], [ 15.7090319, 45.9309014 ] ] ] } },
{ "type": "Feature", "properties": { "BM": 3567, "data": { "Oznaka Gr/Op/Dr": "grad", "Grad/općina/država": "JASTREBARSKO", "Rbr BM": 24, "Naziv BM": "HRAŠĆA", "Lokacija BM": "DRUŠTVENI DOM", "Adresa BM": "HRAŠĆA", "Glasovalo birača": 46, "Glasovalo birača (po listićima)": 46, "Važeći listići": 45, "Nevažeći listići": 1 }, "latitude": 45.644489, "longitude": 15.7181189, "population": 74 }, "geometry": { "type": "Polygon", "coordinates": [ [ [ 15.724514706709405, 45.66670533468956 ], [ 15.743315406090947, 45.650296789774409 ], [ 15.748174523715479, 45.64118655942962 ], [ 15.691256908057861, 45.614468010786311 ], [ 15.696550382338632, 45.658194518898149 ], [ 15.724514706709405, 45.66670533468956 ] ] ] } },
{ "type": "Feature", "properties": { "BM": 3611, "data": { "Oznaka Gr/Op/Dr": "grad", "Grad/općina/država": "SAMOBOR", "Rbr BM": 17, "Naziv BM": "GRADNA", "Lokacija BM": "DRUŠTVENI DOM GRADNA", "Adresa BM": "GRADNA", "Glasovalo birača": 340, "Glasovalo birača (po listićima)": 340, "Važeći listići": 329, "Nevažeći listići": 11 }, "latitude": 45.8233634, "longitude": 15.7332997, "population": 475 }, "geometry": { "type": "Polygon", "coordinates": [ [ [ 15.721382065764072, 45.820501025996009 ], [ 15.72345534324112, 45.825952912784686 ], [ 15.734355819432629, 45.836908854098276 ], [ 15.74212746554101, 45.819129764370892 ], [ 15.741566150779725, 45.818173222768444 ], [ 15.733709818394138, 45.81430036504603 ], [ 15.724764996304421, 45.815047375533219 ], [ 15.721382065764072, 45.820501025996009 ] ] ] } },
{ "type": "Feature", "properties": { "BM": 3933, "data": { "Oznaka Gr/Op/Dr": "općina", "Grad/općina/država": "KLINČA SELA", "Rbr BM": 2, "Naziv BM": "BIRAČKO MJESTO BR. 2 - BETER II", "Lokacija BM": "KUĆA JOSIPA KUFRINA", "Adresa BM": "GORNJA PURGARIJA 9", "Glasovalo birača": 47, "Glasovalo birača (po listićima)": 47, "Važeći listići": 47, "Nevažeći listići": 0 }, "latitude": 45.7392553, "longitude": 15.7229281, "population": 60 }, "geometry": { "type": "Polygon", "coordinates": [ [ [ 15.713958631962218, 45.746064834439984 ], [ 15.723430816551762, 45.750043987421677 ], [ 15.733588860728206, 45.731985744645868 ], [ 15.730516490486446, 45.728017725858749 ], [ 15.727859461303801, 45.727250833222577 ], [ 15.714074606145196, 45.73943196579927 ], [ 15.713958631962218, 45.746064834439984 ] ] ] } },
{ "type": "Feature", "properties": { "BM": 3936, "data": { "Oznaka Gr/Op/Dr": "općina", "Grad/općina/država": "KLINČA SELA", "Rbr BM": 5, "Naziv BM": "BIRAČKO MJESTO BR. 5 - DONJA ZDENČINA II", "Lokacija BM": "SLUŽBENE PROSTORIJE MO DONJA ZDENČINA U SKLOPU PROSTORA NK ZDENČINA", "Adresa BM": "DONJA ZDENČINA, VLADIMIRA NAZORA 41", "Glasovalo birača": 351, "Glasovalo birača (po listićima)": 351, "Važeći listići": 340, "Nevažeći listići": 11 }, "latitude": 45.6760473, "longitude": 15.7456618, "population": 514 }, "geometry": { "type": "Polygon", "coordinates": [ [ [ 15.724729335474214, 45.668208618620113 ], [ 15.732327141368314, 45.682644438850353 ], [ 15.760412853438879, 45.686073388464848 ], [ 15.760425483862724, 45.685347985011269 ], [ 15.743315406090947, 45.650296789774409 ], [ 15.724514706709405, 45.66670533468956 ], [ 15.724729335474214, 45.668208618620113 ] ] ] } },
{ "type": "Feature", "properties": { "BM": 3941, "data": { "Oznaka Gr/Op/Dr": "općina", "Grad/općina/država": "KLINČA SELA", "Rbr BM": 10, "Naziv BM": "BIRAČKO MJESTO BR. 10 -  KLINČA SELA III", "Lokacija BM": "KUĆA MARTINE HLEBETINE", "Adresa BM": "TRŽIĆ 5", "Glasovalo birača": 58, "Glasovalo birača (po listićima)": 58, "Važeći listići": 55, "Nevažeći listići": 3 }, "latitude": 45.7144649, "longitude": 15.7300833, "population": 92 }, "geometry": { "type": "Polygon", "coordinates": [ [ [ 15.720495170101481, 45.720549540031492 ], [ 15.727859461303801, 45.727250833222577 ], [ 15.730516490486446, 45.728017725858749 ], [ 15.742864953860641, 45.709928879446345 ], [ 15.74215893418306, 45.706591102331089 ], [ 15.731267369617807, 45.699921662536163 ], [ 15.720495170101481, 45.720549540031492 ] ] ] } },
{ "type": "Feature", "properties": { "BM": 3649, "data": { "Oznaka Gr/Op/Dr": "grad", "Grad/općina/država": "SAMOBOR", "Rbr BM": 55, "Naziv BM": "KOLODVORSKO NASELJE-SAJMIŠTE-SAMOBOR", "Lokacija BM": "PROSTORIJE TRGOVAČKOG DRUŠTVA KOMUNALAC D.O.O.", "Adresa BM": "SAMOBOR, HRASTINSKA CESTA BB(SAJMIŠTE)", "Glasovalo birača": 704, "Glasovalo birača (po listićima)": 704, "Važeći listići": 692, "Nevažeći listići": 12 }, "latitude": 45.8054309, "longitude": 15.7318021, "population": 1013 }, "geometry": { "type": "Polygon", "coordinates": [ [ [ 15.722665729423298, 45.808273609138979 ], [ 15.724764996304421, 45.815047375533219 ], [ 15.733709818394138, 45.81430036504603 ], [ 15.738233816450137, 45.8010692261931 ], [ 15.728703978376336, 45.802375019739344 ], [ 15.724632227189577, 45.804558178533277 ], [ 15.722665729423298, 45.808273609138979 ] ] ] } },
{ "type": "Feature", "properties": { "BM": 3939, "data": { "Oznaka Gr/Op/Dr": "općina", "Grad/općina/država": "KLINČA SELA", "Rbr BM": 8, "Naziv BM": "BIRAČKO MJESTO BR. 8 - KLINČA SELA I", "Lokacija BM": "DRUŠTVENI DOM", "Adresa BM": "KLINČA SELA", "Glasovalo birača": 632, "Glasovalo birača (po listićima)": 632, "Važeći listići": 619, "Nevažeći listići": 13 }, "latitude": 45.692256, "longitude": 15.7436829, "population": 1036 }, "geometry": { "type": "Polygon", "coordinates": [ [ [ 15.730728595042669, 45.69916908650805 ], [ 15.731267369617807, 45.699921662536163 ], [ 15.74215893418306, 45.706591102331089 ], [ 15.762771239875731, 45.690856738092663 ], [ 15.760412853438879, 45.686073388464848 ], [ 15.732327141368314, 45.682644438850353 ], [ 15.730728595042669, 45.69916908650805 ] ] ] } },
{ "type": "Feature", "properties": { "BM": 3924, "data": { "Oznaka Gr/Op/Dr": "općina", "Grad/općina/država": "BRDOVEC", "Rbr BM": 5, "Naziv BM": "PRUDNICE", "Lokacija BM": "DRUŠTVENI DOM PRUDNICE", "Adresa BM": "PRUDNICE, PRUDNIČKA CESTA 2", "Glasovalo birača": 402, "Glasovalo birača (po listićima)": 402, "Važeći listići": 390, "Nevažeći listići": 12 }, "latitude": 45.8718717, "longitude": 15.7328313, "population": 617 }, "geometry": { "type": "Polygon", "coordinates": [ [ [ 15.71991214928825, 45.87370191230697 ], [ 15.727507893993684, 45.885771542920082 ], [ 15.741390982110914, 45.869835166415236 ], [ 15.733849877538145, 45.851488450838183 ], [ 15.719590042707209, 45.856236262957758 ], [ 15.71991214928825, 45.87370191230697 ] ] ] } },
{ "type": "Feature", "properties": { "BM": 3621, "data": { "Oznaka Gr/Op/Dr": "grad", "Grad/općina/država": "SAMOBOR", "Rbr BM": 27, "Naziv BM": "KONŠĆICA", "Lokacija BM": "DRUŠTVENI DOM KONŠĆICA", "Adresa BM": "KONŠĆICA", "Glasovalo birača": 164, "Glasovalo birača (po listićima)": 164, "Važeći listići": 159, "Nevažeći listići": 5 }, "latitude": 45.764944, "longitude": 15.7258983, "population": 255 }, "geometry": { "type": "Polygon", "coordinates": [ [ [ 15.712013181989324, 45.777685895070171 ], [ 15.722585407260485, 45.779756055615813 ], [ 15.7404151829721, 45.776931839406529 ], [ 15.743366988052538, 45.772182962218778 ], [ 15.744356899699547, 45.765639157297763 ], [ 15.727580558729986, 45.754270157489785 ], [ 15.726028153785807, 45.753727721404928 ], [ 15.71085688617864, 45.774444464291221 ], [ 15.712013181989324, 45.777685895070171 ] ] ] } },
{ "type": "Feature", "properties": { "BM": 3618, "data": { "Oznaka Gr/Op/Dr": "grad", "Grad/općina/država": "SAMOBOR", "Rbr BM": 24, "Naziv BM": "KLADJE", "Lokacija BM": "DRUŠTVENI DOM KLADJE", "Adresa BM": "MIRNOVEČKA,BB", "Glasovalo birača": 525, "Glasovalo birača (po listićima)": 525, "Važeći listići": 508, "Nevažeći listići": 17 }, "latitude": 45.7965763, "longitude": 15.7208556, "population": 769 }, "geometry": { "type": "Polygon", "coordinates": [ [ [ 15.72395407731303, 45.79922569402158 ], [ 15.725167761614896, 45.793648277791341 ], [ 15.725167281995063, 45.793647070399381 ], [ 15.718597832560709, 45.796443146659222 ], [ 15.72044645061373, 45.797878653954541 ], [ 15.72395407731303, 45.79922569402158 ] ] ] } },
{ "type": "Feature", "properties": { "BM": 3663, "data": { "Oznaka Gr/Op/Dr": "grad", "Grad/općina/država": "SAMOBOR", "Rbr BM": 69, "Naziv BM": "VELIKA RAKOVICA", "Lokacija BM": "OSNOVNA ŠKOLA U MIRNOVCU", "Adresa BM": "MIRNOVEC", "Glasovalo birača": 333, "Glasovalo birača (po listićima)": 333, "Važeći listići": 324, "Nevažeći listići": 9 }, "latitude": 45.7928192, "longitude": 15.7303137, "population": 509 }, "geometry": { "type": "Polygon", "coordinates": [ [ [ 15.725167761614896, 45.793648277791341 ], [ 15.729794047900997, 45.795784833760564 ], [ 15.745024905510521, 45.794329532062761 ], [ 15.745530028804511, 45.793995672264785 ], [ 15.7404151829721, 45.776931839406529 ], [ 15.722585407260485, 45.779756055615813 ], [ 15.725167281995063, 45.793647070399381 ], [ 15.725167761614896, 45.793648277791341 ] ] ] } },
{ "type": "Feature", "properties": { "BM": 3650, "data": { "Oznaka Gr/Op/Dr": "grad", "Grad/općina/država": "SAMOBOR", "Rbr BM": 56, "Naziv BM": "PODLOŽNICE - SAMOBOR", "Lokacija BM": "PROSTORIJE DJEČJEG VRTIĆA GRIGOR VITEZ", "Adresa BM": "SAMOBOR, IVICE SUDNIKA 11", "Glasovalo birača": 1034, "Glasovalo birača (po listićima)": 1034, "Važeći listići": 1008, "Nevažeći listići": 26 }, "latitude": 45.7981034, "longitude": 15.7278733, "population": 1313 }, "geometry": { "type": "Polygon", "coordinates": [ [ [ 15.724632227189577, 45.804558178533277 ], [ 15.728703978376336, 45.802375019739344 ], [ 15.729794047900997, 45.795784833760564 ], [ 15.725167761614896, 45.793648277791341 ], [ 15.72395407731303, 45.79922569402158 ], [ 15.724632227189577, 45.804558178533277 ] ] ] } },
{ "type": "Feature", "properties": { "BM": 3636, "data": { "Oznaka Gr/Op/Dr": "grad", "Grad/općina/država": "SAMOBOR", "Rbr BM": 42, "Naziv BM": "PODGRAĐE PODOKIĆKO", "Lokacija BM": "KUĆA STJEPANA BAŠIĆA", "Adresa BM": "PODGRAĐE PODOKIĆKO 42", "Glasovalo birača": 71, "Glasovalo birača (po listićima)": 71, "Važeći listići": 67, "Nevažeći listići": 4 }, "latitude": 45.7448714, "longitude": 15.732912, "population": 119 }, "geometry": { "type": "Polygon", "coordinates": [ [ [ 15.726028153785807, 45.753727721404928 ], [ 15.727580558729986, 45.754270157489785 ], [ 15.740745403229827, 45.74084004183122 ], [ 15.740406794243498, 45.735296124621094 ], [ 15.733588860728206, 45.731985744645868 ], [ 15.723430816551762, 45.750043987421677 ], [ 15.726028153785807, 45.753727721404928 ] ] ] } },
{ "type": "Feature", "properties": { "BM": 1620, "data": { "Oznaka Gr/Op/Dr": "općina", "Grad/općina/država": "DUBRAVICA", "Rbr BM": 1, "Naziv BM": "DUBRAVICA", "Lokacija BM": "ZGRADA OPĆINE U DUBRAVICI", "Adresa BM": "DUBRAVICA, PAVLA ŠTOOSA 3", "Glasovalo birača": 116, "Glasovalo birača (po listićima)": 116, "Važeći listići": 115, "Nevažeći listići": 1 }, "latitude": 45.952785, "longitude": 15.7326698, "population": 209 }, "geometry": { "type": "Polygon", "coordinates": [ [ [ 15.725845812449016, 45.955394551217182 ], [ 15.745613999764174, 45.954267364844576 ], [ 15.738323074927424, 45.938870793370711 ], [ 15.721863268286565, 45.945518515194578 ], [ 15.725845812449016, 45.955394551217182 ] ] ] } },
{ "type": "Feature", "properties": { "BM": 1625, "data": { "Oznaka Gr/Op/Dr": "općina", "Grad/općina/država": "DUBRAVICA", "Rbr BM": 6, "Naziv BM": "LUKAVEC SUTLANSKI", "Lokacija BM": "ZGRADA STARE ŠKOLE", "Adresa BM": "DUBRAVICA, PAVLA ŠTOOSA 38", "Glasovalo birača": 87, "Glasovalo birača (po listićima)": 87, "Važeći listići": 85, "Nevažeći listići": 2 }, "latitude": 45.9572115, "longitude": 15.7329222, "population": 137 }, "geometry": { "type": "Polygon", "coordinates": [ [ [ 15.726729021307161, 45.967146005663778 ], [ 15.728778155347795, 45.970037497106787 ], [ 15.749546813717476, 45.959855717676803 ], [ 15.745613999764174, 45.954267364844576 ], [ 15.725845812449016, 45.955394551217182 ], [ 15.726729021307161, 45.967146005663778 ] ] ] } },
{ "type": "Feature", "properties": { "BM": 1791, "data": { "Oznaka Gr/Op/Dr": "općina", "Grad/općina/država": "MARIJA GORICA", "Rbr BM": 2, "Naziv BM": "MARIJA GORICA", "Lokacija BM": "ZGRADA OPĆINE", "Adresa BM": "MARIJA GORICA, GORIČKA 18/A", "Glasovalo birača": 353, "Glasovalo birača (po listićima)": 353, "Važeći listići": 335, "Nevažeći listići": 18 }, "latitude": 45.9132082, "longitude": 15.7292967, "population": 548 }, "geometry": { "type": "Polygon", "coordinates": [ [ [ 15.717233231192766, 45.915915569193224 ], [ 15.717722914253187, 45.92078082726151 ], [ 15.737709671143934, 45.925583566198384 ], [ 15.746635591421276, 45.91000962364749 ], [ 15.746022703442955, 45.903573568839626 ], [ 15.717233231192766, 45.915915569193224 ] ] ] } },
{ "type": "Feature", "properties": { "BM": 3651, "data": { "Oznaka Gr/Op/Dr": "grad", "Grad/općina/država": "SAMOBOR", "Rbr BM": 57, "Naziv BM": "PODLOŽNICE - SAMOBOR", "Lokacija BM": "PROSTORIJE AUTOŠKOLE MANDIĆ I MEGASTART", "Adresa BM": "SAMOBOR, ULICA IVANA GUNDULIĆA 2 A", "Glasovalo birača": 725, "Glasovalo birača (po listićima)": 725, "Važeći listići": 708, "Nevažeći listići": 17 }, "latitude": 45.7985984, "longitude": 15.7308659, "population": 995 }, "geometry": { "type": "Polygon", "coordinates": [ [ [ 15.728703978376336, 45.802375019739344 ], [ 15.738233816450137, 45.8010692261931 ], [ 15.745024905510521, 45.794329532062761 ], [ 15.729794047900997, 45.795784833760564 ], [ 15.728703978376336, 45.802375019739344 ] ] ] } },
{ "type": "Feature", "properties": { "BM": 3616, "data": { "Oznaka Gr/Op/Dr": "grad", "Grad/općina/država": "SAMOBOR", "Rbr BM": 22, "Naziv BM": "HRASTINA SAMOBORSKA", "Lokacija BM": "PROSTORIJE MJESNOG ODBORA HRASTINA SAMOBORSKA", "Adresa BM": "HRASTINA SAMOBORSKA", "Glasovalo birača": 505, "Glasovalo birača (po listićima)": 505, "Važeći listići": 492, "Nevažeći listići": 13 }, "latitude": 45.8084557, "longitude": 15.7406486, "population": 763 }, "geometry": { "type": "Polygon", "coordinates": [ [ [ 15.745024905510521, 45.794329532062761 ], [ 15.738233816450137, 45.8010692261931 ], [ 15.733709818394138, 45.81430036504603 ], [ 15.741566150779725, 45.818173222768444 ], [ 15.746902921025359, 45.808119040760396 ], [ 15.746864485357666, 45.794945084029422 ], [ 15.745530028804511, 45.793995672264785 ], [ 15.745024905510521, 45.794329532062761 ] ] ] } },
{ "type": "Feature", "properties": { "BM": 3923, "data": { "Oznaka Gr/Op/Dr": "općina", "Grad/općina/država": "BRDOVEC", "Rbr BM": 4, "Naziv BM": "PRIGORJE BRDOVEČKO", "Lokacija BM": "DRUŠTVENI DOM PRIGORJE BRDOVEČKO", "Adresa BM": "PRIGORJE BRDOVEČKO, ŠKOLSKA 9", "Glasovalo birača": 777, "Glasovalo birača (po listićima)": 777, "Važeći listići": 761, "Nevažeći listići": 16 }, "latitude": 45.8785932, "longitude": 15.7405469, "population": 1240 }, "geometry": { "type": "Polygon", "coordinates": [ [ [ 15.728745999584275, 45.891557464458991 ], [ 15.746126447121547, 45.898997250534926 ], [ 15.757961539917343, 45.890024099575179 ], [ 15.758701518144667, 45.888704499584328 ], [ 15.752393710290304, 45.876737108846307 ], [ 15.741390982110914, 45.869835166415236 ], [ 15.727507893993684, 45.885771542920082 ], [ 15.728745999584275, 45.891557464458991 ] ] ] } },
{ "type": "Feature", "properties": { "BM": 3659, "data": { "Oznaka Gr/Op/Dr": "grad", "Grad/općina/država": "SAMOBOR", "Rbr BM": 65, "Naziv BM": "SVETI MARTIN", "Lokacija BM": "OSNOVNA ŠKOLA U SVETOM MARTINU POD OKIĆEM", "Adresa BM": "SV. MARTIN POD OKIĆEM", "Glasovalo birača": 183, "Glasovalo birača (po listićima)": 183, "Važeći listići": 179, "Nevažeći listići": 4 }, "latitude": 45.7487523, "longitude": 15.7368711, "population": 279 }, "geometry": { "type": "Polygon", "coordinates": [ [ [ 15.744356899699547, 45.765639157297763 ], [ 15.748665460469969, 45.760606968952033 ], [ 15.740745403229827, 45.74084004183122 ], [ 15.727580558729986, 45.754270157489785 ], [ 15.744356899699547, 45.765639157297763 ] ] ] } },
{ "type": "Feature", "properties": { "BM": 1878, "data": { "Oznaka Gr/Op/Dr": "općina", "Grad/općina/država": "PUŠĆA", "Rbr BM": 7, "Naziv BM": "BIRAČKO MJESTO BROJ 7.", "Lokacija BM": "MARIJA MAGDALENA", "Adresa BM": "VATROGASNI DOM MARIJA MAGDALENA, DUGANSKA 8", "Glasovalo birača": 118, "Glasovalo birača (po listićima)": 118, "Važeći listići": 116, "Nevažeći listići": 2 }, "latitude": 45.9265871, "longitude": 15.7526402, "population": 175 }, "geometry": { "type": "Polygon", "coordinates": [ [ [ 15.739784668125228, 45.934973243900288 ], [ 15.764889591786879, 45.934929269160747 ], [ 15.767519244342807, 45.929218299353266 ], [ 15.764725441581728, 45.922596801841991 ], [ 15.746635591421276, 45.91000962364749 ], [ 15.737709671143934, 45.925583566198384 ], [ 15.739784668125228, 45.934973243900288 ] ] ] } },
{ "type": "Feature", "properties": { "BM": 3607, "data": { "Oznaka Gr/Op/Dr": "grad", "Grad/općina/država": "SAMOBOR", "Rbr BM": 13, "Naziv BM": "DREŽNIK PODOKIĆKI", "Lokacija BM": "DRUŠTVENI DOM DREŽNIK PODOKIĆKI", "Adresa BM": "DREŽNIK PODOKIĆKI", "Glasovalo birača": 143, "Glasovalo birača (po listićima)": 143, "Važeći listići": 134, "Nevažeći listići": 9 }, "latitude": 45.7234847, "longitude": 15.7432961, "population": 219 }, "geometry": { "type": "Polygon", "coordinates": [ [ [ 15.733588860728206, 45.731985744645868 ], [ 15.740406794243498, 45.735296124621094 ], [ 15.759852579234341, 45.72984925763808 ], [ 15.754736355470859, 45.720586197437413 ], [ 15.742864953860641, 45.709928879446345 ], [ 15.730516490486446, 45.728017725858749 ], [ 15.733588860728206, 45.731985744645868 ] ] ] } },
{ "type": "Feature", "properties": { "BM": 3604, "data": { "Oznaka Gr/Op/Dr": "grad", "Grad/općina/država": "SAMOBOR", "Rbr BM": 10, "Naziv BM": "CELINE SAMOBORSKE", "Lokacija BM": "DRUŠTVENI DOM CELINE", "Adresa BM": "CELINE SAMOBORSKE", "Glasovalo birača": 190, "Glasovalo birača (po listićima)": 190, "Važeći listići": 185, "Nevažeći listići": 5 }, "latitude": 45.8284846, "longitude": 15.7450154, "population": 255 }, "geometry": { "type": "Polygon", "coordinates": [ [ [ 15.737658697842637, 45.847858796022685 ], [ 15.744714523216002, 45.847111905440514 ], [ 15.753607352811269, 45.823044016449188 ], [ 15.74212746554101, 45.819129764370892 ], [ 15.734355819432629, 45.836908854098276 ], [ 15.737658697842637, 45.847858796022685 ] ] ] } },
{ "type": "Feature", "properties": { "BM": 1876, "data": { "Oznaka Gr/Op/Dr": "općina", "Grad/općina/država": "PUŠĆA", "Rbr BM": 5, "Naziv BM": "BIRAČKO MJESTO BROJ 5.", "Lokacija BM": "HREBINE", "Adresa BM": "KUĆA MAKOVIĆ IVANA, ULICA MATIJE GUPCA 24", "Glasovalo birača": 175, "Glasovalo birača (po listićima)": 175, "Važeći listići": 168, "Nevažeći listići": 7 }, "latitude": 45.909878116243902, "longitude": 15.764266551468999, "population": 268 }, "geometry": { "type": "Polygon", "coordinates": [ [ [ 15.746022703442955, 45.903573568839626 ], [ 15.746635591421276, 45.91000962364749 ], [ 15.764725441581728, 45.922596801841991 ], [ 15.773410084579817, 45.907691021462263 ], [ 15.757961539917343, 45.890024099575179 ], [ 15.746126447121547, 45.898997250534926 ], [ 15.746022703442955, 45.903573568839626 ] ] ] } },
{ "type": "Feature", "properties": { "BM": 3631, "data": { "Oznaka Gr/Op/Dr": "grad", "Grad/općina/država": "SAMOBOR", "Rbr BM": 37, "Naziv BM": "MOLVICE", "Lokacija BM": "PROSTORIJE MJESNOG ODBORA MOLVICE", "Adresa BM": "ŠKOLSKA 6", "Glasovalo birača": 418, "Glasovalo birača (po listićima)": 418, "Važeći listići": 404, "Nevažeći listići": 14 }, "latitude": 45.7704348, "longitude": 15.7621952, "population": 592 }, "geometry": { "type": "Polygon", "coordinates": [ [ [ 15.743366988052538, 45.772182962218778 ], [ 15.768704906451889, 45.780394963685332 ], [ 15.774917313225863, 45.76710338532709 ], [ 15.770328884135909, 45.749848171149978 ], [ 15.748665460469969, 45.760606968952033 ], [ 15.744356899699547, 45.765639157297763 ], [ 15.743366988052538, 45.772182962218778 ] ] ] } },
{ "type": "Feature", "properties": { "BM": 1621, "data": { "Oznaka Gr/Op/Dr": "općina", "Grad/općina/država": "DUBRAVICA", "Rbr BM": 2, "Naziv BM": "BOBOVEC ROZGANSKI", "Lokacija BM": "VATROGASNI DOM BOBOVEC", "Adresa BM": "BOBOVEC ROZGANSKI, KUMROVEČKA CESTA 222", "Glasovalo birača": 198, "Glasovalo birača (po listićima)": 197, "Važeći listići": 196, "Nevažeći listići": 1 }, "latitude": 45.9433143, "longitude": 15.7526695, "population": 313 }, "geometry": { "type": "Polygon", "coordinates": [ [ [ 15.745613999764174, 45.954267364844576 ], [ 15.749546813717476, 45.959855717676803 ], [ 15.765741986369802, 45.965657694013508 ], [ 15.769910803741832, 45.964515075917518 ], [ 15.764889591786879, 45.934929269160747 ], [ 15.739784668125228, 45.934973243900288 ], [ 15.738323074927424, 45.938870793370711 ], [ 15.745613999764174, 45.954267364844576 ] ] ] } },
{ "type": "Feature", "properties": { "BM": 3925, "data": { "Oznaka Gr/Op/Dr": "općina", "Grad/općina/država": "BRDOVEC", "Rbr BM": 6, "Naziv BM": "ZDENCI BRDOVEČKI", "Lokacija BM": "DRUŠTVENI DOM ZDENCI BRDOVEČKI", "Adresa BM": "ZDENCI BRDOVEČKI, ZDENAČKA 82", "Glasovalo birača": 709, "Glasovalo birača (po listićima)": 709, "Važeći listići": 694, "Nevažeći listići": 15 }, "latitude": 45.8652634, "longitude": 15.7489086, "population": 1063 }, "geometry": { "type": "Polygon", "coordinates": [ [ [ 15.733849877538145, 45.851488450838183 ], [ 15.741390982110914, 45.869835166415236 ], [ 15.752393710290304, 45.876737108846307 ], [ 15.756536689888838, 45.859088986178776 ], [ 15.754883462625708, 45.84951777187829 ], [ 15.744714523216002, 45.847111905440514 ], [ 15.737658697842637, 45.847858796022685 ], [ 15.733849877538145, 45.851488450838183 ] ] ] } },
{ "type": "Feature", "properties": { "BM": 3935, "data": { "Oznaka Gr/Op/Dr": "općina", "Grad/općina/država": "KLINČA SELA", "Rbr BM": 4, "Naziv BM": "BIRAČKO MJESTO BR. 4 - DONJA ZDENČINA I", "Lokacija BM": "DOM DVD", "Adresa BM": "DONJA ZDENČINA", "Glasovalo birača": 177, "Glasovalo birača (po listićima)": 177, "Važeći listići": 174, "Nevažeći listići": 3 }, "latitude": 45.6679868, "longitude": 15.7621743, "population": 285 }, "geometry": { "type": "Polygon", "coordinates": [ [ [ 15.743315406090947, 45.650296789774409 ], [ 15.760425483862724, 45.685347985011269 ], [ 15.774934102936204, 45.662807975027242 ], [ 15.761729384014828, 45.633199266983397 ], [ 15.748174523715479, 45.64118655942962 ], [ 15.743315406090947, 45.650296789774409 ] ] ] } },
{ "type": "Feature", "properties": { "BM": 3609, "data": { "Oznaka Gr/Op/Dr": "grad", "Grad/općina/država": "SAMOBOR", "Rbr BM": 15, "Naziv BM": "FARKAŠEVEC SAMOBORSKI", "Lokacija BM": "ŠKOLA U FARKAŠEVCU SAMOBORSKOM", "Adresa BM": "FARKAŠEVEC SAMOBORSKI", "Glasovalo birača": 290, "Glasovalo birača (po listićima)": 289, "Važeći listići": 285, "Nevažeći listići": 4 }, "latitude": 45.8134878, "longitude": 15.7501288, "population": 387 }, "geometry": { "type": "Polygon", "coordinates": [ [ [ 15.74212746554101, 45.819129764370892 ], [ 15.753607352811269, 45.823044016449188 ], [ 15.755244420717915, 45.822494644169517 ], [ 15.760843911791834, 45.816453765204955 ], [ 15.746902921025359, 45.808119040760396 ], [ 15.741566150779725, 45.818173222768444 ], [ 15.74212746554101, 45.819129764370892 ] ] ] } },
{ "type": "Feature", "properties": { "BM": 3673, "data": { "Oznaka Gr/Op/Dr": "grad", "Grad/općina/država": "SVETA NEDELJA", "Rbr BM": 8, "Naziv BM": "SVETONEDELJSKI BREG", "Lokacija BM": "U STAROJ KUĆI ĐURE VOJVODIĆA", "Adresa BM": "SVETONEDELJSKI BREG 45", "Glasovalo birača": 109, "Glasovalo birača (po listićima)": 109, "Važeći listići": 108, "Nevažeći listići": 1 }, "latitude": 45.7846431, "longitude": 15.7575903, "population": 162 }, "geometry": { "type": "Polygon", "coordinates": [ [ [ 15.7404151829721, 45.776931839406529 ], [ 15.745530028804511, 45.793995672264785 ], [ 15.746864485357666, 45.794945084029422 ], [ 15.761832404265123, 45.797734685446926 ], [ 15.769980084128198, 45.785577257196579 ], [ 15.768704906451889, 45.780394963685332 ], [ 15.743366988052538, 45.772182962218778 ], [ 15.7404151829721, 45.776931839406529 ] ] ] } },
{ "type": "Feature", "properties": { "BM": 3610, "data": { "Oznaka Gr/Op/Dr": "grad", "Grad/općina/država": "SAMOBOR", "Rbr BM": 16, "Naziv BM": "GALGOVO", "Lokacija BM": "DRUŠTVENI DOM GALGOVO", "Adresa BM": "GALGOVO,BOGOVIĆEVA 2", "Glasovalo birača": 492, "Glasovalo birača (po listićima)": 492, "Važeći listići": 478, "Nevažeći listići": 14 }, "latitude": 45.7438881, "longitude": 15.7490112, "population": 719 }, "geometry": { "type": "Polygon", "coordinates": [ [ [ 15.748665460469969, 45.760606968952033 ], [ 15.770328884135909, 45.749848171149978 ], [ 15.773628932381905, 45.743410246075008 ], [ 15.772861869736889, 45.735753728398038 ], [ 15.759852579234341, 45.72984925763808 ], [ 15.740406794243498, 45.735296124621094 ], [ 15.740745403229827, 45.74084004183122 ], [ 15.748665460469969, 45.760606968952033 ] ] ] } },
{ "type": "Feature", "properties": { "BM": 3635, "data": { "Oznaka Gr/Op/Dr": "grad", "Grad/općina/država": "SAMOBOR", "Rbr BM": 41, "Naziv BM": "PETKOV BREG", "Lokacija BM": "DRUŠTVENI  DOM PETKOV BREG", "Adresa BM": "PETKOV BREG", "Glasovalo birača": 145, "Glasovalo birača (po listićima)": 145, "Važeći listići": 140, "Nevažeći listići": 5 }, "latitude": 45.7089007, "longitude": 15.7563886, "population": 218 }, "geometry": { "type": "Polygon", "coordinates": [ [ [ 15.742864953860641, 45.709928879446345 ], [ 15.754736355470859, 45.720586197437413 ], [ 15.768335929461452, 45.694146523620716 ], [ 15.762771239875731, 45.690856738092663 ], [ 15.74215893418306, 45.706591102331089 ], [ 15.742864953860641, 45.709928879446345 ] ] ] } },
{ "type": "Feature", "properties": { "BM": 3606, "data": { "Oznaka Gr/Op/Dr": "grad", "Grad/općina/država": "SAMOBOR", "Rbr BM": 12, "Naziv BM": "DOMASLOVEC", "Lokacija BM": "PROSTORIJE DRUŠTVENOG DOMA", "Adresa BM": "DOMASLOVEC,  DOMASLOVEC 102", "Glasovalo birača": 585, "Glasovalo birača (po listićima)": 585, "Važeći listići": 561, "Nevažeći listići": 24 }, "latitude": 45.8084192, "longitude": 15.7531591, "population": 843 }, "geometry": { "type": "Polygon", "coordinates": [ [ [ 15.746902921025359, 45.808119040760396 ], [ 15.760843911791834, 45.816453765204955 ], [ 15.768996915310773, 45.811404530770297 ], [ 15.761832404265123, 45.797734685446926 ], [ 15.746864485357666, 45.794945084029422 ], [ 15.746902921025359, 45.808119040760396 ] ] ] } },
{ "type": "Feature", "properties": { "BM": 3634, "data": { "Oznaka Gr/Op/Dr": "grad", "Grad/općina/država": "SAMOBOR", "Rbr BM": 40, "Naziv BM": "PAVUČNJAK", "Lokacija BM": "VATROGASNI DOM PAVUČNJAK", "Adresa BM": "PAVUČNJAK", "Glasovalo birača": 285, "Glasovalo birača (po listićima)": 285, "Važeći listići": 280, "Nevažeći listići": 5 }, "latitude": 45.7124462, "longitude": 15.7632816, "population": 441 }, "geometry": { "type": "Polygon", "coordinates": [ [ [ 15.759852579234341, 45.72984925763808 ], [ 15.772861869736889, 45.735753728398038 ], [ 15.795921883199387, 45.705726062311186 ], [ 15.788940518130477, 45.701165543628022 ], [ 15.768335929461452, 45.694146523620716 ], [ 15.754736355470859, 45.720586197437413 ], [ 15.759852579234341, 45.72984925763808 ] ] ] } },
{ "type": "Feature", "properties": { "BM": 3938, "data": { "Oznaka Gr/Op/Dr": "općina", "Grad/općina/država": "KLINČA SELA", "Rbr BM": 7, "Naziv BM": "BIRAČKO MJESTO BR. 7 - GORNJA ZDENČINA", "Lokacija BM": "DOM DVD", "Adresa BM": "GORNJA ZDENČINA", "Glasovalo birača": 78, "Glasovalo birača (po listićima)": 78, "Važeći listići": 74, "Nevažeći listići": 4 }, "latitude": 45.6765669, "longitude": 15.775504, "population": 115 }, "geometry": { "type": "Polygon", "coordinates": [ [ [ 15.760412853438879, 45.686073388464848 ], [ 15.762771239875731, 45.690856738092663 ], [ 15.768335929461452, 45.694146523620716 ], [ 15.788940518130477, 45.701165543628022 ], [ 15.779920333549388, 45.665783176102309 ], [ 15.774934102936204, 45.662807975027242 ], [ 15.760425483862724, 45.685347985011269 ], [ 15.760412853438879, 45.686073388464848 ] ] ] } },
{ "type": "Feature", "properties": { "BM": 3920, "data": { "Oznaka Gr/Op/Dr": "općina", "Grad/općina/država": "BRDOVEC", "Rbr BM": 1, "Naziv BM": "BRDOVEC", "Lokacija BM": "KINO-DVORANA BRDOVEC", "Adresa BM": "BRDOVEC, TRG DR. FRANJE TUĐMANA 1", "Glasovalo birača": 820, "Glasovalo birača (po listićima)": 820, "Važeći listići": 801, "Nevažeći listići": 19 }, "latitude": 45.8680128, "longitude": 15.7606204, "population": 1260 }, "geometry": { "type": "Polygon", "coordinates": [ [ [ 15.758701518144667, 45.888704499584328 ], [ 15.774844350286248, 45.880255602143599 ], [ 15.77239725962688, 45.873571203544934 ], [ 15.756536689888838, 45.859088986178776 ], [ 15.752393710290304, 45.876737108846307 ], [ 15.758701518144667, 45.888704499584328 ] ] ] } },
{ "type": "Feature", "properties": { "BM": 3657, "data": { "Oznaka Gr/Op/Dr": "grad", "Grad/općina/država": "SAMOBOR", "Rbr BM": 63, "Naziv BM": "SAVRŠČAK", "Lokacija BM": "DRUŠTVENI DOM U SAVRŠČAKU", "Adresa BM": "SAVRŠĆAK", "Glasovalo birača": 105, "Glasovalo birača (po listićima)": 105, "Važeći listići": 102, "Nevažeći listići": 3 }, "latitude": 45.8327641, "longitude": 15.7565976, "population": 171 }, "geometry": { "type": "Polygon", "coordinates": [ [ [ 15.753607352811269, 45.823044016449188 ], [ 15.744714523216002, 45.847111905440514 ], [ 15.754883462625708, 45.84951777187829 ], [ 15.765854481197977, 45.846107201673476 ], [ 15.765145743295827, 45.83605924963333 ], [ 15.755244420717915, 45.822494644169517 ], [ 15.753607352811269, 45.823044016449188 ] ] ] } },
{ "type": "Feature", "properties": { "BM": 3664, "data": { "Oznaka Gr/Op/Dr": "grad", "Grad/općina/država": "SAMOBOR", "Rbr BM": 70, "Naziv BM": "VRBOVEC SAMOBORSKI", "Lokacija BM": "VATROGASNI DOM", "Adresa BM": "VRBOVEC SAMOBORSKI 79", "Glasovalo birača": 161, "Glasovalo birača (po listićima)": 161, "Važeći listići": 157, "Nevažeći listići": 4 }, "latitude": 45.8269135, "longitude": 15.7646128, "population": 227 }, "geometry": { "type": "Polygon", "coordinates": [ [ [ 15.755244420717915, 45.822494644169517 ], [ 15.765145743295827, 45.83605924963333 ], [ 15.776784151596281, 45.814851765040132 ], [ 15.776393577738064, 45.814081427911596 ], [ 15.768996915310773, 45.811404530770297 ], [ 15.760843911791834, 45.816453765204955 ], [ 15.755244420717915, 45.822494644169517 ] ] ] } },
{ "type": "Feature", "properties": { "BM": 1872, "data": { "Oznaka Gr/Op/Dr": "općina", "Grad/općina/država": "PUŠĆA", "Rbr BM": 1, "Naziv BM": "BIRAČKO MJESTO BROJ 1.", "Lokacija BM": "DONJA PUŠĆA", "Adresa BM": "DRUŠTVENI DOM, KUMROVEČKA 107", "Glasovalo birača": 525, "Glasovalo birača (po listićima)": 525, "Važeći listići": 510, "Nevažeći listići": 15 }, "latitude": 45.916724, "longitude": 15.7760164, "population": 825 }, "geometry": { "type": "Polygon", "coordinates": [ [ [ 15.767519244342807, 45.929218299353266 ], [ 15.781299620127854, 45.927237241663676 ], [ 15.780702890636459, 45.90801086592581 ], [ 15.773410084579817, 45.907691021462263 ], [ 15.764725441581728, 45.922596801841991 ], [ 15.767519244342807, 45.929218299353266 ] ] ] } },
{ "type": "Feature", "properties": { "BM": 3672, "data": { "Oznaka Gr/Op/Dr": "grad", "Grad/općina/država": "SVETA NEDELJA", "Rbr BM": 7, "Naziv BM": "SVETA NEDELJA", "Lokacija BM": "ZGRADA GRADSKE UPRAVE, SVETA NEDELJA", "Adresa BM": "TRG ANTE STARČEVIĆA 5", "Glasovalo birača": 806, "Glasovalo birača (po listićima)": 805, "Važeći listići": 796, "Nevažeći listići": 9 }, "latitude": 45.7966819, "longitude": 15.7755538, "population": 1176 }, "geometry": { "type": "Polygon", "coordinates": [ [ [ 15.776393577738064, 45.814081427911596 ], [ 15.784705995310958, 45.804333525920043 ], [ 15.774493149375694, 45.786845282174404 ], [ 15.769980084128198, 45.785577257196579 ], [ 15.761832404265123, 45.797734685446926 ], [ 15.768996915310773, 45.811404530770297 ], [ 15.776393577738064, 45.814081427911596 ] ] ] } },
{ "type": "Feature", "properties": { "BM": 3922, "data": { "Oznaka Gr/Op/Dr": "općina", "Grad/općina/država": "BRDOVEC", "Rbr BM": 3, "Naziv BM": "JAVORJE", "Lokacija BM": "DRUŠTVENI DOM JAVORJE", "Adresa BM": "JAVORJE, SAVSKA 5A", "Glasovalo birača": 403, "Glasovalo birača (po listićima)": 403, "Važeći listići": 393, "Nevažeći listići": 10 }, "latitude": 45.8623468, "longitude": 15.765794, "population": 623 }, "geometry": { "type": "Polygon", "coordinates": [ [ [ 15.756536689888838, 45.859088986178776 ], [ 15.77239725962688, 45.873571203544934 ], [ 15.771034633581568, 45.847345839280983 ], [ 15.765854481197977, 45.846107201673476 ], [ 15.754883462625708, 45.84951777187829 ], [ 15.756536689888838, 45.859088986178776 ] ] ] } },
{ "type": "Feature", "properties": { "BM": 3942, "data": { "Oznaka Gr/Op/Dr": "općina", "Grad/općina/država": "KLINČA SELA", "Rbr BM": 11, "Naziv BM": "BIRAČKO MJESTO BR. 11- KUPINEC I", "Lokacija BM": "STARA ŠKOLA", "Adresa BM": "KUPINEC", "Glasovalo birača": 164, "Glasovalo birača (po listićima)": 164, "Važeći listići": 162, "Nevažeći listići": 2 }, "latitude": 45.6567755, "longitude": 15.7873132, "population": 277 }, "geometry": { "type": "Polygon", "coordinates": [ [ [ 15.774934102936204, 45.662807975027242 ], [ 15.779920333549388, 45.665783176102309 ], [ 15.803345200452895, 45.66342478256874 ], [ 15.80569957710652, 45.639293261622662 ], [ 15.778472867363776, 45.610312229738497 ], [ 15.761729384014828, 45.633199266983397 ], [ 15.774934102936204, 45.662807975027242 ] ] ] } },
{ "type": "Feature", "properties": { "BM": 1875, "data": { "Oznaka Gr/Op/Dr": "općina", "Grad/općina/država": "PUŠĆA", "Rbr BM": 4, "Naziv BM": "BIRAČKO MJESTO BROJ 4.", "Lokacija BM": "HRUŠEVEC PUŠĆANSKI", "Adresa BM": "KUĆA FILKOVIĆ DRAGUTINA, JOSIPA MILIĆA 8", "Glasovalo birača": 107, "Glasovalo birača (po listićima)": 107, "Važeći listići": 103, "Nevažeći listići": 4 }, "latitude": 45.938813, "longitude": 15.7791919, "population": 187 }, "geometry": { "type": "Polygon", "coordinates": [ [ [ 15.769910803741832, 45.964515075917518 ], [ 15.772646132668333, 45.965205162779448 ], [ 15.79145690371173, 45.930288907546547 ], [ 15.781299620127854, 45.927237241663676 ], [ 15.767519244342807, 45.929218299353266 ], [ 15.764889591786879, 45.934929269160747 ], [ 15.769910803741832, 45.964515075917518 ] ] ] } },
{ "type": "Feature", "properties": { "BM": 1877, "data": { "Oznaka Gr/Op/Dr": "općina", "Grad/općina/država": "PUŠĆA", "Rbr BM": 6, "Naziv BM": "BIRAČKO MJESTO BROJ 6.", "Lokacija BM": "DUBRAVA PUŠĆANSKA", "Adresa BM": "KUĆA MIHALINEC SLAVICE, DUBROVAČKA CESTA 36", "Glasovalo birača": 91, "Glasovalo birača (po listićima)": 91, "Važeći listići": 91, "Nevažeći listići": 0 }, "latitude": 45.8989209, "longitude": 15.7767972, "population": 162 }, "geometry": { "type": "Polygon", "coordinates": [ [ [ 15.757961539917343, 45.890024099575179 ], [ 15.773410084579817, 45.907691021462263 ], [ 15.780702890636459, 45.90801086592581 ], [ 15.788209580021633, 45.904096345180392 ], [ 15.79146569410222, 45.887327182492449 ], [ 15.788309814916715, 45.884592078103957 ], [ 15.780753187619485, 45.880415165214224 ], [ 15.774844350286248, 45.880255602143599 ], [ 15.758701518144667, 45.888704499584328 ], [ 15.757961539917343, 45.890024099575179 ] ] ] } },
{ "type": "Feature", "properties": { "BM": 3671, "data": { "Oznaka Gr/Op/Dr": "grad", "Grad/općina/država": "SVETA NEDELJA", "Rbr BM": 6, "Naziv BM": "MALA GORICA-SREBRNJAK", "Lokacija BM": "DRUŠTVENI DOM MALA GORICA", "Adresa BM": "MALA GORICA, ULICA AUGUSTA ŠENOE 34", "Glasovalo birača": 438, "Glasovalo birača (po listićima)": 438, "Važeći listići": 428, "Nevažeći listići": 10 }, "latitude": 45.7636756, "longitude": 15.7876138, "population": 667 }, "geometry": { "type": "Polygon", "coordinates": [ [ [ 15.770328884135909, 45.749848171149978 ], [ 15.774917313225863, 45.76710338532709 ], [ 15.792299777472566, 45.775147690652673 ], [ 15.798375542867182, 45.753676029596988 ], [ 15.773628932381905, 45.743410246075008 ], [ 15.770328884135909, 45.749848171149978 ] ] ] } },
{ "type": "Feature", "properties": { "BM": 3630, "data": { "Oznaka Gr/Op/Dr": "grad", "Grad/općina/država": "SAMOBOR", "Rbr BM": 36, "Naziv BM": "MEDSAVE", "Lokacija BM": "DRUŠTVENI DOM U MEDSAVAMA", "Adresa BM": "MEDSAVE", "Glasovalo birača": 135, "Glasovalo birača (po listićima)": 135, "Važeći listići": 126, "Nevažeći listići": 9 }, "latitude": 45.8315968, "longitude": 15.7731467, "population": 177 }, "geometry": { "type": "Polygon", "coordinates": [ [ [ 15.771034633581568, 45.847345839280983 ], [ 15.782848165583264, 45.845520445636666 ], [ 15.794631400156252, 45.835220982147106 ], [ 15.792556220285604, 45.831537548483844 ], [ 15.776784151596281, 45.814851765040132 ], [ 15.765145743295827, 45.83605924963333 ], [ 15.765854481197977, 45.846107201673476 ], [ 15.771034633581568, 45.847345839280983 ] ] ] } },
{ "type": "Feature", "properties": { "BM": 3674, "data": { "Oznaka Gr/Op/Dr": "grad", "Grad/općina/država": "SVETA NEDELJA", "Rbr BM": 9, "Naziv BM": "JAGNJIĆ DOL", "Lokacija BM": "BIVŠA CARITASOVA KUĆA", "Adresa BM": "JAGNJIĆ DOL, JAGNJIĆ DOL 86", "Glasovalo birača": 263, "Glasovalo birača (po listićima)": 263, "Važeći listići": 261, "Nevažeći listići": 2 }, "latitude": 45.7790005, "longitude": 15.7805217, "population": 445 }, "geometry": { "type": "Polygon", "coordinates": [ [ [ 15.768704906451889, 45.780394963685332 ], [ 15.769980084128198, 45.785577257196579 ], [ 15.774493149375694, 45.786845282174404 ], [ 15.791560852019824, 45.784313880161903 ], [ 15.794748717707337, 45.779923481520768 ], [ 15.792299777472566, 45.775147690652673 ], [ 15.774917313225863, 45.76710338532709 ], [ 15.768704906451889, 45.780394963685332 ] ] ] } },
{ "type": "Feature", "properties": { "BM": 341, "data": { "Oznaka Gr/Op/Dr": "općina", "Grad/općina/država": "PISAROVINA", "Rbr BM": 10, "Naziv BM": "BIRAČKO MJESTO BR.10 - DONJA KUPČINA", "Lokacija BM": "DRUŠTVENI DOM DONJA KUPČINA", "Adresa BM": "DONJA KUPČINA", "Glasovalo birača": 434, "Glasovalo birača (po listićima)": 434, "Važeći listići": 415, "Nevažeći listići": 19 }, "latitude": 45.5406432, "longitude": 15.8048313, "population": 748 }, "geometry": { "type": "Polygon", "coordinates": [ [ [ 15.7798269237613, 45.5896446146633 ], [ 15.812593745172459, 45.581808931256091 ], [ 15.82632359191183, 45.570608059665339 ], [ 15.835529435594779, 45.559262937120828 ], [ 15.836235078631567, 45.553084487129553 ], [ 15.824595858113222, 45.502019261607195 ], [ 15.785682259823435, 45.520742556999615 ], [ 15.761459904979684, 45.571763798959886 ], [ 15.7798269237613, 45.5896446146633 ] ] ] } },
{ "type": "Feature", "properties": { "BM": 3680, "data": { "Oznaka Gr/Op/Dr": "grad", "Grad/općina/država": "SVETA NEDELJA", "Rbr BM": 15, "Naziv BM": "STRMEC", "Lokacija BM": "PODRUČNA ŠKOLA STRMEC", "Adresa BM": "STRMEC, ŠKOLSKA 13", "Glasovalo birača": 720, "Glasovalo birača (po listićima)": 720, "Važeći listići": 708, "Nevažeći listići": 12 }, "latitude": 45.8121621, "longitude": 15.7937073, "population": 1040 }, "geometry": { "type": "Polygon", "coordinates": [ [ [ 15.776784151596281, 45.814851765040132 ], [ 15.792556220285604, 45.831537548483844 ], [ 15.800769411034524, 45.805315239660416 ], [ 15.800292321851876, 45.80380354407886 ], [ 15.791032467213357, 45.80072119925012 ], [ 15.784705995310958, 45.804333525920043 ], [ 15.776393577738064, 45.814081427911596 ], [ 15.776784151596281, 45.814851765040132 ] ] ] } },
{ "type": "Feature", "properties": { "BM": 3901, "data": { "Oznaka Gr/Op/Dr": "grad", "Grad/općina/država": "ZAPREŠIĆ", "Rbr BM": 4, "Naziv BM": "ŠIBICE", "Lokacija BM": "DRUŠTVENI DOM ŠIBICE", "Adresa BM": "ŠIBICE, ZAGREBAČKA 2", "Glasovalo birača": 495, "Glasovalo birača (po listićima)": 495, "Važeći listići": 488, "Nevažeći listići": 7 }, "latitude": 45.8617229, "longitude": 15.7778017, "population": 688 }, "geometry": { "type": "Polygon", "coordinates": [ [ [ 15.774844350286248, 45.880255602143599 ], [ 15.780753187619485, 45.880415165214224 ], [ 15.787106015707344, 45.86133103116461 ], [ 15.782848165583264, 45.845520445636666 ], [ 15.771034633581568, 45.847345839280983 ], [ 15.77239725962688, 45.873571203544934 ], [ 15.774844350286248, 45.880255602143599 ] ] ] } },
{ "type": "Feature", "properties": { "BM": 1874, "data": { "Oznaka Gr/Op/Dr": "općina", "Grad/općina/država": "PUŠĆA", "Rbr BM": 3, "Naziv BM": "BIRAČKO MJESTO BROJ 3.", "Lokacija BM": "BREGOVLJANA", "Adresa BM": "KUĆA KOŽINA ZVONKA, BREGOVLJANSKA 53", "Glasovalo birača": 59, "Glasovalo birača (po listićima)": 59, "Važeći listići": 56, "Nevažeći listići": 3 }, "latitude": 45.9164166, "longitude": 15.7859207, "population": 115 }, "geometry": { "type": "Polygon", "coordinates": [ [ [ 15.781299620127854, 45.927237241663676 ], [ 15.79145690371173, 45.930288907546547 ], [ 15.804482612260873, 45.927953325318313 ], [ 15.797786037550122, 45.915133714272045 ], [ 15.788209580021633, 45.904096345180392 ], [ 15.780702890636459, 45.90801086592581 ], [ 15.781299620127854, 45.927237241663676 ] ] ] } },
{ "type": "Feature", "properties": { "BM": 3668, "data": { "Oznaka Gr/Op/Dr": "grad", "Grad/općina/država": "SVETA NEDELJA", "Rbr BM": 3, "Naziv BM": "BREZJE", "Lokacija BM": "DRUŠTVENI DOM BREZJE", "Adresa BM": "BREZJE, F. GREDELJA 4", "Glasovalo birača": 954, "Glasovalo birača (po listićima)": 954, "Važeći listići": 939, "Nevažeći listići": 15 }, "latitude": 45.7926026, "longitude": 15.7825391, "population": 1319 }, "geometry": { "type": "Polygon", "coordinates": [ [ [ 15.784705995310958, 45.804333525920043 ], [ 15.791032467213357, 45.80072119925012 ], [ 15.791560852019824, 45.784313880161903 ], [ 15.774493149375694, 45.786845282174404 ], [ 15.784705995310958, 45.804333525920043 ] ] ] } },
{ "type": "Feature", "properties": { "BM": 3638, "data": { "Oznaka Gr/Op/Dr": "grad", "Grad/općina/država": "SAMOBOR", "Rbr BM": 44, "Naziv BM": "RAKOV POTOK", "Lokacija BM": "DRUŠTVENI DOM RAKOV POTOK", "Adresa BM": "RAKOV POTOK,KARLOVAČKA 118", "Glasovalo birača": 622, "Glasovalo birača (po listićima)": 622, "Važeći listići": 616, "Nevažeći listići": 6 }, "latitude": 45.738995, "longitude": 15.7978522, "population": 927 }, "geometry": { "type": "Polygon", "coordinates": [ [ [ 15.773628932381905, 45.743410246075008 ], [ 15.798375542867182, 45.753676029596988 ], [ 15.816517696892921, 45.750876464761681 ], [ 15.827338137844928, 45.724596210101915 ], [ 15.827268223434579, 45.721272593892927 ], [ 15.805061933601566, 45.704492032128861 ], [ 15.795921883199387, 45.705726062311186 ], [ 15.772861869736889, 45.735753728398038 ], [ 15.773628932381905, 45.743410246075008 ] ] ] } },
{ "type": "Feature", "properties": { "BM": 3908, "data": { "Oznaka Gr/Op/Dr": "grad", "Grad/općina/država": "ZAPREŠIĆ", "Rbr BM": 11, "Naziv BM": "ZAPREŠIĆ", "Lokacija BM": "ZDRAVSTVENI CENTAR ZAPREŠIĆ SJEVER", "Adresa BM": "ZAPREŠIĆ, MOKRIČKA 54", "Glasovalo birača": 657, "Glasovalo birača (po listićima)": 657, "Važeći listići": 641, "Nevažeći listići": 16 }, "latitude": 45.8672213, "longitude": 15.7943191, "population": 1011 }, "geometry": { "type": "Polygon", "coordinates": [ [ [ 15.788309814916715, 45.884592078103957 ], [ 15.79758379008554, 45.869197538340423 ], [ 15.787988087604747, 45.861419869028119 ], [ 15.787106015707344, 45.86133103116461 ], [ 15.780753187619485, 45.880415165214224 ], [ 15.788309814916715, 45.884592078103957 ] ] ] } },
{ "type": "Feature", "properties": { "BM": 3898, "data": { "Oznaka Gr/Op/Dr": "grad", "Grad/općina/država": "ZAPREŠIĆ", "Rbr BM": 1, "Naziv BM": "HRUŠEVEC KUPLJENSKI", "Lokacija BM": "OSNOVNA ŠKOLA HRUŠEVEC KUPLJENSKI", "Adresa BM": "HRUŠEVEC KUPLJENSKI, HRUŠEVEČKA CESTA 20", "Glasovalo birača": 290, "Glasovalo birača (po listićima)": 290, "Važeći listići": 286, "Nevažeći listići": 4 }, "latitude": 45.9452205, "longitude": 15.7910854, "population": 432 }, "geometry": { "type": "Polygon", "coordinates": [ [ [ 15.784337597920418, 45.971564530003434 ], [ 15.795939095081931, 45.971866260160056 ], [ 15.815397463437613, 45.93201063890487 ], [ 15.804482612260873, 45.927953325318313 ], [ 15.79145690371173, 45.930288907546547 ], [ 15.772646132668333, 45.965205162779448 ], [ 15.784337597920418, 45.971564530003434 ] ] ] } },
{ "type": "Feature", "properties": { "BM": 3945, "data": { "Oznaka Gr/Op/Dr": "općina", "Grad/općina/država": "KLINČA SELA", "Rbr BM": 14, "Naziv BM": "BIRAČKO MJESTO BR. 14 - KUPINEC IV", "Lokacija BM": "KUĆA STJEPANA HORVATIĆA", "Adresa BM": "KUPINEC 234", "Glasovalo birača": 45, "Glasovalo birača (po listićima)": 45, "Važeći listići": 43, "Nevažeći listići": 2 }, "latitude": 45.6731364, "longitude": 15.7889604, "population": 67 }, "geometry": { "type": "Polygon", "coordinates": [ [ [ 15.795921883199387, 45.705726062311186 ], [ 15.805061933601566, 45.704492032128861 ], [ 15.811727559919541, 45.683460527660344 ], [ 15.803345200452895, 45.66342478256874 ], [ 15.779920333549388, 45.665783176102309 ], [ 15.788940518130477, 45.701165543628022 ], [ 15.795921883199387, 45.705726062311186 ] ] ] } },
{ "type": "Feature", "properties": { "BM": 3918, "data": { "Oznaka Gr/Op/Dr": "grad", "Grad/općina/država": "ZAPREŠIĆ", "Rbr BM": 21, "Naziv BM": "ZAPREŠIĆ", "Lokacija BM": "POSLOVNI PROSTOR ZAPREŠIĆ", "Adresa BM": "SAVSKA ULICA 39", "Glasovalo birača": 821, "Glasovalo birača (po listićima)": 821, "Važeći listići": 805, "Nevažeći listići": 16 }, "latitude": 45.8569974, "longitude": 15.7953488, "population": 1217 }, "geometry": { "type": "Polygon", "coordinates": [ [ [ 15.787988087604747, 45.861419869028119 ], [ 15.794974052386294, 45.861697592161498 ], [ 15.796482161365285, 45.860858686483205 ], [ 15.799778575052825, 45.857231054878135 ], [ 15.800204855780338, 45.856220301050008 ], [ 15.80021238591406, 45.856115364780351 ], [ 15.798871929366856, 45.839210268152698 ], [ 15.797431812226923, 45.835708372446824 ], [ 15.794631400156252, 45.835220982147106 ], [ 15.782848165583264, 45.845520445636666 ], [ 15.787106015707344, 45.86133103116461 ], [ 15.787988087604747, 45.861419869028119 ] ] ] } },
{ "type": "Feature", "properties": { "BM": 3669, "data": { "Oznaka Gr/Op/Dr": "grad", "Grad/općina/država": "SVETA NEDELJA", "Rbr BM": 4, "Naziv BM": "KERESTINEC- KALINOVICA", "Lokacija BM": "PODRUČNA ŠKOLA KERESTINEC", "Adresa BM": "KERESTINEC, MATE LOVRAKA 3", "Glasovalo birača": 950, "Glasovalo birača (po listićima)": 950, "Važeći listići": 922, "Nevažeći listići": 28 }, "latitude": 45.7678319, "longitude": 15.8023021, "population": 1381 }, "geometry": { "type": "Polygon", "coordinates": [ [ [ 15.794748717707337, 45.779923481520768 ], [ 15.795274961658654, 45.779970665666006 ], [ 15.825022982710845, 45.775757515454373 ], [ 15.816517696892921, 45.750876464761681 ], [ 15.798375542867182, 45.753676029596988 ], [ 15.792299777472566, 45.775147690652673 ], [ 15.794748717707337, 45.779923481520768 ] ] ] } },
{ "type": "Feature", "properties": { "BM": 3676, "data": { "Oznaka Gr/Op/Dr": "grad", "Grad/općina/država": "SVETA NEDELJA", "Rbr BM": 11, "Naziv BM": "NOVAKI", "Lokacija BM": "DRUŠTVENI DOM NOVAKI", "Adresa BM": "NOVAKI, NOVAČKA 16", "Glasovalo birača": 475, "Glasovalo birača (po listićima)": 475, "Važeći listići": 470, "Nevažeći listići": 5 }, "latitude": 45.7931659, "longitude": 15.8000306, "population": 660 }, "geometry": { "type": "Polygon", "coordinates": [ [ [ 15.791560852019824, 45.784313880161903 ], [ 15.791032467213357, 45.80072119925012 ], [ 15.800292321851876, 45.80380354407886 ], [ 15.807288455298742, 45.798466937192281 ], [ 15.795274961658654, 45.779970665666006 ], [ 15.794748717707337, 45.779923481520768 ], [ 15.791560852019824, 45.784313880161903 ] ] ] } },
{ "type": "Feature", "properties": { "BM": 335, "data": { "Oznaka Gr/Op/Dr": "općina", "Grad/općina/država": "PISAROVINA", "Rbr BM": 4, "Naziv BM": "BIRAČKO MJESTO BR.4 - BRATINA", "Lokacija BM": "DRUŠTVENI DOM BRATINA", "Adresa BM": "BRATINA", "Glasovalo birača": 365, "Glasovalo birača (po listićima)": 365, "Važeći listići": 351, "Nevažeći listići": 14 }, "latitude": 45.6220329, "longitude": 15.8242944, "population": 618 }, "geometry": { "type": "Polygon", "coordinates": [ [ [ 15.778472867363776, 45.610312229738497 ], [ 15.80569957710652, 45.639293261622662 ], [ 15.845301882366643, 45.643397040439545 ], [ 15.845579440771147, 45.618471638633281 ], [ 15.812593745172459, 45.581808931256091 ], [ 15.7798269237613, 45.5896446146633 ], [ 15.778472867363776, 45.610312229738497 ] ] ] } },
{ "type": "Feature", "properties": { "BM": 3906, "data": { "Oznaka Gr/Op/Dr": "grad", "Grad/općina/država": "ZAPREŠIĆ", "Rbr BM": 9, "Naziv BM": "ZAPREŠIĆ", "Lokacija BM": "OSNOVNA ŠKOLA \"LJUDEVITA GAJA\"", "Adresa BM": "ZAPREŠIĆ, LJUDEVITA GAJA 2", "Glasovalo birača": 707, "Glasovalo birača (po listićima)": 704, "Važeći listići": 684, "Nevažeći listići": 20 }, "latitude": 45.8664127, "longitude": 15.7949745, "population": 1002 }, "geometry": { "type": "Polygon", "coordinates": [ [ [ 15.798701712907272, 45.867812256967255 ], [ 15.794974052386294, 45.861697592161498 ], [ 15.787988087604747, 45.861419869028119 ], [ 15.79758379008554, 45.869197538340423 ], [ 15.798701712907272, 45.867812256967255 ] ] ] } },
{ "type": "Feature", "properties": { "BM": 3905, "data": { "Oznaka Gr/Op/Dr": "grad", "Grad/općina/država": "ZAPREŠIĆ", "Rbr BM": 8, "Naziv BM": "ZAPREŠIĆ", "Lokacija BM": "SREDNJA ŠKOLA BAN JOSIP JELAČIĆ", "Adresa BM": "ZAPREŠIĆ, TRG DR. FRANJE TUĐMANA 1", "Glasovalo birača": 934, "Glasovalo birača (po listićima)": 932, "Važeći listići": 909, "Nevažeći listići": 23 }, "latitude": 45.8711598, "longitude": 15.8008569, "population": 1287 }, "geometry": { "type": "Polygon", "coordinates": [ [ [ 15.79758379008554, 45.869197538340423 ], [ 15.788309814916715, 45.884592078103957 ], [ 15.79146569410222, 45.887327182492449 ], [ 15.812306908746915, 45.887409111724516 ], [ 15.822987630006399, 45.885955143257938 ], [ 15.823311718492231, 45.872372048674798 ], [ 15.810891607511289, 45.867486377816618 ], [ 15.805100323300396, 45.866329722652004 ], [ 15.798701712907272, 45.867812256967255 ], [ 15.79758379008554, 45.869197538340423 ] ] ] } },
{ "type": "Feature", "properties": { "BM": 3899, "data": { "Oznaka Gr/Op/Dr": "grad", "Grad/općina/država": "ZAPREŠIĆ", "Rbr BM": 2, "Naziv BM": "KUPLJENOVO", "Lokacija BM": "DRUŠTVENI DOM KUPLJENOVO", "Adresa BM": "KUPLJENOVO, MATIJE GUPCA 57", "Glasovalo birača": 381, "Glasovalo birača (po listićima)": 381, "Važeći listići": 370, "Nevažeći listići": 11 }, "latitude": 45.9035679, "longitude": 15.8007295, "population": 592 }, "geometry": { "type": "Polygon", "coordinates": [ [ [ 15.788209580021633, 45.904096345180392 ], [ 15.797786037550122, 45.915133714272045 ], [ 15.812306908746915, 45.887409111724516 ], [ 15.79146569410222, 45.887327182492449 ], [ 15.788209580021633, 45.904096345180392 ] ] ] } },
{ "type": "Feature", "properties": { "BM": 3677, "data": { "Oznaka Gr/Op/Dr": "grad", "Grad/općina/država": "SVETA NEDELJA", "Rbr BM": 12, "Naziv BM": "OREŠJE", "Lokacija BM": "DRUŠTVENI DOM  OREŠJE", "Adresa BM": "OREŠJE, TRG LIPA 1", "Glasovalo birača": 766, "Glasovalo birača (po listićima)": 766, "Važeći listići": 734, "Nevažeći listići": 32 }, "latitude": 45.8149674, "longitude": 15.8026638, "population": 1025 }, "geometry": { "type": "Polygon", "coordinates": [ [ [ 15.794631400156252, 45.835220982147106 ], [ 15.797431812226923, 45.835708372446824 ], [ 15.817605975532079, 45.829126255187973 ], [ 15.818175065158798, 45.822117245628199 ], [ 15.800769411034524, 45.805315239660416 ], [ 15.792556220285604, 45.831537548483844 ], [ 15.794631400156252, 45.835220982147106 ] ] ] } },
{ "type": "Feature", "properties": { "BM": 1752, "data": { "Oznaka Gr/Op/Dr": "općina", "Grad/općina/država": "LUKA", "Rbr BM": 2, "Naziv BM": "BIRAČKO MJESTO BROJ 2. KRAJSKA VES-PLUSKA-VADINA", "Lokacija BM": "OSNOVNA ŠKOLA LUKA", "Adresa BM": "LUKA, TRG SVETOG ROKA 3", "Glasovalo birača": 230, "Glasovalo birača (po listićima)": 230, "Važeći listići": 221, "Nevažeći listići": 9 }, "latitude": 45.9593052, "longitude": 15.8199344, "population": 435 }, "geometry": { "type": "Polygon", "coordinates": [ [ [ 15.795939095081931, 45.971866260160056 ], [ 15.817370613982725, 45.988511846130066 ], [ 15.84291646300735, 45.971900804845525 ], [ 15.843030001628419, 45.971819358560737 ], [ 15.828620289680845, 45.940233635182885 ], [ 15.817487739207353, 45.931447860256831 ], [ 15.815397463437613, 45.93201063890487 ], [ 15.795939095081931, 45.971866260160056 ] ] ] } },
{ "type": "Feature", "properties": { "BM": 3910, "data": { "Oznaka Gr/Op/Dr": "grad", "Grad/općina/država": "ZAPREŠIĆ", "Rbr BM": 13, "Naziv BM": "ZAPREŠIĆ", "Lokacija BM": "ŠPORTSKO REKREACIJSKI CENTAR", "Adresa BM": "ZAPREŠIĆ, VLADIMIRA NOVAKA 23", "Glasovalo birača": 772, "Glasovalo birača (po listićima)": 771, "Važeći listići": 752, "Nevažeći listići": 19 }, "latitude": 45.863858, "longitude": 15.7991651, "population": 1089 }, "geometry": { "type": "Polygon", "coordinates": [ [ [ 15.798701712907272, 45.867812256967255 ], [ 15.805100323300396, 45.866329722652004 ], [ 15.803932601718431, 45.865079726695768 ], [ 15.796482161365285, 45.860858686483205 ], [ 15.794974052386294, 45.861697592161498 ], [ 15.798701712907272, 45.867812256967255 ] ] ] } },
{ "type": "Feature", "properties": { "BM": 3944, "data": { "Oznaka Gr/Op/Dr": "općina", "Grad/općina/država": "KLINČA SELA", "Rbr BM": 13, "Naziv BM": "BIRAČKO MJESTO BR. 13 - KUPINEC III", "Lokacija BM": "KUĆA MARIA ŽUNEC", "Adresa BM": "KUPINEC 209", "Glasovalo birača": 73, "Glasovalo birača (po listićima)": 73, "Važeći listići": 72, "Nevažeći listići": 1 }, "latitude": 45.6599997, "longitude": 15.8203601, "population": 103 }, "geometry": { "type": "Polygon", "coordinates": [ [ [ 15.803345200452895, 45.66342478256874 ], [ 15.811727559919541, 45.683460527660344 ], [ 15.842413359770877, 45.666091982784366 ], [ 15.848003113107682, 45.659370674122812 ], [ 15.850308646851783, 45.649595761986028 ], [ 15.845301882366643, 45.643397040439545 ], [ 15.80569957710652, 45.639293261622662 ], [ 15.803345200452895, 45.66342478256874 ] ] ] } },
{ "type": "Feature", "properties": { "BM": 3911, "data": { "Oznaka Gr/Op/Dr": "grad", "Grad/općina/država": "ZAPREŠIĆ", "Rbr BM": 14, "Naziv BM": "ZAPREŠIĆ", "Lokacija BM": "POSLOVNI PROSTOR", "Adresa BM": "ZAPREŠIĆ, ANTE STARČEVIĆA 11 (\"PAVUNA\" D.O.O.)", "Glasovalo birača": 619, "Glasovalo birača (po listićima)": 619, "Važeći listići": 604, "Nevažeći listići": 15 }, "latitude": 45.8616183, "longitude": 15.800434, "population": 952 }, "geometry": { "type": "Polygon", "coordinates": [ [ [ 15.796482161365285, 45.860858686483205 ], [ 15.803932601718431, 45.865079726695768 ], [ 15.799778575052825, 45.857231054878135 ], [ 15.796482161365285, 45.860858686483205 ] ] ] } },
{ "type": "Feature", "properties": { "BM": 3900, "data": { "Oznaka Gr/Op/Dr": "grad", "Grad/općina/država": "ZAPREŠIĆ", "Rbr BM": 3, "Naziv BM": "POJATNO", "Lokacija BM": "VATROGASNI DOM POJATNO", "Adresa BM": "POJATNO, MATIJE GUPCA 90", "Glasovalo birača": 646, "Glasovalo birača (po listićima)": 646, "Važeći listići": 630, "Nevažeći listići": 16 }, "latitude": 45.9061278, "longitude": 15.8056171, "population": 985 }, "geometry": { "type": "Polygon", "coordinates": [ [ [ 15.804482612260873, 45.927953325318313 ], [ 15.815397463437613, 45.93201063890487 ], [ 15.817487739207353, 45.931447860256831 ], [ 15.830201200439692, 45.90776803317938 ], [ 15.829574446353769, 45.893763492943151 ], [ 15.822987630006399, 45.885955143257938 ], [ 15.812306908746915, 45.887409111724516 ], [ 15.797786037550122, 45.915133714272045 ], [ 15.804482612260873, 45.927953325318313 ] ] ] } },
{ "type": "Feature", "properties": { "BM": 3912, "data": { "Oznaka Gr/Op/Dr": "grad", "Grad/općina/država": "ZAPREŠIĆ", "Rbr BM": 15, "Naziv BM": "ZAPREŠIĆ", "Lokacija BM": "KLUB UMIROVLJENIKA", "Adresa BM": "ZAPREŠIĆ, ULICA PAVLA ŠTOOSA 2 (ULAZ SA ŠETNICE KARDINALA FRANJE KUHARIĆA)", "Glasovalo birača": 583, "Glasovalo birača (po listićima)": 580, "Važeći listići": 565, "Nevažeći listići": 15 }, "latitude": 45.8602402, "longitude": 15.8030378, "population": 853 }, "geometry": { "type": "Polygon", "coordinates": [ [ [ 15.805100323300396, 45.866329722652004 ], [ 15.810891607511289, 45.867486377816618 ], [ 15.805014677900804, 45.859723004075413 ], [ 15.800204855780338, 45.856220301050008 ], [ 15.799778575052825, 45.857231054878135 ], [ 15.803932601718431, 45.865079726695768 ], [ 15.805100323300396, 45.866329722652004 ] ] ] } },
{ "type": "Feature", "properties": { "BM": 3916, "data": { "Oznaka Gr/Op/Dr": "grad", "Grad/općina/država": "ZAPREŠIĆ", "Rbr BM": 19, "Naziv BM": "ZAPREŠIĆ", "Lokacija BM": "DVORANA ZA JUDO", "Adresa BM": "ZAPREŠIĆ, TRG ŽRTAVA FAŠIZMA 18", "Glasovalo birača": 778, "Glasovalo birača (po listićima)": 778, "Važeći listići": 754, "Nevažeći listići": 24 }, "latitude": 45.8576828, "longitude": 15.8049002, "population": 1134 }, "geometry": { "type": "Polygon", "coordinates": [ [ [ 15.805484966878717, 45.857778894763335 ], [ 15.804514194691698, 45.856862278055019 ], [ 15.80021238591406, 45.856115364780351 ], [ 15.800204855780338, 45.856220301050008 ], [ 15.805014677900804, 45.859723004075413 ], [ 15.805484966878717, 45.857778894763335 ] ] ] } },
{ "type": "Feature", "properties": { "BM": 3914, "data": { "Oznaka Gr/Op/Dr": "grad", "Grad/općina/država": "ZAPREŠIĆ", "Rbr BM": 17, "Naziv BM": "ZAPREŠIĆ", "Lokacija BM": "OSNOVNA ŠKOLA \"ANTUNA AUGUSTINČIĆA\"", "Adresa BM": "ZAPREŠIĆ, VLADIMIRA NAZORA 2 A", "Glasovalo birača": 804, "Glasovalo birača (po listićima)": 802, "Važeći listići": 778, "Nevažeći listići": 24 }, "latitude": 45.8579607, "longitude": 15.806049, "population": 1153 }, "geometry": { "type": "Polygon", "coordinates": [ [ [ 15.805014677900804, 45.859723004075413 ], [ 15.810891607511289, 45.867486377816618 ], [ 15.823311718492231, 45.872372048674798 ], [ 15.824456175011646, 45.869184420428418 ], [ 15.823526719219799, 45.866044065708351 ], [ 15.810794977661201, 45.854420817962293 ], [ 15.807063032032563, 45.856339099757157 ], [ 15.805484966878717, 45.857778894763335 ], [ 15.805014677900804, 45.859723004075413 ] ] ] } },
{ "type": "Feature", "properties": { "BM": 3666, "data": { "Oznaka Gr/Op/Dr": "grad", "Grad/općina/država": "SVETA NEDELJA", "Rbr BM": 1, "Naziv BM": "BESTOVJE", "Lokacija BM": "DRUŠTVENI DOM BESTOVJE", "Adresa BM": "BESTOVJE, PRUDNJACI 1", "Glasovalo birača": 730, "Glasovalo birača (po listićima)": 729, "Važeći listići": 707, "Nevažeći listići": 22 }, "latitude": 45.8068679, "longitude": 15.8104824, "population": 1108 }, "geometry": { "type": "Polygon", "coordinates": [ [ [ 15.800769411034524, 45.805315239660416 ], [ 15.818175065158798, 45.822117245628199 ], [ 15.831868117501644, 45.791193518369099 ], [ 15.807288455298742, 45.798466937192281 ], [ 15.800292321851876, 45.80380354407886 ], [ 15.800769411034524, 45.805315239660416 ] ] ] } },
{ "type": "Feature", "properties": { "BM": 3919, "data": { "Oznaka Gr/Op/Dr": "grad", "Grad/općina/država": "ZAPREŠIĆ", "Rbr BM": 22, "Naziv BM": "ZAPREŠIĆ", "Lokacija BM": "GRADSKA UPRAVA", "Adresa BM": "NOVA ULICA 10", "Glasovalo birača": 706, "Glasovalo birača (po listićima)": 706, "Važeći listići": 681, "Nevažeći listići": 25 }, "latitude": 45.8493729, "longitude": 15.8138891, "population": 985 }, "geometry": { "type": "Polygon", "coordinates": [ [ [ 15.798871929366856, 45.839210268152698 ], [ 15.810794977661201, 45.854420817962293 ], [ 15.823526719219799, 45.866044065708351 ], [ 15.824145949306725, 45.833391902428247 ], [ 15.817605975532079, 45.829126255187973 ], [ 15.797431812226923, 45.835708372446824 ], [ 15.798871929366856, 45.839210268152698 ] ] ] } },
{ "type": "Feature", "properties": { "BM": 3679, "data": { "Oznaka Gr/Op/Dr": "grad", "Grad/općina/država": "SVETA NEDELJA", "Rbr BM": 14, "Naziv BM": "RAKITJE", "Lokacija BM": "DRUŠTVENI DOM RAKITJE, RAKITJE", "Adresa BM": "RAKITSKA ULICA 4", "Glasovalo birača": 816, "Glasovalo birača (po listićima)": 816, "Važeći listići": 798, "Nevažeći listići": 18 }, "latitude": 45.7896807, "longitude": 15.8053965, "population": 1140 }, "geometry": { "type": "Polygon", "coordinates": [ [ [ 15.807288455298742, 45.798466937192281 ], [ 15.831868117501644, 45.791193518369099 ], [ 15.836280235097959, 45.786566607785545 ], [ 15.825022982710845, 45.775757515454373 ], [ 15.795274961658654, 45.779970665666006 ], [ 15.807288455298742, 45.798466937192281 ] ] ] } },
{ "type": "Feature", "properties": { "BM": 3915, "data": { "Oznaka Gr/Op/Dr": "grad", "Grad/općina/država": "ZAPREŠIĆ", "Rbr BM": 18, "Naziv BM": "ZAPREŠIĆ", "Lokacija BM": "UDRUGA UMIROVLJENIKA", "Adresa BM": "ZAPREŠIĆ, TRG ŽRTAVA FAŠIZMA 8/I", "Glasovalo birača": 475, "Glasovalo birača (po listićima)": 475, "Važeći listići": 465, "Nevažeći listići": 10 }, "latitude": 45.8572006, "longitude": 15.8053555, "population": 783 }, "geometry": { "type": "Polygon", "coordinates": [ [ [ 15.805484966878717, 45.857778894763335 ], [ 15.807063032032563, 45.856339099757157 ], [ 15.804514194691698, 45.856862278055019 ], [ 15.805484966878717, 45.857778894763335 ] ] ] } },
{ "type": "Feature", "properties": { "BM": 3960, "data": { "Oznaka Gr/Op/Dr": "općina", "Grad/općina/država": "STUPNIK", "Rbr BM": 1, "Naziv BM": "STUPNIK", "Lokacija BM": "ZGRADA OPĆINE", "Adresa BM": "GORNJOSTUPNIČKA ULICA 33", "Glasovalo birača": 989, "Glasovalo birača (po listićima)": 989, "Važeći listići": 958, "Nevažeći listići": 31 }, "latitude": 45.7555819, "longitude": 15.8381378, "population": 1467 }, "geometry": { "type": "Polygon", "coordinates": [ [ [ 15.816517696892921, 45.750876464761681 ], [ 15.825022982710845, 45.775757515454373 ], [ 15.836280235097959, 45.786566607785545 ], [ 15.852611419493746, 45.787489120838742 ], [ 15.853675107843413, 45.780362376702584 ], [ 15.833639262616488, 45.731401047626939 ], [ 15.827338137844928, 45.724596210101915 ], [ 15.816517696892921, 45.750876464761681 ] ] ] } },
{ "type": "Feature", "properties": { "BM": 3917, "data": { "Oznaka Gr/Op/Dr": "grad", "Grad/općina/država": "ZAPREŠIĆ", "Rbr BM": 20, "Naziv BM": "ZAPREŠIĆ", "Lokacija BM": "UDRUŽENJE OBRTNIKA", "Adresa BM": "ULICA KARDINALA ALOJZIJA STEPINCA 2", "Glasovalo birača": 814, "Glasovalo birača (po listićima)": 814, "Važeći listići": 798, "Nevažeći listići": 16 }, "latitude": 45.8562199, "longitude": 15.8051542, "population": 1208 }, "geometry": { "type": "Polygon", "coordinates": [ [ [ 15.80021238591406, 45.856115364780351 ], [ 15.804514194691698, 45.856862278055019 ], [ 15.807063032032563, 45.856339099757157 ], [ 15.810794977661201, 45.854420817962293 ], [ 15.798871929366856, 45.839210268152698 ], [ 15.80021238591406, 45.856115364780351 ] ] ] } },
{ "type": "Feature", "properties": { "BM": 3902, "data": { "Oznaka Gr/Op/Dr": "grad", "Grad/općina/država": "ZAPREŠIĆ", "Rbr BM": 5, "Naziv BM": "IVANEC BISTRANSKI", "Lokacija BM": "DRUŠTVENI DOM IVANEC", "Adresa BM": "IVANEC BISTRANSKI, STUBIČKA 75", "Glasovalo birača": 529, "Glasovalo birača (po listićima)": 529, "Važeći listići": 519, "Nevažeći listići": 10 }, "latitude": 45.8497503, "longitude": 15.8337895, "population": 776 }, "geometry": { "type": "Polygon", "coordinates": [ [ [ 15.824456175011646, 45.869184420428418 ], [ 15.856877775342367, 45.851865490233692 ], [ 15.854392318672355, 45.846571674110663 ], [ 15.832133184180565, 45.833602111757557 ], [ 15.824145949306725, 45.833391902428247 ], [ 15.823526719219799, 45.866044065708351 ], [ 15.824456175011646, 45.869184420428418 ] ] ] } },
{ "type": "Feature", "properties": { "BM": 3903, "data": { "Oznaka Gr/Op/Dr": "grad", "Grad/općina/država": "ZAPREŠIĆ", "Rbr BM": 6, "Naziv BM": "JABLANOVEC", "Lokacija BM": "PODRUČNA ŠKOLA JABLANOVEC", "Adresa BM": "JABLANOVEC, STUBIČKA 198", "Glasovalo birača": 806, "Glasovalo birača (po listićima)": 806, "Važeći listići": 781, "Nevažeći listići": 25 }, "latitude": 45.8722321, "longitude": 15.8457988, "population": 1260 }, "geometry": { "type": "Polygon", "coordinates": [ [ [ 15.823311718492231, 45.872372048674798 ], [ 15.822987630006399, 45.885955143257938 ], [ 15.829574446353769, 45.893763492943151 ], [ 15.835704176818686, 45.892073468127656 ], [ 15.853615544427297, 45.88135537766405 ], [ 15.870135046259172, 45.859991221962694 ], [ 15.856877775342367, 45.851865490233692 ], [ 15.824456175011646, 45.869184420428418 ], [ 15.823311718492231, 45.872372048674798 ] ] ] } },
{ "type": "Feature", "properties": { "BM": 3962, "data": { "Oznaka Gr/Op/Dr": "općina", "Grad/općina/država": "STUPNIK", "Rbr BM": 3, "Naziv BM": "STUPNIK", "Lokacija BM": "IGRALIŠTE NK STUPNIK", "Adresa BM": "DONJOSTUPNIČKA ULICA 47", "Glasovalo birača": 652, "Glasovalo birača (po listićima)": 652, "Važeći listići": 620, "Nevažeći listići": 32 }, "latitude": 45.7377423, "longitude": 15.8574035, "population": 957 }, "geometry": { "type": "Polygon", "coordinates": [ [ [ 15.833639262616488, 45.731401047626939 ], [ 15.862965114864998, 45.752306954761544 ], [ 15.872599778185402, 45.744762495636351 ], [ 15.873372027648552, 45.740907816854268 ], [ 15.866754467484434, 45.711049287726681 ], [ 15.846686896585664, 45.71300582982321 ], [ 15.827268223434579, 45.721272593892927 ], [ 15.827338137844928, 45.724596210101915 ], [ 15.833639262616488, 45.731401047626939 ] ] ] } },
{ "type": "Feature", "properties": { "BM": 1687, "data": { "Oznaka Gr/Op/Dr": "općina", "Grad/općina/država": "JAKOVLJE", "Rbr BM": 5, "Naziv BM": "JAKOVLJE", "Lokacija BM": "PRIVATNA KUĆA ZVONIMIRA SENIČIĆA", "Adresa BM": "JAKOVLJE, ZAGREBAČKA CESTA 150 A", "Glasovalo birača": 332, "Glasovalo birača (po listićima)": 332, "Važeći listići": 314, "Nevažeći listići": 18 }, "latitude": 45.9273531, "longitude": 15.8451509, "population": 514 }, "geometry": { "type": "Polygon", "coordinates": [ [ [ 15.817487739207353, 45.931447860256831 ], [ 15.828620289680845, 45.940233635182885 ], [ 15.854681975184757, 45.935295662222849 ], [ 15.855481120941715, 45.934567979359926 ], [ 15.861003698466469, 45.920120183762435 ], [ 15.830201200439692, 45.90776803317938 ], [ 15.817487739207353, 45.931447860256831 ] ] ] } },
{ "type": "Feature", "properties": { "BM": 333, "data": { "Oznaka Gr/Op/Dr": "općina", "Grad/općina/država": "PISAROVINA", "Rbr BM": 2, "Naziv BM": "BIRAČKO MJESTO BR.2 - VELIKA JAMNIČKA", "Lokacija BM": "KUĆA STJEPANA POLDRUGAČ", "Adresa BM": "VELIKA JAMNIČKA 9 A", "Glasovalo birača": 116, "Glasovalo birača (po listićima)": 116, "Važeći listići": 115, "Nevažeći listići": 1 }, "latitude": 45.5976799, "longitude": 15.8513621, "population": 176 }, "geometry": { "type": "Polygon", "coordinates": [ [ [ 15.812593745172459, 45.581808931256091 ], [ 15.845579440771147, 45.618471638633281 ], [ 15.871157351095782, 45.602586940440524 ], [ 15.82632359191183, 45.570608059665339 ], [ 15.812593745172459, 45.581808931256091 ] ] ] } },
{ "type": "Feature", "properties": { "BM": 336, "data": { "Oznaka Gr/Op/Dr": "općina", "Grad/općina/država": "PISAROVINA", "Rbr BM": 5, "Naziv BM": "BIRAČKO MJESTO BR.5-BREGANA PISAROVINSKA", "Lokacija BM": "ZGRADA STARE ŠKOLE", "Adresa BM": "BREGANA PISAROVINSKA", "Glasovalo birača": 174, "Glasovalo birača (po listićima)": 174, "Važeći listići": 167, "Nevažeći listići": 7 }, "latitude": 45.622506, "longitude": 15.8667799, "population": 272 }, "geometry": { "type": "Polygon", "coordinates": [ [ [ 15.850308646851783, 45.649595761986028 ], [ 15.891535995011349, 45.6448986033258 ], [ 15.894574073200902, 45.624575104154843 ], [ 15.882073946536844, 45.600610023628327 ], [ 15.871157351095782, 45.602586940440524 ], [ 15.845579440771147, 45.618471638633281 ], [ 15.845301882366643, 45.643397040439545 ], [ 15.850308646851783, 45.649595761986028 ] ] ] } },
{ "type": "Feature", "properties": { "BM": 1684, "data": { "Oznaka Gr/Op/Dr": "općina", "Grad/općina/država": "JAKOVLJE", "Rbr BM": 2, "Naziv BM": "JAKOVLJE", "Lokacija BM": "ZGRADA OPĆINE JAKOVLJE-PRIZEMLJE", "Adresa BM": "JAKOVLJE, ADELE SIXTA 2", "Glasovalo birača": 537, "Glasovalo birača (po listićima)": 537, "Važeći listići": 524, "Nevažeći listići": 13 }, "latitude": 45.9461743, "longitude": 15.848717, "population": 811 }, "geometry": { "type": "Polygon", "coordinates": [ [ [ 15.843030001628419, 45.971819358560737 ], [ 15.851681045778264, 45.972026682388041 ], [ 15.856300420778446, 45.967753196498066 ], [ 15.854681975184757, 45.935295662222849 ], [ 15.828620289680845, 45.940233635182885 ], [ 15.843030001628419, 45.971819358560737 ] ] ] } },
{ "type": "Feature", "properties": { "BM": 1557, "data": { "Oznaka Gr/Op/Dr": "općina", "Grad/općina/država": "BISTRA", "Rbr BM": 4, "Naziv BM": "DONJA BISTRA", "Lokacija BM": "VATROGASNI DOM U DONJOJ BISTRI", "Adresa BM": "DONJA BISTRA, BISTRANSKA 2", "Glasovalo birača": 900, "Glasovalo birača (po listićima)": 900, "Važeći listići": 869, "Nevažeći listići": 31 }, "latitude": 45.9039383, "longitude": 15.8545405, "population": 1406 }, "geometry": { "type": "Polygon", "coordinates": [ [ [ 15.830201200439692, 45.90776803317938 ], [ 15.861003698466469, 45.920120183762435 ], [ 15.86376882418873, 45.918963248808481 ], [ 15.865612654456573, 45.901060305854045 ], [ 15.835704176818686, 45.892073468127656 ], [ 15.829574446353769, 45.893763492943151 ], [ 15.830201200439692, 45.90776803317938 ] ] ] } },
{ "type": "Feature", "properties": { "BM": 3961, "data": { "Oznaka Gr/Op/Dr": "općina", "Grad/općina/država": "STUPNIK", "Rbr BM": 2, "Naziv BM": "STUPNIK", "Lokacija BM": "OSNOVNA ŠKOLA STUPNIK", "Adresa BM": "ULICA SVETOG BENEDIKTA 31", "Glasovalo birača": 561, "Glasovalo birača (po listićima)": 561, "Važeći listići": 540, "Nevažeći listići": 21 }, "latitude": 45.7517986, "longitude": 15.847383, "population": 829 }, "geometry": { "type": "Polygon", "coordinates": [ [ [ 15.853675107843413, 45.780362376702584 ], [ 15.862965114864998, 45.752306954761544 ], [ 15.833639262616488, 45.731401047626939 ], [ 15.853675107843413, 45.780362376702584 ] ] ] } },
{ "type": "Feature", "properties": { "BM": 332, "data": { "Oznaka Gr/Op/Dr": "općina", "Grad/općina/država": "PISAROVINA", "Rbr BM": 1, "Naziv BM": "BIRAČKO MJESTO BR.1 - PISAROVINA", "Lokacija BM": "ZGRADA OPĆINE", "Adresa BM": "TRG HRVATSKIH VELIKANA 1, PISAROVINA", "Glasovalo birača": 329, "Glasovalo birača (po listićima)": 329, "Važeći listići": 319, "Nevažeći listići": 10 }, "latitude": 45.585467977791602, "longitude": 15.860072580928801, "population": 485 }, "geometry": { "type": "Polygon", "coordinates": [ [ [ 15.871157351095782, 45.602586940440524 ], [ 15.882073946536844, 45.600610023628327 ], [ 15.882704714780392, 45.598579265252745 ], [ 15.871055931373359, 45.568341020490202 ], [ 15.835529435594779, 45.559262937120828 ], [ 15.82632359191183, 45.570608059665339 ], [ 15.871157351095782, 45.602586940440524 ] ] ] } },
{ "type": "Feature", "properties": { "BM": 1686, "data": { "Oznaka Gr/Op/Dr": "općina", "Grad/općina/država": "JAKOVLJE", "Rbr BM": 4, "Naziv BM": "JAKOVLJE", "Lokacija BM": "PRIVATNA KUĆA RUDOLFA SENIČIĆA", "Adresa BM": "JAKOVLJE, SVETE DOROTEJE 134 A", "Glasovalo birača": 201, "Glasovalo birača (po listićima)": 201, "Važeći listići": 193, "Nevažeći listići": 8 }, "latitude": 45.9360832, "longitude": 15.86799, "population": 325 }, "geometry": { "type": "Polygon", "coordinates": [ [ [ 15.855481120941715, 45.934567979359926 ], [ 15.876328814142127, 45.948454534185025 ], [ 15.88913917542842, 45.942635515852501 ], [ 15.879525132002135, 45.926675354049983 ], [ 15.869822983959274, 45.92055535500112 ], [ 15.86376882418873, 45.918963248808481 ], [ 15.861003698466469, 45.920120183762435 ], [ 15.855481120941715, 45.934567979359926 ] ] ] } },
{ "type": "Feature", "properties": { "BM": 1559, "data": { "Oznaka Gr/Op/Dr": "općina", "Grad/općina/država": "BISTRA", "Rbr BM": 6, "Naziv BM": "BUKOVJE BISTRANSKO", "Lokacija BM": "DRUŠTVENI DOM U BUKOVJU BISTRANSKOM", "Adresa BM": "BUKOVJE BISTRANSKO, STUBIČKA 386A", "Glasovalo birača": 214, "Glasovalo birača (po listićima)": 214, "Važeći listići": 213, "Nevažeći listići": 1 }, "latitude": 45.8925561, "longitude": 15.8579606, "population": 322 }, "geometry": { "type": "Polygon", "coordinates": [ [ [ 15.835704176818686, 45.892073468127656 ], [ 15.865612654456573, 45.901060305854045 ], [ 15.868378420234707, 45.897413246943955 ], [ 15.853615544427297, 45.88135537766405 ], [ 15.835704176818686, 45.892073468127656 ] ] ] } },
{ "type": "Feature", "properties": { "BM": 1685, "data": { "Oznaka Gr/Op/Dr": "općina", "Grad/općina/država": "JAKOVLJE", "Rbr BM": 3, "Naziv BM": "JAKOVLJE", "Lokacija BM": "PRIVATNA KUĆA BRANKICE ŠTURLAN", "Adresa BM": "JAKOVLJE, TOPLIČKA CESTA 27", "Glasovalo birača": 237, "Glasovalo birača (po listićima)": 237, "Važeći listići": 235, "Nevažeći listići": 2 }, "latitude": 45.945526944165799, "longitude": 15.861699564417901, "population": 430 }, "geometry": { "type": "Polygon", "coordinates": [ [ [ 15.854681975184757, 45.935295662222849 ], [ 15.856300420778446, 45.967753196498066 ], [ 15.859830901121418, 45.966011059723336 ], [ 15.876328814142127, 45.948454534185025 ], [ 15.855481120941715, 45.934567979359926 ], [ 15.854681975184757, 45.935295662222849 ] ] ] } },
{ "type": "Feature", "properties": { "BM": 1558, "data": { "Oznaka Gr/Op/Dr": "općina", "Grad/općina/država": "BISTRA", "Rbr BM": 5, "Naziv BM": "NOVAKI BISTRANSKI", "Lokacija BM": "DRUŠTVENI DOM U NOVAKIMA BISTRANSKIM", "Adresa BM": "NOVAKI BISTRANSKI, SELSKA 43", "Glasovalo birača": 407, "Glasovalo birača (po listićima)": 407, "Važeći listići": 401, "Nevažeći listići": 6 }, "latitude": 45.8866247, "longitude": 15.8644123, "population": 631 }, "geometry": { "type": "Polygon", "coordinates": [ [ [ 15.853615544427297, 45.88135537766405 ], [ 15.868378420234707, 45.897413246943955 ], [ 15.902387007290695, 45.877448134265471 ], [ 15.898973399602616, 45.870687020897904 ], [ 15.898704764034692, 45.870264499434626 ], [ 15.887171889492233, 45.861757694158257 ], [ 15.870135046259172, 45.859991221962694 ], [ 15.853615544427297, 45.88135537766405 ] ] ] } },
{ "type": "Feature", "properties": { "BM": 1556, "data": { "Oznaka Gr/Op/Dr": "općina", "Grad/općina/država": "BISTRA", "Rbr BM": 3, "Naziv BM": "POLJANICA BISTRANSKA", "Lokacija BM": "KULTURNI CENTAR BISTRA", "Adresa BM": "POLJANICA BISTRANSKA, BISTRANSKA 98", "Glasovalo birača": 710, "Glasovalo birača (po listićima)": 710, "Važeći listići": 692, "Nevažeći listići": 18 }, "latitude": 45.9061346, "longitude": 15.8758658, "population": 1091 }, "geometry": { "type": "Polygon", "coordinates": [ [ [ 15.865612654456573, 45.901060305854045 ], [ 15.86376882418873, 45.918963248808481 ], [ 15.869822983959274, 45.92055535500112 ], [ 15.904464209604949, 45.879627951988866 ], [ 15.902387007290695, 45.877448134265471 ], [ 15.868378420234707, 45.897413246943955 ], [ 15.865612654456573, 45.901060305854045 ] ] ] } },
{ "type": "Feature", "properties": { "BM": 338, "data": { "Oznaka Gr/Op/Dr": "općina", "Grad/općina/država": "PISAROVINA", "Rbr BM": 7, "Naziv BM": "BIRAČKO MJESTO BR.7 - GRADEC POKUPSKI", "Lokacija BM": "DRUŠTVENI DOM GRADEC POKUPSKI", "Adresa BM": "GRADEC POKUPSKI", "Glasovalo birača": 71, "Glasovalo birača (po listićima)": 71, "Važeći listići": 68, "Nevažeći listići": 3 }, "latitude": 45.5480445, "longitude": 15.8696354, "population": 95 }, "geometry": { "type": "Polygon", "coordinates": [ [ [ 15.835529435594779, 45.559262937120828 ], [ 15.871055931373359, 45.568341020490202 ], [ 15.883725651633535, 45.557931790466938 ], [ 15.885412849829889, 45.549061439612501 ], [ 15.869696494612858, 45.535340265866893 ], [ 15.836235078631567, 45.553084487129553 ], [ 15.835529435594779, 45.559262937120828 ] ] ] } },
{ "type": "Feature", "properties": { "BM": 334, "data": { "Oznaka Gr/Op/Dr": "općina", "Grad/općina/država": "PISAROVINA", "Rbr BM": 3, "Naziv BM": "BIRAČKO MJESTO BR.3 - DVORANCI", "Lokacija BM": "KUĆA MARICE BRITVEC", "Adresa BM": "DVORANCI 74", "Glasovalo birača": 80, "Glasovalo birača (po listićima)": 80, "Važeći listići": 76, "Nevažeći listići": 4 }, "latitude": 45.5736727, "longitude": 15.8906911, "population": 137 }, "geometry": { "type": "Polygon", "coordinates": [ [ [ 15.871055931373359, 45.568341020490202 ], [ 15.882704714780392, 45.598579265252745 ], [ 15.917989987404813, 45.574870488149379 ], [ 15.883725651633535, 45.557931790466938 ], [ 15.871055931373359, 45.568341020490202 ] ] ] } },
{ "type": "Feature", "properties": { "BM": 337, "data": { "Oznaka Gr/Op/Dr": "općina", "Grad/općina/država": "PISAROVINA", "Rbr BM": 6, "Naziv BM": "BIRAČKO MJESTO BR.6 - LIJEVO SREDIČKO", "Lokacija BM": "DRUŠTVENI DOM LIJEVO SREDIČKO", "Adresa BM": "LIJEVO SREDIČKO", "Glasovalo birača": 114, "Glasovalo birača (po listićima)": 114, "Važeći listići": 114, "Nevažeći listići": 0 }, "latitude": 45.5335655, "longitude": 15.8822763, "population": 190 }, "geometry": { "type": "Polygon", "coordinates": [ [ [ 15.869696494612858, 45.535340265866893 ], [ 15.885412849829889, 45.549061439612501 ], [ 15.905065557641644, 45.531492407286855 ], [ 15.896419888664708, 45.507312025423545 ], [ 15.876265764910247, 45.506681590334338 ], [ 15.869696494612858, 45.535340265866893 ] ] ] } },
{ "type": "Feature", "properties": { "BM": 1683, "data": { "Oznaka Gr/Op/Dr": "općina", "Grad/općina/država": "JAKOVLJE", "Rbr BM": 1, "Naziv BM": "IGRIŠĆE", "Lokacija BM": "VATROGASNI DOM DVD-A IGRIŠĆE", "Adresa BM": "IGRIŠĆE, GAJEVA 81", "Glasovalo birača": 385, "Glasovalo birača (po listićima)": 385, "Važeći listići": 372, "Nevažeći listići": 13 }, "latitude": 45.9628737, "longitude": 15.8801594, "population": 559 }, "geometry": { "type": "Polygon", "coordinates": [ [ [ 15.859830901121418, 45.966011059723336 ], [ 15.889316876700672, 45.972140280835553 ], [ 15.898468089286879, 45.960636561654127 ], [ 15.898675390836933, 45.957198695454558 ], [ 15.891562906731071, 45.943390092821126 ], [ 15.88913917542842, 45.942635515852501 ], [ 15.876328814142127, 45.948454534185025 ], [ 15.859830901121418, 45.966011059723336 ] ] ] } },
{ "type": "Feature", "properties": { "BM": 340, "data": { "Oznaka Gr/Op/Dr": "općina", "Grad/općina/država": "PISAROVINA", "Rbr BM": 9, "Naziv BM": "BIRAČKO MJESTO BR.9 - LUČELNICA", "Lokacija BM": "DRUŠTVENI DOM LUČELNICA", "Adresa BM": "LUČELNICA", "Glasovalo birača": 142, "Glasovalo birača (po listićima)": 142, "Važeći listići": 138, "Nevažeći listići": 4 }, "latitude": 45.6005976, "longitude": 15.9087824, "population": 225 }, "geometry": { "type": "Polygon", "coordinates": [ [ [ 15.882073946536844, 45.600610023628327 ], [ 15.894574073200902, 45.624575104154843 ], [ 15.920587990352653, 45.613370699202143 ], [ 15.929233778664003, 45.604213852688467 ], [ 15.931788207143295, 45.593959056712499 ], [ 15.923380446688991, 45.573909862647952 ], [ 15.917989987404813, 45.574870488149379 ], [ 15.882704714780392, 45.598579265252745 ], [ 15.882073946536844, 45.600610023628327 ] ] ] } },
{ "type": "Feature", "properties": { "BM": 1555, "data": { "Oznaka Gr/Op/Dr": "općina", "Grad/općina/država": "BISTRA", "Rbr BM": 2, "Naziv BM": "OBOROVO BISTRANSKO", "Lokacija BM": "DRUŠTVENI DOM U OBOROVU BISTRANSKOM", "Adresa BM": "OBOROVO BISTRANSKO, FRANJE GULIĆA 24", "Glasovalo birača": 510, "Glasovalo birača (po listićima)": 510, "Važeći listići": 483, "Nevažeći listići": 27 }, "latitude": 45.9122129, "longitude": 15.8830471, "population": 771 }, "geometry": { "type": "Polygon", "coordinates": [ [ [ 15.879525132002135, 45.926675354049983 ], [ 15.913331063658521, 45.886924694750846 ], [ 15.904464209604949, 45.879627951988866 ], [ 15.869822983959274, 45.92055535500112 ], [ 15.879525132002135, 45.926675354049983 ] ] ] } },
{ "type": "Feature", "properties": { "BM": 1554, "data": { "Oznaka Gr/Op/Dr": "općina", "Grad/općina/država": "BISTRA", "Rbr BM": 1, "Naziv BM": "GORNJA BISTRA", "Lokacija BM": "DRUŠTVENI DOM GORNJA BISTRA", "Adresa BM": "GORNJA BISTRA, DEDINJSKA 20", "Glasovalo birača": 800, "Glasovalo birača (po listićima)": 800, "Važeći listići": 762, "Nevažeći listići": 38 }, "latitude": 45.9208766, "longitude": 15.8932343, "population": 1330 }, "geometry": { "type": "Polygon", "coordinates": [ [ [ 15.88913917542842, 45.942635515852501 ], [ 15.891562906731071, 45.943390092821126 ], [ 15.932637507981598, 45.90855758445003 ], [ 15.938028052918959, 45.901008385958015 ], [ 15.913331063658521, 45.886924694750846 ], [ 15.879525132002135, 45.926675354049983 ], [ 15.88913917542842, 45.942635515852501 ] ] ] } },
{ "type": "Feature", "properties": { "BM": 339, "data": { "Oznaka Gr/Op/Dr": "općina", "Grad/općina/država": "PISAROVINA", "Rbr BM": 8, "Naziv BM": "BIRAČKO MJESTO BR.8 - SELSKO BRDO", "Lokacija BM": "DRUŠTVENI DOM SELSKO BRDO (DVD)", "Adresa BM": "SELSKO BRDO", "Glasovalo birača": 56, "Glasovalo birača (po listićima)": 56, "Važeći listići": 54, "Nevažeći listići": 2 }, "latitude": 45.5539079, "longitude": 15.9004619, "population": 90 }, "geometry": { "type": "Polygon", "coordinates": [ [ [ 15.883725651633535, 45.557931790466938 ], [ 15.917989987404813, 45.574870488149379 ], [ 15.923380446688991, 45.573909862647952 ], [ 15.924186426430378, 45.572423330014828 ], [ 15.906567458258735, 45.532495088451604 ], [ 15.905065557641644, 45.531492407286855 ], [ 15.885412849829889, 45.549061439612501 ], [ 15.883725651633535, 45.557931790466938 ] ] ] } },
{ "type": "Feature", "properties": { "BM": 348, "data": { "Oznaka Gr/Op/Dr": "općina", "Grad/općina/država": "POKUPSKO", "Rbr BM": 7, "Naziv BM": "LIJEVI ŠTEFANKI", "Lokacija BM": "DOM HRVATSKIH BRANITELJA", "Adresa BM": "LIJEVI ŠTEFANKI, ULICA HRVATSKIH BRANITELJA 28", "Glasovalo birača": 122, "Glasovalo birača (po listićima)": 122, "Važeći listići": 117, "Nevažeći listići": 5 }, "latitude": 45.5186462, "longitude": 15.9240029, "population": 183 }, "geometry": { "type": "Polygon", "coordinates": [ [ [ 15.905065557641644, 45.531492407286855 ], [ 15.906567458258735, 45.532495088451604 ], [ 15.947720980619673, 45.528171439333889 ], [ 15.949047537303635, 45.512520712071669 ], [ 15.944237439484327, 45.50098368563139 ], [ 15.91249658345585, 45.490550005147469 ], [ 15.896419888664708, 45.507312025423545 ], [ 15.905065557641644, 45.531492407286855 ] ] ] } },
{ "type": "Feature", "properties": { "BM": 1688, "data": { "Oznaka Gr/Op/Dr": "općina", "Grad/općina/država": "JAKOVLJE", "Rbr BM": 6, "Naziv BM": "KRALJEV VRH", "Lokacija BM": "DRUŠTVENI DOM", "Adresa BM": "KRALJEV VRH, ŠKOLSKA ULICA BROJ 1", "Glasovalo birača": 319, "Glasovalo birača (po listićima)": 319, "Važeći listići": 312, "Nevažeći listići": 7 }, "latitude": 45.945419, "longitude": 15.914047, "population": 490 }, "geometry": { "type": "Polygon", "coordinates": [ [ [ 15.898675390836933, 45.957198695454558 ], [ 15.922400981141593, 45.954385838469236 ], [ 15.932637507981598, 45.90855758445003 ], [ 15.891562906731071, 45.943390092821126 ], [ 15.898675390836933, 45.957198695454558 ] ] ] } },
{ "type": "Feature", "properties": { "BM": 342, "data": { "Oznaka Gr/Op/Dr": "općina", "Grad/općina/država": "POKUPSKO", "Rbr BM": 1, "Naziv BM": "LUKINIĆ BRDO", "Lokacija BM": "LOVAČKI DOM LU \"ŠLJUKA\"", "Adresa BM": "LUKINIĆ BRDO, KRPEČANCI 1", "Glasovalo birača": 152, "Glasovalo birača (po listićima)": 152, "Važeći listići": 145, "Nevažeći listići": 7 }, "latitude": 45.542418, "longitude": 15.9265004, "population": 241 }, "geometry": { "type": "Polygon", "coordinates": [ [ [ 15.924186426430378, 45.572423330014828 ], [ 15.956731741010215, 45.551033737513414 ], [ 15.956754080934655, 45.549417772821805 ], [ 15.947720980619673, 45.528171439333889 ], [ 15.906567458258735, 45.532495088451604 ], [ 15.924186426430378, 45.572423330014828 ] ] ] } },
{ "type": "Feature", "properties": { "BM": 26, "data": { "Oznaka Gr/Op/Dr": "grad", "Grad/općina/država": "VELIKA GORICA", "Rbr BM": 27, "Naziv BM": "CEROVSKI VRH", "Lokacija BM": "DRUŠTVENI DOM", "Adresa BM": "CEROVSKI VRH 3 A", "Glasovalo birača": 122, "Glasovalo birača (po listićima)": 122, "Važeći listići": 120, "Nevažeći listići": 2 }, "latitude": 45.5822024, "longitude": 15.9526477, "population": 209 }, "geometry": { "type": "Polygon", "coordinates": [ [ [ 15.923380446688991, 45.573909862647952 ], [ 15.931788207143295, 45.593959056712499 ], [ 15.959218256504382, 45.597488704086039 ], [ 15.962856100034486, 45.595695667366471 ], [ 15.974412812657036, 45.58459681769466 ], [ 15.97542307384367, 45.56761171639495 ], [ 15.956731741010215, 45.551033737513414 ], [ 15.924186426430378, 45.572423330014828 ], [ 15.923380446688991, 45.573909862647952 ] ] ] } },
{ "type": "Feature", "properties": { "BM": 349, "data": { "Oznaka Gr/Op/Dr": "općina", "Grad/općina/država": "POKUPSKO", "Rbr BM": 8, "Naziv BM": "AUGUŠTANOVEC", "Lokacija BM": "SJENICA AUGUŠTANOVEC", "Adresa BM": "PUT SV. ILIJE 53A", "Glasovalo birača": 59, "Glasovalo birača (po listićima)": 59, "Važeći listići": 58, "Nevažeći listići": 1 }, "latitude": 45.4747604, "longitude": 15.9384288, "population": 90 }, "geometry": { "type": "Polygon", "coordinates": [ [ [ 15.944237439484327, 45.50098368563139 ], [ 15.967435821170369, 45.469839385758391 ], [ 15.967793487624119, 45.468117003277762 ], [ 15.956249855242692, 45.436727559047249 ], [ 15.90765590134281, 45.442294635236784 ], [ 15.91249658345585, 45.490550005147469 ], [ 15.944237439484327, 45.50098368563139 ] ] ] } },
{ "type": "Feature", "properties": { "BM": 344, "data": { "Oznaka Gr/Op/Dr": "općina", "Grad/općina/država": "POKUPSKO", "Rbr BM": 3, "Naziv BM": "ŠESTAK BRDO", "Lokacija BM": "POMOĆNI OBJEKT VL. BRANKA ŠESTAK", "Adresa BM": "ŠESTAK BRDO 4", "Glasovalo birača": 66, "Glasovalo birača (po listićima)": 66, "Važeći listići": 63, "Nevažeći listići": 3 }, "latitude": 45.5227741, "longitude": 15.9727039, "population": 121 }, "geometry": { "type": "Polygon", "coordinates": [ [ [ 15.947720980619673, 45.528171439333889 ], [ 15.956754080934655, 45.549417772821805 ], [ 15.99344910160749, 45.523466529078853 ], [ 15.984657059250603, 45.510003164137572 ], [ 15.949047537303635, 45.512520712071669 ], [ 15.947720980619673, 45.528171439333889 ] ] ] } },
{ "type": "Feature", "properties": { "BM": 66, "data": { "Oznaka Gr/Op/Dr": "grad", "Grad/općina/država": "VELIKA GORICA", "Rbr BM": 67, "Naziv BM": "VUKOMERIĆ", "Lokacija BM": "DRUŠTVENI DOM", "Adresa BM": "VUKOMERIĆ 17", "Glasovalo birača": 76, "Glasovalo birača (po listićima)": 76, "Važeći listići": 75, "Nevažeći listići": 1 }, "latitude": 45.6106136, "longitude": 15.9489918, "population": 112 }, "geometry": { "type": "Polygon", "coordinates": [ [ [ 15.940072432316912, 45.615966028143774 ], [ 15.957189476423077, 45.624134268906268 ], [ 15.959218256504382, 45.597488704086039 ], [ 15.931788207143295, 45.593959056712499 ], [ 15.929233778664003, 45.604213852688467 ], [ 15.940072432316912, 45.615966028143774 ] ] ] } },
{ "type": "Feature", "properties": { "BM": 24, "data": { "Oznaka Gr/Op/Dr": "grad", "Grad/općina/država": "VELIKA GORICA", "Rbr BM": 25, "Naziv BM": "BUKOVČAK", "Lokacija BM": "DRUŠTVENI DOM", "Adresa BM": "BUKOVČAK 18", "Glasovalo birača": 33, "Glasovalo birača (po listićima)": 33, "Važeći listići": 30, "Nevažeći listići": 3 }, "latitude": 45.6262666, "longitude": 15.9415222, "population": 47 }, "geometry": { "type": "Polygon", "coordinates": [ [ [ 15.935816622395073, 45.647011309971994 ], [ 15.95513166250386, 45.652930431378927 ], [ 15.965573655003624, 45.639317948094202 ], [ 15.957189476423077, 45.624134268906268 ], [ 15.940072432316912, 45.615966028143774 ], [ 15.934204893206902, 45.63986578079858 ], [ 15.935816622395073, 45.647011309971994 ] ] ] } },
{ "type": "Feature", "properties": { "BM": 35, "data": { "Oznaka Gr/Op/Dr": "grad", "Grad/općina/država": "VELIKA GORICA", "Rbr BM": 36, "Naziv BM": "GUDCI", "Lokacija BM": "DRUŠTVENI DOM", "Adresa BM": "GUDCI 52 A", "Glasovalo birača": 234, "Glasovalo birača (po listićima)": 234, "Važeći listići": 222, "Nevažeći listići": 12 }, "latitude": 45.6591663, "longitude": 15.9844112, "population": 364 }, "geometry": { "type": "Polygon", "coordinates": [ [ [ 15.95513166250386, 45.652930431378927 ], [ 15.959898197082673, 45.685090369884598 ], [ 15.971540319387403, 45.693739641643489 ], [ 16.001347067406698, 45.684843998336248 ], [ 16.015817935359429, 45.664633754547268 ], [ 15.997565629171282, 45.637678778285064 ], [ 15.986732907307854, 45.631747172906714 ], [ 15.986288409696126, 45.631818707605078 ], [ 15.965573655003624, 45.639317948094202 ], [ 15.95513166250386, 45.652930431378927 ] ] ] } },
{ "type": "Feature", "properties": { "BM": 347, "data": { "Oznaka Gr/Op/Dr": "općina", "Grad/općina/država": "POKUPSKO", "Rbr BM": 6, "Naziv BM": "POKUPSKO CERJE", "Lokacija BM": "POMOĆNI OBJEKT VL. ZDRAVKO SUČEC", "Adresa BM": "CERJE POKUPSKO 29", "Glasovalo birača": 39, "Glasovalo birača (po listićima)": 39, "Važeći listići": 38, "Nevažeći listići": 1 }, "latitude": 45.499041, "longitude": 15.971026, "population": 61 }, "geometry": { "type": "Polygon", "coordinates": [ [ [ 15.949047537303635, 45.512520712071669 ], [ 15.984657059250603, 45.510003164137572 ], [ 15.986342907023513, 45.500145206338317 ], [ 15.967435821170369, 45.469839385758391 ], [ 15.944237439484327, 45.50098368563139 ], [ 15.949047537303635, 45.512520712071669 ] ] ] } },
{ "type": "Feature", "properties": { "BM": 346, "data": { "Oznaka Gr/Op/Dr": "općina", "Grad/općina/država": "POKUPSKO", "Rbr BM": 5, "Naziv BM": "POKUPSKO", "Lokacija BM": "ZGRADA OPĆINE POKUPSKO", "Adresa BM": "TRG PAVLA ŠTOOSA 15", "Glasovalo birača": 143, "Glasovalo birača (po listićima)": 143, "Važeći listići": 143, "Nevažeći listići": 0 }, "latitude": 45.4859026, "longitude": 15.9920853, "population": 221 }, "geometry": { "type": "Polygon", "coordinates": [ [ [ 15.967435821170369, 45.469839385758391 ], [ 15.986342907023513, 45.500145206338317 ], [ 16.009771652277902, 45.488526323482567 ], [ 16.00442744513348, 45.470863676070948 ], [ 15.967793487624119, 45.468117003277762 ], [ 15.967435821170369, 45.469839385758391 ] ] ] } },
{ "type": "Feature", "properties": { "BM": 31, "data": { "Oznaka Gr/Op/Dr": "grad", "Grad/općina/država": "VELIKA GORICA", "Rbr BM": 32, "Naziv BM": "DUBRANEC", "Lokacija BM": "DRUŠTVENI DOM", "Adresa BM": "DUBRANEC 13", "Glasovalo birača": 199, "Glasovalo birača (po listićima)": 199, "Važeći listići": 193, "Nevažeći listići": 6 }, "latitude": 45.6120106, "longitude": 15.9673397, "population": 312 }, "geometry": { "type": "Polygon", "coordinates": [ [ [ 15.965573655003624, 45.639317948094202 ], [ 15.986288409696126, 45.631818707605078 ], [ 15.962856100034486, 45.595695667366471 ], [ 15.959218256504382, 45.597488704086039 ], [ 15.957189476423077, 45.624134268906268 ], [ 15.965573655003624, 45.639317948094202 ] ] ] } },
{ "type": "Feature", "properties": { "BM": 350, "data": { "Oznaka Gr/Op/Dr": "općina", "Grad/općina/država": "POKUPSKO", "Rbr BM": 9, "Naziv BM": "OPATIJA", "Lokacija BM": "DOM KULTURE OPATIJA", "Adresa BM": "OPATIJA, ŠTIMCI 4", "Glasovalo birača": 230, "Glasovalo birača (po listićima)": 230, "Važeći listići": 224, "Nevažeći listići": 6 }, "latitude": 45.543257, "longitude": 15.9871897, "population": 369 }, "geometry": { "type": "Polygon", "coordinates": [ [ [ 15.956731741010215, 45.551033737513414 ], [ 15.97542307384367, 45.56761171639495 ], [ 15.99938960708449, 45.562351024762336 ], [ 16.008562400516009, 45.550180298166559 ], [ 16.018508111406362, 45.532426068243666 ], [ 15.99344910160749, 45.523466529078853 ], [ 15.956754080934655, 45.549417772821805 ], [ 15.956731741010215, 45.551033737513414 ] ] ] } },
{ "type": "Feature", "properties": { "BM": 345, "data": { "Oznaka Gr/Op/Dr": "općina", "Grad/općina/država": "POKUPSKO", "Rbr BM": 4, "Naziv BM": "POKUPSKI GLADOVEC", "Lokacija BM": "POMOĆNI OBJEKT VL. MARIJA MEDVED", "Adresa BM": "GLADOVEC POKUPSKI, GLADOVEC 21", "Glasovalo birača": 85, "Glasovalo birača (po listićima)": 85, "Važeći listići": 84, "Nevažeći listići": 1 }, "latitude": 45.5041937, "longitude": 16.0011563, "population": 139 }, "geometry": { "type": "Polygon", "coordinates": [ [ [ 15.984657059250603, 45.510003164137572 ], [ 15.99344910160749, 45.523466529078853 ], [ 16.018508111406362, 45.532426068243666 ], [ 16.02372834484045, 45.530317802618434 ], [ 16.026585167768445, 45.501828504351863 ], [ 16.009771652277902, 45.488526323482567 ], [ 15.986342907023513, 45.500145206338317 ], [ 15.984657059250603, 45.510003164137572 ] ] ] } },
{ "type": "Feature", "properties": { "BM": 36, "data": { "Oznaka Gr/Op/Dr": "grad", "Grad/općina/država": "VELIKA GORICA", "Rbr BM": 37, "Naziv BM": "GUSTELNICA", "Lokacija BM": "DRUŠTVENI DOM", "Adresa BM": "GUSTELNICA 14 A", "Glasovalo birača": 48, "Glasovalo birača (po listićima)": 48, "Važeći listići": 47, "Nevažeći listići": 1 }, "latitude": 45.6064409, "longitude": 15.9759259, "population": 82 }, "geometry": { "type": "Polygon", "coordinates": [ [ [ 15.962856100034486, 45.595695667366471 ], [ 15.986288409696126, 45.631818707605078 ], [ 15.986732907307854, 45.631747172906714 ], [ 15.994219857827803, 45.603251405039806 ], [ 15.974412812657036, 45.58459681769466 ], [ 15.962856100034486, 45.595695667366471 ] ] ] } },
{ "type": "Feature", "properties": { "BM": 318, "data": { "Oznaka Gr/Op/Dr": "općina", "Grad/općina/država": "KRAVARSKO", "Rbr BM": 2, "Naziv BM": "ČAKANEC", "Lokacija BM": "KUĆA-SLAVEK PEJAK", "Adresa BM": "ČAKANEC 32", "Glasovalo birača": 24, "Glasovalo birača (po listićima)": 24, "Važeći listići": 23, "Nevažeći listići": 1 }, "latitude": 45.5847993, "longitude": 15.9963083, "population": 37 }, "geometry": { "type": "Polygon", "coordinates": [ [ [ 15.974412812657036, 45.58459681769466 ], [ 15.994219857827803, 45.603251405039806 ], [ 16.019207239427171, 45.593102420595677 ], [ 15.99938960708449, 45.562351024762336 ], [ 15.97542307384367, 45.56761171639495 ], [ 15.974412812657036, 45.58459681769466 ] ] ] } },
{ "type": "Feature", "properties": { "BM": 32, "data": { "Oznaka Gr/Op/Dr": "grad", "Grad/općina/država": "VELIKA GORICA", "Rbr BM": 33, "Naziv BM": "GORNJA LOMNICA", "Lokacija BM": "PROSTORIJE NK", "Adresa BM": "GORNJA LOMNICA BB", "Glasovalo birača": 336, "Glasovalo birača (po listićima)": 336, "Važeći listići": 326, "Nevažeći listići": 10 }, "latitude": 45.7156037, "longitude": 16.0012546, "population": 459 }, "geometry": { "type": "Polygon", "coordinates": [ [ [ 15.971572301798586, 45.698032497673076 ], [ 15.985302800253558, 45.719060589485579 ], [ 15.999265423935292, 45.723921637550376 ], [ 16.01246554444997, 45.721661380272536 ], [ 16.004410488815065, 45.688820918449032 ], [ 16.001347067406698, 45.684843998336248 ], [ 15.971540319387403, 45.693739641643489 ], [ 15.971572301798586, 45.698032497673076 ] ] ] } },
{ "type": "Feature", "properties": { "BM": 40, "data": { "Oznaka Gr/Op/Dr": "grad", "Grad/općina/država": "VELIKA GORICA", "Rbr BM": 41, "Naziv BM": "KOZJAČA", "Lokacija BM": "DRUŠTVENI DOM", "Adresa BM": "KOZJAČA, ŠKOLSKA CESTA 6", "Glasovalo birača": 178, "Glasovalo birača (po listićima)": 178, "Važeći listići": 170, "Nevažeći listići": 8 }, "latitude": 45.6150213, "longitude": 16.0085834, "population": 271 }, "geometry": { "type": "Polygon", "coordinates": [ [ [ 15.986732907307854, 45.631747172906714 ], [ 15.997565629171282, 45.637678778285064 ], [ 16.025164538360482, 45.616976112912049 ], [ 16.02768766861784, 45.60027584182599 ], [ 16.023057332322221, 45.594145912049832 ], [ 16.019207239427171, 45.593102420595677 ], [ 15.994219857827803, 45.603251405039806 ], [ 15.986732907307854, 45.631747172906714 ] ] ] } },
{ "type": "Feature", "properties": { "BM": 319, "data": { "Oznaka Gr/Op/Dr": "općina", "Grad/općina/država": "KRAVARSKO", "Rbr BM": 3, "Naziv BM": "DONJI HRUŠEVEC", "Lokacija BM": "OPĆINSKI DOM", "Adresa BM": "DONJI HRUŠEVEC 13", "Glasovalo birača": 144, "Glasovalo birača (po listićima)": 144, "Važeći listići": 140, "Nevažeći listići": 4 }, "latitude": 45.5688187, "longitude": 16.0211057, "population": 243 }, "geometry": { "type": "Polygon", "coordinates": [ [ [ 15.99938960708449, 45.562351024762336 ], [ 16.019207239427171, 45.593102420595677 ], [ 16.023057332322221, 45.594145912049832 ], [ 16.03353948873265, 45.57822651027039 ], [ 16.008562400516009, 45.550180298166559 ], [ 15.99938960708449, 45.562351024762336 ] ] ] } },
{ "type": "Feature", "properties": { "BM": 29, "data": { "Oznaka Gr/Op/Dr": "grad", "Grad/općina/država": "VELIKA GORICA", "Rbr BM": 30, "Naziv BM": "DONJA LOMNICA", "Lokacija BM": "VATROGASNI DOM", "Adresa BM": "DONJA LOMNICA, ŠKOLSKA 20 A", "Glasovalo birača": 978, "Glasovalo birača (po listićima)": 977, "Važeći listići": 965, "Nevažeći listići": 12 }, "latitude": 45.7111037, "longitude": 16.0196011, "population": 1427 }, "geometry": { "type": "Polygon", "coordinates": [ [ [ 16.004410488815065, 45.688820918449032 ], [ 16.01246554444997, 45.721661380272536 ], [ 16.01619438799063, 45.72458707623445 ], [ 16.019456058980161, 45.72509477281038 ], [ 16.023144750751943, 45.724410896954517 ], [ 16.032244560484074, 45.720553363400484 ], [ 16.005770152077297, 45.689666946662044 ], [ 16.004410488815065, 45.688820918449032 ] ] ] } },
{ "type": "Feature", "properties": { "BM": 51, "data": { "Oznaka Gr/Op/Dr": "grad", "Grad/općina/država": "VELIKA GORICA", "Rbr BM": 52, "Naziv BM": "PETROVINA", "Lokacija BM": "DRUŠTVENI DOM", "Adresa BM": "PETROVINA, PETROVINSKA ULICA 34 A", "Glasovalo birača": 436, "Glasovalo birača (po listićima)": 436, "Važeći listići": 426, "Nevažeći listići": 10 }, "latitude": 45.6926047, "longitude": 16.0311118, "population": 653 }, "geometry": { "type": "Polygon", "coordinates": [ [ [ 16.005770152077297, 45.689666946662044 ], [ 16.030364400517946, 45.70067859969938 ], [ 16.054296623150091, 45.687107435887249 ], [ 16.045639649746136, 45.669721046312574 ], [ 16.030738559634457, 45.662436954155936 ], [ 16.015817935359429, 45.664633754547268 ], [ 16.001347067406698, 45.684843998336248 ], [ 16.004410488815065, 45.688820918449032 ], [ 16.005770152077297, 45.689666946662044 ] ] ] } },
{ "type": "Feature", "properties": { "BM": 59, "data": { "Oznaka Gr/Op/Dr": "grad", "Grad/općina/država": "VELIKA GORICA", "Rbr BM": 60, "Naziv BM": "ŠILJAKOVINA", "Lokacija BM": "VATROGASNI DOM-NOVI", "Adresa BM": "ŠILJAKOVINA, I. ŠABANA 2 C", "Glasovalo birača": 331, "Glasovalo birača (po listićima)": 331, "Važeći listići": 322, "Nevažeći listići": 9 }, "latitude": 45.6334418, "longitude": 16.0224011, "population": 576 }, "geometry": { "type": "Polygon", "coordinates": [ [ [ 16.015817935359429, 45.664633754547268 ], [ 16.030738559634457, 45.662436954155936 ], [ 16.039191300577464, 45.637003307425267 ], [ 16.025164538360482, 45.616976112912049 ], [ 15.997565629171282, 45.637678778285064 ], [ 16.015817935359429, 45.664633754547268 ] ] ] } },
{ "type": "Feature", "properties": { "BM": 321, "data": { "Oznaka Gr/Op/Dr": "općina", "Grad/općina/država": "KRAVARSKO", "Rbr BM": 5, "Naziv BM": "GORNJI HRUŠEVEC", "Lokacija BM": "EKO-ETNO SPORTSKO REKREACIJSKI CENTAR KRAVARŠĆICA", "Adresa BM": "GORNJI HRUŠEVEC BB", "Glasovalo birača": 112, "Glasovalo birača (po listićima)": 112, "Važeći listići": 108, "Nevažeći listići": 4 }, "latitude": 45.5647903, "longitude": 16.0256291, "population": 211 }, "geometry": { "type": "Polygon", "coordinates": [ [ [ 16.008562400516009, 45.550180298166559 ], [ 16.03353948873265, 45.57822651027039 ], [ 16.0427588943678, 45.568865505128613 ], [ 16.044252913407707, 45.567263030005627 ], [ 16.038844525434566, 45.537226513765127 ], [ 16.02372834484045, 45.530317802618434 ], [ 16.018508111406362, 45.532426068243666 ], [ 16.008562400516009, 45.550180298166559 ] ] ] } },
{ "type": "Feature", "properties": { "BM": 64, "data": { "Oznaka Gr/Op/Dr": "grad", "Grad/općina/država": "VELIKA GORICA", "Rbr BM": 65, "Naziv BM": "VELIKA MLAKA", "Lokacija BM": "OSNOVNA ŠKOLA", "Adresa BM": "VELIKA MLAKA, BRUNE BUŠIĆA 7", "Glasovalo birača": 1179, "Glasovalo birača (po listićima)": 1179, "Važeći listići": 1141, "Nevažeći listići": 38 }, "latitude": 45.738104, "longitude": 16.0246069, "population": 1681 }, "geometry": { "type": "Polygon", "coordinates": [ [ [ 16.02041521871713, 45.749509077192251 ], [ 16.033262031879669, 45.754535631877395 ], [ 16.023144750751943, 45.724410896954517 ], [ 16.019456058980161, 45.72509477281038 ], [ 16.02041521871713, 45.749509077192251 ] ] ] } },
{ "type": "Feature", "properties": { "BM": 343, "data": { "Oznaka Gr/Op/Dr": "općina", "Grad/općina/država": "POKUPSKO", "Rbr BM": 2, "Naziv BM": "HOTNJA", "Lokacija BM": "DOM KULTURE HOTNJA", "Adresa BM": "HOTNJA, GORNJI KOSI 6", "Glasovalo birača": 176, "Glasovalo birača (po listićima)": 176, "Važeći listići": 166, "Nevažeći listići": 10 }, "latitude": 45.5091957, "longitude": 16.0510381, "population": 291 }, "geometry": { "type": "Polygon", "coordinates": [ [ [ 16.038844525434566, 45.537226513765127 ], [ 16.097669030977027, 45.525514568649292 ], [ 16.101382661194997, 45.516819294329466 ], [ 16.096519103165807, 45.494645524551551 ], [ 16.057006148945526, 45.475745233667659 ], [ 16.026585167768445, 45.501828504351863 ], [ 16.02372834484045, 45.530317802618434 ], [ 16.038844525434566, 45.537226513765127 ] ] ] } },
{ "type": "Feature", "properties": { "BM": 63, "data": { "Oznaka Gr/Op/Dr": "grad", "Grad/općina/država": "VELIKA GORICA", "Rbr BM": 64, "Naziv BM": "VELIKA BUNA", "Lokacija BM": "DRUŠTVENI DOM KLJUČIĆ BRDO", "Adresa BM": "KLJUČIĆKA CESTA 80", "Glasovalo birača": 145, "Glasovalo birača (po listićima)": 145, "Važeći listići": 143, "Nevažeći listići": 2 }, "latitude": 45.620007, "longitude": 16.0415831, "population": 225 }, "geometry": { "type": "Polygon", "coordinates": [ [ [ 16.025164538360482, 45.616976112912049 ], [ 16.039191300577464, 45.637003307425267 ], [ 16.054675378984815, 45.628561513447508 ], [ 16.057060612165255, 45.618338549708511 ], [ 16.051939249464329, 45.60419842069409 ], [ 16.02768766861784, 45.60027584182599 ], [ 16.025164538360482, 45.616976112912049 ] ] ] } },
{ "type": "Feature", "properties": { "BM": 44, "data": { "Oznaka Gr/Op/Dr": "grad", "Grad/općina/država": "VELIKA GORICA", "Rbr BM": 45, "Naziv BM": "LUKAVEC", "Lokacija BM": "DRUŠTVENI DOM", "Adresa BM": "LUKAVEC, DOLENSKA 1", "Glasovalo birača": 727, "Glasovalo birača (po listićima)": 727, "Važeći listići": 707, "Nevažeći listići": 20 }, "latitude": 45.7066135, "longitude": 16.0248396, "population": 1101 }, "geometry": { "type": "Polygon", "coordinates": [ [ [ 16.005770152077297, 45.689666946662044 ], [ 16.032244560484074, 45.720553363400484 ], [ 16.034065864690792, 45.720220777789478 ], [ 16.030364400517946, 45.70067859969938 ], [ 16.005770152077297, 45.689666946662044 ] ] ] } },
{ "type": "Feature", "properties": { "BM": 65, "data": { "Oznaka Gr/Op/Dr": "grad", "Grad/općina/država": "VELIKA GORICA", "Rbr BM": 66, "Naziv BM": "VELIKA MLAKA", "Lokacija BM": "VATROGASNI DOM", "Adresa BM": "VELIKA MLAKA, TRG MAJKE HRVATICE 17", "Glasovalo birača": 983, "Glasovalo birača (po listićima)": 982, "Važeći listići": 969, "Nevažeći listići": 13 }, "latitude": 45.7362107, "longitude": 16.0302443, "population": 1429 }, "geometry": { "type": "Polygon", "coordinates": [ [ [ 16.035748376151712, 45.75600498603098 ], [ 16.047677144036314, 45.73696995435089 ], [ 16.040072044316219, 45.721614575560977 ], [ 16.034065864690792, 45.720220777789478 ], [ 16.032244560484074, 45.720553363400484 ], [ 16.023144750751943, 45.724410896954517 ], [ 16.033262031879669, 45.754535631877395 ], [ 16.035748376151712, 45.75600498603098 ] ] ] } },
{ "type": "Feature", "properties": { "BM": 322, "data": { "Oznaka Gr/Op/Dr": "općina", "Grad/općina/država": "KRAVARSKO", "Rbr BM": 6, "Naziv BM": "KRAVARSKO", "Lokacija BM": "OPĆINSKI DOM", "Adresa BM": "TRG STJEPANA RADIĆA 16", "Glasovalo birača": 333, "Glasovalo birača (po listićima)": 333, "Važeći listići": 320, "Nevažeći listići": 13 }, "latitude": 45.5859312, "longitude": 16.0470947, "population": 541 }, "geometry": { "type": "Polygon", "coordinates": [ [ [ 16.02768766861784, 45.60027584182599 ], [ 16.051939249464329, 45.60419842069409 ], [ 16.052594472129371, 45.603566769786703 ], [ 16.0427588943678, 45.568865505128613 ], [ 16.03353948873265, 45.57822651027039 ], [ 16.023057332322221, 45.594145912049832 ], [ 16.02768766861784, 45.60027584182599 ] ] ] } },
{ "type": "Feature", "properties": { "BM": 62, "data": { "Oznaka Gr/Op/Dr": "grad", "Grad/općina/država": "VELIKA GORICA", "Rbr BM": 63, "Naziv BM": "VELIKA BUNA", "Lokacija BM": "DRUŠTVENI DOM MALA BUNA", "Adresa BM": "MALOBUNSKA CESTA 2", "Glasovalo birača": 149, "Glasovalo birača (po listićima)": 149, "Važeći listići": 148, "Nevažeći listići": 1 }, "latitude": 45.6442005, "longitude": 16.0547732, "population": 218 }, "geometry": { "type": "Polygon", "coordinates": [ [ [ 16.030738559634457, 45.662436954155936 ], [ 16.045639649746136, 45.669721046312574 ], [ 16.077827955536954, 45.648954476080796 ], [ 16.054675378984815, 45.628561513447508 ], [ 16.039191300577464, 45.637003307425267 ], [ 16.030738559634457, 45.662436954155936 ] ] ] } },
{ "type": "Feature", "properties": { "BM": 46, "data": { "Oznaka Gr/Op/Dr": "grad", "Grad/općina/država": "VELIKA GORICA", "Rbr BM": 47, "Naziv BM": "MIČEVEC", "Lokacija BM": "DRUŠTVENI DOM", "Adresa BM": "MIČEVEC, TRG KARDINALA A. STEPINCA 7", "Glasovalo birača": 667, "Glasovalo birača (po listićima)": 667, "Važeći listići": 643, "Nevažeći listići": 24 }, "latitude": 45.7523272, "longitude": 16.0559618, "population": 1079 }, "geometry": { "type": "Polygon", "coordinates": [ [ [ 16.037625290992271, 45.76498570816274 ], [ 16.039121082989599, 45.766430072121537 ], [ 16.07103799873703, 45.761658954838381 ], [ 16.072827342126082, 45.747040990431834 ], [ 16.053620348275793, 45.737305616051053 ], [ 16.047677144036314, 45.73696995435089 ], [ 16.035748376151712, 45.75600498603098 ], [ 16.037625290992271, 45.76498570816274 ] ] ] } },
{ "type": "Feature", "properties": { "BM": 34, "data": { "Oznaka Gr/Op/Dr": "grad", "Grad/općina/država": "VELIKA GORICA", "Rbr BM": 35, "Naziv BM": "GRADIĆI", "Lokacija BM": "DRUŠTVENI DOM", "Adresa BM": "GRADIĆI, GRADIĆKA 33", "Glasovalo birača": 1145, "Glasovalo birača (po listićima)": 1143, "Važeći listići": 1120, "Nevažeći listići": 23 }, "latitude": 45.704182, "longitude": 16.0376769, "population": 1649 }, "geometry": { "type": "Polygon", "coordinates": [ [ [ 16.034065864690792, 45.720220777789478 ], [ 16.040072044316219, 45.721614575560977 ], [ 16.051961435595071, 45.708759024726049 ], [ 16.054790509553584, 45.696549156196525 ], [ 16.054550994001687, 45.687383222902426 ], [ 16.054296623150091, 45.687107435887249 ], [ 16.030364400517946, 45.70067859969938 ], [ 16.034065864690792, 45.720220777789478 ] ] ] } },
{ "type": "Feature", "properties": { "BM": 317, "data": { "Oznaka Gr/Op/Dr": "općina", "Grad/općina/država": "KRAVARSKO", "Rbr BM": 1, "Naziv BM": "BARBARIĆ KRAVARSKI", "Lokacija BM": "OPĆINSKI DOM", "Adresa BM": "STARA GORA 69", "Glasovalo birača": 128, "Glasovalo birača (po listićima)": 128, "Važeći listići": 124, "Nevažeći listići": 4 }, "latitude": 45.5856682, "longitude": 16.0480226, "population": 183 }, "geometry": { "type": "Polygon", "coordinates": [ [ [ 16.0427588943678, 45.568865505128613 ], [ 16.052594472129371, 45.603566769786703 ], [ 16.058573886847242, 45.598096316044568 ], [ 16.06680759971993, 45.577887816271989 ], [ 16.044252913407707, 45.567263030005627 ], [ 16.0427588943678, 45.568865505128613 ] ] ] } },
{ "type": "Feature", "properties": { "BM": 324, "data": { "Oznaka Gr/Op/Dr": "općina", "Grad/općina/država": "KRAVARSKO", "Rbr BM": 8, "Naziv BM": "PODVORNICA", "Lokacija BM": "OPĆINSKI DOM", "Adresa BM": "PODVORNIČKI VIJENAC 47", "Glasovalo birača": 90, "Glasovalo birača (po listićima)": 90, "Važeći listići": 88, "Nevažeći listići": 2 }, "latitude": 45.6097087, "longitude": 16.0700168, "population": 133 }, "geometry": { "type": "Polygon", "coordinates": [ [ [ 16.051939249464329, 45.60419842069409 ], [ 16.057060612165255, 45.618338549708511 ], [ 16.092311248491981, 45.617954803767681 ], [ 16.089881592270451, 45.609518508272089 ], [ 16.058573886847242, 45.598096316044568 ], [ 16.052594472129371, 45.603566769786703 ], [ 16.051939249464329, 45.60419842069409 ] ] ] } },
{ "type": "Feature", "properties": { "BM": 19, "data": { "Oznaka Gr/Op/Dr": "grad", "Grad/općina/država": "VELIKA GORICA", "Rbr BM": 20, "Naziv BM": "KURILOVEC", "Lokacija BM": "VATROGASNI DOM", "Adresa BM": "VELIKA GORICA, HORVATOVA 57", "Glasovalo birača": 1096, "Glasovalo birača (po listićima)": 1096, "Važeći listići": 1065, "Nevažeći listići": 31 }, "latitude": 45.7032778, "longitude": 16.0722794, "population": 1579 }, "geometry": { "type": "Polygon", "coordinates": [ [ [ 16.054790509553584, 45.696549156196525 ], [ 16.065894965857364, 45.704495047710218 ], [ 16.07243349480537, 45.707912331413326 ], [ 16.09664408629828, 45.699841560164195 ], [ 16.09666380695073, 45.698627628628998 ], [ 16.095017855856607, 45.691168121194501 ], [ 16.089755490010013, 45.687806120970471 ], [ 16.054550994001687, 45.687383222902426 ], [ 16.054790509553584, 45.696549156196525 ] ] ] } },
{ "type": "Feature", "properties": { "BM": 320, "data": { "Oznaka Gr/Op/Dr": "općina", "Grad/općina/država": "KRAVARSKO", "Rbr BM": 4, "Naziv BM": "GLADOVEC KRAVARSKI", "Lokacija BM": "OPĆINSKI DOM", "Adresa BM": "GLADOVEC KRAVARSKI, DONJOHRUŠEVEČKA CESTA 53", "Glasovalo birača": 70, "Glasovalo birača (po listićima)": 70, "Važeći listići": 69, "Nevažeći listići": 1 }, "latitude": 45.5584494, "longitude": 16.0608445, "population": 119 }, "geometry": { "type": "Polygon", "coordinates": [ [ [ 16.044252913407707, 45.567263030005627 ], [ 16.06680759971993, 45.577887816271989 ], [ 16.093148851255336, 45.568243000681541 ], [ 16.101940507885214, 45.55830641197312 ], [ 16.097669030977027, 45.525514568649292 ], [ 16.038844525434566, 45.537226513765127 ], [ 16.044252913407707, 45.567263030005627 ] ] ] } },
{ "type": "Feature", "properties": { "BM": 7, "data": { "Oznaka Gr/Op/Dr": "grad", "Grad/općina/država": "VELIKA GORICA", "Rbr BM": 8, "Naziv BM": "MILJENKO GRANIĆ", "Lokacija BM": "PROSTORIJE GRADSKE ČETVRTI", "Adresa BM": "VELIKA GORICA, VINKOVAČKA 2", "Glasovalo birača": 1068, "Glasovalo birača (po listićima)": 1067, "Važeći listići": 1030, "Nevažeći listići": 37 }, "latitude": 45.7226432, "longitude": 16.0576383, "population": 1492 }, "geometry": { "type": "Polygon", "coordinates": [ [ [ 16.047677144036314, 45.73696995435089 ], [ 16.053620348275793, 45.737305616051053 ], [ 16.064776151588148, 45.723515070336362 ], [ 16.064025748116322, 45.721434936270796 ], [ 16.059401231154954, 45.714641390758331 ], [ 16.05859916466601, 45.713953030014004 ], [ 16.051961435595071, 45.708759024726049 ], [ 16.040072044316219, 45.721614575560977 ], [ 16.047677144036314, 45.73696995435089 ] ] ] } },
{ "type": "Feature", "properties": { "BM": 3, "data": { "Oznaka Gr/Op/Dr": "grad", "Grad/općina/država": "VELIKA GORICA", "Rbr BM": 4, "Naziv BM": "BRAĆA RADIĆ", "Lokacija BM": "DJEČJI VRTIĆ CICIBAN", "Adresa BM": "VEL.GORICA, V. VIDRIĆA 2", "Glasovalo birača": 717, "Glasovalo birača (po listićima)": 717, "Važeći listići": 700, "Nevažeći listići": 17 }, "latitude": 45.7109307, "longitude": 16.0668033, "population": 1017 }, "geometry": { "type": "Polygon", "coordinates": [ [ [ 16.054790509553584, 45.696549156196525 ], [ 16.051961435595071, 45.708759024726049 ], [ 16.05859916466601, 45.713953030014004 ], [ 16.067774216204896, 45.71103739982194 ], [ 16.065894965857364, 45.704495047710218 ], [ 16.054790509553584, 45.696549156196525 ] ] ] } },
{ "type": "Feature", "properties": { "BM": 21, "data": { "Oznaka Gr/Op/Dr": "grad", "Grad/općina/država": "VELIKA GORICA", "Rbr BM": 22, "Naziv BM": "PLESO", "Lokacija BM": "DRUŠTVENI DOM", "Adresa BM": "VELIKA GORICA, Š. BREŠČENSKOG 18", "Glasovalo birača": 822, "Glasovalo birača (po listićima)": 819, "Važeći listići": 807, "Nevažeći listići": 12 }, "latitude": 45.7303133, "longitude": 16.0671199, "population": 1159 }, "geometry": { "type": "Polygon", "coordinates": [ [ [ 16.053620348275793, 45.737305616051053 ], [ 16.072827342126082, 45.747040990431834 ], [ 16.079800015182965, 45.741446887276545 ], [ 16.076502879980989, 45.728592675755067 ], [ 16.071013205412505, 45.724860168771343 ], [ 16.064776151588148, 45.723515070336362 ], [ 16.053620348275793, 45.737305616051053 ] ] ] } },
{ "type": "Feature", "properties": { "BM": 1, "data": { "Oznaka Gr/Op/Dr": "grad", "Grad/općina/država": "VELIKA GORICA", "Rbr BM": 2, "Naziv BM": "BRAĆA RADIĆ", "Lokacija BM": "DOM KULTURE GALŽENICA-KINO DVORANA", "Adresa BM": "VEL.GORICA, TRG S. RADIĆA 5", "Glasovalo birača": 501, "Glasovalo birača (po listićima)": 501, "Važeći listići": 494, "Nevažeći listići": 7 }, "latitude": 45.711685, "longitude": 16.067043, "population": 710 }, "geometry": { "type": "Polygon", "coordinates": [ [ [ 16.059401231154954, 45.714641390758331 ], [ 16.069035474070429, 45.713623454399482 ], [ 16.067874145639554, 45.711156800068004 ], [ 16.067774216204896, 45.71103739982194 ], [ 16.05859916466601, 45.713953030014004 ], [ 16.059401231154954, 45.714641390758331 ] ] ] } },
{ "type": "Feature", "properties": { "BM": 50, "data": { "Oznaka Gr/Op/Dr": "grad", "Grad/općina/država": "VELIKA GORICA", "Rbr BM": 51, "Naziv BM": "OKUJE", "Lokacija BM": "PROSTORIJE MJESNOG ODBORA", "Adresa BM": "OKUJE BB", "Glasovalo birača": 260, "Glasovalo birača (po listićima)": 260, "Važeći listići": 252, "Nevažeći listići": 8 }, "latitude": 45.6719191, "longitude": 16.0726561, "population": 365 }, "geometry": { "type": "Polygon", "coordinates": [ [ [ 16.054296623150091, 45.687107435887249 ], [ 16.054550994001687, 45.687383222902426 ], [ 16.089755490010013, 45.687806120970471 ], [ 16.079165726869039, 45.64888188684121 ], [ 16.077827955536954, 45.648954476080796 ], [ 16.045639649746136, 45.669721046312574 ], [ 16.054296623150091, 45.687107435887249 ] ] ] } },
{ "type": "Feature", "properties": { "BM": 61, "data": { "Oznaka Gr/Op/Dr": "grad", "Grad/općina/država": "VELIKA GORICA", "Rbr BM": 62, "Naziv BM": "VELIKA BUNA", "Lokacija BM": "DRUŠTVENI DOM", "Adresa BM": "VELIKA BUNA, TUROPOLJSKO POSAVSKOG ODREDA  107", "Glasovalo birača": 509, "Glasovalo birača (po listićima)": 509, "Važeći listići": 503, "Nevažeći listići": 6 }, "latitude": 45.6266843, "longitude": 16.0702016, "population": 773 }, "geometry": { "type": "Polygon", "coordinates": [ [ [ 16.079165726869039, 45.64888188684121 ], [ 16.09142772017017, 45.640578588691234 ], [ 16.094592223304261, 45.620983059368918 ], [ 16.092311248491981, 45.617954803767681 ], [ 16.057060612165255, 45.618338549708511 ], [ 16.054675378984815, 45.628561513447508 ], [ 16.077827955536954, 45.648954476080796 ], [ 16.079165726869039, 45.64888188684121 ] ] ] } },
{ "type": "Feature", "properties": { "BM": 325, "data": { "Oznaka Gr/Op/Dr": "općina", "Grad/općina/država": "KRAVARSKO", "Rbr BM": 9, "Naziv BM": "PUSTIKE", "Lokacija BM": "OPĆINSKI OBJEKT (BIVŠI VOJNI OBJEKT)", "Adresa BM": "BARBARIČKA CESTA 85", "Glasovalo birača": 66, "Glasovalo birača (po listićima)": 66, "Važeći listići": 65, "Nevažeći listići": 1 }, "latitude": 45.5965809, "longitude": 16.0748063, "population": 104 }, "geometry": { "type": "Polygon", "coordinates": [ [ [ 16.058573886847242, 45.598096316044568 ], [ 16.089881592270451, 45.609518508272089 ], [ 16.093148851255336, 45.568243000681541 ], [ 16.06680759971993, 45.577887816271989 ], [ 16.058573886847242, 45.598096316044568 ] ] ] } },
{ "type": "Feature", "properties": { "BM": 2, "data": { "Oznaka Gr/Op/Dr": "grad", "Grad/općina/država": "VELIKA GORICA", "Rbr BM": 3, "Naziv BM": "BRAĆA RADIĆ", "Lokacija BM": "DJEČJI VRTIĆ CICIBAN", "Adresa BM": "VEL.GORICA, S. KOLARA 39", "Glasovalo birača": 593, "Glasovalo birača (po listićima)": 593, "Važeći listići": 581, "Nevažeći listići": 12 }, "latitude": 45.7104317, "longitude": 16.0685405, "population": 873 }, "geometry": { "type": "Polygon", "coordinates": [ [ [ 16.067774216204896, 45.71103739982194 ], [ 16.067874145639554, 45.711156800068004 ], [ 16.072362590209281, 45.708275026749213 ], [ 16.07243349480537, 45.707912331413326 ], [ 16.065894965857364, 45.704495047710218 ], [ 16.067774216204896, 45.71103739982194 ] ] ] } },
{ "type": "Feature", "properties": { "BM": 39, "data": { "Oznaka Gr/Op/Dr": "grad", "Grad/općina/država": "VELIKA GORICA", "Rbr BM": 40, "Naziv BM": "KOSNICA", "Lokacija BM": "DRUŠTVENI DOM", "Adresa BM": "PETINA 32", "Glasovalo birača": 433, "Glasovalo birača (po listićima)": 433, "Važeći listići": 421, "Nevažeći listići": 12 }, "latitude": 45.7562391, "longitude": 16.0879199, "population": 804 }, "geometry": { "type": "Polygon", "coordinates": [ [ [ 16.072827342126082, 45.747040990431834 ], [ 16.07103799873703, 45.761658954838381 ], [ 16.078623113858683, 45.773215147214707 ], [ 16.084781485165955, 45.779624299073248 ], [ 16.093693605566852, 45.780888847933312 ], [ 16.101155993745216, 45.767327007694043 ], [ 16.088932727654413, 45.743500132180493 ], [ 16.086689932949255, 45.740915487989824 ], [ 16.079800015182965, 45.741446887276545 ], [ 16.072827342126082, 45.747040990431834 ] ] ] } },
{ "type": "Feature", "properties": { "BM": 17, "data": { "Oznaka Gr/Op/Dr": "grad", "Grad/općina/država": "VELIKA GORICA", "Rbr BM": 18, "Naziv BM": "VLADIMIR NAZOR", "Lokacija BM": "OSNOVNA ŠKOLA \"EUGEN KUMIČIĆ\"", "Adresa BM": "VELIKA GORICA, J. PUCEKOVIĆA 4", "Glasovalo birača": 466, "Glasovalo birača (po listićima)": 466, "Važeći listići": 458, "Nevažeći listići": 8 }, "latitude": 45.7159355, "longitude": 16.0674921, "population": 702 }, "geometry": { "type": "Polygon", "coordinates": [ [ [ 16.059401231154954, 45.714641390758331 ], [ 16.064025748116322, 45.721434936270796 ], [ 16.070590804494145, 45.715233364473846 ], [ 16.069705816810547, 45.71379737054243 ], [ 16.069035474070429, 45.713623454399482 ], [ 16.059401231154954, 45.714641390758331 ] ] ] } },
{ "type": "Feature", "properties": { "BM": 16, "data": { "Oznaka Gr/Op/Dr": "grad", "Grad/općina/država": "VELIKA GORICA", "Rbr BM": 17, "Naziv BM": "VLADIMIR NAZOR", "Lokacija BM": "ELEKTRA", "Adresa BM": "VELIKA GORICA, S. KOLARA 17", "Glasovalo birača": 352, "Glasovalo birača (po listićima)": 352, "Važeći listići": 345, "Nevažeći listići": 7 }, "latitude": 45.7108527, "longitude": 16.0688108, "population": 536 }, "geometry": { "type": "Polygon", "coordinates": [ [ [ 16.069035474070429, 45.713623454399482 ], [ 16.069705816810547, 45.71379737054243 ], [ 16.07230889002242, 45.708667364212644 ], [ 16.072362590209281, 45.708275026749213 ], [ 16.067874145639554, 45.711156800068004 ], [ 16.069035474070429, 45.713623454399482 ] ] ] } },
{ "type": "Feature", "properties": { "BM": 4, "data": { "Oznaka Gr/Op/Dr": "grad", "Grad/općina/država": "VELIKA GORICA", "Rbr BM": 5, "Naziv BM": "HRVATSKI VELIKANI", "Lokacija BM": "CVJETNO NASELJE - SKLONIŠTE", "Adresa BM": "VEL.GORICA, CVJETNO NASELJE 18 A", "Glasovalo birača": 931, "Glasovalo birača (po listićima)": 931, "Važeći listići": 917, "Nevažeći listići": 14 }, "latitude": 45.7182871, "longitude": 16.0697135, "population": 1342 }, "geometry": { "type": "Polygon", "coordinates": [ [ [ 16.064776151588148, 45.723515070336362 ], [ 16.071013205412505, 45.724860168771343 ], [ 16.072580196432266, 45.716690079733326 ], [ 16.071922508496705, 45.715934092018543 ], [ 16.070590804494145, 45.715233364473846 ], [ 16.064025748116322, 45.721434936270796 ], [ 16.064776151588148, 45.723515070336362 ] ] ] } },
{ "type": "Feature", "properties": { "BM": 13, "data": { "Oznaka Gr/Op/Dr": "grad", "Grad/općina/država": "VELIKA GORICA", "Rbr BM": 14, "Naziv BM": "STARI GRAD", "Lokacija BM": "OSNOVNA ŠKOLA \"JURJA HABDELIĆA\"", "Adresa BM": "VELIKA GORICA, ŠKOLSKA ULICA 1", "Glasovalo birača": 1045, "Glasovalo birača (po listićima)": 1045, "Važeći listići": 1019, "Nevažeći listići": 26 }, "latitude": 45.7117123, "longitude": 16.0750911, "population": 1396 }, "geometry": { "type": "Polygon", "coordinates": [ [ [ 16.07230889002242, 45.708667364212644 ], [ 16.07405414438848, 45.71271822927357 ], [ 16.075142197980604, 45.712963764103336 ], [ 16.088974031107149, 45.712122755008885 ], [ 16.097607152220579, 45.705610356406538 ], [ 16.09664408629828, 45.699841560164195 ], [ 16.07243349480537, 45.707912331413326 ], [ 16.072362590209281, 45.708275026749213 ], [ 16.07230889002242, 45.708667364212644 ] ] ] } },
{ "type": "Feature", "properties": { "BM": 67, "data": { "Oznaka Gr/Op/Dr": "grad", "Grad/općina/država": "VELIKA GORICA", "Rbr BM": 68, "Naziv BM": "VUKOVINA", "Lokacija BM": "NK \"BAN JELAČIĆ\"", "Adresa BM": "VUKOVINA, ŠKOLSKA ULICA 8A", "Glasovalo birača": 580, "Glasovalo birača (po listićima)": 580, "Važeći listići": 549, "Nevažeći listići": 31 }, "latitude": 45.7127809, "longitude": 16.0726108, "population": 894 }, "geometry": { "type": "Polygon", "coordinates": [ [ [ 16.070590804494145, 45.715233364473846 ], [ 16.071922508496705, 45.715934092018543 ], [ 16.07405414438848, 45.71271822927357 ], [ 16.07230889002242, 45.708667364212644 ], [ 16.069705816810547, 45.71379737054243 ], [ 16.070590804494145, 45.715233364473846 ] ] ] } },
{ "type": "Feature", "properties": { "BM": 45, "data": { "Oznaka Gr/Op/Dr": "grad", "Grad/općina/država": "VELIKA GORICA", "Rbr BM": 46, "Naziv BM": "MARKUŠEVEC", "Lokacija BM": "DRUŠTVENI DOM", "Adresa BM": "MARKUŠEVEC 12 A", "Glasovalo birača": 209, "Glasovalo birača (po listićima)": 209, "Važeći listići": 203, "Nevažeći listići": 6 }, "latitude": 45.714072, "longitude": 16.0745586, "population": 326 }, "geometry": { "type": "Polygon", "coordinates": [ [ [ 16.072580196432266, 45.716690079733326 ], [ 16.074385703790114, 45.716657203998857 ], [ 16.075142197980604, 45.712963764103336 ], [ 16.07405414438848, 45.71271822927357 ], [ 16.071922508496705, 45.715934092018543 ], [ 16.072580196432266, 45.716690079733326 ] ] ] } },
{ "type": "Feature", "properties": { "BM": 5, "data": { "Oznaka Gr/Op/Dr": "grad", "Grad/općina/država": "VELIKA GORICA", "Rbr BM": 6, "Naziv BM": "HRVATSKI VELIKANI", "Lokacija BM": "GIMNAZIJA VELIKA GORICA", "Adresa BM": "VEL.GORICA, KRALJA TOMAŠEVIĆA 21", "Glasovalo birača": 880, "Glasovalo birača (po listićima)": 879, "Važeći listići": 860, "Nevažeći listići": 19 }, "latitude": 45.7192344, "longitude": 16.0746526, "population": 1259 }, "geometry": { "type": "Polygon", "coordinates": [ [ [ 16.076502879980989, 45.728592675755067 ], [ 16.082873097486591, 45.717655134383506 ], [ 16.074385703790114, 45.716657203998857 ], [ 16.072580196432266, 45.716690079733326 ], [ 16.071013205412505, 45.724860168771343 ], [ 16.076502879980989, 45.728592675755067 ] ] ] } },
{ "type": "Feature", "properties": { "BM": 47, "data": { "Oznaka Gr/Op/Dr": "grad", "Grad/općina/država": "VELIKA GORICA", "Rbr BM": 48, "Naziv BM": "MRACLIN", "Lokacija BM": "VATROGASNI DOM", "Adresa BM": "MRACLIN, BRAĆE RADIĆA 89 A", "Glasovalo birača": 637, "Glasovalo birača (po listićima)": 637, "Važeći listići": 622, "Nevažeći listići": 15 }, "latitude": 45.6654459, "longitude": 16.0964493, "population": 924 }, "geometry": { "type": "Polygon", "coordinates": [ [ [ 16.079165726869039, 45.64888188684121 ], [ 16.089755490010013, 45.687806120970471 ], [ 16.095017855856607, 45.691168121194501 ], [ 16.114761273269789, 45.673496035529922 ], [ 16.119628649858502, 45.663746583631138 ], [ 16.116300841517859, 45.656037408935795 ], [ 16.09142772017017, 45.640578588691234 ], [ 16.079165726869039, 45.64888188684121 ] ] ] } },
{ "type": "Feature", "properties": { "BM": 56, "data": { "Oznaka Gr/Op/Dr": "grad", "Grad/općina/država": "VELIKA GORICA", "Rbr BM": 57, "Naziv BM": "STARO ČIČE", "Lokacija BM": "DRUŠTVENI DOM", "Adresa BM": "STARO ČIČE, J. HABDELIĆA 21", "Glasovalo birača": 415, "Glasovalo birača (po listićima)": 415, "Važeći listići": 402, "Nevažeći listići": 13 }, "latitude": 45.6925847, "longitude": 16.1207409, "population": 607 }, "geometry": { "type": "Polygon", "coordinates": [ [ [ 16.09666380695073, 45.698627628628998 ], [ 16.121203338082253, 45.698321170325272 ], [ 16.130505974829948, 45.692917189813869 ], [ 16.114761273269789, 45.673496035529922 ], [ 16.095017855856607, 45.691168121194501 ], [ 16.09666380695073, 45.698627628628998 ] ] ] } },
{ "type": "Feature", "properties": { "BM": 14, "data": { "Oznaka Gr/Op/Dr": "grad", "Grad/općina/država": "VELIKA GORICA", "Rbr BM": 15, "Naziv BM": "STARI GRAD", "Lokacija BM": "VATROGASNI DOM", "Adresa BM": "VELIKA GORICA, ZAGREBAČKA 3", "Glasovalo birača": 1109, "Glasovalo birača (po listićima)": 1109, "Važeći listići": 1080, "Nevažeći listići": 29 }, "latitude": 45.7142122, "longitude": 16.0752431, "population": 1644 }, "geometry": { "type": "Polygon", "coordinates": [ [ [ 16.082873097486591, 45.717655134383506 ], [ 16.088974031107149, 45.712122755008885 ], [ 16.075142197980604, 45.712963764103336 ], [ 16.074385703790114, 45.716657203998857 ], [ 16.082873097486591, 45.717655134383506 ] ] ] } },
{ "type": "Feature", "properties": { "BM": 22, "data": { "Oznaka Gr/Op/Dr": "grad", "Grad/općina/država": "VELIKA GORICA", "Rbr BM": 23, "Naziv BM": "RAKARJE", "Lokacija BM": "DRUŠTVENI DOM", "Adresa BM": "VELIKA GORICA, RAKARSKA 55", "Glasovalo birača": 666, "Glasovalo birača (po listićima)": 666, "Važeći listići": 641, "Nevažeći listići": 25 }, "latitude": 45.7255845, "longitude": 16.0855556, "population": 943 }, "geometry": { "type": "Polygon", "coordinates": [ [ [ 16.088974031107149, 45.712122755008885 ], [ 16.082873097486591, 45.717655134383506 ], [ 16.076502879980989, 45.728592675755067 ], [ 16.079800015182965, 45.741446887276545 ], [ 16.086689932949255, 45.740915487989824 ], [ 16.089903204841601, 45.738144734242212 ], [ 16.100792228353491, 45.710839899382911 ], [ 16.097607152220579, 45.705610356406538 ], [ 16.088974031107149, 45.712122755008885 ] ] ] } },
{ "type": "Feature", "properties": { "BM": 43, "data": { "Oznaka Gr/Op/Dr": "grad", "Grad/općina/država": "VELIKA GORICA", "Rbr BM": 44, "Naziv BM": "LEKNENO-TRNJE", "Lokacija BM": "SPORTSKI DOM NK \"BUDUĆNOST\" (NOGOMETNO IGRALIŠTE)", "Adresa BM": "LEKNENO, VELIKOGORIČKA BB", "Glasovalo birača": 222, "Glasovalo birača (po listićima)": 222, "Važeći listići": 217, "Nevažeći listići": 5 }, "latitude": 45.7040674, "longitude": 16.1208843, "population": 370 }, "geometry": { "type": "Polygon", "coordinates": [ [ [ 16.097607152220579, 45.705610356406538 ], [ 16.100792228353491, 45.710839899382911 ], [ 16.108327561348915, 45.716010652981481 ], [ 16.128403956194301, 45.712916605735288 ], [ 16.121203338082253, 45.698321170325272 ], [ 16.09666380695073, 45.698627628628998 ], [ 16.09664408629828, 45.699841560164195 ], [ 16.097607152220579, 45.705610356406538 ] ] ] } },
{ "type": "Feature", "properties": { "BM": 23, "data": { "Oznaka Gr/Op/Dr": "grad", "Grad/općina/država": "VELIKA GORICA", "Rbr BM": 24, "Naziv BM": "BAPČE", "Lokacija BM": "DRUŠTVENI DOM", "Adresa BM": "BAPČE 12 A", "Glasovalo birača": 68, "Glasovalo birača (po listićima)": 68, "Važeći listići": 66, "Nevažeći listići": 2 }, "latitude": 45.7442926, "longitude": 16.1016873, "population": 106 }, "geometry": { "type": "Polygon", "coordinates": [ [ [ 16.088932727654413, 45.743500132180493 ], [ 16.110167251341828, 45.75013297701954 ], [ 16.114275238561948, 45.738171948031145 ], [ 16.089903204841601, 45.738144734242212 ], [ 16.086689932949255, 45.740915487989824 ], [ 16.088932727654413, 45.743500132180493 ] ] ] } },
{ "type": "Feature", "properties": { "BM": 54, "data": { "Oznaka Gr/Op/Dr": "grad", "Grad/općina/država": "VELIKA GORICA", "Rbr BM": 55, "Naziv BM": "SELNICA", "Lokacija BM": "PROSTORIJE MJESNOG ODBORA-KONTEJNER", "Adresa BM": "SELNICA ŠČITARJEVSKA BB", "Glasovalo birača": 262, "Glasovalo birača (po listićima)": 262, "Važeći listići": 255, "Nevažeći listići": 7 }, "latitude": 45.7501083, "longitude": 16.0998707, "population": 436 }, "geometry": { "type": "Polygon", "coordinates": [ [ [ 16.101155993745216, 45.767327007694043 ], [ 16.109852506671579, 45.760461571856389 ], [ 16.110167251341828, 45.75013297701954 ], [ 16.088932727654413, 45.743500132180493 ], [ 16.101155993745216, 45.767327007694043 ] ] ] } },
{ "type": "Feature", "properties": { "BM": 38, "data": { "Oznaka Gr/Op/Dr": "grad", "Grad/općina/država": "VELIKA GORICA", "Rbr BM": 39, "Naziv BM": "KOBILIĆ", "Lokacija BM": "DRUŠTVENI DOM", "Adresa BM": "KOBILIĆ 74", "Glasovalo birača": 328, "Glasovalo birača (po listićima)": 328, "Važeći listići": 317, "Nevažeći listići": 11 }, "latitude": 45.7320232, "longitude": 16.101701, "population": 478 }, "geometry": { "type": "Polygon", "coordinates": [ [ [ 16.089903204841601, 45.738144734242212 ], [ 16.114275238561948, 45.738171948031145 ], [ 16.116046437589834, 45.73639761591356 ], [ 16.108327561348915, 45.716010652981481 ], [ 16.100792228353491, 45.710839899382911 ], [ 16.089903204841601, 45.738144734242212 ] ] ] } },
{ "type": "Feature", "properties": { "BM": 25, "data": { "Oznaka Gr/Op/Dr": "grad", "Grad/općina/država": "VELIKA GORICA", "Rbr BM": 26, "Naziv BM": "BUŠEVEC-NOVO SELO", "Lokacija BM": "OSNOVNA ŠKOLA U BUŠEVCU", "Adresa BM": "BUŠEVEC BB", "Glasovalo birača": 600, "Glasovalo birača (po listićima)": 600, "Važeći listići": 578, "Nevažeći listići": 22 }, "latitude": 45.634072, "longitude": 16.1159484, "population": 875 }, "geometry": { "type": "Polygon", "coordinates": [ [ [ 16.09142772017017, 45.640578588691234 ], [ 16.116300841517859, 45.656037408935795 ], [ 16.130816565675655, 45.634412234932114 ], [ 16.105552187821466, 45.61811632928692 ], [ 16.094592223304261, 45.620983059368918 ], [ 16.09142772017017, 45.640578588691234 ] ] ] } },
{ "type": "Feature", "properties": { "BM": 58, "data": { "Oznaka Gr/Op/Dr": "grad", "Grad/općina/država": "VELIKA GORICA", "Rbr BM": 59, "Naziv BM": "ŠČITARJEVO", "Lokacija BM": "OSNOVNA ŠKOLA", "Adresa BM": "ŠČITARJEVO 104", "Glasovalo birača": 803, "Glasovalo birača (po listićima)": 803, "Važeći listići": 775, "Nevažeći listići": 28 }, "latitude": 45.7725739, "longitude": 16.1176061, "population": 1339 }, "geometry": { "type": "Polygon", "coordinates": [ [ [ 16.096087204300396, 45.783749561411014 ], [ 16.127777078941026, 45.788651944034235 ], [ 16.140539147110015, 45.766346334859023 ], [ 16.140886850476615, 45.764497574156934 ], [ 16.109852506671579, 45.760461571856389 ], [ 16.101155993745216, 45.767327007694043 ], [ 16.093693605566852, 45.780888847933312 ], [ 16.096087204300396, 45.783749561411014 ] ] ] } },
{ "type": "Feature", "properties": { "BM": 28, "data": { "Oznaka Gr/Op/Dr": "grad", "Grad/općina/država": "VELIKA GORICA", "Rbr BM": 29, "Naziv BM": "ČRNKOVEC", "Lokacija BM": "DRUŠTVENI DOM", "Adresa BM": "ČRNKOVEC 55", "Glasovalo birača": 179, "Glasovalo birača (po listićima)": 179, "Važeći listići": 173, "Nevažeći listići": 6 }, "latitude": 45.7507353, "longitude": 16.1204462, "population": 374 }, "geometry": { "type": "Polygon", "coordinates": [ [ [ 16.109852506671579, 45.760461571856389 ], [ 16.140886850476615, 45.764497574156934 ], [ 16.143462731815099, 45.761103149943061 ], [ 16.140653483782089, 45.73952956698777 ], [ 16.116046437589834, 45.73639761591356 ], [ 16.114275238561948, 45.738171948031145 ], [ 16.110167251341828, 45.75013297701954 ], [ 16.109852506671579, 45.760461571856389 ] ] ] } },
{ "type": "Feature", "properties": { "BM": 49, "data": { "Oznaka Gr/Op/Dr": "grad", "Grad/općina/država": "VELIKA GORICA", "Rbr BM": 50, "Naziv BM": "OGULINEC", "Lokacija BM": "DRUŠTVENI DOM", "Adresa BM": "OGULINEC, OGULINEČKA 11 A", "Glasovalo birača": 180, "Glasovalo birača (po listićima)": 180, "Važeći listići": 179, "Nevažeći listići": 1 }, "latitude": 45.6210075, "longitude": 16.1243752, "population": 260 }, "geometry": { "type": "Polygon", "coordinates": [ [ [ 16.105552187821466, 45.61811632928692 ], [ 16.130816565675655, 45.634412234932114 ], [ 16.141486758260047, 45.629523186962494 ], [ 16.121856945350693, 45.605031086836213 ], [ 16.105552187821466, 45.61811632928692 ] ] ] } },
{ "type": "Feature", "properties": { "BM": 42, "data": { "Oznaka Gr/Op/Dr": "grad", "Grad/općina/država": "VELIKA GORICA", "Rbr BM": 43, "Naziv BM": "LAZINA", "Lokacija BM": "DRUŠTVENI DOM", "Adresa BM": "LAZINA ČIČKA 24/1", "Glasovalo birača": 315, "Glasovalo birača (po listićima)": 315, "Važeći listići": 304, "Nevažeći listići": 11 }, "latitude": 45.7236192, "longitude": 16.1238975, "population": 506 }, "geometry": { "type": "Polygon", "coordinates": [ [ [ 16.116046437589834, 45.73639761591356 ], [ 16.140653483782089, 45.73952956698777 ], [ 16.142026508593638, 45.737036630119889 ], [ 16.136843217020161, 45.71913244754731 ], [ 16.130769136928098, 45.713137513654431 ], [ 16.128403956194301, 45.712916605735288 ], [ 16.108327561348915, 45.716010652981481 ], [ 16.116046437589834, 45.73639761591356 ] ] ] } },
{ "type": "Feature", "properties": { "BM": 33, "data": { "Oznaka Gr/Op/Dr": "grad", "Grad/općina/država": "VELIKA GORICA", "Rbr BM": 34, "Naziv BM": "GORNJE PODOTOČJE", "Lokacija BM": "DRUŠTVENI DOM", "Adresa BM": "PODOTOČJE GORNJE 41", "Glasovalo birača": 236, "Glasovalo birača (po listićima)": 236, "Važeći listići": 227, "Nevažeći listići": 9 }, "latitude": 45.6832945, "longitude": 16.1322004, "population": 363 }, "geometry": { "type": "Polygon", "coordinates": [ [ [ 16.114761273269789, 45.673496035529922 ], [ 16.130505974829948, 45.692917189813869 ], [ 16.134636642410904, 45.694328663079361 ], [ 16.142253078252597, 45.685742625354273 ], [ 16.119890665605382, 45.663780497733747 ], [ 16.119628649858502, 45.663746583631138 ], [ 16.114761273269789, 45.673496035529922 ] ] ] } },
{ "type": "Feature", "properties": { "BM": 60, "data": { "Oznaka Gr/Op/Dr": "grad", "Grad/općina/država": "VELIKA GORICA", "Rbr BM": 61, "Naziv BM": "TUROPOLJE", "Lokacija BM": "DRUŠTVENI DOM", "Adresa BM": "TUROPOLJE, PROLETERSKA BB", "Glasovalo birača": 418, "Glasovalo birača (po listićima)": 418, "Važeći listići": 399, "Nevažeći listići": 19 }, "latitude": 45.6480437, "longitude": 16.1367631, "population": 642 }, "geometry": { "type": "Polygon", "coordinates": [ [ [ 16.119628649858502, 45.663746583631138 ], [ 16.119890665605382, 45.663780497733747 ], [ 16.122257911226367, 45.663535952193754 ], [ 16.161919811446381, 45.631652565689464 ], [ 16.158906468356726, 45.629588259863105 ], [ 16.141486758260047, 45.629523186962494 ], [ 16.130816565675655, 45.634412234932114 ], [ 16.116300841517859, 45.656037408935795 ], [ 16.119628649858502, 45.663746583631138 ] ] ] } },
{ "type": "Feature", "properties": { "BM": 48, "data": { "Oznaka Gr/Op/Dr": "grad", "Grad/općina/država": "VELIKA GORICA", "Rbr BM": 49, "Naziv BM": "NOVO ČIČE", "Lokacija BM": "OSNOVNA ŠKOLA", "Adresa BM": "NOVO ČIČE, TRG ANTUNA CVETKOVIĆA 27", "Glasovalo birača": 680, "Glasovalo birača (po listićima)": 680, "Važeći listići": 662, "Nevažeći listići": 18 }, "latitude": 45.7015646, "longitude": 16.1259574, "population": 1066 }, "geometry": { "type": "Polygon", "coordinates": [ [ [ 16.128403956194301, 45.712916605735288 ], [ 16.130769136928098, 45.713137513654431 ], [ 16.13553755626582, 45.697255597490248 ], [ 16.134636642410904, 45.694328663079361 ], [ 16.130505974829948, 45.692917189813869 ], [ 16.121203338082253, 45.698321170325272 ], [ 16.128403956194301, 45.712916605735288 ] ] ] } },
{ "type": "Feature", "properties": { "BM": 351, "data": { "Oznaka Gr/Op/Dr": "općina", "Grad/općina/država": "RUGVICA", "Rbr BM": 1, "Naziv BM": "SOP - HRUŠČICA", "Lokacija BM": "DOM U SOPI", "Adresa BM": "SOP", "Glasovalo birača": 344, "Glasovalo birača (po listićima)": 344, "Važeći listići": 336, "Nevažeći listići": 8 }, "latitude": 45.7892725, "longitude": 16.146792, "population": 476 }, "geometry": { "type": "Polygon", "coordinates": [ [ [ 16.131274897873233, 45.79874575233071 ], [ 16.144716186823473, 45.804979898370945 ], [ 16.160826384501988, 45.795997090070983 ], [ 16.140539147110015, 45.766346334859023 ], [ 16.127777078941026, 45.788651944034235 ], [ 16.131274897873233, 45.79874575233071 ] ] ] } },
{ "type": "Feature", "properties": { "BM": 30, "data": { "Oznaka Gr/Op/Dr": "grad", "Grad/općina/država": "VELIKA GORICA", "Rbr BM": 31, "Naziv BM": "DONJE PODOTOČJE", "Lokacija BM": "DRUŠTVENI DOM", "Adresa BM": "PODOTOČJE DONJE, DAVUTOVIĆI 15", "Glasovalo birača": 202, "Glasovalo birača (po listićima)": 202, "Važeći listići": 198, "Nevažeći listići": 4 }, "latitude": 45.6954316, "longitude": 16.1458826, "population": 340 }, "geometry": { "type": "Polygon", "coordinates": [ [ [ 16.13553755626582, 45.697255597490248 ], [ 16.15256524985098, 45.704773161689403 ], [ 16.153169716084296, 45.704646817651138 ], [ 16.166109434773162, 45.678161711444147 ], [ 16.142253078252597, 45.685742625354273 ], [ 16.134636642410904, 45.694328663079361 ], [ 16.13553755626582, 45.697255597490248 ] ] ] } },
{ "type": "Feature", "properties": { "BM": 41, "data": { "Oznaka Gr/Op/Dr": "grad", "Grad/općina/država": "VELIKA GORICA", "Rbr BM": 42, "Naziv BM": "KUČE", "Lokacija BM": "VATROGASNI DOM-NOVI", "Adresa BM": "KUČE, PETROVA 24/1", "Glasovalo birača": 755, "Glasovalo birača (po listićima)": 755, "Važeći listići": 733, "Nevažeći listići": 22 }, "latitude": 45.6757358, "longitude": 16.1396238, "population": 1208 }, "geometry": { "type": "Polygon", "coordinates": [ [ [ 16.142253078252597, 45.685742625354273 ], [ 16.166109434773162, 45.678161711444147 ], [ 16.180328156424103, 45.665758254256815 ], [ 16.122257911226367, 45.663535952193754 ], [ 16.119890665605382, 45.663780497733747 ], [ 16.142253078252597, 45.685742625354273 ] ] ] } },
{ "type": "Feature", "properties": { "BM": 53, "data": { "Oznaka Gr/Op/Dr": "grad", "Grad/općina/država": "VELIKA GORICA", "Rbr BM": 54, "Naziv BM": "RIBNICA", "Lokacija BM": "VATROGASNI DOM", "Adresa BM": "RIBNICA, ULICA HRVATSKOG PROLJEĆA 87", "Glasovalo birača": 431, "Glasovalo birača (po listićima)": 431, "Važeći listići": 420, "Nevažeći listići": 11 }, "latitude": 45.7160093, "longitude": 16.1501837, "population": 770 }, "geometry": { "type": "Polygon", "coordinates": [ [ [ 16.142026508593638, 45.737036630119889 ], [ 16.168889923256515, 45.725184647057183 ], [ 16.153169716084296, 45.704646817651138 ], [ 16.15256524985098, 45.704773161689403 ], [ 16.136843217020161, 45.71913244754731 ], [ 16.142026508593638, 45.737036630119889 ] ] ] } },
{ "type": "Feature", "properties": { "BM": 37, "data": { "Oznaka Gr/Op/Dr": "grad", "Grad/općina/država": "VELIKA GORICA", "Rbr BM": 38, "Naziv BM": "JAGODNO", "Lokacija BM": "DRUŠTVENI DOM", "Adresa BM": "JAGODNO 45", "Glasovalo birača": 293, "Glasovalo birača (po listićima)": 293, "Važeći listići": 291, "Nevažeći listići": 2 }, "latitude": 45.706129, "longitude": 16.1411598, "population": 507 }, "geometry": { "type": "Polygon", "coordinates": [ [ [ 16.130769136928098, 45.713137513654431 ], [ 16.136843217020161, 45.71913244754731 ], [ 16.15256524985098, 45.704773161689403 ], [ 16.13553755626582, 45.697255597490248 ], [ 16.130769136928098, 45.713137513654431 ] ] ] } },
{ "type": "Feature", "properties": { "BM": 352, "data": { "Oznaka Gr/Op/Dr": "općina", "Grad/općina/država": "RUGVICA", "Rbr BM": 2, "Naziv BM": "OTOK SVIBOVSKI", "Lokacija BM": "DOM U OTOKU SVIBOVSKOM", "Adresa BM": "OTOK SVIBOVSKI", "Glasovalo birača": 889, "Glasovalo birača (po listićima)": 889, "Važeći listići": 869, "Nevažeći listići": 20 }, "latitude": 45.7804799, "longitude": 16.1596428, "population": 1425 }, "geometry": { "type": "Polygon", "coordinates": [ [ [ 16.140539147110015, 45.766346334859023 ], [ 16.160826384501988, 45.795997090070983 ], [ 16.172065636432226, 45.796168737902242 ], [ 16.185738550684345, 45.785490309169553 ], [ 16.177406201619757, 45.764386394795302 ], [ 16.143462731815099, 45.761103149943061 ], [ 16.140886850476615, 45.764497574156934 ], [ 16.140539147110015, 45.766346334859023 ] ] ] } },
{ "type": "Feature", "properties": { "BM": 52, "data": { "Oznaka Gr/Op/Dr": "grad", "Grad/općina/država": "VELIKA GORICA", "Rbr BM": 53, "Naziv BM": "RAKITOVEC", "Lokacija BM": "VATROGASNI DOM", "Adresa BM": "RAKITOVEC 310", "Glasovalo birača": 324, "Glasovalo birača (po listićima)": 324, "Važeći listići": 313, "Nevažeći listići": 11 }, "latitude": 45.652699, "longitude": 16.1405054, "population": 505 }, "geometry": { "type": "Polygon", "coordinates": [ [ [ 16.122257911226367, 45.663535952193754 ], [ 16.180328156424103, 45.665758254256815 ], [ 16.187074384758795, 45.662593098825596 ], [ 16.194111541679408, 45.649280604254159 ], [ 16.161919811446381, 45.631652565689464 ], [ 16.122257911226367, 45.663535952193754 ] ] ] } },
{ "type": "Feature", "properties": { "BM": 57, "data": { "Oznaka Gr/Op/Dr": "grad", "Grad/općina/država": "VELIKA GORICA", "Rbr BM": 58, "Naziv BM": "STRMEC BUKEVSKI", "Lokacija BM": "KULTURNO-PROSVJETNI DOM", "Adresa BM": "STRMEC BUKEVSKI 70", "Glasovalo birača": 209, "Glasovalo birača (po listićima)": 209, "Važeći listići": 196, "Nevažeći listići": 13 }, "latitude": 45.7451867, "longitude": 16.1630566, "population": 358 }, "geometry": { "type": "Polygon", "coordinates": [ [ [ 16.140653483782089, 45.73952956698777 ], [ 16.143462731815099, 45.761103149943061 ], [ 16.177406201619757, 45.764386394795302 ], [ 16.18893858579694, 45.740903837062419 ], [ 16.180822422287282, 45.725733589441504 ], [ 16.168889923256515, 45.725184647057183 ], [ 16.142026508593638, 45.737036630119889 ], [ 16.140653483782089, 45.73952956698777 ] ] ] } },
{ "type": "Feature", "properties": { "BM": 27, "data": { "Oznaka Gr/Op/Dr": "grad", "Grad/općina/država": "VELIKA GORICA", "Rbr BM": 28, "Naziv BM": "ČIČKA POLJANA", "Lokacija BM": "ZGRADA BIVŠE ŠKOLE", "Adresa BM": "POLJANA ČIČKA 81", "Glasovalo birača": 353, "Glasovalo birača (po listićima)": 353, "Važeći listići": 346, "Nevažeći listići": 7 }, "latitude": 45.7047315, "longitude": 16.1649177, "population": 567 }, "geometry": { "type": "Polygon", "coordinates": [ [ [ 16.166109434773162, 45.678161711444147 ], [ 16.153169716084296, 45.704646817651138 ], [ 16.168889923256515, 45.725184647057183 ], [ 16.180822422287282, 45.725733589441504 ], [ 16.192628991419788, 45.696632216644815 ], [ 16.187074384758795, 45.662593098825596 ], [ 16.180328156424103, 45.665758254256815 ], [ 16.166109434773162, 45.678161711444147 ] ] ] } },
{ "type": "Feature", "properties": { "BM": 625, "data": { "Oznaka Gr/Op/Dr": "grad", "Grad/općina/država": "SVETI IVAN ZELINA", "Rbr BM": 18, "Naziv BM": "DONJA DRENOVA", "Lokacija BM": "DRUŠTVENI DOM", "Adresa BM": "DONJA DRENOVA 50", "Glasovalo birača": 185, "Glasovalo birača (po listićima)": 185, "Važeći listići": 174, "Nevažeći listići": 11 }, "latitude": 45.9333163, "longitude": 16.1776988, "population": 290 }, "geometry": { "type": "Polygon", "coordinates": [ [ [ 16.160781413519935, 45.929811058745642 ], [ 16.164544091018616, 45.96024510819862 ], [ 16.187718384227743, 45.931511077931326 ], [ 16.185476899060749, 45.922052001920385 ], [ 16.174500888785875, 45.916453209628799 ], [ 16.166698225383943, 45.920757181631174 ], [ 16.160781413519935, 45.929811058745642 ] ] ] } },
{ "type": "Feature", "properties": { "BM": 637, "data": { "Oznaka Gr/Op/Dr": "grad", "Grad/općina/država": "SVETI IVAN ZELINA", "Rbr BM": 30, "Naziv BM": "GORIČICA", "Lokacija BM": "ZGRADA ŽUPANIJSKIH CESTA ZAGREBAČKE ŽUPANIJE D.O.O.", "Adresa BM": "ZAGREBAČKA 44A, GORIČICA", "Glasovalo birača": 199, "Glasovalo birača (po listićima)": 199, "Važeći listići": 196, "Nevažeći listići": 3 }, "latitude": 45.897809, "longitude": 16.2017587, "population": 353 }, "geometry": { "type": "Polygon", "coordinates": [ [ [ 16.179225111066074, 45.886224967443304 ], [ 16.199149416551439, 45.906844562364391 ], [ 16.211067411242091, 45.899532654022316 ], [ 16.200976526618422, 45.87153135052116 ], [ 16.193524143611057, 45.869976382759297 ], [ 16.189922386498743, 45.869832082984061 ], [ 16.18125874355367, 45.877009158426247 ], [ 16.178329222751767, 45.881088123955642 ], [ 16.179225111066074, 45.886224967443304 ] ] ] } },
{ "type": "Feature", "properties": { "BM": 624, "data": { "Oznaka Gr/Op/Dr": "grad", "Grad/općina/država": "SVETI IVAN ZELINA", "Rbr BM": 17, "Naziv BM": "GORNJA DRENOVA", "Lokacija BM": "DRUŠTVENI DOM", "Adresa BM": "GORNJA DRENOVA 40/B", "Glasovalo birača": 145, "Glasovalo birača (po listićima)": 145, "Važeći listići": 143, "Nevažeći listići": 2 }, "latitude": 45.9416857, "longitude": 16.1880761, "population": 264 }, "geometry": { "type": "Polygon", "coordinates": [ [ [ 16.164507731078295, 45.960602871375499 ], [ 16.184134941642611, 45.953212094739612 ], [ 16.194499816919016, 45.936396358161886 ], [ 16.187718384227743, 45.931511077931326 ], [ 16.164544091018616, 45.96024510819862 ], [ 16.164507731078295, 45.960602871375499 ] ] ] } },
{ "type": "Feature", "properties": { "BM": 353, "data": { "Oznaka Gr/Op/Dr": "općina", "Grad/općina/država": "RUGVICA", "Rbr BM": 3, "Naziv BM": "JALŠEVEC NARTSKI", "Lokacija BM": "DOM U JALŠEVCU NARTSKOM", "Adresa BM": "JALŠEVEC NARTSKI", "Glasovalo birača": 1208, "Glasovalo birača (po listićima)": 1208, "Važeći listići": 1168, "Nevažeći listići": 40 }, "latitude": 45.7640039, "longitude": 16.2013727, "population": 1912 }, "geometry": { "type": "Polygon", "coordinates": [ [ [ 16.185738550684345, 45.785490309169553 ], [ 16.201014377017799, 45.79092875097129 ], [ 16.224141625188214, 45.777200108749717 ], [ 16.215013429326333, 45.756761108651048 ], [ 16.190312146752635, 45.741082348463287 ], [ 16.18893858579694, 45.740903837062419 ], [ 16.177406201619757, 45.764386394795302 ], [ 16.185738550684345, 45.785490309169553 ] ] ] } },
{ "type": "Feature", "properties": { "BM": 327, "data": { "Oznaka Gr/Op/Dr": "općina", "Grad/općina/država": "ORLE", "Rbr BM": 2, "Naziv BM": "DRNEK", "Lokacija BM": "VATROGASNI DOM", "Adresa BM": "DRNEK BB", "Glasovalo birača": 153, "Glasovalo birača (po listićima)": 153, "Važeći listići": 147, "Nevažeći listići": 6 }, "latitude": 45.6955019, "longitude": 16.2214775, "population": 265 }, "geometry": { "type": "Polygon", "coordinates": [ [ [ 16.187074384758795, 45.662593098825596 ], [ 16.192628991419788, 45.696632216644815 ], [ 16.214921331966796, 45.709043480960105 ], [ 16.218043119408318, 45.709462668491298 ], [ 16.23780381608282, 45.694826683864321 ], [ 16.204582929722314, 45.643287260720662 ], [ 16.194111541679408, 45.649280604254159 ], [ 16.187074384758795, 45.662593098825596 ] ] ] } },
{ "type": "Feature", "properties": { "BM": 621, "data": { "Oznaka Gr/Op/Dr": "grad", "Grad/općina/država": "SVETI IVAN ZELINA", "Rbr BM": 14, "Naziv BM": "BLAŠKOVEC", "Lokacija BM": "DRUŠTVENI DOM", "Adresa BM": "BLAŠKOVEČKA 75, BLAŠKOVEC", "Glasovalo birača": 270, "Glasovalo birača (po listićima)": 270, "Važeći listići": 263, "Nevažeći listići": 7 }, "latitude": 45.9091425, "longitude": 16.1900297, "population": 476 }, "geometry": { "type": "Polygon", "coordinates": [ [ [ 16.185476899060749, 45.922052001920385 ], [ 16.199434566374041, 45.916713466547314 ], [ 16.199149416551439, 45.906844562364391 ], [ 16.179225111066074, 45.886224967443304 ], [ 16.174500888785875, 45.916453209628799 ], [ 16.185476899060749, 45.922052001920385 ] ] ] } },
{ "type": "Feature", "properties": { "BM": 614, "data": { "Oznaka Gr/Op/Dr": "grad", "Grad/općina/država": "SVETI IVAN ZELINA", "Rbr BM": 7, "Naziv BM": "VELIKA GORA", "Lokacija BM": "DRUŠTVENI DOM", "Adresa BM": "VELIKA GORA 2 A", "Glasovalo birača": 112, "Glasovalo birača (po listićima)": 112, "Važeći listići": 110, "Nevažeći listići": 2 }, "latitude": 45.9592761, "longitude": 16.1946999, "population": 174 }, "geometry": { "type": "Polygon", "coordinates": [ [ [ 16.158026125346176, 45.975214867805889 ], [ 16.168004636143959, 45.986416493567532 ], [ 16.176063737265896, 45.989974228783346 ], [ 16.201838541782468, 45.988197234431141 ], [ 16.207809816183261, 45.98608464275928 ], [ 16.212513510634185, 45.974336497689073 ], [ 16.201533988655818, 45.950809462914833 ], [ 16.184134941642611, 45.953212094739612 ], [ 16.164507731078295, 45.960602871375499 ], [ 16.158026125346176, 45.975214867805889 ] ] ] } },
{ "type": "Feature", "properties": { "BM": 326, "data": { "Oznaka Gr/Op/Dr": "općina", "Grad/općina/država": "ORLE", "Rbr BM": 1, "Naziv BM": "BUKEVJE", "Lokacija BM": "VATROGASNI DOM", "Adresa BM": "BUKEVJE  80", "Glasovalo birača": 313, "Glasovalo birača (po listićima)": 313, "Važeći listići": 306, "Nevažeći listići": 7 }, "latitude": 45.7217494, "longitude": 16.2068642, "population": 457 }, "geometry": { "type": "Polygon", "coordinates": [ [ [ 16.180822422287282, 45.725733589441504 ], [ 16.18893858579694, 45.740903837062419 ], [ 16.190312146752635, 45.741082348463287 ], [ 16.210509960443311, 45.731906886629275 ], [ 16.214921331966796, 45.709043480960105 ], [ 16.192628991419788, 45.696632216644815 ], [ 16.180822422287282, 45.725733589441504 ] ] ] } },
{ "type": "Feature", "properties": { "BM": 626, "data": { "Oznaka Gr/Op/Dr": "grad", "Grad/općina/država": "SVETI IVAN ZELINA", "Rbr BM": 19, "Naziv BM": "HRNJANEC", "Lokacija BM": "DRUŠTVENI DOM", "Adresa BM": "NOVOSELI 15, HRNJANEC", "Glasovalo birača": 218, "Glasovalo birača (po listićima)": 218, "Važeći listići": 208, "Nevažeći listići": 10 }, "latitude": 45.9286282, "longitude": 16.1974826, "population": 382 }, "geometry": { "type": "Polygon", "coordinates": [ [ [ 16.194499816919016, 45.936396358161886 ], [ 16.194584798369398, 45.936422154458889 ], [ 16.205224685425307, 45.930321156371853 ], [ 16.204275419585692, 45.919350576844515 ], [ 16.199434566374041, 45.916713466547314 ], [ 16.185476899060749, 45.922052001920385 ], [ 16.187718384227743, 45.931511077931326 ], [ 16.194499816919016, 45.936396358161886 ] ] ] } },
{ "type": "Feature", "properties": { "BM": 623, "data": { "Oznaka Gr/Op/Dr": "grad", "Grad/općina/država": "SVETI IVAN ZELINA", "Rbr BM": 16, "Naziv BM": "BUNJAK", "Lokacija BM": "DRUŠTVENI DOM", "Adresa BM": "BUNJAK 23", "Glasovalo birača": 71, "Glasovalo birača (po listićima)": 71, "Važeći listići": 68, "Nevažeći listići": 3 }, "latitude": 45.9445118, "longitude": 16.1926611, "population": 125 }, "geometry": { "type": "Polygon", "coordinates": [ [ [ 16.194499816919016, 45.936396358161886 ], [ 16.184134941642611, 45.953212094739612 ], [ 16.201533988655818, 45.950809462914833 ], [ 16.202372678325347, 45.948260172084339 ], [ 16.194584798369398, 45.936422154458889 ], [ 16.194499816919016, 45.936396358161886 ] ] ] } },
{ "type": "Feature", "properties": { "BM": 643, "data": { "Oznaka Gr/Op/Dr": "grad", "Grad/općina/država": "SVETI IVAN ZELINA", "Rbr BM": 36, "Naziv BM": "ŽITOMIR", "Lokacija BM": "DRUŠTVENI DOM", "Adresa BM": "ŽITOMIR 16 D", "Glasovalo birača": 76, "Glasovalo birača (po listićima)": 75, "Važeći listići": 72, "Nevažeći listići": 3 }, "latitude": 46.0178244, "longitude": 16.1987364, "population": 137 }, "geometry": { "type": "Polygon", "coordinates": [ [ [ 16.182832467699548, 46.023586989029504 ], [ 16.203445473377403, 46.034778659519347 ], [ 16.208504908382761, 46.027770520419281 ], [ 16.201838541782468, 45.988197234431141 ], [ 16.176063737265896, 45.989974228783346 ], [ 16.182832467699548, 46.023586989029504 ] ] ] } },
{ "type": "Feature", "properties": { "BM": 622, "data": { "Oznaka Gr/Op/Dr": "grad", "Grad/općina/država": "SVETI IVAN ZELINA", "Rbr BM": 15, "Naziv BM": "NESPEŠ", "Lokacija BM": "PROSTOR DRUŠTVENE NAMJENE", "Adresa BM": "NESPEŠ  5", "Glasovalo birača": 176, "Glasovalo birača (po listićima)": 176, "Važeći listići": 173, "Nevažeći listići": 3 }, "latitude": 45.9378581, "longitude": 16.2027751, "population": 297 }, "geometry": { "type": "Polygon", "coordinates": [ [ [ 16.202372678325347, 45.948260172084339 ], [ 16.213313085516972, 45.940242990984359 ], [ 16.213655852464459, 45.938153035552055 ], [ 16.205224685425307, 45.930321156371853 ], [ 16.194584798369398, 45.936422154458889 ], [ 16.202372678325347, 45.948260172084339 ] ] ] } },
{ "type": "Feature", "properties": { "BM": 468, "data": { "Oznaka Gr/Op/Dr": "grad", "Grad/općina/država": "DUGO SELO", "Rbr BM": 1, "Naziv BM": "DUGO SELO - ZAPAD I", "Lokacija BM": "OSNOVNA ŠKOLA IVAN BENKOVIĆ", "Adresa BM": "DUGO SELO, HRVATSKOG PREPORODA 68", "Glasovalo birača": 444, "Glasovalo birača (po listićima)": 444, "Važeći listići": 430, "Nevažeći listići": 14 }, "latitude": 45.8035079, "longitude": 16.2248228, "population": 789 }, "geometry": { "type": "Polygon", "coordinates": [ [ [ 16.20919164715664, 45.819818472495434 ], [ 16.229730514027509, 45.802255736704254 ], [ 16.234832675919243, 45.785437484334274 ], [ 16.234972843409569, 45.778175319431853 ], [ 16.224141625188214, 45.777200108749717 ], [ 16.201014377017799, 45.79092875097129 ], [ 16.206253841686113, 45.815878450864318 ], [ 16.20919164715664, 45.819818472495434 ] ] ] } },
{ "type": "Feature", "properties": { "BM": 635, "data": { "Oznaka Gr/Op/Dr": "grad", "Grad/općina/država": "SVETI IVAN ZELINA", "Rbr BM": 28, "Naziv BM": "BUKOVEC ZELINSKI", "Lokacija BM": "DRUŠTVENI DOM", "Adresa BM": "BUKOVEC ZELINSKI 66 N", "Glasovalo birača": 202, "Glasovalo birača (po listićima)": 202, "Važeći listići": 196, "Nevažeći listići": 6 }, "latitude": 45.9086121, "longitude": 16.2083866, "population": 331 }, "geometry": { "type": "Polygon", "coordinates": [ [ [ 16.199434566374041, 45.916713466547314 ], [ 16.204275419585692, 45.919350576844515 ], [ 16.218965517314768, 45.91607338353186 ], [ 16.21956744976481, 45.904083075687652 ], [ 16.211067411242091, 45.899532654022316 ], [ 16.199149416551439, 45.906844562364391 ], [ 16.199434566374041, 45.916713466547314 ] ] ] } },
{ "type": "Feature", "properties": { "BM": 842, "data": { "Oznaka Gr/Op/Dr": "općina", "Grad/općina/država": "BEDENICA", "Rbr BM": 2, "Naziv BM": "BELOSLAVEC", "Lokacija BM": "VATROGASNI DOM", "Adresa BM": "BELOSLAVEC BB", "Glasovalo birača": 131, "Glasovalo birača (po listićima)": 131, "Važeći listići": 126, "Nevažeći listići": 5 }, "latitude": 46.0339119, "longitude": 16.2210202, "population": 198 }, "geometry": { "type": "Polygon", "coordinates": [ [ [ 16.20434634504673, 46.0398101970071 ], [ 16.219148633731258, 46.056655471141887 ], [ 16.22070538435608, 46.057126596302886 ], [ 16.221349606871929, 46.056942672612493 ], [ 16.232453349931788, 46.026399034104323 ], [ 16.218798600468055, 46.02417553680322 ], [ 16.208504908382761, 46.027770520419281 ], [ 16.203445473377403, 46.034778659519347 ], [ 16.20434634504673, 46.0398101970071 ] ] ] } },
{ "type": "Feature", "properties": { "BM": 615, "data": { "Oznaka Gr/Op/Dr": "grad", "Grad/općina/država": "SVETI IVAN ZELINA", "Rbr BM": 8, "Naziv BM": "GORNJE PSARJEVO", "Lokacija BM": "DRUŠTVENI DOM", "Adresa BM": "GORNJE PSARJEVO 16", "Glasovalo birača": 164, "Glasovalo birača (po listićima)": 164, "Važeći listići": 149, "Nevažeći listići": 15 }, "latitude": 45.9510099, "longitude": 16.2124128, "population": 287 }, "geometry": { "type": "Polygon", "coordinates": [ [ [ 16.201533988655818, 45.950809462914833 ], [ 16.212513510634185, 45.974336497689073 ], [ 16.215580953019238, 45.971434753674686 ], [ 16.219859155744295, 45.962357462096854 ], [ 16.219332946130788, 45.947501120376302 ], [ 16.213313085516972, 45.940242990984359 ], [ 16.202372678325347, 45.948260172084339 ], [ 16.201533988655818, 45.950809462914833 ] ] ] } },
{ "type": "Feature", "properties": { "BM": 471, "data": { "Oznaka Gr/Op/Dr": "grad", "Grad/općina/država": "DUGO SELO", "Rbr BM": 4, "Naziv BM": "DUGO SELO - ZAPAD IV", "Lokacija BM": "ZGRADA GLAZBENE ŠKOLE", "Adresa BM": "DUGO SELO, ZAGREBAČKA ULICA 24", "Glasovalo birača": 525, "Glasovalo birača (po listićima)": 522, "Važeći listići": 508, "Nevažeći listići": 14 }, "latitude": 45.8069095, "longitude": 16.2277315, "population": 830 }, "geometry": { "type": "Polygon", "coordinates": [ [ [ 16.20987658246408, 45.820957291855414 ], [ 16.213418800887272, 45.823297552133546 ], [ 16.230721549844279, 45.808278469101069 ], [ 16.229730514027509, 45.802255736704254 ], [ 16.20919164715664, 45.819818472495434 ], [ 16.20987658246408, 45.820957291855414 ] ] ] } },
{ "type": "Feature", "properties": { "BM": 644, "data": { "Oznaka Gr/Op/Dr": "grad", "Grad/općina/država": "SVETI IVAN ZELINA", "Rbr BM": 37, "Naziv BM": "PREPOLNO", "Lokacija BM": "PODRUČNA ŠKOLA", "Adresa BM": "PREPOLNO 3", "Glasovalo birača": 26, "Glasovalo birača (po listićima)": 26, "Važeći listići": 23, "Nevažeći listići": 3 }, "latitude": 46.015173, "longitude": 16.2144758, "population": 42 }, "geometry": { "type": "Polygon", "coordinates": [ [ [ 16.201838541782468, 45.988197234431141 ], [ 16.208504908382761, 46.027770520419281 ], [ 16.218798600468055, 46.02417553680322 ], [ 16.220357621970983, 45.992868148453745 ], [ 16.207809816183261, 45.98608464275928 ], [ 16.201838541782468, 45.988197234431141 ] ] ] } },
{ "type": "Feature", "properties": { "BM": 636, "data": { "Oznaka Gr/Op/Dr": "grad", "Grad/općina/država": "SVETI IVAN ZELINA", "Rbr BM": 29, "Naziv BM": "SUHODOL ZELINSKI", "Lokacija BM": "KUĆA ŠKRLEC IVICE", "Adresa BM": "SUHODOL ZELINSKI 8", "Glasovalo birača": 58, "Glasovalo birača (po listićima)": 58, "Važeći listići": 57, "Nevažeći listići": 1 }, "latitude": 45.9273235, "longitude": 16.2125609, "population": 111 }, "geometry": { "type": "Polygon", "coordinates": [ [ [ 16.205224685425307, 45.930321156371853 ], [ 16.213655852464459, 45.938153035552055 ], [ 16.221228309728975, 45.931944210168744 ], [ 16.22382349923026, 45.92094879575761 ], [ 16.218965517314768, 45.91607338353186 ], [ 16.204275419585692, 45.919350576844515 ], [ 16.205224685425307, 45.930321156371853 ] ] ] } },
{ "type": "Feature", "properties": { "BM": 633, "data": { "Oznaka Gr/Op/Dr": "grad", "Grad/općina/država": "SVETI IVAN ZELINA", "Rbr BM": 26, "Naziv BM": "PAUKOVEC", "Lokacija BM": "DRUŠTVENI DOM", "Adresa BM": "PAUKOVEČKA 17, PAUKOVEC", "Glasovalo birača": 156, "Glasovalo birača (po listićima)": 156, "Važeći listići": 150, "Nevažeći listići": 6 }, "latitude": 45.8922672, "longitude": 16.2171367, "population": 292 }, "geometry": { "type": "Polygon", "coordinates": [ [ [ 16.211067411242091, 45.899532654022316 ], [ 16.21956744976481, 45.904083075687652 ], [ 16.230381586924146, 45.895959840132221 ], [ 16.232143195267842, 45.88674114003571 ], [ 16.231379760744812, 45.880870120496056 ], [ 16.22909375422914, 45.87768020117062 ], [ 16.212757750481309, 45.870225090275468 ], [ 16.200976526618422, 45.87153135052116 ], [ 16.211067411242091, 45.899532654022316 ] ] ] } },
{ "type": "Feature", "properties": { "BM": 55, "data": { "Oznaka Gr/Op/Dr": "grad", "Grad/općina/država": "VELIKA GORICA", "Rbr BM": 56, "Naziv BM": "SOP BUKEVSKI", "Lokacija BM": "PROSTORIJE MJESNOG ODBORA", "Adresa BM": "SOP BUKEVSKI BB", "Glasovalo birača": 44, "Glasovalo birača (po listićima)": 44, "Važeći listići": 42, "Nevažeći listići": 2 }, "latitude": 45.7413349, "longitude": 16.2157615, "population": 65 }, "geometry": { "type": "Polygon", "coordinates": [ [ [ 16.215013429326333, 45.756761108651048 ], [ 16.231583291589764, 45.734208696485652 ], [ 16.210509960443311, 45.731906886629275 ], [ 16.190312146752635, 45.741082348463287 ], [ 16.215013429326333, 45.756761108651048 ] ] ] } },
{ "type": "Feature", "properties": { "BM": 360, "data": { "Oznaka Gr/Op/Dr": "općina", "Grad/općina/država": "RUGVICA", "Rbr BM": 10, "Naziv BM": "NOVAKI OBOROVSKI", "Lokacija BM": "DOM U NOVAKIMA OBOROVSKIM", "Adresa BM": "NOVAKI OBOROVSKI", "Glasovalo birača": 163, "Glasovalo birača (po listićima)": 162, "Važeći listići": 158, "Nevažeći listići": 4 }, "latitude": 45.7238349, "longitude": 16.217673, "population": 249 }, "geometry": { "type": "Polygon", "coordinates": [ [ [ 16.210509960443311, 45.731906886629275 ], [ 16.231583291589764, 45.734208696485652 ], [ 16.238241870487659, 45.731352948652102 ], [ 16.218043119408318, 45.709462668491298 ], [ 16.214921331966796, 45.709043480960105 ], [ 16.210509960443311, 45.731906886629275 ] ] ] } },
{ "type": "Feature", "properties": { "BM": 616, "data": { "Oznaka Gr/Op/Dr": "grad", "Grad/općina/država": "SVETI IVAN ZELINA", "Rbr BM": 9, "Naziv BM": "DONJE PSARJEVO", "Lokacija BM": "DRUŠTVENI DOM", "Adresa BM": "DONJE PSARJEVO 12 B", "Glasovalo birača": 130, "Glasovalo birača (po listićima)": 129, "Važeći listići": 126, "Nevažeći listići": 3 }, "latitude": 45.9413491, "longitude": 16.2240608, "population": 241 }, "geometry": { "type": "Polygon", "coordinates": [ [ [ 16.213655852464459, 45.938153035552055 ], [ 16.213313085516972, 45.940242990984359 ], [ 16.219332946130788, 45.947501120376302 ], [ 16.236474341183126, 45.942967698075293 ], [ 16.221228309728975, 45.931944210168744 ], [ 16.213655852464459, 45.938153035552055 ] ] ] } },
{ "type": "Feature", "properties": { "BM": 612, "data": { "Oznaka Gr/Op/Dr": "grad", "Grad/općina/država": "SVETI IVAN ZELINA", "Rbr BM": 5, "Naziv BM": "GORNJA TOPLIČICA", "Lokacija BM": "DRUŠTVENI DOM", "Adresa BM": "GORNJA TOPLIČICA 21", "Glasovalo birača": 102, "Glasovalo birača (po listićima)": 102, "Važeći listići": 102, "Nevažeći listići": 0 }, "latitude": 45.9757311, "longitude": 16.2357986, "population": 153 }, "geometry": { "type": "Polygon", "coordinates": [ [ [ 16.212513510634185, 45.974336497689073 ], [ 16.207809816183261, 45.98608464275928 ], [ 16.220357621970983, 45.992868148453745 ], [ 16.222390198625611, 45.993469235773503 ], [ 16.245035487342626, 45.971568117446616 ], [ 16.244202881263966, 45.96988517685125 ], [ 16.239226122616312, 45.967538121931213 ], [ 16.215580953019238, 45.971434753674686 ], [ 16.212513510634185, 45.974336497689073 ] ] ] } },
{ "type": "Feature", "properties": { "BM": 641, "data": { "Oznaka Gr/Op/Dr": "grad", "Grad/općina/država": "SVETI IVAN ZELINA", "Rbr BM": 34, "Naziv BM": "GORNJE OREŠJE", "Lokacija BM": "DRUŠTVENI DOM", "Adresa BM": "GORNJE OREŠJE 78 A", "Glasovalo birača": 120, "Glasovalo birača (po listićima)": 120, "Važeći listići": 116, "Nevažeći listići": 4 }, "latitude": 46.015647, "longitude": 16.2239944, "population": 202 }, "geometry": { "type": "Polygon", "coordinates": [ [ [ 16.218798600468055, 46.02417553680322 ], [ 16.232453349931788, 46.026399034104323 ], [ 16.234724852905543, 46.025218387358635 ], [ 16.237247626093897, 46.021985498753821 ], [ 16.23837172365463, 46.010279842179841 ], [ 16.225143507730348, 45.994773394646224 ], [ 16.222390198625611, 45.993469235773503 ], [ 16.220357621970983, 45.992868148453745 ], [ 16.218798600468055, 46.02417553680322 ] ] ] } },
{ "type": "Feature", "properties": { "BM": 620, "data": { "Oznaka Gr/Op/Dr": "grad", "Grad/općina/država": "SVETI IVAN ZELINA", "Rbr BM": 13, "Naziv BM": "DONJA ZELINA", "Lokacija BM": "DRUŠTVENI DOM", "Adresa BM": "DONJOZELINSKA 52, DONJA ZELINA", "Glasovalo birača": 429, "Glasovalo birača (po listićima)": 429, "Važeći listići": 410, "Nevažeći listići": 19 }, "latitude": 45.9097091, "longitude": 16.2302385, "population": 751 }, "geometry": { "type": "Polygon", "coordinates": [ [ [ 16.218965517314768, 45.91607338353186 ], [ 16.22382349923026, 45.92094879575761 ], [ 16.23620470522679, 45.920493266347265 ], [ 16.246247793550747, 45.913784729392766 ], [ 16.230381586924146, 45.895959840132221 ], [ 16.21956744976481, 45.904083075687652 ], [ 16.218965517314768, 45.91607338353186 ] ] ] } },
{ "type": "Feature", "properties": { "BM": 613, "data": { "Oznaka Gr/Op/Dr": "grad", "Grad/općina/država": "SVETI IVAN ZELINA", "Rbr BM": 6, "Naziv BM": "BIŠKUPEC ZELINSKI", "Lokacija BM": "DRUŠTVENI DOM", "Adresa BM": "ZELINGRADSKA 39, BIŠKUPEC ZELINSKI", "Glasovalo birača": 529, "Glasovalo birača (po listićima)": 529, "Važeći listići": 511, "Nevažeći listići": 18 }, "latitude": 45.9608782, "longitude": 16.2333509, "population": 852 }, "geometry": { "type": "Polygon", "coordinates": [ [ [ 16.215580953019238, 45.971434753674686 ], [ 16.239226122616312, 45.967538121931213 ], [ 16.239070748843986, 45.966237288658171 ], [ 16.236024481630388, 45.951649553473359 ], [ 16.219859155744295, 45.962357462096854 ], [ 16.215580953019238, 45.971434753674686 ] ] ] } },
{ "type": "Feature", "properties": { "BM": 354, "data": { "Oznaka Gr/Op/Dr": "općina", "Grad/općina/država": "RUGVICA", "Rbr BM": 4, "Naziv BM": "RUGVICA", "Lokacija BM": "DRUŠTVENI DOM", "Adresa BM": "TRG DR. FRANJE TUĐMANA 1, RUGVICA", "Glasovalo birača": 961, "Glasovalo birača (po listićima)": 955, "Važeći listići": 922, "Nevažeći listići": 33 }, "latitude": 45.7514371, "longitude": 16.2295111, "population": 1439 }, "geometry": { "type": "Polygon", "coordinates": [ [ [ 16.234972843409569, 45.778175319431853 ], [ 16.236776119645956, 45.777672379501588 ], [ 16.251821636208366, 45.732304949902286 ], [ 16.238241870487659, 45.731352948652102 ], [ 16.231583291589764, 45.734208696485652 ], [ 16.215013429326333, 45.756761108651048 ], [ 16.224141625188214, 45.777200108749717 ], [ 16.234972843409569, 45.778175319431853 ] ] ] } },
{ "type": "Feature", "properties": { "BM": 478, "data": { "Oznaka Gr/Op/Dr": "grad", "Grad/općina/država": "DUGO SELO", "Rbr BM": 11, "Naziv BM": "DUGO SELO - SJEVER IV", "Lokacija BM": "SREDNJA ŠKOLA DUGO SELO", "Adresa BM": "DUGO SELO, STJEPANA FERENČAKA 25", "Glasovalo birača": 321, "Glasovalo birača (po listićima)": 321, "Važeći listići": 315, "Nevažeći listići": 6 }, "latitude": 45.8114313, "longitude": 16.2316565, "population": 526 }, "geometry": { "type": "Polygon", "coordinates": [ [ [ 16.214120114557581, 45.823914985342391 ], [ 16.243309282716989, 45.819794906994744 ], [ 16.243376175856501, 45.817806841554273 ], [ 16.234066852881181, 45.809180909708026 ], [ 16.230721549844279, 45.808278469101069 ], [ 16.213418800887272, 45.823297552133546 ], [ 16.214120114557581, 45.823914985342391 ] ] ] } },
{ "type": "Feature", "properties": { "BM": 328, "data": { "Oznaka Gr/Op/Dr": "općina", "Grad/općina/država": "ORLE", "Rbr BM": 3, "Naziv BM": "VRBOVO POSAVSKO", "Lokacija BM": "VATROGASNI DOM", "Adresa BM": "VRBOVO POSAVSKO BB", "Glasovalo birača": 119, "Glasovalo birača (po listićima)": 119, "Važeći listići": 115, "Nevažeći listići": 4 }, "latitude": 45.6802363, "longitude": 16.2451608, "population": 191 }, "geometry": { "type": "Polygon", "coordinates": [ [ [ 16.204582929722314, 45.643287260720662 ], [ 16.23780381608282, 45.694826683864321 ], [ 16.240659392564091, 45.696041018457592 ], [ 16.256252081736832, 45.668478664174295 ], [ 16.213263847822926, 45.636917434027303 ], [ 16.209867047546808, 45.638065478033745 ], [ 16.204582929722314, 45.643287260720662 ] ] ] } },
{ "type": "Feature", "properties": { "BM": 361, "data": { "Oznaka Gr/Op/Dr": "općina", "Grad/općina/država": "RUGVICA", "Rbr BM": 11, "Naziv BM": "PRESEKA OBOROVSKA", "Lokacija BM": "DOM U PRESEKI OBOROVSKOJ", "Adresa BM": "PRESEKA OBOROVSKA", "Glasovalo birača": 81, "Glasovalo birača (po listićima)": 81, "Važeći listići": 79, "Nevažeći listići": 2 }, "latitude": 45.7102471, "longitude": 16.2323987, "population": 117 }, "geometry": { "type": "Polygon", "coordinates": [ [ [ 16.218043119408318, 45.709462668491298 ], [ 16.238241870487659, 45.731352948652102 ], [ 16.251821636208366, 45.732304949902286 ], [ 16.264724524080179, 45.725722633865196 ], [ 16.26827303726294, 45.716577016284077 ], [ 16.240659392564091, 45.696041018457592 ], [ 16.23780381608282, 45.694826683864321 ], [ 16.218043119408318, 45.709462668491298 ] ] ] } },
{ "type": "Feature", "properties": { "BM": 618, "data": { "Oznaka Gr/Op/Dr": "grad", "Grad/općina/država": "SVETI IVAN ZELINA", "Rbr BM": 11, "Naziv BM": "SELNICA PSARJEVAČKA", "Lokacija BM": "DRUŠTVENI DOM", "Adresa BM": "SELNICA PSARJEVAČKA 10", "Glasovalo birača": 110, "Glasovalo birača (po listićima)": 110, "Važeći listići": 105, "Nevažeći listići": 5 }, "latitude": 45.9505115, "longitude": 16.226484, "population": 211 }, "geometry": { "type": "Polygon", "coordinates": [ [ [ 16.219332946130788, 45.947501120376302 ], [ 16.219859155744295, 45.962357462096854 ], [ 16.236024481630388, 45.951649553473359 ], [ 16.239962989805541, 45.944404093574441 ], [ 16.238996772866322, 45.94357913129177 ], [ 16.236474341183126, 45.942967698075293 ], [ 16.219332946130788, 45.947501120376302 ] ] ] } },
{ "type": "Feature", "properties": { "BM": 617, "data": { "Oznaka Gr/Op/Dr": "grad", "Grad/općina/država": "SVETI IVAN ZELINA", "Rbr BM": 10, "Naziv BM": "BLAŽEVDOL", "Lokacija BM": "DRUŠTVENI DOM", "Adresa BM": "ULICA FUČKANI 12, BLAŽEVDOL", "Glasovalo birača": 212, "Glasovalo birača (po listićima)": 212, "Važeći listići": 208, "Nevažeći listići": 4 }, "latitude": 45.9316867, "longitude": 16.2310471, "population": 327 }, "geometry": { "type": "Polygon", "coordinates": [ [ [ 16.221228309728975, 45.931944210168744 ], [ 16.236474341183126, 45.942967698075293 ], [ 16.238996772866322, 45.94357913129177 ], [ 16.23620470522679, 45.920493266347265 ], [ 16.22382349923026, 45.92094879575761 ], [ 16.221228309728975, 45.931944210168744 ] ] ] } },
{ "type": "Feature", "properties": { "BM": 629, "data": { "Oznaka Gr/Op/Dr": "grad", "Grad/općina/država": "SVETI IVAN ZELINA", "Rbr BM": 22, "Naziv BM": "LAKTEC", "Lokacija BM": "DRUŠTVENI DOM", "Adresa BM": "LAKTEC 10", "Glasovalo birača": 98, "Glasovalo birača (po listićima)": 98, "Važeći listići": 93, "Nevažeći listići": 5 }, "latitude": 45.8590895, "longitude": 16.2322777, "population": 136 }, "geometry": { "type": "Polygon", "coordinates": [ [ [ 16.22909375422914, 45.87768020117062 ], [ 16.242246112181643, 45.8617600837159 ], [ 16.236782421405909, 45.845336265204601 ], [ 16.227218262903065, 45.844603064457509 ], [ 16.212757750481309, 45.870225090275468 ], [ 16.22909375422914, 45.87768020117062 ] ] ] } },
{ "type": "Feature", "properties": { "BM": 493, "data": { "Oznaka Gr/Op/Dr": "grad", "Grad/općina/država": "DUGO SELO", "Rbr BM": 26, "Naziv BM": "PROZORJE", "Lokacija BM": "VATROGASNI DOM PROZORJE", "Adresa BM": "PROZORJE, PROZORSKA 139", "Glasovalo birača": 251, "Glasovalo birača (po listićima)": 251, "Važeći listići": 240, "Nevažeći listići": 11 }, "latitude": 45.8310571, "longitude": 16.2344267, "population": 427 }, "geometry": { "type": "Polygon", "coordinates": [ [ [ 16.216740112306073, 45.830660072647959 ], [ 16.227218262903065, 45.844603064457509 ], [ 16.236782421405909, 45.845336265204601 ], [ 16.248607973861272, 45.83790299649889 ], [ 16.252488958291739, 45.830070666146582 ], [ 16.243309282716989, 45.819794906994744 ], [ 16.214120114557581, 45.823914985342391 ], [ 16.216740112306073, 45.830660072647959 ] ] ] } },
{ "type": "Feature", "properties": { "BM": 844, "data": { "Oznaka Gr/Op/Dr": "općina", "Grad/općina/država": "BEDENICA", "Rbr BM": 4, "Naziv BM": "BOSNA", "Lokacija BM": "VATROGASNI DOM", "Adresa BM": "BOSNA BB", "Glasovalo birača": 51, "Glasovalo birača (po listićima)": 51, "Važeći listići": 50, "Nevažeći listići": 1 }, "latitude": 46.0395003, "longitude": 16.2363925, "population": 74 }, "geometry": { "type": "Polygon", "coordinates": [ [ [ 16.221349606871929, 46.056942672612493 ], [ 16.224227668932638, 46.057187569096115 ], [ 16.243983422106751, 46.040488246441235 ], [ 16.234724852905543, 46.025218387358635 ], [ 16.232453349931788, 46.026399034104323 ], [ 16.221349606871929, 46.056942672612493 ] ] ] } },
{ "type": "Feature", "properties": { "BM": 473, "data": { "Oznaka Gr/Op/Dr": "grad", "Grad/općina/država": "DUGO SELO", "Rbr BM": 6, "Naziv BM": "DUGO SELO - JUG II", "Lokacija BM": "GRADSKA VIJEĆNICA GRADA DUGOG SELA", "Adresa BM": "DUGO SELO, JOSIPA ZORIĆA 1", "Glasovalo birača": 423, "Glasovalo birača (po listićima)": 423, "Važeći listići": 414, "Nevažeći listići": 9 }, "latitude": 45.8060236, "longitude": 16.2331153, "population": 763 }, "geometry": { "type": "Polygon", "coordinates": [ [ [ 16.229730514027509, 45.802255736704254 ], [ 16.230721549844279, 45.808278469101069 ], [ 16.234066852881181, 45.809180909708026 ], [ 16.236751156867761, 45.795305633223641 ], [ 16.234832675919243, 45.785437484334274 ], [ 16.229730514027509, 45.802255736704254 ] ] ] } },
{ "type": "Feature", "properties": { "BM": 481, "data": { "Oznaka Gr/Op/Dr": "grad", "Grad/općina/država": "DUGO SELO", "Rbr BM": 14, "Naziv BM": "DUGO SELO - ISTOK III", "Lokacija BM": "OSNOVNA ŠKOLA JOSIPA ZORIĆA", "Adresa BM": "DUGO SELO, JOSIPA ZORIĆA 86", "Glasovalo birača": 384, "Glasovalo birača (po listićima)": 384, "Važeći listići": 371, "Nevažeći listići": 13 }, "latitude": 45.8038807, "longitude": 16.2441378, "population": 599 }, "geometry": { "type": "Polygon", "coordinates": [ [ [ 16.234832675919243, 45.785437484334274 ], [ 16.236751156867761, 45.795305633223641 ], [ 16.243851058717816, 45.816172144732882 ], [ 16.255535988050468, 45.800280232354766 ], [ 16.259783806824252, 45.787230376453444 ], [ 16.259678141062004, 45.787025804720301 ], [ 16.25763341567718, 45.784582500230108 ], [ 16.25743753477342, 45.784482224123124 ], [ 16.236776119645956, 45.777672379501588 ], [ 16.234972843409569, 45.778175319431853 ], [ 16.234832675919243, 45.785437484334274 ] ] ] } },
{ "type": "Feature", "properties": { "BM": 608, "data": { "Oznaka Gr/Op/Dr": "grad", "Grad/općina/država": "SVETI IVAN ZELINA", "Rbr BM": 1, "Naziv BM": "SVETI IVAN ZELINA I", "Lokacija BM": "SV. IVAN ZELINA", "Adresa BM": "TRG A. STARČEVIĆA 1", "Glasovalo birača": 664, "Glasovalo birača (po listićima)": 664, "Važeći listići": 640, "Nevažeći listići": 24 }, "latitude": 45.959037, "longitude": 16.2421679, "population": 988 }, "geometry": { "type": "Polygon", "coordinates": [ [ [ 16.239070748843986, 45.966237288658171 ], [ 16.247745612948904, 45.950098382050939 ], [ 16.243834941026495, 45.944633737232209 ], [ 16.239962989805541, 45.944404093574441 ], [ 16.236024481630388, 45.951649553473359 ], [ 16.239070748843986, 45.966237288658171 ] ] ] } },
{ "type": "Feature", "properties": { "BM": 630, "data": { "Oznaka Gr/Op/Dr": "grad", "Grad/općina/država": "SVETI IVAN ZELINA", "Rbr BM": 23, "Naziv BM": "GORIČANEC", "Lokacija BM": "DRUŠTVENI DOM", "Adresa BM": "GORIČANEC 1 B", "Glasovalo birača": 89, "Glasovalo birača (po listićima)": 89, "Važeći listići": 84, "Nevažeći listići": 5 }, "latitude": 45.897411, "longitude": 16.2440548, "population": 146 }, "geometry": { "type": "Polygon", "coordinates": [ [ [ 16.230381586924146, 45.895959840132221 ], [ 16.246247793550747, 45.913784729392766 ], [ 16.248519822657123, 45.913796720183043 ], [ 16.253594755783006, 45.896124413134679 ], [ 16.232143195267842, 45.88674114003571 ], [ 16.230381586924146, 45.895959840132221 ] ] ] } },
{ "type": "Feature", "properties": { "BM": 609, "data": { "Oznaka Gr/Op/Dr": "grad", "Grad/općina/država": "SVETI IVAN ZELINA", "Rbr BM": 2, "Naziv BM": "SV. IVAN ZELINA II", "Lokacija BM": "SV. IVAN ZELINA", "Adresa BM": "TRG A. STARČEVIĆA 12", "Glasovalo birača": 464, "Glasovalo birača (po listićima)": 464, "Važeći listići": 446, "Nevažeći listići": 18 }, "latitude": 45.9596818, "longitude": 16.2433675, "population": 755 }, "geometry": { "type": "Polygon", "coordinates": [ [ [ 16.239226122616312, 45.967538121931213 ], [ 16.244202881263966, 45.96988517685125 ], [ 16.250591854234568, 45.960322547957759 ], [ 16.251377289940294, 45.954536316861564 ], [ 16.247745612948904, 45.950098382050939 ], [ 16.239070748843986, 45.966237288658171 ], [ 16.239226122616312, 45.967538121931213 ] ] ] } },
{ "type": "Feature", "properties": { "BM": 475, "data": { "Oznaka Gr/Op/Dr": "grad", "Grad/općina/država": "DUGO SELO", "Rbr BM": 8, "Naziv BM": "DUGO SELO - SJEVER I", "Lokacija BM": "ZGRADA PUČKOG OTVORENOG UČILIŠTA-PRIZEMLJE", "Adresa BM": "DUGO SELO, JOSIPA ZORIĆA 21 A", "Glasovalo birača": 429, "Glasovalo birača (po listićima)": 429, "Važeći listići": 419, "Nevažeći listići": 10 }, "latitude": 45.8066063, "longitude": 16.2361273, "population": 676 }, "geometry": { "type": "Polygon", "coordinates": [ [ [ 16.243851058717816, 45.816172144732882 ], [ 16.236751156867761, 45.795305633223641 ], [ 16.234066852881181, 45.809180909708026 ], [ 16.243376175856501, 45.817806841554273 ], [ 16.243851058717816, 45.816172144732882 ] ] ] } },
{ "type": "Feature", "properties": { "BM": 486, "data": { "Oznaka Gr/Op/Dr": "grad", "Grad/općina/država": "DUGO SELO", "Rbr BM": 19, "Naziv BM": "KOZINŠČAK I", "Lokacija BM": "UGOSTITELJSKI OBRT \"LIVNO\" VL. MLADENKA NUJIĆ", "Adresa BM": "KOZINŠČAK, KOZINSKA 31", "Glasovalo birača": 325, "Glasovalo birača (po listićima)": 325, "Važeći listići": 315, "Nevažeći listići": 10 }, "latitude": 45.8122335, "longitude": 16.2554979, "population": 583 }, "geometry": { "type": "Polygon", "coordinates": [ [ [ 16.243376175856501, 45.817806841554273 ], [ 16.243309282716989, 45.819794906994744 ], [ 16.252488958291739, 45.830070666146582 ], [ 16.25275747648902, 45.830012165437523 ], [ 16.259070704443616, 45.811086326371878 ], [ 16.255535988050468, 45.800280232354766 ], [ 16.243851058717816, 45.816172144732882 ], [ 16.243376175856501, 45.817806841554273 ] ] ] } },
{ "type": "Feature", "properties": { "BM": 619, "data": { "Oznaka Gr/Op/Dr": "grad", "Grad/općina/država": "SVETI IVAN ZELINA", "Rbr BM": 12, "Naziv BM": "CURKOVEC", "Lokacija BM": "DRUŠTVENI DOM", "Adresa BM": "CURKOVEC 12", "Glasovalo birača": 35, "Glasovalo birača (po listićima)": 35, "Važeći listići": 33, "Nevažeći listići": 2 }, "latitude": 45.9301344, "longitude": 16.2438821, "population": 63 }, "geometry": { "type": "Polygon", "coordinates": [ [ [ 16.239962989805541, 45.944404093574441 ], [ 16.243834941026495, 45.944633737232209 ], [ 16.250930971138072, 45.93892908398994 ], [ 16.261937381462406, 45.922040771326344 ], [ 16.248519822657123, 45.913796720183043 ], [ 16.246247793550747, 45.913784729392766 ], [ 16.23620470522679, 45.920493266347265 ], [ 16.238996772866322, 45.94357913129177 ], [ 16.239962989805541, 45.944404093574441 ] ] ] } },
{ "type": "Feature", "properties": { "BM": 638, "data": { "Oznaka Gr/Op/Dr": "grad", "Grad/općina/država": "SVETI IVAN ZELINA", "Rbr BM": 31, "Naziv BM": "KALINJE", "Lokacija BM": "DRUŠTVENI DOM", "Adresa BM": "KALINJE 13 A", "Glasovalo birača": 129, "Glasovalo birača (po listićima)": 129, "Važeći listići": 125, "Nevažeći listići": 4 }, "latitude": 45.9806608, "longitude": 16.2405663, "population": 207 }, "geometry": { "type": "Polygon", "coordinates": [ [ [ 16.225143507730348, 45.994773394646224 ], [ 16.253475979234807, 45.985418528831325 ], [ 16.250893345534699, 45.977204199695691 ], [ 16.245035487342626, 45.971568117446616 ], [ 16.222390198625611, 45.993469235773503 ], [ 16.225143507730348, 45.994773394646224 ] ] ] } },
{ "type": "Feature", "properties": { "BM": 846, "data": { "Oznaka Gr/Op/Dr": "općina", "Grad/općina/država": "BEDENICA", "Rbr BM": 6, "Naziv BM": "BIČAKI", "Lokacija BM": "VATROGASNI DOM", "Adresa BM": "BEDENICA BB", "Glasovalo birača": 75, "Glasovalo birača (po listićima)": 75, "Važeći listići": 73, "Nevažeći listići": 2 }, "latitude": 46.0333007, "longitude": 16.2466173, "population": 120 }, "geometry": { "type": "Polygon", "coordinates": [ [ [ 16.234724852905543, 46.025218387358635 ], [ 16.243983422106751, 46.040488246441235 ], [ 16.24724425774572, 46.041130809301492 ], [ 16.248050463825201, 46.025473037542305 ], [ 16.237247626093897, 46.021985498753821 ], [ 16.234724852905543, 46.025218387358635 ] ] ] } },
{ "type": "Feature", "properties": { "BM": 640, "data": { "Oznaka Gr/Op/Dr": "grad", "Grad/općina/država": "SVETI IVAN ZELINA", "Rbr BM": 33, "Naziv BM": "DONJE OREŠJE", "Lokacija BM": "DRUŠTVENI DOM", "Adresa BM": "BISTRIČKA 79, DONJE OREŠJE", "Glasovalo birača": 249, "Glasovalo birača (po listićima)": 249, "Važeći listići": 241, "Nevažeći listići": 8 }, "latitude": 45.9969279, "longitude": 16.2459374, "population": 384 }, "geometry": { "type": "Polygon", "coordinates": [ [ [ 16.23837172365463, 46.010279842179841 ], [ 16.244419205614797, 46.008714673850115 ], [ 16.259288545202477, 45.992019424171097 ], [ 16.254567745633938, 45.98615613894097 ], [ 16.253475979234807, 45.985418528831325 ], [ 16.225143507730348, 45.994773394646224 ], [ 16.23837172365463, 46.010279842179841 ] ] ] } },
{ "type": "Feature", "properties": { "BM": 634, "data": { "Oznaka Gr/Op/Dr": "grad", "Grad/općina/država": "SVETI IVAN ZELINA", "Rbr BM": 27, "Naziv BM": "BUKEVJE", "Lokacija BM": "DRUŠTVENI DOM", "Adresa BM": "BUKEVJE 15 A", "Glasovalo birača": 53, "Glasovalo birača (po listićima)": 53, "Važeći listići": 51, "Nevažeći listići": 2 }, "latitude": 45.8710455, "longitude": 16.2467497, "population": 80 }, "geometry": { "type": "Polygon", "coordinates": [ [ [ 16.231379760744812, 45.880870120496056 ], [ 16.264080383759463, 45.878371579280255 ], [ 16.267347823183069, 45.865774795641627 ], [ 16.264756593112381, 45.864190966680169 ], [ 16.242246112181643, 45.8617600837159 ], [ 16.22909375422914, 45.87768020117062 ], [ 16.231379760744812, 45.880870120496056 ] ] ] } },
{ "type": "Feature", "properties": { "BM": 329, "data": { "Oznaka Gr/Op/Dr": "općina", "Grad/općina/država": "ORLE", "Rbr BM": 4, "Naziv BM": "VELEŠEVEC", "Lokacija BM": "DRUŠTVENI DOM", "Adresa BM": "VELEŠEVEC 81", "Glasovalo birača": 219, "Glasovalo birača (po listićima)": 219, "Važeći listići": 213, "Nevažeći listići": 6 }, "latitude": 45.6543749, "longitude": 16.2641478, "population": 414 }, "geometry": { "type": "Polygon", "coordinates": [ [ [ 16.256252081736832, 45.668478664174295 ], [ 16.25950660389325, 45.669823660717455 ], [ 16.279335594251791, 45.657115799646562 ], [ 16.247963560132725, 45.611685016609478 ], [ 16.213263847822926, 45.636917434027303 ], [ 16.256252081736832, 45.668478664174295 ] ] ] } },
{ "type": "Feature", "properties": { "BM": 843, "data": { "Oznaka Gr/Op/Dr": "općina", "Grad/općina/država": "BEDENICA", "Rbr BM": 3, "Naziv BM": "TURKOVČINA", "Lokacija BM": "VATROGASNI DOM", "Adresa BM": "TURKOVČINA BB", "Glasovalo birača": 168, "Glasovalo birača (po listićima)": 168, "Važeći listići": 160, "Nevažeći listići": 8 }, "latitude": 46.0481377, "longitude": 16.2436936, "population": 252 }, "geometry": { "type": "Polygon", "coordinates": [ [ [ 16.25074661031358, 46.066911546438305 ], [ 16.263921506062193, 46.051164830591155 ], [ 16.264766347883963, 46.047052507856478 ], [ 16.24724425774572, 46.041130809301492 ], [ 16.243983422106751, 46.040488246441235 ], [ 16.224227668932638, 46.057187569096115 ], [ 16.25074661031358, 46.066911546438305 ] ] ] } },
{ "type": "Feature", "properties": { "BM": 610, "data": { "Oznaka Gr/Op/Dr": "grad", "Grad/općina/država": "SVETI IVAN ZELINA", "Rbr BM": 3, "Naziv BM": "SV.IVAN ZELINA III", "Lokacija BM": "PROSTOR UDRUGE \"MOTO I OFFROAD KLUB\"", "Adresa BM": "V.NAZORA 64", "Glasovalo birača": 393, "Glasovalo birača (po listićima)": 393, "Važeći listići": 382, "Nevažeći listići": 11 }, "latitude": 45.9667515, "longitude": 16.253949, "population": 588 }, "geometry": { "type": "Polygon", "coordinates": [ [ [ 16.245035487342626, 45.971568117446616 ], [ 16.250893345534699, 45.977204199695691 ], [ 16.26047117854511, 45.96760871121495 ], [ 16.250591854234568, 45.960322547957759 ], [ 16.244202881263966, 45.96988517685125 ], [ 16.245035487342626, 45.971568117446616 ] ] ] } },
{ "type": "Feature", "properties": { "BM": 363, "data": { "Oznaka Gr/Op/Dr": "općina", "Grad/općina/država": "RUGVICA", "Rbr BM": 13, "Naziv BM": "OBOROVO DONJE", "Lokacija BM": "DOM U OBOROVU", "Adresa BM": "OBOROVO", "Glasovalo birača": 157, "Glasovalo birača (po listićima)": 157, "Važeći listići": 154, "Nevažeći listići": 3 }, "latitude": 45.6840417, "longitude": 16.2518874, "population": 294 }, "geometry": { "type": "Polygon", "coordinates": [ [ [ 16.26827303726294, 45.716577016284077 ], [ 16.278531516361852, 45.707287417301075 ], [ 16.25950660389325, 45.669823660717455 ], [ 16.256252081736832, 45.668478664174295 ], [ 16.240659392564091, 45.696041018457592 ], [ 16.26827303726294, 45.716577016284077 ] ] ] } },
{ "type": "Feature", "properties": { "BM": 652, "data": { "Oznaka Gr/Op/Dr": "grad", "Grad/općina/država": "SVETI IVAN ZELINA", "Rbr BM": 45, "Naziv BM": "ŠULINEC", "Lokacija BM": "DRUŠTVENI DOM", "Adresa BM": "ŠULINEC 26 A", "Glasovalo birača": 129, "Glasovalo birača (po listićima)": 129, "Važeći listići": 125, "Nevažeći listići": 4 }, "latitude": 45.9477029, "longitude": 16.2580058, "population": 197 }, "geometry": { "type": "Polygon", "coordinates": [ [ [ 16.247745612948904, 45.950098382050939 ], [ 16.251377289940294, 45.954536316861564 ], [ 16.271703374290148, 45.954945234848829 ], [ 16.270707549353503, 45.951776236755194 ], [ 16.250930971138072, 45.93892908398994 ], [ 16.243834941026495, 45.944633737232209 ], [ 16.247745612948904, 45.950098382050939 ] ] ] } },
{ "type": "Feature", "properties": { "BM": 631, "data": { "Oznaka Gr/Op/Dr": "grad", "Grad/općina/država": "SVETI IVAN ZELINA", "Rbr BM": 24, "Naziv BM": "KRIŽEVČEC", "Lokacija BM": "DRUŠTVENI DOM", "Adresa BM": "KRIŽEVČEC  1 B", "Glasovalo birača": 53, "Glasovalo birača (po listićima)": 53, "Važeći listići": 52, "Nevažeći listići": 1 }, "latitude": 45.8882456, "longitude": 16.2480639, "population": 72 }, "geometry": { "type": "Polygon", "coordinates": [ [ [ 16.253594755783006, 45.896124413134679 ], [ 16.265593666856681, 45.885063190908788 ], [ 16.264080383759463, 45.878371579280255 ], [ 16.231379760744812, 45.880870120496056 ], [ 16.232143195267842, 45.88674114003571 ], [ 16.253594755783006, 45.896124413134679 ] ] ] } },
{ "type": "Feature", "properties": { "BM": 639, "data": { "Oznaka Gr/Op/Dr": "grad", "Grad/općina/država": "SVETI IVAN ZELINA", "Rbr BM": 32, "Naziv BM": "PRETOKI", "Lokacija BM": "DRUŠTVENI DOM", "Adresa BM": "PRETOKI 22", "Glasovalo birača": 248, "Glasovalo birača (po listićima)": 248, "Važeći listići": 245, "Nevažeći listići": 3 }, "latitude": 45.9741293, "longitude": 16.2613404, "population": 414 }, "geometry": { "type": "Polygon", "coordinates": [ [ [ 16.253475979234807, 45.985418528831325 ], [ 16.254567745633938, 45.98615613894097 ], [ 16.27423491948732, 45.967494346743855 ], [ 16.273255087811894, 45.963911365516068 ], [ 16.26047117854511, 45.96760871121495 ], [ 16.250893345534699, 45.977204199695691 ], [ 16.253475979234807, 45.985418528831325 ] ] ] } },
{ "type": "Feature", "properties": { "BM": 628, "data": { "Oznaka Gr/Op/Dr": "grad", "Grad/općina/država": "SVETI IVAN ZELINA", "Rbr BM": 21, "Naziv BM": "BANJE SELO", "Lokacija BM": "DRUŠTVENI DOM", "Adresa BM": "BANJE SELO 48", "Glasovalo birača": 63, "Glasovalo birača (po listićima)": 63, "Važeći listići": 62, "Nevažeći listići": 1 }, "latitude": 45.8536502, "longitude": 16.2486282, "population": 117 }, "geometry": { "type": "Polygon", "coordinates": [ [ [ 16.242246112181643, 45.8617600837159 ], [ 16.264756593112381, 45.864190966680169 ], [ 16.248607973861272, 45.83790299649889 ], [ 16.236782421405909, 45.845336265204601 ], [ 16.242246112181643, 45.8617600837159 ] ] ] } },
{ "type": "Feature", "properties": { "BM": 356, "data": { "Oznaka Gr/Op/Dr": "općina", "Grad/općina/država": "RUGVICA", "Rbr BM": 6, "Naziv BM": "ČRNEC RUGVIČKI", "Lokacija BM": "KUĆA HORVAT IVANA", "Adresa BM": "ČRNEC RUGVIČKI, S. RADIĆA 7", "Glasovalo birača": 55, "Glasovalo birača (po listićima)": 55, "Važeći listići": 49, "Nevažeći listići": 6 }, "latitude": 45.7609774, "longitude": 16.2582784, "population": 63 }, "geometry": { "type": "Polygon", "coordinates": [ [ [ 16.251821636208366, 45.732304949902286 ], [ 16.236776119645956, 45.777672379501588 ], [ 16.25743753477342, 45.784482224123124 ], [ 16.266496280389667, 45.737511463680647 ], [ 16.265355610104134, 45.726756361996038 ], [ 16.264724524080179, 45.725722633865196 ], [ 16.251821636208366, 45.732304949902286 ] ] ] } },
{ "type": "Feature", "properties": { "BM": 331, "data": { "Oznaka Gr/Op/Dr": "općina", "Grad/općina/država": "ORLE", "Rbr BM": 6, "Naziv BM": "SUŠA", "Lokacija BM": "VATROGASNI DOM", "Adresa BM": "SUŠA BB", "Glasovalo birača": 53, "Glasovalo birača (po listićima)": 53, "Važeći listići": 52, "Nevažeći listići": 1 }, "latitude": 45.6304126, "longitude": 16.2916985, "population": 80 }, "geometry": { "type": "Polygon", "coordinates": [ [ [ 16.251818455034741, 45.607109146590616 ], [ 16.290076320762573, 45.638786127155299 ], [ 16.301620016422927, 45.632517369237135 ], [ 16.306420224254712, 45.611486666734883 ], [ 16.297938600894753, 45.583869989490019 ], [ 16.293349303279779, 45.577219133630869 ], [ 16.26960326568852, 45.581070258095195 ], [ 16.266083292131007, 45.583167531496123 ], [ 16.251818455034741, 45.607109146590616 ] ] ] } },
{ "type": "Feature", "properties": { "BM": 627, "data": { "Oznaka Gr/Op/Dr": "grad", "Grad/općina/država": "SVETI IVAN ZELINA", "Rbr BM": 20, "Naziv BM": "SVETA HELENA", "Lokacija BM": "DRUŠTVENI DOM", "Adresa BM": "SV. HELENA 54/A", "Glasovalo birača": 236, "Glasovalo birača (po listićima)": 236, "Važeći listići": 220, "Nevažeći listići": 16 }, "latitude": 45.9022767, "longitude": 16.2609985, "population": 446 }, "geometry": { "type": "Polygon", "coordinates": [ [ [ 16.261937381462406, 45.922040771326344 ], [ 16.264419810619113, 45.921989020184384 ], [ 16.274264175459436, 45.909964349093677 ], [ 16.27715088755998, 45.896570187165985 ], [ 16.265593666856681, 45.885063190908788 ], [ 16.253594755783006, 45.896124413134679 ], [ 16.248519822657123, 45.913796720183043 ], [ 16.261937381462406, 45.922040771326344 ] ] ] } },
{ "type": "Feature", "properties": { "BM": 841, "data": { "Oznaka Gr/Op/Dr": "općina", "Grad/općina/država": "BEDENICA", "Rbr BM": 1, "Naziv BM": "BEDENICA", "Lokacija BM": "DRUŠTVENI DOM", "Adresa BM": "BEDENICA 112", "Glasovalo birača": 172, "Glasovalo birača (po listićima)": 172, "Važeći listići": 164, "Nevažeći listići": 8 }, "latitude": 46.0334065, "longitude": 16.2486721, "population": 284 }, "geometry": { "type": "Polygon", "coordinates": [ [ [ 16.264766347883963, 46.047052507856478 ], [ 16.268337667553578, 46.041601270260294 ], [ 16.26863604045943, 46.029275001528951 ], [ 16.248050463825201, 46.025473037542305 ], [ 16.24724425774572, 46.041130809301492 ], [ 16.264766347883963, 46.047052507856478 ] ] ] } },
{ "type": "Feature", "properties": { "BM": 845, "data": { "Oznaka Gr/Op/Dr": "općina", "Grad/općina/država": "BEDENICA", "Rbr BM": 5, "Naziv BM": "OMAMNO", "Lokacija BM": "VATROGASNI DOM", "Adresa BM": "OMAMNO BB", "Glasovalo birača": 65, "Glasovalo birača (po listićima)": 65, "Važeći listići": 62, "Nevažeći listići": 3 }, "latitude": 46.018285, "longitude": 16.2514649, "population": 130 }, "geometry": { "type": "Polygon", "coordinates": [ [ [ 16.23837172365463, 46.010279842179841 ], [ 16.237247626093897, 46.021985498753821 ], [ 16.248050463825201, 46.025473037542305 ], [ 16.26863604045943, 46.029275001528951 ], [ 16.272398127508218, 46.020640489402346 ], [ 16.271504742258131, 46.018487026584445 ], [ 16.244419205614797, 46.008714673850115 ], [ 16.23837172365463, 46.010279842179841 ] ] ] } },
{ "type": "Feature", "properties": { "BM": 632, "data": { "Oznaka Gr/Op/Dr": "grad", "Grad/općina/država": "SVETI IVAN ZELINA", "Rbr BM": 25, "Naziv BM": "MAJKOVEC", "Lokacija BM": "DRUŠTVENI DOM", "Adresa BM": "ULICA SVETOG TROJSTVA 50, MAJKOVEC", "Glasovalo birača": 101, "Glasovalo birača (po listićima)": 101, "Važeći listići": 100, "Nevažeći listići": 1 }, "latitude": 45.8803931, "longitude": 16.282787, "population": 176 }, "geometry": { "type": "Polygon", "coordinates": [ [ [ 16.265593666856681, 45.885063190908788 ], [ 16.27715088755998, 45.896570187165985 ], [ 16.290599565632501, 45.893340331936159 ], [ 16.295565592636876, 45.887964093333196 ], [ 16.297714723393732, 45.875890338907027 ], [ 16.275439064390657, 45.861165007016595 ], [ 16.267347823183069, 45.865774795641627 ], [ 16.264080383759463, 45.878371579280255 ], [ 16.265593666856681, 45.885063190908788 ] ] ] } },
{ "type": "Feature", "properties": { "BM": 611, "data": { "Oznaka Gr/Op/Dr": "grad", "Grad/općina/država": "SVETI IVAN ZELINA", "Rbr BM": 4, "Naziv BM": "DONJA TOPLIČICA", "Lokacija BM": "DRUŠTVENI DOM", "Adresa BM": "DONJA TOPLIČICA 4", "Glasovalo birača": 36, "Glasovalo birača (po listićima)": 36, "Važeći listići": 36, "Nevažeći listići": 0 }, "latitude": 45.9616308, "longitude": 16.2577256, "population": 51 }, "geometry": { "type": "Polygon", "coordinates": [ [ [ 16.250591854234568, 45.960322547957759 ], [ 16.26047117854511, 45.96760871121495 ], [ 16.273255087811894, 45.963911365516068 ], [ 16.27427697257205, 45.957595508652219 ], [ 16.271703374290148, 45.954945234848829 ], [ 16.251377289940294, 45.954536316861564 ], [ 16.250591854234568, 45.960322547957759 ] ] ] } },
{ "type": "Feature", "properties": { "BM": 645, "data": { "Oznaka Gr/Op/Dr": "grad", "Grad/općina/država": "SVETI IVAN ZELINA", "Rbr BM": 38, "Naziv BM": "ZADRKOVEC", "Lokacija BM": "DRUŠTVENI DOM", "Adresa BM": "ZADRKOVEC 25 D", "Glasovalo birača": 121, "Glasovalo birača (po listićima)": 121, "Važeći listići": 119, "Nevažeći listići": 2 }, "latitude": 46.0058475, "longitude": 16.2559523, "population": 248 }, "geometry": { "type": "Polygon", "coordinates": [ [ [ 16.271504742258131, 46.018487026584445 ], [ 16.270259073206795, 45.996684241432028 ], [ 16.259288545202477, 45.992019424171097 ], [ 16.244419205614797, 46.008714673850115 ], [ 16.271504742258131, 46.018487026584445 ] ] ] } },
{ "type": "Feature", "properties": { "BM": 861, "data": { "Oznaka Gr/Op/Dr": "općina", "Grad/općina/država": "BRCKOVLJANI", "Rbr BM": 2, "Naziv BM": "HREBINEC", "Lokacija BM": "DRUŠTVENI DOM", "Adresa BM": "HREBINEČKA 81, HREBINEC", "Glasovalo birača": 151, "Glasovalo birača (po listićima)": 151, "Važeći listići": 141, "Nevažeći listići": 10 }, "latitude": 45.8450396, "longitude": 16.2626452, "population": 264 }, "geometry": { "type": "Polygon", "coordinates": [ [ [ 16.267347823183069, 45.865774795641627 ], [ 16.275439064390657, 45.861165007016595 ], [ 16.281173595912822, 45.848702729970626 ], [ 16.277985988014681, 45.839632153463718 ], [ 16.261140087458472, 45.829630657849144 ], [ 16.25275747648902, 45.830012165437523 ], [ 16.252488958291739, 45.830070666146582 ], [ 16.248607973861272, 45.83790299649889 ], [ 16.264756593112381, 45.864190966680169 ], [ 16.267347823183069, 45.865774795641627 ] ] ] } },
{ "type": "Feature", "properties": { "BM": 359, "data": { "Oznaka Gr/Op/Dr": "općina", "Grad/općina/država": "RUGVICA", "Rbr BM": 9, "Naziv BM": "DONJA GREDA", "Lokacija BM": "DOM U DONJOJ GREDI", "Adresa BM": "DONJA GREDA", "Glasovalo birača": 84, "Glasovalo birača (po listićima)": 84, "Važeći listići": 84, "Nevažeći listići": 0 }, "latitude": 45.7587316, "longitude": 16.2794535, "population": 107 }, "geometry": { "type": "Polygon", "coordinates": [ [ [ 16.266496280389667, 45.737511463680647 ], [ 16.273977764952388, 45.766568707075848 ], [ 16.287875491976902, 45.766956549001399 ], [ 16.285571094823297, 45.744241344981468 ], [ 16.265355610104134, 45.726756361996038 ], [ 16.266496280389667, 45.737511463680647 ] ] ] } },
{ "type": "Feature", "properties": { "BM": 653, "data": { "Oznaka Gr/Op/Dr": "grad", "Grad/općina/država": "SVETI IVAN ZELINA", "Rbr BM": 46, "Naziv BM": "KREČAVES", "Lokacija BM": "DRUŠTVENI DOM", "Adresa BM": "KREČAVES 53", "Glasovalo birača": 108, "Glasovalo birača (po listićima)": 108, "Važeći listići": 106, "Nevažeći listići": 2 }, "latitude": 45.9411697, "longitude": 16.2787963, "population": 179 }, "geometry": { "type": "Polygon", "coordinates": [ [ [ 16.271703374290148, 45.954945234848829 ], [ 16.27427697257205, 45.957595508652219 ], [ 16.275059816513608, 45.957290812741995 ], [ 16.295307165131213, 45.935217107192564 ], [ 16.269784708197214, 45.927938678091266 ], [ 16.270707549353503, 45.951776236755194 ], [ 16.271703374290148, 45.954945234848829 ] ] ] } },
{ "type": "Feature", "properties": { "BM": 485, "data": { "Oznaka Gr/Op/Dr": "grad", "Grad/općina/država": "DUGO SELO", "Rbr BM": 18, "Naziv BM": "LUKARIŠĆE", "Lokacija BM": "POSLOVNI PROSTOR VL. KARMEN PAVLIC", "Adresa BM": "LUKARIŠĆE, BJELOVARSKA 17", "Glasovalo birača": 524, "Glasovalo birača (po listićima)": 524, "Važeći listići": 510, "Nevažeći listići": 14 }, "latitude": 45.8099003, "longitude": 16.2626308, "population": 937 }, "geometry": { "type": "Polygon", "coordinates": [ [ [ 16.255535988050468, 45.800280232354766 ], [ 16.259070704443616, 45.811086326371878 ], [ 16.270910548262361, 45.814964290469845 ], [ 16.278164993503808, 45.808196053166014 ], [ 16.276802670262239, 45.800286690458549 ], [ 16.259783806824252, 45.787230376453444 ], [ 16.255535988050468, 45.800280232354766 ] ] ] } },
{ "type": "Feature", "properties": { "BM": 487, "data": { "Oznaka Gr/Op/Dr": "grad", "Grad/općina/država": "DUGO SELO", "Rbr BM": 20, "Naziv BM": "KOZINŠČAK II", "Lokacija BM": "OBITELJSKA KUĆA VL. DUŠAN ŽIVKOVIĆ", "Adresa BM": "KOZINŠČAK, ULICA TOME KAPITANA 6", "Glasovalo birača": 354, "Glasovalo birača (po listićima)": 354, "Važeći listići": 352, "Nevažeći listići": 2 }, "latitude": 45.8141487, "longitude": 16.2612393, "population": 582 }, "geometry": { "type": "Polygon", "coordinates": [ [ [ 16.25275747648902, 45.830012165437523 ], [ 16.261140087458472, 45.829630657849144 ], [ 16.270910548262361, 45.814964290469845 ], [ 16.259070704443616, 45.811086326371878 ], [ 16.25275747648902, 45.830012165437523 ] ] ] } },
{ "type": "Feature", "properties": { "BM": 642, "data": { "Oznaka Gr/Op/Dr": "grad", "Grad/općina/država": "SVETI IVAN ZELINA", "Rbr BM": 35, "Naziv BM": "HRASTJE", "Lokacija BM": "DRUŠTVENI DOM", "Adresa BM": "HRASTJE 52", "Glasovalo birača": 184, "Glasovalo birača (po listićima)": 184, "Važeći listići": 180, "Nevažeći listići": 4 }, "latitude": 45.9800233, "longitude": 16.2669331, "population": 280 }, "geometry": { "type": "Polygon", "coordinates": [ [ [ 16.259288545202477, 45.992019424171097 ], [ 16.270259073206795, 45.996684241432028 ], [ 16.278504073783388, 45.990335839344823 ], [ 16.278836858823112, 45.989162106973374 ], [ 16.279851040354625, 45.976636184766171 ], [ 16.27423491948732, 45.967494346743855 ], [ 16.254567745633938, 45.98615613894097 ], [ 16.259288545202477, 45.992019424171097 ] ] ] } },
{ "type": "Feature", "properties": { "BM": 651, "data": { "Oznaka Gr/Op/Dr": "grad", "Grad/općina/država": "SVETI IVAN ZELINA", "Rbr BM": 44, "Naziv BM": "MARINOVEC ZELINSKI", "Lokacija BM": "DRUŠTVENI DOM", "Adresa BM": "MARINOVEC ZELINSKI 27", "Glasovalo birača": 68, "Glasovalo birača (po listićima)": 68, "Važeći listići": 67, "Nevažeći listići": 1 }, "latitude": 45.9418268, "longitude": 16.261823, "population": 106 }, "geometry": { "type": "Polygon", "coordinates": [ [ [ 16.250930971138072, 45.93892908398994 ], [ 16.270707549353503, 45.951776236755194 ], [ 16.269784708197214, 45.927938678091266 ], [ 16.264419810619113, 45.921989020184384 ], [ 16.261937381462406, 45.922040771326344 ], [ 16.250930971138072, 45.93892908398994 ] ] ] } },
{ "type": "Feature", "properties": { "BM": 355, "data": { "Oznaka Gr/Op/Dr": "općina", "Grad/općina/država": "RUGVICA", "Rbr BM": 5, "Naziv BM": "ČRNEC DUGOSELSKI", "Lokacija BM": "DOM U ČRNCU DUGOSELSKOM", "Adresa BM": "ČRNEC DUGOSELSKI", "Glasovalo birača": 94, "Glasovalo birača (po listićima)": 94, "Važeći listići": 91, "Nevažeći listići": 3 }, "latitude": 45.7623505, "longitude": 16.2653981, "population": 159 }, "geometry": { "type": "Polygon", "coordinates": [ [ [ 16.25763341567718, 45.784582500230108 ], [ 16.273977764952388, 45.766568707075848 ], [ 16.266496280389667, 45.737511463680647 ], [ 16.25743753477342, 45.784482224123124 ], [ 16.25763341567718, 45.784582500230108 ] ] ] } },
{ "type": "Feature", "properties": { "BM": 1071, "data": { "Oznaka Gr/Op/Dr": "općina", "Grad/općina/država": "RAKOVEC", "Rbr BM": 4, "Naziv BM": "BANIČEVEC", "Lokacija BM": "DRUŠTVENI DOM", "Adresa BM": "BANIČEVEC 39", "Glasovalo birača": 127, "Glasovalo birača (po listićima)": 127, "Važeći listići": 126, "Nevažeći listići": 1 }, "latitude": 45.9214511, "longitude": 16.2844196, "population": 134 }, "geometry": { "type": "Polygon", "coordinates": [ [ [ 16.269784708197214, 45.927938678091266 ], [ 16.295307165131213, 45.935217107192564 ], [ 16.29854339151035, 45.934545234482862 ], [ 16.300038822526567, 45.929442784678649 ], [ 16.295520943108503, 45.918284506112656 ], [ 16.274264175459436, 45.909964349093677 ], [ 16.264419810619113, 45.921989020184384 ], [ 16.269784708197214, 45.927938678091266 ] ] ] } },
{ "type": "Feature", "properties": { "BM": 655, "data": { "Oznaka Gr/Op/Dr": "grad", "Grad/općina/država": "SVETI IVAN ZELINA", "Rbr BM": 48, "Naziv BM": "POLONJE I", "Lokacija BM": "DRUŠTVENI DOM", "Adresa BM": "POLONJE 8 A", "Glasovalo birača": 97, "Glasovalo birača (po listićima)": 97, "Važeći listići": 97, "Nevažeći listići": 0 }, "latitude": 45.9666442, "longitude": 16.2887114, "population": 179 }, "geometry": { "type": "Polygon", "coordinates": [ [ [ 16.273255087811894, 45.963911365516068 ], [ 16.27423491948732, 45.967494346743855 ], [ 16.279851040354625, 45.976636184766171 ], [ 16.310983793280922, 45.969880911436384 ], [ 16.310689165181252, 45.962433185343997 ], [ 16.275059816513608, 45.957290812741995 ], [ 16.27427697257205, 45.957595508652219 ], [ 16.273255087811894, 45.963911365516068 ] ] ] } },
{ "type": "Feature", "properties": { "BM": 494, "data": { "Oznaka Gr/Op/Dr": "grad", "Grad/općina/država": "DUGO SELO", "Rbr BM": 27, "Naziv BM": "DONJE DVORIŠĆE", "Lokacija BM": "VATROGASNI DOM DONJE DVORIŠĆE", "Adresa BM": "DONJE DVORIŠĆE, DVORIŠKA 43", "Glasovalo birača": 89, "Glasovalo birača (po listićima)": 89, "Važeći listići": 84, "Nevažeći listići": 5 }, "latitude": 45.8235749, "longitude": 16.2753889, "population": 159 }, "geometry": { "type": "Polygon", "coordinates": [ [ [ 16.270910548262361, 45.814964290469845 ], [ 16.261140087458472, 45.829630657849144 ], [ 16.277985988014681, 45.839632153463718 ], [ 16.290008877660874, 45.81942520090692 ], [ 16.278164993503808, 45.808196053166014 ], [ 16.270910548262361, 45.814964290469845 ] ] ] } },
{ "type": "Feature", "properties": { "BM": 357, "data": { "Oznaka Gr/Op/Dr": "općina", "Grad/općina/država": "RUGVICA", "Rbr BM": 7, "Naziv BM": "JEŽEVO", "Lokacija BM": "DOM U JEŽEVU", "Adresa BM": "JEŽEVO", "Glasovalo birača": 250, "Glasovalo birača (po listićima)": 250, "Važeći listići": 241, "Nevažeći listići": 9 }, "latitude": 45.7360996, "longitude": 16.2990286, "population": 374 }, "geometry": { "type": "Polygon", "coordinates": [ [ [ 16.265355610104134, 45.726756361996038 ], [ 16.285571094823297, 45.744241344981468 ], [ 16.324058295657895, 45.75254569855975 ], [ 16.327907768829462, 45.744482072258045 ], [ 16.283599778612651, 45.70542385374987 ], [ 16.278531516361852, 45.707287417301075 ], [ 16.26827303726294, 45.716577016284077 ], [ 16.264724524080179, 45.725722633865196 ], [ 16.265355610104134, 45.726756361996038 ] ] ] } },
{ "type": "Feature", "properties": { "BM": 491, "data": { "Oznaka Gr/Op/Dr": "grad", "Grad/općina/država": "DUGO SELO", "Rbr BM": 24, "Naziv BM": "LEPROVICA", "Lokacija BM": "DRUŠTVENI DOM LEPROVICA", "Adresa BM": "LEPROVICA, ZAGREBAČKA 49", "Glasovalo birača": 127, "Glasovalo birača (po listićima)": 126, "Važeći listići": 120, "Nevažeći listići": 6 }, "latitude": 45.774699, "longitude": 16.2790079, "population": 207 }, "geometry": { "type": "Polygon", "coordinates": [ [ [ 16.259678141062004, 45.787025804720301 ], [ 16.277076576244138, 45.78072128959743 ], [ 16.293071946925341, 45.771551397355061 ], [ 16.287875491976902, 45.766956549001399 ], [ 16.273977764952388, 45.766568707075848 ], [ 16.25763341567718, 45.784582500230108 ], [ 16.259678141062004, 45.787025804720301 ] ] ] } },
{ "type": "Feature", "properties": { "BM": 330, "data": { "Oznaka Gr/Op/Dr": "općina", "Grad/općina/država": "ORLE", "Rbr BM": 5, "Naziv BM": "RUČA", "Lokacija BM": "VATROGASNI DOM", "Adresa BM": "RUČA BB", "Glasovalo birača": 114, "Glasovalo birača (po listićima)": 113, "Važeći listići": 107, "Nevažeći listići": 6 }, "latitude": 45.6419419, "longitude": 16.2821524, "population": 176 }, "geometry": { "type": "Polygon", "coordinates": [ [ [ 16.247963560132725, 45.611685016609478 ], [ 16.279335594251791, 45.657115799646562 ], [ 16.281382484306175, 45.657569154588799 ], [ 16.29003952004091, 45.652271632347471 ], [ 16.290076320762573, 45.638786127155299 ], [ 16.251818455034741, 45.607109146590616 ], [ 16.247963560132725, 45.611685016609478 ] ] ] } },
{ "type": "Feature", "properties": { "BM": 364, "data": { "Oznaka Gr/Op/Dr": "općina", "Grad/općina/država": "RUGVICA", "Rbr BM": 14, "Naziv BM": "PREVLAKA", "Lokacija BM": "DOM U PREVLAKI", "Adresa BM": "PREVLAKA", "Glasovalo birača": 48, "Glasovalo birača (po listićima)": 48, "Važeći listići": 47, "Nevažeći listići": 1 }, "latitude": 45.67206, "longitude": 16.2754817, "population": 70 }, "geometry": { "type": "Polygon", "coordinates": [ [ [ 16.278531516361852, 45.707287417301075 ], [ 16.283599778612651, 45.70542385374987 ], [ 16.296029320089175, 45.694196596835731 ], [ 16.281382484306175, 45.657569154588799 ], [ 16.279335594251791, 45.657115799646562 ], [ 16.25950660389325, 45.669823660717455 ], [ 16.278531516361852, 45.707287417301075 ] ] ] } },
{ "type": "Feature", "properties": { "BM": 489, "data": { "Oznaka Gr/Op/Dr": "grad", "Grad/općina/država": "DUGO SELO", "Rbr BM": 22, "Naziv BM": "VELIKA OSTRNA II", "Lokacija BM": "VATROGASNI DOM VELIKA OSTRNA", "Adresa BM": "VELIKA OSTRNA, OMLADINSKA BB", "Glasovalo birača": 322, "Glasovalo birača (po listićima)": 322, "Važeći listići": 316, "Nevažeći listići": 6 }, "latitude": 45.7841084, "longitude": 16.2824175, "population": 569 }, "geometry": { "type": "Polygon", "coordinates": [ [ [ 16.259783806824252, 45.787230376453444 ], [ 16.276802670262239, 45.800286690458549 ], [ 16.297554733511085, 45.789193429556811 ], [ 16.277076576244138, 45.78072128959743 ], [ 16.259678141062004, 45.787025804720301 ], [ 16.259783806824252, 45.787230376453444 ] ] ] } },
{ "type": "Feature", "properties": { "BM": 646, "data": { "Oznaka Gr/Op/Dr": "grad", "Grad/općina/država": "SVETI IVAN ZELINA", "Rbr BM": 39, "Naziv BM": "KOMIN", "Lokacija BM": "DRUŠTVENI DOM", "Adresa BM": "KOMIN 3", "Glasovalo birača": 168, "Glasovalo birača (po listićima)": 168, "Važeći listići": 157, "Nevažeći listići": 11 }, "latitude": 46.0041584, "longitude": 16.2855164, "population": 264 }, "geometry": { "type": "Polygon", "coordinates": [ [ [ 16.272398127508218, 46.020640489402346 ], [ 16.293016576492143, 46.018688271216206 ], [ 16.303224634460488, 46.013689663259029 ], [ 16.284935940882622, 45.993546227275601 ], [ 16.278504073783388, 45.990335839344823 ], [ 16.270259073206795, 45.996684241432028 ], [ 16.271504742258131, 46.018487026584445 ], [ 16.272398127508218, 46.020640489402346 ] ] ] } },
{ "type": "Feature", "properties": { "BM": 492, "data": { "Oznaka Gr/Op/Dr": "grad", "Grad/općina/država": "DUGO SELO", "Rbr BM": 25, "Naziv BM": "ANDRILOVEC", "Lokacija BM": "VATROGASNI DOM ANDRILOVEC", "Adresa BM": "ANDRILOVEC, ANDRILOVEČKA CESTA 83", "Glasovalo birača": 147, "Glasovalo birača (po listićima)": 147, "Važeći listići": 143, "Nevažeći listići": 4 }, "latitude": 45.804605, "longitude": 16.2933742, "population": 265 }, "geometry": { "type": "Polygon", "coordinates": [ [ [ 16.278164993503808, 45.808196053166014 ], [ 16.290008877660874, 45.81942520090692 ], [ 16.300662627705581, 45.819438568041562 ], [ 16.316764999743732, 45.79084229544285 ], [ 16.314821492950536, 45.781426095881109 ], [ 16.297554733511085, 45.789193429556811 ], [ 16.276802670262239, 45.800286690458549 ], [ 16.278164993503808, 45.808196053166014 ] ] ] } },
{ "type": "Feature", "properties": { "BM": 860, "data": { "Oznaka Gr/Op/Dr": "općina", "Grad/općina/država": "BRCKOVLJANI", "Rbr BM": 1, "Naziv BM": "BRCKOVLJANI", "Lokacija BM": "DOM KULTURE \"AUGUST CESAREC\"", "Adresa BM": "STJEPANA RADIĆA 80, BRCKOVLJANI", "Glasovalo birača": 807, "Glasovalo birača (po listićima)": 807, "Važeći listići": 792, "Nevažeći listići": 15 }, "latitude": 45.8342538, "longitude": 16.293337, "population": 1607 }, "geometry": { "type": "Polygon", "coordinates": [ [ [ 16.281173595912822, 45.848702729970626 ], [ 16.284928858119088, 45.848318872323638 ], [ 16.310248966056932, 45.833450870025708 ], [ 16.300662627705581, 45.819438568041562 ], [ 16.290008877660874, 45.81942520090692 ], [ 16.277985988014681, 45.839632153463718 ], [ 16.281173595912822, 45.848702729970626 ] ] ] } },
{ "type": "Feature", "properties": { "BM": 545, "data": { "Oznaka Gr/Op/Dr": "grad", "Grad/općina/država": "IVANIĆ-GRAD", "Rbr BM": 10, "Naziv BM": "PREČNO", "Lokacija BM": "DRUŠTVENI DOM PREČNO", "Adresa BM": "PREČNO", "Glasovalo birača": 31, "Glasovalo birača (po listićima)": 31, "Važeći listići": 29, "Nevažeći listići": 2 }, "latitude": 45.6639958, "longitude": 16.2956479, "population": 58 }, "geometry": { "type": "Polygon", "coordinates": [ [ [ 16.281382484306175, 45.657569154588799 ], [ 16.296029320089175, 45.694196596835731 ], [ 16.319594720773928, 45.685142016217604 ], [ 16.325098646516615, 45.669935864154589 ], [ 16.321492624685082, 45.659222508677502 ], [ 16.313246128246657, 45.65473349999187 ], [ 16.29003952004091, 45.652271632347471 ], [ 16.281382484306175, 45.657569154588799 ] ] ] } },
{ "type": "Feature", "properties": { "BM": 490, "data": { "Oznaka Gr/Op/Dr": "grad", "Grad/općina/država": "DUGO SELO", "Rbr BM": 23, "Naziv BM": "MALA OSTRNA", "Lokacija BM": "POSLOVNI PROSTOR VL. MARICA MUŠKON", "Adresa BM": "MALA OSTRNA, ZAGREBAČKA 14", "Glasovalo birača": 136, "Glasovalo birača (po listićima)": 136, "Važeći listići": 134, "Nevažeći listići": 2 }, "latitude": 45.7820976, "longitude": 16.2832494, "population": 277 }, "geometry": { "type": "Polygon", "coordinates": [ [ [ 16.277076576244138, 45.78072128959743 ], [ 16.297554733511085, 45.789193429556811 ], [ 16.314821492950536, 45.781426095881109 ], [ 16.314833663533818, 45.781365407126742 ], [ 16.293071946925341, 45.771551397355061 ], [ 16.277076576244138, 45.78072128959743 ] ] ] } },
{ "type": "Feature", "properties": { "BM": 358, "data": { "Oznaka Gr/Op/Dr": "općina", "Grad/općina/država": "RUGVICA", "Rbr BM": 8, "Naziv BM": "OBEDIŠĆE JEŽEVSKO", "Lokacija BM": "DOM U OBEDIŠĆU JEŽEVSKOM", "Adresa BM": "OBEDIŠĆE JEŽEVSKO", "Glasovalo birača": 67, "Glasovalo birača (po listićima)": 67, "Važeći listići": 65, "Nevažeći listići": 2 }, "latitude": 45.7572078, "longitude": 16.2944741, "population": 96 }, "geometry": { "type": "Polygon", "coordinates": [ [ [ 16.293071946925341, 45.771551397355061 ], [ 16.314833663533818, 45.781365407126742 ], [ 16.322643888662007, 45.770979016655396 ], [ 16.324058295657895, 45.75254569855975 ], [ 16.285571094823297, 45.744241344981468 ], [ 16.287875491976902, 45.766956549001399 ], [ 16.293071946925341, 45.771551397355061 ] ] ] } },
{ "type": "Feature", "properties": { "BM": 1069, "data": { "Oznaka Gr/Op/Dr": "općina", "Grad/općina/država": "RAKOVEC", "Rbr BM": 2, "Naziv BM": "MLAKA", "Lokacija BM": "DRUŠTVENI DOM", "Adresa BM": "MLAKA 30", "Glasovalo birača": 72, "Glasovalo birača (po listićima)": 72, "Važeći listići": 72, "Nevažeći listići": 0 }, "latitude": 45.9084234, "longitude": 16.2895188, "population": 77 }, "geometry": { "type": "Polygon", "coordinates": [ [ [ 16.295520943108503, 45.918284506112656 ], [ 16.298527914443255, 45.907258035867997 ], [ 16.290599565632501, 45.893340331936159 ], [ 16.27715088755998, 45.896570187165985 ], [ 16.274264175459436, 45.909964349093677 ], [ 16.295520943108503, 45.918284506112656 ] ] ] } },
{ "type": "Feature", "properties": { "BM": 654, "data": { "Oznaka Gr/Op/Dr": "grad", "Grad/općina/država": "SVETI IVAN ZELINA", "Rbr BM": 47, "Naziv BM": "NOVO MJESTO", "Lokacija BM": "DRUŠTVENI DOM", "Adresa BM": "NOVO MJESTO 44", "Glasovalo birača": 75, "Glasovalo birača (po listićima)": 75, "Važeći listići": 74, "Nevažeći listići": 1 }, "latitude": 45.9521794, "longitude": 16.2907991, "population": 110 }, "geometry": { "type": "Polygon", "coordinates": [ [ [ 16.275059816513608, 45.957290812741995 ], [ 16.310689165181252, 45.962433185343997 ], [ 16.313409793665382, 45.95341859880255 ], [ 16.29854339151035, 45.934545234482862 ], [ 16.295307165131213, 45.935217107192564 ], [ 16.275059816513608, 45.957290812741995 ] ] ] } },
{ "type": "Feature", "properties": { "BM": 656, "data": { "Oznaka Gr/Op/Dr": "grad", "Grad/općina/država": "SVETI IVAN ZELINA", "Rbr BM": 49, "Naziv BM": "POLONJE II", "Lokacija BM": "DRUŠTVENI DOM", "Adresa BM": "POLONJE TOMAŠEVEČKO 105 A", "Glasovalo birača": 90, "Glasovalo birača (po listićima)": 90, "Važeći listići": 84, "Nevažeći listići": 6 }, "latitude": 45.9820574, "longitude": 16.2920558, "population": 141 }, "geometry": { "type": "Polygon", "coordinates": [ [ [ 16.278836858823112, 45.989162106973374 ], [ 16.314487143136745, 45.978224671127087 ], [ 16.310983793280922, 45.969880911436384 ], [ 16.279851040354625, 45.976636184766171 ], [ 16.278836858823112, 45.989162106973374 ] ] ] } },
{ "type": "Feature", "properties": { "BM": 657, "data": { "Oznaka Gr/Op/Dr": "grad", "Grad/općina/država": "SVETI IVAN ZELINA", "Rbr BM": 50, "Naziv BM": "KELEMINOVEC", "Lokacija BM": "DRUŠTVENI DOM", "Adresa BM": "KELEMINOVEC 22", "Glasovalo birača": 63, "Glasovalo birača (po listićima)": 63, "Važeći listići": 62, "Nevažeći listići": 1 }, "latitude": 45.9876311, "longitude": 16.2937658, "population": 91 }, "geometry": { "type": "Polygon", "coordinates": [ [ [ 16.278504073783388, 45.990335839344823 ], [ 16.284935940882622, 45.993546227275601 ], [ 16.316963450735333, 45.986398553781434 ], [ 16.31557981389291, 45.980106892405594 ], [ 16.314487143136745, 45.978224671127087 ], [ 16.278836858823112, 45.989162106973374 ], [ 16.278504073783388, 45.990335839344823 ] ] ] } },
{ "type": "Feature", "properties": { "BM": 863, "data": { "Oznaka Gr/Op/Dr": "općina", "Grad/općina/država": "BRCKOVLJANI", "Rbr BM": 4, "Naziv BM": "ŠTAKOROVEC", "Lokacija BM": "DRUŠTVENI DOM", "Adresa BM": "ZAGREBAČKA ULICA 33, ŠTAKOROVEC", "Glasovalo birača": 340, "Glasovalo birača (po listićima)": 340, "Važeći listići": 330, "Nevažeći listići": 10 }, "latitude": 45.8603919, "longitude": 16.2960088, "population": 665 }, "geometry": { "type": "Polygon", "coordinates": [ [ [ 16.275439064390657, 45.861165007016595 ], [ 16.297714723393732, 45.875890338907027 ], [ 16.308838386888969, 45.86955707206095 ], [ 16.310353042669078, 45.865364776297497 ], [ 16.309438376799804, 45.85865745988864 ], [ 16.284928858119088, 45.848318872323638 ], [ 16.281173595912822, 45.848702729970626 ], [ 16.275439064390657, 45.861165007016595 ] ] ] } },
{ "type": "Feature", "properties": { "BM": 1070, "data": { "Oznaka Gr/Op/Dr": "općina", "Grad/općina/država": "RAKOVEC", "Rbr BM": 3, "Naziv BM": "DROPČEVEC", "Lokacija BM": "DRUŠTVENI DOM DROPČEVEC", "Adresa BM": "DROPČEVEC 41", "Glasovalo birača": 49, "Glasovalo birača (po listićima)": 49, "Važeći listići": 49, "Nevažeći listići": 0 }, "latitude": 45.9128356, "longitude": 16.3056982, "population": 55 }, "geometry": { "type": "Polygon", "coordinates": [ [ [ 16.295520943108503, 45.918284506112656 ], [ 16.300038822526567, 45.929442784678649 ], [ 16.313090857031952, 45.921029849958714 ], [ 16.311240202811113, 45.906659935429218 ], [ 16.303442848554234, 45.90665072823986 ], [ 16.298527914443255, 45.907258035867997 ], [ 16.295520943108503, 45.918284506112656 ] ] ] } },
{ "type": "Feature", "properties": { "BM": 1068, "data": { "Oznaka Gr/Op/Dr": "općina", "Grad/općina/država": "RAKOVEC", "Rbr BM": 1, "Naziv BM": "RAKOVEC", "Lokacija BM": "OPĆINA RAKOVEC", "Adresa BM": "RAKOVEC 54", "Glasovalo birača": 140, "Glasovalo birača (po listićima)": 140, "Važeći listići": 136, "Nevažeći listići": 4 }, "latitude": 45.9311466, "longitude": 16.3175009, "population": 181 }, "geometry": { "type": "Polygon", "coordinates": [ [ [ 16.29854339151035, 45.934545234482862 ], [ 16.313409793665382, 45.95341859880255 ], [ 16.315583163734242, 45.952424916152978 ], [ 16.326743056052756, 45.936474545374644 ], [ 16.326313601174132, 45.926984649026593 ], [ 16.323399438025714, 45.921374147361242 ], [ 16.313090857031952, 45.921029849958714 ], [ 16.300038822526567, 45.929442784678649 ], [ 16.29854339151035, 45.934545234482862 ] ] ] } },
{ "type": "Feature", "properties": { "BM": 695, "data": { "Oznaka Gr/Op/Dr": "grad", "Grad/općina/država": "VRBOVEC", "Rbr BM": 38, "Naziv BM": "NEGOVEC", "Lokacija BM": "OSNOVNA ŠKOLA", "Adresa BM": "NEGOVEC BB", "Glasovalo birača": 63, "Glasovalo birača (po listićima)": 63, "Važeći listići": 62, "Nevažeći listići": 1 }, "latitude": 45.8852676, "longitude": 16.3101718, "population": 127 }, "geometry": { "type": "Polygon", "coordinates": [ [ [ 16.295565592636876, 45.887964093333196 ], [ 16.306722301872551, 45.892511591872299 ], [ 16.309316024337406, 45.89327229384228 ], [ 16.321245155253106, 45.881821017422439 ], [ 16.308838386888969, 45.86955707206095 ], [ 16.297714723393732, 45.875890338907027 ], [ 16.295565592636876, 45.887964093333196 ] ] ] } },
{ "type": "Feature", "properties": { "BM": 647, "data": { "Oznaka Gr/Op/Dr": "grad", "Grad/općina/država": "SVETI IVAN ZELINA", "Rbr BM": 40, "Naziv BM": "TOMAŠEVEC", "Lokacija BM": "DRUŠTVENI DOM", "Adresa BM": "TOMAŠEVEC 28 D", "Glasovalo birača": 93, "Glasovalo birača (po listićima)": 93, "Važeći listići": 86, "Nevažeći listići": 7 }, "latitude": 45.9951459, "longitude": 16.2954429, "population": 152 }, "geometry": { "type": "Polygon", "coordinates": [ [ [ 16.303224634460488, 46.013689663259029 ], [ 16.306499525182357, 46.013309723505088 ], [ 16.317154039145137, 45.98687165180749 ], [ 16.316963450735333, 45.986398553781434 ], [ 16.284935940882622, 45.993546227275601 ], [ 16.303224634460488, 46.013689663259029 ] ] ] } },
{ "type": "Feature", "properties": { "BM": 1073, "data": { "Oznaka Gr/Op/Dr": "općina", "Grad/općina/država": "RAKOVEC", "Rbr BM": 6, "Naziv BM": "VALETIĆ", "Lokacija BM": "OBITELJSKA KUĆA VALENTA NAPASTA", "Adresa BM": "VALETIĆ 51", "Glasovalo birača": 27, "Glasovalo birača (po listićima)": 27, "Važeći listići": 25, "Nevažeći listići": 2 }, "latitude": 45.9648949, "longitude": 16.3329309, "population": 37 }, "geometry": { "type": "Polygon", "coordinates": [ [ [ 16.310689165181252, 45.962433185343997 ], [ 16.310983793280922, 45.969880911436384 ], [ 16.314487143136745, 45.978224671127087 ], [ 16.31557981389291, 45.980106892405594 ], [ 16.349006658143583, 45.965566716944316 ], [ 16.345617816923813, 45.955189400133101 ], [ 16.315583163734242, 45.952424916152978 ], [ 16.313409793665382, 45.95341859880255 ], [ 16.310689165181252, 45.962433185343997 ] ] ] } },
{ "type": "Feature", "properties": { "BM": 862, "data": { "Oznaka Gr/Op/Dr": "općina", "Grad/općina/država": "BRCKOVLJANI", "Rbr BM": 3, "Naziv BM": "GRAČEC", "Lokacija BM": "DRUŠTVENI DOM", "Adresa BM": "ZAGREBAČKA 29, GRAČEC", "Glasovalo birača": 504, "Glasovalo birača (po listićima)": 504, "Važeći listići": 493, "Nevažeći listići": 11 }, "latitude": 45.8478287, "longitude": 16.3013082, "population": 955 }, "geometry": { "type": "Polygon", "coordinates": [ [ [ 16.284928858119088, 45.848318872323638 ], [ 16.309438376799804, 45.85865745988864 ], [ 16.317391461357335, 45.839423392924886 ], [ 16.313272699844486, 45.835053151619633 ], [ 16.310248966056932, 45.833450870025708 ], [ 16.284928858119088, 45.848318872323638 ] ] ] } },
{ "type": "Feature", "properties": { "BM": 866, "data": { "Oznaka Gr/Op/Dr": "općina", "Grad/općina/država": "BRCKOVLJANI", "Rbr BM": 7, "Naziv BM": "LUPOGLAV", "Lokacija BM": "DRUŠTVENI DOM", "Adresa BM": "I. HORVATIĆA 91, LUPOGLAV", "Glasovalo birača": 446, "Glasovalo birača (po listićima)": 446, "Važeći listići": 422, "Nevažeći listići": 24 }, "latitude": 45.7942191, "longitude": 16.3436934, "population": 894 }, "geometry": { "type": "Polygon", "coordinates": [ [ [ 16.314821492950536, 45.781426095881109 ], [ 16.316764999743732, 45.79084229544285 ], [ 16.330766646109605, 45.806498557010933 ], [ 16.368762840993696, 45.828234085563686 ], [ 16.374504453686445, 45.824626022466369 ], [ 16.385912450795932, 45.798282543289353 ], [ 16.381688226423417, 45.78710663640711 ], [ 16.322643888662007, 45.770979016655396 ], [ 16.314833663533818, 45.781365407126742 ], [ 16.314821492950536, 45.781426095881109 ] ] ] } },
{ "type": "Feature", "properties": { "BM": 696, "data": { "Oznaka Gr/Op/Dr": "grad", "Grad/općina/država": "VRBOVEC", "Rbr BM": 39, "Naziv BM": "VRHOVEC", "Lokacija BM": "DRUŠTVENI DOM", "Adresa BM": "VRHOVEC 20", "Glasovalo birača": 64, "Glasovalo birača (po listićima)": 64, "Važeći listići": 61, "Nevažeći listići": 3 }, "latitude": 45.9001029, "longitude": 16.3041249, "population": 101 }, "geometry": { "type": "Polygon", "coordinates": [ [ [ 16.290599565632501, 45.893340331936159 ], [ 16.298527914443255, 45.907258035867997 ], [ 16.303442848554234, 45.90665072823986 ], [ 16.306722301872551, 45.892511591872299 ], [ 16.295565592636876, 45.887964093333196 ], [ 16.290599565632501, 45.893340331936159 ] ] ] } },
{ "type": "Feature", "properties": { "BM": 544, "data": { "Oznaka Gr/Op/Dr": "grad", "Grad/općina/država": "IVANIĆ-GRAD", "Rbr BM": 9, "Naziv BM": "PREROVEC", "Lokacija BM": "DRUŠTVENI DOM PREROVEC", "Adresa BM": "PREROVEC", "Glasovalo birača": 37, "Glasovalo birača (po listićima)": 37, "Važeći listići": 36, "Nevažeći listići": 1 }, "latitude": 45.6419851, "longitude": 16.2979829, "population": 76 }, "geometry": { "type": "Polygon", "coordinates": [ [ [ 16.29003952004091, 45.652271632347471 ], [ 16.313246128246657, 45.65473349999187 ], [ 16.301620016422927, 45.632517369237135 ], [ 16.290076320762573, 45.638786127155299 ], [ 16.29003952004091, 45.652271632347471 ] ] ] } },
{ "type": "Feature", "properties": { "BM": 867, "data": { "Oznaka Gr/Op/Dr": "općina", "Grad/općina/država": "BRCKOVLJANI", "Rbr BM": 8, "Naziv BM": "PREČEC", "Lokacija BM": "DRUŠTVENI DOM", "Adresa BM": "ZAGREBAČKA ULICA 52, PREČEC", "Glasovalo birača": 95, "Glasovalo birača (po listićima)": 95, "Važeći listići": 91, "Nevažeći listići": 4 }, "latitude": 45.7616667, "longitude": 16.3525849, "population": 153 }, "geometry": { "type": "Polygon", "coordinates": [ [ [ 16.322643888662007, 45.770979016655396 ], [ 16.381688226423417, 45.78710663640711 ], [ 16.382181705903935, 45.781657625558118 ], [ 16.375340107975727, 45.761725925426646 ], [ 16.331419775000963, 45.741610599561781 ], [ 16.327907768829462, 45.744482072258045 ], [ 16.324058295657895, 45.75254569855975 ], [ 16.322643888662007, 45.770979016655396 ] ] ] } },
{ "type": "Feature", "properties": { "BM": 540, "data": { "Oznaka Gr/Op/Dr": "grad", "Grad/općina/država": "IVANIĆ-GRAD", "Rbr BM": 5, "Naziv BM": "TREBOVEC", "Lokacija BM": "DRUŠTVENI DOM TREBOVEC", "Adresa BM": "TREBOVEC", "Glasovalo birača": 152, "Glasovalo birača (po listićima)": 152, "Važeći listići": 147, "Nevažeći listići": 5 }, "latitude": 45.7168826, "longitude": 16.3159687, "population": 279 }, "geometry": { "type": "Polygon", "coordinates": [ [ [ 16.283599778612651, 45.70542385374987 ], [ 16.327907768829462, 45.744482072258045 ], [ 16.331419775000963, 45.741610599561781 ], [ 16.336833346652639, 45.73290612842154 ], [ 16.32689182557472, 45.693086866811136 ], [ 16.319594720773928, 45.685142016217604 ], [ 16.296029320089175, 45.694196596835731 ], [ 16.283599778612651, 45.70542385374987 ] ] ] } },
{ "type": "Feature", "properties": { "BM": 865, "data": { "Oznaka Gr/Op/Dr": "općina", "Grad/općina/država": "BRCKOVLJANI", "Rbr BM": 6, "Naziv BM": "GORNJA GREDA", "Lokacija BM": "DRUŠTVENI DOM", "Adresa BM": "ZAGREBAČKA 69, GORNJA GREDA", "Glasovalo birača": 302, "Glasovalo birača (po listićima)": 302, "Važeći listići": 296, "Nevažeći listići": 6 }, "latitude": 45.8179792, "longitude": 16.3171255, "population": 579 }, "geometry": { "type": "Polygon", "coordinates": [ [ [ 16.310248966056932, 45.833450870025708 ], [ 16.313272699844486, 45.835053151619633 ], [ 16.330766646109605, 45.806498557010933 ], [ 16.316764999743732, 45.79084229544285 ], [ 16.300662627705581, 45.819438568041562 ], [ 16.310248966056932, 45.833450870025708 ] ] ] } },
{ "type": "Feature", "properties": { "BM": 664, "data": { "Oznaka Gr/Op/Dr": "grad", "Grad/općina/država": "VRBOVEC", "Rbr BM": 7, "Naziv BM": "VRBOVEC VII", "Lokacija BM": "DJEČJI VRTIĆ VRBOVEC", "Adresa BM": "EUGENA DE PIENNESA 14 F, VRBOVEC", "Glasovalo birača": 505, "Glasovalo birača (po listićima)": 505, "Važeći listići": 500, "Nevažeći listići": 5 }, "latitude": 45.9004712, "longitude": 16.3057128, "population": 771 }, "geometry": { "type": "Polygon", "coordinates": [ [ [ 16.303442848554234, 45.90665072823986 ], [ 16.311240202811113, 45.906659935429218 ], [ 16.315178696701267, 45.902101090404983 ], [ 16.309316024337406, 45.89327229384228 ], [ 16.306722301872551, 45.892511591872299 ], [ 16.303442848554234, 45.90665072823986 ] ] ] } },
{ "type": "Feature", "properties": { "BM": 689, "data": { "Oznaka Gr/Op/Dr": "grad", "Grad/općina/država": "VRBOVEC", "Rbr BM": 32, "Naziv BM": "SAMOBOREC", "Lokacija BM": "DRUŠTVENI DOM", "Adresa BM": "SAMOBOREC 11", "Glasovalo birača": 61, "Glasovalo birača (po listićima)": 61, "Važeći listići": 60, "Nevažeći listići": 1 }, "latitude": 45.8927443, "longitude": 16.317349, "population": 85 }, "geometry": { "type": "Polygon", "coordinates": [ [ [ 16.315178696701267, 45.902101090404983 ], [ 16.327683607661726, 45.901548348662992 ], [ 16.331307262506765, 45.885115250459592 ], [ 16.321245155253106, 45.881821017422439 ], [ 16.309316024337406, 45.89327229384228 ], [ 16.315178696701267, 45.902101090404983 ] ] ] } },
{ "type": "Feature", "properties": { "BM": 686, "data": { "Oznaka Gr/Op/Dr": "grad", "Grad/općina/država": "VRBOVEC", "Rbr BM": 29, "Naziv BM": "LONJICA", "Lokacija BM": "VATROGASNI DOM", "Adresa BM": "LONJICA 128", "Glasovalo birača": 473, "Glasovalo birača (po listićima)": 473, "Važeći listići": 457, "Nevažeći listići": 16 }, "latitude": 45.8567327, "longitude": 16.322842, "population": 791 }, "geometry": { "type": "Polygon", "coordinates": [ [ [ 16.310353042669078, 45.865364776297497 ], [ 16.33928266557831, 45.861801720163783 ], [ 16.347104638094429, 45.842942039558523 ], [ 16.317391461357335, 45.839423392924886 ], [ 16.309438376799804, 45.85865745988864 ], [ 16.310353042669078, 45.865364776297497 ] ] ] } },
{ "type": "Feature", "properties": { "BM": 650, "data": { "Oznaka Gr/Op/Dr": "grad", "Grad/općina/država": "SVETI IVAN ZELINA", "Rbr BM": 43, "Naziv BM": "SALNIK", "Lokacija BM": "DRUŠTVENI DOM", "Adresa BM": "SALNIK 31", "Glasovalo birača": 87, "Glasovalo birača (po listićima)": 87, "Važeći listići": 86, "Nevažeći listići": 1 }, "latitude": 45.977785, "longitude": 16.3385379, "population": 129 }, "geometry": { "type": "Polygon", "coordinates": [ [ [ 16.317154039145137, 45.98687165180749 ], [ 16.341037855728516, 45.995977381673754 ], [ 16.349597686185035, 45.966179034247077 ], [ 16.349006658143583, 45.965566716944316 ], [ 16.31557981389291, 45.980106892405594 ], [ 16.316963450735333, 45.986398553781434 ], [ 16.317154039145137, 45.98687165180749 ] ] ] } },
{ "type": "Feature", "properties": { "BM": 1078, "data": { "Oznaka Gr/Op/Dr": "općina", "Grad/općina/država": "RAKOVEC", "Rbr BM": 11, "Naziv BM": "GOLI VRH", "Lokacija BM": "OBITELJSKA KUĆA DUBRAVKE MARIĆ", "Adresa BM": "GOLI VRH 1 A", "Glasovalo birača": 29, "Glasovalo birača (po listićima)": 29, "Važeći listići": 28, "Nevažeći listići": 1 }, "latitude": 45.9112299, "longitude": 16.3181661, "population": 41 }, "geometry": { "type": "Polygon", "coordinates": [ [ [ 16.311240202811113, 45.906659935429218 ], [ 16.313090857031952, 45.921029849958714 ], [ 16.323399438025714, 45.921374147361242 ], [ 16.331824836706833, 45.908572215296246 ], [ 16.327683607661726, 45.901548348662992 ], [ 16.315178696701267, 45.902101090404983 ], [ 16.311240202811113, 45.906659935429218 ] ] ] } },
{ "type": "Feature", "properties": { "BM": 648, "data": { "Oznaka Gr/Op/Dr": "grad", "Grad/općina/država": "SVETI IVAN ZELINA", "Rbr BM": 41, "Naziv BM": "RADOIŠĆE", "Lokacija BM": "DRUŠTVENI DOM", "Adresa BM": "RADOIŠĆE 97B", "Glasovalo birača": 96, "Glasovalo birača (po listićima)": 96, "Važeći listići": 91, "Nevažeći listići": 5 }, "latitude": 46.007888, "longitude": 16.3270611, "population": 199 }, "geometry": { "type": "Polygon", "coordinates": [ [ [ 16.306499525182357, 46.013309723505088 ], [ 16.319474266061302, 46.027059572858249 ], [ 16.334381951477294, 46.022343215904776 ], [ 16.342350859851422, 45.997277661078108 ], [ 16.341037855728516, 45.995977381673754 ], [ 16.317154039145137, 45.98687165180749 ], [ 16.306499525182357, 46.013309723505088 ] ] ] } },
{ "type": "Feature", "properties": { "BM": 543, "data": { "Oznaka Gr/Op/Dr": "grad", "Grad/općina/država": "IVANIĆ-GRAD", "Rbr BM": 8, "Naziv BM": "LIJEVI DUBROVČAK", "Lokacija BM": "STARA ŠKOLA", "Adresa BM": "LIJEVI DUBROVČAK", "Glasovalo birača": 215, "Glasovalo birača (po listićima)": 215, "Važeći listići": 205, "Nevažeći listići": 10 }, "latitude": 45.6473966, "longitude": 16.3449635, "population": 351 }, "geometry": { "type": "Polygon", "coordinates": [ [ [ 16.321492624685082, 45.659222508677502 ], [ 16.325098646516615, 45.669935864154589 ], [ 16.358785116522949, 45.663930452792009 ], [ 16.370873290658189, 45.633290787750312 ], [ 16.364091818752225, 45.63076302604297 ], [ 16.322593470711166, 45.656266077642073 ], [ 16.321492624685082, 45.659222508677502 ] ] ] } },
{ "type": "Feature", "properties": { "BM": 687, "data": { "Oznaka Gr/Op/Dr": "grad", "Grad/općina/država": "VRBOVEC", "Rbr BM": 30, "Naziv BM": "PESKOVEC", "Lokacija BM": "VATROGASNI DOM", "Adresa BM": "PESKOVEC 39", "Glasovalo birača": 148, "Glasovalo birača (po listićima)": 148, "Važeći listići": 145, "Nevažeći listići": 3 }, "latitude": 45.8707085, "longitude": 16.3245633, "population": 242 }, "geometry": { "type": "Polygon", "coordinates": [ [ [ 16.308838386888969, 45.86955707206095 ], [ 16.321245155253106, 45.881821017422439 ], [ 16.331307262506765, 45.885115250459592 ], [ 16.339802433344722, 45.880055634689789 ], [ 16.33928266557831, 45.861801720163783 ], [ 16.310353042669078, 45.865364776297497 ], [ 16.308838386888969, 45.86955707206095 ] ] ] } },
{ "type": "Feature", "properties": { "BM": 864, "data": { "Oznaka Gr/Op/Dr": "općina", "Grad/općina/država": "BRCKOVLJANI", "Rbr BM": 5, "Naziv BM": "PRIKRAJ", "Lokacija BM": "DJEČJI VRTIĆ \"DIDI\"", "Adresa BM": "S. RADIĆA 42, PRIKRAJ", "Glasovalo birača": 316, "Glasovalo birača (po listićima)": 316, "Važeći listići": 309, "Nevažeći listići": 7 }, "latitude": 45.8238659, "longitude": 16.3267341, "population": 606 }, "geometry": { "type": "Polygon", "coordinates": [ [ [ 16.313272699844486, 45.835053151619633 ], [ 16.317391461357335, 45.839423392924886 ], [ 16.347104638094429, 45.842942039558523 ], [ 16.366896227281096, 45.830999720642041 ], [ 16.368762840993696, 45.828234085563686 ], [ 16.330766646109605, 45.806498557010933 ], [ 16.313272699844486, 45.835053151619633 ] ] ] } },
{ "type": "Feature", "properties": { "BM": 1077, "data": { "Oznaka Gr/Op/Dr": "općina", "Grad/općina/država": "RAKOVEC", "Rbr BM": 10, "Naziv BM": "BREZANI", "Lokacija BM": "DRUŠTVENI DOM", "Adresa BM": "BREZANI 51", "Glasovalo birača": 62, "Glasovalo birača (po listićima)": 62, "Važeći listići": 61, "Nevažeći listići": 1 }, "latitude": 45.9221683, "longitude": 16.3347864, "population": 95 }, "geometry": { "type": "Polygon", "coordinates": [ [ [ 16.326313601174132, 45.926984649026593 ], [ 16.34651104878985, 45.925303115599874 ], [ 16.340313471969157, 45.910663172968867 ], [ 16.331824836706833, 45.908572215296246 ], [ 16.323399438025714, 45.921374147361242 ], [ 16.326313601174132, 45.926984649026593 ] ] ] } },
{ "type": "Feature", "properties": { "BM": 694, "data": { "Oznaka Gr/Op/Dr": "grad", "Grad/općina/država": "VRBOVEC", "Rbr BM": 37, "Naziv BM": "DULEPSKA", "Lokacija BM": "DRUŠTVENI DOM", "Adresa BM": "DULEPSKA 44", "Glasovalo birača": 57, "Glasovalo birača (po listićima)": 57, "Važeći listići": 57, "Nevažeći listići": 0 }, "latitude": 45.8979072, "longitude": 16.3407625, "population": 117 }, "geometry": { "type": "Polygon", "coordinates": [ [ [ 16.331824836706833, 45.908572215296246 ], [ 16.340313471969157, 45.910663172968867 ], [ 16.345478519220997, 45.90707786622994 ], [ 16.350425743597924, 45.891818176489934 ], [ 16.344334036348432, 45.882272510640064 ], [ 16.339802433344722, 45.880055634689789 ], [ 16.331307262506765, 45.885115250459592 ], [ 16.327683607661726, 45.901548348662992 ], [ 16.331824836706833, 45.908572215296246 ] ] ] } },
{ "type": "Feature", "properties": { "BM": 688, "data": { "Oznaka Gr/Op/Dr": "grad", "Grad/općina/država": "VRBOVEC", "Rbr BM": 31, "Naziv BM": "GREDA", "Lokacija BM": "DRUŠTVENI DOM", "Adresa BM": "GREDA 25", "Glasovalo birača": 53, "Glasovalo birača (po listićima)": 53, "Važeći listići": 52, "Nevažeći listići": 1 }, "latitude": 45.8698565, "longitude": 16.354485, "population": 114 }, "geometry": { "type": "Polygon", "coordinates": [ [ [ 16.339802433344722, 45.880055634689789 ], [ 16.344334036348432, 45.882272510640064 ], [ 16.372113817586751, 45.872520101745224 ], [ 16.366896227281096, 45.830999720642041 ], [ 16.347104638094429, 45.842942039558523 ], [ 16.33928266557831, 45.861801720163783 ], [ 16.339802433344722, 45.880055634689789 ] ] ] } },
{ "type": "Feature", "properties": { "BM": 1072, "data": { "Oznaka Gr/Op/Dr": "općina", "Grad/općina/država": "RAKOVEC", "Rbr BM": 5, "Naziv BM": "DVORIŠĆE", "Lokacija BM": "DRUŠTVENI DOM", "Adresa BM": "DVORIŠĆE 14", "Glasovalo birača": 101, "Glasovalo birača (po listićima)": 101, "Važeći listići": 99, "Nevažeći listići": 2 }, "latitude": 45.9433311, "longitude": 16.3349157, "population": 130 }, "geometry": { "type": "Polygon", "coordinates": [ [ [ 16.345617816923813, 45.955189400133101 ], [ 16.349233746416481, 45.947287804977165 ], [ 16.345087627295438, 45.937251516828319 ], [ 16.326743056052756, 45.936474545374644 ], [ 16.315583163734242, 45.952424916152978 ], [ 16.345617816923813, 45.955189400133101 ] ] ] } },
{ "type": "Feature", "properties": { "BM": 1074, "data": { "Oznaka Gr/Op/Dr": "općina", "Grad/općina/država": "RAKOVEC", "Rbr BM": 7, "Naziv BM": "HRUŠKOVEC", "Lokacija BM": "DRUŠTVENI DOM", "Adresa BM": "HRUŠKOVEC 6A", "Glasovalo birača": 44, "Glasovalo birača (po listićima)": 44, "Važeći listići": 44, "Nevažeći listići": 0 }, "latitude": 45.9303336, "longitude": 16.3354662, "population": 59 }, "geometry": { "type": "Polygon", "coordinates": [ [ [ 16.326743056052756, 45.936474545374644 ], [ 16.345087627295438, 45.937251516828319 ], [ 16.347227733358679, 45.926080520761793 ], [ 16.34651104878985, 45.925303115599874 ], [ 16.326313601174132, 45.926984649026593 ], [ 16.326743056052756, 45.936474545374644 ] ] ] } },
{ "type": "Feature", "properties": { "BM": 1075, "data": { "Oznaka Gr/Op/Dr": "općina", "Grad/općina/država": "RAKOVEC", "Rbr BM": 8, "Naziv BM": "HUDOVO", "Lokacija BM": "DRUŠTVENI DOM", "Adresa BM": "HUDOVO 22", "Glasovalo birača": 46, "Glasovalo birača (po listićima)": 46, "Važeći listići": 42, "Nevažeći listići": 4 }, "latitude": 45.9343794, "longitude": 16.3565846, "population": 78 }, "geometry": { "type": "Polygon", "coordinates": [ [ [ 16.345087627295438, 45.937251516828319 ], [ 16.349233746416481, 45.947287804977165 ], [ 16.360553763259059, 45.944610996298202 ], [ 16.36299509452294, 45.92274426525541 ], [ 16.347227733358679, 45.926080520761793 ], [ 16.345087627295438, 45.937251516828319 ] ] ] } },
{ "type": "Feature", "properties": { "BM": 1058, "data": { "Oznaka Gr/Op/Dr": "općina", "Grad/općina/država": "PRESEKA", "Rbr BM": 5, "Naziv BM": "ŠELOVEC", "Lokacija BM": "MJESNI DOM", "Adresa BM": "ŠELOVEC BB", "Glasovalo birača": 74, "Glasovalo birača (po listićima)": 74, "Važeći listići": 72, "Nevažeći listići": 2 }, "latitude": 45.9555367, "longitude": 16.3615876, "population": 114 }, "geometry": { "type": "Polygon", "coordinates": [ [ [ 16.349597686185035, 45.966179034247077 ], [ 16.363366108179441, 45.970764815568991 ], [ 16.372384101986707, 45.96454595845379 ], [ 16.374150842418047, 45.952352728566623 ], [ 16.372211576030107, 45.947575852216175 ], [ 16.360553763259059, 45.944610996298202 ], [ 16.349233746416481, 45.947287804977165 ], [ 16.345617816923813, 45.955189400133101 ], [ 16.349006658143583, 45.965566716944316 ], [ 16.349597686185035, 45.966179034247077 ] ] ] } },
{ "type": "Feature", "properties": { "BM": 692, "data": { "Oznaka Gr/Op/Dr": "grad", "Grad/općina/država": "VRBOVEC", "Rbr BM": 35, "Naziv BM": "KRKAČ", "Lokacija BM": "DRUŠTVENI DOM", "Adresa BM": "KRKAČ BB", "Glasovalo birača": 49, "Glasovalo birača (po listićima)": 49, "Važeći listići": 49, "Nevažeći listići": 0 }, "latitude": 45.9147029, "longitude": 16.3524212, "population": 66 }, "geometry": { "type": "Polygon", "coordinates": [ [ [ 16.34651104878985, 45.925303115599874 ], [ 16.347227733358679, 45.926080520761793 ], [ 16.36299509452294, 45.92274426525541 ], [ 16.371947474922571, 45.916607625762197 ], [ 16.367493203580011, 45.911122667079667 ], [ 16.345478519220997, 45.90707786622994 ], [ 16.340313471969157, 45.910663172968867 ], [ 16.34651104878985, 45.925303115599874 ] ] ] } },
{ "type": "Feature", "properties": { "BM": 649, "data": { "Oznaka Gr/Op/Dr": "grad", "Grad/općina/država": "SVETI IVAN ZELINA", "Rbr BM": 42, "Naziv BM": "ZRINŠĆINA", "Lokacija BM": "DRUŠTVENI DOM", "Adresa BM": "ZRINŠĆINA 30 A", "Glasovalo birača": 52, "Glasovalo birača (po listićima)": 52, "Važeći listići": 49, "Nevažeći listići": 3 }, "latitude": 46.0147695, "longitude": 16.3487063, "population": 104 }, "geometry": { "type": "Polygon", "coordinates": [ [ [ 16.334381951477294, 46.022343215904776 ], [ 16.360366816306563, 46.035549333668264 ], [ 16.371965985174636, 46.018195708635098 ], [ 16.369959006605502, 46.014283791905939 ], [ 16.357330886711459, 45.999147875353472 ], [ 16.342350859851422, 45.997277661078108 ], [ 16.334381951477294, 46.022343215904776 ] ] ] } },
{ "type": "Feature", "properties": { "BM": 1059, "data": { "Oznaka Gr/Op/Dr": "općina", "Grad/općina/država": "PRESEKA", "Rbr BM": 6, "Naziv BM": "VINKOVEC", "Lokacija BM": "MJESNI DOM", "Adresa BM": "VINKOVEC BB", "Glasovalo birača": 79, "Glasovalo birača (po listićima)": 79, "Važeći listići": 74, "Nevažeći listići": 5 }, "latitude": 45.9818853, "longitude": 16.3528118, "population": 140 }, "geometry": { "type": "Polygon", "coordinates": [ [ [ 16.342350859851422, 45.997277661078108 ], [ 16.357330886711459, 45.999147875353472 ], [ 16.36556618968245, 45.983901026555188 ], [ 16.363366108179441, 45.970764815568991 ], [ 16.349597686185035, 45.966179034247077 ], [ 16.341037855728516, 45.995977381673754 ], [ 16.342350859851422, 45.997277661078108 ] ] ] } },
{ "type": "Feature", "properties": { "BM": 541, "data": { "Oznaka Gr/Op/Dr": "grad", "Grad/općina/država": "IVANIĆ-GRAD", "Rbr BM": 6, "Naziv BM": "POSAVSKI BREGI", "Lokacija BM": "DRUŠTVENI DOM POSAVSKI BREGI", "Adresa BM": "POSAVSKI BREGI", "Glasovalo birača": 392, "Glasovalo birača (po listićima)": 391, "Važeći listići": 364, "Nevažeći listići": 27 }, "latitude": 45.684222, "longitude": 16.3515285, "population": 675 }, "geometry": { "type": "Polygon", "coordinates": [ [ [ 16.32689182557472, 45.693086866811136 ], [ 16.363879638178361, 45.698785351834019 ], [ 16.369618527728861, 45.694790336349584 ], [ 16.374959117401175, 45.684130940317608 ], [ 16.358785116522949, 45.663930452792009 ], [ 16.325098646516615, 45.669935864154589 ], [ 16.319594720773928, 45.685142016217604 ], [ 16.32689182557472, 45.693086866811136 ] ] ] } },
{ "type": "Feature", "properties": { "BM": 542, "data": { "Oznaka Gr/Op/Dr": "grad", "Grad/općina/država": "IVANIĆ-GRAD", "Rbr BM": 7, "Naziv BM": "GREDA BREŠKA", "Lokacija BM": "DRUŠTVENI DOM GREDA BREŠKA", "Adresa BM": "GREDA BREŠKA", "Glasovalo birača": 164, "Glasovalo birača (po listićima)": 164, "Važeći listići": 156, "Nevažeći listići": 8 }, "latitude": 45.7089559, "longitude": 16.3477179, "population": 281 }, "geometry": { "type": "Polygon", "coordinates": [ [ [ 16.336833346652639, 45.73290612842154 ], [ 16.357066914314753, 45.72567624713129 ], [ 16.363879638178361, 45.698785351834019 ], [ 16.32689182557472, 45.693086866811136 ], [ 16.336833346652639, 45.73290612842154 ] ] ] } },
{ "type": "Feature", "properties": { "BM": 868, "data": { "Oznaka Gr/Op/Dr": "općina", "Grad/općina/država": "BRCKOVLJANI", "Rbr BM": 9, "Naziv BM": "TEDROVEC", "Lokacija BM": "DRUŠTVENI DOM", "Adresa BM": "ZAGREBAČKA ULICA 47, TEDROVEC", "Glasovalo birača": 32, "Glasovalo birača (po listićima)": 32, "Važeći listići": 28, "Nevažeći listići": 4 }, "latitude": 45.7445351, "longitude": 16.3604311, "population": 67 }, "geometry": { "type": "Polygon", "coordinates": [ [ [ 16.331419775000963, 45.741610599561781 ], [ 16.375340107975727, 45.761725925426646 ], [ 16.377730351436103, 45.736963739309751 ], [ 16.372653588134796, 45.732539418739179 ], [ 16.357066914314753, 45.72567624713129 ], [ 16.336833346652639, 45.73290612842154 ], [ 16.331419775000963, 45.741610599561781 ] ] ] } },
{ "type": "Feature", "properties": { "BM": 668, "data": { "Oznaka Gr/Op/Dr": "grad", "Grad/općina/država": "VRBOVEC", "Rbr BM": 11, "Naziv BM": "NOVO SELO", "Lokacija BM": "DRUŠTVENI DOM", "Adresa BM": "NOVO SELO 2B", "Glasovalo birača": 43, "Glasovalo birača (po listićima)": 43, "Važeći listići": 41, "Nevažeći listići": 2 }, "latitude": 45.8655776, "longitude": 16.3885355, "population": 89 }, "geometry": { "type": "Polygon", "coordinates": [ [ [ 16.366896227281096, 45.830999720642041 ], [ 16.372113817586751, 45.872520101745224 ], [ 16.375005152453973, 45.876634256976651 ], [ 16.40021753937846, 45.868238251444481 ], [ 16.40167455121647, 45.847449319626058 ], [ 16.400972186172524, 45.84431688837256 ], [ 16.374504453686445, 45.824626022466369 ], [ 16.368762840993696, 45.828234085563686 ], [ 16.366896227281096, 45.830999720642041 ] ] ] } },
{ "type": "Feature", "properties": { "BM": 1061, "data": { "Oznaka Gr/Op/Dr": "općina", "Grad/općina/država": "PRESEKA", "Rbr BM": 8, "Naziv BM": "GORNJAKI", "Lokacija BM": "OBITELJSKA KUĆA HABIJANEC SLAVKA", "Adresa BM": "GORNJAKI 13", "Glasovalo birača": 14, "Glasovalo birača (po listićima)": 14, "Važeći listići": 14, "Nevažeći listići": 0 }, "latitude": 45.9934621, "longitude": 16.3742451, "population": 29 }, "geometry": { "type": "Polygon", "coordinates": [ [ [ 16.369959006605502, 46.014283791905939 ], [ 16.381965586939085, 45.987705427131871 ], [ 16.380747228034725, 45.986546788316865 ], [ 16.36556618968245, 45.983901026555188 ], [ 16.357330886711459, 45.999147875353472 ], [ 16.369959006605502, 46.014283791905939 ] ] ] } },
{ "type": "Feature", "properties": { "BM": 691, "data": { "Oznaka Gr/Op/Dr": "grad", "Grad/općina/država": "VRBOVEC", "Rbr BM": 34, "Naziv BM": "DIJANEŠ", "Lokacija BM": "DRUŠTVENI DOM", "Adresa BM": "DIJANEŠ 61", "Glasovalo birača": 69, "Glasovalo birača (po listićima)": 69, "Važeći listići": 68, "Nevažeći listići": 1 }, "latitude": 45.9024187, "longitude": 16.3546782, "population": 129 }, "geometry": { "type": "Polygon", "coordinates": [ [ [ 16.345478519220997, 45.90707786622994 ], [ 16.367493203580011, 45.911122667079667 ], [ 16.363332723652633, 45.895920982774825 ], [ 16.350425743597924, 45.891818176489934 ], [ 16.345478519220997, 45.90707786622994 ] ] ] } },
{ "type": "Feature", "properties": { "BM": 693, "data": { "Oznaka Gr/Op/Dr": "grad", "Grad/općina/država": "VRBOVEC", "Rbr BM": 36, "Naziv BM": "PIRAKOVEC", "Lokacija BM": "DRUŠTVENI DOM", "Adresa BM": "PIRAKOVEC 13", "Glasovalo birača": 65, "Glasovalo birača (po listićima)": 65, "Važeći listići": 60, "Nevažeći listići": 5 }, "latitude": 45.8856187, "longitude": 16.3600185, "population": 115 }, "geometry": { "type": "Polygon", "coordinates": [ [ [ 16.363332723652633, 45.895920982774825 ], [ 16.375972121952604, 45.880438316766444 ], [ 16.375005152453973, 45.876634256976651 ], [ 16.372113817586751, 45.872520101745224 ], [ 16.344334036348432, 45.882272510640064 ], [ 16.350425743597924, 45.891818176489934 ], [ 16.363332723652633, 45.895920982774825 ] ] ] } },
{ "type": "Feature", "properties": { "BM": 1076, "data": { "Oznaka Gr/Op/Dr": "općina", "Grad/općina/država": "RAKOVEC", "Rbr BM": 9, "Naziv BM": "LIPNICA", "Lokacija BM": "DRUŠTVENI DOM", "Adresa BM": "LIPNICA 31", "Glasovalo birača": 38, "Glasovalo birača (po listićima)": 38, "Važeći listići": 37, "Nevažeći listići": 1 }, "latitude": 45.9355067, "longitude": 16.3666817, "population": 49 }, "geometry": { "type": "Polygon", "coordinates": [ [ [ 16.36299509452294, 45.92274426525541 ], [ 16.360553763259059, 45.944610996298202 ], [ 16.372211576030107, 45.947575852216175 ], [ 16.384813413138691, 45.924859083732287 ], [ 16.382412305791359, 45.91862648375286 ], [ 16.371947474922571, 45.916607625762197 ], [ 16.36299509452294, 45.92274426525541 ] ] ] } },
{ "type": "Feature", "properties": { "BM": 537, "data": { "Oznaka Gr/Op/Dr": "grad", "Grad/općina/država": "IVANIĆ-GRAD", "Rbr BM": 2, "Naziv BM": "OPATINEC", "Lokacija BM": "DRUŠTVENI DOM OPATINEC", "Adresa BM": "OPATINEC", "Glasovalo birača": 198, "Glasovalo birača (po listićima)": 198, "Važeći listići": 190, "Nevažeći listići": 8 }, "latitude": 45.7154242, "longitude": 16.3732493, "population": 346 }, "geometry": { "type": "Polygon", "coordinates": [ [ [ 16.357066914314753, 45.72567624713129 ], [ 16.372653588134796, 45.732539418739179 ], [ 16.380907543032126, 45.708969925415637 ], [ 16.369618527728861, 45.694790336349584 ], [ 16.363879638178361, 45.698785351834019 ], [ 16.357066914314753, 45.72567624713129 ] ] ] } },
{ "type": "Feature", "properties": { "BM": 1006, "data": { "Oznaka Gr/Op/Dr": "općina", "Grad/općina/država": "KLOŠTAR IVANIĆ", "Rbr BM": 6, "Naziv BM": "ČEMERNICA LONJSKA", "Lokacija BM": "PUČKI DOM", "Adresa BM": "ČEMERNICA LONJSKA BB", "Glasovalo birača": 121, "Glasovalo birača (po listićima)": 121, "Važeći listići": 114, "Nevažeći listići": 7 }, "latitude": 45.7673091, "longitude": 16.4148884, "population": 196 }, "geometry": { "type": "Polygon", "coordinates": [ [ [ 16.381688226423417, 45.78710663640711 ], [ 16.385912450795932, 45.798282543289353 ], [ 16.425598629497525, 45.796349866594333 ], [ 16.426364938761171, 45.794648482131663 ], [ 16.424905702830408, 45.764014637068634 ], [ 16.414907723391771, 45.755554881190278 ], [ 16.398339973313089, 45.763833247249764 ], [ 16.382181705903935, 45.781657625558118 ], [ 16.381688226423417, 45.78710663640711 ] ] ] } },
{ "type": "Feature", "properties": { "BM": 690, "data": { "Oznaka Gr/Op/Dr": "grad", "Grad/općina/država": "VRBOVEC", "Rbr BM": 33, "Naziv BM": "GAJ", "Lokacija BM": "VATROGASNI DOM", "Adresa BM": "GAJ 47", "Glasovalo birača": 199, "Glasovalo birača (po listićima)": 199, "Važeći listići": 191, "Nevažeći listići": 8 }, "latitude": 45.897106, "longitude": 16.3740899, "population": 294 }, "geometry": { "type": "Polygon", "coordinates": [ [ [ 16.371947474922571, 45.916607625762197 ], [ 16.382412305791359, 45.91862648375286 ], [ 16.383963284414033, 45.916558450613792 ], [ 16.389955246735301, 45.897310448835121 ], [ 16.389095712935916, 45.892656566506517 ], [ 16.375972121952604, 45.880438316766444 ], [ 16.363332723652633, 45.895920982774825 ], [ 16.367493203580011, 45.911122667079667 ], [ 16.371947474922571, 45.916607625762197 ] ] ] } },
{ "type": "Feature", "properties": { "BM": 554, "data": { "Oznaka Gr/Op/Dr": "grad", "Grad/općina/država": "IVANIĆ-GRAD", "Rbr BM": 19, "Naziv BM": "IVANIĆ-GRAD - POLJANA 2", "Lokacija BM": "DRUŠTVENI DOM POLJANA", "Adresa BM": "SAVSKA BB, IVANIĆ-GRAD", "Glasovalo birača": 471, "Glasovalo birača (po listićima)": 471, "Važeći listići": 460, "Nevažeći listići": 11 }, "latitude": 45.6612875, "longitude": 16.3801725, "population": 700 }, "geometry": { "type": "Polygon", "coordinates": [ [ [ 16.358785116522949, 45.663930452792009 ], [ 16.374959117401175, 45.684130940317608 ], [ 16.389403341519824, 45.681100542416459 ], [ 16.426843333954217, 45.65438754644822 ], [ 16.421598163488209, 45.621742437837618 ], [ 16.415053521296642, 45.6197071909519 ], [ 16.40988826763461, 45.620050617516135 ], [ 16.407521682912975, 45.620340286126599 ], [ 16.370873290658189, 45.633290787750312 ], [ 16.358785116522949, 45.663930452792009 ] ] ] } },
{ "type": "Feature", "properties": { "BM": 1009, "data": { "Oznaka Gr/Op/Dr": "općina", "Grad/općina/država": "KLOŠTAR IVANIĆ", "Rbr BM": 9, "Naziv BM": "LIPOVEC LONJSKI", "Lokacija BM": "PUČKI DOM", "Adresa BM": "LIPOVEC LONJSKI BB", "Glasovalo birača": 159, "Glasovalo birača (po listićima)": 159, "Važeći listići": 146, "Nevažeći listići": 13 }, "latitude": 45.7477042, "longitude": 16.393262, "population": 268 }, "geometry": { "type": "Polygon", "coordinates": [ [ [ 16.382181705903935, 45.781657625558118 ], [ 16.398339973313089, 45.763833247249764 ], [ 16.40055734041135, 45.730283435520889 ], [ 16.397911581824705, 45.729707101503593 ], [ 16.377730351436103, 45.736963739309751 ], [ 16.375340107975727, 45.761725925426646 ], [ 16.382181705903935, 45.781657625558118 ] ] ] } },
{ "type": "Feature", "properties": { "BM": 1060, "data": { "Oznaka Gr/Op/Dr": "općina", "Grad/općina/država": "PRESEKA", "Rbr BM": 7, "Naziv BM": "KRUŠLJEVEC", "Lokacija BM": "OBITELJSKA KUĆA GUČANIN BOŽICE", "Adresa BM": "KRUŠLJEVEC 30", "Glasovalo birača": 30, "Glasovalo birača (po listićima)": 30, "Važeći listići": 29, "Nevažeći listići": 1 }, "latitude": 45.9778396, "longitude": 16.3769678, "population": 47 }, "geometry": { "type": "Polygon", "coordinates": [ [ [ 16.36556618968245, 45.983901026555188 ], [ 16.380747228034725, 45.986546788316865 ], [ 16.38380253734514, 45.969584582099685 ], [ 16.372384101986707, 45.96454595845379 ], [ 16.363366108179441, 45.970764815568991 ], [ 16.36556618968245, 45.983901026555188 ] ] ] } },
{ "type": "Feature", "properties": { "BM": 538, "data": { "Oznaka Gr/Op/Dr": "grad", "Grad/općina/država": "IVANIĆ-GRAD", "Rbr BM": 3, "Naziv BM": "IVANIĆ-GRAD - LONJA", "Lokacija BM": "DRUŠTVENI DOM LONJA", "Adresa BM": "STJEPANA GREGORKA BB, IVANIĆ-GRAD", "Glasovalo birača": 667, "Glasovalo birača (po listićima)": 667, "Važeći listići": 647, "Nevažeći listići": 20 }, "latitude": 45.7187919, "longitude": 16.3828659, "population": 1084 }, "geometry": { "type": "Polygon", "coordinates": [ [ [ 16.372653588134796, 45.732539418739179 ], [ 16.377730351436103, 45.736963739309751 ], [ 16.397911581824705, 45.729707101503593 ], [ 16.39644816156256, 45.726080275592857 ], [ 16.390759884483234, 45.715256210315708 ], [ 16.384878066793124, 45.710486039293187 ], [ 16.380907543032126, 45.708969925415637 ], [ 16.372653588134796, 45.732539418739179 ] ] ] } },
{ "type": "Feature", "properties": { "BM": 1055, "data": { "Oznaka Gr/Op/Dr": "općina", "Grad/općina/država": "PRESEKA", "Rbr BM": 2, "Naziv BM": "SLATINA", "Lokacija BM": "MJESNI DOM", "Adresa BM": "SLATINA BB", "Glasovalo birača": 47, "Glasovalo birača (po listićima)": 47, "Važeći listići": 46, "Nevažeći listići": 1 }, "latitude": 45.9589716, "longitude": 16.3852937, "population": 90 }, "geometry": { "type": "Polygon", "coordinates": [ [ [ 16.372384101986707, 45.96454595845379 ], [ 16.38380253734514, 45.969584582099685 ], [ 16.392571004053703, 45.968724566960375 ], [ 16.39596952385531, 45.966797318492553 ], [ 16.390783999975966, 45.952460201539573 ], [ 16.374150842418047, 45.952352728566623 ], [ 16.372384101986707, 45.96454595845379 ] ] ] } },
{ "type": "Feature", "properties": { "BM": 1057, "data": { "Oznaka Gr/Op/Dr": "općina", "Grad/općina/država": "PRESEKA", "Rbr BM": 4, "Naziv BM": "POGANČEC", "Lokacija BM": "MJESNI DOM", "Adresa BM": "POGANČEC BB", "Glasovalo birača": 39, "Glasovalo birača (po listićima)": 39, "Važeći listići": 37, "Nevažeći listići": 2 }, "latitude": 45.9458784, "longitude": 16.3853783, "population": 52 }, "geometry": { "type": "Polygon", "coordinates": [ [ [ 16.374150842418047, 45.952352728566623 ], [ 16.390783999975966, 45.952460201539573 ], [ 16.399934285302404, 45.936831986527451 ], [ 16.384813413138691, 45.924859083732287 ], [ 16.372211576030107, 45.947575852216175 ], [ 16.374150842418047, 45.952352728566623 ] ] ] } },
{ "type": "Feature", "properties": { "BM": 539, "data": { "Oznaka Gr/Op/Dr": "grad", "Grad/općina/država": "IVANIĆ-GRAD", "Rbr BM": 4, "Naziv BM": "IVANIĆ-GRAD - POLJANA 1", "Lokacija BM": "UČENIČKI DOM", "Adresa BM": "ULICA SLOBODE BB, IVANIĆ-GRAD", "Glasovalo birača": 415, "Glasovalo birača (po listićima)": 415, "Važeći listići": 408, "Nevažeći listići": 7 }, "latitude": 45.7029529, "longitude": 16.3889139, "population": 572 }, "geometry": { "type": "Polygon", "coordinates": [ [ [ 16.369618527728861, 45.694790336349584 ], [ 16.380907543032126, 45.708969925415637 ], [ 16.384878066793124, 45.710486039293187 ], [ 16.391264070524688, 45.704388362949928 ], [ 16.395205431133189, 45.695194546172239 ], [ 16.389403341519824, 45.681100542416459 ], [ 16.374959117401175, 45.684130940317608 ], [ 16.369618527728861, 45.694790336349584 ] ] ] } },
{ "type": "Feature", "properties": { "BM": 1062, "data": { "Oznaka Gr/Op/Dr": "općina", "Grad/općina/država": "PRESEKA", "Rbr BM": 9, "Naziv BM": "LEDINA", "Lokacija BM": "MJESNI DOM", "Adresa BM": "LEDINA BB", "Glasovalo birača": 68, "Glasovalo birača (po listićima)": 68, "Važeći listići": 67, "Nevažeći listići": 1 }, "latitude": 45.9973039, "longitude": 16.3827495, "population": 117 }, "geometry": { "type": "Polygon", "coordinates": [ [ [ 16.371965985174636, 46.018195708635098 ], [ 16.402333735844937, 46.017251704738285 ], [ 16.40297793984799, 46.016275044801517 ], [ 16.402136681248784, 45.998784235686514 ], [ 16.391979238236932, 45.990310252195158 ], [ 16.381965586939085, 45.987705427131871 ], [ 16.369959006605502, 46.014283791905939 ], [ 16.371965985174636, 46.018195708635098 ] ] ] } },
{ "type": "Feature", "properties": { "BM": 1054, "data": { "Oznaka Gr/Op/Dr": "općina", "Grad/općina/država": "PRESEKA", "Rbr BM": 1, "Naziv BM": "PRESEKA", "Lokacija BM": "ZGRADA OPĆINE", "Adresa BM": "PRESEKA 57", "Glasovalo birača": 44, "Glasovalo birača (po listićima)": 44, "Važeći listići": 42, "Nevažeći listići": 2 }, "latitude": 45.9797056, "longitude": 16.3873273, "population": 65 }, "geometry": { "type": "Polygon", "coordinates": [ [ [ 16.381965586939085, 45.987705427131871 ], [ 16.391979238236932, 45.990310252195158 ], [ 16.392571004053703, 45.968724566960375 ], [ 16.38380253734514, 45.969584582099685 ], [ 16.380747228034725, 45.986546788316865 ], [ 16.381965586939085, 45.987705427131871 ] ] ] } },
{ "type": "Feature", "properties": { "BM": 683, "data": { "Oznaka Gr/Op/Dr": "grad", "Grad/općina/država": "VRBOVEC", "Rbr BM": 26, "Naziv BM": "LUKOVO", "Lokacija BM": "DRUŠTVENI DOM", "Adresa BM": "LUKOVO 78", "Glasovalo birača": 101, "Glasovalo birača (po listićima)": 101, "Važeći listići": 97, "Nevažeći listići": 4 }, "latitude": 45.9205896, "longitude": 16.4054023, "population": 142 }, "geometry": { "type": "Polygon", "coordinates": [ [ [ 16.382412305791359, 45.91862648375286 ], [ 16.384813413138691, 45.924859083732287 ], [ 16.399934285302404, 45.936831986527451 ], [ 16.406369975571412, 45.938034311753498 ], [ 16.412413166500361, 45.914394729822014 ], [ 16.410882074197069, 45.912329295007154 ], [ 16.383963284414033, 45.916558450613792 ], [ 16.382412305791359, 45.91862648375286 ] ] ] } },
{ "type": "Feature", "properties": { "BM": 1063, "data": { "Oznaka Gr/Op/Dr": "općina", "Grad/općina/država": "PRESEKA", "Rbr BM": 10, "Naziv BM": "KRALJEV VRH-STRMEC", "Lokacija BM": "VATROGASNI DOM", "Adresa BM": "KRALJEV VRH 11", "Glasovalo birača": 51, "Glasovalo birača (po listićima)": 51, "Važeći listići": 49, "Nevažeći listići": 2 }, "latitude": 45.9799764, "longitude": 16.3972052, "population": 78 }, "geometry": { "type": "Polygon", "coordinates": [ [ [ 16.402136681248784, 45.998784235686514 ], [ 16.407308666029056, 45.990733277311918 ], [ 16.404538455951467, 45.967444053336202 ], [ 16.39596952385531, 45.966797318492553 ], [ 16.392571004053703, 45.968724566960375 ], [ 16.391979238236932, 45.990310252195158 ], [ 16.402136681248784, 45.998784235686514 ] ] ] } },
{ "type": "Feature", "properties": { "BM": 666, "data": { "Oznaka Gr/Op/Dr": "grad", "Grad/općina/država": "VRBOVEC", "Rbr BM": 9, "Naziv BM": "MARTINSKA VES", "Lokacija BM": "DRUŠTVENI DOM", "Adresa BM": "RADNIČKA 8, VRBOVEC", "Glasovalo birača": 217, "Glasovalo birača (po listićima)": 217, "Važeći listići": 210, "Nevažeći listići": 7 }, "latitude": 45.8773715, "longitude": 16.392463, "population": 375 }, "geometry": { "type": "Polygon", "coordinates": [ [ [ 16.375972121952604, 45.880438316766444 ], [ 16.389095712935916, 45.892656566506517 ], [ 16.404765895642033, 45.879037399483153 ], [ 16.405107805338673, 45.877737428108198 ], [ 16.40021753937846, 45.868238251444481 ], [ 16.375005152453973, 45.876634256976651 ], [ 16.375972121952604, 45.880438316766444 ] ] ] } },
{ "type": "Feature", "properties": { "BM": 684, "data": { "Oznaka Gr/Op/Dr": "grad", "Grad/općina/država": "VRBOVEC", "Rbr BM": 27, "Naziv BM": "TOPOLOVEC", "Lokacija BM": "KUĆA GORANA GREGURIĆA", "Adresa BM": "TOPOLOVEC 5A", "Glasovalo birača": 56, "Glasovalo birača (po listićima)": 56, "Važeći listići": 52, "Nevažeći listići": 4 }, "latitude": 45.9061473, "longitude": 16.4031333, "population": 99 }, "geometry": { "type": "Polygon", "coordinates": [ [ [ 16.383963284414033, 45.916558450613792 ], [ 16.410882074197069, 45.912329295007154 ], [ 16.412448538200305, 45.904242150257595 ], [ 16.406893247121435, 45.899117334857166 ], [ 16.389955246735301, 45.897310448835121 ], [ 16.383963284414033, 45.916558450613792 ] ] ] } },
{ "type": "Feature", "properties": { "BM": 553, "data": { "Oznaka Gr/Op/Dr": "grad", "Grad/općina/država": "IVANIĆ-GRAD", "Rbr BM": 18, "Naziv BM": "IVANIĆ-GRAD - CENTAR 2", "Lokacija BM": "DOM UMIROVLJENIKA", "Adresa BM": "UL. KRALJA TOMISLAVA BB, IVANIĆ-GRAD", "Glasovalo birača": 553, "Glasovalo birača (po listićima)": 553, "Važeći listići": 540, "Nevažeći listići": 13 }, "latitude": 45.7051008, "longitude": 16.3939242, "population": 841 }, "geometry": { "type": "Polygon", "coordinates": [ [ [ 16.391264070524688, 45.704388362949928 ], [ 16.394299207872582, 45.706769202102578 ], [ 16.399842496114967, 45.701084935859036 ], [ 16.395205431133189, 45.695194546172239 ], [ 16.391264070524688, 45.704388362949928 ] ] ] } },
{ "type": "Feature", "properties": { "BM": 1056, "data": { "Oznaka Gr/Op/Dr": "općina", "Grad/općina/država": "PRESEKA", "Rbr BM": 3, "Naziv BM": "KAMENICA", "Lokacija BM": "OBITELJSKA KUĆA MARIJA GUDIĆA", "Adresa BM": "KAMENICA 12A", "Glasovalo birača": 23, "Glasovalo birača (po listićima)": 23, "Važeći listići": 22, "Nevažeći listići": 1 }, "latitude": 45.953953, "longitude": 16.3991693, "population": 41 }, "geometry": { "type": "Polygon", "coordinates": [ [ [ 16.39596952385531, 45.966797318492553 ], [ 16.404538455951467, 45.967444053336202 ], [ 16.412410372646491, 45.96237074458503 ], [ 16.414274516778427, 45.942254411818688 ], [ 16.406369975571412, 45.938034311753498 ], [ 16.399934285302404, 45.936831986527451 ], [ 16.390783999975966, 45.952460201539573 ], [ 16.39596952385531, 45.966797318492553 ] ] ] } },
{ "type": "Feature", "properties": { "BM": 555, "data": { "Oznaka Gr/Op/Dr": "grad", "Grad/općina/država": "IVANIĆ-GRAD", "Rbr BM": 20, "Naziv BM": "IVANIĆ-GRAD - DONJI ŠARAMPOV", "Lokacija BM": "DRUŠTVENI DOM", "Adresa BM": "MAJDEKOVA BB, DONJI ŠARAMPOV", "Glasovalo birača": 325, "Glasovalo birača (po listićima)": 325, "Važeći listići": 314, "Nevažeći listići": 11 }, "latitude": 45.6962749, "longitude": 16.4051356, "population": 533 }, "geometry": { "type": "Polygon", "coordinates": [ [ [ 16.395205431133189, 45.695194546172239 ], [ 16.399842496114967, 45.701084935859036 ], [ 16.403076996428613, 45.703821085390565 ], [ 16.424848885458172, 45.709528584128492 ], [ 16.437548182157968, 45.676322340398571 ], [ 16.43728623068489, 45.670890100007135 ], [ 16.431733345218028, 45.661062689289444 ], [ 16.426843333954217, 45.65438754644822 ], [ 16.389403341519824, 45.681100542416459 ], [ 16.395205431133189, 45.695194546172239 ] ] ] } },
{ "type": "Feature", "properties": { "BM": 552, "data": { "Oznaka Gr/Op/Dr": "grad", "Grad/općina/država": "IVANIĆ-GRAD", "Rbr BM": 17, "Naziv BM": "IVANIĆ-GRAD - CENTAR 1", "Lokacija BM": "MALA DVORANA PUČKOG OTVORENOG UČILIŠTA IVANIĆ-GRAD", "Adresa BM": "MOSLAVAČKA 11, IVANIĆ-GRAD", "Glasovalo birača": 343, "Glasovalo birača (po listićima)": 343, "Važeći listići": 330, "Nevažeći listići": 13 }, "latitude": 45.7068023, "longitude": 16.3925895, "population": 505 }, "geometry": { "type": "Polygon", "coordinates": [ [ [ 16.390759884483234, 45.715256210315708 ], [ 16.393943735405692, 45.710783824461195 ], [ 16.394299207872582, 45.706769202102578 ], [ 16.391264070524688, 45.704388362949928 ], [ 16.384878066793124, 45.710486039293187 ], [ 16.390759884483234, 45.715256210315708 ] ] ] } },
{ "type": "Feature", "properties": { "BM": 671, "data": { "Oznaka Gr/Op/Dr": "grad", "Grad/općina/država": "VRBOVEC", "Rbr BM": 14, "Naziv BM": "BRČEVEC", "Lokacija BM": "DRUŠTVENI DOM", "Adresa BM": "BRČEVEC 46", "Glasovalo birača": 259, "Glasovalo birača (po listićima)": 259, "Važeći listići": 250, "Nevažeći listići": 9 }, "latitude": 45.8672331, "longitude": 16.4121565, "population": 452 }, "geometry": { "type": "Polygon", "coordinates": [ [ [ 16.405107805338673, 45.877737428108198 ], [ 16.416814277963219, 45.874783571741773 ], [ 16.425468551407111, 45.871609169884067 ], [ 16.40167455121647, 45.847449319626058 ], [ 16.40021753937846, 45.868238251444481 ], [ 16.405107805338673, 45.877737428108198 ] ] ] } },
{ "type": "Feature", "properties": { "BM": 556, "data": { "Oznaka Gr/Op/Dr": "grad", "Grad/općina/država": "IVANIĆ-GRAD", "Rbr BM": 21, "Naziv BM": "IVANIĆ-GRAD - ŠARAMPOV GORNJI 3", "Lokacija BM": "SPORTSKA DVORANA ŽERAVINEC", "Adresa BM": "MILKE TRNINE BB, IVANIĆ-GRAD", "Glasovalo birača": 360, "Glasovalo birača (po listićima)": 360, "Važeći listići": 351, "Nevažeći listići": 9 }, "latitude": 45.7114067, "longitude": 16.4011688, "population": 548 }, "geometry": { "type": "Polygon", "coordinates": [ [ [ 16.397911581824705, 45.729707101503593 ], [ 16.40055734041135, 45.730283435520889 ], [ 16.400605876564093, 45.730277774729046 ], [ 16.424669986985119, 45.715540678282352 ], [ 16.424848885458172, 45.709528584128492 ], [ 16.403076996428613, 45.703821085390565 ], [ 16.40056518101677, 45.706850960907566 ], [ 16.39644816156256, 45.726080275592857 ], [ 16.397911581824705, 45.729707101503593 ] ] ] } },
{ "type": "Feature", "properties": { "BM": 551, "data": { "Oznaka Gr/Op/Dr": "grad", "Grad/općina/država": "IVANIĆ-GRAD", "Rbr BM": 16, "Naziv BM": "IVANIĆ-GRAD - ŠARAMPOV GORNJI 2", "Lokacija BM": "SPOMEN DOM \"A. VULINCA\" - I. KAT", "Adresa BM": "BELICEVA 1, IVANIĆ-GRAD", "Glasovalo birača": 668, "Glasovalo birača (po listićima)": 668, "Važeći listići": 649, "Nevažeći listići": 19 }, "latitude": 45.7107602, "longitude": 16.3981492, "population": 1102 }, "geometry": { "type": "Polygon", "coordinates": [ [ [ 16.39644816156256, 45.726080275592857 ], [ 16.40056518101677, 45.706850960907566 ], [ 16.393943735405692, 45.710783824461195 ], [ 16.390759884483234, 45.715256210315708 ], [ 16.39644816156256, 45.726080275592857 ] ] ] } },
{ "type": "Feature", "properties": { "BM": 536, "data": { "Oznaka Gr/Op/Dr": "grad", "Grad/općina/država": "IVANIĆ-GRAD", "Rbr BM": 1, "Naziv BM": "IVANIĆ-GRAD - JALŠEVEC BREŠKI", "Lokacija BM": "DRUŠTVENI DOM U JALŠEVCU BREŠKOM", "Adresa BM": "IVANIĆ-GRAD", "Glasovalo birača": 325, "Glasovalo birača (po listićima)": 325, "Važeći listići": 317, "Nevažeći listići": 8 }, "latitude": 45.7071022, "longitude": 16.3959765, "population": 578 }, "geometry": { "type": "Polygon", "coordinates": [ [ [ 16.394299207872582, 45.706769202102578 ], [ 16.393943735405692, 45.710783824461195 ], [ 16.40056518101677, 45.706850960907566 ], [ 16.403076996428613, 45.703821085390565 ], [ 16.399842496114967, 45.701084935859036 ], [ 16.394299207872582, 45.706769202102578 ] ] ] } },
{ "type": "Feature", "properties": { "BM": 1067, "data": { "Oznaka Gr/Op/Dr": "općina", "Grad/općina/država": "PRESEKA", "Rbr BM": 14, "Naziv BM": "GORNJA VELIKA", "Lokacija BM": "OBITELJSKA KUĆA STJEPANA ZAREPA", "Adresa BM": "GORNJA VELIKA 12", "Glasovalo birača": 22, "Glasovalo birača (po listićima)": 22, "Važeći listići": 21, "Nevažeći listići": 1 }, "latitude": 45.9954501, "longitude": 16.4212923, "population": 44 }, "geometry": { "type": "Polygon", "coordinates": [ [ [ 16.402136681248784, 45.998784235686514 ], [ 16.40297793984799, 46.016275044801517 ], [ 16.433969353390577, 46.009400015825733 ], [ 16.434731538627382, 46.001318230118699 ], [ 16.419894475935774, 45.986420607190169 ], [ 16.418785314521603, 45.986359831392491 ], [ 16.407308666029056, 45.990733277311918 ], [ 16.402136681248784, 45.998784235686514 ] ] ] } },
{ "type": "Feature", "properties": { "BM": 669, "data": { "Oznaka Gr/Op/Dr": "grad", "Grad/općina/država": "VRBOVEC", "Rbr BM": 12, "Naziv BM": "CELINE", "Lokacija BM": "VATROGASNI DOM", "Adresa BM": "CELINE 54", "Glasovalo birača": 465, "Glasovalo birača (po listićima)": 465, "Važeći listići": 454, "Nevažeći listići": 11 }, "latitude": 45.8914524, "longitude": 16.4047009, "population": 744 }, "geometry": { "type": "Polygon", "coordinates": [ [ [ 16.389095712935916, 45.892656566506517 ], [ 16.389955246735301, 45.897310448835121 ], [ 16.406893247121435, 45.899117334857166 ], [ 16.410981852344651, 45.88826338969681 ], [ 16.404765895642033, 45.879037399483153 ], [ 16.389095712935916, 45.892656566506517 ] ] ] } },
{ "type": "Feature", "properties": { "BM": 698, "data": { "Oznaka Gr/Op/Dr": "grad", "Grad/općina/država": "VRBOVEC", "Rbr BM": 41, "Naziv BM": "HRUŠKOVICA", "Lokacija BM": "DRUŠTVENI DOM", "Adresa BM": "MARENIĆ 28", "Glasovalo birača": 32, "Glasovalo birača (po listićima)": 32, "Važeći listići": 31, "Nevažeći listići": 1 }, "latitude": 45.9231942, "longitude": 16.4155909, "population": 48 }, "geometry": { "type": "Polygon", "coordinates": [ [ [ 16.414274516778427, 45.942254411818688 ], [ 16.417777655730863, 45.941058311071345 ], [ 16.424028427853649, 45.921319759306932 ], [ 16.422958046415225, 45.918078148350183 ], [ 16.412413166500361, 45.914394729822014 ], [ 16.406369975571412, 45.938034311753498 ], [ 16.414274516778427, 45.942254411818688 ] ] ] } },
{ "type": "Feature", "properties": { "BM": 1010, "data": { "Oznaka Gr/Op/Dr": "općina", "Grad/općina/država": "KLOŠTAR IVANIĆ", "Rbr BM": 10, "Naziv BM": "ŠČAPOVEC", "Lokacija BM": "PODRUČNI OBJEKT DJEČJEG VRTIĆA ŠČAPOVEC", "Adresa BM": "ŠČAPOVEC 42", "Glasovalo birača": 86, "Glasovalo birača (po listićima)": 86, "Važeći listići": 86, "Nevažeći listići": 0 }, "latitude": 45.7485128, "longitude": 16.4054965, "population": 138 }, "geometry": { "type": "Polygon", "coordinates": [ [ [ 16.398339973313089, 45.763833247249764 ], [ 16.414907723391771, 45.755554881190278 ], [ 16.416000540375073, 45.75103499582945 ], [ 16.41294608159189, 45.745065469139398 ], [ 16.400605876564093, 45.730277774729046 ], [ 16.40055734041135, 45.730283435520889 ], [ 16.398339973313089, 45.763833247249764 ] ] ] } },
{ "type": "Feature", "properties": { "BM": 670, "data": { "Oznaka Gr/Op/Dr": "grad", "Grad/općina/država": "VRBOVEC", "Rbr BM": 13, "Naziv BM": "CERJE", "Lokacija BM": "DRUŠTVENI DOM", "Adresa BM": "CERJE 15", "Glasovalo birača": 112, "Glasovalo birača (po listićima)": 112, "Važeći listići": 108, "Nevažeći listići": 4 }, "latitude": 45.8948038, "longitude": 16.4135978, "population": 161 }, "geometry": { "type": "Polygon", "coordinates": [ [ [ 16.412448538200305, 45.904242150257595 ], [ 16.421645189695578, 45.899995214898169 ], [ 16.421874807425585, 45.899390072042337 ], [ 16.416694736156231, 45.890333318047425 ], [ 16.41445512007602, 45.889165859597277 ], [ 16.413203230861786, 45.888800358476828 ], [ 16.410981852344651, 45.88826338969681 ], [ 16.406893247121435, 45.899117334857166 ], [ 16.412448538200305, 45.904242150257595 ] ] ] } },
{ "type": "Feature", "properties": { "BM": 1064, "data": { "Oznaka Gr/Op/Dr": "općina", "Grad/općina/država": "PRESEKA", "Rbr BM": 11, "Naziv BM": "ŽABNJAK", "Lokacija BM": "OBITELJSKA KUĆA KRISTIJANA SCHOPLOCHERA", "Adresa BM": "ŽABNJAK 12", "Glasovalo birača": 18, "Glasovalo birača (po listićima)": 18, "Važeći listići": 17, "Nevažeći listići": 1 }, "latitude": 45.9779065, "longitude": 16.4146069, "population": 37 }, "geometry": { "type": "Polygon", "coordinates": [ [ [ 16.404538455951467, 45.967444053336202 ], [ 16.407308666029056, 45.990733277311918 ], [ 16.418785314521603, 45.986359831392491 ], [ 16.417948315472238, 45.965574264591993 ], [ 16.412410372646491, 45.96237074458503 ], [ 16.404538455951467, 45.967444053336202 ] ] ] } },
{ "type": "Feature", "properties": { "BM": 662, "data": { "Oznaka Gr/Op/Dr": "grad", "Grad/općina/država": "VRBOVEC", "Rbr BM": 5, "Naziv BM": "VRBOVEC V", "Lokacija BM": "DVORANA PUČKOG OTVORENOG UČILIŠTA VRBOVEC", "Adresa BM": "KOLODVORSKA 1, VRBOVEC", "Glasovalo birača": 366, "Glasovalo birača (po listićima)": 366, "Važeći listići": 357, "Nevažeći listići": 9 }, "latitude": 45.88364, "longitude": 16.4162964, "population": 631 }, "geometry": { "type": "Polygon", "coordinates": [ [ [ 16.404765895642033, 45.879037399483153 ], [ 16.410981852344651, 45.88826338969681 ], [ 16.413203230861786, 45.888800358476828 ], [ 16.417183876557118, 45.882814731776413 ], [ 16.416814277963219, 45.874783571741773 ], [ 16.405107805338673, 45.877737428108198 ], [ 16.404765895642033, 45.879037399483153 ] ] ] } },
{ "type": "Feature", "properties": { "BM": 1007, "data": { "Oznaka Gr/Op/Dr": "općina", "Grad/općina/država": "KLOŠTAR IVANIĆ", "Rbr BM": 7, "Naziv BM": "KLOŠTAR I", "Lokacija BM": "PUČKI DOM  (PRIZEMLJE)", "Adresa BM": "TRG SVETOG IVANA BB, KLOŠTAR IVANIĆ", "Glasovalo birača": 414, "Glasovalo birača (po listićima)": 414, "Važeći listići": 395, "Nevažeći listići": 19 }, "latitude": 45.7383532, "longitude": 16.4176711, "population": 753 }, "geometry": { "type": "Polygon", "coordinates": [ [ [ 16.400605876564093, 45.730277774729046 ], [ 16.41294608159189, 45.745065469139398 ], [ 16.432881822192567, 45.727045927622235 ], [ 16.431632964383436, 45.723911010323597 ], [ 16.424669986985119, 45.715540678282352 ], [ 16.400605876564093, 45.730277774729046 ] ] ] } },
{ "type": "Feature", "properties": { "BM": 546, "data": { "Oznaka Gr/Op/Dr": "grad", "Grad/općina/država": "IVANIĆ-GRAD", "Rbr BM": 11, "Naziv BM": "CAGINEC", "Lokacija BM": "DRUŠTVENI DOM CAGINEC", "Adresa BM": "CAGINEC", "Glasovalo birača": 463, "Glasovalo birača (po listićima)": 463, "Važeći listići": 448, "Nevažeći listići": 15 }, "latitude": 45.7128114, "longitude": 16.4483754, "population": 779 }, "geometry": { "type": "Polygon", "coordinates": [ [ [ 16.437548182157968, 45.676322340398571 ], [ 16.424848885458172, 45.709528584128492 ], [ 16.424669986985119, 45.715540678282352 ], [ 16.431632964383436, 45.723911010323597 ], [ 16.458888944507692, 45.7163482052623 ], [ 16.457199531243646, 45.699563072410548 ], [ 16.437548182157968, 45.676322340398571 ] ] ] } },
{ "type": "Feature", "properties": { "BM": 549, "data": { "Oznaka Gr/Op/Dr": "grad", "Grad/općina/država": "IVANIĆ-GRAD", "Rbr BM": 14, "Naziv BM": "DEANOVEC", "Lokacija BM": "DRUŠTVENI DOM DEANOVEC", "Adresa BM": "DEANOVEC", "Glasovalo birača": 281, "Glasovalo birača (po listićima)": 281, "Važeći listići": 273, "Nevažeći listići": 8 }, "latitude": 45.6930636, "longitude": 16.4717302, "population": 455 }, "geometry": { "type": "Polygon", "coordinates": [ [ [ 16.457199531243646, 45.699563072410548 ], [ 16.489259727959887, 45.705430054402328 ], [ 16.488546519537909, 45.692177594511641 ], [ 16.476404239691796, 45.675045880329456 ], [ 16.43728623068489, 45.670890100007135 ], [ 16.437548182157968, 45.676322340398571 ], [ 16.457199531243646, 45.699563072410548 ] ] ] } },
{ "type": "Feature", "properties": { "BM": 673, "data": { "Oznaka Gr/Op/Dr": "grad", "Grad/općina/država": "VRBOVEC", "Rbr BM": 16, "Naziv BM": "POLJANSKI LUG", "Lokacija BM": "DRUŠTVENI DOM", "Adresa BM": "POLJANSKI LUG 11", "Glasovalo birača": 175, "Glasovalo birača (po listićima)": 175, "Važeći listići": 168, "Nevažeći listići": 7 }, "latitude": 45.8262939, "longitude": 16.4177609, "population": 301 }, "geometry": { "type": "Polygon", "coordinates": [ [ [ 16.400972186172524, 45.84431688837256 ], [ 16.42475160726941, 45.841684757072493 ], [ 16.448676456257449, 45.816913542933342 ], [ 16.425598629497525, 45.796349866594333 ], [ 16.385912450795932, 45.798282543289353 ], [ 16.374504453686445, 45.824626022466369 ], [ 16.400972186172524, 45.84431688837256 ] ] ] } },
{ "type": "Feature", "properties": { "BM": 682, "data": { "Oznaka Gr/Op/Dr": "grad", "Grad/općina/država": "VRBOVEC", "Rbr BM": 25, "Naziv BM": "LOVREČKA VAROŠ", "Lokacija BM": "DRUŠTVENI DOM", "Adresa BM": "LOVREČKA VAROŠ 34", "Glasovalo birača": 84, "Glasovalo birača (po listićima)": 84, "Važeći listići": 82, "Nevažeći listići": 2 }, "latitude": 45.9094877, "longitude": 16.4203787, "population": 116 }, "geometry": { "type": "Polygon", "coordinates": [ [ [ 16.412413166500361, 45.914394729822014 ], [ 16.422958046415225, 45.918078148350183 ], [ 16.428953705249221, 45.909752479104228 ], [ 16.421645189695578, 45.899995214898169 ], [ 16.412448538200305, 45.904242150257595 ], [ 16.410882074197069, 45.912329295007154 ], [ 16.412413166500361, 45.914394729822014 ] ] ] } },
{ "type": "Feature", "properties": { "BM": 658, "data": { "Oznaka Gr/Op/Dr": "grad", "Grad/općina/država": "VRBOVEC", "Rbr BM": 1, "Naziv BM": "VRBOVEC I", "Lokacija BM": "VELIKA GRADSKA VIJEĆNICA", "Adresa BM": "TRG P. ZRINSKOG 9, VRBOVEC", "Glasovalo birača": 476, "Glasovalo birača (po listićima)": 476, "Važeći listići": 464, "Nevažeći listići": 12 }, "latitude": 45.8852344, "longitude": 16.4185861, "population": 674 }, "geometry": { "type": "Polygon", "coordinates": [ [ [ 16.416694736156231, 45.890333318047425 ], [ 16.424036070644057, 45.88481164526695 ], [ 16.424404780033772, 45.882802511542238 ], [ 16.417690846061518, 45.884572345155149 ], [ 16.41445512007602, 45.889165859597277 ], [ 16.416694736156231, 45.890333318047425 ] ] ] } },
{ "type": "Feature", "properties": { "BM": 661, "data": { "Oznaka Gr/Op/Dr": "grad", "Grad/općina/država": "VRBOVEC", "Rbr BM": 4, "Naziv BM": "VRBOVEC IV", "Lokacija BM": "UDRUGA UMIROVLJENIKA", "Adresa BM": "BRDO 3, VRBOVEC", "Glasovalo birača": 397, "Glasovalo birača (po listićima)": 397, "Važeći listići": 390, "Nevažeći listići": 7 }, "latitude": 45.883555, "longitude": 16.4181434, "population": 668 }, "geometry": { "type": "Polygon", "coordinates": [ [ [ 16.417183876557118, 45.882814731776413 ], [ 16.417690846061518, 45.884572345155149 ], [ 16.424404780033772, 45.882802511542238 ], [ 16.428005068324488, 45.871924963640971 ], [ 16.425468551407111, 45.871609169884067 ], [ 16.416814277963219, 45.874783571741773 ], [ 16.417183876557118, 45.882814731776413 ] ] ] } },
{ "type": "Feature", "properties": { "BM": 667, "data": { "Oznaka Gr/Op/Dr": "grad", "Grad/općina/država": "VRBOVEC", "Rbr BM": 10, "Naziv BM": "LUKA", "Lokacija BM": "POSLOVNI PROSTOR STJEPANA CRNEKOVIĆA", "Adresa BM": "LUKA 367 A", "Glasovalo birača": 397, "Glasovalo birača (po listićima)": 397, "Važeći listići": 384, "Nevažeći listići": 13 }, "latitude": 45.8839523, "longitude": 16.416766, "population": 719 }, "geometry": { "type": "Polygon", "coordinates": [ [ [ 16.417690846061518, 45.884572345155149 ], [ 16.417183876557118, 45.882814731776413 ], [ 16.413203230861786, 45.888800358476828 ], [ 16.41445512007602, 45.889165859597277 ], [ 16.417690846061518, 45.884572345155149 ] ] ] } },
{ "type": "Feature", "properties": { "BM": 677, "data": { "Oznaka Gr/Op/Dr": "grad", "Grad/općina/država": "VRBOVEC", "Rbr BM": 20, "Naziv BM": "ŽUNCI", "Lokacija BM": "VATROGASNI DOM", "Adresa BM": "ŽUNCI 6", "Glasovalo birača": 47, "Glasovalo birača (po listićima)": 47, "Važeći listići": 43, "Nevažeći listići": 4 }, "latitude": 45.9565295, "longitude": 16.4269728, "population": 112 }, "geometry": { "type": "Polygon", "coordinates": [ [ [ 16.417948315472238, 45.965574264591993 ], [ 16.434405943932788, 45.9692474769057 ], [ 16.447049442636956, 45.948894166584481 ], [ 16.437545250177404, 45.943031016869995 ], [ 16.417777655730863, 45.941058311071345 ], [ 16.414274516778427, 45.942254411818688 ], [ 16.412410372646491, 45.96237074458503 ], [ 16.417948315472238, 45.965574264591993 ] ] ] } },
{ "type": "Feature", "properties": { "BM": 1012, "data": { "Oznaka Gr/Op/Dr": "općina", "Grad/općina/država": "KLOŠTAR IVANIĆ", "Rbr BM": 12, "Naziv BM": "KLOŠTAR IV", "Lokacija BM": "VATROGASNI DOM DVD-A KLOŠTAR IVANIĆ", "Adresa BM": "ŠKOLSKA 22, KLOŠTAR IVANIĆ", "Glasovalo birača": 250, "Glasovalo birača (po listićima)": 250, "Važeći listići": 237, "Nevažeći listići": 13 }, "latitude": 45.7410405, "longitude": 16.4201001, "population": 489 }, "geometry": { "type": "Polygon", "coordinates": [ [ [ 16.416000540375073, 45.75103499582945 ], [ 16.439148267019643, 45.739236750972438 ], [ 16.432881822192567, 45.727045927622235 ], [ 16.41294608159189, 45.745065469139398 ], [ 16.416000540375073, 45.75103499582945 ] ] ] } },
{ "type": "Feature", "properties": { "BM": 674, "data": { "Oznaka Gr/Op/Dr": "grad", "Grad/općina/država": "VRBOVEC", "Rbr BM": 17, "Naziv BM": "PRILESJE", "Lokacija BM": "DRUŠTVENI DOM", "Adresa BM": "PRILESJE 38", "Glasovalo birača": 77, "Glasovalo birača (po listićima)": 77, "Važeći listići": 73, "Nevažeći listići": 4 }, "latitude": 45.8582319, "longitude": 16.4212961, "population": 135 }, "geometry": { "type": "Polygon", "coordinates": [ [ [ 16.40167455121647, 45.847449319626058 ], [ 16.425468551407111, 45.871609169884067 ], [ 16.428005068324488, 45.871924963640971 ], [ 16.438217699908609, 45.869210306481897 ], [ 16.438509332627792, 45.867686183434529 ], [ 16.42475160726941, 45.841684757072493 ], [ 16.400972186172524, 45.84431688837256 ], [ 16.40167455121647, 45.847449319626058 ] ] ] } },
{ "type": "Feature", "properties": { "BM": 1013, "data": { "Oznaka Gr/Op/Dr": "općina", "Grad/općina/država": "KLOŠTAR IVANIĆ", "Rbr BM": 13, "Naziv BM": "PREDAVEC", "Lokacija BM": "PUČKI DOM", "Adresa BM": "DUBRAVAČKA 37, PREDAVEC", "Glasovalo birača": 120, "Glasovalo birača (po listićima)": 120, "Važeći listići": 118, "Nevažeći listići": 2 }, "latitude": 45.7535902, "longitude": 16.4264966, "population": 197 }, "geometry": { "type": "Polygon", "coordinates": [ [ [ 16.441586142309003, 45.741370745934603 ], [ 16.439148267019643, 45.739236750972438 ], [ 16.416000540375073, 45.75103499582945 ], [ 16.414907723391771, 45.755554881190278 ], [ 16.424905702830408, 45.764014637068634 ], [ 16.436445166753852, 45.75614700996946 ], [ 16.441586142309003, 45.741370745934603 ] ] ] } },
{ "type": "Feature", "properties": { "BM": 1004, "data": { "Oznaka Gr/Op/Dr": "općina", "Grad/općina/država": "KLOŠTAR IVANIĆ", "Rbr BM": 4, "Naziv BM": "BEŠLINEC", "Lokacija BM": "PUČKI DOM", "Adresa BM": "BEŠLINEC BB", "Glasovalo birača": 183, "Glasovalo birača (po listićima)": 183, "Važeći listići": 175, "Nevažeći listići": 8 }, "latitude": 45.7603175, "longitude": 16.4458323, "population": 330 }, "geometry": { "type": "Polygon", "coordinates": [ [ [ 16.436445166753852, 45.75614700996946 ], [ 16.446536395778342, 45.773971860772733 ], [ 16.458161682617394, 45.769936061737134 ], [ 16.463963201335677, 45.763952632444955 ], [ 16.467480722301342, 45.745649014487142 ], [ 16.441586142309003, 45.741370745934603 ], [ 16.436445166753852, 45.75614700996946 ] ] ] } },
{ "type": "Feature", "properties": { "BM": 1065, "data": { "Oznaka Gr/Op/Dr": "općina", "Grad/općina/država": "PRESEKA", "Rbr BM": 12, "Naziv BM": "DONJA VELIKA", "Lokacija BM": "KUĆA ĐURE KOPSEJAKA", "Adresa BM": "DONJA VELIKA 7", "Glasovalo birača": 24, "Glasovalo birača (po listićima)": 24, "Važeći listići": 24, "Nevažeći listići": 0 }, "latitude": 45.9775979, "longitude": 16.4222705, "population": 45 }, "geometry": { "type": "Polygon", "coordinates": [ [ [ 16.418785314521603, 45.986359831392491 ], [ 16.419894475935774, 45.986420607190169 ], [ 16.436207400305864, 45.975848290173502 ], [ 16.434405943932788, 45.9692474769057 ], [ 16.417948315472238, 45.965574264591993 ], [ 16.418785314521603, 45.986359831392491 ] ] ] } },
{ "type": "Feature", "properties": { "BM": 660, "data": { "Oznaka Gr/Op/Dr": "grad", "Grad/općina/država": "VRBOVEC", "Rbr BM": 3, "Naziv BM": "VRBOVEC III", "Lokacija BM": "DRUŠTVENI DOM U GRADEČKOJ ULICI", "Adresa BM": "GRADEČKA 70, VRBOVEC", "Glasovalo birača": 260, "Glasovalo birača (po listićima)": 260, "Važeći listići": 254, "Nevažeći listići": 6 }, "latitude": 45.887142, "longitude": 16.4289808, "population": 387 }, "geometry": { "type": "Polygon", "coordinates": [ [ [ 16.424036070644057, 45.88481164526695 ], [ 16.428012665267556, 45.894598189381426 ], [ 16.447784855500601, 45.891654541852503 ], [ 16.448712206027732, 45.883122733564036 ], [ 16.438217699908609, 45.869210306481897 ], [ 16.428005068324488, 45.871924963640971 ], [ 16.424404780033772, 45.882802511542238 ], [ 16.424036070644057, 45.88481164526695 ] ] ] } },
{ "type": "Feature", "properties": { "BM": 1005, "data": { "Oznaka Gr/Op/Dr": "općina", "Grad/općina/država": "KLOŠTAR IVANIĆ", "Rbr BM": 5, "Naziv BM": "KRIŽCI", "Lokacija BM": "PUČKI DOM", "Adresa BM": "KRIŽCI BB", "Glasovalo birača": 92, "Glasovalo birača (po listićima)": 92, "Važeći listići": 90, "Nevažeći listići": 2 }, "latitude": 45.766342, "longitude": 16.4351908, "population": 170 }, "geometry": { "type": "Polygon", "coordinates": [ [ [ 16.426364938761171, 45.794648482131663 ], [ 16.446536395778342, 45.773971860772733 ], [ 16.436445166753852, 45.75614700996946 ], [ 16.424905702830408, 45.764014637068634 ], [ 16.426364938761171, 45.794648482131663 ] ] ] } },
{ "type": "Feature", "properties": { "BM": 1014, "data": { "Oznaka Gr/Op/Dr": "općina", "Grad/općina/država": "KLOŠTAR IVANIĆ", "Rbr BM": 14, "Naziv BM": "SOBOČANI", "Lokacija BM": "PUČKI DOM", "Adresa BM": "GRANIČARSKA 15, SOBOČANI", "Glasovalo birača": 207, "Glasovalo birača (po listićima)": 207, "Važeći listići": 201, "Nevažeći listići": 6 }, "latitude": 45.7247967, "longitude": 16.451701, "population": 444 }, "geometry": { "type": "Polygon", "coordinates": [ [ [ 16.441586142309003, 45.741370745934603 ], [ 16.467480722301342, 45.745649014487142 ], [ 16.477407711507297, 45.738536885736401 ], [ 16.458888944507692, 45.7163482052623 ], [ 16.431632964383436, 45.723911010323597 ], [ 16.432881822192567, 45.727045927622235 ], [ 16.439148267019643, 45.739236750972438 ], [ 16.441586142309003, 45.741370745934603 ] ] ] } },
{ "type": "Feature", "properties": { "BM": 665, "data": { "Oznaka Gr/Op/Dr": "grad", "Grad/općina/država": "VRBOVEC", "Rbr BM": 8, "Naziv BM": "VRBOVEČKI PAVLOVEC", "Lokacija BM": "DRUŠTVENI DOM", "Adresa BM": "VRBOVEČKI PAVLOVEC 75, VRBOVEC", "Glasovalo birača": 218, "Glasovalo birača (po listićima)": 218, "Važeći listići": 210, "Nevažeći listići": 8 }, "latitude": 45.901449, "longitude": 16.4311108, "population": 317 }, "geometry": { "type": "Polygon", "coordinates": [ [ [ 16.421874807425585, 45.899390072042337 ], [ 16.421645189695578, 45.899995214898169 ], [ 16.428953705249221, 45.909752479104228 ], [ 16.448837831371154, 45.908764735750154 ], [ 16.451317211265394, 45.907456988122767 ], [ 16.45192936886982, 45.906340979977955 ], [ 16.447784855500601, 45.891654541852503 ], [ 16.428012665267556, 45.894598189381426 ], [ 16.421874807425585, 45.899390072042337 ] ] ] } },
{ "type": "Feature", "properties": { "BM": 659, "data": { "Oznaka Gr/Op/Dr": "grad", "Grad/općina/država": "VRBOVEC", "Rbr BM": 2, "Naziv BM": "VRBOVEC II", "Lokacija BM": "SALA UDRUŽENJA OBRTNIKA VRBOVEC", "Adresa BM": "KRIŽEVAČKA 4, VRBOVEC", "Glasovalo birača": 319, "Glasovalo birača (po listićima)": 319, "Važeći listići": 311, "Nevažeći listići": 8 }, "latitude": 45.8899305, "longitude": 16.4221182, "population": 443 }, "geometry": { "type": "Polygon", "coordinates": [ [ [ 16.428012665267556, 45.894598189381426 ], [ 16.424036070644057, 45.88481164526695 ], [ 16.416694736156231, 45.890333318047425 ], [ 16.421874807425585, 45.899390072042337 ], [ 16.428012665267556, 45.894598189381426 ] ] ] } },
{ "type": "Feature", "properties": { "BM": 672, "data": { "Oznaka Gr/Op/Dr": "grad", "Grad/općina/država": "VRBOVEC", "Rbr BM": 15, "Naziv BM": "POLJANA", "Lokacija BM": "DRUŠTVENI DOM", "Adresa BM": "POLJANA 153", "Glasovalo birača": 155, "Glasovalo birača (po listićima)": 155, "Važeći listići": 154, "Nevažeći listići": 1 }, "latitude": 45.8481364, "longitude": 16.4403761, "population": 253 }, "geometry": { "type": "Polygon", "coordinates": [ [ [ 16.42475160726941, 45.841684757072493 ], [ 16.438509332627792, 45.867686183434529 ], [ 16.468421352839041, 45.836895569709881 ], [ 16.464828736463279, 45.820519839900825 ], [ 16.448676456257449, 45.816913542933342 ], [ 16.42475160726941, 45.841684757072493 ] ] ] } },
{ "type": "Feature", "properties": { "BM": 678, "data": { "Oznaka Gr/Op/Dr": "grad", "Grad/općina/država": "VRBOVEC", "Rbr BM": 21, "Naziv BM": "LOVREČKA VELIKA", "Lokacija BM": "KUĆA KATICE ŠEREMET", "Adresa BM": "LOVREČKA VELIKA 21", "Glasovalo birača": 97, "Glasovalo birača (po listićima)": 97, "Važeći listići": 97, "Nevažeći listići": 0 }, "latitude": 45.9277094, "longitude": 16.4298489, "population": 173 }, "geometry": { "type": "Polygon", "coordinates": [ [ [ 16.417777655730863, 45.941058311071345 ], [ 16.437545250177404, 45.943031016869995 ], [ 16.437314049145627, 45.924101022685768 ], [ 16.424028427853649, 45.921319759306932 ], [ 16.417777655730863, 45.941058311071345 ] ] ] } },
{ "type": "Feature", "properties": { "BM": 1066, "data": { "Oznaka Gr/Op/Dr": "općina", "Grad/općina/država": "PRESEKA", "Rbr BM": 13, "Naziv BM": "SREDNJA VELIKA", "Lokacija BM": "OBITELJSKA KUĆA  HRGOVAN DRAŽENA", "Adresa BM": "SREDNJA VELIKA 13A", "Glasovalo birača": 15, "Glasovalo birača (po listićima)": 15, "Važeći listići": 15, "Nevažeći listići": 0 }, "latitude": 45.9878552, "longitude": 16.4289182, "population": 31 }, "geometry": { "type": "Polygon", "coordinates": [ [ [ 16.434731538627382, 46.001318230118699 ], [ 16.443323503368656, 45.984394392920045 ], [ 16.442398136790004, 45.982955679789853 ], [ 16.436207400305864, 45.975848290173502 ], [ 16.419894475935774, 45.986420607190169 ], [ 16.434731538627382, 46.001318230118699 ] ] ] } },
{ "type": "Feature", "properties": { "BM": 680, "data": { "Oznaka Gr/Op/Dr": "grad", "Grad/općina/država": "VRBOVEC", "Rbr BM": 23, "Naziv BM": "BANOVO", "Lokacija BM": "OSNOVNA ŠKOLA, UČIONICA BR. 1", "Adresa BM": "BANOVO 59", "Glasovalo birača": 59, "Glasovalo birača (po listićima)": 59, "Važeći listići": 56, "Nevažeći listići": 3 }, "latitude": 45.9178013, "longitude": 16.4319231, "population": 92 }, "geometry": { "type": "Polygon", "coordinates": [ [ [ 16.424028427853649, 45.921319759306932 ], [ 16.437314049145627, 45.924101022685768 ], [ 16.448837831371154, 45.908764735750154 ], [ 16.428953705249221, 45.909752479104228 ], [ 16.422958046415225, 45.918078148350183 ], [ 16.424028427853649, 45.921319759306932 ] ] ] } },
{ "type": "Feature", "properties": { "BM": 676, "data": { "Oznaka Gr/Op/Dr": "grad", "Grad/općina/država": "VRBOVEC", "Rbr BM": 19, "Naziv BM": "GORNJI TKALEC", "Lokacija BM": "VATROGASNI DOM", "Adresa BM": "GORNJI TKALEC 47", "Glasovalo birača": 87, "Glasovalo birača (po listićima)": 87, "Važeći listići": 83, "Nevažeći listići": 4 }, "latitude": 45.9702755, "longitude": 16.4491009, "population": 210 }, "geometry": { "type": "Polygon", "coordinates": [ [ [ 16.436207400305864, 45.975848290173502 ], [ 16.442398136790004, 45.982955679789853 ], [ 16.458765702314508, 45.960566868163049 ], [ 16.450423278510112, 45.948559872756682 ], [ 16.447049442636956, 45.948894166584481 ], [ 16.434405943932788, 45.9692474769057 ], [ 16.436207400305864, 45.975848290173502 ] ] ] } },
{ "type": "Feature", "properties": { "BM": 679, "data": { "Oznaka Gr/Op/Dr": "grad", "Grad/općina/država": "VRBOVEC", "Rbr BM": 22, "Naziv BM": "GOSTOVIĆ", "Lokacija BM": "DRUŠTVENI DOM", "Adresa BM": "GOSTOVIĆ 16", "Glasovalo birača": 63, "Glasovalo birača (po listićima)": 63, "Važeći listići": 63, "Nevažeći listići": 0 }, "latitude": 45.927526, "longitude": 16.4448651, "population": 107 }, "geometry": { "type": "Polygon", "coordinates": [ [ [ 16.447049442636956, 45.948894166584481 ], [ 16.450423278510112, 45.948559872756682 ], [ 16.453139617137818, 45.945942699479374 ], [ 16.456516113175834, 45.926049324813441 ], [ 16.451317211265394, 45.907456988122767 ], [ 16.448837831371154, 45.908764735750154 ], [ 16.437314049145627, 45.924101022685768 ], [ 16.437545250177404, 45.943031016869995 ], [ 16.447049442636956, 45.948894166584481 ] ] ] } },
{ "type": "Feature", "properties": { "BM": 1001, "data": { "Oznaka Gr/Op/Dr": "općina", "Grad/općina/država": "KLOŠTAR IVANIĆ", "Rbr BM": 1, "Naziv BM": "DONJA OBREŠKA", "Lokacija BM": "PUČKI DOM", "Adresa BM": "DONJA OBREŠKA BB", "Glasovalo birača": 70, "Glasovalo birača (po listićima)": 70, "Važeći listići": 69, "Nevažeći listići": 1 }, "latitude": 45.7851253, "longitude": 16.4544445, "population": 90 }, "geometry": { "type": "Polygon", "coordinates": [ [ [ 16.425598629497525, 45.796349866594333 ], [ 16.448676456257449, 45.816913542933342 ], [ 16.464828736463279, 45.820519839900825 ], [ 16.468986091523398, 45.816866134334553 ], [ 16.458161682617394, 45.769936061737134 ], [ 16.446536395778342, 45.773971860772733 ], [ 16.426364938761171, 45.794648482131663 ], [ 16.425598629497525, 45.796349866594333 ] ] ] } },
{ "type": "Feature", "properties": { "BM": 675, "data": { "Oznaka Gr/Op/Dr": "grad", "Grad/općina/država": "VRBOVEC", "Rbr BM": 18, "Naziv BM": "KONAK", "Lokacija BM": "DRUŠTVENI DOM", "Adresa BM": "KONAK 12B", "Glasovalo birača": 92, "Glasovalo birača (po listićima)": 92, "Važeći listići": 87, "Nevažeći listići": 5 }, "latitude": 45.8652544, "longitude": 16.4579969, "population": 129 }, "geometry": { "type": "Polygon", "coordinates": [ [ [ 16.438217699908609, 45.869210306481897 ], [ 16.448712206027732, 45.883122733564036 ], [ 16.478701342928485, 45.872614036815165 ], [ 16.478820581532705, 45.851020503307986 ], [ 16.468421352839041, 45.836895569709881 ], [ 16.438509332627792, 45.867686183434529 ], [ 16.438217699908609, 45.869210306481897 ] ] ] } },
{ "type": "Feature", "properties": { "BM": 936, "data": { "Oznaka Gr/Op/Dr": "općina", "Grad/općina/država": "GRADEC", "Rbr BM": 3, "Naziv BM": "POTOČEC", "Lokacija BM": "VATROGASNI DOM POTOČEC", "Adresa BM": "POTOČEC", "Glasovalo birača": 49, "Glasovalo birača (po listićima)": 49, "Važeći listići": 47, "Nevažeći listići": 2 }, "latitude": 45.8912874, "longitude": 16.4671193, "population": 79 }, "geometry": { "type": "Polygon", "coordinates": [ [ [ 16.447784855500601, 45.891654541852503 ], [ 16.45192936886982, 45.906340979977955 ], [ 16.452536032644819, 45.906338472877088 ], [ 16.483947338660201, 45.88964503514277 ], [ 16.48286293184157, 45.877834025559324 ], [ 16.478701342928485, 45.872614036815165 ], [ 16.448712206027732, 45.883122733564036 ], [ 16.447784855500601, 45.891654541852503 ] ] ] } },
{ "type": "Feature", "properties": { "BM": 697, "data": { "Oznaka Gr/Op/Dr": "grad", "Grad/općina/država": "VRBOVEC", "Rbr BM": 40, "Naziv BM": "DONJI TKALEC", "Lokacija BM": "KUĆA ĐURE GLAVINCA", "Adresa BM": "DONJI TKALEC 9", "Glasovalo birača": 39, "Glasovalo birača (po listićima)": 39, "Važeći listići": 36, "Nevažeći listići": 3 }, "latitude": 45.9727217, "longitude": 16.452447, "population": 82 }, "geometry": { "type": "Polygon", "coordinates": [ [ [ 16.443323503368656, 45.984394392920045 ], [ 16.46009261924798, 45.986654654625006 ], [ 16.470111439729777, 45.972525795789359 ], [ 16.458765702314508, 45.960566868163049 ], [ 16.442398136790004, 45.982955679789853 ], [ 16.443323503368656, 45.984394392920045 ] ] ] } },
{ "type": "Feature", "properties": { "BM": 1031, "data": { "Oznaka Gr/Op/Dr": "općina", "Grad/općina/država": "KRIŽ", "Rbr BM": 10, "Naziv BM": "VELIKA HRASTILNICA", "Lokacija BM": "DRUŠTVENI DOM", "Adresa BM": "VELIKA HRASTILNICA 14", "Glasovalo birača": 58, "Glasovalo birača (po listićima)": 58, "Važeći listići": 53, "Nevažeći listići": 5 }, "latitude": 45.6463202, "longitude": 16.4733266, "population": 109 }, "geometry": { "type": "Polygon", "coordinates": [ [ [ 16.431733345218028, 45.661062689289444 ], [ 16.481939876471642, 45.649693461158783 ], [ 16.492797506211176, 45.620214866489221 ], [ 16.489900291079628, 45.614753381981103 ], [ 16.459037893038943, 45.59229748199408 ], [ 16.421598163488209, 45.621742437837618 ], [ 16.426843333954217, 45.65438754644822 ], [ 16.431733345218028, 45.661062689289444 ] ] ] } },
{ "type": "Feature", "properties": { "BM": 547, "data": { "Oznaka Gr/Op/Dr": "grad", "Grad/općina/država": "IVANIĆ-GRAD", "Rbr BM": 12, "Naziv BM": "GRABERJE IVANIĆKO", "Lokacija BM": "DRUŠTVENI DOM GRABERJE IVANIĆKO", "Adresa BM": "ZAGREBAČKA UL. BB, GRABERJE IVANIĆKO", "Glasovalo birača": 418, "Glasovalo birača (po listićima)": 418, "Važeći listići": 397, "Nevažeći listići": 21 }, "latitude": 45.7107872, "longitude": 16.4684868, "population": 749 }, "geometry": { "type": "Polygon", "coordinates": [ [ [ 16.458888944507692, 45.7163482052623 ], [ 16.477407711507297, 45.738536885736401 ], [ 16.483679015043915, 45.737020578368259 ], [ 16.49081770290698, 45.708371092526527 ], [ 16.489259727959887, 45.705430054402328 ], [ 16.457199531243646, 45.699563072410548 ], [ 16.458888944507692, 45.7163482052623 ] ] ] } },
{ "type": "Feature", "properties": { "BM": 937, "data": { "Oznaka Gr/Op/Dr": "općina", "Grad/općina/država": "GRADEC", "Rbr BM": 4, "Naziv BM": "MALI BREZOVEC", "Lokacija BM": "DRUŠTVENI DOM MALI BREZOVEC", "Adresa BM": "MALI BREZOVEC", "Glasovalo birača": 28, "Glasovalo birača (po listićima)": 28, "Važeći listići": 28, "Nevažeći listići": 0 }, "latitude": 45.9212685, "longitude": 16.4672432, "population": 45 }, "geometry": { "type": "Polygon", "coordinates": [ [ [ 16.451317211265394, 45.907456988122767 ], [ 16.456516113175834, 45.926049324813441 ], [ 16.479146555502751, 45.926536758760015 ], [ 16.470203423438488, 45.911969839679983 ], [ 16.452536032644819, 45.906338472877088 ], [ 16.45192936886982, 45.906340979977955 ], [ 16.451317211265394, 45.907456988122767 ] ] ] } },
{ "type": "Feature", "properties": { "BM": 1002, "data": { "Oznaka Gr/Op/Dr": "općina", "Grad/općina/država": "KLOŠTAR IVANIĆ", "Rbr BM": 2, "Naziv BM": "GORNJA OBREŠKA", "Lokacija BM": "PUČKI DOM", "Adresa BM": "GORNJA OBREŠKA BB", "Glasovalo birača": 45, "Glasovalo birača (po listićima)": 45, "Važeći listići": 41, "Nevažeći listići": 4 }, "latitude": 45.7819627, "longitude": 16.4681562, "population": 90 }, "geometry": { "type": "Polygon", "coordinates": [ [ [ 16.458161682617394, 45.769936061737134 ], [ 16.468986091523398, 45.816866134334553 ], [ 16.472244584694479, 45.815008678083352 ], [ 16.474390949498432, 45.812041467722523 ], [ 16.484023951787783, 45.793410597219868 ], [ 16.48463291260223, 45.783675239157297 ], [ 16.463963201335677, 45.763952632444955 ], [ 16.458161682617394, 45.769936061737134 ] ] ] } },
{ "type": "Feature", "properties": { "BM": 938, "data": { "Oznaka Gr/Op/Dr": "općina", "Grad/općina/država": "GRADEC", "Rbr BM": 5, "Naziv BM": "VELIKI BREZOVEC", "Lokacija BM": "VATROGASNI DOM VELIKI BREZOVEC", "Adresa BM": "VELIKI BREZOVEC", "Glasovalo birača": 77, "Glasovalo birača (po listićima)": 77, "Važeći listići": 72, "Nevažeći listići": 5 }, "latitude": 45.9312876, "longitude": 16.4670274, "population": 142 }, "geometry": { "type": "Polygon", "coordinates": [ [ [ 16.453139617137818, 45.945942699479374 ], [ 16.474340248242399, 45.942163341364001 ], [ 16.480196970823052, 45.927294709840751 ], [ 16.479146555502751, 45.926536758760015 ], [ 16.456516113175834, 45.926049324813441 ], [ 16.453139617137818, 45.945942699479374 ] ] ] } },
{ "type": "Feature", "properties": { "BM": 899, "data": { "Oznaka Gr/Op/Dr": "općina", "Grad/općina/država": "DUBRAVA", "Rbr BM": 20, "Naziv BM": "PARUŽEVAC", "Lokacija BM": "DRUŠTVENI DOM", "Adresa BM": "PARUŽEVAC", "Glasovalo birača": 49, "Glasovalo birača (po listićima)": 49, "Važeći listići": 49, "Nevažeći listići": 0 }, "latitude": 45.8353636, "longitude": 16.4985966, "population": 83 }, "geometry": { "type": "Polygon", "coordinates": [ [ [ 16.464828736463279, 45.820519839900825 ], [ 16.468421352839041, 45.836895569709881 ], [ 16.478820581532705, 45.851020503307986 ], [ 16.491090407091967, 45.850658273390643 ], [ 16.50775826328092, 45.837880374202875 ], [ 16.503900046120506, 45.827580958557107 ], [ 16.489082858107565, 45.818973110709443 ], [ 16.472244584694479, 45.815008678083352 ], [ 16.468986091523398, 45.816866134334553 ], [ 16.464828736463279, 45.820519839900825 ] ] ] } },
{ "type": "Feature", "properties": { "BM": 1003, "data": { "Oznaka Gr/Op/Dr": "općina", "Grad/općina/država": "KLOŠTAR IVANIĆ", "Rbr BM": 3, "Naziv BM": "STARA MARČA", "Lokacija BM": "PUČKI DOM", "Adresa BM": "STARA MARČA BB", "Glasovalo birača": 70, "Glasovalo birača (po listićima)": 70, "Važeći listići": 70, "Nevažeći listići": 0 }, "latitude": 45.7672969, "longitude": 16.48215, "population": 112 }, "geometry": { "type": "Polygon", "coordinates": [ [ [ 16.463963201335677, 45.763952632444955 ], [ 16.48463291260223, 45.783675239157297 ], [ 16.504913993447975, 45.760591576785203 ], [ 16.498307943436838, 45.745629132058347 ], [ 16.483679015043915, 45.737020578368259 ], [ 16.477407711507297, 45.738536885736401 ], [ 16.467480722301342, 45.745649014487142 ], [ 16.463963201335677, 45.763952632444955 ] ] ] } },
{ "type": "Feature", "properties": { "BM": 935, "data": { "Oznaka Gr/Op/Dr": "općina", "Grad/općina/država": "GRADEC", "Rbr BM": 2, "Naziv BM": "GRADEČKI PAVLOVEC", "Lokacija BM": "DRUŠTVENI DOM", "Adresa BM": "GRADEČKI PAVLOVEC", "Glasovalo birača": 197, "Glasovalo birača (po listićima)": 197, "Važeći listići": 192, "Nevažeći listići": 5 }, "latitude": 45.9026733, "longitude": 16.4731703, "population": 350 }, "geometry": { "type": "Polygon", "coordinates": [ [ [ 16.470203423438488, 45.911969839679983 ], [ 16.489457633381054, 45.900158502085851 ], [ 16.483947338660201, 45.88964503514277 ], [ 16.452536032644819, 45.906338472877088 ], [ 16.470203423438488, 45.911969839679983 ] ] ] } },
{ "type": "Feature", "properties": { "BM": 934, "data": { "Oznaka Gr/Op/Dr": "općina", "Grad/općina/država": "GRADEC", "Rbr BM": 1, "Naziv BM": "GRADEC", "Lokacija BM": "ZGRADA OPĆINE GRADEC", "Adresa BM": "GRADEC 134", "Glasovalo birača": 208, "Glasovalo birača (po listićima)": 208, "Važeći listići": 203, "Nevažeći listići": 5 }, "latitude": 45.9135379, "longitude": 16.4798351, "population": 372 }, "geometry": { "type": "Polygon", "coordinates": [ [ [ 16.479146555502751, 45.926536758760015 ], [ 16.480196970823052, 45.927294709840751 ], [ 16.494933547551426, 45.923118949185948 ], [ 16.496655325348438, 45.9133932055326 ], [ 16.492437288930855, 45.902622677296087 ], [ 16.489457633381054, 45.900158502085851 ], [ 16.470203423438488, 45.911969839679983 ], [ 16.479146555502751, 45.926536758760015 ] ] ] } },
{ "type": "Feature", "properties": { "BM": 1029, "data": { "Oznaka Gr/Op/Dr": "općina", "Grad/općina/država": "KRIŽ", "Rbr BM": 8, "Naziv BM": "JOHOVEC", "Lokacija BM": "DRUŠTVENI DOM", "Adresa BM": "JOHOVEC 29 A", "Glasovalo birača": 69, "Glasovalo birača (po listićima)": 69, "Važeći listići": 66, "Nevažeći listići": 3 }, "latitude": 45.6564483, "longitude": 16.4756201, "population": 114 }, "geometry": { "type": "Polygon", "coordinates": [ [ [ 16.43728623068489, 45.670890100007135 ], [ 16.476404239691796, 45.675045880329456 ], [ 16.48595489148326, 45.665885198046887 ], [ 16.481939876471642, 45.649693461158783 ], [ 16.431733345218028, 45.661062689289444 ], [ 16.43728623068489, 45.670890100007135 ] ] ] } },
{ "type": "Feature", "properties": { "BM": 901, "data": { "Oznaka Gr/Op/Dr": "općina", "Grad/općina/država": "DUBRAVA", "Rbr BM": 22, "Naziv BM": "KORITNA", "Lokacija BM": "DRUŠTVENI DOM", "Adresa BM": "KORITNA", "Glasovalo birača": 102, "Glasovalo birača (po listićima)": 102, "Važeći listići": 100, "Nevažeći listići": 2 }, "latitude": 45.8654835, "longitude": 16.4994858, "population": 135 }, "geometry": { "type": "Polygon", "coordinates": [ [ [ 16.478701342928485, 45.872614036815165 ], [ 16.48286293184157, 45.877834025559324 ], [ 16.514204336844063, 45.876030033926646 ], [ 16.515083011300494, 45.874766943113571 ], [ 16.51574351647983, 45.868739775989496 ], [ 16.509964458495414, 45.859336988081239 ], [ 16.491090407091967, 45.850658273390643 ], [ 16.478820581532705, 45.851020503307986 ], [ 16.478701342928485, 45.872614036815165 ] ] ] } },
{ "type": "Feature", "properties": { "BM": 939, "data": { "Oznaka Gr/Op/Dr": "općina", "Grad/općina/država": "GRADEC", "Rbr BM": 6, "Naziv BM": "PODJALES", "Lokacija BM": "DRUŠTVENI DOM PODJALES", "Adresa BM": "PODJALES", "Glasovalo birača": 78, "Glasovalo birača (po listićima)": 78, "Važeći listići": 78, "Nevažeći listići": 0 }, "latitude": 45.9391964, "longitude": 16.4871057, "population": 138 }, "geometry": { "type": "Polygon", "coordinates": [ [ [ 16.474340248242399, 45.942163341364001 ], [ 16.485999323260192, 45.953948663555501 ], [ 16.501841286494479, 45.931903599361256 ], [ 16.494933547551426, 45.923118949185948 ], [ 16.480196970823052, 45.927294709840751 ], [ 16.474340248242399, 45.942163341364001 ] ] ] } },
{ "type": "Feature", "properties": { "BM": 1022, "data": { "Oznaka Gr/Op/Dr": "općina", "Grad/općina/država": "KRIŽ", "Rbr BM": 1, "Naziv BM": "BUNJANI", "Lokacija BM": "DRUŠTVENI DOM", "Adresa BM": "BUNJANI, MOSLAVAČKA ULICA 71", "Glasovalo birača": 300, "Glasovalo birača (po listićima)": 300, "Važeći listići": 287, "Nevažeći listići": 13 }, "latitude": 45.6912537, "longitude": 16.5053608, "population": 529 }, "geometry": { "type": "Polygon", "coordinates": [ [ [ 16.489259727959887, 45.705430054402328 ], [ 16.49081770290698, 45.708371092526527 ], [ 16.518925212473462, 45.704548323734095 ], [ 16.519507073228919, 45.692083143755703 ], [ 16.510305645620139, 45.676718730220124 ], [ 16.488546519537909, 45.692177594511641 ], [ 16.489259727959887, 45.705430054402328 ] ] ] } },
{ "type": "Feature", "properties": { "BM": 1032, "data": { "Oznaka Gr/Op/Dr": "općina", "Grad/općina/država": "KRIŽ", "Rbr BM": 11, "Naziv BM": "ŠIRINEC", "Lokacija BM": "DRUŠTVENI DOM", "Adresa BM": "ŠIRINEC 49", "Glasovalo birača": 119, "Glasovalo birača (po listićima)": 119, "Važeći listići": 115, "Nevažeći listići": 4 }, "latitude": 45.6766042, "longitude": 16.494953, "population": 218 }, "geometry": { "type": "Polygon", "coordinates": [ [ [ 16.476404239691796, 45.675045880329456 ], [ 16.488546519537909, 45.692177594511641 ], [ 16.510305645620139, 45.676718730220124 ], [ 16.510573909857662, 45.673591458634512 ], [ 16.504270568204994, 45.662611986962801 ], [ 16.48595489148326, 45.665885198046887 ], [ 16.476404239691796, 45.675045880329456 ] ] ] } },
{ "type": "Feature", "properties": { "BM": 1030, "data": { "Oznaka Gr/Op/Dr": "općina", "Grad/općina/država": "KRIŽ", "Rbr BM": 9, "Naziv BM": "MALA HRASTILNICA", "Lokacija BM": "DRUŠTVENI DOM", "Adresa BM": "MALA HRASTILNICA 29", "Glasovalo birača": 46, "Glasovalo birača (po listićima)": 46, "Važeći listići": 43, "Nevažeći listići": 3 }, "latitude": 45.6527131, "longitude": 16.4906834, "population": 70 }, "geometry": { "type": "Polygon", "coordinates": [ [ [ 16.481939876471642, 45.649693461158783 ], [ 16.48595489148326, 45.665885198046887 ], [ 16.504270568204994, 45.662611986962801 ], [ 16.510037323820946, 45.642951439273354 ], [ 16.502130920622694, 45.629731542695005 ], [ 16.492797506211176, 45.620214866489221 ], [ 16.481939876471642, 45.649693461158783 ] ] ] } },
{ "type": "Feature", "properties": { "BM": 942, "data": { "Oznaka Gr/Op/Dr": "općina", "Grad/općina/država": "GRADEC", "Rbr BM": 9, "Naziv BM": "POKASIN", "Lokacija BM": "VATROGASNI DOM POKASIN", "Adresa BM": "POKASIN", "Glasovalo birača": 34, "Glasovalo birača (po listićima)": 34, "Važeći listići": 31, "Nevažeći listići": 3 }, "latitude": 45.962608, "longitude": 16.5032783, "population": 39 }, "geometry": { "type": "Polygon", "coordinates": [ [ [ 16.484395739943562, 45.970640969650333 ], [ 16.490686030813599, 45.977133168935346 ], [ 16.521183070036962, 45.96696727045633 ], [ 16.522016880907579, 45.962308828867592 ], [ 16.495982205198061, 45.956787267209933 ], [ 16.487194423865851, 45.95901267184523 ], [ 16.484395739943562, 45.970640969650333 ] ] ] } },
{ "type": "Feature", "properties": { "BM": 945, "data": { "Oznaka Gr/Op/Dr": "općina", "Grad/općina/država": "GRADEC", "Rbr BM": 12, "Naziv BM": "ZABRĐE", "Lokacija BM": "VATROGASNI DOM ZABRĐE", "Adresa BM": "ZABRĐE", "Glasovalo birača": 54, "Glasovalo birača (po listićima)": 54, "Važeći listići": 49, "Nevažeći listići": 5 }, "latitude": 45.8881957, "longitude": 16.5007931, "population": 109 }, "geometry": { "type": "Polygon", "coordinates": [ [ [ 16.483947338660201, 45.88964503514277 ], [ 16.489457633381054, 45.900158502085851 ], [ 16.492437288930855, 45.902622677296087 ], [ 16.515135246633971, 45.889038829904521 ], [ 16.514204336844063, 45.876030033926646 ], [ 16.48286293184157, 45.877834025559324 ], [ 16.483947338660201, 45.88964503514277 ] ] ] } },
{ "type": "Feature", "properties": { "BM": 1034, "data": { "Oznaka Gr/Op/Dr": "općina", "Grad/općina/država": "KRIŽ", "Rbr BM": 13, "Naziv BM": "VEZIŠĆE", "Lokacija BM": "DRUŠTVENI DOM", "Adresa BM": "VEZIŠĆE 31", "Glasovalo birača": 112, "Glasovalo birača (po listićima)": 112, "Važeći listići": 111, "Nevažeći listići": 1 }, "latitude": 45.618733, "longitude": 16.5253307, "population": 197 }, "geometry": { "type": "Polygon", "coordinates": [ [ [ 16.492797506211176, 45.620214866489221 ], [ 16.502130920622694, 45.629731542695005 ], [ 16.539890235283888, 45.621840455944188 ], [ 16.546720815545878, 45.611541162741183 ], [ 16.544856508268445, 45.595177844569513 ], [ 16.489900291079628, 45.614753381981103 ], [ 16.492797506211176, 45.620214866489221 ] ] ] } },
{ "type": "Feature", "properties": { "BM": 897, "data": { "Oznaka Gr/Op/Dr": "općina", "Grad/općina/država": "DUBRAVA", "Rbr BM": 18, "Naziv BM": "MOSTARI", "Lokacija BM": "DRUŠTVENI DOM", "Adresa BM": "MOSTARI", "Glasovalo birača": 63, "Glasovalo birača (po listićima)": 63, "Važeći listići": 61, "Nevažeći listići": 2 }, "latitude": 45.7840293, "longitude": 16.5011946, "population": 132 }, "geometry": { "type": "Polygon", "coordinates": [ [ [ 16.484023951787783, 45.793410597219868 ], [ 16.520178339140809, 45.790318356343626 ], [ 16.520564530172965, 45.787104680803488 ], [ 16.515934443783294, 45.767995092010473 ], [ 16.504913993447975, 45.760591576785203 ], [ 16.48463291260223, 45.783675239157297 ], [ 16.484023951787783, 45.793410597219868 ] ] ] } },
{ "type": "Feature", "properties": { "BM": 940, "data": { "Oznaka Gr/Op/Dr": "općina", "Grad/općina/država": "GRADEC", "Rbr BM": 7, "Naziv BM": "REPINEC", "Lokacija BM": "VATROGASNI DOM REPINEC", "Adresa BM": "REPINEC", "Glasovalo birača": 115, "Glasovalo birača (po listićima)": 115, "Važeći listići": 106, "Nevažeći listići": 9 }, "latitude": 45.9481955, "longitude": 16.4996285, "population": 182 }, "geometry": { "type": "Polygon", "coordinates": [ [ [ 16.487194423865851, 45.95901267184523 ], [ 16.495982205198061, 45.956787267209933 ], [ 16.513636273937475, 45.941538447452729 ], [ 16.512128197415088, 45.936452151574919 ], [ 16.501841286494479, 45.931903599361256 ], [ 16.485999323260192, 45.953948663555501 ], [ 16.487194423865851, 45.95901267184523 ] ] ] } },
{ "type": "Feature", "properties": { "BM": 1039, "data": { "Oznaka Gr/Op/Dr": "općina", "Grad/općina/država": "KRIŽ", "Rbr BM": 18, "Naziv BM": "KRIŽ II", "Lokacija BM": "OSNOVNA ŠKOLA MILKE TRNINE", "Adresa BM": "KRIŽ, ŠKOLSKA ULICA 20", "Glasovalo birača": 283, "Glasovalo birača (po listićima)": 283, "Važeći listići": 277, "Nevažeći listići": 6 }, "latitude": 45.6616207, "longitude": 16.521052, "population": 407 }, "geometry": { "type": "Polygon", "coordinates": [ [ [ 16.510573909857662, 45.673591458634512 ], [ 16.533978848666823, 45.667738195935939 ], [ 16.534594078282197, 45.666827566856412 ], [ 16.512728637441171, 45.643534809175499 ], [ 16.510037323820946, 45.642951439273354 ], [ 16.504270568204994, 45.662611986962801 ], [ 16.510573909857662, 45.673591458634512 ] ] ] } },
{ "type": "Feature", "properties": { "BM": 895, "data": { "Oznaka Gr/Op/Dr": "općina", "Grad/općina/država": "DUBRAVA", "Rbr BM": 16, "Naziv BM": "GORNJI MARINKOVAC I PEHARDOVAC", "Lokacija BM": "DRUŠTVENI DOM U GORNJEM MARINKOVCU", "Adresa BM": "GORNJI MARINKOVAC", "Glasovalo birača": 75, "Glasovalo birača (po listićima)": 75, "Važeći listići": 72, "Nevažeći listići": 3 }, "latitude": 45.8085489, "longitude": 16.5049099, "population": 107 }, "geometry": { "type": "Polygon", "coordinates": [ [ [ 16.472244584694479, 45.815008678083352 ], [ 16.489082858107565, 45.818973110709443 ], [ 16.522579692479336, 45.809073228885211 ], [ 16.522500226614213, 45.799089411143783 ], [ 16.474390949498432, 45.812041467722523 ], [ 16.472244584694479, 45.815008678083352 ] ] ] } },
{ "type": "Feature", "properties": { "BM": 548, "data": { "Oznaka Gr/Op/Dr": "grad", "Grad/općina/država": "IVANIĆ-GRAD", "Rbr BM": 13, "Naziv BM": "ŠUMEĆANI", "Lokacija BM": "DRUŠTVENI DOM ŠUMEĆANI", "Adresa BM": "ŠUMEĆANI", "Glasovalo birača": 204, "Glasovalo birača (po listićima)": 204, "Važeći listići": 201, "Nevažeći listići": 3 }, "latitude": 45.7209827, "longitude": 16.5094041, "population": 383 }, "geometry": { "type": "Polygon", "coordinates": [ [ [ 16.498307943436838, 45.745629132058347 ], [ 16.512102128801381, 45.737646069215025 ], [ 16.521273579462587, 45.712084154509157 ], [ 16.521765293875532, 45.706974244094184 ], [ 16.518925212473462, 45.704548323734095 ], [ 16.49081770290698, 45.708371092526527 ], [ 16.483679015043915, 45.737020578368259 ], [ 16.498307943436838, 45.745629132058347 ] ] ] } },
{ "type": "Feature", "properties": { "BM": 944, "data": { "Oznaka Gr/Op/Dr": "općina", "Grad/općina/država": "GRADEC", "Rbr BM": 11, "Naziv BM": "GRABRIĆ", "Lokacija BM": "KUĆA KOVAČIĆ MATE", "Adresa BM": "GRABRIĆ 53", "Glasovalo birača": 39, "Glasovalo birača (po listićima)": 39, "Važeći listići": 39, "Nevažeći listići": 0 }, "latitude": 45.9020768, "longitude": 16.5091004, "population": 75 }, "geometry": { "type": "Polygon", "coordinates": [ [ [ 16.496655325348438, 45.9133932055326 ], [ 16.506707727447736, 45.911465680129488 ], [ 16.520452022928914, 45.895757437525923 ], [ 16.515135246633971, 45.889038829904521 ], [ 16.492437288930855, 45.902622677296087 ], [ 16.496655325348438, 45.9133932055326 ] ] ] } },
{ "type": "Feature", "properties": { "BM": 896, "data": { "Oznaka Gr/Op/Dr": "općina", "Grad/općina/država": "DUBRAVA", "Rbr BM": 17, "Naziv BM": "DONJI MARINKOVAC", "Lokacija BM": "KUĆA GOLUBIĆ ĐURE", "Adresa BM": "DONJI MARINKOVAC 12", "Glasovalo birača": 33, "Glasovalo birača (po listićima)": 33, "Važeći listići": 33, "Nevažeći listići": 0 }, "latitude": 45.7997398, "longitude": 16.5025383, "population": 62 }, "geometry": { "type": "Polygon", "coordinates": [ [ [ 16.474390949498432, 45.812041467722523 ], [ 16.522500226614213, 45.799089411143783 ], [ 16.522610670805889, 45.798601153507938 ], [ 16.520178339140809, 45.790318356343626 ], [ 16.484023951787783, 45.793410597219868 ], [ 16.474390949498432, 45.812041467722523 ] ] ] } },
{ "type": "Feature", "properties": { "BM": 950, "data": { "Oznaka Gr/Op/Dr": "općina", "Grad/općina/država": "GRADEC", "Rbr BM": 17, "Naziv BM": "LUBENA", "Lokacija BM": "VATROGASNI DOM LUBENA", "Adresa BM": "LUBENA", "Glasovalo birača": 59, "Glasovalo birača (po listićima)": 59, "Važeći listići": 55, "Nevažeći listići": 4 }, "latitude": 45.9193036, "longitude": 16.5124036, "population": 104 }, "geometry": { "type": "Polygon", "coordinates": [ [ [ 16.494933547551426, 45.923118949185948 ], [ 16.501841286494479, 45.931903599361256 ], [ 16.512128197415088, 45.936452151574919 ], [ 16.528450840552544, 45.923021460180365 ], [ 16.526384879477614, 45.917120456658189 ], [ 16.506707727447736, 45.911465680129488 ], [ 16.496655325348438, 45.9133932055326 ], [ 16.494933547551426, 45.923118949185948 ] ] ] } },
{ "type": "Feature", "properties": { "BM": 900, "data": { "Oznaka Gr/Op/Dr": "općina", "Grad/općina/država": "DUBRAVA", "Rbr BM": 21, "Naziv BM": "DUBRAVSKI MARKOVAC", "Lokacija BM": "DRUŠTVENI DOM", "Adresa BM": "DUBRAVSKI MARKOVAC", "Glasovalo birača": 76, "Glasovalo birača (po listićima)": 76, "Važeći listići": 74, "Nevažeći listići": 2 }, "latitude": 45.8473813, "longitude": 16.5078096, "population": 104 }, "geometry": { "type": "Polygon", "coordinates": [ [ [ 16.491090407091967, 45.850658273390643 ], [ 16.509964458495414, 45.859336988081239 ], [ 16.517685083705057, 45.841592186639836 ], [ 16.517128691214353, 45.840678924466225 ], [ 16.50775826328092, 45.837880374202875 ], [ 16.491090407091967, 45.850658273390643 ] ] ] } },
{ "type": "Feature", "properties": { "BM": 941, "data": { "Oznaka Gr/Op/Dr": "općina", "Grad/općina/država": "GRADEC", "Rbr BM": 8, "Naziv BM": "FESTINEC", "Lokacija BM": "DRUŠTVENI DOM FESTINEC", "Adresa BM": "FESTINEC", "Glasovalo birača": 27, "Glasovalo birača (po listićima)": 27, "Važeći listići": 27, "Nevažeći listići": 0 }, "latitude": 45.9544292, "longitude": 16.5050129, "population": 42 }, "geometry": { "type": "Polygon", "coordinates": [ [ [ 16.495982205198061, 45.956787267209933 ], [ 16.522016880907579, 45.962308828867592 ], [ 16.523865184654731, 45.957962238758135 ], [ 16.513636273937475, 45.941538447452729 ], [ 16.495982205198061, 45.956787267209933 ] ] ] } },
{ "type": "Feature", "properties": { "BM": 946, "data": { "Oznaka Gr/Op/Dr": "općina", "Grad/općina/država": "GRADEC", "Rbr BM": 13, "Naziv BM": "FUKA", "Lokacija BM": "LUGARNICA FUKA", "Adresa BM": "FUKA", "Glasovalo birača": 34, "Glasovalo birača (po listićima)": 34, "Važeći listići": 34, "Nevažeći listići": 0 }, "latitude": 45.8861621, "longitude": 16.5292112, "population": 75 }, "geometry": { "type": "Polygon", "coordinates": [ [ [ 16.515135246633971, 45.889038829904521 ], [ 16.520452022928914, 45.895757437525923 ], [ 16.528020850932723, 45.900474678908537 ], [ 16.547491816668011, 45.89277904518822 ], [ 16.540881169773701, 45.87946339422723 ], [ 16.515083011300494, 45.874766943113571 ], [ 16.514204336844063, 45.876030033926646 ], [ 16.515135246633971, 45.889038829904521 ] ] ] } },
{ "type": "Feature", "properties": { "BM": 894, "data": { "Oznaka Gr/Op/Dr": "općina", "Grad/općina/država": "DUBRAVA", "Rbr BM": 15, "Naziv BM": "ZVEKOVAC", "Lokacija BM": "DRUŠTVENI DOM", "Adresa BM": "ZVEKOVAC", "Glasovalo birača": 98, "Glasovalo birača (po listićima)": 98, "Važeći listići": 96, "Nevažeći listići": 2 }, "latitude": 45.8191188, "longitude": 16.5080338, "population": 130 }, "geometry": { "type": "Polygon", "coordinates": [ [ [ 16.489082858107565, 45.818973110709443 ], [ 16.503900046120506, 45.827580958557107 ], [ 16.524691986291916, 45.818037667185934 ], [ 16.524898023774085, 45.815953830039042 ], [ 16.522579692479336, 45.809073228885211 ], [ 16.489082858107565, 45.818973110709443 ] ] ] } },
{ "type": "Feature", "properties": { "BM": 887, "data": { "Oznaka Gr/Op/Dr": "općina", "Grad/općina/država": "DUBRAVA", "Rbr BM": 8, "Naziv BM": "GRABEREC", "Lokacija BM": "DRUŠTVENI DOM", "Adresa BM": "GRABEREC", "Glasovalo birača": 80, "Glasovalo birača (po listićima)": 80, "Važeći listići": 77, "Nevažeći listići": 3 }, "latitude": 45.8082677, "longitude": 16.5402389, "population": 133 }, "geometry": { "type": "Polygon", "coordinates": [ [ [ 16.522500226614213, 45.799089411143783 ], [ 16.522579692479336, 45.809073228885211 ], [ 16.524898023774085, 45.815953830039042 ], [ 16.54886555760741, 45.814972502016722 ], [ 16.553312743936495, 45.805448124040097 ], [ 16.553186880163626, 45.804790799854352 ], [ 16.545162456942272, 45.798454395180435 ], [ 16.522610670805889, 45.798601153507938 ], [ 16.522500226614213, 45.799089411143783 ] ] ] } },
{ "type": "Feature", "properties": { "BM": 1023, "data": { "Oznaka Gr/Op/Dr": "općina", "Grad/općina/država": "KRIŽ", "Rbr BM": 2, "Naziv BM": "GORNJI PRNJAROVEC", "Lokacija BM": "MONTAŽNI OBJEKT (KONTEJNER) NA MJESTU BIVŠEG DRUŠTVENOG DOMA", "Adresa BM": "GORNJI PRNJAROVEC 28", "Glasovalo birača": 191, "Glasovalo birača (po listićima)": 191, "Važeći listići": 187, "Nevažeći listići": 4 }, "latitude": 45.6792206, "longitude": 16.5254535, "population": 281 }, "geometry": { "type": "Polygon", "coordinates": [ [ [ 16.510305645620139, 45.676718730220124 ], [ 16.519507073228919, 45.692083143755703 ], [ 16.535339602378308, 45.682343076626303 ], [ 16.533978848666823, 45.667738195935939 ], [ 16.510573909857662, 45.673591458634512 ], [ 16.510305645620139, 45.676718730220124 ] ] ] } },
{ "type": "Feature", "properties": { "BM": 898, "data": { "Oznaka Gr/Op/Dr": "općina", "Grad/općina/država": "DUBRAVA", "Rbr BM": 19, "Naziv BM": "RADULEC", "Lokacija BM": "DRUŠTVENI DOM", "Adresa BM": "RADULEC", "Glasovalo birača": 42, "Glasovalo birača (po listićima)": 42, "Važeći listići": 41, "Nevažeći listići": 1 }, "latitude": 45.8299637, "longitude": 16.5130115, "population": 101 }, "geometry": { "type": "Polygon", "coordinates": [ [ [ 16.50775826328092, 45.837880374202875 ], [ 16.517128691214353, 45.840678924466225 ], [ 16.525161454431579, 45.819754390835584 ], [ 16.524691986291916, 45.818037667185934 ], [ 16.503900046120506, 45.827580958557107 ], [ 16.50775826328092, 45.837880374202875 ] ] ] } },
{ "type": "Feature", "properties": { "BM": 902, "data": { "Oznaka Gr/Op/Dr": "općina", "Grad/općina/država": "DUBRAVA", "Rbr BM": 23, "Naziv BM": "LADINA", "Lokacija BM": "DRUŠTVENI DOM", "Adresa BM": "LADINA", "Glasovalo birača": 37, "Glasovalo birača (po listićima)": 37, "Važeći listići": 37, "Nevažeći listići": 0 }, "latitude": 45.852764, "longitude": 16.520181, "population": 75 }, "geometry": { "type": "Polygon", "coordinates": [ [ [ 16.51574351647983, 45.868739775989496 ], [ 16.536192166012452, 45.853527037393228 ], [ 16.533770407594933, 45.85062866856957 ], [ 16.529728324195236, 45.846590877329398 ], [ 16.517685083705057, 45.841592186639836 ], [ 16.509964458495414, 45.859336988081239 ], [ 16.51574351647983, 45.868739775989496 ] ] ] } },
{ "type": "Feature", "properties": { "BM": 951, "data": { "Oznaka Gr/Op/Dr": "općina", "Grad/općina/država": "GRADEC", "Rbr BM": 18, "Naziv BM": "TUČENIK", "Lokacija BM": "DRUŠTVENI DOM TUČENIK", "Adresa BM": "TUČENIK", "Glasovalo birača": 108, "Glasovalo birača (po listićima)": 108, "Važeći listići": 104, "Nevažeći listići": 4 }, "latitude": 45.9394843, "longitude": 16.5290088, "population": 210 }, "geometry": { "type": "Polygon", "coordinates": [ [ [ 16.513636273937475, 45.941538447452729 ], [ 16.523865184654731, 45.957962238758135 ], [ 16.550094135634097, 45.948677752345809 ], [ 16.52849817341464, 45.923037033399773 ], [ 16.528450840552544, 45.923021460180365 ], [ 16.512128197415088, 45.936452151574919 ], [ 16.513636273937475, 45.941538447452729 ] ] ] } },
{ "type": "Feature", "properties": { "BM": 943, "data": { "Oznaka Gr/Op/Dr": "općina", "Grad/općina/država": "GRADEC", "Rbr BM": 10, "Naziv BM": "CUGOVEC", "Lokacija BM": "DRUŠTVENI DOM CUGOVEC", "Adresa BM": "CUGOVEC", "Glasovalo birača": 160, "Glasovalo birača (po listićima)": 160, "Važeći listići": 156, "Nevažeći listići": 4 }, "latitude": 45.9078476, "longitude": 16.5156958, "population": 322 }, "geometry": { "type": "Polygon", "coordinates": [ [ [ 16.506707727447736, 45.911465680129488 ], [ 16.526384879477614, 45.917120456658189 ], [ 16.528020850932723, 45.900474678908537 ], [ 16.520452022928914, 45.895757437525923 ], [ 16.506707727447736, 45.911465680129488 ] ] ] } },
{ "type": "Feature", "properties": { "BM": 886, "data": { "Oznaka Gr/Op/Dr": "općina", "Grad/općina/država": "DUBRAVA", "Rbr BM": 7, "Naziv BM": "BREZJE", "Lokacija BM": "DRUŠTVENI DOM", "Adresa BM": "BREZJE", "Glasovalo birača": 60, "Glasovalo birača (po listićima)": 60, "Važeći listići": 60, "Nevažeći listići": 0 }, "latitude": 45.8354714, "longitude": 16.5273585, "population": 88 }, "geometry": { "type": "Polygon", "coordinates": [ [ [ 16.517685083705057, 45.841592186639836 ], [ 16.529728324195236, 45.846590877329398 ], [ 16.533148196822513, 45.827951959883023 ], [ 16.525161454431579, 45.819754390835584 ], [ 16.517128691214353, 45.840678924466225 ], [ 16.517685083705057, 45.841592186639836 ] ] ] } },
{ "type": "Feature", "properties": { "BM": 1033, "data": { "Oznaka Gr/Op/Dr": "općina", "Grad/općina/država": "KRIŽ", "Rbr BM": 12, "Naziv BM": "OKEŠINEC", "Lokacija BM": "DRUŠTVENI DOM", "Adresa BM": "OKEŠINEC, ČESMANSKA ULICA 130", "Glasovalo birača": 174, "Glasovalo birača (po listićima)": 174, "Važeći listići": 167, "Nevažeći listići": 7 }, "latitude": 45.6305186, "longitude": 16.5277937, "population": 308 }, "geometry": { "type": "Polygon", "coordinates": [ [ [ 16.510037323820946, 45.642951439273354 ], [ 16.512728637441171, 45.643534809175499 ], [ 16.529369154610468, 45.641713286201146 ], [ 16.537281811149139, 45.637099163730511 ], [ 16.539890235283888, 45.621840455944188 ], [ 16.502130920622694, 45.629731542695005 ], [ 16.510037323820946, 45.642951439273354 ] ] ] } },
{ "type": "Feature", "properties": { "BM": 882, "data": { "Oznaka Gr/Op/Dr": "općina", "Grad/općina/država": "DUBRAVA", "Rbr BM": 3, "Naziv BM": "ZETKAN", "Lokacija BM": "DRUŠTVENI DOM", "Adresa BM": "ZETKAN", "Glasovalo birača": 83, "Glasovalo birača (po listićima)": 83, "Važeći listići": 82, "Nevažeći listići": 1 }, "latitude": 45.8223601, "longitude": 16.5408159, "population": 145 }, "geometry": { "type": "Polygon", "coordinates": [ [ [ 16.524691986291916, 45.818037667185934 ], [ 16.525161454431579, 45.819754390835584 ], [ 16.533148196822513, 45.827951959883023 ], [ 16.538946497047469, 45.829897487159755 ], [ 16.539990818826052, 45.830070368285341 ], [ 16.551127640057395, 45.823315314756293 ], [ 16.54886555760741, 45.814972502016722 ], [ 16.524898023774085, 45.815953830039042 ], [ 16.524691986291916, 45.818037667185934 ] ] ] } },
{ "type": "Feature", "properties": { "BM": 1035, "data": { "Oznaka Gr/Op/Dr": "općina", "Grad/općina/država": "KRIŽ", "Rbr BM": 14, "Naziv BM": "OBEDIŠĆE", "Lokacija BM": "DRUŠTVENI DOM", "Adresa BM": "OBEDIŠĆE, ZAGREBAČKA ULICA 113", "Glasovalo birača": 251, "Glasovalo birača (po listićima)": 251, "Važeći listići": 238, "Nevažeći listići": 13 }, "latitude": 45.6340441, "longitude": 16.5484171, "population": 505 }, "geometry": { "type": "Polygon", "coordinates": [ [ [ 16.537281811149139, 45.637099163730511 ], [ 16.554462505793769, 45.648999783827463 ], [ 16.555222053773527, 45.648933210009254 ], [ 16.564391901427154, 45.629609406429914 ], [ 16.546720815545878, 45.611541162741183 ], [ 16.539890235283888, 45.621840455944188 ], [ 16.537281811149139, 45.637099163730511 ] ] ] } },
{ "type": "Feature", "properties": { "BM": 1027, "data": { "Oznaka Gr/Op/Dr": "općina", "Grad/općina/država": "KRIŽ", "Rbr BM": 6, "Naziv BM": "DONJI PRNJAROVEC", "Lokacija BM": "DRUŠTVENI DOM", "Adresa BM": "DONJI PRNJAROVEC 20", "Glasovalo birača": 32, "Glasovalo birača (po listićima)": 32, "Važeći listići": 28, "Nevažeći listići": 4 }, "latitude": 45.677448, "longitude": 16.5444787, "population": 59 }, "geometry": { "type": "Polygon", "coordinates": [ [ [ 16.533978848666823, 45.667738195935939 ], [ 16.535339602378308, 45.682343076626303 ], [ 16.560246510895571, 45.700141181901458 ], [ 16.567725536515233, 45.69845536387998 ], [ 16.571573224389574, 45.684342509018435 ], [ 16.571091531403422, 45.683309603333115 ], [ 16.536969409904589, 45.66544632030012 ], [ 16.534594078282197, 45.666827566856412 ], [ 16.533978848666823, 45.667738195935939 ] ] ] } },
{ "type": "Feature", "properties": { "BM": 947, "data": { "Oznaka Gr/Op/Dr": "općina", "Grad/općina/država": "GRADEC", "Rbr BM": 14, "Naziv BM": "STARI GLOG", "Lokacija BM": "DRUŠTVENI DOM STARI GLOG", "Adresa BM": "STARI GLOG", "Glasovalo birača": 32, "Glasovalo birača (po listićima)": 32, "Važeći listići": 31, "Nevažeći listići": 1 }, "latitude": 45.910106, "longitude": 16.5386747, "population": 74 }, "geometry": { "type": "Polygon", "coordinates": [ [ [ 16.528450840552544, 45.923021460180365 ], [ 16.52849817341464, 45.923037033399773 ], [ 16.558229325151611, 45.912147786585123 ], [ 16.558907158499736, 45.901169210185522 ], [ 16.555265531008267, 45.895940897051617 ], [ 16.547491816668011, 45.89277904518822 ], [ 16.528020850932723, 45.900474678908537 ], [ 16.526384879477614, 45.917120456658189 ], [ 16.528450840552544, 45.923021460180365 ] ] ] } },
{ "type": "Feature", "properties": { "BM": 1028, "data": { "Oznaka Gr/Op/Dr": "općina", "Grad/općina/država": "KRIŽ", "Rbr BM": 7, "Naziv BM": "ŠUŠNJARI", "Lokacija BM": "DRUŠTVENI DOM", "Adresa BM": "ŠUŠNJARI 74", "Glasovalo birača": 49, "Glasovalo birača (po listićima)": 49, "Važeći listići": 47, "Nevažeći listići": 2 }, "latitude": 45.6925751, "longitude": 16.5336691, "population": 93 }, "geometry": { "type": "Polygon", "coordinates": [ [ [ 16.521765293875532, 45.706974244094184 ], [ 16.546358123655967, 45.708941738190596 ], [ 16.560246510895571, 45.700141181901458 ], [ 16.535339602378308, 45.682343076626303 ], [ 16.519507073228919, 45.692083143755703 ], [ 16.518925212473462, 45.704548323734095 ], [ 16.521765293875532, 45.706974244094184 ] ] ] } },
{ "type": "Feature", "properties": { "BM": 1036, "data": { "Oznaka Gr/Op/Dr": "općina", "Grad/općina/država": "KRIŽ", "Rbr BM": 15, "Naziv BM": "NOVOSELEC I", "Lokacija BM": "VATROGASNI DOM", "Adresa BM": "NOVOSELEC, MOSLAVAČKA ULICA 115", "Glasovalo birača": 312, "Glasovalo birača (po listićima)": 312, "Važeći listići": 308, "Nevažeći listići": 4 }, "latitude": 45.6485977, "longitude": 16.5383362, "population": 563 }, "geometry": { "type": "Polygon", "coordinates": [ [ [ 16.529369154610468, 45.641713286201146 ], [ 16.539662531190309, 45.660683983931555 ], [ 16.554462505793769, 45.648999783827463 ], [ 16.537281811149139, 45.637099163730511 ], [ 16.529369154610468, 45.641713286201146 ] ] ] } },
{ "type": "Feature", "properties": { "BM": 1037, "data": { "Oznaka Gr/Op/Dr": "općina", "Grad/općina/država": "KRIŽ", "Rbr BM": 16, "Naziv BM": "NOVOSELEC II", "Lokacija BM": "OBJEKT DJEČJEG VRTIĆA U NOVOSELCU", "Adresa BM": "NOVOSELEC, ULICA HRVATSKE MLADEŽI 23 A", "Glasovalo birača": 322, "Glasovalo birača (po listićima)": 322, "Važeći listići": 313, "Nevažeći listići": 9 }, "latitude": 45.6529837, "longitude": 16.5302528, "population": 535 }, "geometry": { "type": "Polygon", "coordinates": [ [ [ 16.534594078282197, 45.666827566856412 ], [ 16.536969409904589, 45.66544632030012 ], [ 16.539662531190309, 45.660683983931555 ], [ 16.529369154610468, 45.641713286201146 ], [ 16.512728637441171, 45.643534809175499 ], [ 16.534594078282197, 45.666827566856412 ] ] ] } },
{ "type": "Feature", "properties": { "BM": 889, "data": { "Oznaka Gr/Op/Dr": "općina", "Grad/općina/država": "DUBRAVA", "Rbr BM": 10, "Naziv BM": "ŽUKOVEC", "Lokacija BM": "DRUŠTVENI DOM", "Adresa BM": "ŽUKOVEC", "Glasovalo birača": 79, "Glasovalo birača (po listićima)": 79, "Važeći listići": 73, "Nevažeći listići": 6 }, "latitude": 45.8690818, "longitude": 16.5323206, "population": 119 }, "geometry": { "type": "Polygon", "coordinates": [ [ [ 16.515083011300494, 45.874766943113571 ], [ 16.540881169773701, 45.87946339422723 ], [ 16.546044749083745, 45.858395697022829 ], [ 16.538959214698128, 45.85405205035768 ], [ 16.536192166012452, 45.853527037393228 ], [ 16.51574351647983, 45.868739775989496 ], [ 16.515083011300494, 45.874766943113571 ] ] ] } },
{ "type": "Feature", "properties": { "BM": 881, "data": { "Oznaka Gr/Op/Dr": "općina", "Grad/općina/država": "DUBRAVA", "Rbr BM": 2, "Naziv BM": "DUBRAVA II", "Lokacija BM": "ZGRADA OPĆINE", "Adresa BM": "UL. BRAĆE RADIĆ 2, DUBRAVA", "Glasovalo birača": 328, "Glasovalo birača (po listićima)": 328, "Važeći listići": 320, "Nevažeći listići": 8 }, "latitude": 45.837037, "longitude": 16.5358913, "population": 563 }, "geometry": { "type": "Polygon", "coordinates": [ [ [ 16.533770407594933, 45.85062866856957 ], [ 16.538946497047469, 45.829897487159755 ], [ 16.533148196822513, 45.827951959883023 ], [ 16.529728324195236, 45.846590877329398 ], [ 16.533770407594933, 45.85062866856957 ] ] ] } },
{ "type": "Feature", "properties": { "BM": 905, "data": { "Oznaka Gr/Op/Dr": "općina", "Grad/općina/država": "DUBRAVA", "Rbr BM": 26, "Naziv BM": "HABJANOVAC", "Lokacija BM": "DRUŠTVENI DOM", "Adresa BM": "HABJANOVAC", "Glasovalo birača": 71, "Glasovalo birača (po listićima)": 71, "Važeći listići": 68, "Nevažeći listići": 3 }, "latitude": 45.8742169, "longitude": 16.5532721, "population": 112 }, "geometry": { "type": "Polygon", "coordinates": [ [ [ 16.547491816668011, 45.89277904518822 ], [ 16.555265531008267, 45.895940897051617 ], [ 16.571867555169472, 45.864406692065373 ], [ 16.557179304845825, 45.857065329505545 ], [ 16.546044749083745, 45.858395697022829 ], [ 16.540881169773701, 45.87946339422723 ], [ 16.547491816668011, 45.89277904518822 ] ] ] } },
{ "type": "Feature", "properties": { "BM": 880, "data": { "Oznaka Gr/Op/Dr": "općina", "Grad/općina/država": "DUBRAVA", "Rbr BM": 1, "Naziv BM": "DUBRAVA I", "Lokacija BM": "KULTURNI CENTAR (DOLAREVO)", "Adresa BM": "UL. SVETE MARGARETE 4, DUBRAVA", "Glasovalo birača": 237, "Glasovalo birača (po listićima)": 237, "Važeći listići": 231, "Nevažeći listići": 6 }, "latitude": 45.8376352, "longitude": 16.5382872, "population": 377 }, "geometry": { "type": "Polygon", "coordinates": [ [ [ 16.536192166012452, 45.853527037393228 ], [ 16.538959214698128, 45.85405205035768 ], [ 16.544264164601202, 45.838125241854293 ], [ 16.539990818826052, 45.830070368285341 ], [ 16.538946497047469, 45.829897487159755 ], [ 16.533770407594933, 45.85062866856957 ], [ 16.536192166012452, 45.853527037393228 ] ] ] } },
{ "type": "Feature", "properties": { "BM": 884, "data": { "Oznaka Gr/Op/Dr": "općina", "Grad/općina/država": "DUBRAVA", "Rbr BM": 5, "Naziv BM": "NOVAKI", "Lokacija BM": "KUĆA HERMAN BOŽENE", "Adresa BM": "NOVAKI 48", "Glasovalo birača": 71, "Glasovalo birača (po listićima)": 71, "Važeći listići": 67, "Nevažeći listići": 4 }, "latitude": 45.8413171, "longitude": 16.5493412, "population": 143 }, "geometry": { "type": "Polygon", "coordinates": [ [ [ 16.538959214698128, 45.85405205035768 ], [ 16.546044749083745, 45.858395697022829 ], [ 16.557179304845825, 45.857065329505545 ], [ 16.55956877189756, 45.837347941278701 ], [ 16.556643956569484, 45.834989839910143 ], [ 16.544264164601202, 45.838125241854293 ], [ 16.538959214698128, 45.85405205035768 ] ] ] } },
{ "type": "Feature", "properties": { "BM": 948, "data": { "Oznaka Gr/Op/Dr": "općina", "Grad/općina/država": "GRADEC", "Rbr BM": 15, "Naziv BM": "REMETINEC", "Lokacija BM": "KUĆA RANKE ŠKRLEC", "Adresa BM": "REMETINEC 10", "Glasovalo birača": 24, "Glasovalo birača (po listićima)": 24, "Važeći listići": 24, "Nevažeći listići": 0 }, "latitude": 45.9263364, "longitude": 16.5446192, "population": 45 }, "geometry": { "type": "Polygon", "coordinates": [ [ [ 16.550094135634097, 45.948677752345809 ], [ 16.555055237727306, 45.949273150044441 ], [ 16.565828515896584, 45.930454542721478 ], [ 16.558229325151611, 45.912147786585123 ], [ 16.52849817341464, 45.923037033399773 ], [ 16.550094135634097, 45.948677752345809 ] ] ] } },
{ "type": "Feature", "properties": { "BM": 888, "data": { "Oznaka Gr/Op/Dr": "općina", "Grad/općina/država": "DUBRAVA", "Rbr BM": 9, "Naziv BM": "BAĐINEC", "Lokacija BM": "DRUŠTVENI DOM", "Adresa BM": "BAĐINEC", "Glasovalo birača": 71, "Glasovalo birača (po listićima)": 71, "Važeći listići": 67, "Nevažeći listići": 4 }, "latitude": 45.817282, "longitude": 16.5595445, "population": 113 }, "geometry": { "type": "Polygon", "coordinates": [ [ [ 16.54886555760741, 45.814972502016722 ], [ 16.551127640057395, 45.823315314756293 ], [ 16.551460443371301, 45.823578129125259 ], [ 16.573734302902427, 45.819393755869172 ], [ 16.575072786346418, 45.816230837565762 ], [ 16.553312743936495, 45.805448124040097 ], [ 16.54886555760741, 45.814972502016722 ] ] ] } },
{ "type": "Feature", "properties": { "BM": 1026, "data": { "Oznaka Gr/Op/Dr": "općina", "Grad/općina/država": "KRIŽ", "Rbr BM": 5, "Naziv BM": "KONŠĆANI", "Lokacija BM": "DRUŠTVENI DOM", "Adresa BM": "KONŠĆANI 9", "Glasovalo birača": 89, "Glasovalo birača (po listićima)": 89, "Važeći listići": 84, "Nevažeći listići": 5 }, "latitude": 45.6647791, "longitude": 16.551111, "population": 139 }, "geometry": { "type": "Polygon", "coordinates": [ [ [ 16.536969409904589, 45.66544632030012 ], [ 16.571091531403422, 45.683309603333115 ], [ 16.567226600755443, 45.660912355308504 ], [ 16.555222053773527, 45.648933210009254 ], [ 16.554462505793769, 45.648999783827463 ], [ 16.539662531190309, 45.660683983931555 ], [ 16.536969409904589, 45.66544632030012 ] ] ] } },
{ "type": "Feature", "properties": { "BM": 883, "data": { "Oznaka Gr/Op/Dr": "općina", "Grad/općina/država": "DUBRAVA", "Rbr BM": 4, "Naziv BM": "ZGALIŠĆE", "Lokacija BM": "DRUŠTVENI DOM", "Adresa BM": "ZGALIŠĆE", "Glasovalo birača": 66, "Glasovalo birača (po listićima)": 66, "Važeći listići": 64, "Nevažeći listići": 2 }, "latitude": 45.8329015, "longitude": 16.5472098, "population": 116 }, "geometry": { "type": "Polygon", "coordinates": [ [ [ 16.544264164601202, 45.838125241854293 ], [ 16.556643956569484, 45.834989839910143 ], [ 16.551460443371301, 45.823578129125259 ], [ 16.551127640057395, 45.823315314756293 ], [ 16.539990818826052, 45.830070368285341 ], [ 16.544264164601202, 45.838125241854293 ] ] ] } },
{ "type": "Feature", "properties": { "BM": 903, "data": { "Oznaka Gr/Op/Dr": "općina", "Grad/općina/država": "DUBRAVA", "Rbr BM": 24, "Naziv BM": "NOVA KAPELA", "Lokacija BM": "DRUŠTVENI DOM", "Adresa BM": "NOVA KAPELA", "Glasovalo birača": 101, "Glasovalo birača (po listićima)": 101, "Važeći listići": 98, "Nevažeći listići": 3 }, "latitude": 45.8852896, "longitude": 16.5743038, "population": 161 }, "geometry": { "type": "Polygon", "coordinates": [ [ [ 16.558907158499736, 45.901169210185522 ], [ 16.586321572261017, 45.897563125844727 ], [ 16.588399657800903, 45.862956187205754 ], [ 16.587653799640119, 45.862226418998709 ], [ 16.571867555169472, 45.864406692065373 ], [ 16.555265531008267, 45.895940897051617 ], [ 16.558907158499736, 45.901169210185522 ] ] ] } },
{ "type": "Feature", "properties": { "BM": 1024, "data": { "Oznaka Gr/Op/Dr": "općina", "Grad/općina/država": "KRIŽ", "Rbr BM": 3, "Naziv BM": "REČICA KRIŠKA", "Lokacija BM": "DRUŠTVENI DOM", "Adresa BM": "REČICA KRIŠKA, KRIŠKA ULICA 19", "Glasovalo birača": 148, "Glasovalo birača (po listićima)": 148, "Važeći listići": 141, "Nevažeći listići": 7 }, "latitude": 45.6591544, "longitude": 16.5837061, "population": 246 }, "geometry": { "type": "Polygon", "coordinates": [ [ [ 16.571573224389574, 45.684342509018435 ], [ 16.597630780378708, 45.672725602455124 ], [ 16.59824079384876, 45.66148897139422 ], [ 16.583026414510385, 45.64700302449662 ], [ 16.567226600755443, 45.660912355308504 ], [ 16.571091531403422, 45.683309603333115 ], [ 16.571573224389574, 45.684342509018435 ] ] ] } },
{ "type": "Feature", "properties": { "BM": 890, "data": { "Oznaka Gr/Op/Dr": "općina", "Grad/općina/država": "DUBRAVA", "Rbr BM": 11, "Naziv BM": "SVINJAREC", "Lokacija BM": "DRUŠTVENI DOM", "Adresa BM": "SVINJAREC", "Glasovalo birača": 28, "Glasovalo birača (po listićima)": 28, "Važeći listići": 28, "Nevažeći listići": 0 }, "latitude": 45.8032386, "longitude": 16.5665034, "population": 36 }, "geometry": { "type": "Polygon", "coordinates": [ [ [ 16.553312743936495, 45.805448124040097 ], [ 16.575072786346418, 45.816230837565762 ], [ 16.586171037911932, 45.807919052386147 ], [ 16.560275685116007, 45.79705127095275 ], [ 16.553186880163626, 45.804790799854352 ], [ 16.553312743936495, 45.805448124040097 ] ] ] } },
{ "type": "Feature", "properties": { "BM": 892, "data": { "Oznaka Gr/Op/Dr": "općina", "Grad/općina/država": "DUBRAVA", "Rbr BM": 13, "Naziv BM": "PODLUŽAN", "Lokacija BM": "DRUŠTVENI DOM", "Adresa BM": "PODLUŽAN", "Glasovalo birača": 54, "Glasovalo birača (po listićima)": 54, "Važeći listići": 52, "Nevažeći listići": 2 }, "latitude": 45.8265112, "longitude": 16.5612783, "population": 116 }, "geometry": { "type": "Polygon", "coordinates": [ [ [ 16.556643956569484, 45.834989839910143 ], [ 16.55956877189756, 45.837347941278701 ], [ 16.572910941411976, 45.831683787734235 ], [ 16.573734302902427, 45.819393755869172 ], [ 16.551460443371301, 45.823578129125259 ], [ 16.556643956569484, 45.834989839910143 ] ] ] } },
{ "type": "Feature", "properties": { "BM": 949, "data": { "Oznaka Gr/Op/Dr": "općina", "Grad/općina/država": "GRADEC", "Rbr BM": 16, "Naziv BM": "HAGANJ", "Lokacija BM": "PODRUČNA ŠKOLA HAGANJ", "Adresa BM": "HAGANJ", "Glasovalo birača": 212, "Glasovalo birača (po listićima)": 212, "Važeći listići": 204, "Nevažeći listići": 8 }, "latitude": 45.912527, "longitude": 16.5778866, "population": 393 }, "geometry": { "type": "Polygon", "coordinates": [ [ [ 16.558229325151611, 45.912147786585123 ], [ 16.565828515896584, 45.930454542721478 ], [ 16.568576813403894, 45.930274823336021 ], [ 16.596446254506439, 45.915611856012994 ], [ 16.595447598159456, 45.905313384997193 ], [ 16.586321572261017, 45.897563125844727 ], [ 16.558907158499736, 45.901169210185522 ], [ 16.558229325151611, 45.912147786585123 ] ] ] } },
{ "type": "Feature", "properties": { "BM": 1025, "data": { "Oznaka Gr/Op/Dr": "općina", "Grad/općina/država": "KRIŽ", "Rbr BM": 4, "Naziv BM": "RAZLJEV", "Lokacija BM": "DRUŠTVENI DOM", "Adresa BM": "RAZLJEV, PEŠČENIĆKA ULICA 2", "Glasovalo birača": 64, "Glasovalo birača (po listićima)": 64, "Važeći listići": 60, "Nevažeći listići": 4 }, "latitude": 45.6447886, "longitude": 16.5710592, "population": 108 }, "geometry": { "type": "Polygon", "coordinates": [ [ [ 16.567226600755443, 45.660912355308504 ], [ 16.583026414510385, 45.64700302449662 ], [ 16.584104629850906, 45.635675897434162 ], [ 16.575149056366122, 45.628958569369424 ], [ 16.564391901427154, 45.629609406429914 ], [ 16.555222053773527, 45.648933210009254 ], [ 16.567226600755443, 45.660912355308504 ] ] ] } },
{ "type": "Feature", "properties": { "BM": 885, "data": { "Oznaka Gr/Op/Dr": "općina", "Grad/općina/država": "DUBRAVA", "Rbr BM": 6, "Naziv BM": "KUNĐEVAC", "Lokacija BM": "KUĆA JOVANKE KIŠUR", "Adresa BM": "KUNĐEVAC 4", "Glasovalo birača": 46, "Glasovalo birača (po listićima)": 46, "Važeći listići": 43, "Nevažeći listići": 3 }, "latitude": 45.8436452, "longitude": 16.5685522, "population": 56 }, "geometry": { "type": "Polygon", "coordinates": [ [ [ 16.557179304845825, 45.857065329505545 ], [ 16.571867555169472, 45.864406692065373 ], [ 16.587653799640119, 45.862226418998709 ], [ 16.589147533941844, 45.849008630455678 ], [ 16.572910941411976, 45.831683787734235 ], [ 16.55956877189756, 45.837347941278701 ], [ 16.557179304845825, 45.857065329505545 ] ] ] } },
{ "type": "Feature", "properties": { "BM": 891, "data": { "Oznaka Gr/Op/Dr": "općina", "Grad/općina/država": "DUBRAVA", "Rbr BM": 12, "Naziv BM": "KOSTANJ", "Lokacija BM": "DRUŠTVENI DOM", "Adresa BM": "KOSTANJ", "Glasovalo birača": 28, "Glasovalo birača (po listićima)": 28, "Važeći listići": 26, "Nevažeći listići": 2 }, "latitude": 45.8281091, "longitude": 16.5851296, "population": 70 }, "geometry": { "type": "Polygon", "coordinates": [ [ [ 16.572910941411976, 45.831683787734235 ], [ 16.589147533941844, 45.849008630455678 ], [ 16.615179352159622, 45.81652498620663 ], [ 16.605939445052069, 45.805458757366779 ], [ 16.600309847347557, 45.800574592487116 ], [ 16.586171037911932, 45.807919052386147 ], [ 16.575072786346418, 45.816230837565762 ], [ 16.573734302902427, 45.819393755869172 ], [ 16.572910941411976, 45.831683787734235 ] ] ] } },
{ "type": "Feature", "properties": { "BM": 893, "data": { "Oznaka Gr/Op/Dr": "općina", "Grad/općina/država": "DUBRAVA", "Rbr BM": 14, "Naziv BM": "GORNJI I DONJI VUKŠINAC", "Lokacija BM": "DRUŠTVENI DOM", "Adresa BM": "DONJI VUKŠINAC", "Glasovalo birača": 62, "Glasovalo birača (po listićima)": 62, "Važeći listići": 61, "Nevažeći listići": 1 }, "latitude": 45.8483767, "longitude": 16.6104204, "population": 131 }, "geometry": { "type": "Polygon", "coordinates": [ [ [ 16.588399657800903, 45.862956187205754 ], [ 16.597517603247454, 45.86549396538399 ], [ 16.62559258108789, 45.851458697051889 ], [ 16.631432621184025, 45.834095319950656 ], [ 16.615705298744619, 45.816715676647036 ], [ 16.615179352159622, 45.81652498620663 ], [ 16.589147533941844, 45.849008630455678 ], [ 16.587653799640119, 45.862226418998709 ], [ 16.588399657800903, 45.862956187205754 ] ] ] } },
{ "type": "Feature", "properties": { "BM": 904, "data": { "Oznaka Gr/Op/Dr": "općina", "Grad/općina/država": "DUBRAVA", "Rbr BM": 25, "Naziv BM": "STARA KAPELA", "Lokacija BM": "DRUŠTVENI DOM", "Adresa BM": "STARA KAPELA", "Glasovalo birača": 69, "Glasovalo birača (po listićima)": 69, "Važeći listići": 64, "Nevažeći listići": 5 }, "latitude": 45.8868159, "longitude": 16.5997217, "population": 122 }, "geometry": { "type": "Polygon", "coordinates": [ [ [ 16.595447598159456, 45.905313384997193 ], [ 16.619137204277582, 45.890006890150246 ], [ 16.618111283041042, 45.884025781415112 ], [ 16.597517603247454, 45.86549396538399 ], [ 16.588399657800903, 45.862956187205754 ], [ 16.586321572261017, 45.897563125844727 ], [ 16.595447598159456, 45.905313384997193 ] ] ] } },
{ "type": "Feature", "properties": { "BM": 926, "data": { "Oznaka Gr/Op/Dr": "općina", "Grad/općina/država": "FARKAŠEVAC", "Rbr BM": 11, "Naziv BM": "ŽABNICA", "Lokacija BM": "DRUŠTVENI DOM", "Adresa BM": "ŽABNICA", "Glasovalo birača": 64, "Glasovalo birača (po listićima)": 64, "Važeći listići": 61, "Nevažeći listići": 3 }, "latitude": 45.9090185, "longitude": 16.6140674, "population": 108 }, "geometry": { "type": "Polygon", "coordinates": [ [ [ 16.596446254506439, 45.915611856012994 ], [ 16.606382273804844, 45.926369620368732 ], [ 16.626815672035999, 45.93099957112404 ], [ 16.630685843581666, 45.917080422216195 ], [ 16.621605802682637, 45.891940159408435 ], [ 16.619137204277582, 45.890006890150246 ], [ 16.595447598159456, 45.905313384997193 ], [ 16.596446254506439, 45.915611856012994 ] ] ] } },
{ "type": "Feature", "properties": { "BM": 927, "data": { "Oznaka Gr/Op/Dr": "općina", "Grad/općina/država": "FARKAŠEVAC", "Rbr BM": 12, "Naziv BM": "IVANČANI", "Lokacija BM": "DRUŠTVENI DOM U IVANČANIMA", "Adresa BM": "IVANČANI", "Glasovalo birača": 52, "Glasovalo birača (po listićima)": 52, "Važeći listići": 48, "Nevažeći listići": 4 }, "latitude": 45.8654448, "longitude": 16.6189531, "population": 105 }, "geometry": { "type": "Polygon", "coordinates": [ [ [ 16.618111283041042, 45.884025781415112 ], [ 16.631593765104189, 45.868448876797075 ], [ 16.62559258108789, 45.851458697051889 ], [ 16.597517603247454, 45.86549396538399 ], [ 16.618111283041042, 45.884025781415112 ] ] ] } },
{ "type": "Feature", "properties": { "BM": 916, "data": { "Oznaka Gr/Op/Dr": "općina", "Grad/općina/država": "FARKAŠEVAC", "Rbr BM": 1, "Naziv BM": "FARKAŠEVAC", "Lokacija BM": "ZGRADA OPĆINE (PRIZEMLJE-VJEŽBAONICA- ULAZ IZ OPĆINSKOG DVORIŠTA))", "Adresa BM": "FARKAŠEVAC 43", "Glasovalo birača": 134, "Glasovalo birača (po listićima)": 134, "Važeći listići": 127, "Nevažeći listići": 7 }, "latitude": 45.8805281, "longitude": 16.6363795, "population": 232 }, "geometry": { "type": "Polygon", "coordinates": [ [ [ 16.619137204277582, 45.890006890150246 ], [ 16.621605802682637, 45.891940159408435 ], [ 16.65391802515397, 45.888766726747257 ], [ 16.656543709600879, 45.886730729198995 ], [ 16.65639262885847, 45.874728565449701 ], [ 16.65429533093954, 45.871661668122329 ], [ 16.631593765104189, 45.868448876797075 ], [ 16.618111283041042, 45.884025781415112 ], [ 16.619137204277582, 45.890006890150246 ] ] ] } },
{ "type": "Feature", "properties": { "BM": 924, "data": { "Oznaka Gr/Op/Dr": "općina", "Grad/općina/država": "FARKAŠEVAC", "Rbr BM": 9, "Naziv BM": "PRAŠĆEVAC", "Lokacija BM": "DRUŠTVENI DOM PRAŠĆEVAC", "Adresa BM": "PRAŠĆEVAC", "Glasovalo birača": 46, "Glasovalo birača (po listićima)": 46, "Važeći listići": 43, "Nevažeći listići": 3 }, "latitude": 45.9187538, "longitude": 16.6490806, "population": 87 }, "geometry": { "type": "Polygon", "coordinates": [ [ [ 16.626815672035999, 45.93099957112404 ], [ 16.63079442118795, 45.937471389776846 ], [ 16.635899322014673, 45.937255236934654 ], [ 16.658785500836832, 45.924299974891241 ], [ 16.659514668045123, 45.918070614536155 ], [ 16.646388480605559, 45.907941650151194 ], [ 16.630685843581666, 45.917080422216195 ], [ 16.626815672035999, 45.93099957112404 ] ] ] } },
{ "type": "Feature", "properties": { "BM": 925, "data": { "Oznaka Gr/Op/Dr": "općina", "Grad/općina/država": "FARKAŠEVAC", "Rbr BM": 10, "Naziv BM": "ZVONIK", "Lokacija BM": "DRUŠTVENI DOM", "Adresa BM": "ZVONIK", "Glasovalo birača": 33, "Glasovalo birača (po listićima)": 33, "Važeći listići": 30, "Nevažeći listići": 3 }, "latitude": 45.90026, "longitude": 16.6383174, "population": 60 }, "geometry": { "type": "Polygon", "coordinates": [ [ [ 16.630685843581666, 45.917080422216195 ], [ 16.646388480605559, 45.907941650151194 ], [ 16.65391802515397, 45.888766726747257 ], [ 16.621605802682637, 45.891940159408435 ], [ 16.630685843581666, 45.917080422216195 ] ] ] } },
{ "type": "Feature", "properties": { "BM": 917, "data": { "Oznaka Gr/Op/Dr": "općina", "Grad/općina/država": "FARKAŠEVAC", "Rbr BM": 2, "Naziv BM": "KABAL", "Lokacija BM": "DRUŠTVENI DOM KABAL", "Adresa BM": "KABAL", "Glasovalo birača": 86, "Glasovalo birača (po listićima)": 86, "Važeći listići": 80, "Nevažeći listići": 6 }, "latitude": 45.858172, "longitude": 16.6395434, "population": 119 }, "geometry": { "type": "Polygon", "coordinates": [ [ [ 16.62559258108789, 45.851458697051889 ], [ 16.631593765104189, 45.868448876797075 ], [ 16.65429533093954, 45.871661668122329 ], [ 16.654306602231291, 45.838396704810179 ], [ 16.631432621184025, 45.834095319950656 ], [ 16.62559258108789, 45.851458697051889 ] ] ] } },
{ "type": "Feature", "properties": { "BM": 923, "data": { "Oznaka Gr/Op/Dr": "općina", "Grad/općina/država": "FARKAŠEVAC", "Rbr BM": 8, "Naziv BM": "MAČKI", "Lokacija BM": "DRUŠTVENI DOM", "Adresa BM": "MAČKI", "Glasovalo birača": 25, "Glasovalo birača (po listićima)": 25, "Važeći listići": 24, "Nevažeći listići": 1 }, "latitude": 45.9078043, "longitude": 16.6575299, "population": 52 }, "geometry": { "type": "Polygon", "coordinates": [ [ [ 16.646388480605559, 45.907941650151194 ], [ 16.659514668045123, 45.918070614536155 ], [ 16.674208579920613, 45.904876526493062 ], [ 16.675675526943014, 45.899825671667422 ], [ 16.656543709600879, 45.886730729198995 ], [ 16.65391802515397, 45.888766726747257 ], [ 16.646388480605559, 45.907941650151194 ] ] ] } },
{ "type": "Feature", "properties": { "BM": 918, "data": { "Oznaka Gr/Op/Dr": "općina", "Grad/općina/država": "FARKAŠEVAC", "Rbr BM": 3, "Naziv BM": "DONJI MARKOVAC", "Lokacija BM": "DRUŠTVENI DOM DONJI MARKOVAC", "Adresa BM": "DONJI MARKOVAC", "Glasovalo birača": 18, "Glasovalo birača (po listićima)": 18, "Važeći listići": 18, "Nevažeći listići": 0 }, "latitude": 45.858182, "longitude": 16.6690564, "population": 35 }, "geometry": { "type": "Polygon", "coordinates": [ [ [ 16.65639262885847, 45.874728565449701 ], [ 16.69463966634796, 45.861613844460756 ], [ 16.695763068324084, 45.846733270803156 ], [ 16.688616944481222, 45.838084177092611 ], [ 16.666708805732235, 45.832327971979055 ], [ 16.654306602231291, 45.838396704810179 ], [ 16.65429533093954, 45.871661668122329 ], [ 16.65639262885847, 45.874728565449701 ] ] ] } },
{ "type": "Feature", "properties": { "BM": 922, "data": { "Oznaka Gr/Op/Dr": "općina", "Grad/općina/država": "FARKAŠEVAC", "Rbr BM": 7, "Naziv BM": "BREZINE", "Lokacija BM": "DRUŠTVENI DOM", "Adresa BM": "BREZINE", "Glasovalo birača": 63, "Glasovalo birača (po listićima)": 63, "Važeći listići": 62, "Nevažeći listići": 1 }, "latitude": 45.921145, "longitude": 16.6695089, "population": 126 }, "geometry": { "type": "Polygon", "coordinates": [ [ [ 16.659514668045123, 45.918070614536155 ], [ 16.658785500836832, 45.924299974891241 ], [ 16.669805038429121, 45.932729936913184 ], [ 16.676817017272992, 45.932120599106646 ], [ 16.680853685530948, 45.928406599840351 ], [ 16.674208579920613, 45.904876526493062 ], [ 16.659514668045123, 45.918070614536155 ] ] ] } },
{ "type": "Feature", "properties": { "BM": 920, "data": { "Oznaka Gr/Op/Dr": "općina", "Grad/općina/država": "FARKAŠEVAC", "Rbr BM": 5, "Naziv BM": "GORNJI BOLČ", "Lokacija BM": "DRUŠTVENI DOM GORNJI BOLČ", "Adresa BM": "GORNJI BOLČ", "Glasovalo birača": 75, "Glasovalo birača (po listićima)": 75, "Važeći listići": 72, "Nevažeći listići": 3 }, "latitude": 45.8800225, "longitude": 16.6765454, "population": 200 }, "geometry": { "type": "Polygon", "coordinates": [ [ [ 16.656543709600879, 45.886730729198995 ], [ 16.675675526943014, 45.899825671667422 ], [ 16.685973242425618, 45.896935047996365 ], [ 16.700138421386743, 45.875054898691189 ], [ 16.69463966634796, 45.861613844460756 ], [ 16.65639262885847, 45.874728565449701 ], [ 16.656543709600879, 45.886730729198995 ] ] ] } },
{ "type": "Feature", "properties": { "BM": 921, "data": { "Oznaka Gr/Op/Dr": "općina", "Grad/općina/država": "FARKAŠEVAC", "Rbr BM": 6, "Naziv BM": "MAJUR", "Lokacija BM": "DRUŠTVENI DOM MAJUR", "Adresa BM": "MAJUR", "Glasovalo birača": 45, "Glasovalo birača (po listićima)": 45, "Važeći listići": 45, "Nevažeći listići": 0 }, "latitude": 45.9162833, "longitude": 16.686724, "population": 76 }, "geometry": { "type": "Polygon", "coordinates": [ [ [ 16.680853685530948, 45.928406599840351 ], [ 16.701765236061327, 45.928038356627674 ], [ 16.703717466507353, 45.915553076445832 ], [ 16.685973242425618, 45.896935047996365 ], [ 16.675675526943014, 45.899825671667422 ], [ 16.674208579920613, 45.904876526493062 ], [ 16.680853685530948, 45.928406599840351 ] ] ] } }
]
}
